0.0,0.0,0.0,0.05147463083267212,0.011784255504608154,-0.015975923835569006,0.09615761041641235,0.02715444564819336,-0.026805009319716078,0.13163340091705322,0.033270061016082764,-0.03627291843228875,0.16143131256103516,0.02061760425567627,-0.04612965658240853,0.06629061698913574,0.02236264944076538,-0.0312562897794777,0.08270895481109619,0.006781518459320068,-0.05738257393174706,0.09211641550064087,-0.01054149866104126,-0.0779329068952137,0.09989410638809204,-0.027037620544433594,-0.09077445939117013,0.03995084762573242,0.016410112380981445,-0.03449899479680596,0.05716145038604736,-0.0037918686866760254,-0.05626765042477189,0.06846868991851807,-0.021523654460906982,-0.07066669091516076,0.07698827981948853,-0.03736066818237305,-0.08286758288674889,0.013290643692016602,0.01346510648727417,-0.039249090104632955,0.020059704780578613,-0.0013290643692016602,-0.06084406524830399,0.028655290603637695,-0.014093875885009766,-0.0682714410119587,0.03818291425704956,-0.026283204555511475,-0.0737001650028759,-0.010719656944274902,0.009717881679534912,-0.045266506820254904,-0.016772150993347168,0.00872802734375,-0.06156227514081536,-0.01421058177947998,0.0007695555686950684,-0.06549127921395836,-0.009631514549255371,-0.006676971912384033,-0.06880324110322533
0.0,0.0,0.0,0.05671960115432739,0.021471261978149414,-0.011986519666237427,0.10499203205108643,0.03471863269805908,-0.02444113836608608,0.1400512456893921,0.04047214984893799,-0.03625929401241024,0.17244082689285278,0.027048170566558838,-0.04911072597823818,0.08240830898284912,-0.011699140071868896,-0.03987484843455036,0.10316085815429688,-0.0033074021339416504,-0.06801951722226818,0.11842787265777588,0.0028673410415649414,-0.08796625629983623,0.13518697023391724,0.005296885967254639,-0.10188704029641826,0.0600658655166626,-0.018371522426605225,-0.04819923312388141,0.08052504062652588,-0.004522144794464111,-0.0764793683680125,0.0978771448135376,0.002423226833343506,-0.0953203369768687,0.115375816822052,0.0043485164642333984,-0.11060947225413997,0.03360670804977417,-0.01805824041366577,-0.05659916297517498,0.047375619411468506,-0.0012731552124023438,-0.08460220740161617,0.06319904327392578,0.008926033973693848,-0.09707523182950695,0.07908099889755249,0.015602469444274902,-0.10603970334850032,0.006485283374786377,-0.011879920959472656,-0.06526480660758693,0.012342214584350586,0.006697177886962891,-0.08760075316749294,0.021548211574554443,0.017913460731506348,-0.09622769103370388,0.030909419059753418,0.025437533855438232,-0.10329990134559353
0.0,0.0,0.0,0.055103600025177,0.021701574325561523,-0.010379348857327386,0.10084527730941772,0.04043304920196533,-0.020090274488552495,0.13520920276641846,0.050968289375305176,-0.029306387504561826,0.1664370894432068,0.042680442333221436,-0.03937041943333952,0.08093863725662231,0.00551915168762207,-0.03210190494917242,0.09860736131668091,0.015946507453918457,-0.055314945032819196,0.11206746101379395,0.019014716148376465,-0.07238533904217093,0.12734901905059814,0.018933475017547607,-0.0845386814083895,0.0596463680267334,0.0007035136222839355,-0.03905976375006048,0.07709997892379761,0.013093948364257812,-0.06041224484704344,0.09262686967849731,0.01687520742416382,-0.07440423031709997,0.10843044519424438,0.016085565090179443,-0.08659361114166586,0.03494906425476074,0.00026422739028930664,-0.04642538910172789,0.04536396265029907,0.014719903469085693,-0.06830010374449103,0.0581439733505249,0.021872878074645996,-0.07692370375059454,0.07183647155761719,0.02476787567138672,-0.08375526030920355,0.008973538875579834,0.0038985013961791992,-0.05437097509764044,0.010332107543945312,0.0224989652633667,-0.07238308896683066,0.017048001289367676,0.029525935649871826,-0.07858127911947577,0.02479994297027588,0.0322800874710083,-0.08398008902929632
0.0,0.0,0.0,0.05360811948776245,0.01768815517425537,-0.01088039107497707,0.09857076406478882,0.033429503440856934,-0.02155389819171205,0.1316143274307251,0.042457401752471924,-0.031870309224984794,0.16277068853378296,0.0336073637008667,-0.043550040534398704,0.08025956153869629,0.001818835735321045,-0.035348270049951225,0.09657615423202515,0.005831539630889893,-0.06090644370641485,0.10474145412445068,0.005007505416870117,-0.07975149523343816,0.11345082521438599,0.0009827017784118652,-0.0927489883812882,0.058559954166412354,-0.002226412296295166,-0.043106537273786216,0.07445281744003296,0.008621931076049805,-0.06520000468816534,0.08579617738723755,0.008798301219940186,-0.08014286678161398,0.09761089086532593,0.004213452339172363,-0.09352158378686681,0.03334265947341919,-0.0035737156867980957,-0.051475141158960014,0.04245096445083618,0.009231150150299072,-0.07434258233632818,0.053387343883514404,0.013266682624816895,-0.08449643473949209,0.06646615266799927,0.013508856296539307,-0.09314254294957891,0.006696045398712158,-0.0042975544929504395,-0.06035692985977903,0.006116926670074463,0.012233436107635498,-0.07958129417028204,0.011480093002319336,0.01840078830718994,-0.08684628825511709,0.018924057483673096,0.021641910076141357,-0.09354699771728292
0.0,0.0,0.0,0.04520756006240845,0.023131728172302246,-0.014299758982254218,0.08533245325088501,0.04293256998062134,-0.030463322338057708,0.11574679613113403,0.05252915620803833,-0.044894245725465964,0.14438283443450928,0.04928696155548096,-0.06029497952420826,0.06907385587692261,0.01650369167327881,-0.05725436778028126,0.09200918674468994,0.02461540699005127,-0.09235405669767971,0.09854531288146973,0.02041703462600708,-0.11565810189802761,0.10217469930648804,0.014362812042236328,-0.13017485038597698,0.047735393047332764,0.011232495307922363,-0.06481241182644482,0.06672102212905884,0.019034385681152344,-0.09590996549685116,0.07773935794830322,0.017357051372528076,-0.11323492721874828,0.08761924505233765,0.014821648597717285,-0.1275284637625944,0.022708594799041748,0.00972670316696167,-0.07198463873226757,0.03404641151428223,0.01795727014541626,-0.10004019485075588,0.043223440647125244,0.021025538444519043,-0.11024957643110866,0.053052425384521484,0.02323836088180542,-0.11869743214209194,-0.003642737865447998,0.011555075645446777,-0.07953858123381252,-0.004766106605529785,0.024058997631072998,-0.10145619259436245,0.00029909610748291016,0.030903398990631104,-0.10841122762520428,0.007198214530944824,0.03687041997909546,-0.11472087846357937
0.0,0.0,0.0,0.05480074882507324,0.005029767751693726,-0.008773400854009239,0.09915781021118164,0.02155470848083496,-0.015624264660912601,0.13149094581604004,0.03138267993927002,-0.022674171659785358,0.15791869163513184,0.024506211280822754,-0.03102266270263776,0.0820455551147461,0.011888206005096436,-0.021955220434504596,0.09982353448867798,0.011467993259429932,-0.04160378727658376,0.11059540510177612,0.00046369433403015137,-0.0582655653689681,0.12114709615707397,-0.009120583534240723,-0.0701456167136012,0.05920988321304321,0.008557677268981934,-0.028340768474775402,0.07880127429962158,0.007247745990753174,-0.043188943002062885,0.09201306104660034,-0.0038469135761260986,-0.055445628646451084,0.10484158992767334,-0.015297651290893555,-0.06723171699388608,0.03407895565032959,0.00431370735168457,-0.0356941692863284,0.048439979553222656,0.006603598594665527,-0.05078598711236104,0.05941671133041382,0.0011040270328521729,-0.058467084947663395,0.06995600461959839,-0.005191832780838013,-0.065903196517068,0.007932782173156738,-0.0024170279502868652,-0.0439801760350047,0.010416924953460693,0.009139835834503174,-0.05629920813782796,0.01627284288406372,0.012638449668884277,-0.06074913445456609,0.021827757358551025,0.014453232288360596,-0.06562552082880124
0.0,0.0,0.0,0.05743783712387085,0.02011662721633911,-0.012285894503619943,0.10555851459503174,0.031961143016815186,-0.023080047009315763,0.1406649947166443,0.038996100425720215,-0.03281002843174008,0.17269688844680786,0.027308225631713867,-0.043023183731165204,0.08130961656570435,-0.018269658088684082,-0.03424239510091809,0.10047459602355957,-0.009601026773452759,-0.05650924870165852,0.11237019300460815,-0.003230482339859009,-0.07254515567215947,0.12585169076919556,2.4437904357910156e-06,-0.08406089970263508,0.05773365497589111,-0.022978246212005615,-0.039509448943462644,0.07465732097625732,-0.008525311946868896,-0.05993300655278233,0.08758193254470825,-0.00011974573135375977,-0.07236055263670949,0.1006435751914978,0.0028055906295776367,-0.08340427258404759,0.032245934009552,-0.01913553476333618,-0.045377924827661786,0.0467413067817688,4.601478576660156e-05,-0.06726774552258519,0.06083536148071289,0.009645938873291016,-0.07548502811583546,0.07546788454055786,0.013599872589111328,-0.08180849233063725,0.0074201226234436035,-0.0076562464237213135,-0.051800761161175046,0.015096068382263184,0.01310586929321289,-0.0695190055051711,0.024224579334259033,0.021768271923065186,-0.07532253095301655,0.03358989953994751,0.02544569969177246,-0.08034224787148503
0.0,0.0,0.0,0.05566859245300293,0.011925876140594482,-0.008953326777128012,0.10069119930267334,0.03260219097137451,-0.015844013937321932,0.13504278659820557,0.04070395231246948,-0.022531886049119265,0.16162246465682983,0.030587375164031982,-0.029920263611284525,0.07739359140396118,0.014860033988952637,-0.02311633194288376,0.09460562467575073,0.019815027713775635,-0.041147297643629344,0.103207528591156,0.013727247714996338,-0.05515215771695736,0.11260759830474854,0.009367227554321289,-0.06555114539763096,0.05370223522186279,0.010270237922668457,-0.028647130750623973,0.06947076320648193,0.01061999797821045,-0.043006247304884226,0.08026593923568726,0.0075470805168151855,-0.052349912398067744,0.09103727340698242,0.0038628578186035156,-0.06194186808964375,0.02850717306137085,0.007992804050445557,-0.03511935698291424,0.03989851474761963,0.01133197546005249,-0.04964834304949406,0.0518113374710083,0.012567639350891113,-0.05402919503351811,0.06445527076721191,0.013190507888793945,-0.05933130758306149,0.003132045269012451,0.007057845592498779,-0.042600827686992915,0.004513740539550781,0.01883918046951294,-0.05381091909906033,0.01116800308227539,0.025852322578430176,-0.05629080387255314,0.01853889226913452,0.032311320304870605,-0.05992139729162815
0.0,0.0,0.0,0.055776357650756836,-0.0009781122207641602,-0.012969701149078361,0.09813624620437622,0.007809698581695557,-0.025124209531160346,0.12953585386276245,0.008483290672302246,-0.03661464952728366,0.15357345342636108,-0.007310688495635986,-0.04887596198222255,0.07868462800979614,0.01667022705078125,-0.036960822128268234,0.09464216232299805,0.010543406009674072,-0.061567288421603195,0.10458803176879883,0.0023950934410095215,-0.08041004516980266,0.11466115713119507,-0.007249027490615845,-0.09375240334174251,0.05209004878997803,0.01718306541442871,-0.04302552022835826,0.06777524948120117,0.004262804985046387,-0.06528982200524425,0.07672989368438721,-0.002846360206604004,-0.08028276690146541,0.08468681573867798,-0.009475350379943848,-0.09414620377919292,0.026285409927368164,0.016308486461639404,-0.04961047001978969,0.034005582332611084,0.006934642791748047,-0.07156025298735713,0.04107719659805298,0.0010080337524414062,-0.08119293727776622,0.04942899942398071,-0.006904006004333496,-0.08964452572962855,0.0007550716400146484,0.013378381729125977,-0.056933679216118804,-0.0029214024543762207,0.020253896713256836,-0.07486017473837947,-0.00023788213729858398,0.018737316131591797,-0.0815306199421606,0.004913985729217529,0.013908565044403076,-0.08802628942629909
0.0,0.0,0.0,0.05334073305130005,-0.006630301475524902,-0.009350657822377428,0.0944674015045166,0.0048694610595703125,-0.018482002788967833,0.12536615133285522,0.009789526462554932,-0.027738857442326292,0.15112674236297607,0.0011556148529052734,-0.038132026219553694,0.08251529932022095,0.020989716053009033,-0.02960818203706239,0.10291451215744019,0.025184154510498047,-0.05245253759045099,0.11851954460144043,0.0121229887008667,-0.07010022866148446,0.13108980655670166,-0.002188444137573242,-0.08233871626276468,0.05892139673233032,0.019156455993652344,-0.036658655280060515,0.07414025068283081,0.017470061779022217,-0.056251521581597075,0.08548057079315186,0.004237651824951172,-0.06870936917681192,0.09622275829315186,-0.00760921835899353,-0.08010837005991434,0.033157527446746826,0.014763295650482178,-0.04445416423100923,0.04260629415512085,0.01475149393081665,-0.06319023239035104,0.05145716667175293,0.007777690887451172,-0.07035682665724252,0.060205936431884766,0.00031369924545288086,-0.07704965340513681,0.0062201619148254395,0.006004452705383301,-0.053007281744665846,0.004731416702270508,0.012413859367370605,-0.06866610365528558,0.009367883205413818,0.011240005493164062,-0.07417936938423608,0.0156480073928833,0.010333478450775146,-0.07942346798796152
0.0,0.0,0.0,0.05399477481842041,-0.00450289249420166,-0.008934089427803826,0.09652096033096313,0.007820665836334229,-0.017537017798041177,0.1281450390815735,0.014851570129394531,-0.026355178540562463,0.15297192335128784,0.004355728626251221,-0.035715983694409204,0.08681446313858032,0.022896409034729004,-0.026649398243044686,0.11513841152191162,0.0251581072807312,-0.04774491254053004,0.13524872064590454,0.013988196849822998,-0.06384249541721232,0.1518803834915161,-0.00013315677642822266,-0.07511681828460581,0.06419354677200317,0.022630691528320312,-0.033251227324818444,0.08392030000686646,0.019074976444244385,-0.05179953340253718,0.09672302007675171,0.0091477632522583,-0.061907907461737466,0.1073298454284668,-0.0010164380073547363,-0.07101051274499781,0.038536787033081055,0.018881618976593018,-0.04083875331840403,0.05243074893951416,0.016310036182403564,-0.0580836883541096,0.06053793430328369,0.00900280475616455,-0.06345159325561411,0.06798994541168213,-0.0007104277610778809,-0.06854747745952494,0.010821282863616943,0.01050788164138794,-0.04933254185876734,0.010971486568450928,0.015540122985839844,-0.06395245853624232,0.016917049884796143,0.015359282493591309,-0.06923287126979716,0.02462095022201538,0.014199137687683105,-0.07404546949825175
0.0,0.0,0.0,0.04967176914215088,0.001433253288269043,-0.009384960503407314,0.09215313196182251,0.01476520299911499,-0.018335345768459632,0.12374097108840942,0.02106618881225586,-0.02676393986595471,0.14801770448684692,0.008295059204101562,-0.03586132601750691,0.08202219009399414,0.011742711067199707,-0.030136527129538848,0.0991162657737732,0.02162712812423706,-0.05084020049227078,0.10870915651321411,0.01729506254196167,-0.06627432034266789,0.1186949610710144,0.01267629861831665,-0.0774468682791074,0.05918610095977783,0.010177016258239746,-0.036398743846543624,0.07253861427307129,0.014106333255767822,-0.05455535427583058,0.08273977041244507,0.008858799934387207,-0.0653558798219045,0.09381914138793945,0.0022109150886535645,-0.07563068495047887,0.03414791822433472,0.008168578147888184,-0.04316227287901242,0.042472898960113525,0.014536082744598389,-0.0608346626247247,0.05195283889770508,0.013517796993255615,-0.06648774222386677,0.0630044937133789,0.01008385419845581,-0.07207616195929845,0.00791466236114502,0.005119383335113525,-0.0506873257542928,0.009399116039276123,0.017327070236206055,-0.0652795560742696,0.015216469764709473,0.01948469877243042,-0.06958888248456319,0.023080408573150635,0.01964259147644043,-0.07395215854895909
0.0,0.0,0.0,0.04646426439285278,0.009017795324325562,-0.0076752053858708535,0.08612126111984253,0.031390875577926636,-0.01682275862488858,0.11705631017684937,0.04159441590309143,-0.025421073223091284,0.1406286358833313,0.027836233377456665,-0.03451807566974274,0.075306236743927,0.021980375051498413,-0.0317863761732351,0.0946657657623291,0.038410454988479614,-0.05314156183097474,0.1067768931388855,0.037928611040115356,-0.0679102368006479,0.116688072681427,0.034609824419021606,-0.07798991867396943,0.05269533395767212,0.02397170662879944,-0.03833897554371468,0.06801718473434448,0.030381232500076294,-0.05600858622286431,0.077542245388031,0.02910551428794861,-0.06387141116950623,0.08542501926422119,0.02573278546333313,-0.07138567932937256,0.026912271976470947,0.027233213186264038,-0.04516358443591706,0.03753781318664551,0.034479886293411255,-0.06123225160930268,0.04589104652404785,0.03422728180885315,-0.06402516135070435,0.05492764711380005,0.030663877725601196,-0.06756619134042374,-0.0008551478385925293,0.030244499444961548,-0.052722291583753744,-0.0011260509490966797,0.043370455503463745,-0.06634869941566102,0.004214465618133545,0.04283139109611511,-0.06953485080096833,0.01126718521118164,0.04071226716041565,-0.07278397449348084
0.0,0.0,0.0,0.05066370964050293,0.008766770362854004,-0.008258134804805195,0.09433412551879883,0.022278130054473877,-0.016691952690621292,0.12611126899719238,0.02930426597595215,-0.02461565074338523,0.1501445770263672,0.015659213066101074,-0.03320998486890403,0.08080488443374634,0.003194570541381836,-0.030006237074871933,0.10025984048843384,0.017377853393554688,-0.0517415010632476,0.10739403963088989,0.020833253860473633,-0.06724529501809684,0.1147226095199585,0.020292699337005615,-0.07765501526012031,0.05806201696395874,0.0007985830307006836,-0.036875279367109215,0.07275539636611938,0.015149593353271484,-0.054228687405725395,0.08188855648040771,0.018627643585205078,-0.06400805500163642,0.09111738204956055,0.017379283905029297,-0.07312095698728172,0.030994296073913574,0.0006583929061889648,-0.04418919396414367,0.041657447814941406,0.017420649528503418,-0.06234833759083358,0.05167591571807861,0.02366471290588379,-0.06702673223628608,0.06245929002761841,0.025402843952178955,-0.07123995360745994,0.002675652503967285,0.0016496777534484863,-0.05196994704022018,0.006600022315979004,0.020448148250579834,-0.06683917132033912,0.013742327690124512,0.028307020664215088,-0.06984741774215308,0.021822690963745117,0.03309357166290283,-0.0727002748550376
0.0,0.0,0.0,0.043986380100250244,0.005906164646148682,-0.008121455466294947,0.08127743005752563,0.02523982524871826,-0.022242328530097666,0.1100999116897583,0.042890071868896484,-0.03521957658782071,0.13702905178070068,0.04166579246520996,-0.048653427889490786,0.07127892971038818,0.014923036098480225,-0.049397547176027956,0.09076964855194092,0.0371091365814209,-0.08103355430617398,0.09601068496704102,0.04167890548706055,-0.10187037699475354,0.09917318820953369,0.03727316856384277,-0.11459885202899045,0.05052947998046875,0.016760408878326416,-0.058682646980429354,0.06526648998260498,0.038655877113342285,-0.08806313239588803,0.07506144046783447,0.041690826416015625,-0.1022630970980174,0.08123224973678589,0.036472439765930176,-0.1133710186983592,0.025219619274139404,0.01965916156768799,-0.06724310331597394,0.03463149070739746,0.0393909215927124,-0.09219561927571363,0.0432814359664917,0.0445292592048645,-0.09848096632018155,0.05121612548828125,0.04303562641143799,-0.10348396413579053,-0.001599431037902832,0.022157788276672363,-0.07588651441588468,-0.0006833672523498535,0.04165995121002197,-0.0950272720362193,0.005698025226593018,0.04897886514663696,-0.09982542358889646,0.013408243656158447,0.053723037242889404,-0.10389692746653623
0.0,0.0,0.0,0.049438655376434326,0.018734276294708252,-0.0122862708422673,0.09181851148605347,0.03536796569824219,-0.025245096408141876,0.1222684383392334,0.04595226049423218,-0.03651620248736265,0.14802014827728271,0.03590047359466553,-0.048116931565417076,0.0739327073097229,-0.006939530372619629,-0.04319976443828466,0.09388315677642822,0.02024155855178833,-0.06979123676599386,0.10359519720077515,0.0326540470123291,-0.08788991893113973,0.11286705732345581,0.03511911630630493,-0.09980279380859258,0.05153930187225342,-0.006951689720153809,-0.0491438078361881,0.06762051582336426,0.02653825283050537,-0.07339519435943487,0.07837998867034912,0.03491473197937012,-0.08541828567565801,0.08745336532592773,0.03341400623321533,-0.09581139112295034,0.026811540126800537,-0.0009874701499938965,-0.05519269580425146,0.038810789585113525,0.03224670886993408,-0.07890925730050924,0.05101114511489868,0.04176253080368042,-0.0847103687602413,0.0628933310508728,0.04288673400878906,-0.08919144595445516,0.0026268959045410156,0.008476018905639648,-0.061673542358292366,0.008641660213470459,0.03493422269821167,-0.08002035493434789,0.017481625080108643,0.045424461364746094,-0.08397444511236074,0.027076244354248047,0.05092138051986694,-0.08749162579358938
0.0,0.0,0.0,0.054038941860198975,0.012019634246826172,-0.00905698888799833,0.09661853313446045,0.028398334980010986,-0.016528957307848202,0.1252182126045227,0.03863435983657837,-0.023407707706603276,0.1445743441581726,0.029649972915649414,-0.030570019752296673,0.07226169109344482,-0.010679066181182861,-0.02196034115603851,0.08760714530944824,0.013715088367462158,-0.03932924267700599,0.09738326072692871,0.027098119258880615,-0.053239346266302334,0.10650932788848877,0.033783555030822754,-0.063052509695801,0.04901057481765747,-0.012413561344146729,-0.026951459020885693,0.06257301568984985,0.019730806350708008,-0.040640455455097424,0.07267951965332031,0.030652165412902832,-0.04984263402274536,0.08326500654220581,0.03296256065368652,-0.0590150065427153,0.02471792697906494,-0.008512258529663086,-0.03275263753584312,0.036374568939208984,0.026645362377166748,-0.04838163477233337,0.04913616180419922,0.036367714405059814,-0.05277516764453338,0.06242138147354126,0.03884243965148926,-0.056973607063802945,0.0014917850494384766,-0.0002937912940979004,-0.03936068040183471,0.007731437683105469,0.02887570858001709,-0.05212326791933464,0.01675713062286377,0.04066455364227295,-0.05407337915948318,0.026545047760009766,0.04621767997741699,-0.056328207970175015
0.0,0.0,0.0,0.04832512140274048,0.010635018348693848,-0.006913814340251179,0.08913964033126831,0.03136926889419556,-0.015937145911621542,0.11878621578216553,0.04671430587768555,-0.024445459358858557,0.14201056957244873,0.04503941535949707,-0.03368641261057803,0.07537609338760376,0.006000161170959473,-0.02949363935785243,0.08995729684829712,0.02779453992843628,-0.04959586087660739,0.09934431314468384,0.039204537868499756,-0.06421725649433085,0.1099887490272522,0.04427391290664673,-0.07460193533496806,0.05286520719528198,0.006447255611419678,-0.03696812141733119,0.06450194120407104,0.0322113037109375,-0.05403731215791652,0.07340395450592041,0.04394763708114624,-0.06300584424333522,0.08219224214553833,0.047742605209350586,-0.07140279013709971,0.028142154216766357,0.01076120138168335,-0.04470286715822169,0.03833216428756714,0.034059107303619385,-0.06232317362027118,0.05099755525588989,0.04561495780944824,-0.06654603231744716,0.06484013795852661,0.050415873527526855,-0.07042705465154597,0.0032640695571899414,0.017941176891326904,-0.052776334919499845,0.00833982229232788,0.03978264331817627,-0.06647846300201365,0.018500447273254395,0.049875736236572266,-0.06908025044994304,0.029870986938476562,0.05694299936294556,-0.07194493163423488
0.0,0.0,0.0,0.04649758338928223,0.012002170085906982,-0.008769951459200342,0.08753669261932373,0.029258430004119873,-0.018014682155282458,0.11710095405578613,0.0411112904548645,-0.026278223540813883,0.14196264743804932,0.03289628028869629,-0.0350654364341807,0.07356059551239014,0.00018787384033203125,-0.032538855146796664,0.09336012601852417,0.022127270698547363,-0.05256226814928766,0.10216128826141357,0.03071683645248413,-0.06635138921085115,0.11082768440246582,0.03326374292373657,-0.07588327459636446,0.05114251375198364,-0.0008667707443237305,-0.03863206289354082,0.06429004669189453,0.024353325366973877,-0.05545634932461496,0.07328379154205322,0.03231072425842285,-0.06290190450492616,0.08202701807022095,0.034256160259246826,-0.0702568121964049,0.025884151458740234,0.0019041895866394043,-0.04500998712721582,0.036170899868011475,0.027539193630218506,-0.0622168683225226,0.048148393630981445,0.037090301513671875,-0.06478150717559572,0.06023597717285156,0.04170787334442139,-0.06761754832807298,0.0003269314765930176,0.008710980415344238,-0.05196532018128153,0.005834996700286865,0.032028257846832275,-0.06605035595241304,0.015360891819000244,0.04330718517303467,-0.06808910302463289,0.025620579719543457,0.051086246967315674,-0.07029492936673876
0.0,0.0,0.0,0.0411604642868042,0.01597309112548828,-0.00940761168715909,0.08022052049636841,0.04195529222488403,-0.021932276089167146,0.10986518859863281,0.060346007347106934,-0.03258665290889695,0.13531458377838135,0.05238395929336548,-0.043349299703216104,0.06515413522720337,0.012297749519348145,-0.04577901226696923,0.08769124746322632,0.03944563865661621,-0.07201254380164102,0.09477472305297852,0.05324840545654297,-0.08843479317841485,0.10045653581619263,0.05598181486129761,-0.09871170682129815,0.044349491596221924,0.014220893383026123,-0.052410666022872476,0.06219440698623657,0.04235529899597168,-0.07578988385615304,0.07058382034301758,0.05535542964935303,-0.08505272132573083,0.07667189836502075,0.05719703435897827,-0.09318461281475976,0.020471513271331787,0.020289123058319092,-0.058591686312531976,0.03098428249359131,0.046144723892211914,-0.07901579899010613,0.039848268032073975,0.058833956718444824,-0.08181595069584802,0.049493610858917236,0.061771512031555176,-0.08494456124720529,-0.004490017890930176,0.028741538524627686,-0.06513463718113854,-0.0006621479988098145,0.053270936012268066,-0.08102706087050393,0.005814194679260254,0.06523209810256958,-0.08335563552794412,0.01417165994644165,0.0720217227935791,-0.0860090107959266
0.0,0.0,0.0,0.0453190803527832,0.018369436264038086,-0.006805157923700733,0.08427304029464722,0.04278826713562012,-0.016814630647751017,0.11184471845626831,0.05989295244216919,-0.025893038307877703,0.13438594341278076,0.05320805311203003,-0.03520870598182313,0.06651830673217773,0.013140559196472168,-0.03530235977992646,0.08463847637176514,0.03737443685531616,-0.058661885728689356,0.09096282720565796,0.05054616928100586,-0.07419459166154496,0.09513068199157715,0.05296146869659424,-0.08362802507505052,0.044464826583862305,0.0134086012840271,-0.04244583116993539,0.06017524003982544,0.039427340030670166,-0.06109358759746186,0.06892085075378418,0.05219477415084839,-0.06919485720023744,0.07510322332382202,0.053948938846588135,-0.07674298824891679,0.02029263973236084,0.017280936241149902,-0.04962079988941781,0.0295560359954834,0.04196208715438843,-0.06732093187198274,0.03923654556274414,0.055015742778778076,-0.07083823921308152,0.049549102783203125,0.059452056884765625,-0.07442034425363175,-0.004405617713928223,0.02225285768508911,-0.05707635002359979,-0.0024276375770568848,0.046079397201538086,-0.07037939520701997,0.003832995891571045,0.05917590856552124,-0.07211847992763154,0.011308133602142334,0.06801789999008179,-0.07449032010659806
0.0,0.0,0.0,0.04809403419494629,0.014903068542480469,-0.007741637178284577,0.09005522727966309,0.030063986778259277,-0.01536693202756112,0.11847203969955444,0.039838969707489014,-0.022425892413181714,0.14201539754867554,0.03251612186431885,-0.029939823434276036,0.07276177406311035,-0.005851686000823975,-0.02545203140429919,0.09099024534225464,0.01303178071975708,-0.04429754300467437,0.10032355785369873,0.021934449672698975,-0.05839605687610572,0.10959571599960327,0.024860382080078125,-0.06821446178905433,0.05222040414810181,-0.006610214710235596,-0.031370010808629445,0.06833958625793457,0.0169106125831604,-0.04739144130103057,0.07833516597747803,0.025669574737548828,-0.057248674914760045,0.08795690536499023,0.028432011604309082,-0.06629754661075538,0.029117107391357422,-0.001998722553253174,-0.037683394387883595,0.04046744108200073,0.022097885608673096,-0.05436942784540122,0.05184757709503174,0.031885504722595215,-0.05939140228979056,0.06383270025253296,0.03583073616027832,-0.06381283013574546,0.005978763103485107,0.006618499755859375,-0.044452265486640385,0.010976552963256836,0.027790844440460205,-0.05743854551069205,0.0190659761428833,0.03838968276977539,-0.060231041744870595,0.02747523784637451,0.045447349548339844,-0.06318161694757407
0.0,0.0,0.0,0.041261374950408936,0.016160964965820312,-0.006986353555021196,0.07883721590042114,0.046135127544403076,-0.018453646925536304,0.10686838626861572,0.0689881443977356,-0.02880347753807655,0.13062429428100586,0.06737804412841797,-0.039217686754909664,0.06836766004562378,0.01936572790145874,-0.04053244228407493,0.08817470073699951,0.05059701204299927,-0.06696526194855323,0.09493130445480347,0.06110137701034546,-0.08461453999325386,0.10130131244659424,0.057701289653778076,-0.09533832455917945,0.0471077561378479,0.020830988883972168,-0.04862701754018417,0.06390607357025146,0.05107218027114868,-0.07147748256966224,0.07328534126281738,0.059288859367370605,-0.08145227516934028,0.08067095279693604,0.054414987564086914,-0.089622470093218,0.02212345600128174,0.026808500289916992,-0.056398863447157055,0.03531700372695923,0.05663198232650757,-0.07605079795166603,0.043464601039886475,0.06643283367156982,-0.07891763235375038,0.053827524185180664,0.06528806686401367,-0.0816946649079,-0.004076659679412842,0.0345379114151001,-0.06443027640625587,0.0009455084800720215,0.06162160634994507,-0.07943101460978141,0.007874667644500732,0.07320553064346313,-0.08138912404820076,0.016788244247436523,0.07993590831756592,-0.08342078561827293
0.0,0.0,0.0,0.04140186309814453,0.015255153179168701,-0.008582602234241676,0.07849955558776855,0.03911256790161133,-0.02344867119347782,0.10846900939941406,0.057474732398986816,-0.03651468546843262,0.13645970821380615,0.05178552865982056,-0.050142821835038376,0.0638086199760437,0.003407299518585205,-0.05271703840946884,0.08563399314880371,0.030547499656677246,-0.0816850932106945,0.09607487916946411,0.04787319898605347,-0.09933837966775627,0.10507029294967651,0.05430704355239868,-0.11040016727304192,0.042565107345581055,0.007604718208312988,-0.06038998903488846,0.0591389536857605,0.035800814628601074,-0.08734855519389839,0.06887894868850708,0.050952792167663574,-0.09756990240668983,0.07628107070922852,0.054473042488098145,-0.10625451521730156,0.018332183361053467,0.01595628261566162,-0.06711007373189659,0.032461702823638916,0.040864527225494385,-0.09219803379630775,0.043419063091278076,0.05511540174484253,-0.0971109987959835,0.05388689041137695,0.058446407318115234,-0.10083030627822609,-0.005745410919189453,0.02791374921798706,-0.07346555309152336,0.002650737762451172,0.051168084144592285,-0.09190181361293526,0.01102602481842041,0.06369340419769287,-0.09559475349044533,0.0193328857421875,0.07011675834655762,-0.09915899948930473
0.0,0.0,0.0,0.04155081510543823,0.014908671379089355,-0.010356522435486681,0.08143311738967896,0.03881490230560303,-0.02310266559028662,0.11129623651504517,0.05658751726150513,-0.034032713892102606,0.13661640882492065,0.050348520278930664,-0.04522092667424715,0.06595903635025024,0.004941463470458984,-0.044803802194238074,0.08506739139556885,0.027668416500091553,-0.07108458158576525,0.09119975566864014,0.04165840148925781,-0.08799868104064501,0.09593677520751953,0.04777497053146362,-0.09883950677716768,0.0440678596496582,0.00746464729309082,-0.051436506482005484,0.060267508029937744,0.031806886196136475,-0.07461839196288622,0.06905144453048706,0.04521077871322632,-0.08435628590190447,0.07537150382995605,0.049659550189971924,-0.09302140799367464,0.019804298877716064,0.015013694763183594,-0.057976611228824027,0.03135198354721069,0.04021334648132324,-0.07914992448890246,0.04224449396133423,0.052882492542266846,-0.08287093815410174,0.05370241403579712,0.05712080001831055,-0.08652084347808398,-0.005068659782409668,0.024899423122406006,-0.06492091742360628,0.0006315708160400391,0.04915136098861694,-0.0814771580418352,0.008627176284790039,0.05973494052886963,-0.08440373864972628,0.018185436725616455,0.06610846519470215,-0.08746010092103518
0.0,0.0,0.0,0.04037618637084961,0.014616668224334717,-0.00813505805787429,0.07745438814163208,0.04236537218093872,-0.021379916069477645,0.10502737760543823,0.06396740674972534,-0.032981243056624976,0.12911617755889893,0.0604701042175293,-0.04485966272410735,0.0631103515625,0.012444794178009033,-0.047388959748118964,0.08123993873596191,0.040842294692993164,-0.0752690919464527,0.08996468782424927,0.0545995831489563,-0.09311692051348075,0.09810894727706909,0.058336853981018066,-0.10424887768682822,0.04201596975326538,0.016107559204101562,-0.05492763228473052,0.05734795331954956,0.04358780384063721,-0.08017669252809867,0.06798750162124634,0.055902838706970215,-0.09114556394276008,0.07694566249847412,0.05823373794555664,-0.10025570176300391,0.01821911334991455,0.02463167905807495,-0.06166512153801307,0.029921770095825195,0.05000793933868408,-0.08449186764416083,0.04068422317504883,0.0634341835975647,-0.08927842609342918,0.05293703079223633,0.06736904382705688,-0.09307993583139762,-0.005992889404296875,0.03636360168457031,-0.06831267110761985,-0.0005455613136291504,0.06067812442779541,-0.08565586440023765,0.0068967342376708984,0.07286196947097778,-0.0889508985703884,0.016217291355133057,0.08061879873275757,-0.09202065698561057
0.0,0.0,0.0,0.051148176193237305,0.014042437076568604,-0.010696513571716082,0.09348630905151367,0.03391343355178833,-0.024545333341635,0.1229783296585083,0.04895824193954468,-0.03722705225733591,0.14890092611312866,0.0461391806602478,-0.051040827290094626,0.07462286949157715,-0.004891395568847656,-0.044110625044382346,0.09264582395553589,0.017627596855163574,-0.07046033720759226,0.10356473922729492,0.03290355205535889,-0.08901767711428477,0.11454731225967407,0.04172414541244507,-0.10205621551064326,0.05227792263031006,-0.004014492034912109,-0.051778457120931876,0.06908643245697021,0.027339935302734375,-0.07593930046347452,0.07996636629104614,0.04242426156997681,-0.08972754608181788,0.09075093269348145,0.04833543300628662,-0.10217175166395975,0.029095172882080078,0.002413153648376465,-0.05930786486057116,0.04238760471343994,0.03140360116958618,-0.08398814778117014,0.05705827474594116,0.04659503698348999,-0.093468802974499,0.07153844833374023,0.05485481023788452,-0.10107249300268961,0.006739914417266846,0.012765109539031982,-0.06692815105704142,0.014290571212768555,0.03658425807952881,-0.08605818729189707,0.024714171886444092,0.049328625202178955,-0.09268316905287577,0.03595179319381714,0.05866199731826782,-0.0989760262825854
0.0,0.0,0.0,0.07506102323532104,0.042929887771606445,-0.06202934933841675,0.12467288970947266,0.11140960454940796,-0.11870022742093056,0.16465431451797485,0.15607315301895142,-0.16242168722689598,0.20687371492385864,0.16726499795913696,-0.20872425911963433,0.08577454090118408,0.06403523683547974,-0.20856411634028404,0.09090602397918701,0.15617066621780396,-0.29642397044241875,0.08976572751998901,0.1926705241203308,-0.34022924182951897,0.08521175384521484,0.19255727529525757,-0.3643473076635644,0.015124082565307617,0.06140083074569702,-0.20606255410254448,0.011156439781188965,0.16341561079025269,-0.2993487405592248,0.016267001628875732,0.20784687995910645,-0.34059285996497124,0.016633719205856323,0.21688586473464966,-0.3691137718969628,-0.045972228050231934,0.06301772594451904,-0.20110183833182305,-0.051886916160583496,0.14186280965805054,-0.2817037689501092,-0.04731869697570801,0.18992894887924194,-0.3210616993719384,-0.04400494694709778,0.20601671934127808,-0.346041111927633,-0.09437292814254761,0.06211352348327637,-0.1966725426727578,-0.11023008823394775,0.12404251098632812,-0.26414921758711785,-0.11989593505859375,0.16742432117462158,-0.3056478786283776,-0.1290174424648285,0.19179987907409668,-0.33767500398695915
0.0,0.0,0.0,0.07477378845214844,0.0426906943321228,-0.04859883351797123,0.12753325700759888,0.09709298610687256,-0.09653244553679485,0.1640852689743042,0.13828182220458984,-0.13447449742430706,0.20364564657211304,0.14815396070480347,-0.1729306989776518,0.08943241834640503,0.03407609462738037,-0.17376681803339977,0.09386754035949707,0.13188886642456055,-0.2505047136413481,0.09208077192306519,0.1707943081855774,-0.2909276002513792,0.08592504262924194,0.17341411113739014,-0.3133665138351347,0.020122498273849487,0.026921868324279785,-0.17510063587302227,0.015881389379501343,0.13329946994781494,-0.2560331636535551,0.01941758394241333,0.17917311191558838,-0.2869893425571348,0.01955530047416687,0.18868470191955566,-0.307952087508383,-0.03938129544258118,0.028922975063323975,-0.1746459418403532,-0.04613196849822998,0.11338120698928833,-0.2448210978376295,-0.045098304748535156,0.16281044483184814,-0.26986290155524273,-0.04236048460006714,0.18005675077438354,-0.28447006283873577,-0.08865821361541748,0.03502309322357178,-0.1748065316545393,-0.106190025806427,0.10204821825027466,-0.23564056693190594,-0.11430463194847107,0.14884096384048462,-0.2667071038352873,-0.12154185771942139,0.17627829313278198,-0.28942413269156475
0.0,0.0,0.0,0.07277941703796387,0.04255938529968262,-0.05074459654683494,0.12190377712249756,0.09561729431152344,-0.10034832698697471,0.1514771580696106,0.1371675729751587,-0.14167023790473365,0.18693411350250244,0.14365822076797485,-0.18467244101161384,0.08165448904037476,0.04052245616912842,-0.16701942277545356,0.08057969808578491,0.1243860125541687,-0.24041112852687263,0.07694005966186523,0.15627974271774292,-0.2792728800832691,0.0718342661857605,0.17074131965637207,-0.3022828657686176,0.014091700315475464,0.0329858660697937,-0.16855698419207954,0.004631936550140381,0.12136673927307129,-0.24401416969890022,0.0048753321170806885,0.16929489374160767,-0.27424591374987983,0.0007411837577819824,0.19133663177490234,-0.2967181165277424,-0.04374954104423523,0.03362172842025757,-0.16907715392703437,-0.056973278522491455,0.10684198141098022,-0.23539743912810707,-0.0575982928276062,0.15654617547988892,-0.2597288746892872,-0.05858680605888367,0.1823839545249939,-0.27527910066241645,-0.09137105941772461,0.03778046369552612,-0.17112116110915565,-0.11170625686645508,0.09723234176635742,-0.22489964557284736,-0.12106266617774963,0.1408519744873047,-0.25264331293696785,-0.13022896647453308,0.17169922590255737,-0.27468353105182075
0.0,0.0,0.0,0.07645463943481445,0.04342198371887207,-0.06454776533314543,0.1303827166557312,0.09515619277954102,-0.1250140548534091,0.16639304161071777,0.1342390775680542,-0.16944997318455535,0.1987178921699524,0.15196168422698975,-0.21325245805451232,0.09579241275787354,0.037909507751464844,-0.22618818588921386,0.09645438194274902,0.12609076499938965,-0.31320371039578276,0.09359407424926758,0.16579210758209229,-0.35178475387760955,0.08780384063720703,0.17597758769989014,-0.37358056314656096,0.02743995189666748,0.032562434673309326,-0.22179748423764067,0.019988149404525757,0.12118774652481079,-0.31807662852475005,0.021479398012161255,0.1757218837738037,-0.3539598465747531,0.020452529191970825,0.20644927024841309,-0.3806704164333041,-0.03314995765686035,0.03609871864318848,-0.21380119331547576,-0.04381027817726135,0.10281634330749512,-0.2987000227756198,-0.040701091289520264,0.15650802850723267,-0.33248062737652617,-0.03701221942901611,0.18808281421661377,-0.35484354503819304,-0.08564221858978271,0.04320085048675537,-0.20603180237480956,-0.10108494758605957,0.09979581832885742,-0.28124307401844817,-0.10820752382278442,0.14538824558258057,-0.32372187383839446,-0.11305320262908936,0.18136751651763916,-0.35594143279263335
0.0,0.0,0.0,0.07656854391098022,0.04031097888946533,-0.059896784582875284,0.1272960901260376,0.09705138206481934,-0.11554065600945762,0.15904837846755981,0.14257383346557617,-0.15917033956363014,0.18804001808166504,0.15270429849624634,-0.20289813981368354,0.08642458915710449,0.04295158386230469,-0.194177220323823,0.08111119270324707,0.13798165321350098,-0.27852209911658576,0.0780295729637146,0.17099881172180176,-0.3215254496128779,0.07166808843612671,0.16947662830352783,-0.3456945668251734,0.01652127504348755,0.03286844491958618,-0.19240003333403877,0.0024990737438201904,0.1363256573677063,-0.286887700417779,0.00925743579864502,0.1768229603767395,-0.3257966290505152,0.010892242193222046,0.18047374486923218,-0.35075267658545783,-0.041705548763275146,0.03242141008377075,-0.18893150494410804,-0.05556115508079529,0.11174893379211426,-0.2682198534996729,-0.05371749401092529,0.15801173448562622,-0.29985436306311897,-0.05287161469459534,0.17325067520141602,-0.31798257932975105,-0.09058266878128052,0.03645509481430054,-0.1866430144102793,-0.1107323169708252,0.10205227136611938,-0.2525949131043177,-0.11902666091918945,0.14905321598052979,-0.28975358114554695,-0.12617239356040955,0.1782609224319458,-0.31733756766631416
0.0,0.0,0.0,0.07321590185165405,0.03526771068572998,-0.05340690990833252,0.1282997727394104,0.08119529485702515,-0.10314567467121094,0.16470688581466675,0.11629337072372437,-0.14186424842027634,0.18918198347091675,0.1209559440612793,-0.1802542143121144,0.0940811038017273,0.017191052436828613,-0.174961649681606,0.09510165452957153,0.10906249284744263,-0.25133296182302445,0.09114629030227661,0.1504518985748291,-0.2915098898663899,0.08206057548522949,0.15650677680969238,-0.3146032922521016,0.024622440338134766,0.00904470682144165,-0.1745440446391484,0.01563858985900879,0.10799306631088257,-0.25869476130155533,0.01718774437904358,0.15270733833312988,-0.290877097155132,0.016041994094848633,0.1646939516067505,-0.3116517596497914,-0.0347076952457428,0.010648548603057861,-0.17268132498411148,-0.045314669609069824,0.08766442537307739,-0.24463606705812424,-0.04695528745651245,0.13001340627670288,-0.2677455179944417,-0.0462380051612854,0.14643526077270508,-0.2801283531442067,-0.08632239699363708,0.01835465431213379,-0.17212475171236008,-0.10128110647201538,0.08026880025863647,-0.23436520328668564,-0.11106044054031372,0.12365317344665527,-0.26487215688375443,-0.12114906311035156,0.15193551778793335,-0.28650572230962723
0.0,0.0,0.0,0.07526609301567078,0.042253851890563965,-0.046797719138680804,0.1364033818244934,0.09159195423126221,-0.09022978349310051,0.17539483308792114,0.12840217351913452,-0.1254192481814016,0.19355988502502441,0.13047665357589722,-0.15853886707407128,0.1022680401802063,0.028878986835479736,-0.1399829129753698,0.10240787267684937,0.11549103260040283,-0.20179485185724388,0.09917974472045898,0.15704816579818726,-0.233778436022817,0.09250712394714355,0.17109078168869019,-0.25139932735544335,0.03477168083190918,0.022784709930419922,-0.14043674274068962,0.030244499444961548,0.10513556003570557,-0.20237963302713524,0.03160390257835388,0.15839225053787231,-0.22074562712293755,0.031648874282836914,0.1831393837928772,-0.23379327757936608,-0.026319056749343872,0.027905941009521484,-0.14059679611307274,-0.03550612926483154,0.09510934352874756,-0.198403258162557,-0.036576658487319946,0.14607012271881104,-0.20922346814256798,-0.03244173526763916,0.17171025276184082,-0.21351556881052147,-0.07634216547012329,0.04167109727859497,-0.1427614728985418,-0.09308081865310669,0.10386955738067627,-0.18873393936735283,-0.09884512424468994,0.14764320850372314,-0.20267387135606896,-0.10229828953742981,0.17951440811157227,-0.2115262637911428
0.0,0.0,0.0,0.07124999165534973,0.03723740577697754,-0.046606968781432556,0.11959254741668701,0.08315426111221313,-0.09061051501937811,0.15085244178771973,0.11992120742797852,-0.1249319125623316,0.17770540714263916,0.1324440836906433,-0.15932515605398123,0.08627641201019287,0.01972353458404541,-0.16084887429185812,0.08491718769073486,0.1052204966545105,-0.23013629361101096,0.08140265941619873,0.14552843570709229,-0.26563305004545157,0.07433241605758667,0.15861445665359497,-0.2860376273007006,0.018733233213424683,0.011817693710327148,-0.16183893724389975,0.007896840572357178,0.10349476337432861,-0.23536590083547537,0.006915360689163208,0.15183836221694946,-0.2617327307076067,0.005394846200942993,0.1764959692955017,-0.28019824965902274,-0.04003545641899109,0.014738261699676514,-0.16133346005388205,-0.05305272340774536,0.08544015884399414,-0.22768609567590659,-0.056419968605041504,0.13092821836471558,-0.24840085550256674,-0.05571696162223816,0.157429039478302,-0.2601712678284258,-0.08996784687042236,0.022707343101501465,-0.16171172603078787,-0.10893520712852478,0.08156859874725342,-0.22032523497053091,-0.11872518062591553,0.12450706958770752,-0.24800828441091483,-0.12775206565856934,0.15719175338745117,-0.2678997848839373
0.0,0.0,0.0,0.070599764585495,0.04002785682678223,-0.056478092646898403,0.11621096730232239,0.09463131427764893,-0.10795290601879515,0.14546307921409607,0.13693028688430786,-0.1486755890908853,0.17857220768928528,0.1515408754348755,-0.1900172067943231,0.08033308386802673,0.03787124156951904,-0.17865192723900236,0.07875338196754456,0.12392771244049072,-0.25687962604195036,0.0738210380077362,0.15930461883544922,-0.2979679985108987,0.0659588873386383,0.169838547706604,-0.32179733944565214,0.01422014832496643,0.027568936347961426,-0.177944613820614,0.0031258463859558105,0.12263143062591553,-0.2625583989682809,0.005587071180343628,0.16746485233306885,-0.2978181524339334,0.004454314708709717,0.18723589181900024,-0.3218599541249887,-0.04227408766746521,0.02820885181427002,-0.176038457280697,-0.0549258291721344,0.10194575786590576,-0.24928253722816862,-0.055220335721969604,0.15043818950653076,-0.27749964428574003,-0.05582645535469055,0.17742645740509033,-0.2942836864057199,-0.09041637182235718,0.03293633460998535,-0.17563317549854673,-0.10867050290107727,0.09541642665863037,-0.23621506822735228,-0.11828681826591492,0.14107877016067505,-0.26820477677017607,-0.12847641110420227,0.17392736673355103,-0.2924005372586862
0.0,0.0,0.0,0.07368335127830505,0.041154325008392334,-0.03875467166787416,0.12962058186531067,0.09439307451248169,-0.0750634743321541,0.16896602511405945,0.13784360885620117,-0.10305964187270433,0.20011338591575623,0.14844751358032227,-0.12995937452203066,0.10073903203010559,0.04108583927154541,-0.138711258624852,0.10411664843559265,0.13431847095489502,-0.20233927652722627,0.10313078761100769,0.17744481563568115,-0.2332545219410065,0.09584835171699524,0.1780518889427185,-0.24893031999951631,0.03531748056411743,0.03801459074020386,-0.14127698526269228,0.033779293298721313,0.13971680402755737,-0.21136410519963533,0.036748915910720825,0.18801045417785645,-0.23550419494992525,0.03699466586112976,0.19421285390853882,-0.249086111639798,-0.02440914511680603,0.041434288024902344,-0.14284406587964327,-0.03034195303916931,0.12250107526779175,-0.2061239032495621,-0.027960151433944702,0.16532856225967407,-0.2263143955219391,-0.021693527698516846,0.1790233850479126,-0.23509828731900484,-0.0768815279006958,0.049181461334228516,-0.14471662030106813,-0.08962759375572205,0.11503124237060547,-0.20138366505986482,-0.0946071445941925,0.1624208688735962,-0.22936144456750185,-0.10064652562141418,0.1938868761062622,-0.24711339161282808
0.0,0.0,0.0,0.0780758261680603,0.04478144645690918,-0.04282145809796134,0.1372804045677185,0.10965800285339355,-0.08300495010283271,0.1760006546974182,0.15660738945007324,-0.1145768524375228,0.2128896713256836,0.16309762001037598,-0.14512621473934928,0.10579901933670044,0.04839301109313965,-0.14385182273056785,0.11572819948196411,0.13835901021957397,-0.2098076851334838,0.11817723512649536,0.18217360973358154,-0.2442511380877761,0.11582332849502563,0.19765299558639526,-0.26337904345658103,0.041974663734436035,0.047923505306243896,-0.1465733112063674,0.0456061065196991,0.13878023624420166,-0.2128919274773864,0.05326813459396362,0.19420307874679565,-0.2373631359305648,0.058189332485198975,0.2228684425354004,-0.2549180151191024,-0.01817762851715088,0.05366873741149902,-0.1485511721339492,-0.022799789905548096,0.12612295150756836,-0.21023648094799796,-0.01635533571243286,0.1770535707473755,-0.2300839633908538,-0.005863457918167114,0.2085477113723755,-0.24142321061756888,-0.07040467858314514,0.06300830841064453,-0.15140642833378593,-0.08433270454406738,0.12848299741744995,-0.2022054107156066,-0.08596140146255493,0.17584168910980225,-0.2247755886283187,-0.08676356077194214,0.21535027027130127,-0.24092321705487052
0.0,0.0,0.0,0.07438293099403381,0.03800320625305176,-0.0417112500406418,0.12551113963127136,0.09363216161727905,-0.08341628471385576,0.15716096758842468,0.13688939809799194,-0.11787445256482698,0.19096806645393372,0.15068137645721436,-0.1524147407151375,0.08860352635383606,0.04708755016326904,-0.14866918483745195,0.09353122115135193,0.13588404655456543,-0.21656933585177995,0.0932435691356659,0.16900134086608887,-0.24990923861037828,0.09034541249275208,0.17043548822402954,-0.2673705832101021,0.02541258931159973,0.044056475162506104,-0.15209837416183092,0.025597333908081055,0.13244134187698364,-0.2242654428816948,0.03355470299720764,0.17935925722122192,-0.2528310731984291,0.03793323040008545,0.19431352615356445,-0.27197840968143083,-0.031052470207214355,0.04721313714981079,-0.15432942071925737,-0.03701126575469971,0.11409980058670044,-0.21932991007339098,-0.031012028455734253,0.16202592849731445,-0.24376076618205644,-0.023724853992462158,0.1875441074371338,-0.25718143740665056,-0.07997989654541016,0.05150836706161499,-0.15705298045646288,-0.09587898850440979,0.11564522981643677,-0.21094493726264574,-0.09897381067276001,0.1609402298927307,-0.23825831869613268,-0.1004820168018341,0.19305837154388428,-0.258002908620945
0.0,0.0,0.0,0.07057252526283264,0.04194009304046631,-0.033241306992216835,0.1218515932559967,0.11117672920227051,-0.06955278068964077,0.15555301308631897,0.16517102718353271,-0.09954767823402477,0.19188782572746277,0.18488430976867676,-0.13108067363683773,0.08555790781974792,0.07697635889053345,-0.13597004264776302,0.09202829003334045,0.171677827835083,-0.19684551805440975,0.08965948224067688,0.2133912444114685,-0.2265290930885513,0.08227691054344177,0.22708570957183838,-0.24219875186864925,0.023990631103515625,0.07577210664749146,-0.1410352900642593,0.02470386028289795,0.18015837669372559,-0.20028282851163937,0.02621212601661682,0.2345752716064453,-0.222225861253186,0.021562844514846802,0.25692451000213623,-0.23847273141328884,-0.0307140052318573,0.07802528142929077,-0.1447441443819244,-0.03275689482688904,0.16799360513687134,-0.19794850200597836,-0.033512502908706665,0.2201594114303589,-0.22028294354860378,-0.036998242139816284,0.244753897190094,-0.23440678566877438,-0.07544735074043274,0.08273643255233765,-0.14839884787981106,-0.08575668931007385,0.15636467933654785,-0.1936379238981445,-0.09200438857078552,0.2028934359550476,-0.2193434104341705,-0.10086843371391296,0.2349737286567688,-0.23908758312646938
0.0,0.0,0.0,0.0648311972618103,0.04374122619628906,-0.04424197358717663,0.10683846473693848,0.08578944206237793,-0.08953487259974224,0.1379636526107788,0.1226910948753357,-0.1272442577563737,0.17202496528625488,0.13663631677627563,-0.16658503694166882,0.07228308916091919,0.030016541481018066,-0.15126183015932781,0.06978017091751099,0.11519277095794678,-0.21769956631293041,0.06148260831832886,0.14895087480545044,-0.252707579561374,0.05107644200325012,0.1629987359046936,-0.27264542264570935,0.008649319410324097,0.019807398319244385,-0.15331127626528485,-0.003614485263824463,0.12154841423034668,-0.22103113813032849,-0.004726022481918335,0.16975247859954834,-0.24804987890352947,-0.008027195930480957,0.1893821358680725,-0.26755599064459545,-0.04510572552680969,0.022004544734954834,-0.15405515713324291,-0.05740785598754883,0.10660427808761597,-0.213971623607776,-0.05858466029167175,0.15732884407043457,-0.23736851794352276,-0.0597357451915741,0.17992061376571655,-0.2517565278493379,-0.0877436101436615,0.030120432376861572,-0.15572119636168225,-0.10826528072357178,0.09277480840682983,-0.20543333274950726,-0.11944934725761414,0.13772183656692505,-0.23178213221659405,-0.13056421279907227,0.16710257530212402,-0.2523028640233491
0.0,0.0,0.0,0.06413275003433228,0.03801298141479492,-0.040295384193896666,0.10772597789764404,0.08604609966278076,-0.07911489095830859,0.1329250931739807,0.12636631727218628,-0.11062128033780994,0.16549265384674072,0.1420186161994934,-0.14427117195272388,0.06758314371109009,0.03946280479431152,-0.1444857337727541,0.0648108422756195,0.12667804956436157,-0.2046866932168001,0.05755838751792908,0.15550273656845093,-0.23316360201978625,0.04872709512710571,0.16514921188354492,-0.24816437747621478,0.0031508207321166992,0.03166484832763672,-0.14380795445585193,-0.010383158922195435,0.13838821649551392,-0.20275091316842975,-0.012854218482971191,0.1827540397644043,-0.22327948298597278,-0.015538424253463745,0.19917941093444824,-0.2386343994393343,-0.049742162227630615,0.03145843744277954,-0.14144184377336444,-0.0648786723613739,0.11925673484802246,-0.19562473085069598,-0.06683555245399475,0.16192972660064697,-0.21713507857465686,-0.06674015522003174,0.17866134643554688,-0.22996214714193286,-0.09171244502067566,0.03439664840698242,-0.13925342943811359,-0.11585772037506104,0.1006966233253479,-0.184570527936458,-0.1286015510559082,0.14605927467346191,-0.2103017189755434,-0.13752305507659912,0.17630314826965332,-0.23047301855230273
0.0,0.0,0.0,0.06703725457191467,0.03566962480545044,-0.04320736721108176,0.1128513514995575,0.07714158296585083,-0.08461171880314566,0.14259782433509827,0.11367446184158325,-0.1187484388048432,0.1769096553325653,0.1317654252052307,-0.15427202478001334,0.07758048176765442,0.018541276454925537,-0.14362837865898825,0.07861146330833435,0.09839791059494019,-0.20614968731949546,0.06747141480445862,0.13858604431152344,-0.23990770176003196,0.05301642417907715,0.16180956363677979,-0.2600392748410485,0.012603670358657837,0.009410858154296875,-0.1460575957591317,0.006043672561645508,0.10805904865264893,-0.21048006907055594,0.0009392797946929932,0.15951818227767944,-0.2369551707799218,-0.005949735641479492,0.1866794228553772,-0.256891315131881,-0.04211428761482239,0.011565804481506348,-0.1473131377990029,-0.050316303968429565,0.09183984994888306,-0.2060357381398461,-0.056324303150177,0.1419653296470642,-0.22851348414967276,-0.06108245253562927,0.17015814781188965,-0.2426141996676705,-0.08804351091384888,0.0171966552734375,-0.14951123788902976,-0.10802289843559265,0.08206266164779663,-0.1977877815062783,-0.12063583731651306,0.12740302085876465,-0.221998115330436,-0.13188770413398743,0.1597055196762085,-0.2413959254319451
0.0,0.0,0.0,0.06864058971405029,0.0441361665725708,-0.03864365680089321,0.11721253395080566,0.0936269760131836,-0.08155689625015583,0.15129882097244263,0.1319635510444641,-0.11709206787815418,0.1873154640197754,0.14784908294677734,-0.15371252087822285,0.08236372470855713,0.036374688148498535,-0.1534830429958376,0.08316570520401001,0.13297134637832642,-0.22053509442081776,0.075503408908844,0.1746503710746765,-0.2543066093133959,0.06569617986679077,0.18973702192306519,-0.27309846369495716,0.016736626625061035,0.026326000690460205,-0.1587480553792986,0.012364178895950317,0.14086079597473145,-0.2285424420045885,0.012415260076522827,0.19273382425308228,-0.2526458152936968,0.010241419076919556,0.2094213366508484,-0.26905253020992603,-0.038676440715789795,0.026199817657470703,-0.162266755978969,-0.044344037771224976,0.12334978580474854,-0.22304243830910053,-0.04514646530151367,0.17842483520507812,-0.24329533664455738,-0.044263988733291626,0.20405614376068115,-0.25528805939426746,-0.08447873592376709,0.031137526035308838,-0.16611042110195484,-0.10461646318435669,0.10269099473953247,-0.21884475139847126,-0.11462289094924927,0.15378981828689575,-0.24533254889717426,-0.12258368730545044,0.18796175718307495,-0.26514741269817677
0.0,0.0,0.0,0.06931877136230469,0.04489046335220337,-0.04344188785300673,0.11758649349212646,0.08918428421020508,-0.08871707311020316,0.14966994524002075,0.12593835592269897,-0.12574951341495932,0.18153727054595947,0.14401870965957642,-0.16351614883289756,0.08308500051498413,0.02834838628768921,-0.15996494880066336,0.08417338132858276,0.11475515365600586,-0.22796621909485282,0.07657778263092041,0.15230101346969604,-0.2620570211683315,0.06734788417816162,0.17009663581848145,-0.2819041161809963,0.017620444297790527,0.016560792922973633,-0.16326580932484092,0.011399000883102417,0.11939495801925659,-0.23595672836647452,0.011035919189453125,0.16872888803482056,-0.26328347614155234,0.008742153644561768,0.1900959610939026,-0.2829747050081295,-0.03756985068321228,0.019146859645843506,-0.16470581283913077,-0.04560279846191406,0.10644006729125977,-0.2289324252878231,-0.04758217930793762,0.1592758297920227,-0.25250445297108115,-0.04777956008911133,0.1834801435470581,-0.2670171110902828,-0.08286264538764954,0.02811354398727417,-0.16668821862087668,-0.10307791829109192,0.09468328952789307,-0.2217331676755947,-0.11337298154830933,0.14293843507766724,-0.25081239631519736,-0.12167710065841675,0.17461180686950684,-0.27317599943027915
0.0,0.0,0.0,0.06837722659111023,0.04553025960922241,-0.03810141652311927,0.11873605847358704,0.09658032655715942,-0.08072006746616012,0.15385857224464417,0.13934803009033203,-0.11607486798848754,0.18752047419548035,0.16176772117614746,-0.15271466269578582,0.0811566412448883,0.047129690647125244,-0.15099445774640685,0.08485648036003113,0.1418253779411316,-0.21599198176946288,0.07963213324546814,0.18124788999557495,-0.24818707301702148,0.07217714190483093,0.19416594505310059,-0.2655434985407794,0.01779976487159729,0.038352251052856445,-0.15565901293840056,0.014772385358810425,0.15212386846542358,-0.2225490738400424,0.017355352640151978,0.20344150066375732,-0.2467163284071887,0.017967939376831055,0.21695607900619507,-0.26333741142835265,-0.036545246839523315,0.03898179531097412,-0.15834508135404235,-0.04244494438171387,0.1371435523033142,-0.21729511811818725,-0.04199063777923584,0.19210726022720337,-0.23933970227326995,-0.039539068937301636,0.2121679186820984,-0.2524328310736621,-0.08078375458717346,0.043899595737457275,-0.16098263158883697,-0.0977531373500824,0.11731851100921631,-0.21158329441632873,-0.10761594772338867,0.16527068614959717,-0.23758318319406158,-0.11551463603973389,0.1929556131362915,-0.25693864419545775
0.0,0.0,0.0,0.06894910335540771,0.04094117879867554,-0.05019088772957758,0.11529630422592163,0.08738315105438232,-0.10351430935686068,0.14493846893310547,0.13304179906845093,-0.1466346190673633,0.17870688438415527,0.15619909763336182,-0.19167038364236788,0.07889193296432495,0.045606017112731934,-0.18799720270460085,0.0802159309387207,0.13264447450637817,-0.2684235082370563,0.07335764169692993,0.169436514377594,-0.30870838029211,0.0651361346244812,0.1832912564277649,-0.3315290020210071,0.011648386716842651,0.036821603775024414,-0.18976580662553744,0.004904955625534058,0.14339792728424072,-0.27371431453054385,0.005157500505447388,0.18864667415618896,-0.30467728836362795,0.0030774474143981934,0.20440655946731567,-0.3263509379131122,-0.04505717754364014,0.03806710243225098,-0.18927602035825686,-0.05298018455505371,0.12788784503936768,-0.2641016052467151,-0.051204293966293335,0.17662978172302246,-0.29324890239065127,-0.049220144748687744,0.1962449550628662,-0.3107935593826099,-0.09050822257995605,0.0439528226852417,-0.18877416415040926,-0.10937073826789856,0.10892379283905029,-0.253733615706615,-0.11857792735099792,0.15797460079193115,-0.29024533493345217,-0.12591230869293213,0.19190514087677002,-0.3175412522060199
0.0,0.0,0.0,0.069539874792099,0.04178738594055176,-0.04357541886834326,0.1200346052646637,0.0961465835571289,-0.09154795272020522,0.1541447937488556,0.13907867670059204,-0.13044742656616393,0.18906840682029724,0.1590222716331482,-0.1709190995779437,0.08627286553382874,0.05079692602157593,-0.1738514543857974,0.09213653206825256,0.14112019538879395,-0.24670187545684996,0.08749797940254211,0.181460440158844,-0.28224403572944823,0.07957330346107483,0.1934967041015625,-0.3017734677877826,0.021489500999450684,0.04418569803237915,-0.17794960153965178,0.018914222717285156,0.15607726573944092,-0.25489119602112,0.02343890070915222,0.20879876613616943,-0.28383452607063475,0.024359136819839478,0.2230105996131897,-0.30398384643463316,-0.03462153673171997,0.04594665765762329,-0.1793850900020999,-0.03970777988433838,0.13935530185699463,-0.24646795702842894,-0.03653007745742798,0.19341903924942017,-0.2729775996294421,-0.033451586961746216,0.21327179670333862,-0.28929839445022765,-0.07992833852767944,0.05063474178314209,-0.18068904591468993,-0.0951898992061615,0.12282466888427734,-0.2386163116779727,-0.1031365692615509,0.17298948764801025,-0.27033461047081175,-0.11073097586631775,0.20302081108093262,-0.29417679620651427
0.0,0.0,0.0,0.07090187072753906,0.03955090045928955,-0.03772157737535764,0.12108033895492554,0.0931999683380127,-0.07799104535502721,0.15402579307556152,0.13792937994003296,-0.11197572135848333,0.18845558166503906,0.15841054916381836,-0.14742625439090062,0.0837477445602417,0.0508958101272583,-0.14076398992461492,0.09149104356765747,0.1375495195388794,-0.20312834465426732,0.08808046579360962,0.1759936809539795,-0.23448746585768987,0.07923734188079834,0.19253754615783691,-0.25204945290011693,0.021441519260406494,0.04583251476287842,-0.14585020327491094,0.021262794733047485,0.14613062143325806,-0.20806073331755925,0.023658275604248047,0.19798612594604492,-0.2317769297353678,0.02124112844467163,0.2204279899597168,-0.24965179645938207,-0.0332455039024353,0.04807233810424805,-0.14970100605410863,-0.03900635242462158,0.13305604457855225,-0.2067469128362589,-0.037413209676742554,0.18426376581192017,-0.22864965283793737,-0.0365070104598999,0.20928704738616943,-0.24234727704448034,-0.07905340194702148,0.0530475378036499,-0.1539575674526148,-0.09416264295578003,0.12031352519989014,-0.20226240837497045,-0.10182839632034302,0.16713780164718628,-0.2274358638517313,-0.10998868942260742,0.19978249073028564,-0.24683182620925237
0.0,0.0,0.0,0.07225081324577332,0.03565502166748047,-0.04126525484463606,0.12231507897377014,0.09189164638519287,-0.08450697176596556,0.1551896631717682,0.13724768161773682,-0.12000248395344648,0.1859320104122162,0.15675342082977295,-0.1565128248228732,0.08543959259986877,0.05394542217254639,-0.15345874242922697,0.09073206782341003,0.13499128818511963,-0.22134582512518797,0.09298750758171082,0.1719183325767517,-0.25418636016985807,0.09299221634864807,0.1839187741279602,-0.27163907699725065,0.0223199725151062,0.050992488861083984,-0.1568734925284091,0.020164072513580322,0.14208006858825684,-0.2254379969134036,0.028408825397491455,0.1910530924797058,-0.2498535048260394,0.03327381610870361,0.21118605136871338,-0.26720267348429594,-0.03335165977478027,0.05295205116271973,-0.15895587020060453,-0.040461450815200806,0.12703382968902588,-0.22112546675345335,-0.03479814529418945,0.17587566375732422,-0.24314851873061094,-0.02945917844772339,0.20174264907836914,-0.25613614730975065,-0.08019158244132996,0.05653023719787598,-0.1614055912985507,-0.09598395228385925,0.12021744251251221,-0.2144359480633441,-0.10062921047210693,0.16671788692474365,-0.2418271880640689,-0.10454133152961731,0.20050048828125,-0.26221522503039274
0.0,0.0,0.0,0.07144021987915039,0.045705199241638184,-0.045809128486411055,0.11454474925994873,0.11993354558944702,-0.09118587633301445,0.14353454113006592,0.17598646879196167,-0.12668027838398643,0.1728232502937317,0.19595694541931152,-0.16416723390747734,0.0794091522693634,0.08152812719345093,-0.16689216455151268,0.07381933927536011,0.1761128306388855,-0.23702675958801933,0.06402069330215454,0.22534596920013428,-0.27195160945584007,0.05230775475502014,0.2522820234298706,-0.2917332287662191,0.008986890316009521,0.07607990503311157,-0.16660115977455803,-0.004185467958450317,0.18698227405548096,-0.23465933760334678,-0.007752418518066406,0.24588561058044434,-0.25786518415142723,-0.014587938785552979,0.2759612798690796,-0.2749896880023641,-0.05121460556983948,0.07465136051177979,-0.1644713219039602,-0.06775259971618652,0.17711997032165527,-0.22401660045315452,-0.07110461592674255,0.22815370559692383,-0.24314431210686394,-0.0746849775314331,0.2542262077331543,-0.254298144184844,-0.09754958748817444,0.07863789796829224,-0.16295129915405937,-0.1232946515083313,0.15902864933013916,-0.21276069542099663,-0.13763001561164856,0.21125715970993042,-0.23822224994827934,-0.15126338601112366,0.2504386305809021,-0.257191472851531
0.0,0.0,0.0,0.03178137540817261,-0.00916782021522522,0.001219084122817904,0.05905109643936157,-0.004865288734436035,-0.0012009107883610426,0.07892727851867676,0.003864973783493042,-0.0047811034744196235,0.09302788972854614,0.014399200677871704,-0.008759383824985534,0.061401546001434326,-0.0055876076221466064,-0.005931193256150991,0.08250933885574341,0.005453318357467651,-0.014574262095015555,0.09582585096359253,0.007987916469573975,-0.02098083194844058,0.10740429162979126,0.007997095584869385,-0.025581300971429854,0.0525820255279541,-0.0027022063732147217,-0.0120063775827699,0.074704110622406,0.009407907724380493,-0.019664744627993613,0.08960199356079102,0.011010855436325073,-0.024480488864105254,0.10211771726608276,0.01077735424041748,-0.028388726306479484,0.040291547775268555,0.0013146698474884033,-0.018188084257166892,0.060861825942993164,0.013349026441574097,-0.025359737468283683,0.07450836896896362,0.015561938285827637,-0.028224342284124404,0.08625239133834839,0.015270501375198364,-0.03055206757537654,0.025496184825897217,0.004884511232376099,-0.024302934077899963,0.038108110427856445,0.013755381107330322,-0.030101443422358543,0.04869478940963745,0.016353905200958252,-0.03194638599209121,0.058416783809661865,0.017119795083999634,-0.03346262012175849
0.0,0.0,0.0,0.03567773103713989,0.02306494116783142,0.001223879346598622,0.0703270435333252,0.026238322257995605,0.0004664428457363812,0.09658998250961304,0.024564385414123535,-0.0023437946178272995,0.11593782901763916,0.02890065312385559,-0.004789104040737513,0.076851487159729,-0.005613088607788086,0.0029666642117991415,0.09990864992141724,0.004931271076202393,-0.006994912222053173,0.11619377136230469,0.01089969277381897,-0.015364525195236567,0.13097381591796875,0.013647198677062988,-0.021506659973438147,0.06960546970367432,-0.006102055311203003,-0.003634485004495147,0.09440064430236816,0.005858182907104492,-0.01375621865319765,0.11179393529891968,0.01149064302444458,-0.02101067296045578,0.12800580263137817,0.014467209577560425,-0.026132725466068152,0.05789828300476074,0.00043123960494995117,-0.01129504601287401,0.08382827043533325,0.011019319295883179,-0.02118691644447601,0.10093539953231812,0.01679322123527527,-0.025744300622518423,0.116477370262146,0.020243585109710693,-0.028234549153621558,0.04309284687042236,0.0121707022190094,-0.019179838065083388,0.06193399429321289,0.020221561193466187,-0.026762031305606726,0.07728874683380127,0.022734016180038452,-0.02992577693241394,0.09120219945907593,0.023040473461151123,-0.03187183505671776
0.0,0.0,0.0,0.03150033950805664,0.012571990489959717,0.0007787458228989408,0.05896097421646118,0.018710851669311523,-0.0008167964193859234,0.07922840118408203,0.02179032564163208,-0.0038796922678017154,0.09412336349487305,0.024585038423538208,-0.006904784918006612,0.0666617751121521,0.0012740790843963623,-0.0027929226422571674,0.089649498462677,0.013399600982666016,-0.01232709349336858,0.10455954074859619,0.021375685930252075,-0.02005351321044202,0.11760258674621582,0.027248919010162354,-0.02553435028734441,0.05958592891693115,0.0018080472946166992,-0.008910491924908115,0.08393055200576782,0.014060527086257935,-0.01814938322844739,0.10023325681686401,0.022357434034347534,-0.02474900880100961,0.1148914098739624,0.0286482572555542,-0.02933111959340806,0.04762071371078491,0.0063571929931640625,-0.015435155343439533,0.0702638030052185,0.01554080843925476,-0.023807700585749103,0.08454382419586182,0.022782981395721436,-0.02755972170474763,0.09750193357467651,0.027940720319747925,-0.02985934713127847,0.03212571144104004,0.012588828802108765,-0.022100070353772594,0.04594552516937256,0.01874634623527527,-0.029014821957972003,0.057643771171569824,0.02314847707748413,-0.031229177352216198,0.06813228130340576,0.026026397943496704,-0.032446179401304676
0.0,0.0,0.0,0.03183317184448242,0.007728219032287598,-0.0012428743735473091,0.06080251932144165,0.015300333499908447,-0.004012309780209833,0.08216303586959839,0.022999227046966553,-0.007774059494822794,0.09909659624099731,0.029173821210861206,-0.011627174747973257,0.06301844120025635,0.005229681730270386,-0.007036796139418655,0.08526831865310669,0.01739087700843811,-0.01751253178515988,0.0987897515296936,0.024891793727874756,-0.025516141040116125,0.11124658584594727,0.030712515115737915,-0.03134823760190564,0.05374795198440552,0.005529940128326416,-0.012634272521227174,0.07692974805831909,0.015277117490768433,-0.023200312463432127,0.09234875440597534,0.022434115409851074,-0.030286740345745855,0.10695469379425049,0.028502553701400757,-0.03552722728052693,0.04089045524597168,0.008562207221984863,-0.018700623718887144,0.06251305341720581,0.015637606382369995,-0.028635708449273878,0.07583284378051758,0.021656453609466553,-0.03296404501596051,0.08889567852020264,0.026428580284118652,-0.0358082557300623,0.025036394596099854,0.01310691237449646,-0.024941146207838827,0.03772163391113281,0.01729324460029602,-0.033552994785695844,0.04850149154663086,0.020213395357131958,-0.03673956712880688,0.05866730213165283,0.022024303674697876,-0.038748683241992765
0.0,0.0,0.0,0.03160160779953003,0.02640432119369507,-0.00018552578211483706,0.059848666191101074,0.035183995962142944,-0.002202466547430504,0.08077448606491089,0.03596019744873047,-0.005546673618198383,0.09678536653518677,0.03863844275474548,-0.008764887645781982,0.06638193130493164,0.0008126497268676758,-0.005919020574481237,0.08943045139312744,0.00991833209991455,-0.017220982767582882,0.10387879610061646,0.018397480249404907,-0.025664008639694202,0.11649388074874878,0.02518710494041443,-0.031395056702137936,0.05775308609008789,-0.0037848353385925293,-0.012294568538607109,0.08265888690948486,0.005454301834106445,-0.023947240270615566,0.09896564483642578,0.014245957136154175,-0.031148448072315205,0.11356699466705322,0.021137714385986328,-0.035811216987610806,0.044896721839904785,-0.0020447969436645508,-0.019126064561248768,0.06793403625488281,0.0052149295806884766,-0.03006161884212588,0.08234548568725586,0.01368182897567749,-0.034265452481747616,0.0957033634185791,0.019947677850723267,-0.03628316656494235,0.029291510581970215,0.004722177982330322,-0.02612536162877177,0.04388707876205444,0.011314749717712402,-0.03453850881004428,0.05600970983505249,0.015923351049423218,-0.03711327300214862,0.06695431470870972,0.017829298973083496,-0.038392131633997906
0.0,0.0,0.0,0.02994239330291748,0.022024959325790405,-0.0005616986119676426,0.05806851387023926,0.031753599643707275,-0.0027956912337359086,0.07856464385986328,0.034357696771621704,-0.006053097876396407,0.09380525350570679,0.03812912106513977,-0.00941969952979349,0.06431794166564941,0.002538025379180908,-0.007977553042259444,0.08670538663864136,0.01128116250038147,-0.019005952733245124,0.10094451904296875,0.01901748776435852,-0.027336480426278342,0.11349141597747803,0.024794191122055054,-0.03301533903428577,0.05561715364456177,-0.0019106864929199219,-0.013910771677878131,0.0795016884803772,0.006581366062164307,-0.02488601799556278,0.09566241502761841,0.01460951566696167,-0.031834522592511405,0.11050564050674438,0.020651936531066895,-0.03650243427106403,0.04224604368209839,-0.0007194876670837402,-0.02007509801038765,0.06463432312011719,0.006957679986953735,-0.03012857432910465,0.07878309488296509,0.014575153589248657,-0.03422415848323368,0.09199333190917969,0.02003738284111023,-0.03642311911531948,0.025941073894500732,0.005007624626159668,-0.02638310040780567,0.03973269462585449,0.013236135244369507,-0.03448212738582157,0.05125880241394043,0.01808750629425049,-0.03708990137526058,0.06155502796173096,0.020109981298446655,-0.038428886192527045
0.0,0.0,0.0,0.02827233076095581,0.026526570320129395,0.000588296192315596,0.053321897983551025,0.038806796073913574,-0.0009793610297244015,0.0706709623336792,0.045454174280166626,-0.0040602857697855654,0.08331429958343506,0.051091939210891724,-0.00701611409747116,0.06533968448638916,0.001165241003036499,-0.0034417308852177086,0.08690065145492554,0.011095255613327026,-0.013461409274871272,0.1012147068977356,0.018246948719024658,-0.02149190860652439,0.11403167247772217,0.022700399160385132,-0.02714313859903328,0.057925522327423096,-0.002498328685760498,-0.009899778429801387,0.08187919855117798,0.008524209260940552,-0.019983700614805144,0.09788316488265991,0.016279667615890503,-0.02676108586453907,0.11267846822738647,0.021665215492248535,-0.03135952832960598,0.045660436153411865,-0.0003145933151245117,-0.01682231123411171,0.06872206926345825,0.009287476539611816,-0.026212069344158095,0.08339321613311768,0.016144484281539917,-0.030216875624294204,0.09690660238265991,0.020342379808425903,-0.032467153992886466,0.03019934892654419,0.006466895341873169,-0.023952751558656615,0.044337689876556396,0.01444515585899353,-0.03143778922819607,0.05681276321411133,0.017821282148361206,-0.03392762052678577,0.0681154727935791,0.018088102340698242,-0.035357439097399634
0.0,0.0,0.0,0.03165167570114136,0.023507922887802124,0.0006935372982681542,0.060231685638427734,0.03272932767868042,-0.0006380712113767117,0.0819365382194519,0.033941447734832764,-0.0034142489278181642,0.09851431846618652,0.03386273980140686,-0.0061726268579676,0.06917762756347656,1.3768672943115234e-05,-0.0030896834762259573,0.09022068977355957,0.010762125253677368,-0.013094749880345091,0.10493725538253784,0.01836821436882019,-0.02125955989709638,0.1182410717010498,0.022966057062149048,-0.027049165797741637,0.061209917068481445,-0.0030782222747802734,-0.00931300746402286,0.08477622270584106,0.007148861885070801,-0.01894168241074823,0.10100299119949341,0.014266639947891235,-0.02535160875073217,0.1162075400352478,0.01862320303916931,-0.029845759851248488,0.04822039604187012,-0.0006029605865478516,-0.01602025387933992,0.07125544548034668,0.007540702819824219,-0.025053326619179472,0.08576977252960205,0.013366669416427612,-0.02866336574903272,0.09936141967773438,0.01654455065727234,-0.030749917609007582,0.031835198402404785,0.005682766437530518,-0.02291054150214933,0.045893192291259766,0.012759596109390259,-0.030395249483497366,0.05800658464431763,0.016344517469406128,-0.032914719191701636,0.06898462772369385,0.01693493127822876,-0.03435946872583173
0.0,0.0,0.0,0.03053140640258789,0.023967057466506958,0.00045067512142082933,0.058901846408843994,0.0316372811794281,-0.0011184410174323034,0.08055108785629272,0.031045377254486084,-0.0040649202634526205,0.09725695848464966,0.03278765082359314,-0.006840872017754407,0.06549668312072754,0.0018542706966400146,-0.004583879279060454,0.08742177486419678,0.012551844120025635,-0.015181682443333955,0.10176593065261841,0.02027904987335205,-0.023186813479377122,0.1144142746925354,0.025708109140396118,-0.028640323689295144,0.05756270885467529,-0.0028193891048431396,-0.010898729225708337,0.08121341466903687,0.008493036031723022,-0.021980884855700822,0.09752076864242554,0.01701045036315918,-0.028914490154100747,0.11206108331680298,0.023238658905029297,-0.03332448508412966,0.04491215944290161,-0.0015281140804290771,-0.017621369471861215,0.06738781929016113,0.007308632135391235,-0.027982226943684907,0.08178281784057617,0.01464274525642395,-0.03222181405694613,0.09492051601409912,0.019415706396102905,-0.03427734728725085,0.0293428897857666,0.004562646150588989,-0.02442898172707686,0.0431673526763916,0.01343768835067749,-0.032432300409389825,0.05460000038146973,0.017932742834091187,-0.035110772958113046,0.06497961282730103,0.019678831100463867,-0.0364488115516437
0.0,0.0,0.0,0.03091055154800415,0.027594447135925293,-0.0007485846282619946,0.0598372220993042,0.03632241487503052,-0.001565333222195875,0.08230763673782349,0.03522762656211853,-0.0037122565546710007,0.09933990240097046,0.03608983755111694,-0.0056065696982372515,0.06748509407043457,0.0010128319263458252,-0.0007240262922536544,0.08890247344970703,0.009462207555770874,-0.010752584202371906,0.10359424352645874,0.01626107096672058,-0.018915307125233483,0.11626625061035156,0.021917372941970825,-0.02469909784772284,0.06008332967758179,-0.0034774839878082275,-0.006197420763008665,0.08325934410095215,0.0055045485496521,-0.01678090204872973,0.09945392608642578,0.012948036193847656,-0.024196762940071892,0.11409258842468262,0.01959127187728882,-0.0290726519880522,0.047686636447906494,-0.001996278762817383,-0.012589611461542916,0.07033836841583252,0.006327271461486816,-0.02305480872669108,0.08530235290527344,0.012802749872207642,-0.028313942602061104,0.09929555654525757,0.017841726541519165,-0.031041454872273277,0.03201115131378174,0.004084527492523193,-0.019210515892289948,0.04552537202835083,0.011344045400619507,-0.02757339028098471,0.057455480098724365,0.015507400035858154,-0.031186685314558815,0.0688135027885437,0.017330676317214966,-0.03325979073920138
0.0,0.0,0.0,0.031215786933898926,0.028151720762252808,-0.00165613882482063,0.05991387367248535,0.03485947847366333,-0.0033407217334584516,0.08262789249420166,0.03238213062286377,-0.006073582356385998,0.09914171695709229,0.03161966800689697,-0.008709993118010573,0.06591516733169556,0.0010914504528045654,-0.003917189685218148,0.08797508478164673,0.007650583982467651,-0.014543321819566302,0.10294342041015625,0.014082878828048706,-0.022891864085160307,0.11571985483169556,0.019726276397705078,-0.02869135876890283,0.05786097049713135,-0.0041329264640808105,-0.00919710742082458,0.08161062002182007,0.003156036138534546,-0.020245531478487067,0.0981438159942627,0.010890692472457886,-0.02775675048824411,0.1126282811164856,0.017970025539398193,-0.03266687309142213,0.045125603675842285,-0.0038933753967285156,-0.015232399941943697,0.06787383556365967,0.002142667770385742,-0.02627356899674993,0.08259963989257812,0.00891539454460144,-0.03140135099884134,0.09592682123184204,0.014482349157333374,-0.033938072526417784,0.029493331909179688,0.0006912648677825928,-0.021505910807810835,0.04292416572570801,0.007715493440628052,-0.030240354964099936,0.054727017879486084,0.0128517746925354,-0.033635560327731184,0.06542813777923584,0.015586227178573608,-0.03544605513807397
0.0,0.0,0.0,0.029623985290527344,0.029271245002746582,-0.000316555530311291,0.05808687210083008,0.03668123483657837,-0.001307871373150249,0.0802794098854065,0.033157408237457275,-0.0036267023009841637,0.09641730785369873,0.031109094619750977,-0.0056142955494706825,0.06761860847473145,0.0003218650817871094,-0.001503113721277316,0.09011733531951904,0.008176803588867188,-0.010778681322712202,0.10459017753601074,0.015048027038574219,-0.018262437492388983,0.11738181114196777,0.01952376961708069,-0.02345968870796611,0.060506343841552734,-0.0051254332065582275,-0.006872180796939631,0.08465278148651123,0.003670811653137207,-0.01615941798664977,0.10080987215042114,0.011733025312423706,-0.022731688752550383,0.11548483371734619,0.017298251390457153,-0.027156447008032103,0.04860329627990723,-0.003983557224273682,-0.012908627226728697,0.07085186243057251,0.0032986700534820557,-0.021979252755421896,0.08496969938278198,0.010718315839767456,-0.026235422998446722,0.0978361964225769,0.015333116054534912,-0.0284522370842879,0.03378528356552124,0.0022354423999786377,-0.019193633407134314,0.04865056276321411,0.009284138679504395,-0.026094495266455908,0.06071054935455322,0.013641893863677979,-0.028538265213150282,0.07152068614959717,0.014895141124725342,-0.02989063872374942
0.0,0.0,0.0,0.02985227108001709,0.027329832315444946,0.0008843357310226452,0.05673009157180786,0.03544837236404419,0.00012541908210295105,0.07765984535217285,0.033179402351379395,-0.0023653433789903033,0.0930105447769165,0.030849933624267578,-0.0046834441499257196,0.0678284764289856,0.0008902549743652344,0.0008187798185801398,0.08967053890228271,0.012322843074798584,-0.008405648976697933,0.10442984104156494,0.020004957914352417,-0.016122801102831374,0.11751335859298706,0.02505442500114441,-0.021600579716398727,0.06078052520751953,-0.002925664186477661,-0.005302185531839143,0.08457386493682861,0.009543418884277344,-0.01466051103933097,0.10017341375350952,0.018964707851409912,-0.021524455271794807,0.11462390422821045,0.026493608951568604,-0.026093128942086707,0.04902273416519165,-0.0001226663589477539,-0.012172753796114932,0.07245707511901855,0.010174661874771118,-0.021225070454313766,0.08742308616638184,0.01791095733642578,-0.025853518270089637,0.10083580017089844,0.023496627807617188,-0.028354003898932945,0.034345030784606934,0.0074808597564697266,-0.019223680593206893,0.04888653755187988,0.014917433261871338,-0.026237824805214416,0.06053382158279419,0.019906848669052124,-0.02895644667012931,0.07118511199951172,0.0230083167552948,-0.030513077847793113
0.0,0.0,0.0,0.03873640298843384,-0.005825310945510864,0.002038539787771576,0.06617718935012817,-0.0011289417743682861,0.001215940858254605,0.08722585439682007,0.005494058132171631,-0.0017688493896104163,0.10369020700454712,0.00845867395401001,-0.00501714862881375,0.06868082284927368,0.005148768424987793,0.0026828236226164037,0.09049171209335327,0.014476895332336426,-0.005634925626201159,0.10409116744995117,0.01766189932823181,-0.013194440230710036,0.11586213111877441,0.018700987100601196,-0.01878488838670922,0.06133389472961426,0.008909732103347778,-0.004230458121729619,0.0850604772567749,0.017286181449890137,-0.011911386921984679,0.10007750988006592,0.01958155632019043,-0.01823690190909577,0.11285823583602905,0.020045578479766846,-0.0231507665663786,0.04995250701904297,0.012472391128540039,-0.012003530114871985,0.07195740938186646,0.01758936047554016,-0.019536778628808982,0.08532828092575073,0.01922723650932312,-0.02345656819639874,0.09649795293807983,0.019691288471221924,-0.026402214840037352,0.03551119565963745,0.014047622680664062,-0.01994068391619397,0.04749661684036255,0.014283865690231323,-0.02614335373042298,0.057575881481170654,0.013796299695968628,-0.02845292568205071,0.06586134433746338,0.012971311807632446,-0.030196819752437598
0.0,0.0,0.0,0.031630635261535645,0.01916995644569397,-0.0002446235309889744,0.058570802211761475,0.02694055438041687,-0.0021923615865944157,0.0800018310546875,0.030362308025360107,-0.005559424477496577,0.09632670879364014,0.0320153534412384,-0.009108170474746657,0.06761598587036133,-0.002324342727661133,-0.003197413244151903,0.09018504619598389,0.007356703281402588,-0.013633802140930129,0.1052558422088623,0.012368768453598022,-0.02183205595133586,0.11854785680770874,0.0155143141746521,-0.027587929348328544,0.060054123401641846,-0.003284543752670288,-0.00945148577807231,0.08506923913955688,0.007881581783294678,-0.020089562590101195,0.10172063112258911,0.013598144054412842,-0.02742631694195552,0.11654859781265259,0.01726505160331726,-0.03233173264084144,0.04775291681289673,0.00022664666175842285,-0.016395557279565764,0.07302647829055786,0.01005488634109497,-0.02699172830102725,0.08929711580276489,0.015085220336914062,-0.03220568371830268,0.10354769229888916,0.017799079418182373,-0.03515770805893226,0.03227043151855469,0.006653457880020142,-0.02340973874447627,0.047623395919799805,0.01346483826637268,-0.0323383562069921,0.05980640649795532,0.01670539379119873,-0.0358747668367414,0.07063114643096924,0.01789724826812744,-0.037899305651762916
0.0,0.0,0.0,0.030164718627929688,0.019495874643325806,0.00025592031676779925,0.05611073970794678,0.02637973427772522,-0.0010271351165371811,0.07622164487838745,0.028506547212600708,-0.0038987713014009273,0.09134793281555176,0.03003975749015808,-0.006749612799403337,0.06769794225692749,-0.0010982751846313477,-0.0006701798956143534,0.09034836292266846,0.008950859308242798,-0.010335514842090276,0.10534757375717163,0.01392596960067749,-0.01822067756068435,0.1184152364730835,0.016940444707870483,-0.023693656137702135,0.06083488464355469,-0.0024084150791168213,-0.006789778413740066,0.08554947376251221,0.00955265760421753,-0.01654114346813884,0.10226821899414062,0.01564773917198181,-0.023474903366086153,0.11678296327590942,0.01958918571472168,-0.027974586522695688,0.048903584480285645,0.0006615519523620605,-0.01367735169690576,0.07280337810516357,0.010890930891036987,-0.02309254329514232,0.08871442079544067,0.016290515661239624,-0.027858312761900095,0.10229724645614624,0.01955556869506836,-0.030508296153065828,0.03349357843399048,0.006399929523468018,-0.020722236073133615,0.047131896018981934,0.014457523822784424,-0.028493608868238596,0.05914711952209473,0.019045233726501465,-0.03155402239274707,0.06979846954345703,0.02142775058746338,-0.03326351713251796
0.0,0.0,0.0,0.03200697898864746,0.0018106400966644287,0.002557316586923264,0.058394551277160645,0.00535854697227478,0.0016639807974812015,0.07802790403366089,0.011531680822372437,-0.001044072535272278,0.0929291844367981,0.01652631163597107,-0.003962875551927425,0.06413930654525757,-0.0045712292194366455,-0.0019179566050055996,0.08900278806686401,0.006592452526092529,-0.011067992284345962,0.1044083833694458,0.011419415473937988,-0.017807248256552555,0.11779773235321045,0.013679295778274536,-0.02236690113638673,0.057209551334381104,-0.0018052756786346436,-0.00910014679973159,0.08386224508285522,0.011561155319213867,-0.018255253530490734,0.10108381509780884,0.018088042736053467,-0.024358106053817608,0.1157483458518982,0.02201363444328308,-0.028228079176891185,0.045486629009246826,0.0045927464962005615,-0.016558408013928272,0.06984639167785645,0.015063077211380005,-0.02475603597556386,0.0854749083518982,0.020315736532211304,-0.02861586327050958,0.0996885895729065,0.02348548173904419,-0.030904769174206592,0.030283808708190918,0.012487322092056274,-0.023920406795490123,0.04516744613647461,0.018494099378585815,-0.030866186342585422,0.05694699287414551,0.021841377019882202,-0.03310925813709531,0.0677037239074707,0.024480462074279785,-0.03422624172960553
0.0,0.0,0.0,0.03064066171646118,0.013607323169708252,0.001501743437174241,0.056192100048065186,0.01777106523513794,0.00020973307537985875,0.07525485754013062,0.02096840739250183,-0.00276224130074354,0.08872568607330322,0.024711012840270996,-0.0056284365827110605,0.06553059816360474,-0.00913548469543457,-0.001696228061419447,0.09089356660842896,-0.00012490153312683105,-0.010342559556093534,0.10672903060913086,0.006426006555557251,-0.017020822281565984,0.12001568078994751,0.01143452525138855,-0.02168190922829183,0.05838119983673096,-0.008955121040344238,-0.008185098657932599,0.08572375774383545,0.002139955759048462,-0.01697982918712171,0.10411292314529419,0.009070426225662231,-0.02321451600882085,0.12001997232437134,0.014662235975265503,-0.027303033287253697,0.04721802473068237,-0.0027752816677093506,-0.015017276408698876,0.07289469242095947,0.006611466407775879,-0.023026102001395543,0.08984875679016113,0.013234585523605347,-0.027178373897996266,0.10402727127075195,0.018057256937026978,-0.02957610298189195,0.033146679401397705,0.007423460483551025,-0.021920879150357564,0.04849863052368164,0.01393464207649231,-0.028331554273691495,0.06138491630554199,0.017338156700134277,-0.030673657322850545,0.07255291938781738,0.019389808177947998,-0.03189928155633481
0.0,0.0,0.0,0.032676875591278076,0.02107754349708557,0.0001549100749755894,0.06072807312011719,0.02787002921104431,-0.0019571500118260587,0.08251357078552246,0.0298880934715271,-0.005510607802811762,0.09928673505783081,0.03204342722892761,-0.009157855132166048,0.06794297695159912,-0.005210280418395996,-0.004164723282251259,0.09135878086090088,0.0036040544509887695,-0.01539259224528422,0.1067764163017273,0.008482784032821655,-0.02417883749449601,0.12058937549591064,0.010578334331512451,-0.030252589912656447,0.05972963571548462,-0.007780909538269043,-0.010692683117035529,0.08443325757980347,0.0031877458095550537,-0.02188124980175843,0.1016618013381958,0.010353922843933105,-0.02937481279814591,0.11734259128570557,0.01526305079460144,-0.03448014061296334,0.04707735776901245,-0.005074054002761841,-0.01782712812865128,0.07076013088226318,0.004611015319824219,-0.02848725865924706,0.08698505163192749,0.011106908321380615,-0.033377834664229056,0.10159945487976074,0.014961391687393188,-0.036135920391920706,0.031465232372283936,0.0011002719402313232,-0.025030576692465445,0.04624086618423462,0.008651435375213623,-0.033871688948515555,0.05921292304992676,0.013390541076660156,-0.03717796604478707,0.07088971138000488,0.015603780746459961,-0.03906894202673783
0.0,0.0,0.0,0.03180241584777832,0.018943309783935547,0.0002606062426266931,0.0590362548828125,0.023816227912902832,-0.0018858532329986133,0.08024787902832031,0.025029420852661133,-0.005414524688568179,0.09685927629470825,0.026155829429626465,-0.008949096421893898,0.06617939472198486,-0.009304076433181763,-0.005551222353425089,0.0914006233215332,0.00015529990196228027,-0.01670398760139591,0.10712987184524536,0.006189167499542236,-0.02473398681282646,0.12103015184402466,0.009953022003173828,-0.03006971265673286,0.05835294723510742,-0.01129034161567688,-0.012118666540082756,0.08597004413604736,0.0009439289569854736,-0.023588877278562848,0.1042676568031311,0.00949007272720337,-0.030797708886858288,0.11981725692749023,0.016246676445007324,-0.03533869806229717,0.046205997467041016,-0.007487267255783081,-0.019111983585354153,0.07157856225967407,0.0019571781158447266,-0.02987411442696697,0.0884101390838623,0.00883638858795166,-0.034975743028518025,0.10272330045700073,0.013775497674942017,-0.03762327704131252,0.0315096378326416,0.0005948245525360107,-0.02612914714514858,0.04724758863449097,0.008553415536880493,-0.03480570215284473,0.060456156730651855,0.012843221426010132,-0.0381387268334592,0.07212084531784058,0.01497611403465271,-0.039920000466700856
0.0,0.0,0.0,0.032619357109069824,0.00858333706855774,0.0006765951659133407,0.06095916032791138,0.013006091117858887,-0.001007516842747691,0.08204978704452515,0.01607978343963623,-0.004102566719467404,0.09852904081344604,0.01778799295425415,-0.00722062538605428,0.06674706935882568,-0.006036221981048584,-0.003454292400220993,0.09006857872009277,0.004296034574508667,-0.013517550167108539,0.10541307926177979,0.00922587513923645,-0.021083758186961177,0.11889499425888062,0.012084752321243286,-0.02628629372682667,0.05857795476913452,-0.004614531993865967,-0.009831465755070212,0.08386754989624023,0.007738947868347168,-0.02004252278473473,0.10128885507583618,0.013996630907058716,-0.026884105962182048,0.1164853572845459,0.018120229244232178,-0.031335608076716426,0.04607820510864258,0.0006783604621887207,-0.016668274041677478,0.07004624605178833,0.013157546520233154,-0.02634772190120316,0.0854753851890564,0.01919078826904297,-0.03100709707703686,0.09919285774230957,0.02228870987892151,-0.03351377413835621,0.030475914478302002,0.008231580257415771,-0.023484575536514285,0.045239269733428955,0.017646074295043945,-0.03175048620667553,0.05728727579116821,0.02127644419670105,-0.034936902087594035,0.06824630498886108,0.022312581539154053,-0.0365619258698473
0.0,0.0,0.0,-0.06379133462905884,-0.010002106428146362,-0.004990991907646958,-0.11989670991897583,-0.009170949459075928,-0.016356254699161354,-0.16103053092956543,0.0020261406898498535,-0.028726595225265328,-0.19598543643951416,0.012348055839538574,-0.04376899335019857,-0.1266157031059265,-0.047787606716156006,-0.032953864666154686,-0.177046537399292,-0.020318269729614258,-0.06010342645876676,-0.21255642175674438,0.0012198686599731445,-0.08130152780049116,-0.2434026002883911,0.019760489463806152,-0.0965033124708441,-0.10371357202529907,-0.03954765200614929,-0.045747293862035576,-0.15924596786499023,-0.0059063732624053955,-0.07083497452967435,-0.1970376968383789,0.020064949989318848,-0.088958929064205,-0.23098641633987427,0.04146373271942139,-0.10432508099310667,-0.0750647783279419,-0.02049306035041809,-0.058508733990123574,-0.12416034936904907,0.012810707092285156,-0.08240108448498518,-0.15727466344833374,0.03584587574005127,-0.09609861928456098,-0.18634796142578125,0.05337017774581909,-0.10690845060580045,-0.0435405969619751,0.008044540882110596,-0.07106234389775068,-0.07290464639663696,0.02703392505645752,-0.09393979120486051,-0.09665524959564209,0.038961827754974365,-0.10496437061064512,-0.11908203363418579,0.04753983020782471,-0.11332003283732206
0.0,0.0,0.0,-0.0627291202545166,-0.0018381476402282715,-0.006146841427842276,-0.12080073356628418,0.001752614974975586,-0.01908790946618666,-0.16344094276428223,0.013836294412612915,-0.03235588849202742,-0.2007206678390503,0.024241268634796143,-0.04878056675807585,-0.13012897968292236,-0.036935269832611084,-0.04302076504246344,-0.17848145961761475,-0.0060287415981292725,-0.07293138534442534,-0.21246302127838135,0.012275934219360352,-0.09546808779851546,-0.2424830198287964,0.026392817497253418,-0.11176603913919081,-0.10599011182785034,-0.0316658616065979,-0.05555207536236395,-0.15989607572555542,0.005369633436203003,-0.08245035142318358,-0.196053147315979,0.028706610202789307,-0.09978215277806868,-0.22784221172332764,0.04611390829086304,-0.1149260985912477,-0.07603579759597778,-0.01428300142288208,-0.06787919134513487,-0.12269890308380127,0.018768250942230225,-0.09384853274242033,-0.15422022342681885,0.04011052846908569,-0.10869093120710005,-0.1803903579711914,0.055808067321777344,-0.12032583982364287,-0.04252791404724121,0.01293131709098816,-0.07976472259179701,-0.0702354907989502,0.032334327697753906,-0.10643059641734709,-0.09415733814239502,0.04415535926818848,-0.12062217921630491,-0.11587005853652954,0.05224418640136719,-0.13100702942029585
0.0,0.0,0.0,-0.05808746814727783,-0.0004245340824127197,-0.004417251013661527,-0.11151361465454102,0.00800865888595581,-0.01603814322545638,-0.15051007270812988,0.023980379104614258,-0.028184580766106748,-0.18349027633666992,0.03751951456069946,-0.04318252127661815,-0.12357062101364136,-0.03709876537322998,-0.03617167394652476,-0.17074012756347656,-0.005333364009857178,-0.06149602230682483,-0.2046491503715515,0.012572407722473145,-0.0809713780511867,-0.23412185907363892,0.025464892387390137,-0.09527720060243716,-0.10048294067382812,-0.031263381242752075,-0.04790592487945666,-0.1540534496307373,0.007989048957824707,-0.06974415775432696,-0.1903688907623291,0.030519485473632812,-0.0843859567870151,-0.22235143184661865,0.04679369926452637,-0.09739042367830386,-0.07185029983520508,-0.011887580156326294,-0.05918578725352397,-0.11907035112380981,0.0268937349319458,-0.0803952023018848,-0.1496773362159729,0.04764610528945923,-0.09169965531721225,-0.17536282539367676,0.061408400535583496,-0.10079888548746219,-0.04049789905548096,0.01714414358139038,-0.07008810635700335,-0.06878632307052612,0.03995412588119507,-0.09238094385757556,-0.09134519100189209,0.0513463020324707,-0.10284041907682528,-0.11134451627731323,0.058408498764038086,-0.11021793928041568
0.0,0.0,0.0,-0.05660790205001831,0.0002764463424682617,-0.0045430533002317475,-0.10975182056427002,0.0052721500396728516,-0.015032294520288758,-0.14778631925582886,0.01896655559539795,-0.026193595805317216,-0.18118762969970703,0.031046926975250244,-0.04037151796475058,-0.12129062414169312,-0.03856787085533142,-0.032786510267406754,-0.1654910445213318,-0.010921061038970947,-0.05657700014963751,-0.1975865364074707,0.008778870105743408,-0.07547413123503333,-0.22521501779556274,0.024910330772399902,-0.08948186350718146,-0.09668517112731934,-0.033016353845596313,-0.044629312434345536,-0.14362281560897827,-0.002304166555404663,-0.06602677268639212,-0.17692095041275024,0.02336519956588745,-0.08137555731192236,-0.20536798238754272,0.044842422008514404,-0.09474398506537085,-0.06674230098724365,-0.014736533164978027,-0.056225194909721665,-0.11100971698760986,0.014993548393249512,-0.07805798513546591,-0.14352405071258545,0.03979092836380005,-0.09102786643162375,-0.17002248764038086,0.06064790487289429,-0.10108386290922766,-0.03464710712432861,0.014121294021606445,-0.06728396875515585,-0.06277281045913696,0.03209102153778076,-0.0897968740548194,-0.08708572387695312,0.04472219944000244,-0.10081706506863242,-0.10828697681427002,0.05485069751739502,-0.10865053845301276
0.0,0.0,0.0,-0.06941664218902588,-0.020993053913116455,-0.005383848075240394,-0.12685853242874146,-0.02839428186416626,-0.014545652877956172,-0.1709943413734436,-0.019160330295562744,-0.0249967080098088,-0.20657473802566528,-0.010452449321746826,-0.03735060882982566,-0.12755924463272095,-0.07322117686271667,-0.017279083703130027,-0.17309218645095825,-0.03632563352584839,-0.039418308858245155,-0.1993558406829834,-0.007456600666046143,-0.057803916607468864,-0.21998929977416992,0.011560142040252686,-0.07064037290629699,-0.09970831871032715,-0.06233522295951843,-0.027183393810361167,-0.1484074592590332,-0.022125065326690674,-0.04488905039843871,-0.17673426866531372,0.00566476583480835,-0.05816987049993827,-0.2015499472618103,0.023920297622680664,-0.07007637140569045,-0.06865853071212769,-0.04149618744850159,-0.03840653491434409,-0.11240136623382568,-0.007833123207092285,-0.05860799444135978,-0.13917171955108643,0.011828064918518066,-0.06749272612151458,-0.16315150260925293,0.024373292922973633,-0.07427763459500625,-0.03657454252243042,-0.013270020484924316,-0.04969200757560088,-0.06272488832473755,0.006377995014190674,-0.06919162986096694,-0.08165746927261353,0.015220284461975098,-0.07560082045611694,-0.10067766904830933,0.020220160484313965,-0.07978409794387176
0.0,0.0,0.0,-0.050784170627593994,0.009644865989685059,-0.016192306550578905,-0.10110139846801758,0.03233489394187927,-0.03987653252704604,-0.13273239135742188,0.055962592363357544,-0.06500643563492758,-0.15013903379440308,0.06911280751228333,-0.0928968049310015,-0.07500457763671875,0.008314013481140137,-0.0483217656336592,-0.09356898069381714,0.03687658905982971,-0.06986873668654425,-0.09793728590011597,0.057001978158950806,-0.08796934110148413,-0.09792476892471313,0.06659772992134094,-0.10127211433871253,-0.038188397884368896,0.017214566469192505,-0.05471388694866164,-0.0550573468208313,0.05220571160316467,-0.06997922879679663,-0.06475383043289185,0.06661102175712585,-0.08049004596693976,-0.07116937637329102,0.07350167632102966,-0.09263651889784796,-0.002790689468383789,0.028961628675460815,-0.06041417342646582,-0.015535712242126465,0.060709625482559204,-0.07691581619008048,-0.02593052387237549,0.07195553183555603,-0.08163908940775855,-0.03583681583404541,0.0760144293308258,-0.08702235740645392,0.031013548374176025,0.039841026067733765,-0.06766197902186377,0.028374850749969482,0.06729361414909363,-0.07844132256730063,0.020389199256896973,0.0743010938167572,-0.07676675242407782,0.01070171594619751,0.07489308714866638,-0.07754334879143698
0.0,0.0,0.0,-0.061063170433044434,-0.005266785621643066,-0.008006912134220556,-0.10547047853469849,-0.008672654628753662,-0.02222967002504106,-0.13571184873580933,-0.008192718029022217,-0.03820334788375135,-0.15926247835159302,-0.006557762622833252,-0.054528467766573385,-0.09108662605285645,-0.08808723092079163,-0.02053260099106069,-0.11966884136199951,-0.07419049739837646,-0.046821546218922094,-0.13464689254760742,-0.04014921188354492,-0.06748371984772916,-0.1424838900566101,-0.013773083686828613,-0.07973059680276151,-0.055145978927612305,-0.08553221821784973,-0.030614620484044508,-0.08511728048324585,-0.06086844205856323,-0.05228802602701421,-0.09833377599716187,-0.02555161714553833,-0.06317547377162214,-0.10345929861068726,-0.003016531467437744,-0.07009489502721067,-0.019653022289276123,-0.06824374198913574,-0.042534672133257345,-0.04285699129104614,-0.04628509283065796,-0.06272488500886197,-0.05601733922958374,-0.022542715072631836,-0.06544104631953473,-0.0668104887008667,-0.006390571594238281,-0.06597974564843412,0.012698709964752197,-0.041825056076049805,-0.055264380238583044,0.0008360147476196289,-0.022352993488311768,-0.07009508129172559,-0.013021886348724365,-0.009298324584960938,-0.06968577619605298,-0.028304994106292725,-0.004327237606048584,-0.06783302541785474
0.0,0.0,0.0,-0.06139475107192993,-0.006099224090576172,-0.00732659260071955,-0.1079334020614624,-0.010695338249206543,-0.02182713840417705,-0.14099979400634766,-0.010285019874572754,-0.03830561172478042,-0.1685723066329956,-0.007032632827758789,-0.05517063793055854,-0.09261375665664673,-0.09002187848091125,-0.0215226834665998,-0.11905437707901001,-0.08050262928009033,-0.04782213028781257,-0.13640224933624268,-0.04574805498123169,-0.06853541117422424,-0.14803320169448853,-0.01814323663711548,-0.08094076197855316,-0.05821967124938965,-0.0860472321510315,-0.03159018736593566,-0.08955031633377075,-0.06022283434867859,-0.05352196600549064,-0.10456055402755737,-0.021511375904083252,-0.06470393520109496,-0.111480712890625,0.00313723087310791,-0.07184240352623306,-0.023880839347839355,-0.06852284073829651,-0.043178913558648446,-0.04864722490310669,-0.04819619655609131,-0.06374321263544402,-0.06001114845275879,-0.020911753177642822,-0.0656997798036798,-0.06985259056091309,-0.0024152398109436035,-0.06551177185289703,0.00833195447921753,-0.042784273624420166,-0.05543125923983894,-0.0033011436462402344,-0.024490654468536377,-0.07028114926330886,-0.014534533023834229,-0.009682774543762207,-0.06901224833242736,-0.027256369590759277,-0.003190159797668457,-0.06633906197063766
0.0,0.0,0.0,-0.05976015329360962,-0.004252076148986816,-0.006734566612067283,-0.10456854104995728,-0.009917199611663818,-0.01895394626808411,-0.13539278507232666,-0.011761844158172607,-0.032970587571981014,-0.1606258749961853,-0.012153804302215576,-0.047071835806491436,-0.09313732385635376,-0.08890330791473389,-0.019152496790411533,-0.11954313516616821,-0.07918092608451843,-0.042169070651652873,-0.13570773601531982,-0.04565560817718506,-0.06012620668661839,-0.14410853385925293,-0.01931554079055786,-0.07069632302773243,-0.058785200119018555,-0.08810389041900635,-0.02776691768121964,-0.08815789222717285,-0.05507507920265198,-0.04526259269368893,-0.10131216049194336,-0.02015131711959839,-0.05452072139632946,-0.10504460334777832,0.0009470582008361816,-0.06100147481811291,-0.024038255214691162,-0.07251259684562683,-0.03779882084381825,-0.04819059371948242,-0.04226046800613403,-0.054155877640369,-0.0583418607711792,-0.01887059211730957,-0.055801342090489925,-0.06485641002655029,-0.004187524318695068,-0.05617459010136372,0.00810849666595459,-0.049193620681762695,-0.04855752628100163,-0.0035077929496765137,-0.0258026123046875,-0.060281949898126186,-0.01420050859451294,-0.011596262454986572,-0.058765566756846965,-0.02420574426651001,-0.0058707594871521,-0.05622945245158917
0.0,0.0,0.0,-0.05916130542755127,-0.0039484500885009766,-0.008910721732917182,-0.1070091724395752,-0.00889056921005249,-0.023930457985642306,-0.1415765881538391,-0.006270229816436768,-0.04046677761400019,-0.17062747478485107,0.0006119012832641602,-0.05735675953948771,-0.08647042512893677,-0.08004286885261536,-0.024726904562356822,-0.11052298545837402,-0.0651932954788208,-0.051005608967187754,-0.12502413988113403,-0.035737454891204834,-0.0720226686509875,-0.1364235281944275,-0.0124131441116333,-0.08485087715709483,-0.05179542303085327,-0.07875365018844604,-0.033492613217475764,-0.0816376805305481,-0.04289740324020386,-0.05496657975638186,-0.09673118591308594,-0.009168744087219238,-0.06691554152095591,-0.10624539852142334,0.011238336563110352,-0.07554350756728923,-0.016860365867614746,-0.06528684496879578,-0.043713405362012736,-0.041211724281311035,-0.03188413381576538,-0.06482507996881282,-0.05010223388671875,-0.00867682695388794,-0.06835185699785029,-0.05948472023010254,0.005746662616729736,-0.06960253380859172,0.015495538711547852,-0.04528170824050903,-0.05463578887903964,0.006456255912780762,-0.02303314208984375,-0.06980182193839823,-0.002469301223754883,-0.008767545223236084,-0.06950833611810481,-0.014217853546142578,-0.00170058012008667,-0.06802044772231852
0.0,0.0,0.0,-0.05430680513381958,-0.003118455410003662,-0.00907885683724885,-0.09615170955657959,-0.007203459739685059,-0.02378044771054988,-0.12470000982284546,-0.007279872894287109,-0.039886542875564146,-0.1505730152130127,-0.005559563636779785,-0.05634202929238086,-0.08646583557128906,-0.0894007682800293,-0.02587285945216422,-0.11537837982177734,-0.08073797821998596,-0.05091456817487483,-0.1275375485420227,-0.04461228847503662,-0.06955149518350368,-0.13263195753097534,-0.01680225133895874,-0.08004574226239924,-0.05103820562362671,-0.08872970938682556,-0.03433492900828128,-0.08075755834579468,-0.06433266401290894,-0.05545899393061404,-0.09438180923461914,-0.024181127548217773,-0.06492505716184382,-0.09908735752105713,0.005490124225616455,-0.07022830592492824,-0.015966355800628662,-0.07192784547805786,-0.044163720030582,-0.03892707824707031,-0.04754173755645752,-0.0633479033599258,-0.05122154951095581,-0.02129232883453369,-0.06597193824151759,-0.05941951274871826,-0.0010495781898498535,-0.0661012430677772,0.015374481678009033,-0.04687905311584473,-0.05468956502178912,0.004600942134857178,-0.02586531639099121,-0.06875596689084773,-0.0077628493309021,-0.011788785457611084,-0.06856101499894862,-0.019338667392730713,-0.0036156177520751953,-0.06645102547506099
0.0,0.0,0.0,-0.052957773208618164,-0.0012555122375488281,-0.011770830058935644,-0.0959693193435669,-0.0016855597496032715,-0.02950879236448145,-0.12758862972259521,0.0028243660926818848,-0.048149768763664724,-0.15462857484817505,0.01282346248626709,-0.06733775561440325,-0.07943254709243774,-0.0868978202342987,-0.030417642125371458,-0.10569238662719727,-0.07115906476974487,-0.05662347053873873,-0.11861205101013184,-0.0367051362991333,-0.07753578250992632,-0.12578517198562622,-0.007481038570404053,-0.08956723337757921,-0.04387301206588745,-0.08753740787506104,-0.037810680025700094,-0.0718950629234314,-0.05551040172576904,-0.05773657982933855,-0.08554410934448242,-0.018924713134765625,-0.06882494365561342,-0.09125161170959473,0.008963048458099365,-0.0764030409394536,-0.008832335472106934,-0.07111313939094543,-0.046326343470695974,-0.030217766761779785,-0.038461148738861084,-0.06440545296061373,-0.04039579629898071,-0.012864828109741211,-0.06740191256392336,-0.047963082790374756,0.007002353668212891,-0.06842531686413622,0.02241414785385132,-0.04670000076293945,-0.055865917855385305,0.012858211994171143,-0.023124873638153076,-0.06798257356274462,0.0021143555641174316,-0.008972585201263428,-0.06654894774544573,-0.00911557674407959,0.0002962350845336914,-0.06419341688740587
0.0,0.0,0.0,-0.0616832971572876,0.0010422468185424805,-0.010409775310193936,-0.11107683181762695,-0.001585245132446289,-0.02639263135287706,-0.14828836917877197,0.001364588737487793,-0.04376360599789564,-0.18155860900878906,0.0063078999519348145,-0.06126095180306379,-0.08943653106689453,-0.0789651870727539,-0.02766182658169214,-0.11404341459274292,-0.06262648105621338,-0.054460099087094704,-0.12793409824371338,-0.030952155590057373,-0.07488041569385473,-0.13596391677856445,-0.007444798946380615,-0.08751199592742864,-0.05235886573791504,-0.08008867502212524,-0.03681491141114179,-0.08123511075973511,-0.04388248920440674,-0.05949310784134809,-0.09449803829193115,-0.009963631629943848,-0.07114003796968404,-0.09919971227645874,0.011000573635101318,-0.0796271805921549,-0.015763580799102783,-0.06619155406951904,-0.04751380358729307,-0.037302374839782715,-0.032813847064971924,-0.07025770296249334,-0.04585367441177368,-0.010314106941223145,-0.07429464359674398,-0.052935659885406494,0.005117952823638916,-0.07602258224878256,0.017800211906433105,-0.04381638765335083,-0.058984061823224465,0.010682404041290283,-0.021974682807922363,-0.07671126176509802,0.00021523237228393555,-0.0073372721672058105,-0.07815496821794454,-0.012368917465209961,0.001486361026763916,-0.07787133951578085
0.0,0.0,0.0,-0.06330031156539917,-0.001385331153869629,-0.008620648236501438,-0.11435508728027344,-0.006695449352264404,-0.023274754697013122,-0.15179210901260376,-0.005422711372375488,-0.03975814540081046,-0.1848585605621338,-0.0008213520050048828,-0.05638994980745338,-0.09482651948928833,-0.08231246471405029,-0.023495757543969376,-0.11888515949249268,-0.06811106204986572,-0.050167325475740654,-0.1322004199028015,-0.036247968673706055,-0.0709155346839907,-0.14012479782104492,-0.011090695858001709,-0.08366003591709159,-0.05747002363204956,-0.08236867189407349,-0.033611852267313225,-0.08471453189849854,-0.04975485801696777,-0.05669974494867347,-0.09690612554550171,-0.014885783195495605,-0.06882713694267295,-0.10161072015762329,0.007479250431060791,-0.07722773362092994,-0.02033334970474243,-0.06832879781723022,-0.045379310437965614,-0.040978848934173584,-0.03969407081604004,-0.06817272264652274,-0.049440979957580566,-0.015564262866973877,-0.07213130552463554,-0.05738586187362671,0.0019662976264953613,-0.07352103997163795,0.013675034046173096,-0.04594910144805908,-0.05777875293188117,0.006366133689880371,-0.025497138500213623,-0.0749852876751902,-0.003559410572052002,-0.009913265705108643,-0.07579582143716834,-0.016296982765197754,-0.0006785988807678223,-0.07495681900672935
0.0,0.0,0.0,-0.059747159481048584,-0.0018292665481567383,-0.00980744276768064,-0.10872006416320801,-0.00485152006149292,-0.024503887152434345,-0.1446845531463623,-0.0017511844635009766,-0.04063336596465206,-0.17557865381240845,0.005200624465942383,-0.056845736211300846,-0.0912172794342041,-0.08087486028671265,-0.02315274857556915,-0.11714774370193481,-0.06807571649551392,-0.0496805165765295,-0.13104963302612305,-0.036756277084350586,-0.07006497726416683,-0.13855433464050293,-0.01007986068725586,-0.08220557168698406,-0.05455535650253296,-0.08042562007904053,-0.03248487458205318,-0.08360171318054199,-0.05158117413520813,-0.055581290727616306,-0.09532761573791504,-0.015980839729309082,-0.06673689231848812,-0.09821325540542603,0.00866609811782837,-0.0737477545497427,-0.01818174123764038,-0.06574749946594238,-0.04372404188490009,-0.04077094793319702,-0.03603625297546387,-0.06559425637698268,-0.04986071586608887,-0.011842489242553711,-0.06843821004605388,-0.05548125505447388,0.005252480506896973,-0.0687256608960638,0.014706432819366455,-0.04269424080848694,-0.05580033407187557,0.002164483070373535,-0.018806397914886475,-0.07158092454648113,-0.008398652076721191,-0.0030969977378845215,-0.07126849189972972,-0.01876544952392578,0.004689037799835205,-0.06945738241648769
0.0,0.0,0.0,-0.059548139572143555,0.006399571895599365,-0.014261924276070204,-0.10837525129318237,0.0038776397705078125,-0.0331852003801032,-0.14675909280776978,0.003736138343811035,-0.05272315962793073,-0.18620067834854126,0.003307521343231201,-0.07237079887272557,-0.08366507291793823,-0.07392370700836182,-0.03533811269880971,-0.10298645496368408,-0.05176335573196411,-0.06743497549177846,-0.11293429136276245,-0.01993638277053833,-0.09213888047815999,-0.11897450685501099,0.003078460693359375,-0.10723625271202764,-0.0452502965927124,-0.07511866092681885,-0.04417186005593976,-0.06974619626998901,-0.038072437047958374,-0.06917045413138112,-0.08021658658981323,-0.0049256086349487305,-0.08206910042645177,-0.08547377586364746,0.01457071304321289,-0.09237038491846761,-0.00681912899017334,-0.061485469341278076,-0.05479699893476209,-0.02608489990234375,-0.028214335441589355,-0.0802420988547965,-0.03166764974594116,-0.005981564521789551,-0.08315301834227284,-0.038440167903900146,0.008899152278900146,-0.08451281635643682,0.026591002941131592,-0.03834250569343567,-0.06640312223316869,0.01986992359161377,-0.016905605792999268,-0.0856010705101653,0.011961519718170166,-0.002749621868133545,-0.08546848742844304,0.0013938546180725098,0.004505276679992676,-0.08435242025734624
0.0,0.0,0.0,-0.05013161897659302,-0.00019407272338867188,-0.011411552822437443,-0.09390395879745483,0.002729356288909912,-0.03025582576378838,-0.1300363540649414,0.011039197444915771,-0.050248214548673786,-0.1613866686820984,0.022203922271728516,-0.07107506090983406,-0.07796680927276611,-0.07491850852966309,-0.03245202223047272,-0.10064041614532471,-0.058275043964385986,-0.0582285351513292,-0.11141657829284668,-0.024366557598114014,-0.07903678113802926,-0.11649829149246216,0.0050545334815979,-0.09144175941332833,-0.04053235054016113,-0.0756775438785553,-0.040491913950290837,-0.06397390365600586,-0.048069387674331665,-0.060050440525856175,-0.07280033826828003,-0.012639760971069336,-0.07111865425690667,-0.07573741674423218,0.01564079523086548,-0.07954862857445733,-0.004975736141204834,-0.060550153255462646,-0.04933091769203202,-0.023416101932525635,-0.033628761768341064,-0.06792496288403527,-0.031200408935546875,-0.0048531293869018555,-0.07078569526061074,-0.03803229331970215,0.019885659217834473,-0.07228641355618493,0.02621006965637207,-0.038123250007629395,-0.05896661574229256,0.021308183670043945,-0.01858621835708618,-0.07174424225672738,0.012794554233551025,-0.003885507583618164,-0.07056447262152687,0.0022153258323669434,0.008071720600128174,-0.06899826372250573
0.0,0.0,0.0,-0.04649317264556885,0.0009780526161193848,-0.01577525763573817,-0.08890736103057861,0.006646692752838135,-0.03800952798488311,-0.1253032684326172,0.017381250858306885,-0.060812000099446095,-0.15907174348831177,0.02708333730697632,-0.08511234066250495,-0.06744951009750366,-0.07274490594863892,-0.04159133500220946,-0.09323585033416748,-0.054445117712020874,-0.07072952381136588,-0.10619693994522095,-0.023219645023345947,-0.09381449213984183,-0.11309897899627686,0.0028658509254455566,-0.107216142032172,-0.029985487461090088,-0.07146850228309631,-0.047990403983618535,-0.05400848388671875,-0.042809128761291504,-0.06984375408652,-0.06558674573898315,-0.008957445621490479,-0.08299188307287864,-0.07109326124191284,0.017495393753051758,-0.09294218561413459,0.005238711833953857,-0.0547022819519043,-0.055078785780693806,-0.013517498970031738,-0.02543497085571289,-0.07532302281620673,-0.02456420660018921,0.0037149786949157715,-0.08040876677992514,-0.03477191925048828,0.02658599615097046,-0.08322650185587577,0.03568226099014282,-0.03274822235107422,-0.06321302792790107,0.0299721360206604,-0.014865875244140625,-0.0756391658520954,0.020219147205352783,0.00038295984268188477,-0.07472672304871253,0.008746683597564697,0.012286663055419922,-0.07356123617651633
0.0,0.0,0.0,-0.04262185096740723,-0.006324648857116699,-0.013806113375295581,-0.0838356614112854,-0.003777146339416504,-0.03272909611271757,-0.11580634117126465,0.00839012861251831,-0.052450511006583156,-0.14037984609603882,0.025495052337646484,-0.07346935882972616,-0.06436234712600708,-0.07055065035820007,-0.033782306460608424,-0.09134948253631592,-0.05131581425666809,-0.0583785654585256,-0.10313063859939575,-0.018233060836791992,-0.07820064142154592,-0.10758095979690552,0.010653257369995117,-0.0893209756891622,-0.02807861566543579,-0.0683581531047821,-0.03884701743530172,-0.05338168144226074,-0.033519744873046875,-0.05722994670080084,-0.06162792444229126,3.0159950256347656e-05,-0.06810634150909323,-0.06357008218765259,0.027607321739196777,-0.0758363263289823,0.005803108215332031,-0.05193391442298889,-0.044617398975361766,-0.014739394187927246,-0.01666438579559326,-0.06107389122055906,-0.024070799350738525,0.00969552993774414,-0.06556657269405264,-0.03087294101715088,0.030088961124420166,-0.06767046764301199,0.03624039888381958,-0.030877530574798584,-0.05141681000398535,0.028137266635894775,-0.006820201873779297,-0.06034779116319555,0.01957911252975464,0.00687253475189209,-0.05878071054624456,0.011479735374450684,0.016349971294403076,-0.05701511293457884
0.0,0.0,0.0,-0.04278850555419922,-0.0012097358703613281,-0.014184549037537408,-0.08404725790023804,0.003921449184417725,-0.034375722106716466,-0.1181071400642395,0.01762622594833374,-0.0551879019999717,-0.14773380756378174,0.03227496147155762,-0.07740854337455971,-0.06326508522033691,-0.06903654336929321,-0.037209740426561666,-0.08850830793380737,-0.04892301559448242,-0.06259245290996773,-0.1002885103225708,-0.019637703895568848,-0.08298095926286919,-0.10594230890274048,0.007008910179138184,-0.09470739081146462,-0.02693420648574829,-0.06893560290336609,-0.042788038548252416,-0.04961949586868286,-0.03513288497924805,-0.060687253769657445,-0.05701291561126709,-0.0026987195014953613,-0.0716199265384887,-0.05958932638168335,0.024043917655944824,-0.0801004306936477,0.007492661476135254,-0.05241754651069641,-0.04882987826707108,-0.00951528549194336,-0.020797014236450195,-0.065585425641558,-0.01747030019760132,0.007371842861175537,-0.06943072989227517,-0.025037765502929688,0.030661463737487793,-0.07146472349407418,0.03736394643783569,-0.030595123767852783,-0.05586541682126267,0.0330081582069397,-0.010722994804382324,-0.06582161649706109,0.025601565837860107,0.0019661784172058105,-0.0641249404812072,0.01689624786376953,0.012292146682739258,-0.062299045320770574
0.0,0.0,0.0,-0.04763627052307129,-0.001706540584564209,-0.01140155701014578,-0.08631634712219238,0.0024853944778442383,-0.029561070371897813,-0.11525481939315796,0.012929439544677734,-0.04913798498037636,-0.14072179794311523,0.0262414813041687,-0.06970518233302414,-0.07201659679412842,-0.07472366094589233,-0.03096883336129963,-0.09620153903961182,-0.059858500957489014,-0.05676744656685173,-0.10609084367752075,-0.0243493914604187,-0.07720627786639511,-0.10936874151229858,0.006171226501464844,-0.08893913181546509,-0.03494971990585327,-0.07463479042053223,-0.03871337847832024,-0.057382285594940186,-0.052104175090789795,-0.058823352326186296,-0.06628471612930298,-0.013132810592651367,-0.06956785323146164,-0.06880903244018555,0.018467843532562256,-0.07696598919156372,-6.431341171264648e-05,-0.05864095687866211,-0.04742015676620781,-0.015153348445892334,-0.037381112575531006,-0.06671759637120545,-0.024598538875579834,-0.005531787872314453,-0.06998121889355957,-0.03233754634857178,0.02190011739730835,-0.07091853918555557,0.030663251876831055,-0.035480380058288574,-0.05688483791473686,0.028864800930023193,-0.02053612470626831,-0.06981482507708847,0.019008517265319824,-0.0027173757553100586,-0.0686299070906955,0.007786393165588379,0.013135313987731934,-0.06661520304206192
0.0,0.0,0.0,-0.045379698276519775,-0.0005239248275756836,-0.01193375668898966,-0.08434915542602539,0.005081772804260254,-0.030266478354491255,-0.11495643854141235,0.015199244022369385,-0.049569066310681364,-0.14281690120697021,0.025896906852722168,-0.07001491978243735,-0.06875622272491455,-0.07024484872817993,-0.03396969630793478,-0.09551972150802612,-0.051282525062561035,-0.059014640445269606,-0.10664433240890503,-0.018322527408599854,-0.07870661064461615,-0.1111258864402771,0.008936882019042969,-0.09003332599476721,-0.033054351806640625,-0.0704319179058075,-0.040641508693255446,-0.059469521045684814,-0.0393524169921875,-0.059372737700499556,-0.06964492797851562,-0.0038724541664123535,-0.06962915852145102,-0.07308310270309448,0.02352839708328247,-0.07729456915930655,0.0009747147560119629,-0.05567038059234619,-0.04795316948965933,-0.01850426197052002,-0.024234890937805176,-0.06542387201861288,-0.027240216732025146,0.0042067766189575195,-0.0686896924622431,-0.03340792655944824,0.025884807109832764,-0.0703618784196749,0.03135579824447632,-0.034423887729644775,-0.05614345862940695,0.024393141269683838,-0.011949002742767334,-0.06729614331797507,0.015421032905578613,0.004325151443481445,-0.06611381813362982,0.00705188512802124,0.015530049800872803,-0.0646453757532015
0.0,0.0,0.0,-0.0470394492149353,-0.000923454761505127,-0.01118098272621637,-0.08676004409790039,0.0035872459411621094,-0.02966280820459133,-0.11737078428268433,0.012754559516906738,-0.049445593530833776,-0.14563137292861938,0.024224460124969482,-0.0701613927134872,-0.07345986366271973,-0.07512134313583374,-0.03232641311973339,-0.09945952892303467,-0.06127384305000305,-0.05859460848063236,-0.11077982187271118,-0.0252036452293396,-0.07944207432359462,-0.11567813158035278,0.006278038024902344,-0.09149084779113537,-0.036814868450164795,-0.07547667622566223,-0.04017201977461582,-0.06266206502914429,-0.05131322145462036,-0.060425648266971166,-0.07445508241653442,-0.010722875595092773,-0.07093073221534496,-0.07864922285079956,0.02193152904510498,-0.07813582363218075,-0.0016337037086486816,-0.05949863791465759,-0.04888197200983768,-0.020266711711883545,-0.0374637246131897,-0.06699974628776317,-0.030906498432159424,-0.0062683820724487305,-0.06940625401824718,-0.03867000341415405,0.019565939903259277,-0.07023771646112209,0.02962738275527954,-0.035529911518096924,-0.05845857950538402,0.023632049560546875,-0.017212390899658203,-0.07064427974313503,0.012697756290435791,-0.0014220476150512695,-0.06945808025687938,0.001826167106628418,0.010244429111480713,-0.06767436655849224
0.0,0.0,0.0,-0.0494425892829895,-0.002567112445831299,-0.010894145763927554,-0.09215575456619263,-0.0016714930534362793,-0.028555776871257876,-0.1257230043411255,0.008173882961273193,-0.04742597038250551,-0.15517371892929077,0.02385181188583374,-0.06712352851729975,-0.07841843366622925,-0.07816505432128906,-0.031057126767450427,-0.10248005390167236,-0.061669498682022095,-0.05645208428006754,-0.11320704221725464,-0.027767956256866455,-0.07656573126416788,-0.11755454540252686,0.0013523101806640625,-0.08834341535668955,-0.04127979278564453,-0.0799064040184021,-0.038915023155027484,-0.06687909364700317,-0.05051088333129883,-0.058223154343181704,-0.07670027017593384,-0.012902319431304932,-0.0688181034694253,-0.07974368333816528,0.017422080039978027,-0.0764591283569871,-0.005341172218322754,-0.06456264853477478,-0.04754857713680849,-0.023251116275787354,-0.03694140911102295,-0.06626642862659082,-0.03080129623413086,-0.007869362831115723,-0.06973475585084543,-0.03741133213043213,0.017299950122833252,-0.07113273063998804,0.0265425443649292,-0.0414423942565918,-0.056866113043838595,0.021976053714752197,-0.022433996200561523,-0.06966287264924631,0.013363242149353027,-0.007067739963531494,-0.06875070551734552,0.0030440688133239746,0.006287336349487305,-0.06703413645129785
0.0,0.0,0.0,-0.04171860218048096,0.002336561679840088,-0.016832965195675342,-0.08612537384033203,0.0076403021812438965,-0.03815327841093108,-0.12462824583053589,0.018852055072784424,-0.05948851141383216,-0.15759289264678955,0.027604222297668457,-0.08226166549374625,-0.0637471079826355,-0.06617337465286255,-0.04221574473430678,-0.08890146017074585,-0.04351341724395752,-0.06835543248107001,-0.09962660074234009,-0.01326066255569458,-0.08857661369492575,-0.10474467277526855,0.01227504014968872,-0.10020874324490592,-0.026327848434448242,-0.06685686111450195,-0.04616450029661223,-0.04887574911117554,-0.03616994619369507,-0.06550922873665854,-0.059840261936187744,-0.00282442569732666,-0.0766167703573899,-0.06590056419372559,0.02483189105987549,-0.0851563576166825,0.008740007877349854,-0.05255952477455139,-0.05050321552207038,-0.009576678276062012,-0.020784735679626465,-0.06830589357068106,-0.01941579580307007,0.00623852014541626,-0.07311468455245063,-0.027680933475494385,0.028403282165527344,-0.07594326022316977,0.0391232967376709,-0.03272897005081177,-0.05597074958731696,0.03289097547531128,-0.008546531200408936,-0.06697688135554358,0.023835718631744385,0.005137741565704346,-0.06686961534668967,0.014357984066009521,0.015459775924682617,-0.06633553537776038
0.0,0.0,0.0,-0.04649960994720459,0.002821028232574463,-0.015199926212943637,-0.08826535940170288,0.007474660873413086,-0.03607244835845336,-0.12187159061431885,0.01565849781036377,-0.05749379144660338,-0.15391415357589722,0.02539503574371338,-0.079921011344112,-0.07294487953186035,-0.07177916169166565,-0.04027931438437804,-0.09604954719543457,-0.052865833044052124,-0.07019614101997718,-0.10649669170379639,-0.019402027130126953,-0.09341441513649329,-0.11225658655166626,0.0096055269241333,-0.10676887305132254,-0.034436702728271484,-0.07514005899429321,-0.04724461631528243,-0.057054758071899414,-0.045171141624450684,-0.07040150882355078,-0.06862276792526245,-0.00932687520980835,-0.08317668409696921,-0.07423955202102661,0.021165907382965088,-0.0923159834896694,0.003169238567352295,-0.06122976541519165,-0.055213466749108875,-0.013207435607910156,-0.03012782335281372,-0.07741070957533225,-0.024531781673431396,-0.0007998943328857422,-0.08249988825670584,-0.03468447923660278,0.02435833215713501,-0.08474580617300376,0.03631258010864258,-0.04015243053436279,-0.06416513444534644,0.03212249279022217,-0.020166754722595215,-0.07899965764633521,0.022382616996765137,-0.003278970718383789,-0.07933064223877295,0.010968685150146484,0.01105809211730957,-0.07860764534822806
0.0,0.0,0.0,-0.1319926381111145,0.03688317537307739,0.04127992479328668,-0.22024217247962952,0.05548834800720215,0.009559868594749332,-0.2824310064315796,0.09293943643569946,-0.028433420004205345,-0.34868213534355164,0.13378536701202393,-0.0784415586459204,-0.24682924151420593,-0.03359246253967285,-0.16217872338171446,-0.34999245405197144,0.035173118114471436,-0.25235259370680296,-0.42180851101875305,0.08571398258209229,-0.30360573367948973,-0.47110074758529663,0.14193624258041382,-0.34043797688360655,-0.19922590255737305,-0.02251434326171875,-0.22517385916586363,-0.3070968985557556,0.03642129898071289,-0.33834412531729186,-0.3815045952796936,0.09391307830810547,-0.3996434493529364,-0.4488464891910553,0.14933431148529053,-0.44869810180540526,-0.14004510641098022,0.0018365979194641113,-0.2752506716715857,-0.22808125615119934,0.061100780963897705,-0.3904739006030127,-0.3016732931137085,0.11032837629318237,-0.4599817677008673,-0.35982468724250793,0.1586630940437317,-0.5094819350707098,-0.08288711309432983,0.03841745853424072,-0.3117470129000708,-0.12468135356903076,0.07390373945236206,-0.41948890523786986,-0.17352303862571716,0.10641014575958252,-0.484707055853562,-0.21942344307899475,0.14546865224838257,-0.5362956209647223
0.0,0.0,0.0,-0.11917471885681152,0.016319215297698975,0.014522476027366338,-0.21617507934570312,0.04125899076461792,-0.018124197704139533,-0.28187742829322815,0.068606436252594,-0.05361144533509332,-0.34276413917541504,0.1039891242980957,-0.09945984473580438,-0.23949414491653442,-0.04295569658279419,-0.1428344949161442,-0.3434127867221832,0.04183167219161987,-0.2172496869241627,-0.4108128398656845,0.09369593858718872,-0.2600075109874638,-0.4640246331691742,0.14688736200332642,-0.2914628787910374,-0.19283440709114075,-0.03866297006607056,-0.18851802786940652,-0.30811357498168945,0.054917216300964355,-0.2728774352943333,-0.3800113797187805,0.12042194604873657,-0.318529556599799,-0.4440150707960129,0.17731261253356934,-0.358466844168845,-0.1370522379875183,-0.011123061180114746,-0.22642950257414896,-0.2410660684108734,0.07535111904144287,-0.31283230623358804,-0.31086546182632446,0.1341475248336792,-0.3643128379260929,-0.3661080002784729,0.1869174838066101,-0.404030124751273,-0.07950001955032349,0.033316969871520996,-0.2562812074100407,-0.13145890831947327,0.08460593223571777,-0.3422431453143986,-0.17831116914749146,0.12319022417068481,-0.3928212030803593,-0.2234811782836914,0.1653844714164734,-0.43323210915679056
0.0,0.0,0.0,-0.1362379789352417,0.023754656314849854,-0.012166910116405916,-0.2523965537548065,0.013447344303131104,-0.04047925049516721,-0.3362950086593628,0.006853044033050537,-0.0684534872517304,-0.4109165519475937,0.002337157726287842,-0.10122947791668935,-0.22768473625183105,-0.12772387266159058,-0.09412435093972249,-0.34988605976104736,-0.08535254001617432,-0.15193421790453954,-0.42542991042137146,-0.060041844844818115,-0.19094177732321782,-0.4902077913284302,-0.03939324617385864,-0.22046100745055242,-0.1863965392112732,-0.1225857138633728,-0.11969626346680684,-0.32124561071395874,-0.06974118947982788,-0.17721306929442449,-0.4031502604484558,-0.03266572952270508,-0.20795455226752324,-0.4707166254520416,-0.009214937686920166,-0.2357626820549683,-0.13877516984939575,-0.09000200033187866,-0.14497804293486638,-0.26582974195480347,-0.04355734586715698,-0.2024561876997666,-0.33783450722694397,0.001055300235748291,-0.22562779137942357,-0.39348798990249634,0.030044257640838623,-0.24399535009715123,-0.08768171072006226,-0.03271126747131348,-0.16963392147872014,-0.16321149468421936,-0.011746704578399658,-0.23233346292826695,-0.22456145286560059,0.0051544904708862305,-0.263825070355864,-0.2807387709617615,0.011258065700531006,-0.28630627343508763
0.0,0.0,0.0,-0.07836061716079712,0.002096027135848999,-0.0424482267343933,-0.14625388383865356,0.012717634439468384,-0.0936659466469223,-0.1958727240562439,0.0384620726108551,-0.1443572979414398,-0.21026283502578735,0.05923911929130554,-0.20202580504059142,-0.12783709168434143,-0.01131489872932434,-0.14062118939995116,-0.1894904375076294,0.04011353850364685,-0.20189659707187957,-0.2127561867237091,0.06152603030204773,-0.2443626713001663,-0.2266654372215271,0.07423338294029236,-0.272836853190654,-0.07171636819839478,-0.005142420530319214,-0.1508403759443695,-0.11198464035987854,0.0412120521068573,-0.210618738456958,-0.13806724548339844,0.06791362166404724,-0.2457749735557968,-0.1610865592956543,0.07295867800712585,-0.275371659919017,-0.00967329740524292,0.011025696992874146,-0.15855539254783935,-0.036002933979034424,0.039142459630966187,-0.21774138919948882,-0.06870660185813904,0.05633363127708435,-0.24684679917930907,-0.10278242826461792,0.058675915002822876,-0.26699890606045074,0.050546109676361084,0.036154478788375854,-0.1678899865591461,0.04280978441238403,0.057204633951187134,-0.21462837271332091,0.016938626766204834,0.06914028525352478,-0.23237128965496368,-0.015719234943389893,0.06643363833427429,-0.24751927368282622
0.0,0.0,0.0,-0.06997263431549072,0.0074201226234436035,-0.056048759655197955,-0.13813045620918274,-0.009357035160064697,-0.10747476427360425,-0.17907235026359558,0.01184380054473877,-0.15463161228700528,-0.18029895424842834,0.03129124641418457,-0.20560015498205075,-0.08436781167984009,-0.055956751108169556,-0.12260898707910428,-0.13731053471565247,-0.003804624080657959,-0.17125408111616025,-0.17324864864349365,0.0334436297416687,-0.20698912201925168,-0.19319379329681396,0.04136788845062256,-0.23274910210176358,-0.023586004972457886,-0.045414477586746216,-0.12243513523145566,-0.06955045461654663,-0.006830155849456787,-0.17390429733796964,-0.10797783732414246,0.02624446153640747,-0.20609904585882077,-0.13706332445144653,0.04286760091781616,-0.23158086596532712,0.03428354859352112,-0.025208652019500732,-0.12183283774658094,0.00354611873626709,-0.0004089474678039551,-0.17208923159643064,-0.034058600664138794,0.0262489914894104,-0.1931190466742123,-0.07347097992897034,0.045711517333984375,-0.206163865910014,0.08844295144081116,-0.0009651780128479004,-0.12441888211770902,0.09779712557792664,0.01557302474975586,-0.1585552519421185,0.06938478350639343,0.03218662738800049,-0.16608555375142942,0.02937498688697815,0.04059666395187378,-0.17278919874235044
0.0,0.0,0.0,-0.08879411220550537,-0.006665706634521484,-0.0276563789299189,-0.15112033486366272,-0.006720006465911865,-0.06231252360851158,-0.18949681520462036,-0.005251765251159668,-0.09495266411215653,-0.21590223908424377,-0.00431370735168457,-0.12595648947865357,-0.12678614258766174,-0.11386099457740784,-0.0748610112419783,-0.18347150087356567,-0.0519525408744812,-0.11396086100251068,-0.19481736421585083,-0.006319999694824219,-0.13376824442059387,-0.20194846391677856,0.012641310691833496,-0.1475299436202704,-0.07006579637527466,-0.12204316258430481,-0.08591852966458191,-0.1278354525566101,-0.018229901790618896,-0.12432815018803467,-0.14106804132461548,0.024359464645385742,-0.1376288670650183,-0.1514321267604828,0.027218163013458252,-0.14964486542851319,-0.014415204524993896,-0.10020703077316284,-0.09836942586809982,-0.07234972715377808,-0.017215847969055176,-0.1347813147655188,-0.094917893409729,0.013375580310821533,-0.136553733383721,-0.11815163493156433,0.01084756851196289,-0.13970710221440186,0.03533691167831421,-0.06271880865097046,-0.11306367698819031,0.014470517635345459,-0.005036115646362305,-0.14440947655350556,-0.001998424530029297,0.010560572147369385,-0.1480046201101004,-0.02220362424850464,0.003936886787414551,-0.15002913657338013
0.0,0.0,0.0,-0.055552005767822266,0.0028800368309020996,-0.02608561125197184,-0.1004534363746643,0.0068666934967041016,-0.059857513574741006,-0.12763145565986633,0.020954608917236328,-0.0920266768018223,-0.16830205917358398,0.03589355945587158,-0.1286177223602749,-0.11503845453262329,-0.1131695806980133,-0.08663777616419566,-0.1785460114479065,-0.08533370494842529,-0.12987278756298792,-0.21303439140319824,-0.05330294370651245,-0.15489855763115656,-0.24047181010246277,-0.023845314979553223,-0.17024232801594508,-0.0688551664352417,-0.12049010396003723,-0.09992228802838099,-0.13436144590377808,-0.08386939764022827,-0.14569881912865412,-0.17740297317504883,-0.03662467002868652,-0.1679481303373791,-0.2140084207057953,-0.003132939338684082,-0.18217541631855738,-0.019297003746032715,-0.10186469554901123,-0.11284903791346323,-0.07173636555671692,-0.05708664655685425,-0.1576707100550152,-0.09429728984832764,-0.016660332679748535,-0.17179701086678278,-0.11470198631286621,-0.0032802224159240723,-0.179598305193565,0.026070237159729004,-0.06587284803390503,-0.1263117229620434,0.008857429027557373,-0.01705479621887207,-0.16326304134526026,-0.0061511993408203125,0.010615408420562744,-0.17132036742367518,-0.021419823169708252,0.014387965202331543,-0.1752791291157223
0.0,0.0,0.0,-0.09014281630516052,0.015348553657531738,-0.03915464491859666,-0.16216081380844116,0.014755845069885254,-0.07338988022223703,-0.20291894674301147,0.015325605869293213,-0.10316584990636102,-0.22697144746780396,0.010964930057525635,-0.1308063490809559,-0.12674883008003235,-0.09581071138381958,-0.08575829849854699,-0.18339115381240845,-0.009359657764434814,-0.12316600219622842,-0.19108101725578308,0.02483844757080078,-0.1402336283148884,-0.19208794832229614,0.02650231122970581,-0.1510801537455677,-0.05788767337799072,-0.10966271162033081,-0.08993664370194665,-0.10854092240333557,-0.0006000399589538574,-0.12776023880854837,-0.11268934607505798,0.03463166952133179,-0.1381647361935734,-0.11053234338760376,0.03456985950469971,-0.14685822264567605,0.007476806640625,-0.0952754020690918,-0.0957426203908085,-0.036165714263916016,-0.006677508354187012,-0.13536854819670907,-0.0506972074508667,0.02819424867630005,-0.13627233342543832,-0.06295636296272278,0.03252589702606201,-0.13577871755973092,0.06725955009460449,-0.0653732419013977,-0.10445864484921685,0.0523795485496521,-0.010166525840759277,-0.1356068177641987,0.03427773714065552,0.02216130495071411,-0.13623791174308053,0.016543328762054443,0.034297406673431396,-0.13467136756793252
0.0,0.0,0.0,-0.09345576167106628,0.013599395751953125,-0.03451344592144778,-0.16643944382667542,0.020182490348815918,-0.07288698700835994,-0.21123996376991272,0.03186553716659546,-0.10827360896041682,-0.24433353543281555,0.03202176094055176,-0.14367174205949595,-0.1382158100605011,-0.10399508476257324,-0.09142060426643184,-0.18688085675239563,-0.04673844575881958,-0.14275178907087138,-0.2109287977218628,-0.0048667192459106445,-0.17468485829999736,-0.22853586077690125,0.030955374240875244,-0.19432639179399303,-0.0782502293586731,-0.11828744411468506,-0.1023316964285641,-0.129325270652771,-0.026941776275634766,-0.14884491858651927,-0.15182027220726013,0.02429187297821045,-0.168580776430872,-0.16414141654968262,0.05228382349014282,-0.18357550201585582,-0.018018782138824463,-0.0998120903968811,-0.11483600584438136,-0.06038209795951843,-0.012044906616210938,-0.16004656849077037,-0.08307284116744995,0.0300065279006958,-0.16625860927274516,-0.10185614228248596,0.05066913366317749,-0.1697150230186253,0.037079811096191406,-0.06264621019363403,-0.1300692766683369,0.015791773796081543,-0.0015766024589538574,-0.1679021030442982,-0.003714442253112793,0.034132421016693115,-0.17214808461835673,-0.023740410804748535,0.053100764751434326,-0.17329313454797557
0.0,0.0,0.0,-0.1071963906288147,0.018669068813323975,-0.03467500110406263,-0.18620887398719788,0.02458047866821289,-0.07154764135617597,-0.23680293560028076,0.034386396408081055,-0.10709434648293836,-0.2756754457950592,0.041846394538879395,-0.14350596715945585,-0.16234195232391357,-0.10108435153961182,-0.08126656611699445,-0.2091885209083557,-0.04914051294326782,-0.14371550728816374,-0.23921969532966614,0.0006479620933532715,-0.18842711200255735,-0.26353293657302856,0.04703551530838013,-0.21583802153605802,-0.10352298617362976,-0.11512702703475952,-0.09536064316768034,-0.15301984548568726,-0.03404444456100464,-0.1542429690553604,-0.18669778108596802,0.0259055495262146,-0.18455738474864347,-0.21060973405838013,0.06713831424713135,-0.2051862244798599,-0.04237133264541626,-0.09940552711486816,-0.11303834517735822,-0.08039194345474243,-0.017358779907226562,-0.1700392131998001,-0.10785138607025146,0.03164595365524292,-0.18456102063197477,-0.13225221633911133,0.06296712160110474,-0.19106719543475492,0.015305280685424805,-0.06417405605316162,-0.13349378754634245,-0.002380967140197754,-0.007000446319580078,-0.178251585860437,-0.023729324340820312,0.02922600507736206,-0.18747650732535703,-0.047274887561798096,0.0511167049407959,-0.19138804723758085
0.0,0.0,0.0,-0.10191595554351807,0.014713525772094727,-0.03317047755126623,-0.1758195161819458,0.02078711986541748,-0.06996996055249838,-0.2220158576965332,0.03244364261627197,-0.10518086801175741,-0.25722336769104004,0.040506184101104736,-0.14179100940827993,-0.1567443609237671,-0.10403543710708618,-0.08315219084624914,-0.2093617022037506,-0.04577261209487915,-0.14123729715947775,-0.2389804720878601,0.003681004047393799,-0.18219354103212027,-0.26162827014923096,0.0481266975402832,-0.2072151834786382,-0.09789383411407471,-0.11747068166732788,-0.09674891183976797,-0.15096458792686462,-0.035443007946014404,-0.15012691269521383,-0.1836145520210266,0.026217281818389893,-0.17689702759389547,-0.20516252517700195,0.06771302223205566,-0.19547767291669516,-0.035942792892456055,-0.09961158037185669,-0.11298353324536947,-0.0774492621421814,-0.018716037273406982,-0.1645063395321813,-0.1042701005935669,0.0331609845161438,-0.17529181490544943,-0.1260119080543518,0.06525588035583496,-0.17991132388715414,0.0220831036567688,-0.06149083375930786,-0.1318307007372823,-0.0018214583396911621,-0.004274427890777588,-0.1719795400917974,-0.02457737922668457,0.03308117389678955,-0.17740976164941458,-0.04700005054473877,0.05512470006942749,-0.17891051719789175
0.0,0.0,0.0,-0.1047632098197937,0.02838754653930664,-0.030356803624385975,-0.18043747544288635,0.04085886478424072,-0.06512583577489295,-0.23129114508628845,0.05655461549758911,-0.0989539601788465,-0.27706658840179443,0.06535577774047852,-0.1338941656932775,-0.1671205759048462,-0.09156990051269531,-0.08152375900601783,-0.21969455480575562,-0.04158902168273926,-0.13722548419093528,-0.24569520354270935,0.01686227321624756,-0.1751304172859136,-0.2653059959411621,0.0707160234451294,-0.19868584507560172,-0.10990986227989197,-0.10727012157440186,-0.09681625449513831,-0.1573065221309662,-0.020955443382263184,-0.15100947552775779,-0.1895759403705597,0.045659542083740234,-0.17883538240050711,-0.21381616592407227,0.09257030487060547,-0.19892222219561972,-0.04952418804168701,-0.09244370460510254,-0.11446580821132102,-0.08838564157485962,-0.0096663236618042,-0.1678410672531072,-0.11671248078346252,0.04443073272705078,-0.18252185517405906,-0.1420007050037384,0.08283162117004395,-0.19086073869323172,0.007845282554626465,-0.05831027030944824,-0.13413481944655814,-0.010273396968841553,0.0018502473831176758,-0.17937884265040793,-0.03147411346435547,0.04597163200378418,-0.18951577478503623,-0.05581653118133545,0.07706671953201294,-0.19454144471740165
0.0,0.0,0.0,-0.10877782106399536,0.0298730731010437,-0.03898640784393592,-0.18577712774276733,0.041555583477020264,-0.08170011329423232,-0.2361278235912323,0.05711239576339722,-0.12073428618680282,-0.2773289680480957,0.06498700380325317,-0.1599995611883287,-0.17048466205596924,-0.08325684070587158,-0.11026127326260848,-0.2181471884250641,-0.019181132316589355,-0.17086030232678695,-0.2453385293483734,0.02850937843322754,-0.20590901064645095,-0.267669141292572,0.07732897996902466,-0.22697171258698745,-0.11457622051239014,-0.09426945447921753,-0.12309977102052017,-0.15511849522590637,0.0135154128074646,-0.18453904676209731,-0.1806688904762268,0.0703842043876648,-0.20789524602662368,-0.1984773576259613,0.1053815484046936,-0.22428929495583816,-0.056135356426239014,-0.07709735631942749,-0.13804998683701797,-0.09597313404083252,0.02773994207382202,-0.1945674835420732,-0.11765450239181519,0.07191979885101318,-0.2030535607315187,-0.13565027713775635,0.0940207839012146,-0.20722543883096023,-0.00041925907135009766,-0.042618751525878906,-0.15598804938565536,-0.0200192928314209,0.023228049278259277,-0.20226016330491348,-0.0360293984413147,0.05582505464553833,-0.21063169526826186,-0.05372041463851929,0.0709831714630127,-0.21472465681802078
0.0,0.0,0.0,-0.10170918703079224,0.018433690071105957,-0.02653778750169522,-0.17630428075790405,0.02604144811630249,-0.055660339404823844,-0.22419971227645874,0.03727442026138306,-0.0842641204195047,-0.26264840364456177,0.04638737440109253,-0.1132340490417505,-0.16480094194412231,-0.09786230325698853,-0.06478886153269059,-0.21580058336257935,-0.04813122749328613,-0.11280213143396622,-0.2425977885723114,0.005265533924102783,-0.14632958765793092,-0.2605540454387665,0.05359005928039551,-0.1665070712165857,-0.10823366045951843,-0.11273831129074097,-0.07790708388853318,-0.15485495328903198,-0.019694387912750244,-0.12085782583523041,-0.18329733610153198,0.0405958890914917,-0.14332524534034974,-0.20218008756637573,0.07829040288925171,-0.15976504083442933,-0.04811131954193115,-0.09614968299865723,-0.09362468715477235,-0.08633774518966675,-0.005124330520629883,-0.13599789734649903,-0.1097257137298584,0.039918720722198486,-0.14630471761989838,-0.12863731384277344,0.06604653596878052,-0.15197097357082612,0.009753644466400146,-0.06128108501434326,-0.1116497724847818,-0.007088184356689453,-4.83393669128418e-05,-0.14649682339000947,-0.025368094444274902,0.03574204444885254,-0.15202437933254487,-0.044887006282806396,0.05818992853164673,-0.1538814961509729
0.0,0.0,0.0,-0.0859028697013855,0.024783849716186523,-0.039894139637908665,-0.15511924028396606,0.03975456953048706,-0.07688201056953403,-0.19487226009368896,0.06195563077926636,-0.11141193496223423,-0.2159494161605835,0.07486385107040405,-0.14664853947397205,-0.15579387545585632,-0.09114259481430054,-0.08198520379301044,-0.20764568448066711,-0.04658865928649902,-0.13674773113962146,-0.23244419693946838,0.001918494701385498,-0.1757495983147237,-0.24835020303726196,0.05147206783294678,-0.19845919149156543,-0.10109251737594604,-0.11302423477172852,-0.08894465701814624,-0.14403578639030457,-0.03864783048629761,-0.14439646737810108,-0.17180809378623962,0.02614748477935791,-0.17294458883043262,-0.1885274052619934,0.08535414934158325,-0.18968590932126972,-0.0399855375289917,-0.10600310564041138,-0.09899338917966816,-0.0716666579246521,-0.031488776206970215,-0.149959115555248,-0.09284967184066772,0.02328115701675415,-0.16444471316572162,-0.10955721139907837,0.07256609201431274,-0.16939820187326404,0.020370960235595703,-0.08105438947677612,-0.11203609990116092,0.010198891162872314,-0.029429733753204346,-0.1511669440769765,-0.008616626262664795,0.013321995735168457,-0.15893789963956806,-0.031166017055511475,0.04999864101409912,-0.1604677869581792
0.0,0.0,0.0,-0.0801582932472229,0.010664165019989014,-0.03877205139815487,-0.15050283074378967,0.016891121864318848,-0.07175972795903363,-0.19810542464256287,0.038898468017578125,-0.10202531254708447,-0.22619658708572388,0.06275063753128052,-0.13178336358487286,-0.15837904810905457,-0.08684641122817993,-0.07267157471596875,-0.2088625729084015,-0.02968543767929077,-0.11922555900036969,-0.23212018609046936,0.01146399974822998,-0.14922177529751934,-0.24616575241088867,0.04864579439163208,-0.166238335136768,-0.10440582036972046,-0.10989952087402344,-0.07718867546736874,-0.14577102661132812,-0.024012863636016846,-0.12793063855588116,-0.1633574664592743,0.029091298580169678,-0.15240677929341473,-0.17215201258659363,0.07558989524841309,-0.16558892763077893,-0.04410719871520996,-0.10618734359741211,-0.0846510428827969,-0.07818758487701416,-0.02642124891281128,-0.13101081288277783,-0.09691411256790161,0.019572436809539795,-0.14350793993889965,-0.11196282505989075,0.06109863519668579,-0.14681619143902935,0.016299188137054443,-0.08616137504577637,-0.09510680026232876,0.007304787635803223,-0.03700476884841919,-0.12933952844559826,-0.009517371654510498,0.002865016460418701,-0.13587440288483776,-0.029862523078918457,0.03687936067581177,-0.13660494721352734
0.0,0.0,0.0,-0.08405077457427979,0.02623957395553589,-0.030310062469084187,-0.15388205647468567,0.04054391384124756,-0.05948079355164282,-0.19819709658622742,0.05798715353012085,-0.08683655388756506,-0.22497034072875977,0.07183003425598145,-0.11419028021498434,-0.14512240886688232,-0.08072406053543091,-0.0692990271012377,-0.1905084252357483,-0.024128377437591553,-0.10323589272900335,-0.21056541800498962,0.017629683017730713,-0.12414889015360586,-0.22433778643608093,0.05313992500305176,-0.1368518767516207,-0.08379411697387695,-0.1054949164390564,-0.0760610846440386,-0.12070658802986145,0.0009270906448364258,-0.10877990700407736,-0.128119558095932,0.051429688930511475,-0.12311754353447668,-0.12980693578720093,0.08224010467529297,-0.1339819727103304,-0.019424915313720703,-0.09926474094390869,-0.08367174841566793,-0.05072677135467529,-0.0027452707290649414,-0.11538833357496969,-0.05911785364151001,0.0394209623336792,-0.11908767350121252,-0.06583505868911743,0.06698501110076904,-0.12095986284418814,0.04255908727645874,-0.07558512687683105,-0.09377787985010855,0.03075617551803589,-0.01230764389038086,-0.1186304462711405,0.014960944652557373,0.031089961528778076,-0.11814398296280615,-0.0020491480827331543,0.06186920404434204,-0.1160635647933077
0.0,0.0,0.0,-0.1076706051826477,0.05037283897399902,-0.07040379219037618,-0.19993263483047485,0.06700724363327026,-0.13785088829976644,-0.2623538374900818,0.08926570415496826,-0.19546056561452474,-0.31520724296569824,0.09993928670883179,-0.25435078911763753,-0.16330328583717346,-0.06486338376998901,-0.19402914516908254,-0.1994081437587738,-0.02958977222442627,-0.292186089086357,-0.2188459038734436,0.019207417964935303,-0.35287169389707174,-0.23213928937911987,0.07933270931243896,-0.3907995896814498,-0.09754794836044312,-0.08240586519241333,-0.20413073174935903,-0.13357800245285034,-0.005463123321533203,-0.30982244782430257,-0.16172808408737183,0.061171770095825195,-0.3635492699621352,-0.1816772222518921,0.11405909061431885,-0.40285149984342183,-0.03049921989440918,-0.07829791307449341,-0.21549121313077535,-0.05993664264678955,-0.005690813064575195,-0.3115434723375472,-0.08491134643554688,0.05020684003829956,-0.3485354261873397,-0.10318541526794434,0.0990515947341919,-0.3721446173666152,0.032963335514068604,-0.05520462989807129,-0.22965774707776632,0.02181851863861084,-0.01100379228591919,-0.3081724720476302,0.004995524883270264,0.033850908279418945,-0.339029647636238,-0.014413058757781982,0.0736798644065857,-0.3608576434133681
0.0,0.0,0.0,-0.09236913919448853,0.0304335355758667,-0.03584972894219618,-0.16383469104766846,0.048254191875457764,-0.0749518958332942,-0.20782190561294556,0.07159173488616943,-0.11222067600516539,-0.23989737033843994,0.08905166387557983,-0.15075950449733,-0.15128269791603088,-0.07829773426055908,-0.09151540821818571,-0.19455814361572266,-0.043813467025756836,-0.1551884574296878,-0.22047802805900574,0.01038062572479248,-0.2011585248115466,-0.24409833550453186,0.06558084487915039,-0.2294595105054782,-0.09504425525665283,-0.09665077924728394,-0.1048528266551898,-0.1352086365222931,-0.007094085216522217,-0.16440440839556913,-0.1694689393043518,0.06497925519943237,-0.19246414428977232,-0.19989746809005737,0.11852192878723145,-0.21209392076758604,-0.033447325229644775,-0.0868070125579834,-0.12134096896676283,-0.06984436511993408,0.007980883121490479,-0.17645523077277403,-0.09306502342224121,0.06554442644119263,-0.1865234387519763,-0.11808305978775024,0.10264861583709717,-0.1912720811965869,0.025594651699066162,-0.06317472457885742,-0.14078092700270872,0.009292423725128174,0.007647335529327393,-0.18424049145011168,-0.008683860301971436,0.052269697189331055,-0.1900908363464282,-0.03175151348114014,0.080436110496521,-0.19198626405028563
0.0,0.0,0.0,-0.10572314262390137,0.04570084810256958,-0.048577505624166406,-0.19077733159065247,0.06525194644927979,-0.09337803301798431,-0.24838578701019287,0.08427649736404419,-0.13283333507763473,-0.2970353960990906,0.09358632564544678,-0.17245312360512344,-0.16398680210113525,-0.07123494148254395,-0.11924311099039642,-0.20787492394447327,-0.0043225884437561035,-0.18983987299191085,-0.2310580015182495,0.04948228597640991,-0.23609282401787368,-0.2495235800743103,0.10204553604125977,-0.26496178237186996,-0.10000103712081909,-0.09259098768234253,-0.12987567809807388,-0.1391424536705017,0.018790006637573242,-0.20112751749741165,-0.16849538683891296,0.08807218074798584,-0.2339579793571147,-0.19374722242355347,0.13705825805664062,-0.2575691076873454,-0.03212416172027588,-0.08672982454299927,-0.1436189594625148,-0.06643611192703247,0.01591777801513672,-0.21328056184040634,-0.08892714977264404,0.07432091236114502,-0.22921358374344436,-0.11210191249847412,0.1153901219367981,-0.236936885392538,0.030876338481903076,-0.06261718273162842,-0.16038894978748885,0.01590174436569214,0.006764113903045654,-0.21927212504135696,-0.0023401379585266113,0.05427730083465576,-0.2331194761155757,-0.025422871112823486,0.08811724185943604,-0.23986634937512008
0.0,0.0,0.0,-0.09384071826934814,0.04643338918685913,-0.05839191475291727,-0.18031007051467896,0.05885803699493408,-0.1149249421932268,-0.24249231815338135,0.0712689757347107,-0.16264345222492693,-0.3055795133113861,0.07566982507705688,-0.2106513428070116,-0.1362936794757843,-0.06832724809646606,-0.1699374961235094,-0.17500144243240356,-0.043563902378082275,-0.2526802616693544,-0.19255894422531128,0.00596308708190918,-0.30152680450459,-0.20494073629379272,0.0664181113243103,-0.3317193286993074,-0.07828313112258911,-0.08730554580688477,-0.1789691942312288,-0.11349844932556152,-0.014445245265960693,-0.26764856749554156,-0.13735619187355042,0.05206739902496338,-0.3079609768964815,-0.1556892693042755,0.1081666350364685,-0.3377849357702303,-0.017632782459259033,-0.08401483297348022,-0.18876579874535082,-0.04500162601470947,-0.0057846903800964355,-0.2715622382738161,-0.06356239318847656,0.054394423961639404,-0.29836185747166155,-0.08393394947052002,0.10444849729537964,-0.3154353695489931,0.04030132293701172,-0.06330287456512451,-0.20046070688744067,0.03931671380996704,-0.015951693058013916,-0.2702910798170137,0.0279197096824646,0.03002762794494629,-0.2948841350652742,0.00606149435043335,0.06786376237869263,-0.3117626505472231
0.0,0.0,0.0,-0.09830933809280396,0.04481005668640137,-0.05355033403657217,-0.18349438905715942,0.05396348237991333,-0.10251398882292051,-0.24580425024032593,0.061108291149139404,-0.1453202491106822,-0.30757737159729004,0.06396245956420898,-0.1883226310314967,-0.14920219779014587,-0.08311289548873901,-0.13297076275966901,-0.18343320488929749,-0.029872238636016846,-0.21383043876312513,-0.20111459493637085,0.027172327041625977,-0.2666220342221095,-0.21408751606941223,0.08679336309432983,-0.2975024556221797,-0.08676862716674805,-0.10187345743179321,-0.14280579736850996,-0.11286044120788574,-0.016428649425506592,-0.22684123864792127,-0.13590151071548462,0.06323099136352539,-0.2647016321720912,-0.1509559154510498,0.1306438446044922,-0.28832959881447096,-0.020498812198638916,-0.096138596534729,-0.15563015392444868,-0.042932987213134766,-0.00959467887878418,-0.23563930144928236,-0.06108981370925903,0.06312912702560425,-0.254873571306689,-0.07651668787002563,0.12092471122741699,-0.26128929606102247,0.039730727672576904,-0.07220268249511719,-0.17110767713211317,0.034423768520355225,-0.012860476970672607,-0.23495146384857435,0.019164681434631348,0.04031330347061157,-0.25016256919525404,0.001405179500579834,0.0811777114868164,-0.2561078344883754
0.0,0.0,0.0,-0.08070600032806396,0.023351073265075684,-0.03332029686481519,-0.13714087009429932,0.03471881151199341,-0.07028493688613935,-0.16007238626480103,0.05586427450180054,-0.10522684858352704,-0.17324233055114746,0.08940470218658447,-0.14169626341373487,-0.13484930992126465,-0.10048443078994751,-0.08533781425268216,-0.16568046808242798,-0.05598396062850952,-0.1331197808793263,-0.17491883039474487,0.0018559694290161133,-0.163183722954102,-0.1780446469783783,0.06128150224685669,-0.17953789637596174,-0.07680249214172363,-0.1208009123802185,-0.09463483498603864,-0.09879326820373535,-0.041591525077819824,-0.14373755858451887,-0.10543477535247803,0.03227812051773071,-0.165841136436768,-0.10865819454193115,0.09890073537826538,-0.1780924986413197,-0.015309751033782959,-0.11645221710205078,-0.10452835665256544,-0.03415787220001221,-0.03549379110336304,-0.1499274264386372,-0.03812992572784424,0.032796621322631836,-0.1595814268401341,-0.0438838005065918,0.09148627519607544,-0.16166857288391157,0.04324120283126831,-0.09761971235275269,-0.1164576526096539,0.04491829872131348,-0.04370826482772827,-0.15109046206981702,0.040395915508270264,0.014133691787719727,-0.15362263129264875,0.030844569206237793,0.06294029951095581,-0.15151766346008344
0.0,0.0,0.0,-0.08354967832565308,0.033619582653045654,-0.030107263833883735,-0.1433570384979248,0.06150096654891968,-0.06637055835187766,-0.16948983073234558,0.09577947854995728,-0.10138795933187339,-0.1836562156677246,0.13644689321517944,-0.1391633342808518,-0.13563716411590576,-0.07400250434875488,-0.08784617146909568,-0.16982021927833557,-0.01184612512588501,-0.13895996323287818,-0.1809903383255005,0.05430394411087036,-0.17303151300609443,-0.18773239850997925,0.11285287141799927,-0.19271287730396125,-0.07770872116088867,-0.09329956769943237,-0.10065754166305396,-0.10178858041763306,0.005419671535491943,-0.15120144596755836,-0.11694437265396118,0.08741980791091919,-0.17449926248252723,-0.12797552347183228,0.1517728567123413,-0.1889966618126664,-0.016531646251678467,-0.0853918194770813,-0.11384232005536887,-0.03271663188934326,0.01331871747970581,-0.16233666649520728,-0.042020201683044434,0.08958536386489868,-0.17121039739311072,-0.0518871545791626,0.14752334356307983,-0.17283325305641029,0.03838944435119629,-0.060397982597351074,-0.128834877521399,0.03813493251800537,0.012964308261871338,-0.16539970448673103,0.02973073720932007,0.07256489992141724,-0.16646410933196876,0.016555845737457275,0.11756002902984619,-0.16349493375480506
0.0,0.0,0.0,-0.0964089035987854,0.0453646183013916,-0.04886684565417454,-0.17667073011398315,0.057263195514678955,-0.09331838040225193,-0.2345535159111023,0.0712617039680481,-0.13201921431891606,-0.29370731115341187,0.08113521337509155,-0.17083176224105046,-0.15131348371505737,-0.07790708541870117,-0.12137386201493428,-0.17722579836845398,-0.007232785224914551,-0.19260125605933354,-0.1854579746723175,0.04514443874359131,-0.23926214127413914,-0.19168436527252197,0.0970085859298706,-0.26781836895816014,-0.09065437316894531,-0.09748208522796631,-0.13181794433467076,-0.11082404851913452,0.011257350444793701,-0.20647711305491612,-0.12466233968734741,0.08185088634490967,-0.2434804364906995,-0.13487613201141357,0.13794845342636108,-0.2688155546652524,-0.025706768035888672,-0.09239155054092407,-0.14455413071982548,-0.04106271266937256,0.015207529067993164,-0.2176836654412,-0.05270826816558838,0.08030110597610474,-0.23862869291178868,-0.06474101543426514,0.13296538591384888,-0.248360596584007,0.032085299491882324,-0.06665968894958496,-0.15969438104502842,0.03262293338775635,0.0070792436599731445,-0.2196437939869611,0.023944377899169922,0.0579647421836853,-0.23584432153575108,0.010626792907714844,0.09673744440078735,-0.2438900098072736
0.0,0.0,0.0,-0.09604132175445557,0.05544233322143555,-0.040308955840828276,-0.1795770823955536,0.0703580379486084,-0.07626325242972598,-0.23677793145179749,0.07596266269683838,-0.10863008701062427,-0.29265856742858887,0.07951390743255615,-0.1410801445767902,-0.1505829393863678,-0.06785452365875244,-0.09632015579200015,-0.17933249473571777,-0.017585039138793945,-0.16077040486788974,-0.19159063696861267,0.03743743896484375,-0.20501885169005618,-0.20122656226158142,0.09479928016662598,-0.23155282788729892,-0.09197533130645752,-0.09357273578643799,-0.10766344123339877,-0.11351627111434937,-0.005404174327850342,-0.17311476521945224,-0.13409972190856934,0.07190132141113281,-0.20405221336341128,-0.14815428853034973,0.13688963651657104,-0.22460152559733615,-0.027655720710754395,-0.09275919198989868,-0.12201531582331882,-0.046491384506225586,-0.0032242536544799805,-0.187987569503548,-0.0602109432220459,0.06976234912872314,-0.20319787018752322,-0.07222795486450195,0.12888646125793457,-0.20802128665900455,0.0320587158203125,-0.07323998212814331,-0.13846326225257144,0.02623903751373291,-0.0089949369430542,-0.19388239436602817,0.013998091220855713,0.04819285869598389,-0.20573445015406833,-0.0011299848556518555,0.09368419647216797,-0.20934100800013766
0.0,0.0,0.0,-0.07950472831726074,0.03490346670150757,-0.03581616510570029,-0.1387578845024109,0.050604939460754395,-0.07298566629111747,-0.16635772585868835,0.0725102424621582,-0.10784857203185538,-0.19066739082336426,0.10932958126068115,-0.14471734543263892,-0.12950432300567627,-0.07551848888397217,-0.09062685300528983,-0.16719135642051697,-0.0302007794380188,-0.14394774516046027,-0.18168064951896667,0.027640163898468018,-0.17839604099214057,-0.19232851266860962,0.0828784704208374,-0.19710403163850287,-0.07267194986343384,-0.0936235785484314,-0.09980469425141791,-0.0995602011680603,-0.021825134754180908,-0.15742228408277015,-0.11290919780731201,0.05752766132354736,-0.1820103325408695,-0.12178730964660645,0.12447142601013184,-0.19386079390466193,-0.012608945369720459,-0.08796054124832153,-0.1100942217272518,-0.03374481201171875,-0.01783376932144165,-0.1638230927747486,-0.04674738645553589,0.05633509159088135,-0.17428321619451026,-0.06082499027252197,0.11615133285522461,-0.17412867625176887,0.04399764537811279,-0.06944352388381958,-0.1223012827795742,0.042727649211883545,-0.020611464977264404,-0.160499090747237,0.032213032245635986,0.03602886199951172,-0.1627826191943882,0.01585179567337036,0.0814027190208435,-0.15959289153039435
0.0,0.0,0.0,-0.08957028388977051,0.036038994789123535,-0.038583280979992196,-0.1663057804107666,0.04238861799240112,-0.07490239152252798,-0.2225549817085266,0.05089306831359863,-0.10810845205128317,-0.28096315264701843,0.06040388345718384,-0.14178369054138784,-0.14327669143676758,-0.08451849222183228,-0.0927364663177741,-0.1715899109840393,-0.03036433458328247,-0.1548339188987029,-0.17986387014389038,0.028968751430511475,-0.19629485019981985,-0.1854272484779358,0.08338963985443115,-0.22094697365105276,-0.08306580781936646,-0.10499739646911621,-0.10449126967728262,-0.10408949851989746,-0.025853633880615234,-0.16957913944065695,-0.11585193872451782,0.05295628309249878,-0.1995462686711562,-0.12344449758529663,0.11844897270202637,-0.21799882361233358,-0.019409358501434326,-0.10166406631469727,-0.11891031125128393,-0.035937726497650146,-0.024419307708740234,-0.18486410984337454,-0.04558420181274414,0.05193209648132324,-0.19903825828373556,-0.05559927225112915,0.11496210098266602,-0.20243488857090597,0.03782820701599121,-0.08088093996047974,-0.1350169093304885,0.03596013784408569,-0.021703124046325684,-0.1893803239756835,0.028818070888519287,0.03706091642379761,-0.19942261883556966,0.01736968755722046,0.08369255065917969,-0.20144998142063741
0.0,0.0,0.0,-0.09028148651123047,0.03636544942855835,-0.04141563420256489,-0.16479846835136414,0.04497659206390381,-0.08099876959880703,-0.22134140133857727,0.05421805381774902,-0.1150140898402583,-0.2781291604042053,0.06410753726959229,-0.14848400523027294,-0.14181417226791382,-0.08030569553375244,-0.11236031224092358,-0.16314327716827393,-0.011234462261199951,-0.17162160446008556,-0.17018944025039673,0.03932684659957886,-0.20785260071119183,-0.1749354898929596,0.08729588985443115,-0.229569523232783,-0.0832754373550415,-0.10100561380386353,-0.12163490672668331,-0.10075420141220093,0.010436594486236572,-0.1816148446973216,-0.1125946044921875,0.06940007209777832,-0.20964513589700573,-0.12189221382141113,0.11423182487487793,-0.23037567605337017,-0.020161092281341553,-0.09723073244094849,-0.13149219621976727,-0.03531759977340698,0.012587308883666992,-0.19021309782823437,-0.043018460273742676,0.06883752346038818,-0.20350745190938824,-0.05352663993835449,0.11220014095306396,-0.2105709301408183,0.036405861377716064,-0.07500588893890381,-0.14361573626359814,0.04198354482650757,-0.002515435218811035,-0.19353397061189526,0.03612828254699707,0.049246251583099365,-0.20395526160558575,0.02351599931716919,0.08905518054962158,-0.20865543057283276
0.0,0.0,0.0,-0.0989995002746582,0.051475584506988525,-0.037767974049017994,-0.18295592069625854,0.06344050168991089,-0.06844568005220708,-0.24088484048843384,0.06985658407211304,-0.09595048180239019,-0.29758942127227783,0.07628411054611206,-0.12307753911630925,-0.15302789211273193,-0.07572990655899048,-0.07738328477756795,-0.1807219386100769,-0.011468768119812012,-0.1352655713857871,-0.1930680274963379,0.048319876194000244,-0.17667157700674352,-0.20183232426643372,0.1034131646156311,-0.20215052118913945,-0.09290838241577148,-0.09620529413223267,-0.08692914000170049,-0.11550945043563843,0.009935200214385986,-0.13887600353376683,-0.13218992948532104,0.08064377307891846,-0.1645338808597785,-0.14711302518844604,0.1321759819984436,-0.1843300735058051,-0.028419911861419678,-0.09098249673843384,-0.10072657963650045,-0.046482205390930176,0.01810455322265625,-0.15506742647306737,-0.0575832724571228,0.08012199401855469,-0.16587462773935613,-0.07086551189422607,0.12672173976898193,-0.17070311060564336,0.030893802642822266,-0.06845998764038086,-0.1172015865744811,0.02828681468963623,0.008229494094848633,-0.16309799006597814,0.01851046085357666,0.058731138706207275,-0.17171630015985784,0.002913355827331543,0.09464359283447266,-0.17506424835340795
0.0,0.0,0.0,-0.08729541301727295,0.03089737892150879,-0.02887313436463046,-0.14803695678710938,0.05137038230895996,-0.06409606706097293,-0.1794249713420868,0.07176876068115234,-0.09925292800858188,-0.20831021666526794,0.0971074104309082,-0.13637230168774295,-0.1426679491996765,-0.08673906326293945,-0.07578133415177035,-0.17776477336883545,-0.033873558044433594,-0.13120362531140017,-0.19091755151748657,0.024529457092285156,-0.17111778627827334,-0.1994214951992035,0.0774378776550293,-0.19443273912861514,-0.08606284856796265,-0.10364216566085815,-0.09053393821909594,-0.11468374729156494,-0.01848423480987549,-0.1458953357835071,-0.1284361481666565,0.06186223030090332,-0.17219242822125125,-0.1355142593383789,0.12580054998397827,-0.18716545771553683,-0.0249403715133667,-0.09341490268707275,-0.10739761959507632,-0.04920244216918945,-0.008707642555236816,-0.1599787510533588,-0.06100815534591675,0.06407439708709717,-0.1708529479403751,-0.07144045829772949,0.12030935287475586,-0.17267217110588717,0.03258359432220459,-0.06729567050933838,-0.1261550969977634,0.0266074538230896,-6.699562072753906e-05,-0.1658412552972095,0.01566159725189209,0.054670095443725586,-0.1699337549109714,0.0014674663543701172,0.09616106748580933,-0.16854925822212863
0.0,0.0,0.0,-0.08141326904296875,0.03152233362197876,-0.029784530377924057,-0.1423197090625763,0.04874777793884277,-0.066622653952777,-0.17064210772514343,0.07244014739990234,-0.1017999890958663,-0.19195857644081116,0.10666978359222412,-0.13921487515324316,-0.12617391347885132,-0.08093500137329102,-0.088574478379428,-0.1572367548942566,-0.01768893003463745,-0.1384959388291236,-0.1692868173122406,0.03429073095321655,-0.17283532207363805,-0.1798822581768036,0.08595150709152222,-0.19280018096321783,-0.06745636463165283,-0.10163426399230957,-0.10105841045731268,-0.08976691961288452,-0.005678713321685791,-0.15282507424706182,-0.0957755446434021,0.06346631050109863,-0.17747296576851568,-0.1002734899520874,0.12108999490737915,-0.19236894135826788,-0.005366981029510498,-0.09481275081634521,-0.11348708157890997,-0.028065741062164307,-0.009105682373046875,-0.16100903039330206,-0.03417295217514038,0.05328667163848877,-0.17192994242066106,-0.044115424156188965,0.10534811019897461,-0.17571734075897893,0.05328106880187988,-0.07218265533447266,-0.12760590200775823,0.05487924814224243,-0.010608017444610596,-0.16366550510281286,0.04630422592163086,0.04395735263824463,-0.16696718519085607,0.030191540718078613,0.0893515944480896,-0.1663574594771262
0.0,0.0,0.0,-0.07930481433868408,0.02403545379638672,-0.011298977304591062,-0.13467633724212646,0.04723560810089111,-0.033539092634214285,-0.16323691606521606,0.08085095882415771,-0.05745786288787258,-0.17791259288787842,0.11496484279632568,-0.08339755842496288,-0.13034945726394653,-0.07074171304702759,-0.05172046134282482,-0.1627402901649475,-0.008701026439666748,-0.07652216265012157,-0.1755765676498413,0.04278397560119629,-0.09308857331086529,-0.18361514806747437,0.08026778697967529,-0.10470817843486202,-0.07372158765792847,-0.08471137285232544,-0.06597377220202816,-0.09818023443222046,0.04347550868988037,-0.08475801954079998,-0.1094675064086914,0.09850001335144043,-0.09667625883628261,-0.11846071481704712,0.12150973081588745,-0.10998102137853039,-0.013682723045349121,-0.07273149490356445,-0.07888804981519115,-0.03854900598526001,0.04957127571105957,-0.09726237366010082,-0.04996037483215332,0.09512585401535034,-0.10091504314948452,-0.0622439980506897,0.11472499370574951,-0.10732419649173153,0.04011434316635132,-0.046869516372680664,-0.09294921765138042,0.03569650650024414,0.03904581069946289,-0.10782918939401043,0.0257796049118042,0.07680827379226685,-0.10457971552420986,0.012665271759033203,0.09756767749786377,-0.10321792075444591
0.0,0.0,0.0,0.029908180236816406,-0.01985722780227661,-0.0277582267193921,0.05499458312988281,-0.0107039213180542,-0.04625267627526597,0.06919640302658081,0.01948678493499756,-0.0573871591954358,0.07947373390197754,0.047041356563568115,-0.0667882533638604,0.021206259727478027,0.014540672302246094,-0.0686004357307084,0.052049100399017334,0.05980551242828369,-0.08795625435997323,0.07277894020080566,0.07788586616516113,-0.09164994674612359,0.08754593133926392,0.08598268032073975,-0.09170721935917214,0.007501423358917236,0.04336804151535034,-0.06005907150794343,0.04126971960067749,0.08981150388717651,-0.07981765734840707,0.06630206108093262,0.10570162534713745,-0.07953110056806878,0.08303487300872803,0.10890823602676392,-0.07790551799227075,0.0020660758018493652,0.06657236814498901,-0.05126995312858895,0.03308981657028198,0.10928410291671753,-0.06863568442751244,0.05690091848373413,0.12093430757522583,-0.06754553782631234,0.07431256771087646,0.12092649936676025,-0.0644335793225892,0.0037450194358825684,0.08284604549407959,-0.043682933774483956,0.026981592178344727,0.11743330955505371,-0.058143549588216104,0.04540187120437622,0.129116952419281,-0.0612321356206067,0.0604320764541626,0.1300869584083557,-0.06137482914019898
0.0,0.0,0.0,-0.046147167682647705,0.014103800058364868,-0.002558679660069174,-0.07829362154006958,0.017123639583587646,-0.00808787682581169,-0.10249340534210205,0.01894649863243103,-0.015230149603667087,-0.12354421615600586,0.019793331623077393,-0.02271456794369442,-0.07713514566421509,-0.038392335176467896,0.0001233673629030818,-0.10280287265777588,-0.028761476278305054,-0.008749642982365913,-0.11709839105606079,-0.020589232444763184,-0.018743654354693717,-0.13037782907485962,-0.01627776026725769,-0.026735750599982566,-0.0658448338508606,-0.04203140735626221,-0.005535801979931421,-0.09406578540802002,-0.026495277881622314,-0.013998737200381584,-0.10984373092651367,-0.018207162618637085,-0.02215255761075241,-0.12450611591339111,-0.015551984310150146,-0.029307199283721275,-0.05194574594497681,-0.03811505436897278,-0.012489308244767017,-0.07760745286941528,-0.02528160810470581,-0.020962021886589355,-0.09256833791732788,-0.01906377077102661,-0.02398084813285095,-0.10638147592544556,-0.016584426164627075,-0.026644011601092643,-0.03641253709793091,-0.02754366397857666,-0.02004807965386135,-0.05248779058456421,-0.021805018186569214,-0.026892864718320197,-0.06524103879928589,-0.018949449062347412,-0.028212511553647346,-0.07753437757492065,-0.018179893493652344,-0.029365526153924293
0.0,0.0,0.0,-0.04481065273284912,0.014586001634597778,-0.0007528267400260802,-0.07625126838684082,0.019758552312850952,-0.004684545327435785,-0.09995836019515991,0.02546784281730652,-0.010231076967428976,-0.12011617422103882,0.028446823358535767,-0.016064727906595522,-0.07670652866363525,-0.03177639842033386,0.0013535557133224074,-0.10048788785934448,-0.02123814821243286,-0.006059628673355633,-0.11555725336074829,-0.01262250542640686,-0.014617249597321802,-0.1295730471611023,-0.007318466901779175,-0.021849017817984873,-0.06521177291870117,-0.03734883666038513,-0.0046849937592554625,-0.09119552373886108,-0.022008806467056274,-0.011626801681231314,-0.10609316825866699,-0.01325976848602295,-0.018947782222639376,-0.12079781293869019,-0.008648484945297241,-0.02560615003527289,-0.050625622272491455,-0.03542998433113098,-0.01164748169900065,-0.07470124959945679,-0.022668421268463135,-0.01925461762071734,-0.0891261100769043,-0.01666584610939026,-0.022190487239967638,-0.10235285758972168,-0.013167083263397217,-0.024771118764292055,-0.03416711091995239,-0.027433037757873535,-0.01889964774669295,-0.05142831802368164,-0.02019217610359192,-0.025444859866510683,-0.06350898742675781,-0.016065210103988647,-0.026418587420593553,-0.07447713613510132,-0.014196008443832397,-0.027167989168773943
0.0,0.0,0.0,-0.04458439350128174,0.016898036003112793,-0.0013605735430388677,-0.07514798641204834,0.023798823356628418,-0.0057547504247992265,-0.09840190410614014,0.030477851629257202,-0.012095400800731682,-0.1193501353263855,0.034617871046066284,-0.01874250612947037,-0.07676172256469727,-0.028305143117904663,0.0010769925147400272,-0.10116732120513916,-0.016363710165023804,-0.007405761832174562,-0.11613607406616211,-0.0074003636837005615,-0.01638570494743874,-0.1310240626335144,-0.0021240413188934326,-0.02394055083188107,-0.06560981273651123,-0.034762442111968994,-0.005841876582977079,-0.09235787391662598,-0.020705074071884155,-0.01461708985063126,-0.10738396644592285,-0.012504547834396362,-0.023008157236304783,-0.12336504459381104,-0.009016364812850952,-0.030187411902275585,-0.05085247755050659,-0.033470213413238525,-0.01389460798147013,-0.07262164354324341,-0.021172553300857544,-0.02359911866280129,-0.08640134334564209,-0.015497863292694092,-0.02780286662074616,-0.10063934326171875,-0.013001441955566406,-0.030987766308513187,-0.03446847200393677,-0.02510949969291687,-0.022291152475204967,-0.05017662048339844,-0.017465204000473022,-0.030405948607054256,-0.06177932024002075,-0.013509690761566162,-0.032495581282105945,-0.07345622777938843,-0.012280493974685669,-0.034117006433930896
0.0,0.0,0.0,-0.042555391788482666,0.013536274433135986,-0.003962441823176732,-0.07533228397369385,0.01771378517150879,-0.009269211916915765,-0.10065245628356934,0.023244082927703857,-0.015948785944573274,-0.12299239635467529,0.02710583806037903,-0.02280466678618609,-0.07776206731796265,-0.029265016317367554,-0.0028684127709937,-0.10208487510681152,-0.021683692932128906,-0.013084482877246728,-0.11717092990875244,-0.015051811933517456,-0.023017798094741693,-0.1317562460899353,-0.012064725160598755,-0.03129630397140204,-0.0657726526260376,-0.03541254997253418,-0.00881700637816607,-0.09079748392105103,-0.023758023977279663,-0.020051340116850724,-0.10531759262084961,-0.017625868320465088,-0.02949159639953791,-0.12034344673156738,-0.016042470932006836,-0.03716335306941687,-0.04966104030609131,-0.035055309534072876,-0.016059536962501397,-0.07276111841201782,-0.02621704339981079,-0.028475210546247354,-0.08721017837524414,-0.02146586775779724,-0.03349844227611243,-0.1015436053276062,-0.019507408142089844,-0.03686961392938315,-0.03099381923675537,-0.029258787631988525,-0.02369418415307223,-0.046530067920684814,-0.02543097734451294,-0.034713050826184144,-0.05824202299118042,-0.023016244173049927,-0.038067775322787156,-0.07015389204025269,-0.023123741149902344,-0.040159514649502626
0.0,0.0,0.0,-0.042682647705078125,0.018811196088790894,-0.0010975453418353709,-0.0741039514541626,0.023498326539993286,-0.006285988341332427,-0.09822481870651245,0.027284711599349976,-0.012936003121794215,-0.11911183595657349,0.03388199210166931,-0.020052571396590224,-0.07550430297851562,-0.029064923524856567,-0.004660382482470027,-0.10377031564712524,-0.017468959093093872,-0.014050889375866404,-0.12210220098495483,-0.008834868669509888,-0.022846837143660537,-0.13898569345474243,-0.0031890869140625,-0.030088762368322364,-0.06608039140701294,-0.03368547558784485,-0.011161871801377288,-0.09835976362228394,-0.014213234186172485,-0.020731175865293494,-0.11805599927902222,-0.0033768117427825928,-0.02877363431012725,-0.13717764616012573,0.0029339194297790527,-0.035779534454704276,-0.05255424976348877,-0.030413389205932617,-0.01811980138278102,-0.07963705062866211,-0.014656275510787964,-0.027572373475194922,-0.09596854448318481,-0.007510662078857422,-0.030861219938159934,-0.11146223545074463,-0.0038836300373077393,-0.0336556011692295,-0.03694945573806763,-0.02086806297302246,-0.025299337308169356,-0.053939223289489746,-0.013898849487304688,-0.033416050101877204,-0.06655734777450562,-0.00950312614440918,-0.03531488272106742,-0.07876187562942505,-0.008197993040084839,-0.03684793281114196
0.0,0.0,0.0,-0.04007774591445923,0.015814095735549927,-0.002556600228761141,-0.0673213005065918,0.023538857698440552,-0.008077418052469199,-0.0860103964805603,0.03005039691925049,-0.014849220954690878,-0.09880858659744263,0.031490474939346313,-0.022137362130795424,-0.07769441604614258,-0.026780396699905396,-0.004177929920022194,-0.10541194677352905,-0.014549165964126587,-0.013818584934686129,-0.1236419677734375,-0.005094051361083984,-0.023481100418482725,-0.13985615968704224,0.0009179115295410156,-0.031013419472490256,-0.0674443244934082,-0.030935287475585938,-0.010062046901200716,-0.09799981117248535,-0.015980064868927002,-0.01844612098566145,-0.11623251438140869,-0.007185578346252441,-0.026180896528874342,-0.13361036777496338,-0.0026439428329467773,-0.03292342051199526,-0.05384373664855957,-0.028415560722351074,-0.016840478026185934,-0.07818204164505005,-0.015501677989959717,-0.025303514295135443,-0.09287357330322266,-0.008509069681167603,-0.028150090568576758,-0.10627210140228271,-0.004974693059921265,-0.030607895546470587,-0.037863731384277344,-0.02073967456817627,-0.024148473136936133,-0.0537109375,-0.013783305883407593,-0.030940353491221373,-0.06413716077804565,-0.009236574172973633,-0.031363984190736716,-0.07410788536071777,-0.006990790367126465,-0.03174674659303278
0.0,0.0,0.0,-0.044043004512786865,0.012678563594818115,-0.003007328094660977,-0.0732998251914978,0.019171327352523804,-0.00885148784492884,-0.09366154670715332,0.023125797510147095,-0.016141283981248478,-0.10897606611251831,0.021528035402297974,-0.023833870611831287,-0.07671797275543213,-0.03337475657463074,-0.0026077131775466,-0.10217529535293579,-0.022250503301620483,-0.012714598051950077,-0.11893963813781738,-0.012930095195770264,-0.023262439019724468,-0.13470256328582764,-0.00757831335067749,-0.031763478837653736,-0.06551259756088257,-0.036729395389556885,-0.008853866442784408,-0.09281092882156372,-0.021023958921432495,-0.018237217984840015,-0.10851174592971802,-0.011227637529373169,-0.026783885158344845,-0.12420618534088135,-0.0074701011180877686,-0.03409402417366181,-0.051863670349121094,-0.0332091748714447,-0.016285640842959026,-0.07556670904159546,-0.01895001530647278,-0.025708790592595676,-0.08877235651016235,-0.01084020733833313,-0.028547722570344547,-0.10195863246917725,-0.0078043341636657715,-0.03094876716260586,-0.035719096660614014,-0.023401081562042236,-0.024378645889207462,-0.05173206329345703,-0.015466481447219849,-0.03234621482317124,-0.0628017783164978,-0.010796010494232178,-0.03328595282857094,-0.07414847612380981,-0.00943005084991455,-0.033946048192426304
0.0,0.0,0.0,-0.04571104049682617,0.013755172491073608,-0.0016619516121920697,-0.07623165845870972,0.015280157327651978,-0.005143550415965592,-0.09825772047042847,0.015784740447998047,-0.010247545508178746,-0.11593890190124512,0.016085654497146606,-0.015489914645883118,-0.07711303234100342,-0.032541096210479736,0.0026464739763412126,-0.09999197721481323,-0.0240439772605896,-0.005175754153611933,-0.11415266990661621,-0.016244947910308838,-0.014306117040547406,-0.12874513864517212,-0.01236078143119812,-0.0220077626458135,-0.0654524564743042,-0.037353068590164185,-0.0031680247797396532,-0.08833837509155273,-0.024121493101119995,-0.010733726625772988,-0.10140925645828247,-0.016618281602859497,-0.018067036946746384,-0.11547666788101196,-0.014898359775543213,-0.024593454977008378,-0.05104649066925049,-0.03552994132041931,-0.010297151473793065,-0.07210254669189453,-0.024421602487564087,-0.018339949851366555,-0.08375698328018188,-0.018682390451431274,-0.020685681333276307,-0.09572440385818481,-0.016720622777938843,-0.022727091988059556,-0.03410106897354126,-0.02823236584663391,-0.018068581079575097,-0.049906134605407715,-0.022740036249160767,-0.024679591139289414,-0.06105518341064453,-0.018895268440246582,-0.025288081919285332,-0.07218706607818604,-0.018012166023254395,-0.02579153441402582
0.0,0.0,0.0,-0.043355703353881836,0.015884697437286377,-0.0010500900397687474,-0.07400757074356079,0.019620388746261597,-0.005815631681741706,-0.09636694192886353,0.022823631763458252,-0.012505985302539102,-0.11577010154724121,0.0260484516620636,-0.01966277274271988,-0.0817486047744751,-0.028105735778808594,0.001874730484871634,-0.10794907808303833,-0.01877140998840332,-0.006715663214833967,-0.12535744905471802,-0.009531766176223755,-0.016617441055984727,-0.14094775915145874,-0.0027552247047424316,-0.02449191126009964,-0.07222795486450195,-0.034864604473114014,-0.004703094688863985,-0.10195714235305786,-0.0211525559425354,-0.011665572849722139,-0.12020748853683472,-0.011526226997375488,-0.019122099009962312,-0.13712149858474731,-0.005837589502334595,-0.025740112615437738,-0.05906558036804199,-0.0342467725276947,-0.012403772649975053,-0.08603256940841675,-0.020893871784210205,-0.018793105585189096,-0.1034083366394043,-0.013500422239303589,-0.020154652623148195,-0.11962264776229858,-0.009544014930725098,-0.021978925419659845,-0.042911410331726074,-0.027396738529205322,-0.02081951263329529,-0.06166267395019531,-0.021357297897338867,-0.025798204792351953,-0.07563269138336182,-0.01759392023086548,-0.02522552522799515,-0.08887636661529541,-0.01644614338874817,-0.025098155690045587
0.0,0.0,0.0,-0.04391372203826904,0.01632186770439148,-0.0032076146965920316,-0.07637542486190796,0.02150183916091919,-0.008229579594924985,-0.10057896375656128,0.026404201984405518,-0.014640396279290258,-0.11985248327255249,0.03540274500846863,-0.021373533462181626,-0.07969945669174194,-0.024988770484924316,-0.003168412069797455,-0.10279476642608643,-0.018163859844207764,-0.013308017333045541,-0.11679399013519287,-0.012293606996536255,-0.022958033536568223,-0.13076108694076538,-0.010446399450302124,-0.030892939125195085,-0.06682127714157104,-0.0320763885974884,-0.009104545046582757,-0.0875784158706665,-0.017922669649124146,-0.02011125796009594,-0.09885901212692261,-0.01082378625869751,-0.027987955887809335,-0.11157083511352539,-0.009557008743286133,-0.03441958949436241,-0.05022299289703369,-0.03219601511955261,-0.016315472130671083,-0.06832355260848999,-0.019983112812042236,-0.02777855918277794,-0.07922214269638062,-0.013935476541519165,-0.030906817694202005,-0.09081381559371948,-0.01189926266670227,-0.03300942183007294,-0.031095802783966064,-0.02711331844329834,-0.02405110076536232,-0.044406890869140625,-0.02127048373222351,-0.03346968144644791,-0.05387216806411743,-0.01714092493057251,-0.035265669976368486,-0.0639987587928772,-0.016289114952087402,-0.03637741953600937
0.0,0.0,0.0,-0.03794205188751221,0.015786677598953247,-0.002492971029667501,-0.06804931163787842,0.019414246082305908,-0.005717281494824533,-0.08893835544586182,0.019050538539886475,-0.010367555786459093,-0.10576903820037842,0.019880592823028564,-0.01480030013301814,-0.07452648878097534,-0.019679665565490723,0.00011775023919824434,-0.0881529450416565,-0.018530219793319702,-0.00860451744922841,-0.09166043996810913,-0.014729350805282593,-0.01693715179392541,-0.0974002480506897,-0.015189886093139648,-0.02333658957907403,-0.06207555532455444,-0.03158721327781677,-0.005074449126212244,-0.07372021675109863,-0.027335524559020996,-0.012778819781331663,-0.07864278554916382,-0.023230791091918945,-0.018475536499707346,-0.08634215593338013,-0.02307271957397461,-0.023161608968464975,-0.04604297876358032,-0.03703576326370239,-0.011557462867884283,-0.05412858724594116,-0.030702799558639526,-0.01980601834186757,-0.05677008628845215,-0.02611696720123291,-0.020380608980147485,-0.061229050159454346,-0.025099188089370728,-0.020756818596808557,-0.02746593952178955,-0.03566119074821472,-0.01868605265447343,-0.032562971115112305,-0.030088424682617188,-0.024573548008291368,-0.03582262992858887,-0.027203083038330078,-0.02381896251866067,-0.03986096382141113,-0.02699527144432068,-0.023089066390483026
0.0,0.0,0.0,-0.03957885503768921,0.00796923041343689,-0.0018580009047623747,-0.06837677955627441,0.011233925819396973,-0.006262291716852414,-0.08961248397827148,0.01284247636795044,-0.011813331889429318,-0.10755252838134766,0.01545482873916626,-0.017720205272057282,-0.07092809677124023,-0.021189481019973755,-0.005641510272839295,-0.08813607692718506,-0.02339872717857361,-0.01592660092792772,-0.09799367189407349,-0.022448718547821045,-0.024547604406693208,-0.10901129245758057,-0.024302572011947632,-0.03156452954790853,-0.05830413103103638,-0.02877175807952881,-0.012117077159204709,-0.07637828588485718,-0.027002990245819092,-0.021631333539703118,-0.08551883697509766,-0.025187432765960693,-0.02788447358689569,-0.09615832567214966,-0.026337385177612305,-0.03315069482705854,-0.04156076908111572,-0.03073728084564209,-0.019485538388111817,-0.05835592746734619,-0.029918015003204346,-0.03001015030823015,-0.06818461418151855,-0.030232995748519897,-0.03265789107463621,-0.07849842309951782,-0.03257328271865845,-0.03464296416423582,-0.02140629291534424,-0.02855411171913147,-0.02706309364221357,-0.030497431755065918,-0.028148144483566284,-0.036506916890361535,-0.03778541088104248,-0.029436349868774414,-0.03853420869491361,-0.0458378791809082,-0.03289058804512024,-0.03981793255589269
0.0,0.0,0.0,-0.043118059635162354,0.012523740530014038,-0.0008666802287180531,-0.0706527829170227,0.017960339784622192,-0.004470416982293557,-0.09067296981811523,0.017066091299057007,-0.00980804365557475,-0.1065291166305542,0.011898249387741089,-0.014890725430667828,-0.07677751779556274,-0.025272607803344727,0.002608101177393962,-0.09044498205184937,-0.02070876955986023,-0.006229097195536326,-0.09687882661819458,-0.014085382223129272,-0.015318255577803086,-0.10350936651229858,-0.010677218437194824,-0.022355392281532716,-0.06361311674118042,-0.034416019916534424,-0.0032329668147568213,-0.07641202211380005,-0.024273663759231567,-0.01075063616466565,-0.08076804876327515,-0.018576830625534058,-0.016381526072144936,-0.08655118942260742,-0.018151909112930298,-0.021187836010575722,-0.04726982116699219,-0.036712825298309326,-0.010473166298687886,-0.05714988708496094,-0.026453256607055664,-0.018636367921352814,-0.062046825885772705,-0.02322283387184143,-0.01955358095896287,-0.06800538301467896,-0.023561686277389526,-0.02050999150109334,-0.027752280235290527,-0.03197428584098816,-0.018247849945545624,-0.03205686807632446,-0.02168881893157959,-0.02483747497630162,-0.038130342960357666,-0.019245028495788574,-0.025174341802120637,-0.045736730098724365,-0.020403653383255005,-0.02529533736836953
0.0,0.0,0.0,-0.040219128131866455,0.013876557350158691,-0.0042325501310713776,-0.07077330350875854,0.018516063690185547,-0.008228319322604705,-0.09141778945922852,0.0192701518535614,-0.012864352760750819,-0.10783761739730835,0.022604793310165405,-0.017408936841327716,-0.07185256481170654,-0.026515811681747437,-0.0020688621773459204,-0.08635514974594116,-0.021851658821105957,-0.010352625137109328,-0.09542369842529297,-0.015737980604171753,-0.019085447860796023,-0.10504251718521118,-0.01163753867149353,-0.025615112481553126,-0.05849367380142212,-0.03692030906677246,-0.005374928096223641,-0.07350051403045654,-0.024840176105499268,-0.011789523621935416,-0.08051884174346924,-0.018433183431625366,-0.017041124028999377,-0.08762973546981812,-0.01551353931427002,-0.021832314876753856,-0.04305148124694824,-0.03992310166358948,-0.009990931114096213,-0.05301642417907715,-0.02423146367073059,-0.01618318408532815,-0.05914360284805298,-0.019118815660476685,-0.01724529601438718,-0.06526321172714233,-0.015659838914871216,-0.01853095516367631,-0.02506500482559204,-0.03670036792755127,-0.015484967825848628,-0.03175932168960571,-0.025624215602874756,-0.019579825548369456,-0.03822058439254761,-0.022103935480117798,-0.01949613876445966,-0.044534921646118164,-0.020140916109085083,-0.019728324932891894
0.0,0.0,0.0,-0.04031836986541748,0.011426419019699097,-0.004251004569383099,-0.07149213552474976,0.017599880695343018,-0.008032862004043295,-0.0936880111694336,0.022675365209579468,-0.012714480888249113,-0.11216509342193604,0.025743454694747925,-0.017471900116802885,-0.07223975658416748,-0.026837319135665894,0.0035278381312622287,-0.0877724289894104,-0.015067189931869507,-0.0030803581701235316,-0.09559714794158936,-0.008002758026123047,-0.012210158538223936,-0.10428082942962646,-0.00491824746131897,-0.0195322836750762,-0.059960901737213135,-0.03413814306259155,0.0007426753056591906,-0.07723921537399292,-0.01761329174041748,-0.00452107042089267,-0.08495599031448364,-0.010771483182907104,-0.01126164840549393,-0.09312069416046143,-0.008316278457641602,-0.017451705318094923,-0.046189188957214355,-0.034671515226364136,-0.003559757862390711,-0.06091439723968506,-0.018211692571640015,-0.008495412673951819,-0.06775635480880737,-0.011425375938415527,-0.00972555754721327,-0.07494670152664185,-0.007215708494186401,-0.011203705240191653,-0.029756546020507812,-0.03046184778213501,-0.008783517312409117,-0.04004061222076416,-0.02153855562210083,-0.011970834713579848,-0.047557830810546875,-0.017660319805145264,-0.011427489947678282,-0.055058181285858154,-0.015140771865844727,-0.011323884967865183
0.0,0.0,0.0,-0.038271427154541016,0.011114120483398438,-0.0035025727257647077,-0.06629699468612671,0.01486515998840332,-0.008474746325290994,-0.0851556658744812,0.01756739616394043,-0.014127887391722993,-0.10107749700546265,0.022296607494354248,-0.02016488050786336,-0.0655602216720581,-0.0301496684551239,-0.005054217369533376,-0.07762330770492554,-0.020185917615890503,-0.013815474302745656,-0.08448457717895508,-0.014653623104095459,-0.0232030987527736,-0.09261506795883179,-0.013648360967636108,-0.03057517630723794,-0.0502050518989563,-0.03758355975151062,-0.009519152880884008,-0.06386041641235352,-0.022261083126068115,-0.016857601308501557,-0.07028216123580933,-0.015596866607666016,-0.022844422214902238,-0.07748734951019287,-0.013989895582199097,-0.028442689755237893,-0.0329747200012207,-0.036844104528427124,-0.014917062201774911,-0.04373997449874878,-0.021234869956970215,-0.022697453924692468,-0.04969578981399536,-0.01694333553314209,-0.02457348217932065,-0.05603593587875366,-0.015125274658203125,-0.026418061533249215,-0.014352262020111084,-0.030159413814544678,-0.020859350987947778,-0.02122187614440918,-0.02095860242843628,-0.027016963416016893,-0.026025593280792236,-0.017173975706100464,-0.027245165386474923,-0.03097432851791382,-0.015119999647140503,-0.027588223644769982
0.0,0.0,0.0,-0.034919917583465576,0.0132523775100708,-0.004471466039717598,-0.06162118911743164,0.01963740587234497,-0.009590035864562196,-0.08015424013137817,0.0207403302192688,-0.015236900748163862,-0.09583109617233276,0.02083006501197815,-0.02094787880912463,-0.06556260585784912,-0.017917603254318237,-0.005362161995321912,-0.07810193300247192,-0.015451788902282715,-0.014722072148174448,-0.08446234464645386,-0.014940440654754639,-0.023490825296789808,-0.09159302711486816,-0.018451601266860962,-0.030423510448486013,-0.05309337377548218,-0.029040992259979248,-0.009323311598450346,-0.06505745649337769,-0.022673368453979492,-0.018292072789222402,-0.07084143161773682,-0.019721776247024536,-0.024324429781586332,-0.0772278904914856,-0.021065831184387207,-0.029299098627120657,-0.03752964735031128,-0.03285190463066101,-0.014513975569457216,-0.04728120565414429,-0.02657705545425415,-0.024242627994567556,-0.05275774002075195,-0.02416473627090454,-0.026748457552344007,-0.058448195457458496,-0.023390591144561768,-0.028443101422340078,-0.019230186939239502,-0.0296747088432312,-0.020243249462396307,-0.025727570056915283,-0.026133030652999878,-0.02897885218396823,-0.03160959482192993,-0.025149494409561157,-0.031183248014599485,-0.038125813007354736,-0.025008708238601685,-0.03246136717632453
0.0,0.0,0.0,-0.03622323274612427,0.014618277549743652,-0.00503692218531171,-0.06406348943710327,0.018280446529388428,-0.01010898548607031,-0.08279961347579956,0.018271684646606445,-0.0155689907396237,-0.09883308410644531,0.021663010120391846,-0.021201875540057813,-0.06635910272598267,-0.027283787727355957,-0.00634565298874179,-0.08042502403259277,-0.01944032311439514,-0.015263431253472959,-0.08571743965148926,-0.013627707958221436,-0.023962129386703168,-0.09197467565536499,-0.01420322060585022,-0.03064268875364462,-0.0511896014213562,-0.03618234395980835,-0.009745978298226987,-0.06266874074935913,-0.019233673810958862,-0.018056527259389554,-0.06605052947998047,-0.011534780263900757,-0.023842264446059858,-0.07032501697540283,-0.010789245367050171,-0.0288958461159865,-0.03410768508911133,-0.03633159399032593,-0.01425117581580082,-0.041365623474121094,-0.016521185636520386,-0.02283840301875273,-0.04496943950653076,-0.008964836597442627,-0.024665741729180013,-0.049285292625427246,-0.0057416558265686035,-0.026150653618017827,-0.016235947608947754,-0.030703723430633545,-0.01941418509427706,-0.022167682647705078,-0.01859837770462036,-0.026067726793328916,-0.026053130626678467,-0.012828260660171509,-0.02687674622480074,-0.03049522638320923,-0.010150641202926636,-0.027427221196333562
0.0,0.0,0.0,-0.037620365619659424,0.0155201256275177,-0.0039009617949972153,-0.06441062688827515,0.01862919330596924,-0.008414856468434095,-0.08229422569274902,0.018083423376083374,-0.013610163082475424,-0.09709489345550537,0.021791517734527588,-0.0190686316537807,-0.06532377004623413,-0.025321781635284424,-0.0035010500188121796,-0.07697153091430664,-0.020688146352767944,-0.012007219095821142,-0.08412367105484009,-0.018239259719848633,-0.02090397415041423,-0.09255403280258179,-0.019470632076263428,-0.028204632301921606,-0.05191701650619507,-0.03426837921142578,-0.0078089189092764855,-0.0633658766746521,-0.023080825805664062,-0.01617973049461341,-0.06938976049423218,-0.018023192882537842,-0.022339730833763838,-0.07652133703231812,-0.018086373805999756,-0.027637151380176306,-0.03591501712799072,-0.035223305225372314,-0.013302116965050459,-0.046943843364715576,-0.023903757333755493,-0.022478175659770727,-0.053611040115356445,-0.01954495906829834,-0.02490867798506713,-0.06084084510803223,-0.018241852521896362,-0.026735165466661215,-0.01741689443588257,-0.029892325401306152,-0.019355862711663008,-0.02537006139755249,-0.022554755210876465,-0.027562846739883184,-0.03229844570159912,-0.019463807344436646,-0.02938804713367915,-0.040089964866638184,-0.018933504819869995,-0.03055477080225444
0.0,0.0,0.0,-0.031094729900360107,0.013773322105407715,-0.006034689332324206,-0.056056976318359375,0.018147557973861694,-0.011974929208832918,-0.07308739423751831,0.017186671495437622,-0.01807070274927014,-0.08836883306503296,0.017704755067825317,-0.02432213288821572,-0.05886220932006836,-0.022527098655700684,-0.008830482448416888,-0.07004421949386597,-0.021051228046417236,-0.018628486740368544,-0.0752267837524414,-0.019862622022628784,-0.027762656408327757,-0.08147841691970825,-0.02280685305595398,-0.03487274174668187,-0.04503887891769409,-0.03290581703186035,-0.012326576123911082,-0.05445396900177002,-0.025896966457366943,-0.021502881619113623,-0.0589941143989563,-0.021842867136001587,-0.027431712794083296,-0.0643811821937561,-0.02232503890991211,-0.03249883775689,-0.028618156909942627,-0.03555038571357727,-0.016923497739213644,-0.03587454557418823,-0.028005927801132202,-0.026580593856948553,-0.03969186544418335,-0.024226009845733643,-0.028319319087046324,-0.04421281814575195,-0.022518932819366455,-0.029682466137188612,-0.010481178760528564,-0.03153696656227112,-0.022210101905244528,-0.015473783016204834,-0.027575016021728516,-0.030872858437675177,-0.01999753713607788,-0.025090336799621582,-0.03230351706125134,-0.025311708450317383,-0.023524880409240723,-0.033072770881432234
0.0,0.0,0.0,-0.03325963020324707,0.01786401867866516,-0.005185235654060705,-0.0591890811920166,0.02161690592765808,-0.009233422939722402,-0.07590287923812866,0.018113046884536743,-0.01426220442080961,-0.08953708410263062,0.018109232187271118,-0.018621868816261156,-0.06369435787200928,-0.01705572009086609,-0.00024274449824446265,-0.07798552513122559,-0.020230799913406372,-0.008044531931226118,-0.07437467575073242,-0.012977302074432373,-0.01495581156486736,-0.07082045078277588,-0.011581659317016602,-0.01976619417691694,-0.052193284034729004,-0.028326988220214844,-0.0028491580291287733,-0.06350910663604736,-0.024949193000793457,-0.010403784354274137,-0.060018956661224365,-0.015320181846618652,-0.014382803243641717,-0.05666542053222656,-0.013944774866104126,-0.01685448120260702,-0.03866851329803467,-0.033081769943237305,-0.007107634925340278,-0.04676556587219238,-0.027619272470474243,-0.013529935282711847,-0.044366657733917236,-0.01911085844039917,-0.012685870182757242,-0.042387306690216064,-0.01691487431526184,-0.011810734299068315,-0.02303975820541382,-0.032306939363479614,-0.01231272554868923,-0.02776581048965454,-0.02657189965248108,-0.015347800579910142,-0.02824777364730835,-0.020719915628433228,-0.013602017787341936,-0.028499960899353027,-0.018889933824539185,-0.012215869863574369
0.0,0.0,0.0,-0.03185611963272095,0.01462295651435852,-0.005498913260410632,-0.05726063251495361,0.017815828323364258,-0.011391723206500615,-0.07393538951873779,0.015653371810913086,-0.017478192834417428,-0.08857882022857666,0.016561269760131836,-0.02370859184698304,-0.05773723125457764,-0.023268163204193115,-0.009504796615104283,-0.06928473711013794,-0.023605912923812866,-0.019286409629742707,-0.07304656505584717,-0.022260397672653198,-0.027977571500699128,-0.07769912481307983,-0.02409222722053528,-0.03451278680400094,-0.042294979095458984,-0.033033281564712524,-0.013489206930856312,-0.05053752660751343,-0.029752373695373535,-0.02256944091455182,-0.053863525390625,-0.02600628137588501,-0.027443647993962372,-0.05722224712371826,-0.02529183030128479,-0.03154276931122979,-0.024925589561462402,-0.03517201542854309,-0.018545611439506615,-0.032060861587524414,-0.030779659748077393,-0.027787274359027947,-0.0362662672996521,-0.027645021677017212,-0.02848479026393136,-0.0403134822845459,-0.025983542203903198,-0.029129930449883545,-0.006418824195861816,-0.03082221746444702,-0.024255384369055832,-0.012555718421936035,-0.028432607650756836,-0.032487376271049584,-0.01819443702697754,-0.02654099464416504,-0.033093756674091424,-0.02418142557144165,-0.025621384382247925,-0.033272570608417595
0.0,0.0,0.0,-0.03214073181152344,0.01560884714126587,-0.005938321981034278,-0.0588189959526062,0.019083648920059204,-0.011807935010097026,-0.07640248537063599,0.015961796045303345,-0.018052956718406676,-0.09093302488327026,0.01642531156539917,-0.024155021342835425,-0.06204265356063843,-0.023918509483337402,-0.009178927797279357,-0.0765191912651062,-0.02175760269165039,-0.020317406091294288,-0.07651150226593018,-0.01689288020133972,-0.029796202364764213,-0.07596683502197266,-0.016760915517807007,-0.036273589986763,-0.04862290620803833,-0.03507435321807861,-0.012731232378087043,-0.05843585729598999,-0.027230054140090942,-0.02277902949174404,-0.060313642024993896,-0.0202939510345459,-0.028436948242983817,-0.060857534408569336,-0.017840683460235596,-0.03257626171728134,-0.032380104064941406,-0.038119494915008545,-0.01742545019408226,-0.03769397735595703,-0.027564913034439087,-0.026906029018959998,-0.03908270597457886,-0.020649254322052002,-0.027797852340540885,-0.03991299867630005,-0.017112135887145996,-0.02817071478386879,-0.014538943767547607,-0.03437924385070801,-0.02292052533050537,-0.017911195755004883,-0.02681785821914673,-0.03034693251868248,-0.020477235317230225,-0.02172398567199707,-0.030575270462236404,-0.022732257843017578,-0.01840341091156006,-0.030187577638230323
0.0,0.0,0.0,-0.030758559703826904,0.01595631241798401,-0.005496760377951659,-0.05618607997894287,0.019294440746307373,-0.009836930794932641,-0.07392573356628418,0.014932841062545776,-0.0146280489995263,-0.08795499801635742,0.015352427959442139,-0.019015335491218366,-0.060824573040008545,-0.016211122274398804,-0.004472298560955323,-0.07492214441299438,-0.021707504987716675,-0.013567017404653825,-0.07578152418136597,-0.020716816186904907,-0.02123695333889941,-0.07649976015090942,-0.02238166332244873,-0.026782789280929364,-0.04856586456298828,-0.02850210666656494,-0.007523743449070253,-0.06002211570739746,-0.02821028232574463,-0.01590975095919589,-0.06222820281982422,-0.023878008127212524,-0.020530407330312528,-0.06390273571014404,-0.02336224913597107,-0.023849955773272313,-0.03360140323638916,-0.033691465854644775,-0.012034521451511182,-0.041562020778656006,-0.031516849994659424,-0.02056203318230132,-0.04384267330169678,-0.0268557071685791,-0.02132329998008231,-0.04617112874984741,-0.02481129765510559,-0.021573488613881864,-0.015679597854614258,-0.03299683332443237,-0.017322092330374517,-0.018146514892578125,-0.029417693614959717,-0.024360951980867185,-0.02202552556991577,-0.027316302061080933,-0.025188080048479833,-0.026771247386932373,-0.026772916316986084,-0.025313855162181653
0.0,0.0,0.0,-0.031842827796936035,0.016584664583206177,-0.006860058150000015,-0.05672997236251831,0.01972302794456482,-0.012882538466460147,-0.07284832000732422,0.016907215118408203,-0.019118345669216552,-0.08699905872344971,0.016266047954559326,-0.025295815757221618,-0.05990707874298096,-0.020106464624404907,-0.009878550051457324,-0.07200348377227783,-0.021314650774002075,-0.020624772972173133,-0.07416242361068726,-0.01977059245109558,-0.029704117542809882,-0.07687318325042725,-0.022210776805877686,-0.03636911078423921,-0.046260952949523926,-0.0305367112159729,-0.013301301142877975,-0.05624377727508545,-0.02674904465675354,-0.02288790359229509,-0.059863507747650146,-0.023178786039352417,-0.028454437247223296,-0.06397974491119385,-0.024259835481643677,-0.033080618223852554,-0.03013378381729126,-0.03337380290031433,-0.01804723530144159,-0.03703629970550537,-0.028537064790725708,-0.02792747072011892,-0.03962606191635132,-0.02423033118247986,-0.02962424545616571,-0.04329639673233032,-0.02288639545440674,-0.030963936215943733,-0.012094557285308838,-0.029676854610443115,-0.023614806449717918,-0.014851689338684082,-0.027071475982666016,-0.03186896382898752,-0.01725691556930542,-0.024377375841140747,-0.03305640011162225,-0.02084904909133911,-0.02270638942718506,-0.03375152438015405
0.0,0.0,0.0,-0.030606508255004883,0.014351427555084229,-0.006045163428677114,-0.055744946002960205,0.01835009455680847,-0.011920163227511438,-0.07315516471862793,0.016385287046432495,-0.017978945566607507,-0.08815616369247437,0.017898142337799072,-0.023968603281570466,-0.06000024080276489,-0.019748687744140625,-0.0077293206064830144,-0.06984478235244751,-0.01927560567855835,-0.017055883823228868,-0.0743606686592102,-0.02009323239326477,-0.02552930247624019,-0.07964593172073364,-0.024741649627685547,-0.032089987589312585,-0.04707616567611694,-0.03200414776802063,-0.01099054590453008,-0.05596870183944702,-0.02659866213798523,-0.01906141806979278,-0.06092393398284912,-0.02414780855178833,-0.024026790453387292,-0.06618952751159668,-0.025906473398208618,-0.028349719761205705,-0.03111797571182251,-0.0367547869682312,-0.015444409853113683,-0.037734270095825195,-0.030047476291656494,-0.024007996363831552,-0.0418204665184021,-0.026921570301055908,-0.02491665054698089,-0.0468410849571228,-0.026694893836975098,-0.025773213995886834,-0.012508630752563477,-0.03510603308677673,-0.02073419448573688,-0.01615762710571289,-0.030558347702026367,-0.028494914813233407,-0.02147960662841797,-0.028921544551849365,-0.029613561747861894,-0.028065025806427002,-0.028695255517959595,-0.030208390025688203
0.0,0.0,0.0,-0.03093254566192627,0.012595027685165405,-0.005217576149618708,-0.05545717477798462,0.015298902988433838,-0.010782235983526789,-0.07132196426391602,0.012956500053405762,-0.01673842848441609,-0.08554387092590332,0.014161944389343262,-0.022774259309983336,-0.0585591197013855,-0.024734914302825928,-0.006592296279734455,-0.06885498762130737,-0.024634897708892822,-0.01535083701065787,-0.07246100902557373,-0.024905413389205933,-0.023602428596234404,-0.07667052745819092,-0.02851608395576477,-0.029948749329662405,-0.04370051622390747,-0.03598955273628235,-0.010386273015058123,-0.051132142543792725,-0.029743224382400513,-0.018492649059510313,-0.05314350128173828,-0.02427235245704651,-0.023267454217887007,-0.05533647537231445,-0.023876845836639404,-0.027115112852072798,-0.026462554931640625,-0.038852572441101074,-0.015277415264165484,-0.03238791227340698,-0.031237542629241943,-0.023447082128143393,-0.035256385803222656,-0.02588433027267456,-0.02358090386888989,-0.03844863176345825,-0.024821579456329346,-0.023717493500328146,-0.008042752742767334,-0.03499746322631836,-0.020913700323319517,-0.012838542461395264,-0.029686272144317627,-0.02764201791188725,-0.01721280813217163,-0.02670234441757202,-0.027386755432701193,-0.022001802921295166,-0.026542633771896362,-0.02688777701160916
0.0,0.0,0.0,-0.03225398063659668,0.012173205614089966,-0.004964352251349169,-0.0582694411277771,0.015503495931625366,-0.009969496299831349,-0.07527124881744385,0.01370549201965332,-0.015541762245206314,-0.08894217014312744,0.01488947868347168,-0.020810899456350285,-0.060749053955078125,-0.02712118625640869,-0.005127017052231508,-0.07323324680328369,-0.024832576513290405,-0.014251890723912197,-0.07244700193405151,-0.02242419123649597,-0.0223798538943214,-0.07185125350952148,-0.025752216577529907,-0.02823189379772373,-0.047110795974731445,-0.038645029067993164,-0.00832119410982557,-0.055139899253845215,-0.02853652834892273,-0.016451242511479336,-0.054481685161590576,-0.02139565348625183,-0.02070683347186275,-0.053298234939575195,-0.021682381629943848,-0.023758878131715733,-0.03133481740951538,-0.04156625270843506,-0.012728628834096867,-0.03701424598693848,-0.02942642569541931,-0.02031727800270744,-0.0383186936378479,-0.02337038516998291,-0.01965042309960552,-0.03900158405303955,-0.023181647062301636,-0.018935090993849713,-0.014297127723693848,-0.037615418434143066,-0.017971995418278652,-0.018382728099822998,-0.028573423624038696,-0.02337661678096481,-0.021923840045928955,-0.025407999753952026,-0.022381053437797505,-0.02514559030532837,-0.025820940732955933,-0.02116971010467239
0.0,0.0,0.0,0.02800619602203369,-0.05602920055389404,-0.0069437677854580215,0.040544748306274414,-0.1116793155670166,-0.012153800937710457,0.04827600717544556,-0.16148003935813904,-0.014885492983637505,0.06046175956726074,-0.18809348344802856,-0.017435799713609867,-0.008384108543395996,-0.13101527094841003,-0.016617385100005322,-0.03438127040863037,-0.18861564993858337,-0.017194274242399388,-0.047748684883117676,-0.21800696849822998,-0.01750397625136202,-0.05668771266937256,-0.2392001748085022,-0.01774595620798891,-0.04072141647338867,-0.11852714419364929,-0.013469797919867688,-0.06182301044464111,-0.18069207668304443,-0.00753193710687583,-0.069122314453125,-0.2112375795841217,-0.0035522409131658605,-0.07089078426361084,-0.23046457767486572,-0.002884852827889972,-0.06474101543426514,-0.10466134548187256,-0.009596497181235009,-0.08008307218551636,-0.15701794624328613,-0.0008322580949311487,-0.08317536115646362,-0.18650245666503906,0.004524293460519857,-0.0827210545539856,-0.20266982913017273,0.004908652149708814,-0.08162343502044678,-0.08978044986724854,-0.006659680872587614,-0.09143388271331787,-0.121905118227005,0.002243326616110153,-0.0917590856552124,-0.14051178097724915,0.009104366053463764,-0.089802086353302,-0.15236762166023254,0.012619107600869484
0.0,0.0,0.0,0.06533056497573853,-0.005941659212112427,-0.002560196636309797,0.11720633506774902,0.004126876592636108,-0.012714914936637456,0.15414059162139893,0.021485447883605957,-0.023858705494617993,0.18023324012756348,0.0405537486076355,-0.03550463165721851,0.1060137152671814,-0.026500701904296875,-0.03360358249030071,0.13846158981323242,0.005756169557571411,-0.05974067370972591,0.16036194562911987,0.026120036840438843,-0.07704651724181133,0.18021881580352783,0.04229611158370972,-0.089163776446199,0.08204114437103271,-0.023332834243774414,-0.04594810675463634,0.11605942249298096,0.009382963180541992,-0.07228018711886364,0.1398276686668396,0.02749606966972351,-0.08428884666047054,0.16065168380737305,0.03956979513168335,-0.09350666027150112,0.05337101221084595,-0.012928396463394165,-0.05826589833579021,0.08705294132232666,0.015616148710250854,-0.08315363149723964,0.10908627510070801,0.030599623918533325,-0.09017040948948818,0.12897437810897827,0.03846323490142822,-0.09425551067671734,0.022739768028259277,0.000583350658416748,-0.07040258865437465,0.04676765203475952,0.02197253704071045,-0.09004069488129574,0.06711167097091675,0.029851138591766357,-0.09696981679282146,0.08550339937210083,0.033750951290130615,-0.1018992922791
0.0,0.0,0.0,0.062249064445495605,-0.003984987735748291,1.640758441823209e-05,0.11503952741622925,0.0030209720134735107,-0.007845379032140443,0.1520085334777832,0.01458519697189331,-0.017165044873898694,0.1805599331855774,0.025718361139297485,-0.02690469342464752,0.1037905216217041,-0.023217618465423584,-0.026391190096681783,0.13857781887054443,0.0009427368640899658,-0.049329940780943105,0.15939050912857056,0.01426360011100769,-0.06441875229770488,0.17544889450073242,0.02140936255455017,-0.07469436953956432,0.08011072874069214,-0.020691096782684326,-0.03824276532227344,0.10756409168243408,0.003254711627960205,-0.06098536084586925,0.1247100830078125,0.01709038019180298,-0.07087525407964534,0.1381624937057495,0.023378640413284302,-0.07836050967866726,0.051957905292510986,-0.011743813753128052,-0.05010276715452022,0.08131283521652222,0.008913606405258179,-0.07270481865102596,0.10159796476364136,0.0201876163482666,-0.07931814770395107,0.12010711431503296,0.024568766355514526,-0.08310154508048839,0.022075414657592773,0.0010137856006622314,-0.06136323194200344,0.04439288377761841,0.016294419765472412,-0.07936495225126095,0.06294518709182739,0.022882014513015747,-0.08549430648977108,0.07974803447723389,0.027253180742263794,-0.08963477294141597
0.0,0.0,0.0,0.06359142065048218,0.010360807180404663,-0.00023615157175527202,0.11360156536102295,0.005908697843551636,-0.0072774737701024605,0.14493238925933838,0.0002626478672027588,-0.016178364362588127,0.1676344871520996,0.0008706450462341309,-0.025481922980418403,0.10745608806610107,-0.04593318700790405,-0.02468508152293225,0.14267849922180176,-0.02616405487060547,-0.04984832784163018,0.16618263721466064,-0.009374499320983887,-0.06700863173233529,0.18367421627044678,0.004516273736953735,-0.07823529323565026,0.08584755659103394,-0.04498988389968872,-0.03759920826183816,0.1223987340927124,-0.030012935400009155,-0.06316679945217629,0.14764189720153809,-0.011055439710617065,-0.07678685566412469,0.1679856777191162,0.003960013389587402,-0.08585935315119286,0.05850344896316528,-0.03321412205696106,-0.05069269096480866,0.09173274040222168,-0.021591246128082275,-0.07588184108959695,0.11423265933990479,-0.0036419928073883057,-0.08626828571783562,0.13350015878677368,0.009618878364562988,-0.09160538246857186,0.028694212436676025,-0.013480067253112793,-0.06337384363638421,0.05216109752655029,-0.0008807182312011719,-0.0837145694159176,0.07154583930969238,0.007835686206817627,-0.09227719387041589,0.08832442760467529,0.014662116765975952,-0.09756692728029748
0.0,0.0,0.0,0.06199115514755249,0.015567511320114136,-0.003062186489685814,0.1124616265296936,0.014617234468460083,-0.012197201565712135,0.1459437608718872,0.010243266820907593,-0.02269477160355393,0.17279040813446045,0.008994430303573608,-0.03369348631879632,0.1097307801246643,-0.04100257158279419,-0.030887139455288093,0.14532911777496338,-0.0221196711063385,-0.058143691585271995,0.16844958066940308,-0.008206337690353394,-0.07698141546627824,0.18733340501785278,0.0021523237228393555,-0.0896370983280832,0.08763313293457031,-0.04339116811752319,-0.04353623972913567,0.12529689073562622,-0.027932286262512207,-0.07199700684925858,0.15186065435409546,-0.013438820838928223,-0.08821557225367371,0.17506152391433716,-0.00351753830909729,-0.09951372952839677,0.059572815895080566,-0.035096436738967896,-0.05618866668721978,0.09302842617034912,-0.02078711986541748,-0.08422577144285981,0.11598384380340576,-0.004175782203674316,-0.09605538608214204,0.13676977157592773,0.006856441497802734,-0.102500510827511,0.029204964637756348,-0.018370628356933594,-0.06847332926174943,0.05293679237365723,-0.004466712474822998,-0.09165937216660325,0.07319849729537964,0.004405170679092407,-0.10133337737700288,0.09102928638458252,0.01021084189414978,-0.10743787647864167
0.0,0.0,0.0,0.0662316083908081,0.0008666813373565674,0.0016805984831904652,0.1204531192779541,0.002766728401184082,-0.0034710169949079273,0.1557047963142395,0.006686359643936157,-0.010852821748002839,0.18356424570083618,0.013458192348480225,-0.018492199125930142,0.10698622465133667,-0.031652599573135376,-0.016880735400363278,0.14170116186141968,-0.00984075665473938,-0.03759177924995072,0.1617441177368164,0.004201382398605347,-0.05174396710400231,0.17667126655578613,0.013792067766189575,-0.06122888030414231,0.08339279890060425,-0.031220436096191406,-0.029190981406017613,0.11080807447433472,-0.009258508682250977,-0.049389348942085576,0.12793099880218506,0.0073725879192352295,-0.060089973378225636,0.14306265115737915,0.01795262098312378,-0.06806453095678933,0.054980456829071045,-0.02204430103302002,-0.041773473489328694,0.08433157205581665,-0.0026882588863372803,-0.06305186973814614,0.10586535930633545,0.010130852460861206,-0.07125574128632195,0.12606537342071533,0.017175942659378052,-0.07590201275353081,0.02483147382736206,-0.006426095962524414,-0.053695769625946355,0.04760235548019409,0.008668273687362671,-0.06990428047184594,0.06592667102813721,0.016636580228805542,-0.07558145897392876,0.08239656686782837,0.021479249000549316,-0.07944857107405312
0.0,0.0,0.0,0.06405782699584961,0.0157109797000885,-0.0029526224931828438,0.11655682325363159,0.018601328134536743,-0.011187562263955897,0.15196901559829712,0.01612761616706848,-0.020599599472632235,0.18124359846115112,0.014179468154907227,-0.03031088925098402,0.10574239492416382,-0.03163856267929077,-0.027482715911617106,0.13960081338882446,-0.01276397705078125,-0.052810925535311526,0.16182583570480347,0.00010955333709716797,-0.06991383760367853,0.1787075400352478,0.008678406476974487,-0.08125373303090555,0.08211278915405273,-0.03313830494880676,-0.03897851660047991,0.11352360248565674,-0.014778077602386475,-0.06454304187690241,0.13585376739501953,-0.001163572072982788,-0.0780151072064541,0.15513110160827637,0.007158726453781128,-0.08782508551274759,0.053608059883117676,-0.025205492973327637,-0.05081080599819643,0.0837354063987732,-0.008565574884414673,-0.07670557080899698,0.10575556755065918,0.005065560340881348,-0.08662282257472498,0.1255224347114563,0.013119161128997803,-0.09212567984258158,0.023500502109527588,-0.009786069393157959,-0.062287337622990435,0.0462491512298584,0.004987388849258423,-0.08274540632163507,0.06581288576126099,0.012336105108261108,-0.09092547326480371,0.08285319805145264,0.01693674921989441,-0.09651904135142786
0.0,0.0,0.0,0.06714743375778198,0.010089218616485596,-0.0020963673249809744,0.12179964780807495,0.016191065311431885,-0.009119126503634334,0.15680253505706787,0.01802191138267517,-0.01770082071917045,0.1853967308998108,0.01744168996810913,-0.026646220614480853,0.10634034872055054,-0.024351179599761963,-0.02160671495394695,0.13670563697814941,-0.004298001527786255,-0.04428787671523082,0.15666604042053223,0.00868844985961914,-0.060128068109321475,0.1736133098602295,0.017474472522735596,-0.07119684063391674,0.08119416236877441,-0.024841129779815674,-0.03308849551277149,0.10746705532073975,-0.004888027906417847,-0.05530256920056331,0.1267153024673462,0.008024901151657104,-0.06759262227015483,0.14564090967178345,0.015366613864898682,-0.07718075208859432,0.05216550827026367,-0.01643383502960205,-0.04516269036130893,0.07988917827606201,0.0017315447330474854,-0.06838634007172573,0.10128450393676758,0.011692821979522705,-0.07701815061764705,0.12262123823165894,0.01663351058959961,-0.082117618550825,0.02195000648498535,-0.0011605620384216309,-0.05701882534222591,0.04414498805999756,0.01273202896118164,-0.07542743675904262,0.06250011920928955,0.01942133903503418,-0.08232952796416271,0.07978546619415283,0.024472683668136597,-0.08725804232554424
0.0,0.0,0.0,0.06372547149658203,0.012526839971542358,-0.002748502229451333,0.11552125215530396,0.009392231702804565,-0.010407379406615291,0.15063261985778809,0.002925097942352295,-0.01955401855252603,0.18103057146072388,0.004017233848571777,-0.028980474497302566,0.10265177488327026,-0.04299074411392212,-0.025993607516511474,0.13753539323806763,-0.02229970693588257,-0.05046086902461866,0.1612434983253479,-0.006965279579162598,-0.0670502200230203,0.18072080612182617,0.005873501300811768,-0.07845777417264799,0.08019179105758667,-0.0428338348865509,-0.037556619892939125,0.11400783061981201,-0.02516007423400879,-0.06276403511606077,0.13847815990447998,-0.010912925004959106,-0.07660278822027067,0.16043931245803833,-0.001213163137435913,-0.08673754478536466,0.053755760192871094,-0.031598299741744995,-0.04950453485093931,0.08628934621810913,-0.015861421823501587,-0.07528346175990919,0.10884267091751099,-0.0015409886837005615,-0.08566871429525236,0.12839555740356445,0.007388114929199219,-0.09132727379642347,0.02643376588821411,-0.011952698230743408,-0.06114679719053129,0.05134892463684082,0.002426326274871826,-0.08134331698261121,0.07084143161773682,0.009507954120635986,-0.08975115562520841,0.08678340911865234,0.013717859983444214,-0.0954056620105348
0.0,0.0,0.0,0.058181047439575195,0.0064657628536224365,-0.00391211369024802,0.10896235704421997,0.010727107524871826,-0.011977808633318432,0.1433315873146057,0.012148469686508179,-0.0208425792767315,0.17220163345336914,0.014883607625961304,-0.03079687719183255,0.10409557819366455,-0.02199116349220276,-0.031423370437195786,0.13579130172729492,-0.00027447938919067383,-0.055714833633473404,0.15902596712112427,0.006841719150543213,-0.07181436111169148,0.18012958765029907,0.010279327630996704,-0.08317569930987645,0.08259499073028564,-0.022795766592025757,-0.04308438961344052,0.11612135171890259,-0.002325683832168579,-0.06820747544007588,0.1415897011756897,0.004840373992919922,-0.08235997249322224,0.16505974531173706,0.006815791130065918,-0.0929566874070673,0.054550111293792725,-0.016392022371292114,-0.05468441833691884,0.08527809381484985,0.0008597373962402344,-0.08039228160815526,0.10763943195343018,0.01102381944656372,-0.0911685257120638,0.12865644693374634,0.01587432622909546,-0.09753155996041585,0.02320539951324463,-0.00473591685295105,-0.0658985181613474,0.04662257432937622,0.011074841022491455,-0.08805263330178548,0.06517899036407471,0.017675548791885376,-0.09734382768111516,0.08201926946640015,0.02179849147796631,-0.10353397120671559
0.0,0.0,0.0,0.06663918495178223,0.0019311606884002686,-0.0017971240074672323,0.12129044532775879,0.006398230791091919,-0.007749888426374696,0.15739428997039795,0.010273635387420654,-0.015244325468998454,0.1863393783569336,0.014362245798110962,-0.02327043734000256,0.10876327753067017,-0.02773919701576233,-0.0203307176332288,0.1393892765045166,-0.0071620941162109375,-0.041204485888343356,0.16114294528961182,0.002401411533355713,-0.05605391025052597,0.18148761987686157,0.008905559778213501,-0.06711051970229676,0.08522611856460571,-0.028258144855499268,-0.03200921773419907,0.11678904294967651,-0.007179886102676392,-0.0529679430972152,0.1402876377105713,0.001057446002960205,-0.06569046139226487,0.1632733941078186,0.004773497581481934,-0.07597507148490479,0.057314157485961914,-0.020720869302749634,-0.044115744377236865,0.08799988031387329,-0.0017833411693572998,-0.06562729536996414,0.10985779762268066,0.006705224514007568,-0.07441636532054474,0.13079369068145752,0.010809451341629028,-0.08009267955527832,0.02633523941040039,-0.008201122283935547,-0.0562083794127517,0.049517691135406494,0.007371425628662109,-0.07402866690860321,0.06856387853622437,0.013853192329406738,-0.08161221801744034,0.0860486626625061,0.018835514783859253,-0.08725548147664597
0.0,0.0,0.0,0.05857962369918823,0.004337579011917114,0.0003052764734121638,0.10680019855499268,0.0051732659339904785,-0.0070888312546202314,0.13778924942016602,0.004454463720321655,-0.015881034640003122,0.16190236806869507,0.005980581045150757,-0.025083669555712618,0.1048283576965332,-0.03282737731933594,-0.0257532848989257,0.14262795448303223,-0.015619367361068726,-0.04802863588683692,0.16557127237319946,-0.004290401935577393,-0.06237324616067497,0.18153125047683716,0.005013495683670044,-0.07141403397672264,0.08351677656173706,-0.029907554388046265,-0.037246792671609796,0.12239837646484375,-0.014120370149612427,-0.05822750097267715,0.14876282215118408,-0.003276735544204712,-0.06838056733958808,0.1699230670928955,0.0035861730575561523,-0.07579785129182426,0.05695819854736328,-0.020644187927246094,-0.04853128185622779,0.09151953458786011,-0.007558614015579224,-0.06905088117473213,0.11484640836715698,0.002510666847229004,-0.076478096750904,0.13466966152191162,0.007657796144485474,-0.08083232781045524,0.028435707092285156,-0.00641748309135437,-0.05922353183977691,0.05340820550918579,0.0040412843227386475,-0.07552299192302314,0.07365202903747559,0.009235352277755737,-0.08132372340314475,0.09044593572616577,0.011337757110595703,-0.08521580984943
0.0,0.0,0.0,0.06351548433303833,0.008501231670379639,-0.0004041867128847798,0.11483174562454224,0.00754961371421814,-0.00752129922931033,0.14785504341125488,0.0027141571044921875,-0.016069985510156926,0.17348980903625488,0.0005144476890563965,-0.024708786563323315,0.10758668184280396,-0.04196721315383911,-0.023983172656343754,0.14587527513504028,-0.025558531284332275,-0.04595300513629752,0.16974443197250366,-0.012134075164794922,-0.059913307012365635,0.18801051378250122,-0.0014103949069976807,-0.06882382515196639,0.08533281087875366,-0.04094308614730835,-0.035233158202217396,0.12432646751403809,-0.02457001805305481,-0.05675761360053855,0.15082162618637085,-0.010351240634918213,-0.06632230761771041,0.17289996147155762,-4.5299530029296875e-06,-0.07290137145047026,0.05829894542694092,-0.031189948320388794,-0.04663120168571311,0.09479504823684692,-0.015633583068847656,-0.06798150721316176,0.11980593204498291,-0.0036418139934539795,-0.07515821191792327,0.14163166284561157,0.003977417945861816,-0.07878136965756255,0.02958303689956665,-0.013739675283432007,-0.05760006192450362,0.0572962760925293,-0.0023384392261505127,-0.07435749057059127,0.07986503839492798,0.0031183063983917236,-0.08023547712092238,0.09859007596969604,0.00557631254196167,-0.08388652983431655
0.0,0.0,0.0,0.05759751796722412,-0.007519781589508057,0.0009010235265307642,0.1061016321182251,-0.005037218332290649,-0.006244449624936976,0.1372959017753601,0.0010459721088409424,-0.015278447168093123,0.16144293546676636,0.008809477090835571,-0.024939611302833953,0.10964179039001465,-0.013562530279159546,-0.022560450928430953,0.1466618776321411,0.001711040735244751,-0.04462749485872308,0.16735905408859253,0.0030155181884765625,-0.0594677214791588,0.18154925107955933,0.000490039587020874,-0.06881641571424524,0.08831888437271118,-0.011984705924987793,-0.034904252486448684,0.12473130226135254,0.00139695405960083,-0.05502552141449968,0.14939206838607788,0.00498354434967041,-0.0653128025402836,0.16966962814331055,0.0047325193881988525,-0.07279779736898462,0.06070977449417114,-0.008143723011016846,-0.047343995170813,0.09412723779678345,0.002781510353088379,-0.06710817639730493,0.11781436204910278,0.007535159587860107,-0.07498878960512201,0.1386396884918213,0.00804203748703003,-0.07990935419700662,0.028959214687347412,-0.001910567283630371,-0.05927550395033876,0.052930593490600586,0.00881466269493103,-0.07569926206968347,0.0737905502319336,0.012143313884735107,-0.0818814111223034,0.09278148412704468,0.01280224323272705,-0.08610886310241739
0.0,0.0,0.0,0.050195157527923584,-0.020119935274124146,-0.002088771881744833,0.09947121143341064,-0.016066670417785645,-0.00934443993514833,0.1351032853126526,-0.006420224905014038,-0.01747075187063274,0.16364574432373047,0.004811346530914307,-0.026665679160714717,0.10323899984359741,-0.01064068078994751,-0.02543285766637382,0.13992369174957275,0.011763304471969604,-0.04558494592106399,0.16742700338363647,0.01864546537399292,-0.05935479605591354,0.19110119342803955,0.022157728672027588,-0.06938157508170661,0.086264967918396,-0.004957407712936401,-0.036437439713836284,0.12845087051391602,0.01952385902404785,-0.05561360249316749,0.15764862298965454,0.026434898376464844,-0.06593984643018302,0.18270981311798096,0.028725415468215942,-0.07352198937928733,0.06282681226730347,0.003372013568878174,-0.04718045795357284,0.10346508026123047,0.024560481309890747,-0.06435803601539192,0.1293749213218689,0.030418485403060913,-0.0701249418596035,0.15273898839950562,0.03159052133560181,-0.07416670301950035,0.0348166823387146,0.01250794529914856,-0.05795816237127838,0.061060965061187744,0.027882099151611328,-0.07403586337363777,0.08219629526138306,0.030826479196548462,-0.07949017265832481,0.10155004262924194,0.03220921754837036,-0.08287865201032218
0.0,0.0,0.0,0.046114206314086914,-0.012788534164428711,0.0015067987345105394,0.09845316410064697,-0.010635524988174438,-0.005817671821830572,0.1374991536140442,0.001372009515762329,-0.014751122848508658,0.1668853759765625,0.011178314685821533,-0.024781409235117735,0.11140012741088867,-0.027803897857666016,-0.029592973695514502,0.16420698165893555,-0.00499880313873291,-0.051808433191297354,0.20007294416427612,0.009448528289794922,-0.06557217012476713,0.23029357194900513,0.021028757095336914,-0.0750743425948599,0.09891194105148315,-0.020005404949188232,-0.04352301876377851,0.15679460763931274,0.00869724154472351,-0.06677565495800764,0.19709861278533936,0.023803740739822388,-0.07901733140778333,0.2316296100616455,0.03473329544067383,-0.08677091221642286,0.07837480306625366,-0.0029140114784240723,-0.056300421760795416,0.13396835327148438,0.027092844247817993,-0.07656682054829389,0.16864895820617676,0.03978624939918518,-0.08516713003945142,0.19844043254852295,0.04659751057624817,-0.09025113801789075,0.05264556407928467,0.0215451717376709,-0.06850427161288053,0.08841955661773682,0.044389575719833374,-0.08739141146969587,0.11379128694534302,0.05150756239891052,-0.09480945538115293,0.1365172266960144,0.05607098340988159,-0.09881759207081586
0.0,0.0,0.0,0.047107160091400146,-0.007935822010040283,-7.466377547871161e-05,0.1021963357925415,-0.0006168484687805176,-0.008854706983868255,0.14273971319198608,0.015864044427871704,-0.018654229331616534,0.1735801100730896,0.028293699026107788,-0.029356716412905826,0.11273658275604248,-0.024189680814743042,-0.03595830707610048,0.16859948635101318,0.006211817264556885,-0.06006926133096613,0.2039392590522766,0.02511882781982422,-0.07413675098479189,0.2336127758026123,0.04029285907745361,-0.08358266412079729,0.09686917066574097,-0.016007721424102783,-0.04968916832268633,0.15724772214889526,0.02080315351486206,-0.07558883189022936,0.19700604677200317,0.03984731435775757,-0.08897574453413881,0.2310178279876709,0.05364847183227539,-0.09734238891661562,0.07339763641357422,0.002442985773086548,-0.06192092432439722,0.12789130210876465,0.038912564516067505,-0.08403995840609468,0.16137725114822388,0.05561494827270508,-0.09335317670166887,0.19175708293914795,0.06555789709091187,-0.09872368185580171,0.04570049047470093,0.028158366680145264,-0.07349614261448778,0.08027797937393188,0.053025245666503906,-0.09316022901595034,0.10460507869720459,0.06173348426818848,-0.10051209687054552,0.127252995967865,0.06755352020263672,-0.10444508700430788
0.0,0.0,0.0,0.05927330255508423,-0.006499528884887695,-0.008127968409382902,0.11192131042480469,-0.0010509490966796875,-0.03348333819332083,0.15146321058273315,0.011608898639678955,-0.05745167715969046,0.19012969732284546,0.021952003240585327,-0.08448655589046439,0.10775679349899292,-0.028937160968780518,-0.08935967518510779,0.1506490707397461,0.0020985305309295654,-0.13974690868082007,0.1827695369720459,0.017428427934646606,-0.17216608359041174,0.20740282535552979,0.03061997890472412,-0.19324572815122565,0.08372080326080322,-0.022209197282791138,-0.10624298884096106,0.126886248588562,0.014122873544692993,-0.15944019390764197,0.15753412246704102,0.028842806816101074,-0.18768175377073248,0.18152904510498047,0.03749793767929077,-0.2084937585753437,0.05481612682342529,-0.00777861475944519,-0.11989327205839118,0.09521907567977905,0.02326512336730957,-0.1677368028325077,0.12144649028778076,0.035007745027542114,-0.18942960037412604,0.14033132791519165,0.03833833336830139,-0.20353575481595954,0.02451932430267334,0.01202431321144104,-0.13140725030126532,0.050238609313964844,0.030997484922409058,-0.16808756126584967,0.06976592540740967,0.036396175622940063,-0.18448722793283423,0.08588135242462158,0.03665846586227417,-0.19678719772520026
0.0,0.0,0.0,0.06315881013870239,0.023846209049224854,-0.020759803599020188,0.11145901679992676,0.03268462419509888,-0.04375814030160541,0.14525049924850464,0.03607773780822754,-0.0635616494177782,0.18063604831695557,0.02236083149909973,-0.0828521562575304,0.09024202823638916,-0.021634429693222046,-0.07463898638476962,0.11493057012557983,0.001065075397491455,-0.11760008463849658,0.12017124891281128,0.020187288522720337,-0.14552280435552234,0.12390846014022827,0.03206372261047363,-0.16334091255654926,0.05888944864273071,-0.021990686655044556,-0.08094727376689548,0.07690995931625366,0.00115126371383667,-0.12546648213853473,0.0875435471534729,0.02400711178779602,-0.14872719476213092,0.0984644889831543,0.03883442282676697,-0.16688825318803424,0.028088152408599854,-0.010711640119552612,-0.08655601123561496,0.03721892833709717,0.009006232023239136,-0.12457561621656055,0.04867851734161377,0.03171220421791077,-0.1359585238455736,0.06087392568588257,0.04759815335273743,-0.14403751621236438,-0.001072227954864502,0.005859702825546265,-0.09294701496352786,0.0028634071350097656,0.02429071068763733,-0.11949113885154361,0.012163221836090088,0.037225157022476196,-0.1275742066859209,0.024172961711883545,0.046427011489868164,-0.1347579670905077
0.0,0.0,0.0,0.04759931564331055,0.013292789459228516,-0.02102618504750353,0.0900123119354248,0.04011380672454834,-0.042149257179971755,0.11881893873214722,0.06380090117454529,-0.06000195842671019,0.14729946851730347,0.05805584788322449,-0.07691857990312201,0.06929010152816772,0.011599540710449219,-0.069114342597004,0.09257525205612183,0.0462687611579895,-0.10859880622911078,0.09189802408218384,0.053799718618392944,-0.1326918902664147,0.08768296241760254,0.05107259750366211,-0.14632955220031363,0.03866046667098999,0.013652145862579346,-0.07364016052770239,0.05397367477416992,0.04178467392921448,-0.10916974422025305,0.06059390306472778,0.05509433150291443,-0.1244267302422486,0.06588578224182129,0.06205734610557556,-0.1368238481550179,0.00875180959701538,0.02310800552368164,-0.07856077727365118,0.011617481708526611,0.04849693179130554,-0.10852192368793112,0.01831841468811035,0.060376256704330444,-0.1150663050680123,0.027904868125915527,0.06637200713157654,-0.12046217944907767,-0.019063889980316162,0.03434479236602783,-0.08472025420951468,-0.022384047508239746,0.059361159801483154,-0.10642533775853735,-0.018765389919281006,0.06678298115730286,-0.1114490109353028,-0.00954967737197876,0.07197925448417664,-0.11639887121009451
0.0,0.0,0.0,0.05685532093048096,0.025123119354248047,-0.01919312531600781,0.10145831108093262,0.04617711901664734,-0.04117947014520951,0.13113319873809814,0.06319507956504822,-0.06012938114355393,0.16287922859191895,0.05850350856781006,-0.07845707552979775,0.08095085620880127,0.0034012198448181152,-0.0723505126173336,0.10650098323822021,0.03435570001602173,-0.11455351429532357,0.1096729040145874,0.04871019721031189,-0.14149096923421212,0.11004877090454102,0.05381229519844055,-0.15794344561646767,0.04931497573852539,0.00633317232131958,-0.07884177880833931,0.06493085622787476,0.03276285529136658,-0.12074373232672997,0.07451534271240234,0.04948991537094116,-0.1414331378276188,0.08434706926345825,0.058689892292022705,-0.15773810761521645,0.017301559448242188,0.017095714807510376,-0.08490789996932335,0.02377915382385254,0.03830081224441528,-0.1196382449800808,0.03429889678955078,0.0561424195766449,-0.12916174846242257,0.046172261238098145,0.06744736433029175,-0.13636441844056435,-0.012991666793823242,0.029413968324661255,-0.09178976284812279,-0.012305855751037598,0.04747059941291809,-0.11657764332841225,-0.004759073257446289,0.058452755212783813,-0.1238176928694088,0.007156968116760254,0.06787455081939697,-0.1304802181060154
0.0,0.0,0.0,0.05749833583831787,0.013076454401016235,-0.021646820380148313,0.10066837072372437,0.03538477420806885,-0.04738288968687954,0.1283465027809143,0.06144905090332031,-0.06962523087745609,0.1599109172821045,0.066611647605896,-0.09112519994264545,0.07797443866729736,0.015623420476913452,-0.08492898419385853,0.10585719347000122,0.05362445116043091,-0.13325028344875278,0.1106690764427185,0.061121195554733276,-0.16311593577152195,0.11074686050415039,0.0530322790145874,-0.18073685690647068,0.045709431171417236,0.01931440830230713,-0.09277372285610141,0.06082963943481445,0.048833250999450684,-0.1419382713723749,0.07112151384353638,0.059086620807647705,-0.16621688231712284,0.08062887191772461,0.06011652946472168,-0.1845294259477228,0.013615906238555908,0.027130186557769775,-0.10002053007369938,0.018855392932891846,0.047758251428604126,-0.13971601650005283,0.030952095985412598,0.061481744050979614,-0.1533589087415308,0.04462575912475586,0.06727859377861023,-0.16364583596473636,-0.017202794551849365,0.03340119123458862,-0.10802559032922687,-0.01883232593536377,0.05463677644729614,-0.1372010432172388,-0.011626124382019043,0.06338620185852051,-0.14794288799053135,0.0009332895278930664,0.06922760605812073,-0.1574988983560175
0.0,0.0,0.0,0.05517369508743286,0.015223473310470581,-0.015193680830130063,0.09830838441848755,0.0425589382648468,-0.032090554542669736,0.12704896926879883,0.06674176454544067,-0.047122182853350125,0.15502190589904785,0.060378193855285645,-0.06116719038022467,0.07818007469177246,0.01567205786705017,-0.05260819435847708,0.09971016645431519,0.044431835412979126,-0.08626449347270437,0.10207736492156982,0.0535428524017334,-0.10769365967048117,0.10169875621795654,0.05637827515602112,-0.12016452342999884,0.04669588804244995,0.016860216856002808,-0.058680208928713284,0.06375008821487427,0.04345214366912842,-0.08759598673118063,0.07197439670562744,0.0575178861618042,-0.09924415738118597,0.07871764898300171,0.065379798412323,-0.10882156581414648,0.01519697904586792,0.024773210287094116,-0.06544341386092611,0.020805656909942627,0.04601079225540161,-0.09043597669137426,0.030665040016174316,0.05994695425033569,-0.09402452648414084,0.04328000545501709,0.06890454888343811,-0.09718764067424246,-0.014627933502197266,0.03329789638519287,-0.07335303217900702,-0.016009807586669922,0.055203408002853394,-0.09108606220019766,-0.008862733840942383,0.06291195750236511,-0.09332175791991659,0.0028101205825805664,0.06993171572685242,-0.09596786887181707
0.0,0.0,0.0,0.0530816912651062,0.014843344688415527,-0.017033553885273278,0.09429675340652466,0.04093688726425171,-0.03509077915733272,0.12218034267425537,0.06521376967430115,-0.051015106232814134,0.14954805374145508,0.05805790424346924,-0.0658014465290826,0.07524418830871582,0.016835033893585205,-0.05626947173660213,0.09986221790313721,0.04608568549156189,-0.09208596983735973,0.10275691747665405,0.05437090992927551,-0.11540798583810741,0.10092484951019287,0.053805798292160034,-0.1289694655854028,0.04360151290893555,0.020272016525268555,-0.06171515324895793,0.058493971824645996,0.041084229946136475,-0.09461533019130641,0.06732439994812012,0.054782360792160034,-0.10972934702222759,0.07514053583145142,0.06153827905654907,-0.12164955327098781,0.01253896951675415,0.02831706404685974,-0.06777285525386745,0.015340089797973633,0.044053494930267334,-0.09583013245647365,0.026156187057495117,0.05861109495162964,-0.10230993220394069,0.040093064308166504,0.06684297323226929,-0.10721806922738963,-0.017211735248565674,0.03671073913574219,-0.07491980233972484,-0.020980358123779297,0.05557432770729065,-0.09476658442800456,-0.014300048351287842,0.06347766518592834,-0.09907127657716686,-0.0019150972366333008,0.06891787052154541,-0.10324635097568446
0.0,0.0,0.0,0.05499839782714844,0.025960981845855713,-0.0218623695653406,0.09968280792236328,0.04726529121398926,-0.047433766139718614,0.13012617826461792,0.06433486938476562,-0.0691618198287216,0.16277623176574707,0.05549916625022888,-0.09073149652597579,0.0798531174659729,0.001237332820892334,-0.08378796519157561,0.10503262281417847,0.02588123083114624,-0.12876430393573912,0.10985022783279419,0.04281628131866455,-0.15706321836826476,0.11242181062698364,0.0525965690612793,-0.1747705662381378,0.04909032583236694,0.0025421977043151855,-0.0902361446749893,0.06593161821365356,0.02735653519630432,-0.1359951073062149,0.07596302032470703,0.047340720891952515,-0.15847619117614897,0.08605307340621948,0.06001347303390503,-0.17631624878761443,0.01819080114364624,0.013588398694992065,-0.09573620797512206,0.025485575199127197,0.03496703505516052,-0.13403161109802397,0.035810887813568115,0.054190993309020996,-0.145484852207872,0.04715919494628906,0.0672873854637146,-0.15416772903320464,-0.011566519737243652,0.02810823917388916,-0.10198025645134123,-0.009290814399719238,0.04894152283668518,-0.12924145401832732,-0.0021355748176574707,0.06010401248931885,-0.13786530734417113,0.009163856506347656,0.06874138116836548,-0.14590487123844298
0.0,0.0,0.0,0.0643121600151062,0.02763122320175171,-0.024466831281358736,0.11056751012802124,0.03885596990585327,-0.0554569121892996,0.1416158676147461,0.0444064736366272,-0.08232455518799497,0.17290765047073364,0.02468472719192505,-0.10935333934384062,0.09131461381912231,-0.01930469274520874,-0.09716272172289564,0.11620354652404785,-0.0018242597579956055,-0.15068743196087553,0.12187981605529785,0.01616838574409485,-0.18481089737969114,0.12499314546585083,0.02811071276664734,-0.20655747321205808,0.05971360206604004,-0.021104037761688232,-0.10516644832449629,0.07388186454772949,-0.0018510222434997559,-0.16366127696591093,0.08534955978393555,0.020486652851104736,-0.1942893770034857,0.09710341691970825,0.035971492528915405,-0.2177634742553778,0.02914375066757202,-0.012565821409225464,-0.11157427546339704,0.03609591722488403,0.006420761346817017,-0.16130416658478453,0.047254323959350586,0.029288887977600098,-0.17885506716328337,0.05824524164199829,0.04735720157623291,-0.19084157612877561,-5.137920379638672e-05,0.001956552267074585,-0.11827146080094053,0.0026564598083496094,0.01807844638824463,-0.15285897818165495,0.01030641794204712,0.031817078590393066,-0.1658002641494818,0.022020936012268066,0.0430852472782135,-0.17706063952999784
0.0,0.0,0.0,0.05616229772567749,0.02689439058303833,-0.020468077489724124,0.10139137506484985,0.04722049832344055,-0.0430703953444862,0.13171273469924927,0.06392720341682434,-0.06257754644154545,0.1631183624267578,0.05560123920440674,-0.08157914956807133,0.08107423782348633,3.1322240829467773e-05,-0.07252392252682682,0.10673749446868896,0.026796072721481323,-0.11388410707711216,0.11115270853042603,0.04229021072387695,-0.140607693099966,0.11399483680725098,0.05007809400558472,-0.15755259325503346,0.050295889377593994,0.0019230246543884277,-0.0787810542225742,0.06667715311050415,0.0264987051486969,-0.12164280643462178,0.07680058479309082,0.045406073331832886,-0.14384957482813832,0.08820968866348267,0.05714750289916992,-0.16133130421637532,0.019745945930480957,0.013033479452133179,-0.08453977187870976,0.027087748050689697,0.03415173292160034,-0.1201711230516338,0.03702157735824585,0.05382409691810608,-0.13056468298434254,0.04852175712585449,0.06609120965003967,-0.13826676537989613,-0.009062409400939941,0.02692204713821411,-0.09127312233447071,-0.006177186965942383,0.04709768295288086,-0.11632936527728077,0.0015352964401245117,0.0583702027797699,-0.12375994106530186,0.013434350490570068,0.06636488437652588,-0.13064486613272663
0.0,0.0,0.0,0.0567319393157959,0.031837016344070435,-0.024778897993314786,0.10332995653152466,0.04751920700073242,-0.05170619779084973,0.1341295838356018,0.05542460083961487,-0.0741998992190247,0.16744273900985718,0.042608678340911865,-0.09649714746331028,0.08465814590454102,-0.007714509963989258,-0.08752830990408711,0.1091378927230835,0.011551618576049805,-0.13359840878104023,0.112545907497406,0.03043919801712036,-0.16283979185675435,0.11404478549957275,0.04422500729560852,-0.18177280493830494,0.05355644226074219,-0.0076126158237457275,-0.09290265955780797,0.06932282447814941,0.012291550636291504,-0.14277353056525044,0.07935047149658203,0.03419601917266846,-0.16981113620852284,0.0899079442024231,0.0505794882774353,-0.1910911864862328,0.023098528385162354,0.0031641721725463867,-0.09702733822916798,0.03025752305984497,0.022527635097503662,-0.13925062783812336,0.04015374183654785,0.04462230205535889,-0.15448572405432515,0.05064058303833008,0.06123426556587219,-0.1655608183965569,-0.005497872829437256,0.018786996603012085,-0.10183012404297642,-0.0037824511528015137,0.03712359070777893,-0.1322469926700478,0.0030971169471740723,0.049220532178878784,-0.1437562174425011,0.014831602573394775,0.05835479497909546,-0.1539554215297585
0.0,0.0,0.0,0.05717581510543823,0.02147957682609558,-0.016006281405310574,0.1039273738861084,0.040028512477874756,-0.03451062719486231,0.13631856441497803,0.055660367012023926,-0.05065499971769327,0.16766077280044556,0.044709622859954834,-0.06654957662485117,0.08399331569671631,-0.008486539125442505,-0.061043590113143864,0.10924828052520752,0.017197251319885254,-0.09715457986257547,0.11543208360671997,0.037614524364471436,-0.12057387064359659,0.12089294195175171,0.050725847482681274,-0.13545781354568476,0.05305224657058716,-0.006103813648223877,-0.06810577939413065,0.07106715440750122,0.019196629524230957,-0.10331388543508524,0.0821182131767273,0.04054287075996399,-0.11954623441360468,0.09433037042617798,0.05394941568374634,-0.13242350499294275,0.021549344062805176,0.004898190498352051,-0.07508245836160654,0.033397138118743896,0.027057409286499023,-0.10619751344583506,0.04498976469039917,0.047536253929138184,-0.11327275614402765,0.05870944261550903,0.06090635061264038,-0.11820529381893152,-0.0086708664894104,0.0201435387134552,-0.08278013001344675,-0.0032776594161987305,0.03914499282836914,-0.10575870405099863,0.005841374397277832,0.05011111497879028,-0.11102810482643122,0.0186806321144104,0.059025704860687256,-0.11553619782588953
0.0,0.0,0.0,0.04879200458526611,0.03323200345039368,-0.029801390610231238,0.08229762315750122,0.04659658670425415,-0.05926842755783923,0.10700219869613647,0.048144251108169556,-0.08346921346296199,0.1381160020828247,0.03268539905548096,-0.10632232717384227,0.07489532232284546,-0.007077902555465698,-0.09007838509191401,0.08329117298126221,0.012788444757461548,-0.13357208809961207,0.07748419046401978,0.032628655433654785,-0.158126355625285,0.07354128360748291,0.0429728627204895,-0.17272929988016017,0.043129801750183105,-0.015242397785186768,-0.09142268589843638,0.042464256286621094,0.009577721357345581,-0.1372356130849255,0.04586386680603027,0.03362041711807251,-0.15615590057481654,0.049324095249176025,0.044176697731018066,-0.171043516613139,0.011914372444152832,-0.012136578559875488,-0.09203696391691096,0.006022274494171143,0.01633569598197937,-0.13167444012273677,0.010151982307434082,0.038516998291015625,-0.13992278418649562,0.014457464218139648,0.04640886187553406,-0.14553219220746882,-0.01629352569580078,-0.0020426809787750244,-0.09371333710063823,-0.023066461086273193,0.021837174892425537,-0.1209832741986645,-0.01783698797225952,0.03452381491661072,-0.1271466179858578,-0.009935379028320312,0.035863637924194336,-0.13258074364770778
0.0,0.0,0.0,0.03504210710525513,0.011383742094039917,-0.020482273231351655,0.06830394268035889,0.0017054975032806396,-0.03436773961325912,0.09529852867126465,-0.019341379404067993,-0.04547880163332252,0.11966288089752197,-0.042720139026641846,-0.05733598342081336,0.03459209203720093,-0.009251147508621216,-0.03469350507398872,0.04124873876571655,-0.04650029540061951,-0.05647641738792686,0.044631004333496094,-0.06194645166397095,-0.07587602307935981,0.04865485429763794,-0.06365010142326355,-0.0896368058576229,0.006484031677246094,-0.011881142854690552,-0.03480068167587547,0.01128387451171875,-0.05208003520965576,-0.05330326726576118,0.013585150241851807,-0.06787675619125366,-0.06646531393667487,0.018891513347625732,-0.0721631646156311,-0.07921657284637718,-0.01434558629989624,-0.013163954019546509,-0.03594457676550178,-0.016330063343048096,-0.040302544832229614,-0.05471363609572677,-0.01306617259979248,-0.053680241107940674,-0.05840040689250259,-0.005806088447570801,-0.05987629294395447,-0.06253056546589164,-0.030750930309295654,-0.012246370315551758,-0.03857809996148376,-0.03727537393569946,-0.027694493532180786,-0.05140559693714408,-0.03854992985725403,-0.03648257255554199,-0.04997561445375709,-0.035009801387786865,-0.04233524203300476,-0.05046861564656524
0.0,0.0,0.0,0.04687857627868652,0.014943867921829224,-0.028886681685797555,0.08773541450500488,0.006377488374710083,-0.050705975184790475,0.11791127920150757,-0.015514761209487915,-0.06808147419487653,0.14483857154846191,-0.03735518455505371,-0.08681625712906538,0.07136237621307373,-0.01299479603767395,-0.063728450129382,0.0904684066772461,-0.05444607138633728,-0.10071305770670591,0.0956125259399414,-0.06847870349884033,-0.128811797390334,0.0966719388961792,-0.06884950399398804,-0.14754069436585127,0.044470131397247314,-0.017846405506134033,-0.06342658240591703,0.05556410551071167,-0.06368190050125122,-0.09919279653822599,0.054916441440582275,-0.06704634428024292,-0.12144934971129118,0.05658513307571411,-0.05886349081993103,-0.13980572510754286,0.019822418689727783,-0.01733267307281494,-0.06414425213133512,0.022223949432373047,-0.049320369958877563,-0.09684165407215772,0.023948490619659424,-0.05335405468940735,-0.1101737900475186,0.02763575315475464,-0.05166041851043701,-0.12062115807329832,-0.0026760101318359375,-0.012346118688583374,-0.06652092773710905,-0.0057801008224487305,-0.026401013135910034,-0.09162661273276029,-0.00643002986907959,-0.031184345483779907,-0.10088725973164259,-0.002585768699645996,-0.0353240966796875,-0.10906990457569776
0.0,0.0,0.0,0.05349612236022949,0.017091304063796997,-0.01537682691527209,0.09539222717285156,0.005226194858551025,-0.026999367568024013,0.12488257884979248,-0.02109333872795105,-0.0371220281155189,0.15269172191619873,-0.039687663316726685,-0.047002112659939144,0.08025407791137695,-0.026949286460876465,-0.031173657792933795,0.09815627336502075,-0.05969730019569397,-0.05545813420725665,0.09900921583175659,-0.06452018022537231,-0.07345183396650157,0.09831607341766357,-0.06191098690032959,-0.0851208662421783,0.05176210403442383,-0.02958887815475464,-0.03395196253372035,0.062005043029785156,-0.0684485137462616,-0.05456933954668841,0.06341367959976196,-0.06402862071990967,-0.06441414559198222,0.06604218482971191,-0.05604088306427002,-0.0732078647048553,0.023910343647003174,-0.025901734828948975,-0.038477556947000835,0.027403950691223145,-0.053695738315582275,-0.0587631037266334,0.02966153621673584,-0.051711827516555786,-0.061439978125818584,0.03552556037902832,-0.05046951770782471,-0.06416077369762263,-0.002167999744415283,-0.013657480478286743,-0.04431049728704295,-0.0071631669998168945,-0.03093266487121582,-0.0593821761937221,-0.006140530109405518,-0.032569557428359985,-0.060967313292749736,-0.0003471970558166504,-0.03608161211013794,-0.06281238252235255
0.0,0.0,0.0,0.052684247493743896,0.018824130296707153,-0.02169161617589843,0.09316778182983398,0.012775927782058716,-0.0397289111448611,0.12242835760116577,-0.007511317729949951,-0.05451402954591167,0.1512138843536377,-0.027827531099319458,-0.07009519405496967,0.07604324817657471,-0.021819770336151123,-0.0566482409073199,0.09052449464797974,-0.05427730083465576,-0.09079127527607334,0.09225481748580933,-0.058283984661102295,-0.11523266650570285,0.09220290184020996,-0.05349680781364441,-0.13123667754066837,0.04757368564605713,-0.0269336998462677,-0.05955455966127765,0.05714237689971924,-0.057148128747940063,-0.09254181153906238,0.059391021728515625,-0.05393156409263611,-0.11039753772152316,0.060941100120544434,-0.04519370198249817,-0.12512736536396396,0.01974642276763916,-0.025132566690444946,-0.06315736241472614,0.0226747989654541,-0.04454413056373596,-0.09329109407795322,0.02578151226043701,-0.04215949773788452,-0.10184392101896655,0.02996593713760376,-0.03920748829841614,-0.10868286855352771,-0.005566954612731934,-0.01847591996192932,-0.06799518830908191,-0.011173844337463379,-0.025833815336227417,-0.09150723136795413,-0.009880125522613525,-0.024300992488861084,-0.09786934919489276,-0.005206704139709473,-0.024802595376968384,-0.10326976097954166
0.0,0.0,0.0,0.052956461906433105,0.021030962467193604,-0.02065754970814382,0.09428924322128296,0.012785583734512329,-0.03529624184872304,0.12278926372528076,-0.00838702917098999,-0.04750584354902898,0.14980804920196533,-0.02850264310836792,-0.05983723243977224,0.07782208919525146,-0.02924180030822754,-0.04293804532195722,0.09206938743591309,-0.052893370389938354,-0.07209606757666265,0.09113311767578125,-0.05633905529975891,-0.09406468561197912,0.0910915732383728,-0.052589863538742065,-0.10861620595957433,0.048886656761169434,-0.03135845065116882,-0.044694653808132756,0.05581182241439819,-0.056693851947784424,-0.07180027207638418,0.05718749761581421,-0.056427717208862305,-0.08681351980473195,0.060833632946014404,-0.05173805356025696,-0.09948052009846364,0.02062356472015381,-0.02518633008003235,-0.047869353651062596,0.02146005630493164,-0.039469122886657715,-0.07335008969809209,0.02294600009918213,-0.038232773542404175,-0.07961385241057073,0.027509570121765137,-0.038222283124923706,-0.08469524523522054,-0.0040495991706848145,-0.01210111379623413,-0.05260334080363904,-0.010760366916656494,-0.017472058534622192,-0.07195856711174642,-0.011167138814926147,-0.019102871417999268,-0.07583251884485875,-0.007266968488693237,-0.023778676986694336,-0.07928484967257177
0.0,0.0,0.0,0.051417410373687744,0.017637908458709717,-0.018334623322559196,0.09166193008422852,0.010913968086242676,-0.030496977166009742,0.12007015943527222,-0.011525511741638184,-0.040510050848794776,0.14534789323806763,-0.028716206550598145,-0.05042973895437797,0.07540178298950195,-0.018505066633224487,-0.03424135212667068,0.09026288986206055,-0.049292534589767456,-0.059108044848514396,0.09044426679611206,-0.05754372477531433,-0.07829194133050521,0.08977878093719482,-0.05709010362625122,-0.09078695987231811,0.04697948694229126,-0.022467195987701416,-0.03548072268135627,0.05501389503479004,-0.05451503396034241,-0.05676015083558639,0.05616730451583862,-0.056729644536972046,-0.06823148940570434,0.05803912878036499,-0.05331450700759888,-0.07848365221984466,0.01984584331512451,-0.019848763942718506,-0.038400489733291465,0.020517349243164062,-0.039942413568496704,-0.05901117239959319,0.021152615547180176,-0.041384726762771606,-0.06271559362180312,0.025455236434936523,-0.04267522692680359,-0.06623022620446761,-0.004076063632965088,-0.011460989713668823,-0.04290644441611846,-0.010780870914459229,-0.021438896656036377,-0.05862929289109786,-0.012037813663482666,-0.023880988359451294,-0.06041251112587531,-0.008679509162902832,-0.028065800666809082,-0.06230548013813575
0.0,0.0,0.0,0.05101931095123291,0.021361619234085083,-0.02108875363431295,0.09145230054855347,0.013753831386566162,-0.03755455724261125,0.12010681629180908,-0.007862389087677002,-0.05111827216408571,0.14664143323898315,-0.026792973279953003,-0.06502532474062761,0.07569748163223267,-0.024285584688186646,-0.048385578015068376,0.09282326698303223,-0.049374282360076904,-0.0788645993854793,0.09419530630111694,-0.05482175946235657,-0.10189113281033357,0.09345757961273193,-0.05348449945449829,-0.11709400526545366,0.048128366470336914,-0.027462244033813477,-0.050330373265961015,0.05828660726547241,-0.050889045000076294,-0.07825152091048082,0.060429394245147705,-0.051485270261764526,-0.09362802169583162,0.06188678741455078,-0.0484318733215332,-0.10686192176602205,0.02062124013900757,-0.022122085094451904,-0.053318287053325975,0.023900866508483887,-0.03624531626701355,-0.07882832250855287,0.02548128366470337,-0.036312103271484375,-0.08530801049731096,0.028752148151397705,-0.03737315535545349,-0.09109208247921785,-0.003847658634185791,-0.011283338069915771,-0.05780800692103227,-0.008418053388595581,-0.01769062876701355,-0.07752299568913301,-0.008890330791473389,-0.01938629150390625,-0.08165357522032579,-0.006024360656738281,-0.02346944808959961,-0.08561960867903551
0.0,0.0,0.0,0.05162781476974487,0.020003974437713623,-0.017159161390203792,0.09114956855773926,0.015425443649291992,-0.03067135927214082,0.118827223777771,-0.0035948753356933594,-0.0425138056738561,0.14577996730804443,-0.02145397663116455,-0.05464943428470548,0.07561284303665161,-0.024430185556411743,-0.03916549612714704,0.08974486589431763,-0.04504406452178955,-0.06663951580359395,0.08741044998168945,-0.05110353231430054,-0.08740421687199529,0.08580821752548218,-0.05096134543418884,-0.10093408380581792,0.04844236373901367,-0.027180254459381104,-0.04216318135096486,0.05495351552963257,-0.048366934061050415,-0.06654507224394735,0.05504268407821655,-0.050610899925231934,-0.07960758660866674,0.05678248405456543,-0.047986119985580444,-0.09087203000618871,0.02154541015625,-0.021129369735717773,-0.046369976596373874,0.021108567714691162,-0.03062644600868225,-0.06898559932543691,0.021136760711669922,-0.03042358160018921,-0.07324958150221761,0.024142742156982422,-0.03205251693725586,-0.07718231831623967,-0.002185046672821045,-0.009302854537963867,-0.05199374188615735,-0.009013354778289795,-0.010336607694625854,-0.06929216091467794,-0.010932058095932007,-0.011123239994049072,-0.07137001608445104,-0.009370923042297363,-0.016147464513778687,-0.07341786031557973
0.0,0.0,0.0,0.04914063215255737,0.02139231562614441,-0.022952808700785532,0.08856475353240967,0.016502201557159424,-0.04080232482431878,0.1166267991065979,-0.004776507616043091,-0.05519191797851075,0.14123797416687012,-0.02426201105117798,-0.0703629280257081,0.07261097431182861,-0.01998862624168396,-0.054580661170468225,0.08828359842300415,-0.04755508899688721,-0.08688723545549859,0.0898255705833435,-0.05169808864593506,-0.11122831951855172,0.0905497670173645,-0.04693329334259033,-0.1272706637906884,0.04463386535644531,-0.023794084787368774,-0.05589208256481637,0.05456829071044922,-0.051241278648376465,-0.08589864026783456,0.05690950155258179,-0.05131584405899048,-0.10250638674973,0.058570027351379395,-0.046522676944732666,-0.11641488473890771,0.017787694931030273,-0.019683241844177246,-0.057945395522103205,0.020467638969421387,-0.03566810488700867,-0.08548914145706643,0.021349430084228516,-0.035384535789489746,-0.09270722668646325,0.023541808128356934,-0.03590959310531616,-0.09860712539432992,-0.005332589149475098,-0.011387795209884644,-0.06153659772156228,-0.009825170040130615,-0.016437947750091553,-0.08265538763283242,-0.01167917251586914,-0.01759636402130127,-0.08682304870365609,-0.010860443115234375,-0.021207064390182495,-0.09051630895613183
0.0,0.0,0.0,0.05634492635726929,0.01875835657119751,-0.01929392864008861,0.09715032577514648,0.012204766273498535,-0.03373643581767993,0.12480509281158447,-0.009680032730102539,-0.04569591780205684,0.14961957931518555,-0.028576284646987915,-0.0580549110939117,0.07517141103744507,-0.024112552404403687,-0.04061198060413318,0.08846491575241089,-0.04877603054046631,-0.0669406113495441,0.09213334321975708,-0.055927395820617676,-0.08753109549184757,0.09715646505355835,-0.054736822843551636,-0.10158779297967868,0.045560359954833984,-0.026141732931137085,-0.0423092899193378,0.054009974002838135,-0.054352909326553345,-0.0655024108757587,0.05728179216384888,-0.054663896560668945,-0.07828354661365466,0.06234079599380493,-0.04927635192871094,-0.08994617139001804,0.017681539058685303,-0.020218223333358765,-0.04521163751383739,0.02058631181716919,-0.03796103596687317,-0.06761937414308505,0.024416565895080566,-0.039003223180770874,-0.07181361888547855,0.03182798624038696,-0.038810908794403076,-0.0759273154010387,-0.006713151931762695,-0.007533937692642212,-0.049675783263644746,-0.010975033044815063,-0.016004115343093872,-0.06647446577449756,-0.01058870553970337,-0.016200006008148193,-0.06821656052967029,-0.006037592887878418,-0.017758309841156006,-0.07043345843454318
