0.0,0.0,0.0,0.039803147315979004,-0.00661778450012207,0.0036549665472449533,0.06546980142593384,-0.0351710319519043,0.006197457618171143,0.08556288480758667,-0.05739063024520874,0.0035656771595569126,0.09639120101928711,-0.08313411474227905,0.001266890272589194,0.04898172616958618,-0.0967266857624054,0.022512258912527727,0.05948770046234131,-0.14051353931427002,0.011854843187236952,0.07875186204910278,-0.13288643956184387,0.0015363947694169156,0.08757674694061279,-0.11297571659088135,-0.0034545516156612166,0.03929030895233154,-0.10612735152244568,0.012843562240803408,0.05325812101364136,-0.15545031428337097,0.00024169947739949293,0.07709187269210815,-0.14293155074119568,-0.011505936321711374,0.08816444873809814,-0.11934256553649902,-0.017351862092411352,0.029110491275787354,-0.11507266759872437,0.0001594889416338674,0.045165836811065674,-0.16585218906402588,-0.013447267983949018,0.06901443004608154,-0.14994055032730103,-0.02431268436173184,0.07977521419525146,-0.12077614665031433,-0.028632460211312605,0.01739978790283203,-0.12078636884689331,-0.01283343606898768,0.03230065107345581,-0.16008958220481873,-0.023605831016695333,0.05310356616973877,-0.15220299363136292,-0.030886780519878698,0.06646806001663208,-0.12785404920578003,-0.03443405409613831
0.0,0.0,0.0,0.0397302508354187,-0.01883697509765625,0.002671649675818344,0.061789751052856445,-0.04492843151092529,0.001490423335695823,0.08038657903671265,-0.06430581212043762,-0.004768261922521333,0.0927896499633789,-0.08871451020240784,-0.010362120116127471,0.037951767444610596,-0.11216482520103455,0.01705295242928173,0.04747045040130615,-0.1629852056503296,0.004959956971930524,0.06589764356613159,-0.15313032269477844,-0.0058551665898392,0.0748518705368042,-0.13070827722549438,-0.010850934082640151,0.026373445987701416,-0.11790019273757935,0.0074561715554466446,0.03754645586013794,-0.17380842566490173,-0.007050523305309753,0.060033440589904785,-0.1597791612148285,-0.018304003173483352,0.0722920298576355,-0.13511961698532104,-0.023026298502458076,0.01655501127243042,-0.1216399073600769,-0.004681368594987134,0.03145110607147217,-0.17806050181388855,-0.018075160453093986,0.057671546936035156,-0.1610473394393921,-0.025125808784736137,0.07254588603973389,-0.1309351623058319,-0.026272820079697112,0.008945882320404053,-0.11968892812728882,-0.017357827866447906,0.028817832469940186,-0.1607782542705536,-0.026714179435742835,0.05183357000350952,-0.15377455949783325,-0.02981245681084488,0.06759309768676758,-0.13320928812026978,-0.029771433914078216
0.0,0.0,0.0,0.03967052698135376,-0.013380169868469238,0.004556855354039158,0.06340491771697998,-0.03847062587738037,0.004438940602867092,0.08213376998901367,-0.057707130908966064,-0.0004680800558531928,0.09145402908325195,-0.08157765865325928,-0.00453511236277393,0.03612476587295532,-0.10571637749671936,0.016906745899049724,0.05144381523132324,-0.15041840076446533,0.007038984149275507,0.07406961917877197,-0.14148476719856262,-0.002100406513037001,0.08554422855377197,-0.12195929884910583,-0.006165297069074427,0.024693429470062256,-0.11243322491645813,0.007679212074307884,0.04377341270446777,-0.164261132478714,-0.004292762671084915,0.07008123397827148,-0.149856835603714,-0.013903436083765541,0.08218741416931152,-0.1250263750553131,-0.017582692038686787,0.01673072576522827,-0.116769939661026,-0.0033612969056235897,0.03716444969177246,-0.1698167324066162,-0.013502736408682381,0.0652344822883606,-0.15534955263137817,-0.018745176326902424,0.07915949821472168,-0.12886497378349304,-0.01920425502625278,0.012618005275726318,-0.11568284034729004,-0.01471475867596439,0.03658115863800049,-0.155155211687088,-0.021168686282308613,0.059999167919158936,-0.1485111117362976,-0.02225165424910358,0.07358020544052124,-0.1294640302658081,-0.020966157149942433
0.0,0.0,0.0,0.04072767496109009,-0.01141369342803955,0.0057413630020590745,0.06467854976654053,-0.03800874948501587,0.0067163836975367985,0.08295905590057373,-0.058138757944107056,0.002560947166827532,0.09275436401367188,-0.0833384096622467,-0.0007005303450142719,0.038262009620666504,-0.10219576954841614,0.019734477235076042,0.049866318702697754,-0.15356314182281494,0.009520453011688801,0.073841392993927,-0.1457827389240265,0.0005205089874351643,0.08485013246536255,-0.12508425116539001,-0.0030703017655042686,0.02858889102935791,-0.10826513171195984,0.009548007121381374,0.04269832372665405,-0.16656619310379028,-0.0030661634336439647,0.07104372978210449,-0.15260237455368042,-0.013622596317830471,0.08312439918518066,-0.12680289149284363,-0.017935460822585014,0.021221041679382324,-0.11370208859443665,-0.0026910215783146896,0.037936270236968994,-0.17076843976974487,-0.013207445310357002,0.06618660688400269,-0.15642815828323364,-0.01999412143409529,0.0787656307220459,-0.12876465916633606,-0.02152825930893698,0.015852630138397217,-0.11493462324142456,-0.01522151233434954,0.03576970100402832,-0.15614455938339233,-0.02188553886294642,0.059201836585998535,-0.14900770783424377,-0.024409275891187576,0.07210719585418701,-0.12830719351768494,-0.02437129283130446
0.0,0.0,0.0,0.042384564876556396,-0.014695703983306885,0.006928525977116351,0.06613975763320923,-0.04165905714035034,0.007473378088604932,0.08383429050445557,-0.06192046403884888,0.0023389895169998454,0.09573572874069214,-0.0863710343837738,-0.002239922415185447,0.0442776083946228,-0.10564467310905457,0.019626402873825555,0.059290528297424316,-0.15969690680503845,0.008986327443551545,0.08161753416061401,-0.15450185537338257,-0.0006362149186429633,0.09242457151412964,-0.1356438398361206,-0.0048254620094780876,0.03316640853881836,-0.11184999346733093,0.008150634002220158,0.04826819896697998,-0.17349004745483398,-0.004299623314011569,0.07531988620758057,-0.16108304262161255,-0.014654826726484771,0.08809363842010498,-0.13718685507774353,-0.019177496786880965,0.02416098117828369,-0.11564755439758301,-0.0053699150492434455,0.04207777976989746,-0.17557519674301147,-0.016395237650442596,0.0694846510887146,-0.15894293785095215,-0.0231559596766715,0.08169406652450562,-0.13001978397369385,-0.024833476524520393,0.01766681671142578,-0.11394011974334717,-0.01906769199268865,0.0378650426864624,-0.15832558274269104,-0.02657956851618337,0.06074643135070801,-0.14949828386306763,-0.029209709148574348,0.0734550952911377,-0.1270037591457367,-0.029305598120856757
0.0,0.0,0.0,0.044288039207458496,-0.014819979667663574,0.00835510418211527,0.06743055582046509,-0.039909958839416504,0.008693357747247887,0.08571100234985352,-0.05853384733200073,0.002831145007363034,0.09798634052276611,-0.08271345496177673,-0.0025189874654500954,0.04060935974121094,-0.10627180337905884,0.02180982083474703,0.0538557767868042,-0.16162529587745667,0.011943087730756474,0.07570725679397583,-0.1559501588344574,0.0028342188375205524,0.08499544858932495,-0.13627317547798157,-0.0008942253266326361,0.029381513595581055,-0.11184421181678772,0.009650567364147378,0.04539024829864502,-0.17136266827583313,-0.00126992021294825,0.07197362184524536,-0.1587560772895813,-0.010534313689717578,0.08343112468719482,-0.13448187708854675,-0.014424842964658069,0.021561801433563232,-0.11494576930999756,-0.004493508204618024,0.04203689098358154,-0.17151165008544922,-0.014012043546685504,0.06910169124603271,-0.1552760899066925,-0.01904668025279932,0.07997918128967285,-0.12765800952911377,-0.019708539541611003,0.0176389217376709,-0.11233219504356384,-0.01878100931251936,0.040382325649261475,-0.15479686856269836,-0.02478967345858507,0.06291288137435913,-0.14606907963752747,-0.025508082654127406,0.07413363456726074,-0.12503576278686523,-0.024212905388125705
0.0,0.0,0.0,0.04386836290359497,-0.014333963394165039,0.007954245315588082,0.06786251068115234,-0.038886189460754395,0.00880657404074725,0.0863192081451416,-0.05608779191970825,0.0036033518833136213,0.09954041242599487,-0.08007839322090149,-0.0012515927677014815,0.04515957832336426,-0.10347524285316467,0.0227434782997733,0.060133278369903564,-0.15073862671852112,0.012407053144372071,0.0842854380607605,-0.1475684642791748,0.002219372544161047,0.09885060787200928,-0.13159477710723877,-0.002634978737958704,0.035073697566986084,-0.10976779460906982,0.010315760852492417,0.05181485414505005,-0.1651441752910614,-0.0021921274031484472,0.08083856105804443,-0.15365996956825256,-0.013087940519952213,0.09589558839797974,-0.13010665774345398,-0.018049501000248824,0.02614682912826538,-0.11415323615074158,-0.004284838332139884,0.045736491680145264,-0.16926053166389465,-0.015801129980289375,0.07285648584365845,-0.15174290537834167,-0.022720798967682754,0.08461546897888184,-0.1229104995727539,-0.024404272554718887,0.019195377826690674,-0.11361485719680786,-0.018987190095984374,0.04129081964492798,-0.15386322140693665,-0.02659787063142005,0.06335407495498657,-0.14334994554519653,-0.02885658491989318,0.07481265068054199,-0.12067633867263794,-0.02862215612670127
0.0,0.0,0.0,0.04154825210571289,-0.014225780963897705,0.006210156981850901,0.06480318307876587,-0.03796517848968506,0.005465761558170357,0.084658682346344,-0.055909693241119385,-0.0011535501945587612,0.09633791446685791,-0.08230361342430115,-0.007039161133562288,0.03583282232284546,-0.11038830876350403,0.021307826773281136,0.05147808790206909,-0.1604110300540924,0.011359809697623291,0.07377660274505615,-0.1509450078010559,0.0015880510071468734,0.08311295509338379,-0.13002368807792664,-0.002587916064058504,0.025088846683502197,-0.11607012152671814,0.010656899572367706,0.04476815462112427,-0.17181283235549927,0.0002007357578435176,0.06992149353027344,-0.15719011425971985,-0.008890049732272587,0.07964432239532471,-0.13184869289398193,-0.012302519022469482,0.01870274543762207,-0.11899459362030029,-0.002071049264614544,0.041747450828552246,-0.17169922590255737,-0.010452933809702358,0.06897473335266113,-0.15627455711364746,-0.014414772591536007,0.08038431406021118,-0.12952664494514465,-0.014195006540958843,0.017576932907104492,-0.11507001519203186,-0.015235225870256386,0.043271541595458984,-0.15317392349243164,-0.02008365952873703,0.06632828712463379,-0.14570274949073792,-0.01988463775718685,0.07804369926452637,-0.12665733695030212,-0.01777085961306568
0.0,0.0,0.0,0.04103177785873413,-0.012553989887237549,0.0056688977653465145,0.06488806009292603,-0.038117051124572754,0.0056524012485823505,0.08410322666168213,-0.05722096562385559,0.0006763581783815198,0.09378993511199951,-0.08069279789924622,-0.0033439417587288744,0.03802132606506348,-0.10457196831703186,0.017192941276945817,0.05272752046585083,-0.15253946185112,0.008246919258155572,0.07365334033966064,-0.14272034168243408,0.0004934861805594437,0.08153301477432251,-0.12161329388618469,-0.002266636233187569,0.02621835470199585,-0.11069196462631226,0.007835038124241578,0.044453978538513184,-0.16495728492736816,-0.0019444824414023287,0.06853896379470825,-0.15045684576034546,-0.0092873749075153,0.07764637470245361,-0.12615317106246948,-0.011712948673746837,0.01829296350479126,-0.11447346210479736,-0.0032881729988076813,0.03922903537750244,-0.16777771711349487,-0.011527807333848727,0.06548100709915161,-0.15308183431625366,-0.015049853244207156,0.07630276679992676,-0.12742167711257935,-0.0147152662960508,0.014768719673156738,-0.1126464307308197,-0.01468037802108313,0.03809934854507446,-0.15148943662643433,-0.019825529189191116,0.06068861484527588,-0.1447957158088684,-0.01994347188004042,0.07284289598464966,-0.12699675559997559,-0.018196431801996482
0.0,0.0,0.0,0.040448546409606934,-0.013737261295318604,0.0070278729978952015,0.06411826610565186,-0.038033127784729004,0.007439814202115258,0.08319109678268433,-0.05600312352180481,0.002253322556242665,0.09419000148773193,-0.07811716198921204,-0.002092904484271685,0.03849804401397705,-0.10605913400650024,0.020009991872683486,0.05227440595626831,-0.15706950426101685,0.01072858103700014,0.07308429479598999,-0.14651617407798767,0.0024985749475661123,0.08077901601791382,-0.12356871366500854,-0.0004653795188289678,0.02730005979537964,-0.11124613881111145,0.009359511706605872,0.043327271938323975,-0.16757023334503174,-0.0005999445714053309,0.06806737184524536,-0.1523633897304535,-0.008517361086234132,0.07721537351608276,-0.12636762857437134,-0.011206871670111695,0.01974928379058838,-0.11473208665847778,-0.0031601554512974417,0.03940606117248535,-0.16858258843421936,-0.011716233406588117,0.0658266544342041,-0.15246015787124634,-0.015234598730131665,0.0763392448425293,-0.12567239999771118,-0.0147069346424189,0.016306161880493164,-0.11294227838516235,-0.015937139120325128,0.039078593254089355,-0.15139761567115784,-0.021694171082600633,0.06121557950973511,-0.14328914880752563,-0.021801872950419465,0.07275760173797607,-0.12452977895736694,-0.019746036108955423
0.0,0.0,0.0,0.04047054052352905,-0.014062643051147461,0.0037012147064245937,0.06544303894042969,-0.037654757499694824,0.002212554942715883,0.0849103331565857,-0.05687105655670166,-0.00413716418678689,0.09503710269927979,-0.08158054947853088,-0.009549238458376408,0.038071274757385254,-0.10591581463813782,0.014875247403878689,0.055061936378479004,-0.15593940019607544,0.0030521082504577635,0.07745158672332764,-0.14495056867599487,-0.007515122853320122,0.08753359317779541,-0.12269440293312073,-0.01204923886815834,0.02553689479827881,-0.11220496892929077,0.00561539342616868,0.045144736766815186,-0.16810625791549683,-0.00687898110608387,0.07124269008636475,-0.1528501808643341,-0.016441732384365082,0.08150964975357056,-0.1271093189716339,-0.020216632373731613,0.01723623275756836,-0.11604812741279602,-0.005605643354456902,0.04001331329345703,-0.17025193572044373,-0.016147358082335472,0.06702244281768799,-0.15352419018745422,-0.020469199605386734,0.07780635356903076,-0.12650424242019653,-0.020291808731954575,0.013988494873046875,-0.11423683166503906,-0.017261387519639015,0.03870886564254761,-0.1539105772972107,-0.023900391273301125,0.060828208923339844,-0.14546093344688416,-0.024068914093177796,0.0715407133102417,-0.12653779983520508,-0.022070893757145882
0.0,0.0,0.0,0.04106438159942627,-0.010557234287261963,0.004360607221897794,0.0649482011795044,-0.03638702630996704,0.0047616063171886935,0.08359622955322266,-0.05626988410949707,0.0005368511562124922,0.09481310844421387,-0.08001363277435303,-0.0028715093134081826,0.0404362678527832,-0.10229513049125671,0.01682263179885979,0.056462109088897705,-0.14981764554977417,0.007014021605428411,0.07576644420623779,-0.14134109020233154,-0.0019700742771959767,0.08427417278289795,-0.12108784914016724,-0.005773837815794991,0.027918219566345215,-0.10954385995864868,0.008034309700306608,0.04592996835708618,-0.16181442141532898,-0.003081132329825209,0.06889957189559937,-0.14890101552009583,-0.011820204227987574,0.0792425274848938,-0.1252671182155609,-0.015268716633144663,0.018628358840942383,-0.11363458633422852,-0.0027470624985284076,0.04090118408203125,-0.16546756029129028,-0.01284651146066551,0.0659632682800293,-0.15064969658851624,-0.017716674737457083,0.07742464542388916,-0.12493917346000671,-0.018086879186157034,0.013981044292449951,-0.1119774878025055,-0.013800190433684634,0.03914213180541992,-0.14765694737434387,-0.020368738703254508,0.06051689386367798,-0.14003485441207886,-0.021367667846206473,0.07287812232971191,-0.12297183275222778,-0.020173544667486
0.0,0.0,0.0,0.04253733158111572,-0.011904537677764893,0.005714503754646216,0.06611210107803345,-0.03636974096298218,0.005168065135151778,0.08585542440414429,-0.05449467897415161,-0.0007276370331936732,0.0965842604637146,-0.07856634259223938,-0.005676229312300052,0.03831666707992554,-0.10755017399787903,0.018127815970004235,0.05576622486114502,-0.1565951108932495,0.007431134753645097,0.07679271697998047,-0.14584636688232422,-0.002347612814261879,0.08512234687805176,-0.12349024415016174,-0.006479889913677539,0.02597743272781372,-0.11401411890983582,0.007923566908360158,0.0463373064994812,-0.16734176874160767,-0.0039396987438493625,0.07157135009765625,-0.151414155960083,-0.01286884938853916,0.08218520879745483,-0.12590095400810242,-0.01611211692470249,0.018440544605255127,-0.11644706130027771,-0.004271275657444562,0.04280191659927368,-0.16905370354652405,-0.014664590186654891,0.06958127021789551,-0.15112394094467163,-0.01902904344278511,0.08071005344390869,-0.12367904186248779,-0.018775621257006492,0.016756951808929443,-0.11178216338157654,-0.016735251820861663,0.04331028461456299,-0.14844858646392822,-0.023122472516476478,0.06479167938232422,-0.1389274001121521,-0.02329852787333664,0.07548314332962036,-0.1198154091835022,-0.02131415700095829
0.0,0.0,0.0,0.040994882583618164,-0.010514914989471436,0.0037042059809238026,0.06605255603790283,-0.034863054752349854,0.003475431479913027,0.08567798137664795,-0.05481642484664917,-0.0014266990950062564,0.09065073728561401,-0.07894676923751831,-0.005668500311273306,0.04256397485733032,-0.10379603505134583,0.015823666133385927,0.05627542734146118,-0.1547141671180725,0.004927728452187807,0.07674580812454224,-0.14765802025794983,-0.0052312625232815435,0.08709549903869629,-0.12711375951766968,-0.009721603117483824,0.030409276485443115,-0.1099085807800293,0.0070635672997951815,0.045779645442962646,-0.16529026627540588,-0.005123595580059259,0.07076466083526611,-0.15225180983543396,-0.014758497349518507,0.08259981870651245,-0.12718361616134644,-0.018762819341915815,0.02161961793899536,-0.11309587955474854,-0.0037971759341388633,0.04206967353820801,-0.16577288508415222,-0.014875614888566702,0.06788104772567749,-0.14870402216911316,-0.021137324966090887,0.07918864488601685,-0.12048259377479553,-0.022301776207584112,0.01680833101272583,-0.11140027642250061,-0.015012035950618952,0.04035252332687378,-0.1476854681968689,-0.022196600086587637,0.06196218729019165,-0.13925689458847046,-0.02453787053336498,0.07416766881942749,-0.12023946642875671,-0.024410068861740797
0.0,0.0,0.0,0.04152560234069824,-0.011336445808410645,0.0054073270630823345,0.06542843580245972,-0.03682386875152588,0.0049431097914265365,0.0846981406211853,-0.05566978454589844,-0.0006647065410589903,0.09572678804397583,-0.07945185899734497,-0.00534136479377878,0.039257586002349854,-0.1055692732334137,0.018222495656161186,0.053458213806152344,-0.1552899181842804,0.00769453935667741,0.07506990432739258,-0.14376872777938843,-0.0017497057805968552,0.08289515972137451,-0.12094247341156006,-0.005546786148400429,0.028198838233947754,-0.11077603697776794,0.008459068577437279,0.04633134603500366,-0.1655835211277008,-0.0032337464171661168,0.070931077003479,-0.14867979288101196,-0.012570352550895336,0.07945406436920166,-0.12233704328536987,-0.0161064195226146,0.020807921886444092,-0.11462527513504028,-0.0032673671621097355,0.04260718822479248,-0.16689306497573853,-0.012974120933861855,0.06933677196502686,-0.15018895268440247,-0.01759427252814305,0.07975244522094727,-0.12345966696739197,-0.01771934914991391,0.01762789487838745,-0.11288845539093018,-0.015316936444790485,0.042559266090393066,-0.14929628372192383,-0.02130109656259549,0.06496226787567139,-0.14019814133644104,-0.02187005642458928,0.07588720321655273,-0.12140291929244995,-0.02029525328084958
0.0,0.0,0.0,0.03953146934509277,-0.011233925819396973,0.005717408238353983,0.06394189596176147,-0.035235464572906494,0.005147884460541263,0.08476376533508301,-0.052472829818725586,-0.0009345970694880634,0.09563642740249634,-0.0772903561592102,-0.0060303464062485546,0.03558474779129028,-0.10750192403793335,0.020207378408315435,0.05512005090713501,-0.15476882457733154,0.010110129928591505,0.07666653394699097,-0.14515960216522217,-0.00018147863119111207,0.08432602882385254,-0.12368014454841614,-0.004797148657587513,0.025654375553131104,-0.11358168721199036,0.010202088719609037,0.04837387800216675,-0.16743358969688416,-0.0005460795011344999,0.07422250509262085,-0.15127643942832947,-0.01025400836914514,0.08377289772033691,-0.12542963027954102,-0.014512079441544756,0.020024895668029785,-0.11647626757621765,-0.0017779012206915468,0.04654884338378906,-0.16962802410125732,-0.010819147014615282,0.07275599241256714,-0.14962950348854065,-0.015639344835278735,0.08209049701690674,-0.12092095613479614,-0.016298834839460596,0.020057320594787598,-0.11337980628013611,-0.014045654469725832,0.047097206115722656,-0.15000399947166443,-0.019471645960209116,0.06871211528778076,-0.13955211639404297,-0.019917928287384257,0.07834166288375854,-0.11934423446655273,-0.018605260783431277
0.0,0.0,0.0,0.03751951456069946,-0.010399401187896729,0.005114700896186264,0.06203043460845947,-0.034977734088897705,0.004766603717101248,0.08226943016052246,-0.05300116539001465,-0.0007557758181491181,0.09212946891784668,-0.07767170667648315,-0.005177527880775301,0.034965336322784424,-0.1051093339920044,0.018930298992884786,0.052778661251068115,-0.15129318833351135,0.010066818231237562,0.07481229305267334,-0.14424023032188416,0.0013031027228436187,0.08355140686035156,-0.1233307421207428,-0.0024078248352878973,0.02395230531692505,-0.11163896322250366,0.009380458639455469,0.04365473985671997,-0.16588494181632996,-0.0002536315114838317,0.06964147090911865,-0.15339329838752747,-0.00856768268208441,0.07987332344055176,-0.12878146767616272,-0.01196456535767254,0.01729041337966919,-0.11531698703765869,-0.0021309142285161897,0.0417935848236084,-0.16713738441467285,-0.010750834113466112,0.06825441122055054,-0.14935338497161865,-0.015171975112068026,0.07793444395065308,-0.12120586633682251,-0.01561131070415911,0.016573786735534668,-0.11295786499977112,-0.013950712262200682,0.0426366925239563,-0.14923089742660522,-0.019813645845758288,0.06401503086090088,-0.14007127285003662,-0.020694952672826616,0.07372665405273438,-0.12034997344017029,-0.01958122498403725
0.0,0.0,0.0,0.040236830711364746,-0.009368717670440674,0.004627897982402374,0.06419646739959717,-0.03216451406478882,0.003354090145705868,0.08362329006195068,-0.049698203802108765,-0.00287598104131348,0.09363073110580444,-0.07304185628890991,-0.008180209322915744,0.035867154598236084,-0.10410571098327637,0.015604681447996427,0.05443298816680908,-0.15287896990776062,0.00587664416144662,0.07603335380554199,-0.14490756392478943,-0.0028463733653438794,0.08622074127197266,-0.12548872828483582,-0.006540886945174407,0.02363640069961548,-0.10998225212097168,0.006239982900126506,0.04439735412597656,-0.1643553376197815,-0.005437304618851613,0.06968480348587036,-0.1490025520324707,-0.014013063981280993,0.08081686496734619,-0.12386804819107056,-0.016817072293804358,0.016579389572143555,-0.11200913786888123,-0.004803543797777365,0.04080343246459961,-0.16568270325660706,-0.014282023421571921,0.06796616315841675,-0.14887207746505737,-0.018274094796822737,0.07944381237030029,-0.12194004654884338,-0.017865048608825873,0.016118347644805908,-0.10726693272590637,-0.016194952539251517,0.04146009683609009,-0.14525392651557922,-0.021921064592049788,0.06338274478912354,-0.13681966066360474,-0.022182363904164504,0.07484114170074463,-0.11817547678947449,-0.020317038408563803
0.0,0.0,0.0,0.04005545377731323,-0.011543214321136475,0.004826239310780522,0.06451457738876343,-0.03286164999008179,0.0036752219317648382,0.08439242839813232,-0.05075088143348694,-0.0027205636719074278,0.0957568883895874,-0.07542833685874939,-0.008326416834613326,0.038970232009887695,-0.10177341103553772,0.017409680411795136,0.05530351400375366,-0.14806202054023743,0.0069745178340170355,0.07548534870147705,-0.1369583010673523,-0.0030457079404797582,0.0840369462966919,-0.11521711945533752,-0.007827527820488456,0.028009474277496338,-0.10945895314216614,0.007374513894895074,0.04668307304382324,-0.16419455409049988,-0.004582555964013579,0.07121849060058594,-0.14738452434539795,-0.014285072683712485,0.08108019828796387,-0.12115520238876343,-0.018574345856329444,0.021190941333770752,-0.11358588933944702,-0.004587227943709138,0.043790340423583984,-0.1676785945892334,-0.015047133899649623,0.06997078657150269,-0.14687711000442505,-0.019725605844875815,0.08116656541824341,-0.11756986379623413,-0.020174330099841598,0.01959681510925293,-0.11094969511032104,-0.016885092481395247,0.04407542943954468,-0.14806538820266724,-0.023763732984086516,0.06576454639434814,-0.13726818561553955,-0.02446589432599211,0.07729190587997437,-0.11689507961273193,-0.023209599777480605
0.0,0.0,0.0,0.04309678077697754,-0.013706803321838379,0.0077727172424175706,0.06732505559921265,-0.03856635093688965,0.008531150025604006,0.08654898405075073,-0.05706503987312317,0.0033271916576751437,0.09840226173400879,-0.08161142468452454,-0.001075712531516615,0.04288792610168457,-0.10817983746528625,0.022071156268296477,0.05691248178482056,-0.15937644243240356,0.012545314234969851,0.07792794704437256,-0.14966410398483276,0.003552094417912599,0.08656507730484009,-0.12773138284683228,-0.0001753408910616372,0.030933856964111328,-0.11448115110397339,0.010544797023115393,0.04695004224777222,-0.1720820665359497,7.273326214374265e-05,0.07182759046554565,-0.15830931067466736,-0.008296762975575689,0.08228319883346558,-0.13296791911125183,-0.011554262052001718,0.022430598735809326,-0.11855140328407288,-0.0030947587552390132,0.04407113790512085,-0.1734735667705536,-0.012555866884710554,0.07043880224227905,-0.15751317143440247,-0.016550677279653314,0.08173716068267822,-0.13044816255569458,-0.016415330032529596,0.018729448318481445,-0.11648476123809814,-0.016967580104889635,0.04413866996765137,-0.15440422296524048,-0.022970892871441606,0.06598019599914551,-0.14496400952339172,-0.022942455867948297,0.0769888162612915,-0.12525588274002075,-0.020967146764220956
0.0,0.0,0.0,0.043834030628204346,-0.010628342628479004,0.007717518377688748,0.06823688745498657,-0.034199416637420654,0.007329549416539294,0.08893710374832153,-0.05180549621582031,0.0005609965390647176,0.10238373279571533,-0.07793566584587097,-0.005414948556932586,0.04276329278945923,-0.1103106439113617,0.02416405571588598,0.05954378843307495,-0.161920964717865,0.014785141925898415,0.08229655027389526,-0.1517258584499359,0.005493961516407353,0.09117239713668823,-0.12915027141571045,0.001625398415711743,0.03102797269821167,-0.11684912443161011,0.012360899019626004,0.05009174346923828,-0.17414090037345886,0.0035011230591805997,0.07652837038040161,-0.16019806265830994,-0.004384936057391542,0.08729672431945801,-0.1352654993534088,-0.007551040724280256,0.023557722568511963,-0.1210542619228363,-0.0017207485999790606,0.04719620943069458,-0.17415952682495117,-0.009444667715939659,0.07503068447113037,-0.15768691897392273,-0.012463181037816184,0.08641093969345093,-0.1307562291622162,-0.012003268804761547,0.021114706993103027,-0.1185041069984436,-0.016194554735335487,0.047871410846710205,-0.1560749113559723,-0.020621840600284713,0.0703665018081665,-0.14664530754089355,-0.019343401063594,0.08060193061828613,-0.1268557608127594,-0.016606722716602462
0.0,0.0,0.0,0.044353365898132324,-0.012263774871826172,0.005219733795016168,0.06879264116287231,-0.03589916229248047,0.003584666862948893,0.09027975797653198,-0.055088937282562256,-0.003911380203575732,0.10404276847839355,-0.08135667443275452,-0.010357912177354933,0.0373498797416687,-0.11176091432571411,0.021553081912784933,0.05621612071990967,-0.16191306710243225,0.010601076749949812,0.07842421531677246,-0.1506011188030243,-2.5760813954889272e-05,0.08800530433654785,-0.12746495008468628,-0.004669146159798743,0.02665579319000244,-0.11855149269104004,0.011553948266296743,0.04954046010971069,-0.17422041296958923,-0.00024244896347624945,0.07454466819763184,-0.15681129693984985,-0.009551472509414793,0.08576983213424683,-0.13034334778785706,-0.012768591301650645,0.02161043882369995,-0.12144804000854492,-0.0008060721579425945,0.04817110300064087,-0.17550334334373474,-0.009732872726530672,0.0753868818283081,-0.15724852681159973,-0.013260536374659182,0.08736985921859741,-0.12832903861999512,-0.012466815779120566,0.0225369930267334,-0.11767977476119995,-0.013826881082863451,0.04919576644897461,-0.15570318698883057,-0.018775951596111895,0.07211631536483765,-0.14636412262916565,-0.018619832130283953,0.08417528867721558,-0.12602898478507996,-0.016393879907340647
0.0,0.0,0.0,0.04389142990112305,-0.01363438367843628,0.00979236482818635,0.0685994029045105,-0.0400998592376709,0.00993537406613143,0.08968150615692139,-0.05781286954879761,0.003411998433890062,0.10138005018234253,-0.08038052916526794,-0.00211040892462222,0.037142395973205566,-0.1153343915939331,0.022689683057265597,0.05627906322479248,-0.16772407293319702,0.012845429286258536,0.07907885313034058,-0.15553054213523865,0.0038962396065613802,0.08661437034606934,-0.13164478540420532,0.0006255632470271166,0.025169551372528076,-0.12051969766616821,0.009956364214318114,0.04761314392089844,-0.17882555723190308,-0.0003359609254260931,0.07420456409454346,-0.16103017330169678,-0.007760703403604907,0.08336478471755981,-0.13457822799682617,-0.009834871001643819,0.01899665594100952,-0.12232542037963867,-0.004615483179790658,0.04609262943267822,-0.1780158281326294,-0.013039219498736543,0.07434427738189697,-0.15920591354370117,-0.015151609040898961,0.08432614803314209,-0.13204053044319153,-0.013534583456916494,0.019650161266326904,-0.11727392673492432,-0.019314833290977163,0.04822808504104614,-0.15746667981147766,-0.02421671182672469,0.07098525762557983,-0.14779865741729736,-0.022567106716437024,0.08030462265014648,-0.12849733233451843,-0.019209109552306813
0.0,0.0,0.0,0.04006087779998779,-0.011873424053192139,0.004401127183427889,0.06605970859527588,-0.03794294595718384,0.004468564716717083,0.08639800548553467,-0.057731300592422485,-0.00040232667970485636,0.0976107120513916,-0.08096000552177429,-0.0041654083602225,0.03796494007110596,-0.1128663420677185,0.018690088139464933,0.05799984931945801,-0.16013193130493164,0.009419356779744703,0.08030915260314941,-0.15357428789138794,8.673589491081657e-06,0.09173786640167236,-0.13469329476356506,-0.004423825694630068,0.025703608989715576,-0.11941933631896973,0.009388502062847692,0.04660308361053467,-0.17389976978302002,-0.0013296873498802597,0.07314068078994751,-0.16245794296264648,-0.010340830935547274,0.0865815281867981,-0.13884088397026062,-0.01420197977722637,0.018159210681915283,-0.12191519141197205,-0.001973479679236334,0.04407221078872681,-0.17477291822433472,-0.011832621572921198,0.07092219591140747,-0.1584797501564026,-0.017053358881184977,0.08299028873443604,-0.1302906572818756,-0.01780926312358133,0.017544984817504883,-0.11823520064353943,-0.013712745784232538,0.04462820291519165,-0.15570619702339172,-0.02005259755105726,0.06618684530258179,-0.14717978239059448,-0.021051774425814074,0.07771855592727661,-0.1279689073562622,-0.019958738861987513
0.0,0.0,0.0,0.04225105047225952,-0.011840999126434326,0.006992448488276182,0.06676644086837769,-0.03516829013824463,0.006118968961786209,0.08867490291595459,-0.05211713910102844,-0.0007776734241957683,0.10235518217086792,-0.07787862420082092,-0.006475013313789191,0.038086533546447754,-0.10933026671409607,0.020403944788526474,0.05820053815841675,-0.15988272428512573,0.009976491233359752,0.0813683271408081,-0.1470009982585907,0.0009358423007910233,0.088656485080719,-0.12207034230232239,-0.0022691507879386563,0.0276830792427063,-0.1165165901184082,0.009412989852975784,0.05090373754501343,-0.17337191104888916,-0.0005363171626555641,0.07728224992752075,-0.15666180849075317,-0.008105670200635018,0.08692598342895508,-0.13103839755058289,-0.010537314327407898,0.02224111557006836,-0.1195647120475769,-0.0035495719462375064,0.04875093698501587,-0.17621392011642456,-0.011729387665141644,0.07659870386123657,-0.15809527039527893,-0.013774835603285851,0.0869666337966919,-0.13084271550178528,-0.01231369851713282,0.022727608680725098,-0.11472052335739136,-0.01682972265963656,0.051014602184295654,-0.15447774529457092,-0.021609488042045655,0.07373613119125366,-0.1444164514541626,-0.01979908450131518,0.08374494314193726,-0.12426665425300598,-0.016344527812648835
0.0,0.0,0.0,0.03954893350601196,-0.011586546897888184,0.0050699139979428764,0.06505441665649414,-0.035995304584503174,0.004117455523157787,0.08709734678268433,-0.054032087326049805,-0.0024177171721362356,0.10047835111618042,-0.08026602864265442,-0.00787080060348444,0.03758835792541504,-0.11290508508682251,0.021133248883927536,0.057256221771240234,-0.1594950556755066,0.011413571614468765,0.07885551452636719,-0.14822664856910706,0.0011386783594957706,0.08665972948074341,-0.12569093704223633,-0.0036689574330353025,0.027064085006713867,-0.11906382441520691,0.01075501107021637,0.048542559146881104,-0.1739201545715332,0.0008057218079216,0.07503879070281982,-0.15908843278884888,-0.008642962944065857,0.08560442924499512,-0.13429152965545654,-0.013171364363586235,0.020760655403137207,-0.12203875184059143,-0.0018407159217872504,0.046552062034606934,-0.1766943633556366,-0.010509778555785942,0.0735655426979065,-0.15751662850379944,-0.014839105118369389,0.08382344245910645,-0.12894898653030396,-0.015491398793017197,0.020461678504943848,-0.11870265007019043,-0.014911355261062909,0.04757428169250488,-0.15772521495819092,-0.020549281310593415,0.06922996044158936,-0.1465652883052826,-0.02043955102220707,0.07870924472808838,-0.1251818835735321,-0.018735349919950295
0.0,0.0,0.0,0.04539811611175537,-0.01445382833480835,0.008257272164172491,0.0691956877708435,-0.039104998111724854,0.008760110917336306,0.08821392059326172,-0.05848723649978638,0.0031206311889206972,0.10058540105819702,-0.08152797818183899,-0.0016263410450676474,0.04454755783081055,-0.11151936650276184,0.023020279104656538,0.059892356395721436,-0.16300153732299805,0.013263182225472292,0.0799720287322998,-0.15095362067222595,0.0035818069938784447,0.08757752180099487,-0.12720659375190735,-0.0006393983728969488,0.03225064277648926,-0.11788433790206909,0.011393364029771647,0.049796223640441895,-0.1739838719367981,0.0011336524969181028,0.07361286878585815,-0.1580239236354828,-0.007538273953997532,0.08293312788009644,-0.13213327527046204,-0.011253123660736719,0.02366507053375244,-0.12087780237197876,-0.002333616861307064,0.046604156494140625,-0.17382696270942688,-0.011346306209617296,0.07139986753463745,-0.1551549732685089,-0.015120931458824316,0.08055996894836426,-0.1268400251865387,-0.015015289676540533,0.019858956336975098,-0.1171373724937439,-0.016297490825110117,0.04606056213378906,-0.1533607840538025,-0.021708797221236864,0.06739085912704468,-0.14359250664710999,-0.02153960198646132,0.07766139507293701,-0.1245318353176117,-0.01964652494078223
0.0,0.0,0.0,0.04518294334411621,-0.014238297939300537,0.008946908628104211,0.0697374939918518,-0.040191054344177246,0.009120955122170926,0.08973836898803711,-0.059628576040267944,0.0029944891477953206,0.10158681869506836,-0.08508050441741943,-0.0020899195321817388,0.03977721929550171,-0.11307096481323242,0.021094941524324895,0.057202279567718506,-0.16686078906059265,0.010662746605930806,0.07963401079177856,-0.15436458587646484,0.0015976033075730811,0.08801746368408203,-0.1304224729537964,-0.0017519700438697328,0.027966201305389404,-0.11904865503311157,0.009164181528149129,0.049456655979156494,-0.17850062251091003,-0.002751594186293005,0.0760233998298645,-0.1603947877883911,-0.01088577416771841,0.08624255657196045,-0.1334741711616516,-0.01318928041541767,0.02096658945083618,-0.12204182147979736,-0.0046028816238958825,0.04754847288131714,-0.17873114347457886,-0.014311716901602267,0.07565051317214966,-0.15880021452903748,-0.017185988845767497,0.08669573068618774,-0.13008195161819458,-0.015739263045134066,0.019838929176330566,-0.11828237771987915,-0.018479942353906154,0.04839038848876953,-0.15841758251190186,-0.023923379378857135,0.07136940956115723,-0.14722970128059387,-0.02290073876315546,0.0818360447883606,-0.12629243731498718,-0.019897400411309718
0.0,0.0,0.0,0.043678224086761475,-0.013635754585266113,0.008776758154525055,0.06752574443817139,-0.03588211536407471,0.008377785151495232,0.08887302875518799,-0.05381330847740173,0.0015532476218851343,0.1017809510231018,-0.08023697137832642,-0.004169734837816463,0.037324368953704834,-0.11026865243911743,0.022503764656974568,0.05671977996826172,-0.15971282124519348,0.013341596638454689,0.07806456089019775,-0.14656266570091248,0.005211990615023865,0.08374857902526855,-0.12283012270927429,0.002541878781883611,0.02633368968963623,-0.11746782064437866,0.010486226817263855,0.048918724060058594,-0.17585891485214233,0.00011756292686015968,0.07428842782974243,-0.1576269268989563,-0.007285456350402342,0.08184635639190674,-0.13031873106956482,-0.009134136783288227,0.020286083221435547,-0.1213594377040863,-0.0033610271665764913,0.047590553760528564,-0.1772606074810028,-0.011445490355001198,0.0743902325630188,-0.15759098529815674,-0.013201462747858272,0.08274543285369873,-0.12924465537071228,-0.011264182338820206,0.020042479038238525,-0.11797958612442017,-0.017410044269965397,0.04872983694076538,-0.15720897912979126,-0.0218894618473513,0.07133442163467407,-0.1468999981880188,-0.020048492299721943,0.08044183254241943,-0.12690836191177368,-0.016506702350781666
0.0,0.0,0.0,0.04425084590911865,-0.012306272983551025,0.007278543016170147,0.06849658489227295,-0.035774290561676025,0.007142243491713884,0.08860081434249878,-0.05436757206916809,0.0009297752326773434,0.10018819570541382,-0.07960239052772522,-0.004464374804641125,0.040682196617126465,-0.1102057695388794,0.022621496631060722,0.05879157781600952,-0.15920445322990417,0.012094142897282723,0.08189129829406738,-0.14982199668884277,0.001291219894071105,0.09252512454986572,-0.12815207242965698,-0.003771655443827626,0.028949320316314697,-0.11725467443466187,0.011401250077639702,0.04984092712402344,-0.17173629999160767,0.00031117040593642287,0.07696574926376343,-0.15720972418785095,-0.009190197052205917,0.08914607763290405,-0.13132911920547485,-0.013243766451026318,0.02184849977493286,-0.12099695205688477,-0.002016627877722499,0.04737114906311035,-0.17245924472808838,-0.01102893421962392,0.07507002353668213,-0.15592217445373535,-0.01521443477436435,0.08718127012252808,-0.1285088062286377,-0.015372622707630512,0.02067166566848755,-0.11801683902740479,-0.01581783308252227,0.04763460159301758,-0.1544603407382965,-0.020905748890484688,0.07011359930038452,-0.14590314030647278,-0.020793884010757324,0.08170408010482788,-0.12695175409317017,-0.01895896805986297
0.0,0.0,0.0,0.04442566633224487,-0.01432722806930542,0.007058137076683124,0.0692337155342102,-0.036839187145233154,0.006060383262820324,0.09058749675750732,-0.054130226373672485,-0.0010056625085326232,0.10258078575134277,-0.07911726832389832,-0.007098286898099104,0.037353456020355225,-0.11292287707328796,0.020949016305394252,0.058714449405670166,-0.16118496656417847,0.010389137062020382,0.08015304803848267,-0.14852073788642883,6.165741297081695e-06,0.08808630704879761,-0.12551429867744446,-0.0046969829325007595,0.026319146156311035,-0.11965730786323547,0.00955034511048325,0.05088728666305542,-0.17365512251853943,-0.0008194123709017731,0.07672679424285889,-0.15732255578041077,-0.009784991872720639,0.08729743957519531,-0.13196134567260742,-0.013812306356840054,0.02066349983215332,-0.12193211913108826,-0.0038887509342657722,0.04928070306777954,-0.17390164732933044,-0.012268737909607808,0.07642167806625366,-0.15462103486061096,-0.015717663821988026,0.08774280548095703,-0.12645787000656128,-0.01577963775139324,0.021978914737701416,-0.11672940850257874,-0.01772980487089626,0.050598978996276855,-0.15341529250144958,-0.022551783380322377,0.07295030355453491,-0.143207848072052,-0.021798632127456585,0.08371037244796753,-0.1234254539012909,-0.019696182591133038
0.0,0.0,0.0,0.042075276374816895,-0.014219999313354492,0.006963927486751231,0.06708288192749023,-0.038690805435180664,0.006558377949360761,0.08865779638290405,-0.056108295917510986,0.00020283255314268445,0.10120314359664917,-0.07980027794837952,-0.0052643104439340505,0.03605562448501587,-0.11570525169372559,0.022305363045845183,0.05656474828720093,-0.16331666707992554,0.012841134520087394,0.07897591590881348,-0.15288248658180237,0.002343268554497513,0.08935362100601196,-0.1310238540172577,-0.0028472189308814677,0.025073885917663574,-0.12138915061950684,0.01129173692486063,0.04777872562408447,-0.17542597651481628,0.0018820636457093087,0.07460379600524902,-0.1620931327342987,-0.007280709033992139,0.08728772401809692,-0.13767093420028687,-0.01173457857051119,0.019243061542510986,-0.12297520041465759,-0.0017308210238553556,0.04688405990600586,-0.17491891980171204,-0.009107492676164952,0.07443892955780029,-0.15855124592781067,-0.013087840562846509,0.086722731590271,-0.13130426406860352,-0.01380894873121008,0.020472586154937744,-0.11756014823913574,-0.015165488047685471,0.048853516578674316,-0.1542493999004364,-0.018905195219602433,0.07077234983444214,-0.144783616065979,-0.01792127713390812,0.08128964900970459,-0.12493827939033508,-0.015863365305747834
0.0,0.0,0.0,0.06365767121315002,-0.027832627296447754,0.0014306063186211304,0.10034012794494629,-0.06889134645462036,-0.0026293893223794385,0.13288015127182007,-0.10065162181854248,-0.013649285572597591,0.14862090349197388,-0.14454904198646545,-0.02465302291048488,0.07809701561927795,-0.16948753595352173,0.018037589465251358,0.09533306956291199,-0.24509233236312866,-0.0011100061582567378,0.12057742476463318,-0.22879084944725037,-0.018821006442436783,0.13569357991218567,-0.19912761449813843,-0.028740251238474457,0.059403449296951294,-0.17598408460617065,0.003517174127495082,0.07673123478889465,-0.26422742009162903,-0.017798669437894432,0.10687834024429321,-0.2344037890434265,-0.03619611988497695,0.11932671070098877,-0.19099941849708557,-0.04581587369276008,0.040652453899383545,-0.17596843838691711,-0.014167031074890701,0.05616563558578491,-0.2613745927810669,-0.03302319700551948,0.08958622813224792,-0.23210251331329346,-0.04415338466597518,0.10492455959320068,-0.18726402521133423,-0.04788750017715415,0.021534860134124756,-0.16817301511764526,-0.032921138952502815,0.040148913860321045,-0.23037829995155334,-0.04683072100115737,0.06954234838485718,-0.21906647086143494,-0.05296548436118087,0.08897796273231506,-0.18963497877120972,-0.05491390431953391
0.0,0.0,0.0,0.06444007158279419,-0.026149630546569824,0.003226617174760804,0.1013050377368927,-0.06735581159591675,0.0002458867366215145,0.13336503505706787,-0.10186737775802612,-0.009938111006675854,0.14759117364883423,-0.14605757594108582,-0.01994917955195774,0.08003288507461548,-0.16480427980422974,0.01922473084235321,0.09613940119743347,-0.24789488315582275,0.0018444102588830447,0.1196509599685669,-0.23012101650238037,-0.013321105800031319,0.13212516903877258,-0.1994875967502594,-0.0213114288071381,0.06084427237510681,-0.1712416410446167,0.004522459172250137,0.07744172215461731,-0.262495219707489,-0.015309221520482197,0.10564661026000977,-0.23033469915390015,-0.03123869787847866,0.11483383178710938,-0.18754100799560547,-0.03883681859767307,0.04173365235328674,-0.17231154441833496,-0.01311221480315794,0.05705532431602478,-0.2607942819595337,-0.03036592010354866,0.08840256929397583,-0.22941133379936218,-0.03871022578275074,0.10040771961212158,-0.1852511167526245,-0.04034289758598675,0.022211194038391113,-0.16688960790634155,-0.03173235099708904,0.0417824387550354,-0.2299438714981079,-0.04448098730242123,0.06992870569229126,-0.21551930904388428,-0.04879308905398716,0.08649030327796936,-0.18450143933296204,-0.04908672761118282
0.0,0.0,0.0,0.06516790390014648,-0.024221181869506836,0.004429238780687683,0.10273638367652893,-0.06418681144714355,0.000993996674480968,0.13540223240852356,-0.09707963466644287,-0.010462816872347958,0.14901655912399292,-0.1420617699623108,-0.022242615067114002,0.08126437664031982,-0.16166278719902039,0.022579573027144306,0.09848016500473022,-0.24082112312316895,0.004852795440058344,0.12503978610038757,-0.2324703335762024,-0.011321305365015633,0.141389399766922,-0.20920783281326294,-0.020176863365520603,0.06237310171127319,-0.1686863899230957,0.0061693176881476575,0.07823291420936584,-0.26056820154190063,-0.015420544960250027,0.107248455286026,-0.2302539348602295,-0.03250177583907998,0.1167762279510498,-0.18626853823661804,-0.04017822078679956,0.04389062523841858,-0.16971802711486816,-0.013361730680514938,0.058533430099487305,-0.25817739963531494,-0.031991228528966076,0.09083542227745056,-0.22710776329040527,-0.04105505726550973,0.10326024889945984,-0.18185889720916748,-0.04259614280675805,0.025134950876235962,-0.1633385419845581,-0.03388875357126153,0.04502636194229126,-0.2265920639038086,-0.04735227308486856,0.07396635413169861,-0.21230679750442505,-0.052376393296469814,0.09077620506286621,-0.1807710826396942,-0.05304333201860345
0.0,0.0,0.0,0.06548219919204712,-0.028770864009857178,0.0057318000437760475,0.10128194093704224,-0.07014024257659912,0.002625026445656431,0.13361060619354248,-0.10219621658325195,-0.008799471488401878,0.14737394452095032,-0.14734861254692078,-0.02020438347588538,0.07490119338035583,-0.17146137356758118,0.02381921041180135,0.09107881784439087,-0.2525882124900818,0.006583990001871598,0.11733266711235046,-0.23501256108283997,-0.009110762333676803,0.1313391625881195,-0.20369046926498413,-0.01749793585966586,0.05704030394554138,-0.17624256014823914,0.006815453463985932,0.07436388731002808,-0.266360878944397,-0.013184606624946582,0.10478109121322632,-0.23353451490402222,-0.030013955725536334,0.11506366729736328,-0.18864375352859497,-0.03804096725414752,0.04005730152130127,-0.1763661801815033,-0.013238722054467189,0.056973814964294434,-0.2634046673774719,-0.03000403341482638,0.09120196104049683,-0.23161941766738892,-0.038408519296154964,0.10466161370277405,-0.1855291724205017,-0.040159208296046245,0.0227510929107666,-0.16881665587425232,-0.03430837538670062,0.04273858666419983,-0.2305406928062439,-0.04645626392792224,0.0730273425579071,-0.21830907464027405,-0.05086866167019366,0.09112581610679626,-0.18876147270202637,-0.05146302801202296
0.0,0.0,0.0,0.06632271409034729,-0.02824944257736206,0.00533144514400874,0.1022220253944397,-0.06751066446304321,0.0001275424808113712,0.13493505120277405,-0.09955388307571411,-0.013578291392434494,0.14936965703964233,-0.1459496021270752,-0.02734897878627862,0.07676422595977783,-0.1677379012107849,0.021571270780157192,0.09281530976295471,-0.25254499912261963,0.0042093430026284295,0.11928430199623108,-0.23731613159179688,-0.010972060604501621,0.13338276743888855,-0.20774316787719727,-0.019034499643851177,0.05815163254737854,-0.1719191074371338,0.003971863662343367,0.0750432014465332,-0.2659870684146881,-0.01603280228238191,0.10648834705352783,-0.2342953383922577,-0.032373739747811214,0.11714491248130798,-0.18955224752426147,-0.040227676151801006,0.04039877653121948,-0.17167460918426514,-0.01654709350924577,0.05610308051109314,-0.26165586709976196,-0.03314346667986001,0.09153228998184204,-0.23051717877388,-0.040910302071381466,0.10521036386489868,-0.18495094776153564,-0.04252926853160943,0.02279236912727356,-0.16376018524169922,-0.038132282315302746,0.04305735230445862,-0.22558128833770752,-0.050289640544463055,0.07390865683555603,-0.21199879050254822,-0.05436461639266099,0.09155476093292236,-0.1819329559803009,-0.054825133054066555
0.0,0.0,0.0,0.06602951884269714,-0.025694608688354492,0.004426107797030454,0.10390621423721313,-0.06596136093139648,0.0005262672171966187,0.13706251978874207,-0.0984308123588562,-0.011506311074640507,0.15024200081825256,-0.14444127678871155,-0.023808003813769574,0.08227464556694031,-0.16355431079864502,0.021734878941629177,0.09944930672645569,-0.2447044849395752,0.0034852917857506327,0.12539151310920715,-0.23331311345100403,-0.012873572707917447,0.14002907276153564,-0.20736724138259888,-0.0216166111089251,0.06317120790481567,-0.1702134907245636,0.005180697943274026,0.07907736301422119,-0.2634449601173401,-0.015932751298691983,0.10841748118400574,-0.232814222574234,-0.03261659428551411,0.11734896898269653,-0.1887441873550415,-0.040114076287295575,0.04402753710746765,-0.17101603746414185,-0.014504135996844525,0.05794838070869446,-0.2608072757720947,-0.032865764052417035,0.09064632654190063,-0.22936177253723145,-0.04157306760623669,0.10231074690818787,-0.183707594871521,-0.04284449055865025,0.024384021759033203,-0.1644136905670166,-0.035186258555199856,0.043513596057891846,-0.22835099697113037,-0.04859122023060536,0.07255807518959045,-0.21343231201171875,-0.053446186185624356,0.08879044651985168,-0.18099486827850342,-0.053848633021857495
0.0,0.0,0.0,0.06689125299453735,-0.026571929454803467,0.004714204422413104,0.10433921217918396,-0.06664973497390747,0.0008641290061461859,0.1374852955341339,-0.09940952062606812,-0.010881031905086047,0.15094569325447083,-0.14512330293655396,-0.02268586684462548,0.08214682340621948,-0.1650400459766388,0.020327828782825463,0.09967315196990967,-0.24667203426361084,0.003062612801073783,0.12628492712974548,-0.23524385690689087,-0.011597542133898742,0.1409030258655548,-0.21044334769248962,-0.01908581149277211,0.06303045153617859,-0.17103874683380127,0.003911882131575339,0.08091101050376892,-0.26318371295928955,-0.016753619578452117,0.11052817106246948,-0.23054027557373047,-0.03237703819272042,0.11821645498275757,-0.18706196546554565,-0.0388877392232132,0.044041842222213745,-0.17132502794265747,-0.01534056388285876,0.05890318751335144,-0.26083508133888245,-0.0330593772649479,0.09147804975509644,-0.22853174805641174,-0.040554232937068946,0.10192498564720154,-0.1842351257801056,-0.040936671239109046,0.02432742714881897,-0.1646614670753479,-0.03553356606957436,0.043692201375961304,-0.22955697774887085,-0.04855711389777184,0.07252305746078491,-0.21407794952392578,-0.05255592246052743,0.08788609504699707,-0.18218281865119934,-0.05215951804515839
0.0,0.0,0.0,0.06635499000549316,-0.027597546577453613,0.004916225553017739,0.10271161794662476,-0.0689995288848877,0.0005838888976654744,0.13529187440872192,-0.1022443175315857,-0.011879667646724101,0.14827817678451538,-0.14856964349746704,-0.024379797286826488,0.07687842845916748,-0.16830363869667053,0.020618125789326314,0.09277293086051941,-0.25233903527259827,0.003486392081242684,0.11991727352142334,-0.23756486177444458,-0.011291086680728313,0.13545095920562744,-0.20863842964172363,-0.01908874512417924,0.05817669630050659,-0.17317822575569153,0.0037819079519181287,0.07459619641304016,-0.26707756519317627,-0.016576610512572643,0.10621783137321472,-0.23529621958732605,-0.032684827230411884,0.11691877245903015,-0.19039463996887207,-0.039981940768200275,0.04041057825088501,-0.17289409041404724,-0.015876131139236804,0.05591195821762085,-0.26234596967697144,-0.03305332177086484,0.09148311614990234,-0.23092788457870483,-0.04087505676551473,0.10520905256271362,-0.1853555142879486,-0.04196981527610433,0.022468209266662598,-0.1648738980293274,-0.036541176966863986,0.04343503713607788,-0.22686108946800232,-0.04910629057093274,0.07438495755195618,-0.2128758728504181,-0.05317824520869863,0.09195870161056519,-0.1822451651096344,-0.05323748477502477
0.0,0.0,0.0,0.0655977725982666,-0.027623772621154785,0.002258048432850046,0.10254499316215515,-0.06878072023391724,-0.0027897217842109967,0.13526496291160583,-0.10277581214904785,-0.015087970492459135,0.14718395471572876,-0.1487084925174713,-0.027231006843067007,0.0793822705745697,-0.16916337609291077,0.016965298953437014,0.09506291151046753,-0.2534422278404236,-0.0011534146797202993,0.12166482210159302,-0.2385745644569397,-0.016598137986875372,0.13577449321746826,-0.21011078357696533,-0.024617909413791494,0.060158610343933105,-0.17413818836212158,0.00198395950064878,0.07759979367256165,-0.26634156703948975,-0.019102877897239523,0.10884019732475281,-0.2324938178062439,-0.036018668633914785,0.11749008297920227,-0.18820875883102417,-0.043874791783309774,0.04121389985084534,-0.17389333248138428,-0.01578722238264163,0.0564955472946167,-0.26253771781921387,-0.033755524975276785,0.09077942371368408,-0.22907564043998718,-0.042533035350061255,0.10208800435066223,-0.18402117490768433,-0.0441438098969229,0.02137511968612671,-0.1670033037662506,-0.0345886675240763,0.041218191385269165,-0.23013663291931152,-0.04781849585197051,0.070811927318573,-0.21445316076278687,-0.05252603344342788,0.08639216423034668,-0.18310889601707458,-0.052938925993657904
0.0,0.0,0.0,0.0648542046546936,-0.025973379611968994,0.0024307329335613304,0.10149922966957092,-0.06881874799728394,-0.0031473186204777903,0.1336563527584076,-0.1031724214553833,-0.016275221375991578,0.1475190818309784,-0.14959606528282166,-0.029470180986692185,0.07828342914581299,-0.17044365406036377,0.016535244988034492,0.0952576994895935,-0.2550708055496216,-0.001272192933839733,0.12361717224121094,-0.2420940399169922,-0.016141997544337983,0.1387142837047577,-0.21541011333465576,-0.02376430284815001,0.058997780084609985,-0.1747955083847046,0.0007947158778449648,0.07777544856071472,-0.26866614818573,-0.02031891968684363,0.10990703105926514,-0.23499086499214172,-0.03700815130608248,0.11865946650505066,-0.1904306411743164,-0.04446266208427119,0.0402546226978302,-0.17406436800956726,-0.01767081384198832,0.05602565407752991,-0.2645522356033325,-0.035250376804043526,0.09115353226661682,-0.23175019025802612,-0.04350917403237986,0.102206289768219,-0.18660345673561096,-0.04477357108729052,0.020848602056503296,-0.16617578268051147,-0.03721967328922915,0.04040876030921936,-0.2312517762184143,-0.050452370090653176,0.0707646906375885,-0.217218279838562,-0.055105574323107476,0.0865393579006195,-0.1866171956062317,-0.05543673027889895
0.0,0.0,0.0,0.06692662835121155,-0.02738100290298462,0.0029848467685269497,0.10515224933624268,-0.06916368007659912,-0.002515931321681819,0.13732969760894775,-0.10280370712280273,-0.015890115812794647,0.1505759060382843,-0.14882472157478333,-0.029571881458537064,0.08384713530540466,-0.17029261589050293,0.018086742668970146,0.10265514254570007,-0.2530071437358856,-0.0007701850253170051,0.13113734126091003,-0.2425689697265625,-0.017535522520915947,0.1478646695613861,-0.2181612253189087,-0.02652824477888771,0.06386363506317139,-0.174828439950943,0.0015394432131188296,0.0824577808380127,-0.26971083879470825,-0.02095571526922413,0.11433666944503784,-0.23653417825698853,-0.03937024058438965,0.12173712253570557,-0.19035586714744568,-0.047685174212233505,0.04404065012931824,-0.17376193404197693,-0.01777706475593277,0.05937260389328003,-0.2655981183052063,-0.03649570600725838,0.09394308924674988,-0.23303624987602234,-0.045663045660035095,0.1039169430732727,-0.18678677082061768,-0.04701445059515663,0.023328453302383423,-0.16571122407913208,-0.03815539361573883,0.04293671250343323,-0.23238685727119446,-0.0519402082417173,0.0728597342967987,-0.2181544303894043,-0.0568288321945829,0.08747422695159912,-0.18625175952911377,-0.056993668839709244
0.0,0.0,0.0,0.0656268298625946,-0.028082311153411865,0.002886311900553551,0.10413351655006409,-0.07142424583435059,-0.0015804549402247403,0.1365458071231842,-0.10647720098495483,-0.01359513024358705,0.15029031038284302,-0.15075689554214478,-0.025617802464651618,0.08490893244743347,-0.17576035857200623,0.01625890848667666,0.10279881954193115,-0.25882723927497864,-0.003899527429851446,0.12902045249938965,-0.24597328901290894,-0.020447833412575278,0.14364081621170044,-0.2173101305961609,-0.02868094103901342,0.06402406096458435,-0.18129387497901917,0.0004716891199194606,0.0809241235256195,-0.2772175669670105,-0.02258459100990251,0.11238420009613037,-0.24461764097213745,-0.039379903995680365,0.12196674942970276,-0.19736355543136597,-0.04630986037223295,0.04359841346740723,-0.17924126982688904,-0.018202975341367278,0.058537960052490234,-0.2698308527469635,-0.03878065007297948,0.0933176577091217,-0.23634937405586243,-0.04729245039193586,0.10613259673118591,-0.18842893838882446,-0.04765790509550527,0.023424804210662842,-0.16919684410095215,-0.03779075848429159,0.043346792459487915,-0.23443874716758728,-0.05336674856512502,0.07364171743392944,-0.21946141123771667,-0.058076666617083106,0.09144017100334167,-0.18681198358535767,-0.05757462041943029
0.0,0.0,0.0,0.06682437658309937,-0.02614772319793701,0.004871147988964708,0.10504820942878723,-0.06982588768005371,0.001859549155128093,0.1374138593673706,-0.1054924726486206,-0.008738115591327755,0.14910194277763367,-0.14896219968795776,-0.019150419322173207,0.07844844460487366,-0.17217519879341125,0.02033560893185893,0.09388157725334167,-0.2568140923976898,0.003434333556000979,0.12054753303527832,-0.24230021238327026,-0.01080997024975261,0.1356886625289917,-0.21430158615112305,-0.018145032388488858,0.059722959995269775,-0.17724940180778503,0.004277864309628399,0.0759539008140564,-0.2705202102661133,-0.016409073186437695,0.10771328210830688,-0.23748871684074402,-0.03186397829405507,0.1173287034034729,-0.19183886051177979,-0.03824632817260465,0.04199099540710449,-0.17581883072853088,-0.014472552736620514,0.059218764305114746,-0.26475515961647034,-0.03248915278665265,0.09402996301651001,-0.23121973872184753,-0.039077675131480305,0.10724729299545288,-0.185126394033432,-0.038615385231892674,0.024167746305465698,-0.16580775380134583,-0.03413829037300786,0.04637426137924194,-0.22666525840759277,-0.04777354576937398,0.07697969675064087,-0.21190717816352844,-0.051143625912587254,0.09459719061851501,-0.1818450391292572,-0.0500228425239726
0.0,0.0,0.0,0.05141147971153259,-0.017169177532196045,0.011029599984027527,0.08543583750724792,-0.054123103618621826,0.011532106255032204,0.11618199944496155,-0.07889926433563232,0.003909974642880343,0.13628140091896057,-0.11675441265106201,-0.002614424978531815,0.03831562399864197,-0.14650267362594604,0.03778772503588357,0.06045892834663391,-0.20367097854614258,0.03475109562728562,0.09143838286399841,-0.1986740529537201,0.029848393802382134,0.10523459315299988,-0.17357242107391357,0.028695718203522347,0.02335372567176819,-0.15893661975860596,0.022605939586497925,0.050487250089645386,-0.23101574182510376,0.01784920208606877,0.08741214871406555,-0.21421068906784058,0.011134246182479046,0.10370686650276184,-0.17982423305511475,0.009571711351014756,0.013751864433288574,-0.16527864336967468,0.004847519849278115,0.04395654797554016,-0.2406288981437683,-0.0008248167067392842,0.08310183882713318,-0.21785575151443481,-0.0031982147555424945,0.09905877709388733,-0.18057256937026978,-0.0021318832367285268,0.011353552341461182,-0.15997198224067688,-0.013217174629829742,0.04884609580039978,-0.2154988944530487,-0.018764228741787292,0.08097788691520691,-0.20115524530410767,-0.017442253600023605,0.09486481547355652,-0.17259299755096436,-0.014079346503280021
0.0,0.0,0.0,0.05303674936294556,-0.01973778009414673,0.008806313629207807,0.08748674392700195,-0.053004562854766846,0.006952287870404916,0.11939722299575806,-0.07633191347122192,-0.002675986374782724,0.14090561866760254,-0.11645182967185974,-0.0107489561113141,0.03952908515930176,-0.14973652362823486,0.03245477402484198,0.06320738792419434,-0.21376550197601318,0.026214229184148508,0.09440141916275024,-0.20300275087356567,0.020377919319031434,0.10600525140762329,-0.17263486981391907,0.019521558898446756,0.024669945240020752,-0.1607862412929535,0.017948454487083154,0.054204702377319336,-0.23768693208694458,0.010886411423740583,0.090831458568573,-0.21597427129745483,0.004036142266301113,0.10446673631668091,-0.18068557977676392,0.0027426325333692603,0.015682339668273926,-0.16672328114509583,0.0007771682659551971,0.048342108726501465,-0.24518895149230957,-0.006601841413470311,0.08681255578994751,-0.21744805574417114,-0.008202351388575835,0.1000095009803772,-0.17865422368049622,-0.006025881265344424,0.013966590166091919,-0.16124233603477478,-0.016835942623259825,0.05323249101638794,-0.21665331721305847,-0.02352162798965196,0.08481919765472412,-0.19994065165519714,-0.021983412784578604,0.09639203548431396,-0.17144489288330078,-0.017966298145296378
0.0,0.0,0.0,0.05450725555419922,-0.016978979110717773,0.011014062295998883,0.08947902917861938,-0.052462220191955566,0.009362549837078404,0.12261068820953369,-0.07789808511734009,-0.0006626851723012805,0.1429397463798523,-0.11930876970291138,-0.009474335853610683,0.04217785596847534,-0.1501438319683075,0.0351553003670233,0.06576383113861084,-0.21755200624465942,0.030606065261508775,0.09699583053588867,-0.206473708152771,0.02623373115375216,0.10714203119277954,-0.1764792799949646,0.02638356046691115,0.02681756019592285,-0.15927383303642273,0.01929945530309851,0.05660885572433472,-0.23807156085968018,0.012786034810687852,0.09484738111495972,-0.21469485759735107,0.006136958337719989,0.10696756839752197,-0.17687731981277466,0.005476537942286086,0.016517162322998047,-0.1650056540966034,0.0010428126802253246,0.049465954303741455,-0.24680185317993164,-0.004790596347902465,0.08884721994400024,-0.21902257204055786,-0.0052050903072995425,0.09997826814651489,-0.1808796525001526,-0.0023532194650215388,0.012962192296981812,-0.16054761409759521,-0.01754330067024057,0.05238819122314453,-0.217990905046463,-0.022403470855806518,0.08389902114868164,-0.2019537091255188,-0.019508065339778113,0.09403687715530396,-0.174663245677948,-0.014716684502218413
0.0,0.0,0.0,0.05709671974182129,-0.02254551649093628,0.009957376918208638,0.09056979417800903,-0.058968961238861084,0.0084807575255752,0.12238067388534546,-0.08432167768478394,-0.0008523556828379242,0.14238524436950684,-0.12550678849220276,-0.008550578677642307,0.03956684470176697,-0.1565442979335785,0.0316254273563743,0.06264430284500122,-0.22373682260513306,0.024078102833044568,0.09494918584823608,-0.21069222688674927,0.01704074819983248,0.10801392793655396,-0.18085777759552002,0.01527389889062647,0.023817241191864014,-0.1656152606010437,0.016274916058790723,0.05311453342437744,-0.24384090304374695,0.0063376399263859184,0.09193706512451172,-0.21979162096977234,-0.0019993308890491335,0.10657674074172974,-0.18158605694770813,-0.0038317297078549473,0.014537721872329712,-0.17012116312980652,-0.0014894655398904888,0.04817080497741699,-0.24899056553840637,-0.010089425319421252,0.08881717920303345,-0.22003582119941711,-0.011486684852826556,0.10358452796936035,-0.18084871768951416,-0.008983439715194663,0.012865513563156128,-0.16384640336036682,-0.01964993769823309,0.05214160680770874,-0.21737730503082275,-0.026638278686988315,0.0839306116104126,-0.20064672827720642,-0.024607403153169116,0.09659373760223389,-0.17350631952285767,-0.020149508440482577
0.0,0.0,0.0,0.056289106607437134,-0.02037912607192993,0.011640799832036919,0.09028127789497375,-0.05611979961395264,0.009739320394089646,0.12184038758277893,-0.08164376020431519,-0.0006408703448528286,0.14029642939567566,-0.12256190180778503,-0.00992062162191587,0.04262927174568176,-0.15338730812072754,0.03161269300102276,0.06397715210914612,-0.22220554947853088,0.025727321062674946,0.09661725163459778,-0.2097083032131195,0.02076147370456738,0.10898569226264954,-0.17855393886566162,0.020419439901104397,0.026698797941207886,-0.16211199760437012,0.01464771166860146,0.0552884042263031,-0.24104240536689758,0.00685009513466639,0.09424307942390442,-0.21782314777374268,2.915699400318772e-05,0.10771635174751282,-0.17944946885108948,-0.0010247682039903339,0.016283869743347168,-0.1672380268573761,-0.00450632009238916,0.04889339208602905,-0.24696403741836548,-0.011268149461159283,0.08888468146324158,-0.2192859947681427,-0.011567487712511593,0.10141268372535706,-0.18104100227355957,-0.00896572447896915,0.012252897024154663,-0.1620579957962036,-0.023981566872009807,0.05049648880958557,-0.2170397937297821,-0.030019252892145687,0.081849604845047,-0.2014162838459015,-0.02738642818809467,0.09314170479774475,-0.1749216914176941,-0.022875014092335277
0.0,0.0,0.0,0.05778726935386658,-0.02474069595336914,0.012422453847136694,0.09236487746238708,-0.061500608921051025,0.011712500129249293,0.12448689341545105,-0.08733916282653809,0.00235742470471223,0.1446475088596344,-0.1269826591014862,-0.005984333574417633,0.04389891028404236,-0.15336310863494873,0.03472178266605397,0.06557318568229675,-0.22186052799224854,0.029573129725065428,0.09915682673454285,-0.21517622470855713,0.024612160634603697,0.11357203125953674,-0.18959525227546692,0.02402110421320458,0.028325259685516357,-0.16333135962486267,0.017285794254746634,0.05597734451293945,-0.24555760622024536,0.008582024138775068,0.09592214226722717,-0.22578245401382446,0.0010714150288890778,0.1109171211719513,-0.19000869989395142,5.1364333955916663e-05,0.01796397566795349,-0.16907885670661926,-0.002407170597109598,0.04978427290916443,-0.25163447856903076,-0.010510115649196905,0.08968576788902283,-0.22383522987365723,-0.012190828796121878,0.10250255465507507,-0.1852155327796936,-0.009589941937122148,0.013464272022247314,-0.1640256643295288,-0.022204601902160448,0.05306360125541687,-0.22261959314346313,-0.028257185358199877,0.0850803554058075,-0.20491984486579895,-0.025683393466863436,0.09610417485237122,-0.17431208491325378,-0.020752595502528948
0.0,0.0,0.0,0.05279451608657837,-0.02010655403137207,0.007488853765863723,0.08704817295074463,-0.05659288167953491,0.00470476877151782,0.11891341209411621,-0.08312290906906128,-0.005797736810308152,0.1380317211151123,-0.12336462736129761,-0.015008208805483036,0.040858566761016846,-0.15316620469093323,0.027863859666723556,0.06017899513244629,-0.2263122797012329,0.019184330014724083,0.09281885623931885,-0.21936973929405212,0.012043194381732292,0.10704946517944336,-0.19112610816955566,0.01048835134341175,0.025010257959365845,-0.160822331905365,0.0131081393940633,0.04980337619781494,-0.24411332607269287,0.0019736010602002807,0.08862674236297607,-0.22128742933273315,-0.006286392451983147,0.10281044244766235,-0.18336546421051025,-0.007570734711151772,0.0144844651222229,-0.1654740571975708,-0.004246041642289811,0.04473388195037842,-0.24681919813156128,-0.014878978485029393,0.08488678932189941,-0.2166295051574707,-0.017082430885892563,0.09790647029876709,-0.17623138427734375,-0.014284023547332936,0.00991910696029663,-0.16025584936141968,-0.022075973914724045,0.047903358936309814,-0.21799927949905396,-0.03079604776368683,0.07976365089416504,-0.19989129900932312,-0.02968995133207386,0.09061747789382935,-0.17016568779945374,-0.02537724049554413
0.0,0.0,0.0,0.05884069204330444,-0.025076985359191895,0.012532103643621895,0.09177148342132568,-0.06108039617538452,0.012139069684650394,0.12343710660934448,-0.0872582197189331,0.0029017125022221535,0.1437147855758667,-0.12791702151298523,-0.005223808041904476,0.04621174931526184,-0.15536868572235107,0.03661909589996526,0.06540179252624512,-0.2267225980758667,0.029246163391377422,0.09709489345550537,-0.216480553150177,0.02143182682326028,0.11125051975250244,-0.1883399486541748,0.019010218628551456,0.030841559171676636,-0.16443443298339844,0.01919338928988168,0.05451303720474243,-0.2482174038887024,0.00863780623754451,0.09249389171600342,-0.22586297988891602,-0.0008157950827296645,0.10664856433868408,-0.18626272678375244,-0.0029938418186645777,0.020434290170669556,-0.16989204287528992,-0.0008167487570460708,0.0480821430683136,-0.25287461280822754,-0.01003042811075261,0.08820319175720215,-0.22533082962036133,-0.013022064394448307,0.10294634103775024,-0.18524259328842163,-0.01118742038974574,0.015609771013259888,-0.16515368223190308,-0.02104495761463454,0.05211958289146423,-0.22108232975006104,-0.027959770686123875,0.08365708589553833,-0.20377346873283386,-0.026444324455354717,0.09642457962036133,-0.17368924617767334,-0.022222108370755222
0.0,0.0,0.0,0.05797240138053894,-0.021036922931671143,0.012927223529942466,0.09184762835502625,-0.05771404504776001,0.012934245702155067,0.12470397353172302,-0.08292931318283081,0.004190932560987903,0.14376315474510193,-0.12416490912437439,-0.0033664132260753377,0.04387134313583374,-0.15344730019569397,0.03652729612988992,0.06428727507591248,-0.22509178519248962,0.02988906909925504,0.09567353129386902,-0.21305593848228455,0.02296865132851167,0.10883566737174988,-0.1818116307258606,0.021244421202965214,0.02857145667076111,-0.16302326321601868,0.019564976517386867,0.05400356650352478,-0.2441524863243103,0.0107963006685452,0.09175148606300354,-0.22106683254241943,0.0025821494146214263,0.10613605380058289,-0.182178795337677,0.0006535666853153543,0.018459230661392212,-0.16846394538879395,1.9284476394432204e-05,0.048683762550354004,-0.24876883625984192,-0.008090031731597946,0.08910676836967468,-0.22088563442230225,-0.010234048057071732,0.10406312346458435,-0.1810007393360138,-0.008382953170411156,0.015119940042495728,-0.1629238724708557,-0.019696271445326374,0.05374845862388611,-0.21838733553886414,-0.025789073135427998,0.0850578248500824,-0.20066604018211365,-0.023765445153884457,0.09734967350959778,-0.17175263166427612,-0.019622246201805638
0.0,0.0,0.0,0.05630984902381897,-0.02216625213623047,0.008911152911593945,0.09001883864402771,-0.0577656626701355,0.0066040536214018175,0.12272891402244568,-0.08323687314987183,-0.0037559584423547676,0.14383026957511902,-0.12561190128326416,-0.012831651064345806,0.04518130421638489,-0.1582278609275818,0.031785153393855126,0.06697157025337219,-0.22805607318878174,0.023001319338789017,0.10008689761161804,-0.21881720423698425,0.01428018937002662,0.11411640048027039,-0.19047248363494873,0.011376130004634888,0.028636664152145386,-0.16663193702697754,0.015609199722518952,0.05459514260292053,-0.24917715787887573,0.0034572943870330164,0.09387674927711487,-0.2273549735546112,-0.007470224442670315,0.10931774973869324,-0.1883581280708313,-0.010739643516728847,0.017700165510177612,-0.17108970880508423,-0.003203616169059842,0.047407954931259155,-0.25484907627105713,-0.014052956755051582,0.08853551745414734,-0.22718912363052368,-0.018513719941267937,0.10356512665748596,-0.18675029277801514,-0.017614600638637512,0.01320570707321167,-0.16422545909881592,-0.02240489369143006,0.05327746272087097,-0.22030124068260193,-0.030683172325382202,0.08531513810157776,-0.20164543390274048,-0.02986293045688626,0.09729716181755066,-0.1700144112110138,-0.02611130794394967
0.0,0.0,0.0,0.06030583381652832,-0.023949146270751953,0.012384093797919604,0.09613347053527832,-0.0625198483467102,0.012704817078230235,0.1278691291809082,-0.08997786045074463,0.004497867508945319,0.14787620306015015,-0.12973174452781677,-0.002539599115806368,0.04871988296508789,-0.1588343381881714,0.03329116428565726,0.07167559862136841,-0.23233741521835327,0.023778004071829173,0.1054908037185669,-0.22266346216201782,0.014474306686935279,0.12257057428359985,-0.19462096691131592,0.011242949835178706,0.032898128032684326,-0.16725528240203857,0.01593846032690749,0.06141400337219238,-0.25074705481529236,0.003218638909203264,0.1012265682220459,-0.22862249612808228,-0.00721109475645676,0.11881011724472046,-0.18951770663261414,-0.009995504782381204,0.022883951663970947,-0.17151892185211182,-0.003861971233817485,0.05564993619918823,-0.2533469796180725,-0.013947926961662915,0.09569889307022095,-0.22667402029037476,-0.017541587852718976,0.11166012287139893,-0.18669691681861877,-0.01607627099085107,0.01866018772125244,-0.16681277751922607,-0.023922145866634992,0.05815500020980835,-0.22210222482681274,-0.03045400282073274,0.09092605113983154,-0.20472770929336548,-0.028964566566827443,0.10553383827209473,-0.17369377613067627,-0.024904229246857312
0.0,0.0,0.0,0.06098535656929016,-0.018222391605377197,-0.002463962531976449,0.10306304693222046,-0.05539828538894653,-0.006506630800060975,0.13830232620239258,-0.08774441480636597,-0.016426123327903497,0.1544574499130249,-0.13383695483207703,-0.026164289213113534,0.0845869779586792,-0.15214893221855164,0.02130700310380007,0.10018444061279297,-0.22420477867126465,0.005472903490669978,0.12398660182952881,-0.213864266872406,-0.01003443880318855,0.13691145181655884,-0.1882995367050171,-0.018185300401739823,0.06678259372711182,-0.16246512532234192,0.010817458272583735,0.08282339572906494,-0.24705684185028076,-0.00718959478973602,0.10910952091217041,-0.22191941738128662,-0.02315333077996229,0.11911135911941528,-0.18164333701133728,-0.030638502559952485,0.04821053147315979,-0.16779911518096924,-0.0034986949743256446,0.06626993417739868,-0.24970495700836182,-0.019969775921993005,0.09516030550003052,-0.2203083634376526,-0.030460392705492723,0.10526341199874878,-0.1761724352836609,-0.0333488468298242,0.02691739797592163,-0.1656149923801422,-0.019128605372600305,0.051236748695373535,-0.2216184437274933,-0.030661437309674966,0.07882380485534668,-0.20885950326919556,-0.03664243186204885,0.09461236000061035,-0.1799314022064209,-0.03845691645830129
0.0,0.0,0.0,0.06075388193130493,-0.018809378147125244,-0.0016687544235765017,0.1027531623840332,-0.057441890239715576,-0.004996958462129442,0.13744235038757324,-0.08851379156112671,-0.014076670905183164,0.1514846682548523,-0.1327763795852661,-0.022855436702798215,0.08271941542625427,-0.1539406180381775,0.01820096159951845,0.10071074962615967,-0.22467803955078125,-0.00049039486896163,0.1294735074043274,-0.21876516938209534,-0.0176444782815679,0.1487501859664917,-0.19630753993988037,-0.0265593643240436,0.06444093585014343,-0.16432207822799683,0.007261308102329167,0.08315989375114441,-0.24692606925964355,-0.015133982797692624,0.11264050006866455,-0.22242391109466553,-0.03247727853579363,0.1255677342414856,-0.18252429366111755,-0.039886378025244085,0.045752763748168945,-0.16922315955162048,-0.007342670386265127,0.06634765863418579,-0.2499273717403412,-0.02704560597760519,0.0970832109451294,-0.2195766568183899,-0.03838962716383776,0.10878276824951172,-0.1740778684616089,-0.04081821841521105,0.025168150663375854,-0.16701361536979675,-0.023110980441401807,0.050652891397476196,-0.22297829389572144,-0.036459688370655385,0.07918792963027954,-0.20981091260910034,-0.04330121008081278,0.09604156017303467,-0.17952144145965576,-0.04520468441171488
0.0,0.0,0.0,0.060566604137420654,-0.019542932510375977,0.001114143799412659,0.10124367475509644,-0.058957576751708984,-0.0014179533623348561,0.13623642921447754,-0.09064364433288574,-0.010283388038743624,0.14994996786117554,-0.1341366171836853,-0.01904095134662498,0.07792457938194275,-0.1555817425251007,0.019965011785160414,0.09492015838623047,-0.23112797737121582,0.003496189993228427,0.12254989147186279,-0.22237464785575867,-0.011545043279994616,0.13890159130096436,-0.1970701813697815,-0.019069205810893664,0.060690730810165405,-0.164678692817688,0.007491371753047815,0.07940700650215149,-0.2505100965499878,-0.01237727965192903,0.1092190146446228,-0.2252368927001953,-0.028657208969463,0.1213827133178711,-0.18408730626106262,-0.035705305477250704,0.04324033856391907,-0.16956719756126404,-0.008186955777574667,0.06382933259010315,-0.253391295671463,-0.025872830142844805,0.09533965587615967,-0.22431278228759766,-0.03626071273313869,0.10742104053497314,-0.17950373888015747,-0.03867976724134792,0.023786425590515137,-0.16729331016540527,-0.02477992868946899,0.051510900259017944,-0.2232813537120819,-0.03728915735112537,0.08115825057029724,-0.21016985177993774,-0.043106034239400515,0.0979698896408081,-0.17993170022964478,-0.04448897748218883
0.0,0.0,0.0,0.06093493103981018,-0.018130838871002197,0.0013120447099765897,0.10167717933654785,-0.058476924896240234,-0.000611783792209053,0.13684016466140747,-0.089752197265625,-0.008732081828583205,0.1511009931564331,-0.1304413378238678,-0.016289395717848265,0.07467764616012573,-0.15574002265930176,0.019150523962508714,0.09103554487228394,-0.23345249891281128,0.0024112230446746707,0.11745244264602661,-0.2209327518939972,-0.012122289715279067,0.1301383376121521,-0.19182837009429932,-0.018948178244698965,0.05796310305595398,-0.16512957215309143,0.007273343419711864,0.0782833993434906,-0.2515642046928406,-0.012031551888156855,0.10875838994979858,-0.22487682104110718,-0.027450356138814413,0.11918580532073975,-0.18266922235488892,-0.034057775018681014,0.0417628288269043,-0.1694326102733612,-0.007817273465860808,0.06364816427230835,-0.2528245449066162,-0.02526738631533476,0.09673702716827393,-0.22357064485549927,-0.035511185852755034,0.10946077108383179,-0.17923545837402344,-0.03793065014289709,0.024811387062072754,-0.16638153791427612,-0.023726652814019644,0.05262747406959534,-0.22131896018981934,-0.036115942029226744,0.08307495713233948,-0.20783519744873047,-0.04205213251518103,0.10087519884109497,-0.17804357409477234,-0.04356792706059309
0.0,0.0,0.0,0.061666905879974365,-0.023575305938720703,0.0019498490690921244,0.10182803869247437,-0.06522119045257568,-0.0007957363887953761,0.13633477687835693,-0.09640169143676758,-0.010037860720444769,0.15236496925354004,-0.1349707543849945,-0.018752951062310785,0.07608631253242493,-0.1640177071094513,0.020162308701287657,0.09241646528244019,-0.23993295431137085,0.004350321480046659,0.11913245916366577,-0.2262968122959137,-0.009809867366243452,0.13209033012390137,-0.19760006666183472,-0.016487581542719454,0.0583723783493042,-0.17228510975837708,0.007751374152462631,0.07812738418579102,-0.2576311230659485,-0.01004146680145368,0.10774552822113037,-0.2293553352355957,-0.024077542013515085,0.11845099925994873,-0.1892138123512268,-0.02971822384654388,0.0413152277469635,-0.17584112286567688,-0.007847787699688524,0.06355869770050049,-0.2590198516845703,-0.024006133786429018,0.09582668542861938,-0.22701075673103333,-0.03246459167360172,0.10746228694915771,-0.18227490782737732,-0.03366712283252582,0.024044573307037354,-0.17106568813323975,-0.02429991949259147,0.053587138652801514,-0.22671988606452942,-0.035954424998749346,0.08359205722808838,-0.21166136860847473,-0.04043493594883785,0.10011136531829834,-0.18143832683563232,-0.04072218190788135
0.0,0.0,0.0,0.05868637561798096,-0.021555602550506592,-0.0003837523573508861,0.09870865941047668,-0.06398314237594604,-0.004648464778341577,0.1328730285167694,-0.0956072211265564,-0.01499357731071882,0.15082964301109314,-0.13635540008544922,-0.024840178945936486,0.07556411623954773,-0.16234666109085083,0.01600351831885405,0.09328016638755798,-0.23754754662513733,-0.0012732557252945753,0.12179103493690491,-0.2271772027015686,-0.015961607033290193,0.13630780577659607,-0.20001530647277832,-0.022758030379094407,0.05719903111457825,-0.17139658331871033,0.004314449569307044,0.07674446702003479,-0.2574205994606018,-0.01516453740177326,0.1072593629360199,-0.23077738285064697,-0.02956695579914026,0.11904880404472351,-0.1896589696407318,-0.035077861556686685,0.039854973554611206,-0.17544353008270264,-0.01063140206960611,0.06140047311782837,-0.2589869499206543,-0.027677790308274552,0.0941336452960968,-0.228035569190979,-0.035811199853100106,0.1064128577709198,-0.18265017867088318,-0.036608750978388116,0.02245071530342102,-0.1703128218650818,-0.026623065629877374,0.05141809582710266,-0.22627469897270203,-0.03862169296471052,0.08135071396827698,-0.21224665641784668,-0.04288626373735838,0.09771379828453064,-0.1819203495979309,-0.04289645240632467
0.0,0.0,0.0,0.0626620352268219,-0.01660740375518799,0.0026714205933444646,0.10594940185546875,-0.055661022663116455,0.001545319818490043,0.14211255311965942,-0.08786708116531372,-0.00640602733886908,0.15256386995315552,-0.13372322916984558,-0.014347738101548657,0.08305659890174866,-0.15162676572799683,0.027964168713026538,0.10097938776016235,-0.22529610991477966,0.014351854585640922,0.12788641452789307,-0.2163732349872589,-0.00017495620244289967,0.14239996671676636,-0.1917988359928131,-0.007904828041262135,0.06620711088180542,-0.16054081916809082,0.015210533999436393,0.08346235752105713,-0.24595648050308228,-0.0022637126775748584,0.1124998927116394,-0.22018972039222717,-0.0192367420340247,0.12132006883621216,-0.17891210317611694,-0.02708499550766419,0.04865795373916626,-0.16622290015220642,-0.0008764377952843461,0.068084716796875,-0.2488812804222107,-0.01576139450020264,0.09882563352584839,-0.220184326171875,-0.026595846265024647,0.10884565114974976,-0.1770171821117401,-0.029875092654890523,0.02857053279876709,-0.16532880067825317,-0.017934922575420842,0.055391550064086914,-0.22194373607635498,-0.02740525498933266,0.08346593379974365,-0.20879516005516052,-0.03267552375740479,0.09846740961074829,-0.1795792281627655,-0.03428255811280678
0.0,0.0,0.0,0.06236499547958374,-0.017183899879455566,2.1639053528588192e-05,0.10509875416755676,-0.057269513607025146,-0.0014760771692010621,0.14034059643745422,-0.0916140079498291,-0.008771231902784393,0.15021595358848572,-0.13517716526985168,-0.015725973567015217,0.08408325910568237,-0.151471346616745,0.020207798534983112,0.09970590472221375,-0.22283867001533508,0.004917334726059153,0.12607499957084656,-0.2147570550441742,-0.008846618739909218,0.1433488428592682,-0.19200009107589722,-0.015995205884820507,0.06665828824043274,-0.16236895322799683,0.008950565436833813,0.08482593297958374,-0.24701014161109924,-0.010139715431279228,0.11248853802680969,-0.22187423706054688,-0.02468890467847018,0.12415698170661926,-0.18236258625984192,-0.030718799253946827,0.04839754104614258,-0.16742590069770813,-0.005760736336952732,0.06880027055740356,-0.2501089572906494,-0.024397257288939045,0.09859713912010193,-0.22041499614715576,-0.03500688033366828,0.1102209985256195,-0.17620089650154114,-0.03718546735311179,0.028145641088485718,-0.16556605696678162,-0.021362745707875774,0.05446210503578186,-0.2223203182220459,-0.034529797306305454,0.0831499993801117,-0.20883402228355408,-0.041169933548218296,0.10052141547203064,-0.17886394262313843,-0.04312142687106757
0.0,0.0,0.0,0.0588395893573761,-0.01713019609451294,0.0007535045208157953,0.10181209444999695,-0.05811166763305664,-0.0007369560132985953,0.13686081767082214,-0.0908656120300293,-0.00826168350775447,0.14846667647361755,-0.13531357049942017,-0.015523556730641985,0.07939168810844421,-0.15522229671478271,0.01997743163357768,0.09542515873908997,-0.23073583841323853,0.005034599342451429,0.12322774529457092,-0.2235104739665985,-0.008569367340697909,0.14008858799934387,-0.2004947066307068,-0.01532516918976512,0.061122775077819824,-0.16412904858589172,0.007936741114662027,0.0765632688999176,-0.2506607174873352,-0.011186758167042399,0.10641667246818542,-0.22493377327919006,-0.026193475461496973,0.11883935332298279,-0.1851428747177124,-0.03224765706707444,0.042427510023117065,-0.1687556505203247,-0.007350899855538273,0.061779141426086426,-0.25237902998924255,-0.024950055516256953,0.0928090512752533,-0.2223789095878601,-0.034411514288677836,0.1041625440120697,-0.17893728613853455,-0.0358897616331717,0.021656543016433716,-0.16657453775405884,-0.023588046542300845,0.0489269495010376,-0.22473135590553284,-0.036005767173065806,0.07762491703033447,-0.21189048886299133,-0.04132543329049554,0.09340813755989075,-0.1831875443458557,-0.04219426412035432
0.0,0.0,0.0,0.05745619535446167,-0.01723092794418335,0.0010091434447190295,0.10031899809837341,-0.05762535333633423,-0.0010161077156567444,0.13570120930671692,-0.08959293365478516,-0.008858798399558054,0.14547917246818542,-0.13265761733055115,-0.01604038230328797,0.07708173990249634,-0.1576051414012909,0.019049378715465082,0.09337535500526428,-0.23640936613082886,0.00478458371759416,0.11883416771888733,-0.2223670482635498,-0.00775780887528299,0.13045665621757507,-0.19254881143569946,-0.013527850948264586,0.05936339497566223,-0.16561493277549744,0.0076656785309410225,0.07650625705718994,-0.2535417675971985,-0.009660220101466166,0.10600730776786804,-0.22555196285247803,-0.023615581311275946,0.11595723032951355,-0.185624361038208,-0.029230942346146094,0.04211235046386719,-0.1699196994304657,-0.0066682136170470585,0.06232145428657532,-0.2524832785129547,-0.021584567941715704,0.09387466311454773,-0.22123178839683533,-0.029947060488154875,0.10472270846366882,-0.17878210544586182,-0.03138332008569478,0.023299425840377808,-0.1667838990688324,-0.02195802829413651,0.050237566232681274,-0.2235357165336609,-0.03202071725576161,0.07822686433792114,-0.20831862092018127,-0.03586763083188771,0.09277763962745667,-0.17907696962356567,-0.03602357520907162
0.0,0.0,0.0,0.0589924156665802,-0.0165097713470459,0.002224874769268581,0.10226204991340637,-0.05622071027755737,0.0007424672068339078,0.13786348700523376,-0.09074985980987549,-0.0066354618473667415,0.14369681477546692,-0.13505631685256958,-0.013305105182411125,0.07583001255989075,-0.15391558408737183,0.02041421466779525,0.09272632002830505,-0.23013314604759216,0.008102506485698768,0.11869874596595764,-0.2148219645023346,-0.0024089116203356298,0.1294654905796051,-0.18482977151870728,-0.007040609519066265,0.058742910623550415,-0.16154679656028748,0.008369729940710613,0.07611346244812012,-0.24944159388542175,-0.007977513509871414,0.10646465420722961,-0.22108057141304016,-0.021110879170777253,0.11570730805397034,-0.18071722984313965,-0.026323767292382172,0.0416930615901947,-0.1662285327911377,-0.006374721328796795,0.062291234731674194,-0.25021010637283325,-0.020893067034961632,0.09443166851997375,-0.21952271461486816,-0.02885235092330163,0.10502627491950989,-0.17784035205841064,-0.030162803742172173,0.02240869402885437,-0.164223313331604,-0.021919155406834534,0.051503121852874756,-0.2204713523387909,-0.03186373590219205,0.0804755687713623,-0.20487850904464722,-0.03544641463744824,0.09476909041404724,-0.17581242322921753,-0.03553353427636807
0.0,0.0,0.0,0.06287503242492676,-0.01699763536453247,0.0033667127931096275,0.10671353340148926,-0.0567018985748291,0.0025023853735604007,0.14174014329910278,-0.08964937925338745,-0.004679215293975858,0.1503848433494568,-0.13347136974334717,-0.011547653157862214,0.08144307136535645,-0.15266823768615723,0.02267805192187211,0.09717369079589844,-0.228712260723114,0.009579694676546069,0.12139219045639038,-0.21375808119773865,-0.002528750490995435,0.13313204050064087,-0.18438953161239624,-0.008423842643054513,0.06441572308540344,-0.16149824857711792,0.010103436964897128,0.07997748255729675,-0.24871647357940674,-0.005806099311115531,0.10882920026779175,-0.22226089239120483,-0.019463193756195096,0.11862516403198242,-0.1820099651813507,-0.02529480603024581,0.046840816736221313,-0.16584917902946472,-0.005359159935864,0.06520169973373413,-0.24972668290138245,-0.019570703771563558,0.09660899639129639,-0.2220764458179474,-0.028289468180986432,0.10826224088668823,-0.18081814050674438,-0.030223033544274358,0.027012646198272705,-0.16307002305984497,-0.02156409915968993,0.05369991064071655,-0.2202223241329193,-0.031266017970295934,0.08171263337135315,-0.20528393983840942,-0.03521011319443801,0.09683769941329956,-0.17549166083335876,-0.035505394604655294
0.0,0.0,0.0,0.05963420867919922,-0.017528891563415527,0.0019371081596091244,0.10243690013885498,-0.05771338939666748,-0.0002050935274837684,0.1378299593925476,-0.09010303020477295,-0.00863972953652592,0.1493268609046936,-0.13238734006881714,-0.016394986725799754,0.07866919040679932,-0.15841394662857056,0.0205363622387722,0.09420186281204224,-0.23928064107894897,0.007697800219602868,0.11923319101333618,-0.22219806909561157,-0.0029644050648585107,0.1296844482421875,-0.19067615270614624,-0.007309721271894887,0.060680001974105835,-0.16606652736663818,0.008542665325649068,0.07669100165367126,-0.2553732693195343,-0.006950814697347596,0.10597419738769531,-0.2252557873725891,-0.019231642551176265,0.11532151699066162,-0.18417853116989136,-0.023807388685099795,0.04286941885948181,-0.1701452136039734,-0.006375818468086436,0.06244930624961853,-0.2525971233844757,-0.019943409554116442,0.09392917156219482,-0.220716655254364,-0.026958950749985888,0.10378503799438477,-0.17822593450546265,-0.027695887676827624,0.023191094398498535,-0.16712918877601624,-0.02226814902519436,0.0510459840297699,-0.22315746545791626,-0.03170533380603047,0.07982820272445679,-0.20729881525039673,-0.03488112143372746,0.09388744831085205,-0.17827093601226807,-0.034537753976337626
0.0,0.0,0.0,0.060598909854888916,-0.016563713550567627,0.0029710157771773993,0.10251885652542114,-0.056198060512542725,0.0007978253063924967,0.1374516487121582,-0.08849871158599854,-0.0077664268671355785,0.14723724126815796,-0.12968239188194275,-0.015746750263758713,0.07418018579483032,-0.1549834907054901,0.02001865548055548,0.09087342023849487,-0.23227116465568542,0.006349492491892761,0.11802172660827637,-0.21817320585250854,-0.004704587022104079,0.1311933398246765,-0.1884455382823944,-0.009267129330225998,0.057144731283187866,-0.1625928282737732,0.007391346757970041,0.07555285096168518,-0.24935749173164368,-0.009414475737401062,0.10716956853866577,-0.22198355197906494,-0.0215670376553021,0.1184874176979065,-0.18173491954803467,-0.025524355797358567,0.040523678064346313,-0.16688844561576843,-0.008070259681232983,0.06175348162651062,-0.249383807182312,-0.022505136532970482,0.09502685070037842,-0.22024741768836975,-0.029241547314711624,0.10656630992889404,-0.17845654487609863,-0.029245162708946282,0.0230330228805542,-0.1644742488861084,-0.02435709754962545,0.05158206820487976,-0.22020059823989868,-0.033988552494236046,0.08129435777664185,-0.2053259015083313,-0.036866700602956826,0.09653747081756592,-0.17576375603675842,-0.035957688791938835
0.0,0.0,0.0,0.06094607710838318,-0.024108409881591797,0.005007511632271644,0.10086429119110107,-0.06641006469726562,0.003120180846877929,0.1348973512649536,-0.09870636463165283,-0.005881745206437472,0.14856815338134766,-0.13924428820610046,-0.014262576425693396,0.07190856337547302,-0.16501253843307495,0.023502997284509775,0.08690881729125977,-0.2447570562362671,0.010309247461833593,0.112606942653656,-0.2283056080341339,-0.0007447717490265404,0.12230575084686279,-0.19548583030700684,-0.0052473077795127665,0.055349647998809814,-0.17152059078216553,0.00957102996645176,0.07346451282501221,-0.25957632064819336,-0.0062119828781703745,0.10349607467651367,-0.2297411859035492,-0.018475283706806067,0.1135055422782898,-0.18902501463890076,-0.022621755326412085,0.039285808801651,-0.17498663067817688,-0.007160744933656815,0.05997353792190552,-0.2608790993690491,-0.02072439419688976,0.093508780002594,-0.2295413613319397,-0.02632994467975891,0.10531473159790039,-0.18555253744125366,-0.025856037462375525,0.022820323705673218,-0.1696116030216217,-0.024680196145794753,0.05084484815597534,-0.22801810503005981,-0.03495648952784336,0.08112844824790955,-0.21216627955436707,-0.03728619294824398,0.0969591736793518,-0.18173685669898987,-0.03584177123966015
0.0,0.0,0.0,0.05933859944343567,-0.020257771015167236,0.0034478431332445325,0.10136687755584717,-0.0634012222290039,0.0007958535568377556,0.1373712420463562,-0.097584068775177,-0.00856973358918367,0.1439427137374878,-0.13570615649223328,-0.01721495331753431,0.0713655948638916,-0.1644914746284485,0.022115942672598976,0.08794713020324707,-0.24014529585838318,0.008088777423608917,0.11516541242599487,-0.22465357184410095,-0.003423529560905081,0.12625759840011597,-0.19144415855407715,-0.008151021204184872,0.05490744113922119,-0.1717357337474823,0.009090457693446297,0.07463383674621582,-0.25632810592651367,-0.0075050144225770055,0.10545635223388672,-0.22578513622283936,-0.019404401420842987,0.11668634414672852,-0.18526741862297058,-0.022761299624335152,0.038852542638778687,-0.17524927854537964,-0.00682942743901549,0.060932546854019165,-0.2588333487510681,-0.02117748686600862,0.09534543752670288,-0.22716310620307922,-0.026928100153099876,0.10748535394668579,-0.18336084485054016,-0.026010983973037582,0.02264559268951416,-0.1701643168926239,-0.023641604348313194,0.05131903290748596,-0.22599193453788757,-0.03411365055967508,0.08256286382675171,-0.209894061088562,-0.036911932169687134,0.09926736354827881,-0.17929306626319885,-0.03554438927699266
0.0,0.0,0.0,0.06068512797355652,-0.013137221336364746,0.004348428465391407,0.10512244701385498,-0.05229318141937256,0.003807503042708049,0.14154934883117676,-0.08309024572372437,-0.0037919015046554705,0.15463989973068237,-0.1270637810230255,-0.01120821199197053,0.08091786503791809,-0.14435938000679016,0.027048200380022536,0.09932112693786621,-0.2184910774230957,0.015872115280444632,0.12452203035354614,-0.20392921566963196,0.004796907782520066,0.13475406169891357,-0.17619675397872925,-0.0005581883485774597,0.06457462906837463,-0.15452903509140015,0.013593527499551783,0.08236253261566162,-0.2404746413230896,0.0002710178780489514,0.1111183762550354,-0.21452391147613525,-0.012975762587075224,0.11888593435287476,-0.1760035753250122,-0.018999015901272287,0.047831177711486816,-0.1626361608505249,-0.0029462177660661837,0.06857156753540039,-0.24557870626449585,-0.015166128043119897,0.09895318746566772,-0.21580907702445984,-0.023179221887176027,0.10757482051849365,-0.17404061555862427,-0.025213414792006006,0.02819591760635376,-0.16410791873931885,-0.020358946163241853,0.05780959129333496,-0.21862974762916565,-0.029385337594931116,0.08664301037788391,-0.20093441009521484,-0.03334682247418641,0.10064661502838135,-0.17000353336334229,-0.03403927570957421
0.0,0.0,0.0,0.05464202165603638,-0.013453125953674316,1.6880726406043323e-05,0.09588810801506042,-0.051708221435546875,-0.0045927810452042195,0.1313217580318451,-0.08016180992126465,-0.015399631668543634,0.15126976370811462,-0.12089589238166809,-0.02593698873809558,0.07164576649665833,-0.14963331818580627,0.0186367709220292,0.09004119038581848,-0.22531774640083313,0.004953718654149952,0.11676564812660217,-0.21280044317245483,-0.006850639448231277,0.128522127866745,-0.18385034799575806,-0.012072759304857072,0.05465090274810791,-0.15794846415519714,0.0071729588352980045,0.07549187541007996,-0.2434815764427185,-0.008878671188568887,0.10486069321632385,-0.21589210629463196,-0.02261231615833026,0.11399015784263611,-0.17528808116912842,-0.027781933170473394,0.037834763526916504,-0.16338911652565002,-0.007179184906846103,0.059346944093704224,-0.24617087841033936,-0.019695289057409582,0.09183046221733093,-0.21685129404067993,-0.026878947016513166,0.1025831401348114,-0.1752772331237793,-0.027979492765581426,0.019439727067947388,-0.16077831387519836,-0.0226744614510892,0.049056679010391235,-0.2154371440410614,-0.031484150883471784,0.07778847217559814,-0.1984933614730835,-0.03434891774944049,0.09129062294960022,-0.1682518720626831,-0.0337683275311349
0.0,0.0,0.0,0.059772789478302,-0.017738521099090576,0.003114979428744391,0.10124397277832031,-0.05807781219482422,0.0003288591744308178,0.1356964111328125,-0.09009885787963867,-0.00917130830367796,0.15239745378494263,-0.1332666277885437,-0.018033638881945535,0.07418709993362427,-0.15656724572181702,0.020821360585784987,0.09025931358337402,-0.2370154857635498,0.008217894186770991,0.11824876070022583,-0.2231878936290741,-0.001529097260402068,0.13015645742416382,-0.19353988766670227,-0.005194212595426961,0.05667206645011902,-0.16401201486587524,0.007445110654032305,0.07323011755943298,-0.25458094477653503,-0.008444498578512594,0.10416096448898315,-0.22596856951713562,-0.02005720539619915,0.11386096477508545,-0.18485930562019348,-0.023589007841849252,0.03963726758956909,-0.16895505785942078,-0.008729010174477025,0.05910184979438782,-0.2545752227306366,-0.021913180413150712,0.09297311305999756,-0.22456708550453186,-0.026878675731325075,0.10431444644927979,-0.18252798914909363,-0.02599401241769783,0.021469920873641968,-0.16544875502586365,-0.02586456044247143,0.05035117268562317,-0.22328802943229675,-0.03536284370949261,0.08058470487594604,-0.2068280577659607,-0.03698036475708477,0.09533029794692993,-0.1769700050354004,-0.03508707536985867
0.0,0.0,0.0,0.06119856238365173,-0.021050333976745605,0.0064599255296400315,0.1022946834564209,-0.062027156352996826,0.005058473182003809,0.13702213764190674,-0.09312480688095093,-0.0037901916344651454,0.14990568161010742,-0.13342136144638062,-0.012215480002481627,0.07305535674095154,-0.16140040755271912,0.024296298829000307,0.08744782209396362,-0.24084633588790894,0.012428039890806986,0.11452960968017578,-0.2257992923259735,0.0027468346255830056,0.12694519758224487,-0.19454634189605713,-0.0009765723640100532,0.05616295337677002,-0.16814163327217102,0.009162083474080873,0.07284101843833923,-0.25694119930267334,-0.00607224114136784,0.10463953018188477,-0.22799384593963623,-0.01739159392090528,0.11574065685272217,-0.1864723265171051,-0.020677640828210997,0.039542943239212036,-0.17207899689674377,-0.008581395055074381,0.05972591042518616,-0.2572058439254761,-0.02175623716684072,0.09411919116973877,-0.22633904218673706,-0.026877686175424742,0.10585582256317139,-0.1829203963279724,-0.025915184783656287,0.021997898817062378,-0.16760176420211792,-0.02704059684546678,0.051512211561203,-0.22539043426513672,-0.036762732806522536,0.08210635185241699,-0.20872706174850464,-0.038516018333751845,0.097292959690094,-0.17779338359832764,-0.03654296303065507
0.0,0.0,0.0,0.05976375937461853,-0.019639670848846436,0.005494256108249829,0.10173499584197998,-0.06089740991592407,0.0036863110262856935,0.1374865174293518,-0.09110152721405029,-0.005529093020413711,0.15233910083770752,-0.1338866949081421,-0.01439057888910611,0.07461777329444885,-0.1598685383796692,0.024832334905113385,0.09188330173492432,-0.2378029227256775,0.012026724941279099,0.11993509531021118,-0.2255815863609314,0.000654945452879474,0.13261783123016357,-0.19627174735069275,-0.004368390817944601,0.05738803744316101,-0.16777348518371582,0.010044515668596432,0.07639211416244507,-0.2558027505874634,-0.006744879693542316,0.10823684930801392,-0.22706523537635803,-0.02061915344074805,0.11864346265792847,-0.18413442373275757,-0.02557453459576209,0.040764838457107544,-0.17286649346351624,-0.0074572678886397625,0.06190067529678345,-0.25878024101257324,-0.02108468993083079,0.09682166576385498,-0.2283073365688324,-0.02822195126191218,0.10851985216140747,-0.1842334270477295,-0.028782061696801975,0.02288341522216797,-0.16906797885894775,-0.02574731728509505,0.05259326100349426,-0.22547009587287903,-0.03536633907333453,0.08288776874542236,-0.20772922039031982,-0.03830631209984858,0.09784424304962158,-0.17542406916618347,-0.03749574108496745
0.0,0.0,0.0,0.06104084849357605,-0.01905602216720581,0.003575766629126065,0.10315743088722229,-0.05867666006088257,0.001433288266468935,0.13993969559669495,-0.0909498929977417,-0.007592282786447413,0.15187910199165344,-0.1354861557483673,-0.016265803545195467,0.07821890711784363,-0.15643617510795593,0.02260899770311653,0.09611305594444275,-0.23705360293388367,0.008249351226311319,0.1232975423336029,-0.2242032289505005,-0.0039732177438622784,0.1368817389011383,-0.19499683380126953,-0.009377863786596663,0.061152517795562744,-0.16442254185676575,0.009133018956106298,0.07929795980453491,-0.2550209164619446,-0.007800194031972296,0.10962995886802673,-0.22726494073867798,-0.020785830512124903,0.12057968974113464,-0.18682825565338135,-0.02562697005220116,0.04431527853012085,-0.1695823073387146,-0.007413297488767512,0.06560710072517395,-0.2547585368156433,-0.022189825370389826,0.09818711876869202,-0.22465476393699646,-0.029363758459169276,0.10905370116233826,-0.18207910656929016,-0.03000090976007641,0.025635749101638794,-0.16816967725753784,-0.024824902012426264,0.05471837520599365,-0.22552260756492615,-0.03492097888835133,0.0843304693698883,-0.20767104625701904,-0.037960562452155955,0.09913387894630432,-0.1758483648300171,-0.037404823645431406
0.0,0.0,0.0,0.06026005744934082,-0.02008587121963501,0.005667281733394702,0.1023540198802948,-0.06238681077957153,0.0037274688254456123,0.13871344923973083,-0.09316539764404297,-0.0057600150578309695,0.1525704562664032,-0.13506123423576355,-0.014934209710418145,0.07517778873443604,-0.16169381141662598,0.02413742004478081,0.09211757779121399,-0.24048402905464172,0.010581145459354957,0.1206110417842865,-0.2269163727760315,-0.0008522976534095505,0.1340668499469757,-0.19744610786437988,-0.005777967697440545,0.05832874774932861,-0.16938060522079468,0.009145238833070835,0.07749542593955994,-0.2590048313140869,-0.008000032579957406,0.10987207293510437,-0.22929415106773376,-0.021110661862849156,0.12161514163017273,-0.18713074922561646,-0.025344113422988812,0.041768431663513184,-0.17440807819366455,-0.008606618805288235,0.06385308504104614,-0.2607586979866028,-0.02330757544791595,0.09927001595497131,-0.22835183143615723,-0.029799402295111577,0.1116422712802887,-0.18385636806488037,-0.029456234140752713,0.024081021547317505,-0.17151868343353271,-0.027077526389120976,0.05493554472923279,-0.2285778522491455,-0.03783437849438087,0.08609876036643982,-0.20967283844947815,-0.040552853210328976,0.10164323449134827,-0.17687255144119263,-0.039161300821660916
0.0,0.0,0.0,0.06559529900550842,-0.023588895797729492,0.006593570414366923,0.10757514834403992,-0.06485313177108765,0.004840457647475205,0.14388743042945862,-0.09573155641555786,-0.004884704646286764,0.1587306559085846,-0.14038017392158508,-0.014231281519499817,0.0819239616394043,-0.16632458567619324,0.027394547894033394,0.09967836737632751,-0.24491733312606812,0.014554076663586102,0.12704423069953918,-0.22955304384231567,0.003351600909041963,0.13880112767219543,-0.19948703050613403,-0.0015356975389693162,0.06443268060684204,-0.1735384464263916,0.011450545697840653,0.08336961269378662,-0.26315581798553467,-0.00478044494670371,0.11293545365333557,-0.23135152459144592,-0.0174237994259272,0.12266328930854797,-0.18972021341323853,-0.021610433400240936,0.04757028818130493,-0.17761370539665222,-0.007463904727813997,0.06932872533798218,-0.2642256021499634,-0.021684300318923988,0.10224929451942444,-0.2306472659111023,-0.027164347634283104,0.11250689625740051,-0.18633633852005005,-0.026314303443399467,0.029962629079818726,-0.1726079285144806,-0.02717990817185978,0.05993136763572693,-0.23139315843582153,-0.037549307734337845,0.08931341767311096,-0.21242815256118774,-0.03934880921300987,0.10351315140724182,-0.18018177151679993,-0.03738371858057121
0.0,0.0,0.0,0.030432850122451782,-0.0032256245613098145,0.005882331862196111,0.048504143953323364,-0.01735156774520874,0.00811451882411518,0.06132492423057556,-0.029806792736053467,0.006675746983930253,0.07165983319282532,-0.04239511489868164,0.005689539241686248,0.039525002241134644,-0.05955120921134949,0.01538475066710987,0.04861971735954285,-0.09250953793525696,0.010656398947432422,0.059222668409347534,-0.08203613758087158,0.006434279720380687,0.06020042300224304,-0.06771224737167358,0.005298645461991214,0.03288310766220093,-0.06582355499267578,0.008221277262165927,0.04423907399177551,-0.10272163152694702,0.002730579807504796,0.05630049109458923,-0.08743441104888916,-0.0026455109537693033,0.05588224530220032,-0.06998574733734131,-0.004787456017837144,0.02755221724510193,-0.07070723176002502,-9.030478311444767e-05,0.04129645228385925,-0.10549068450927734,-0.004967739113524772,0.052842527627944946,-0.08987578749656677,-0.007778231759473897,0.052466362714767456,-0.07147008180618286,-0.008027051349088765,0.02216079831123352,-0.07241278886795044,-0.008406230953440286,0.036468178033828735,-0.09624975919723511,-0.011884367798373319,0.048103004693984985,-0.08672046661376953,-0.012570193742320157,0.051313191652297974,-0.07254490256309509,-0.011857269105419732
0.0,0.0,0.0,0.028647512197494507,-0.0009158849716186523,0.005736534411362015,0.04706430435180664,-0.014843881130218506,0.008725710140815579,0.05961155891418457,-0.026548445224761963,0.008184838967672192,0.06856268644332886,-0.03745660185813904,0.0077876568979533545,0.04056596755981445,-0.055108994245529175,0.015336793775013291,0.04965299367904663,-0.08544474840164185,0.010152106100967728,0.059582531452178955,-0.07520836591720581,0.004718450291356646,0.06199067831039429,-0.059940844774246216,0.0025603013786437145,0.03356891870498657,-0.061392754316329956,0.00860786523883661,0.044653117656707764,-0.09488657116889954,0.0031571822914244763,0.057113587856292725,-0.08172106742858887,-0.002800215573707021,0.059397995471954346,-0.06402185559272766,-0.005706623268970645,0.027753561735153198,-0.06714591383934021,0.0006965796787241629,0.041316211223602295,-0.09700226783752441,-0.0041013970763472685,0.05273157358169556,-0.08287686109542847,-0.007747269773581422,0.054073452949523926,-0.0644407868385315,-0.008829183017560638,0.02166500687599182,-0.07068765163421631,-0.0072595109955457815,0.035192400217056274,-0.09306830167770386,-0.01007367864037434,0.04560840129852295,-0.08541437983512878,-0.010706693006405033,0.04906570911407471,-0.07227680087089539,-0.010252510269829429
0.0,0.0,0.0,0.03009873628616333,-0.0028411149978637695,0.004132945988274628,0.04921397566795349,-0.018319308757781982,0.005327763467974478,0.06331875920295715,-0.02962362766265869,0.0033886464908192693,0.07377299666404724,-0.041586726903915405,0.0022665685638258992,0.03313729166984558,-0.06599822640419006,0.01239096509659987,0.04426822066307068,-0.09959661960601807,0.006258917007542664,0.05836412310600281,-0.0901145339012146,0.0009072763742352663,0.06302723288536072,-0.07485511898994446,-0.0008540577590991916,0.026099741458892822,-0.07035037875175476,0.006264330320007616,0.040529221296310425,-0.10616129636764526,0.00046039145225051925,0.056427210569381714,-0.09321767091751099,-0.004439983084850496,0.06086662411689758,-0.07599371671676636,-0.006295601870917267,0.022062033414840698,-0.07223361730575562,-0.0010985276066293181,0.03946223855018616,-0.10426279902458191,-0.005927218623511976,0.054548293352127075,-0.09074527025222778,-0.00813462262605924,0.05794069170951843,-0.0736619234085083,-0.007882074952178186,0.020062297582626343,-0.07006147503852844,-0.008665569625847525,0.0375344455242157,-0.09109434485435486,-0.01138021474336881,0.05058935284614563,-0.0825154185295105,-0.011097100131266302,0.055063098669052124,-0.06980687379837036,-0.009625233277731127
0.0,0.0,0.0,0.03361734747886658,0.000356525182723999,0.005284575771327127,0.05392330884933472,-0.013594090938568115,0.007793958324725736,0.06781119108200073,-0.026366502046585083,0.006481079410548318,0.07756942510604858,-0.040860503911972046,0.00515348140874039,0.04931521415710449,-0.056468814611434937,0.014711936961646188,0.060958802700042725,-0.08992090821266174,0.007671930387402881,0.07271468639373779,-0.08070194721221924,0.0010230130541799554,0.07802188396453857,-0.06572818756103516,-0.0018688288724320046,0.04115644097328186,-0.0633285641670227,0.007022014379288066,0.05404472351074219,-0.10201948881149292,-0.000740323306274604,0.06727719306945801,-0.0876660943031311,-0.00755886451548804,0.06971931457519531,-0.0682796835899353,-0.010706515956883322,0.03304228186607361,-0.06984508037567139,-0.0021356006359951607,0.04721277952194214,-0.1043550968170166,-0.00942303982770909,0.05944633483886719,-0.08939290046691895,-0.013844476055567156,0.06078881025314331,-0.06977203488349915,-0.014905977968339812,0.02420911192893982,-0.07501047849655151,-0.011425188716714274,0.039808422327041626,-0.0994504988193512,-0.01628866975403298,0.05083966255187988,-0.08964890241622925,-0.01794797552025784,0.05456286668777466,-0.07443678379058838,-0.017958043117289435
0.0,0.0,0.0,0.03367292881011963,0.00029587745666503906,0.004318105120887594,0.05603751540184021,-0.015781879425048828,0.006223299138923721,0.07213065028190613,-0.02944609522819519,0.004438759823074179,0.08402404189109802,-0.043772101402282715,0.0029434771917067337,0.05008697509765625,-0.0614762008190155,0.014786521968176203,0.060762375593185425,-0.0996859073638916,0.008078066696157293,0.0720999538898468,-0.08945357799530029,0.00209269655749722,0.07429495453834534,-0.07377660274505615,9.991742786041868e-06,0.04229789972305298,-0.06864684820175171,0.007879830029537516,0.05498102307319641,-0.10998660326004028,0.0013358720519818235,0.06764939427375793,-0.09522935748100281,-0.004716787423262758,0.06819513440132141,-0.07660439610481262,-0.007193873572418852,0.03488680720329285,-0.07506194710731506,-0.0005692378559842837,0.05003058910369873,-0.11151659488677979,-0.0067290020466543865,0.06214305758476257,-0.09622737765312195,-0.010434049117634459,0.0623076856136322,-0.07670190930366516,-0.010942606191406412,0.026473045349121094,-0.07935130596160889,-0.009198768000374002,0.04270020127296448,-0.10458943247795105,-0.013270044635305567,0.05365362763404846,-0.09494525194168091,-0.014284416037867231,0.05608746409416199,-0.0800301730632782,-0.013620905514130754
0.0,0.0,0.0,0.03635492920875549,0.0020739734172821045,0.003455722519092319,0.060473501682281494,-0.01315191388130188,0.0055223706186637855,0.07709771394729614,-0.028829455375671387,0.004188183043979166,0.08827406167984009,-0.04420292377471924,0.0032721329954341627,0.05750906467437744,-0.05534669756889343,0.014699750394456146,0.0707165002822876,-0.0907735824584961,0.008052140288882015,0.082081139087677,-0.08140382170677185,0.0015860663735196567,0.08734029531478882,-0.06612256169319153,-0.0012905762522592568,0.04948878288269043,-0.06469249725341797,0.008167089708976505,0.06361442804336548,-0.10373759269714355,0.0020622753546462036,0.07635819911956787,-0.09029009938240051,-0.003825664007209184,0.07875841856002808,-0.07154852151870728,-0.006699526402272227,0.041289448738098145,-0.07232114672660828,-7.85498085775771e-05,0.05660128593444824,-0.1082189679145813,-0.006141518428094628,0.06828254461288452,-0.0940733551979065,-0.009544542244739773,0.06929987668991089,-0.07422304153442383,-0.010093718952603581,0.031146585941314697,-0.07837718725204468,-0.00867076516068721,0.04700326919555664,-0.10307100415229797,-0.012688161059386971,0.05851006507873535,-0.09324502944946289,-0.013727280496723893,0.062205374240875244,-0.07714518904685974,-0.013263172655470612
0.0,0.0,0.0,0.03691890835762024,-0.00011640787124633789,0.0042890371171750985,0.059784770011901855,-0.017330050468444824,0.007396428880653616,0.07487702369689941,-0.03247532248497009,0.006928746623358961,0.0863574743270874,-0.044712454080581665,0.006802672555110689,0.0540279746055603,-0.06190437078475952,0.015253740397653814,0.06626391410827637,-0.09996092319488525,0.00794273338969731,0.07775723934173584,-0.08907589316368103,0.0010769404819228612,0.08148413896560669,-0.07318276166915894,-0.0017848866643390693,0.045672059059143066,-0.06944224238395691,0.008636202698014017,0.05946320295333862,-0.10891401767730713,0.0015867767272510491,0.07219183444976807,-0.09408611059188843,-0.005234236328490738,0.0732421875,-0.07538649439811707,-0.008470784837939505,0.03760978579521179,-0.07589158415794373,0.000375568377691593,0.05232268571853638,-0.11074995994567871,-0.006437444558926586,0.06429874897003174,-0.09599804878234863,-0.010604146833159689,0.06482088565826416,-0.0767822265625,-0.011334129574336771,0.027850329875946045,-0.08090460300445557,-0.008093281614222292,0.043058037757873535,-0.10677626729011536,-0.01247361112628198,0.05423504114151001,-0.09697112441062927,-0.013670882175304655,0.05756521224975586,-0.081326425075531,-0.013129124383070234
0.0,0.0,0.0,0.03369852900505066,-0.0006324350833892822,0.00413193591029426,0.056788086891174316,-0.018456995487213135,0.007134296373436655,0.07193601131439209,-0.03350898623466492,0.006780428254018034,0.08315306901931763,-0.046411752700805664,0.00672970237300774,0.051336467266082764,-0.062296152114868164,0.013141459693173374,0.06348365545272827,-0.09908649325370789,0.0062324045235016,0.07379728555679321,-0.08706974983215332,9.674121483271847e-05,0.07541340589523315,-0.0712425708770752,-0.0021427584337345706,0.04319113492965698,-0.07031816244125366,0.0067200054423608435,0.05671381950378418,-0.10893136262893677,0.00030284298790661524,0.06819218397140503,-0.09331753849983215,-0.005588938574334179,0.06738477945327759,-0.07551461458206177,-0.00812360094769815,0.03501489758491516,-0.0772010087966919,-0.0011508206129349219,0.04932278394699097,-0.1118212640285492,-0.0072729276484153615,0.05992847681045532,-0.09634575247764587,-0.0105414549811087,0.058815717697143555,-0.07758152484893799,-0.010760525333722626,0.025123238563537598,-0.08209872245788574,-0.009200888778110539,0.04008147120475769,-0.10850369930267334,-0.013322652409812008,0.0506817102432251,-0.0995149314403534,-0.014176078232964073,0.05297750234603882,-0.08481934666633606,-0.01341129196717361
0.0,0.0,0.0,0.036069273948669434,0.0015093088150024414,0.00456979182010997,0.05904591083526611,-0.016318291425704956,0.007234943196387178,0.07479757070541382,-0.03171434998512268,0.006038326867134458,0.08729970455169678,-0.043921440839767456,0.005331806935579664,0.053151607513427734,-0.06176590919494629,0.015615769759030229,0.06699401140213013,-0.09975454211235046,0.00789125925323475,0.07888144254684448,-0.08733856678009033,0.0011008409589763346,0.08164960145950317,-0.07091939449310303,-0.0015360685258869466,0.04560020565986633,-0.06886535882949829,0.008484250962943918,0.06070524454116821,-0.1091429591178894,0.0010150552068139973,0.07365983724594116,-0.0917806327342987,-0.005640898268460148,0.07358556985855103,-0.07294464111328125,-0.008430439881770724,0.038398534059524536,-0.07467475533485413,-0.0003706415493738291,0.054705917835235596,-0.11091718077659607,-0.007632978163449877,0.06668490171432495,-0.09381750226020813,-0.011728065922646635,0.06609475612640381,-0.07434216141700745,-0.012097649179189318,0.030071109533309937,-0.07860240340232849,-0.009406554415612334,0.046820104122161865,-0.10462528467178345,-0.014392222180752867,0.058180928230285645,-0.09273198246955872,-0.015963464878289813,0.060238003730773926,-0.07575711607933044,-0.015423705704300517
0.0,0.0,0.0,0.03748515248298645,0.0012196898460388184,0.005070391519723216,0.06101822853088379,-0.017198532819747925,0.008151601942984144,0.07665246725082397,-0.03291046619415283,0.007299901394901553,0.08869445323944092,-0.045125216245651245,0.006687731425074617,0.0573161244392395,-0.058495670557022095,0.016296169663576165,0.07163774967193604,-0.09472808241844177,0.008906450065580884,0.08165895938873291,-0.08347722887992859,0.001966736920905987,0.08302217721939087,-0.06796005368232727,-0.0007698204705661738,0.04917624592781067,-0.06735283136367798,0.008989720548299829,0.06466126441955566,-0.10676705837249756,0.002000399808196107,0.07625198364257812,-0.09219512343406677,-0.00486140471065255,0.07489782571792603,-0.07414013147354126,-0.00797123840192171,0.04059138894081116,-0.07514816522598267,-2.8816916426421813e-05,0.056465983390808105,-0.11129668354988098,-0.0067190216493031585,0.06719934940338135,-0.09658712148666382,-0.011114608553441485,0.06598836183547974,-0.07724079489707947,-0.011974250954779109,0.030147254467010498,-0.08126798272132874,-0.009201160689087828,0.046234190464019775,-0.10885313153266907,-0.013576765601726493,0.05704939365386963,-0.09925675392150879,-0.01517500734070154,0.05930507183074951,-0.08263137936592102,-0.014927473907562216
0.0,0.0,0.0,0.03566274046897888,-0.0012742280960083008,0.005594110237190364,0.05743411183357239,-0.01934555172920227,0.0078018024840744715,0.0733555257320404,-0.034933120012283325,0.005890371864417432,0.08638939261436462,-0.05022382736206055,0.004306492516526816,0.050835102796554565,-0.0663575530052185,0.016202902076521752,0.06101033091545105,-0.10748240351676941,0.009683197950700162,0.0721043050289154,-0.09546267986297607,0.004106561774143813,0.0731109082698822,-0.07896989583969116,0.002331936619931696,0.04301902651786804,-0.0733259916305542,0.0082661580571326,0.05580291152000427,-0.11672455072402954,0.0012243468125703316,0.06871029734611511,-0.09937319159507751,-0.005234726583829286,0.06832769513130188,-0.07996165752410889,-0.007893336350342395,0.0358009934425354,-0.07938030362129211,-0.0011435950829294939,0.05108913779258728,-0.11895045638084412,-0.007679993165901067,0.06347158551216125,-0.10133403539657593,-0.011376995006820323,0.06318637728691101,-0.08069679141044617,-0.011797956535836818,0.027920395135879517,-0.08298933506011963,-0.010662990967055919,0.044306784868240356,-0.11171931028366089,-0.015244552279135348,0.055813103914260864,-0.10083174705505371,-0.016322445469221236,0.058247774839401245,-0.08428314328193665,-0.015638148756941916
0.0,0.0,0.0,0.03659987449645996,0.0015275776386260986,0.006379681727466391,0.06016117334365845,-0.01660248637199402,0.009303352417973088,0.07651400566101074,-0.0320088267326355,0.007740684407380627,0.0894702672958374,-0.04577043652534485,0.006286364602473782,0.055932819843292236,-0.06289070844650269,0.017780144321349667,0.06889653205871582,-0.10183253884315491,0.011672879191664265,0.08084017038345337,-0.09112390875816345,0.005882287486073778,0.08433246612548828,-0.07672175765037537,0.003497748258141087,0.04817113280296326,-0.07037118077278137,0.009081386583474682,0.06116461753845215,-0.11347293853759766,0.002436707350042866,0.07290351390838623,-0.09553754329681396,-0.004148234525146677,0.07163172960281372,-0.07639673352241516,-0.007133764592381908,0.040595442056655884,-0.07634294033050537,-0.001201240490573241,0.055427372455596924,-0.11508554220199585,-0.0077429454824056165,0.0665898323059082,-0.09730780124664307,-0.012000101064714386,0.06509321928024292,-0.07715418934822083,-0.01289699450639148,0.03215065598487854,-0.07980158925056458,-0.011583456215831234,0.04774940013885498,-0.10957896709442139,-0.01647475492713113,0.05899691581726074,-0.09859058260917664,-0.018469195259186222,0.0610349178314209,-0.0816226601600647,-0.018554690671535923
0.0,0.0,0.0,0.03520482778549194,0.0013576745986938477,0.005107492037581096,0.05827808380126953,-0.016428887844085693,0.008148601107762943,0.07344120740890503,-0.03190609812736511,0.007326046299652944,0.08517110347747803,-0.04495343565940857,0.006498813923911939,0.054881393909454346,-0.05991065502166748,0.01675185357825626,0.06671905517578125,-0.09190604090690613,0.010675021276341567,0.07992637157440186,-0.08425179123878479,0.004297844429032693,0.0856902003288269,-0.0719674825668335,0.0013600288112627368,0.04702633619308472,-0.06890758872032166,0.009327461772130619,0.06077307462692261,-0.1049601137638092,0.0028809619289802413,0.07435667514801025,-0.09114062786102295,-0.0037207509703023334,0.07688170671463013,-0.07414910197257996,-0.0068858914854956765,0.03885677456855774,-0.07647424936294556,0.0003216235237175624,0.054052770137786865,-0.11117967963218689,-0.006524246356917729,0.06531119346618652,-0.09505757689476013,-0.011047890580726971,0.06511926651000977,-0.07511317729949951,-0.012105866506232132,0.02888205647468567,-0.081719309091568,-0.008754692211283555,0.04456651210784912,-0.10819202661514282,-0.01365003845049273,0.05513358116149902,-0.09717488288879395,-0.01536643242789637,0.05741071701049805,-0.07965260744094849,-0.015262749216987004
0.0,0.0,0.0,0.03476959466934204,0.00017634034156799316,0.004447391028108427,0.05735200643539429,-0.01699972152709961,0.006675205896200964,0.07299351692199707,-0.03173661231994629,0.005141824255289862,0.08579117059707642,-0.04682162404060364,0.0037703388413063976,0.052867352962493896,-0.06404179334640503,0.01596468710765464,0.06509095430374146,-0.1004340648651123,0.009104170142265389,0.07776308059692383,-0.0897081196308136,0.0026170068928621504,0.08178567886352539,-0.07430994510650635,2.4877392817757027e-05,0.044953107833862305,-0.07201209664344788,0.008831818825157711,0.059060633182525635,-0.11217567324638367,0.001577706313284466,0.07276171445846558,-0.09673327207565308,-0.005266078976390531,0.07410252094268799,-0.07826772332191467,-0.008236025222984722,0.037005990743637085,-0.07910510897636414,8.183733432076679e-05,0.052645325660705566,-0.11607179045677185,-0.006748954062757662,0.0651928186416626,-0.09895405173301697,-0.010874634371546676,0.0650566816329956,-0.07825407385826111,-0.01142759969964402,0.027765870094299316,-0.08352670073509216,-0.00883342208847182,0.044664621353149414,-0.11154326796531677,-0.013355176658777168,0.05683028697967529,-0.10050657391548157,-0.014564892040041855,0.060037851333618164,-0.08319932222366333,-0.013948789560643604
0.0,0.0,0.0,0.03704941272735596,0.0011418163776397705,0.00506955201387882,0.059744447469711304,-0.01468515396118164,0.007649569330965278,0.07527706027030945,-0.03040596842765808,0.006330427738134858,0.08618596196174622,-0.04419037699699402,0.00517939033568382,0.05579814314842224,-0.05910250544548035,0.016835551267718074,0.0667734444141388,-0.09618204832077026,0.01008919023558974,0.07705429196357727,-0.08606594800949097,0.0035509150719690297,0.08026310801506042,-0.071004718542099,0.0007000326539809976,0.04847380518913269,-0.06821125745773315,0.009243724426482913,0.06166598200798035,-0.10782137513160706,0.002539713425790069,0.07310119271278381,-0.09326925873756409,-0.003966275112475159,0.07398751378059387,-0.07489281892776489,-0.00705068136915088,0.040686726570129395,-0.07579648494720459,-1.0289191891388327e-05,0.055551618337631226,-0.11205989122390747,-0.006798005638415816,0.06660345196723938,-0.09650662541389465,-0.010713639179016354,0.06710562109947205,-0.0759492814540863,-0.011393843659902814,0.0308743417263031,-0.08123993873596191,-0.009421271713222268,0.04633709788322449,-0.10702744126319885,-0.014199296453739407,0.057207852602005005,-0.09660136699676514,-0.015473423035587075,0.06075063347816467,-0.08007901906967163,-0.015019759977008107
0.0,0.0,0.0,0.036202043294906616,0.00010576844215393066,0.005391011793690836,0.06012547016143799,-0.018058598041534424,0.008271606021153843,0.07556980848312378,-0.03320440649986267,0.007217161205190337,0.08798563480377197,-0.04519656300544739,0.006196186259913361,0.055966198444366455,-0.061725616455078125,0.015865264773893273,0.06754034757614136,-0.09544911980628967,0.008432959519851124,0.08188188076019287,-0.08635666966438293,0.00120182064041785,0.08944958448410034,-0.07137259840965271,-0.0021764032202185035,0.04752326011657715,-0.07053595781326294,0.007972948566603577,0.06099557876586914,-0.10850819945335388,0.0002536727339617073,0.07608300447463989,-0.09357026219367981,-0.007006175036949003,0.08016526699066162,-0.073934406042099,-0.010507453850877368,0.03906822204589844,-0.07726490497589111,-0.0014630259605468154,0.05432933568954468,-0.1144481897354126,-0.009264922387373531,0.06768089532852173,-0.09855803847312927,-0.014229167870652759,0.06993961334228516,-0.07735899090766907,-0.015497743769955719,0.02898666262626648,-0.08155390620231628,-0.010934595636499012,0.044535040855407715,-0.10891014337539673,-0.016334585532021606,0.05633050203323364,-0.09806597232818604,-0.018213331385922515,0.06028604507446289,-0.08033758401870728,-0.018158079742860878
0.0,0.0,0.0,0.033118635416030884,-0.0002834796905517578,0.005701518568400843,0.055280089378356934,-0.0179654061794281,0.009088792788986666,0.07102149724960327,-0.03223350644111633,0.008748568545286162,0.08153408765792847,-0.04664090275764465,0.008645812931661112,0.05060809850692749,-0.06175661087036133,0.015815857748691542,0.062265992164611816,-0.09721782803535461,0.009812622281913264,0.07528501749038696,-0.08742141723632812,0.0045477407492739985,0.07925993204116821,-0.07306760549545288,0.0029492163538975547,0.042919278144836426,-0.06975561380386353,0.00858417800367306,0.05622619390487671,-0.10897815227508545,0.0023471367985052893,0.0708993673324585,-0.09470045566558838,-0.0032587517544584443,0.07262241840362549,-0.07659143209457397,-0.005288916223491924,0.03533381223678589,-0.07721450924873352,-6.194751591692693e-05,0.050013065338134766,-0.11409348249435425,-0.006111316897715824,0.06317752599716187,-0.09902489185333252,-0.009539091077442663,0.06356120109558105,-0.0791504979133606,-0.009663032416995065,0.026566296815872192,-0.08297327160835266,-0.008755589884515302,0.04244893789291382,-0.11006724834442139,-0.013056401212509172,0.05429738759994507,-0.10017716884613037,-0.014093858239050405,0.05733799934387207,-0.08371832966804504,-0.013214074124391573
0.0,0.0,0.0,0.03694397211074829,0.0011900067329406738,0.006424560938349089,0.059824585914611816,-0.016115278005599976,0.009696807042082867,0.0760306715965271,-0.032231032848358154,0.008608587347289642,0.08662354946136475,-0.048041582107543945,0.007650213577171883,0.05516183376312256,-0.06062597036361694,0.01961445182593735,0.06695109605789185,-0.09925588965415955,0.013380187824687084,0.07941299676895142,-0.08967027068138123,0.006785556935092529,0.08447420597076416,-0.07540896534919739,0.00378600184837552,0.04793727397918701,-0.06817951798439026,0.01124685190649899,0.06151479482650757,-0.10932302474975586,0.004350852482339462,0.0742148756980896,-0.09264180064201355,-0.0025578729991408977,0.0752032995223999,-0.07344228029251099,-0.005728965364077965,0.04073694348335266,-0.07529717683792114,0.0012317210485619512,0.056488215923309326,-0.11230012774467468,-0.005558038800636211,0.06821447610855103,-0.09473118185997009,-0.009627392254451195,0.06815719604492188,-0.07399126887321472,-0.010227479710856358,0.032162487506866455,-0.08131760358810425,-0.008907035663405338,0.04895693063735962,-0.10756480693817139,-0.013626016415337006,0.05995655059814453,-0.09563326835632324,-0.01504070192543594,0.06258124113082886,-0.0782320499420166,-0.014593700617233196
0.0,0.0,0.0,0.036044687032699585,5.4001808166503906e-05,0.007222097968281105,0.05833753943443298,-0.018406391143798828,0.010973296729446247,0.07328829169273376,-0.03358274698257446,0.01027594939392884,0.08506795763969421,-0.047977954149246216,0.009614864034176662,0.05313161015510559,-0.06494322419166565,0.019473959361732796,0.06480994820594788,-0.10318851470947266,0.012918095705629185,0.07675281167030334,-0.09167027473449707,0.006226298534841135,0.08039745688438416,-0.07543560862541199,0.003395002005220249,0.04569080471992493,-0.07208332419395447,0.010914543313504055,0.059429019689559937,-0.11253073811531067,0.0044669053941674974,0.07338234782218933,-0.095814049243927,-0.002505702995165393,0.07501205801963806,-0.07620233297348022,-0.005772236133395836,0.038330525159835815,-0.07825040817260742,0.0008064246695198563,0.053565770387649536,-0.1152317225933075,-0.0054090431466988775,0.066918283700943,-0.09863841533660889,-0.00959146614599149,0.06856653094291687,-0.07809802889823914,-0.01044929991888921,0.029796123504638672,-0.08227324485778809,-0.009315757411002323,0.045725077390670776,-0.1102481484413147,-0.01357486783939521,0.0573139488697052,-0.09881219267845154,-0.014596617179392979,0.060856133699417114,-0.08112156391143799,-0.013894555489002869
0.0,0.0,0.0,0.034266114234924316,0.0010977089405059814,0.005062526988659499,0.057448357343673706,-0.017299264669418335,0.007892839110319017,0.07309725880622864,-0.03349372744560242,0.00692407317725241,0.08453330397605896,-0.04807311296463013,0.006092015619252322,0.05455109477043152,-0.06127825379371643,0.014395086525802014,0.06705358624458313,-0.09959784150123596,0.007228118798558114,0.07788470387458801,-0.08686384558677673,0.0007782490810868126,0.07971522212028503,-0.07059478759765625,-0.0019240269084903616,0.04670765995979309,-0.06949537992477417,0.006752646959249375,0.06146523356437683,-0.11077949404716492,-0.0011682380336779374,0.07324239611625671,-0.09248945116996765,-0.008301010855610969,0.07237043976783752,-0.07292771339416504,-0.011624349781449439,0.0387645959854126,-0.07663923501968384,-0.0023203969813394565,0.055250078439712524,-0.11469298601150513,-0.010024192311938407,0.06654146313667297,-0.09672832489013672,-0.014657681376810672,0.06591466069221497,-0.07595017552375793,-0.015713728533263804,0.029103606939315796,-0.08183443546295166,-0.011450714931960704,0.045398861169815063,-0.11008390784263611,-0.017035698087092044,0.05673298239707947,-0.09872674942016602,-0.019121480674620273,0.05958828330039978,-0.08107012510299683,-0.01927850538599074
0.0,0.0,0.0,0.026736199855804443,0.00135117769241333,-0.004619251425246773,0.05246150493621826,-0.011394470930099487,-0.00761320204554039,0.07159072160720825,-0.02460765838623047,-0.012022449589203177,0.07901912927627563,-0.04487702250480652,-0.015689701727460204,0.048807382583618164,-0.06482547521591187,-0.0020490856383545974,0.06403490900993347,-0.10443639755249023,-0.01219469769937831,0.0737418532371521,-0.09070199728012085,-0.019509754097889243,0.07358476519584656,-0.07216137647628784,-0.022423735773990927,0.03884527087211609,-0.07252377271652222,-0.004943376361261187,0.05544516444206238,-0.11557871103286743,-0.014656214929054556,0.06464323401451111,-0.09501850605010986,-0.019975221670101462,0.06173953413963318,-0.07418552041053772,-0.021657139948437987,0.028659909963607788,-0.07719069719314575,-0.009298595554064093,0.045038193464279175,-0.11774590611457825,-0.01777299395842391,0.05434823036193848,-0.09818562865257263,-0.02001242428166705,0.05098527669906616,-0.0770781934261322,-0.019278935110996542,0.017363309860229492,-0.07908564805984497,-0.014508816367815314,0.03179767727851868,-0.10551571846008301,-0.02198367095632392,0.041585445404052734,-0.09394627809524536,-0.024318669876883803,0.04199576377868652,-0.07774296402931213,-0.024187677494118986
0.0,0.0,0.0,0.028616756200790405,1.901388168334961e-05,-0.004023708445068053,0.053700387477874756,-0.01157236099243164,-0.0072431401769179615,0.07286590337753296,-0.02458438277244568,-0.011971990619834116,0.07912266254425049,-0.046561747789382935,-0.0160309281619746,0.050329387187957764,-0.06478375196456909,-0.0015863717254731569,0.06467950344085693,-0.10435047745704651,-0.012045757887001685,0.07421201467514038,-0.09026607871055603,-0.019822819200392416,0.07442396879196167,-0.0716051459312439,-0.023091226858134917,0.040497928857803345,-0.07250887155532837,-0.004953647074337653,0.05648908019065857,-0.11525261402130127,-0.014686645050581149,0.066241055727005,-0.09506607055664062,-0.02033661868893688,0.06382396817207336,-0.07402613759040833,-0.02251635309779232,0.030238419771194458,-0.0772475004196167,-0.00978441540622299,0.04642242193222046,-0.11722385883331299,-0.01819499027454441,0.05613085627555847,-0.09832751750946045,-0.020746735897894553,0.05351778864860535,-0.07737293839454651,-0.020491903689737967,0.018640786409378052,-0.07902699708938599,-0.01544823874258583,0.03343731164932251,-0.1046765148639679,-0.022667638999458006,0.04349970817565918,-0.09292879700660706,-0.024949679193134955,0.04440256953239441,-0.07652473449707031,-0.025003913831945113
0.0,0.0,0.0,0.029380112886428833,0.0010458528995513916,-0.00387338226273215,0.05528488755226135,-0.010447770357131958,-0.00657874977759576,0.07495036721229553,-0.022903501987457275,-0.01079489410467005,0.08169665932655334,-0.04347154498100281,-0.014460065668295385,0.05278709530830383,-0.0629061758518219,-0.00051376279288462,0.06844273209571838,-0.10019323229789734,-0.01079220444507456,0.0773095190525055,-0.087016761302948,-0.01866941180623627,0.07687589526176453,-0.06906968355178833,-0.02197797809339619,0.04324868321418762,-0.07147428393363953,-0.003677636651168825,0.059875041246414185,-0.11198937892913818,-0.012594682430695059,0.06907528638839722,-0.09291931986808777,-0.018063955275188448,0.06650960445404053,-0.0726780891418457,-0.020240858463417055,0.03271356225013733,-0.07645246386528015,-0.008372883578608992,0.04835638403892517,-0.11506420373916626,-0.01618031252719021,0.057719528675079346,-0.0968141257762909,-0.018886067239414217,0.055248111486434937,-0.07619637250900269,-0.018843353060852053,0.0204465389251709,-0.07864448428153992,-0.01388587456739998,0.03451046347618103,-0.10517796874046326,-0.020447537569175722,0.04430633783340454,-0.09430745244026184,-0.022640975458394053,0.04559972882270813,-0.07829254865646362,-0.022732479763995173
0.0,0.0,0.0,0.028710901737213135,0.0008497536182403564,-0.00408193167437787,0.05537492036819458,-0.011212170124053955,-0.006879166943477344,0.07549014687538147,-0.024944782257080078,-0.011221647040443372,0.08062711358070374,-0.04787454009056091,-0.014894310162858915,0.05150175094604492,-0.0642842948436737,-0.0006185254421922082,0.06615468859672546,-0.10516425967216492,-0.010910712891714525,0.0761975347995758,-0.092780202627182,-0.018238529340820264,0.07667699456214905,-0.07489567995071411,-0.02091548569639201,0.04187855124473572,-0.0723702609539032,-0.003792084065722179,0.057915717363357544,-0.11495521664619446,-0.013358397187190008,0.06754827499389648,-0.09511831402778625,-0.018262751178340864,0.06423306465148926,-0.07386881113052368,-0.019309520499305677,0.03190338611602783,-0.07705661654472351,-0.008521527761118364,0.0478556752204895,-0.11649525165557861,-0.01681504190106864,0.05758523941040039,-0.09799402952194214,-0.0184624826176929,0.054357171058654785,-0.07700994610786438,-0.016974804700808477,0.020504504442214966,-0.07914453744888306,-0.014127746002273511,0.035457074642181396,-0.10618802905082703,-0.02100486286123271,0.045469850301742554,-0.0952160656452179,-0.022579418273167562,0.045782774686813354,-0.07873278856277466,-0.02161806985874648
0.0,0.0,0.0,0.03140360116958618,-9.08970832824707e-06,-0.002115412546388029,0.056540071964263916,-0.011741399765014648,-0.0040083503593422165,0.07595843076705933,-0.023650258779525757,-0.008178230771861195,0.08412665128707886,-0.044282734394073486,-0.011907141121170639,0.055002063512802124,-0.063629150390625,0.0039281901660643825,0.06881251931190491,-0.10092023015022278,-0.005727029336682676,0.07834434509277344,-0.08907094597816467,-0.01280835217430365,0.07853597402572632,-0.07180407643318176,-0.015222477192125439,0.0459476113319397,-0.07171908020973206,-0.00031180731120628025,0.06153064966201782,-0.11221778392791748,-0.008784740628740906,0.07158726453781128,-0.09443715214729309,-0.013787581982157349,0.06926983594894409,-0.07372310757637024,-0.014994902933082699,0.03574085235595703,-0.07703021168708801,-0.006257497171006321,0.051301002502441406,-0.11504051089286804,-0.014319927828452705,0.061015188694000244,-0.09821659326553345,-0.016560953507266163,0.05799514055252075,-0.07771572470664978,-0.015434693010590195,0.023527473211288452,-0.08022317290306091,-0.012924277620456337,0.03910869359970093,-0.10733169317245483,-0.019750325406036495,0.049058109521865845,-0.09693428874015808,-0.02133931445523274,0.0495641827583313,-0.08023539185523987,-0.020290874341569065
0.0,0.0,0.0,0.034262895584106445,0.0027167201042175293,-0.0011944298401189712,0.06114533543586731,-0.009187787771224976,-0.0013962446480704216,0.07941097021102905,-0.024043917655944824,-0.0039226511960563926,0.08718520402908325,-0.04467669129371643,-0.006286960235023287,0.0626782774925232,-0.06042438745498657,0.006725777732050631,0.07472336292266846,-0.096676766872406,-0.0022096563132194547,0.0824626088142395,-0.086016446352005,-0.009841408720397737,0.08295321464538574,-0.06877845525741577,-0.013041835418128755,0.0527062714099884,-0.06978228688240051,0.0025411412118288013,0.06678885221481323,-0.1089513897895813,-0.005527692055487421,0.07516950368881226,-0.09265097975730896,-0.011791962338769224,0.07224056124687195,-0.07162371277809143,-0.014217911427998331,0.04148232936859131,-0.07497468590736389,-0.0032630759758589534,0.055658549070358276,-0.11177816987037659,-0.011120273871505049,0.06429275870323181,-0.0962296724319458,-0.014831244154059675,0.06166011095046997,-0.07536080479621887,-0.014863275131368425,0.027703016996383667,-0.07781407237052917,-0.00966028510608652,0.04247099161148071,-0.10481232404708862,-0.015684904670500543,0.05206573009490967,-0.09523347020149231,-0.01761606908419111,0.05305272340774536,-0.07830023765563965,-0.01707603423871973
0.0,0.0,0.0,0.032282620668411255,0.0024917423725128174,-0.0017030055315245818,0.05870923399925232,-0.00907871127128601,-0.0026848451380629967,0.07832315564155579,-0.021566331386566162,-0.0059497035254736375,0.08703604340553284,-0.04169812798500061,-0.008851838778426213,0.05931547284126282,-0.06091609597206116,0.005415378589461284,0.07293733954429626,-0.09781789779663086,-0.0040092952695687245,0.08174940943717957,-0.08620354533195496,-0.011741415146460099,0.08231058716773987,-0.0690409243106842,-0.014940890963842435,0.05016374588012695,-0.06976467370986938,0.0011336445895011593,0.06628549098968506,-0.11041748523712158,-0.007684607539047761,0.0754270851612091,-0.09246861934661865,-0.014023686308135552,0.072394460439682,-0.07126596570014954,-0.01635151683883862,0.03993278741836548,-0.07505667209625244,-0.004804184674938483,0.05581650137901306,-0.11317101120948792,-0.013106190148462815,0.06491616368293762,-0.09631100296974182,-0.016946453150083585,0.06162971258163452,-0.0755169689655304,-0.017016034122278256,0.02744653820991516,-0.07803010940551758,-0.011392673026492162,0.04298439621925354,-0.10447269678115845,-0.017872586395313306,0.05312258005142212,-0.09415721893310547,-0.020297664697935147,0.054099977016448975,-0.07730996608734131,-0.020176572274138493
0.0,0.0,0.0,0.03374290466308594,0.0026397407054901123,-0.0014408996736960944,0.060525864362716675,-0.00894629955291748,-0.002202582307006651,0.07977688312530518,-0.02281513810157776,-0.005395333975400263,0.08793371915817261,-0.04270273447036743,-0.008488946355726057,0.061458736658096313,-0.061207592487335205,0.00757079129681415,0.07398045063018799,-0.09658989310264587,-0.001751781319114798,0.08295392990112305,-0.0866084098815918,-0.009916857577707106,0.08426988124847412,-0.06942364573478699,-0.01344097102418118,0.05207809805870056,-0.07006236910820007,0.0033208569569183055,0.06650614738464355,-0.10923171043395996,-0.005072905443455511,0.07601529359817505,-0.0932164192199707,-0.01185048720225268,0.07357162237167358,-0.0724250078201294,-0.014602106757308775,0.041486501693725586,-0.07490605115890503,-0.002693882904793554,0.05605083703994751,-0.11230608820915222,-0.010825845174338156,0.06543514132499695,-0.09667521715164185,-0.015334052726473146,0.06279188394546509,-0.07580778002738953,-0.01591422012432986,0.028482109308242798,-0.07757794857025146,-0.009310459479536348,0.04277557134628296,-0.1053226888179779,-0.015547624550606542,0.05279552936553955,-0.09543949365615845,-0.018108958139862352,0.054165661334991455,-0.07829976081848145,-0.018100037932242685
0.0,0.0,0.0,0.03305831551551819,0.001172870397567749,-0.0008200291734752341,0.058682531118392944,-0.009869605302810669,-0.0016549317473177894,0.0775580108165741,-0.022249847650527954,-0.0047817396074165686,0.08444097638130188,-0.04248535633087158,-0.0077121018506218775,0.05984848737716675,-0.060191333293914795,0.005222174052185835,0.07245251536369324,-0.09653398394584656,-0.004083912640773235,0.08092764019966125,-0.0849391520023346,-0.011683315325491606,0.08212056756019592,-0.06712216138839722,-0.014858077567033945,0.05063849687576294,-0.06926065683364868,0.0008010862553859965,0.06570050120353699,-0.10733768343925476,-0.007257595479451595,0.07508084177970886,-0.09050986170768738,-0.013122737694494901,0.07332912087440491,-0.06974786520004272,-0.015460647929423033,0.04001796245574951,-0.07495000958442688,-0.0051123954429854734,0.05469384789466858,-0.11104226112365723,-0.012736299361996828,0.06370657682418823,-0.09509491920471191,-0.016249794799797712,0.06192576885223389,-0.07461610436439514,-0.016505675677173315,0.02692723274230957,-0.0784342885017395,-0.011574243482165514,0.04158005118370056,-0.10453948378562927,-0.017284572411291776,0.05126291513442993,-0.09444832801818848,-0.019063873503320394,0.05291053652763367,-0.07756662368774414,-0.01871951698135632
0.0,0.0,0.0,0.03553697466850281,0.0008297860622406006,1.1078507341721888e-05,0.06027674674987793,-0.011449068784713745,-0.0004909576676794813,0.07826867699623108,-0.02446034550666809,-0.0036290735882715808,0.08574274182319641,-0.0444788932800293,-0.0064543013871656285,0.06029751896858215,-0.06230652332305908,0.006628704868163027,0.07333412766456604,-0.09937742352485657,-0.0027835060321734773,0.08140173554420471,-0.08630794286727905,-0.010546913690959059,0.08182075619697571,-0.06808847188949585,-0.013760646194313608,0.0508706271648407,-0.07072493433952332,0.001556039816605903,0.06611457467079163,-0.10976040363311768,-0.006725502520893656,0.07574787735939026,-0.09203067421913147,-0.01280900029847487,0.07383015751838684,-0.07101497054100037,-0.015262449480687224,0.04015734791755676,-0.07621034979820251,-0.005080779403542124,0.0550253689289093,-0.11280214786529541,-0.012918801367376886,0.06432446837425232,-0.09651631116867065,-0.016290883854125582,0.06236639618873596,-0.07604601979255676,-0.016303354263399683,0.027261853218078613,-0.07924321293830872,-0.012264754943643652,0.04274255037307739,-0.10573917627334595,-0.018082739174460016,0.052316486835479736,-0.09550052881240845,-0.019537655025814615,0.05337139964103699,-0.07855147123336792,-0.01883169575044974
0.0,0.0,0.0,0.03446906805038452,0.0014599263668060303,-0.00023107965811419717,0.0603523850440979,-0.00997936725616455,-0.0003036904409228214,0.07932379841804504,-0.022781580686569214,-0.0029633015247227945,0.08728888630867004,-0.04212749004364014,-0.005319894788989643,0.06124791502952576,-0.06194150447845459,0.008492059042474409,0.07325831055641174,-0.09773322939872742,0.00015189189885944643,0.08186444640159607,-0.08679139614105225,-0.007114006703922371,0.08317026495933533,-0.06967341899871826,-0.010247056404331545,0.05181095004081726,-0.07087841629981995,0.003682287610864421,0.066163569688797,-0.11016401648521423,-0.0043648593446405926,0.07535317540168762,-0.09319886565208435,-0.010893425936082224,0.07354626059532166,-0.07204815745353699,-0.013637698287347177,0.04108080267906189,-0.0760197639465332,-0.0027633868476542034,0.05580952763557434,-0.11335614323616028,-0.010987020129540781,0.06468042731285095,-0.09676894545555115,-0.015534560227969507,0.06230348348617554,-0.07550117373466492,-0.016251595722714285,0.028046488761901855,-0.07872706651687622,-0.009689517351070265,0.04342794418334961,-0.10434404015541077,-0.015984250264445166,0.05311664938926697,-0.09375885128974915,-0.018493451209941725,0.05449157953262329,-0.07618331909179688,-0.01858910921422563
0.0,0.0,0.0,0.035217493772506714,-0.0011094212532043457,-0.0007961627450185915,0.06032496690750122,-0.013831287622451782,-0.0019880562210801145,0.07934418320655823,-0.02749308943748474,-0.005791734310832908,0.08894631266593933,-0.04819497466087341,-0.009182246740010669,0.05941671133041382,-0.06609588861465454,0.0071781884291794995,0.07155212759971619,-0.10320502519607544,-0.001636446558904936,0.08160939812660217,-0.09165427088737488,-0.008590647357550552,0.08394572138786316,-0.07399412989616394,-0.011229578743723323,0.05028030276298523,-0.07448384165763855,0.002108966127934764,0.06484869122505188,-0.1148672103881836,-0.006100610236671855,0.07622411847114563,-0.09739184379577637,-0.01198378052845328,0.07515981793403625,-0.07549351453781128,-0.014011207374778678,0.039774924516677856,-0.07938644289970398,-0.004621166142669608,0.05464589595794678,-0.11711421608924866,-0.012894903647747924,0.06489375233650208,-0.09993129968643188,-0.016138456168619086,0.06286227703094482,-0.07858854532241821,-0.015711850824800422,0.0267791748046875,-0.08169868588447571,-0.011891649442759444,0.042957156896591187,-0.10892164707183838,-0.018377171236124923,0.053221046924591064,-0.09804895520210266,-0.01977767177208989,0.05402415990829468,-0.08041366934776306,-0.018618272024241378
0.0,0.0,0.0,0.036255449056625366,-0.0003134608268737793,0.0002572882649616304,0.06250753998756409,-0.01276591420173645,-0.000321816639356598,0.08132153749465942,-0.027093052864074707,-0.003644676399730429,0.08659565448760986,-0.04911428689956665,-0.006715176613383278,0.06173741817474365,-0.06358695030212402,0.00687856275091292,0.07404571771621704,-0.10078519582748413,-0.0025820832097309676,0.08317422866821289,-0.08868411183357239,-0.010275061694287047,0.0849158763885498,-0.07026955485343933,-0.013505417374275908,0.05222129821777344,-0.07243496179580688,0.0013059900511649403,0.06729859113693237,-0.1116485595703125,-0.007536785197757467,0.07752031087875366,-0.0935138463973999,-0.01376595952113746,0.0758172869682312,-0.07157307863235474,-0.016064814743899092,0.041186779737472534,-0.07733234763145447,-0.005799689782165274,0.056208670139312744,-0.11452654004096985,-0.0143470321645367,0.0658189058303833,-0.09718143939971924,-0.018094548476241812,0.06378763914108276,-0.07561039924621582,-0.018071116400264486,0.027562230825424194,-0.07969996333122253,-0.013397059855364546,0.04336985945701599,-0.10618409514427185,-0.01976694118728517,0.05377531051635742,-0.09516918659210205,-0.021648171809815153,0.05526113510131836,-0.07715216279029846,-0.021093695876501783
0.0,0.0,0.0,0.036618828773498535,0.0026662051677703857,0.0008468462379553898,0.0633435845375061,-0.008631855249404907,0.0007817229830564543,0.08258253335952759,-0.022403031587600708,-0.0020215151256977038,0.08935058116912842,-0.043559134006500244,-0.00472246328211412,0.0625603199005127,-0.058188021183013916,0.007260574178481249,0.07628875970840454,-0.09575644135475159,-0.00180446807137713,0.08459365367889404,-0.08419466018676758,-0.009220033267801853,0.08534502983093262,-0.066761314868927,-0.012284981401926132,0.05378332734107971,-0.06698983907699585,0.0016958359970615788,0.07012245059013367,-0.10658010840415955,-0.006650129648214431,0.07944691181182861,-0.08891066908836365,-0.012853936607307048,0.0766410231590271,-0.06841561198234558,-0.01538128251052484,0.04355397820472717,-0.07196754217147827,-0.005313237047111841,0.05979892611503601,-0.10977429151535034,-0.013408395776814075,0.06876221299171448,-0.09229886531829834,-0.017367985414630027,0.06577283143997192,-0.07144466042518616,-0.01769385890877828,0.030670374631881714,-0.07499194145202637,-0.012701874913936706,0.04675930738449097,-0.10267388820648193,-0.018825665431386085,0.05670124292373657,-0.0915374755859375,-0.020965915488368125,0.05744290351867676,-0.07413208484649658,-0.02078546615160093
0.0,0.0,0.0,0.033859699964523315,0.0007609128952026367,-0.0013106220178826788,0.05925256013870239,-0.01108965277671814,-0.0033136483291684726,0.07889050245285034,-0.024330586194992065,-0.007856299216911111,0.0857732892036438,-0.04683831334114075,-0.01209137779758862,0.05828183889389038,-0.06288871169090271,0.005219799884542908,0.07133752107620239,-0.10070234537124634,-0.004378983332827602,0.08107829093933105,-0.08959683775901794,-0.011742372113332067,0.08254700899124146,-0.07256746292114258,-0.01459824019210032,0.049180805683135986,-0.0717923641204834,0.0004500086467658093,0.0646151602268219,-0.1130797266960144,-0.007938276092573915,0.07478123903274536,-0.09514924883842468,-0.013254249515995298,0.07346034049987793,-0.0740620493888855,-0.01495103263394526,0.03879454731941223,-0.07692268490791321,-0.0060070385700612405,0.054128825664520264,-0.11538660526275635,-0.01431877357052258,0.06394460797309875,-0.09746047854423523,-0.01746799801574639,0.06155499815940857,-0.07567164301872253,-0.0171009097723811,0.026206940412521362,-0.07898339629173279,-0.013079438406094823,0.04170098900794983,-0.10538828372955322,-0.019587231847509656,0.05209696292877197,-0.09406813979148865,-0.02161833462403706,0.05316716432571411,-0.07613354921340942,-0.021209411370620046
0.0,0.0,0.0,0.03537037968635559,0.0037648677825927734,-0.0008207833065796422,0.062816321849823,-0.0073029398918151855,-0.0019104371799301134,0.0829923152923584,-0.02156028151512146,-0.005501412485926949,0.08660072088241577,-0.04584670066833496,-0.009118145962446533,0.06373336911201477,-0.05821162462234497,0.0057779227595631255,0.07700049877166748,-0.09628340601921082,-0.003929434043556057,0.08561432361602783,-0.08519110083580017,-0.01219138286748489,0.08714663982391357,-0.06746575236320496,-0.015806104687243305,0.05439689755439758,-0.06773868203163147,0.0009264036293927802,0.07017219066619873,-0.10845544934272766,-0.0070327522020932065,0.07972294092178345,-0.09147483110427856,-0.012794039842873417,0.07690846920013428,-0.07035765051841736,-0.014951069538682304,0.04328492283821106,-0.07318708300590515,-0.005501478144168459,0.058552056550979614,-0.11154571175575256,-0.013322366100936733,0.06795457005500793,-0.09525462985038757,-0.016464965117364727,0.06494894623756409,-0.07406634092330933,-0.016146765721231304,0.029436081647872925,-0.0764102041721344,-0.012530162629872166,0.045018166303634644,-0.10391321778297424,-0.018558187109618984,0.05509868264198303,-0.0936635434627533,-0.020229359788089596,0.05561143159866333,-0.07623770833015442,-0.019529364702492558
0.0,0.0,0.0,0.03585544228553772,0.003880441188812256,-0.0005662167505917637,0.06256571412086487,-0.006803989410400391,-0.0009296311592308371,0.08209055662155151,-0.020846694707870483,-0.003780593787375608,0.08915835618972778,-0.04249286651611328,-0.0065533038406258015,0.06434175372123718,-0.059169113636016846,0.00783377427695342,0.07741552591323853,-0.09766232967376709,-0.0008026334518191902,0.08628922700881958,-0.08761286735534668,-0.008785019553322115,0.08836609125137329,-0.07104155421257019,-0.012553146033603468,0.055033087730407715,-0.06837528944015503,0.00302108873700746,0.07071614265441895,-0.1092967689037323,-0.005079535226393261,0.08048880100250244,-0.09194484353065491,-0.011963174603003779,0.07812213897705078,-0.07068678736686707,-0.015067626646775523,0.04420807957649231,-0.07341718673706055,-0.003344206064063826,0.05969277024269104,-0.11130136251449585,-0.01123600538732461,0.06895273923873901,-0.09391763806343079,-0.015506259090322771,0.06640779972076416,-0.0727570652961731,-0.01609785847278289,0.030468761920928955,-0.0761149525642395,-0.010248648858684817,0.04639524221420288,-0.1040392518043518,-0.016231998725849905,0.05610969662666321,-0.09321272373199463,-0.01826355971308402,0.056766510009765625,-0.07589668035507202,-0.01798575363965682
0.0,0.0,0.0,0.03677651286125183,0.002140522003173828,0.0005457533792636582,0.06258317828178406,-0.011117875576019287,0.0008583382390483507,0.08042287826538086,-0.02632051706314087,-0.0016082510315769127,0.08742165565490723,-0.046945005655288696,-0.0038516343534880093,0.061675459146499634,-0.06293389201164246,0.008396834697485644,0.07473993301391602,-0.10072222352027893,-0.0006674458469220212,0.08394116163253784,-0.08868569135665894,-0.008500070680021565,0.08529788255691528,-0.07031679153442383,-0.011876166235744279,0.052274852991104126,-0.07148012518882751,0.0029798809940970727,0.06768861413002014,-0.11118891835212708,-0.0055412565321617535,0.07787209749221802,-0.09309560060501099,-0.012457338530659001,0.07580077648162842,-0.0711812674999237,-0.015460209358572286,0.04163318872451782,-0.07641869783401489,-0.004011706817983907,0.05725276470184326,-0.11412051320075989,-0.012472553547560494,0.06709754467010498,-0.0965299904346466,-0.016951807212173264,0.06476888060569763,-0.07499635219573975,-0.01757001354926757,0.028483867645263672,-0.0790388286113739,-0.011419280801057141,0.04516524076461792,-0.10580766201019287,-0.017900230731903832,0.05506640672683716,-0.09447595477104187,-0.020031223442494195,0.05571216344833374,-0.07676592469215393,-0.019742224734365266
0.0,0.0,0.0,0.03451821208000183,0.0026763081550598145,-0.0007850654996133244,0.06097233295440674,-0.008828163146972656,-0.0011473662792838013,0.07924288511276245,-0.022159665822982788,-0.0040343951308301484,0.08800458908081055,-0.04169732332229614,-0.006716258625047544,0.06411179900169373,-0.05823451280593872,0.007483803865952154,0.07669258117675781,-0.09548509120941162,-0.0018625612477904951,0.0841633677482605,-0.08506444096565247,-0.009966715040164331,0.08373230695724487,-0.06729993224143982,-0.013298882904010156,0.054016292095184326,-0.06829705834388733,0.00309725218777146,0.06881886720657349,-0.10708668828010559,-0.005058021551477054,0.07725590467453003,-0.09100401401519775,-0.01159346270050321,0.0735396146774292,-0.06989878416061401,-0.014100318575756887,0.04251357913017273,-0.07420715689659119,-0.0029457148970237768,0.05693531036376953,-0.11092725396156311,-0.010752257692175249,0.06563133001327515,-0.09534326195716858,-0.014532638514893392,0.06263166666030884,-0.074392169713974,-0.014562062720315794,0.028184503316879272,-0.07780265808105469,-0.009564523386316637,0.04347437620162964,-0.10372096300125122,-0.015394847641246656,0.05283018946647644,-0.09392997622489929,-0.017182738321380953,0.053463131189346313,-0.0769885778427124,-0.016506337361889223
0.0,0.0,0.0,0.03468286991119385,0.0017237365245819092,-0.00016998540275636742,0.06143850088119507,-0.00963449478149414,-0.0006697467314396022,0.08044874668121338,-0.02298763394355774,-0.0037285431307125805,0.08655273914337158,-0.04481905698776245,-0.0066588245816845415,0.06590771675109863,-0.05908873677253723,0.007590864829687405,0.07833826541900635,-0.09597828984260559,-0.0015249967826846955,0.08515089750289917,-0.0837012529373169,-0.00958653721216507,0.08456343412399292,-0.06533610820770264,-0.013155273117156696,0.05588430166244507,-0.06934034824371338,0.0026741412449311497,0.07040005922317505,-0.1084127426147461,-0.005072198763521385,0.07875990867614746,-0.09110215306282043,-0.011331324420901012,0.0756978988647461,-0.07009497284889221,-0.014102185100348663,0.044200360774993896,-0.07551413774490356,-0.0038116443455535887,0.058216214179992676,-0.1120726466178894,-0.011281250931354236,0.06655246019363403,-0.09523439407348633,-0.014884497925670814,0.06414848566055298,-0.07452231645584106,-0.015260775528879833,0.02981916069984436,-0.0791093111038208,-0.010834736704858017,0.04472735524177551,-0.10603156685829163,-0.016301414884658527,0.053826749324798584,-0.09518387913703918,-0.01780006005618162,0.05508530139923096,-0.07783100008964539,-0.01731734997782297
0.0,0.0,0.0,0.035156965255737305,9.071826934814453e-05,-0.000310963094072747,0.0615425705909729,-0.011997014284133911,-0.0008445234432130633,0.08053603768348694,-0.026385009288787842,-0.003906312705787229,0.08687558770179749,-0.047789692878723145,-0.006878975154670286,0.06372994184494019,-0.06087899208068848,0.007407382754770708,0.07514974474906921,-0.0956595242023468,-0.0013033264128736732,0.08496478199958801,-0.0879012942314148,-0.009058712357493448,0.08828893303871155,-0.07351690530776978,-0.012752329306515264,0.05391010642051697,-0.07076182961463928,0.0022679797095932486,0.06845560669898987,-0.10843950510025024,-0.006188332876028824,0.07872512936592102,-0.09302964806556702,-0.01280163818022828,0.07819196581840515,-0.07250559329986572,-0.01572876919976096,0.04240861535072327,-0.07651704549789429,-0.004440794540407467,0.05712571740150452,-0.11302328109741211,-0.013115993076773691,0.06651857495307922,-0.09674376249313354,-0.01759596292844634,0.06515946984291077,-0.07502180337905884,-0.01832669352165084,0.028277546167373657,-0.07956981658935547,-0.011608625138016748,0.04408547282218933,-0.10560339689254761,-0.018087734775456,0.0541117787361145,-0.0952596664428711,-0.020349388317974615,0.05606934428215027,-0.07757508754730225,-0.020332576082857656
0.0,0.0,0.0,0.03530052304267883,-0.001145869493484497,-0.0001426480363875271,0.06033387780189514,-0.014243364334106445,-0.0010812386814791353,0.07838061451911926,-0.028868377208709717,-0.0047181760371017845,0.0863703191280365,-0.050105512142181396,-0.008014314290164748,0.05935537815093994,-0.06630092859268188,0.006191344518185815,0.07256457209587097,-0.10435956716537476,-0.0032425075248170288,0.08294352889060974,-0.09343487024307251,-0.01069320872801427,0.08527418971061707,-0.07613861560821533,-0.013712684106110373,0.04956275224685669,-0.07492145895957947,0.0007453998489950209,0.06493836641311646,-0.11534002423286438,-0.007882546115695277,0.07554170489311218,-0.097807377576828,-0.013835280615865031,0.07444170117378235,-0.07674795389175415,-0.016108849499403277,0.038799554109573364,-0.07980918884277344,-0.006251846853672305,0.05385458469390869,-0.11762195825576782,-0.01467168465632085,0.06389525532722473,-0.0996711254119873,-0.01780317671972398,0.0622803270816803,-0.0781676173210144,-0.017531368363677302,0.02588549256324768,-0.08163052797317505,-0.013768201176105777,0.04186686873435974,-0.10900244116783142,-0.02033877320963029,0.052105069160461426,-0.09763067960739136,-0.021824066940723696,0.05345064401626587,-0.07992914319038391,-0.021005453024088183
0.0,0.0,0.0,0.03661137819290161,-0.0006196498870849609,0.000659735556801877,0.06262961030006409,-0.013526827096939087,0.0005403866852802253,0.08083134889602661,-0.028448373079299927,-0.002431453231146463,0.08745789527893066,-0.04981991648674011,-0.0052373481703753555,0.06237608194351196,-0.06445631384849548,0.009385986460948459,0.07402688264846802,-0.10262364149093628,0.0009026771039870596,0.08308422565460205,-0.09216171503067017,-0.006791768853908309,0.08443629741668701,-0.07430902123451233,-0.010167784781550893,0.052243053913116455,-0.07304486632347107,0.003915760407799951,0.06555652618408203,-0.1137194037437439,-0.004161072687601575,0.07571029663085938,-0.09751838445663452,-0.011262432464754113,0.07405954599380493,-0.07550698518753052,-0.014503480659222134,0.04102399945259094,-0.07825249433517456,-0.0031231744469906175,0.055124491453170776,-0.11659857630729675,-0.01106984054425908,0.06535685062408447,-0.10077443718910217,-0.015842977703904637,0.0637052059173584,-0.07899284362792969,-0.01688313649723483,0.02714163064956665,-0.08097678422927856,-0.010585129985010155,0.042870938777923584,-0.10726869106292725,-0.0163983160419221,0.05303356051445007,-0.0964108407497406,-0.018451440872048863,0.054042965173721313,-0.07827693223953247,-0.01833339946100665
0.0,0.0,0.0,0.031221836805343628,-0.00023567676544189453,-0.001156906373225297,0.05662766098976135,-0.014226019382476807,-0.0022728614363671795,0.07435095310211182,-0.030337035655975342,-0.005679293893635418,0.08212977647781372,-0.050154149532318115,-0.008639034241795684,0.05726492404937744,-0.06497448682785034,0.004423272437989567,0.06836557388305664,-0.10421198606491089,-0.00451790623775139,0.07875651121139526,-0.09379380941390991,-0.011140277967214729,0.08098584413528442,-0.07668599486351013,-0.013448860854268219,0.046751827001571655,-0.0740777850151062,-2.171962078989509e-05,0.06029656529426575,-0.11494868993759155,-0.008678907886505272,0.07030731439590454,-0.09667667746543884,-0.013862070054173614,0.06871062517166138,-0.0751882791519165,-0.015097497389078285,0.03579777479171753,-0.07957416772842407,-0.005877111465096618,0.05009275674819946,-0.11664456129074097,-0.01418331301248088,0.0600113570690155,-0.09829321503639221,-0.016563946739196922,0.05807790160179138,-0.07703101634979248,-0.01542415785080209,0.022793322801589966,-0.08212599158287048,-0.01226963231748357,0.038765281438827515,-0.10752403736114502,-0.018952008694768097,0.04920625686645508,-0.09603023529052734,-0.02023199236428752,0.050583720207214355,-0.07909196615219116,-0.018894665301203872
0.0,0.0,0.0,0.0370449423789978,0.0016619563102722168,0.00048292616884282324,0.06317156553268433,-0.010950207710266113,0.0004727926807390759,0.08182781934738159,-0.027390778064727783,-0.002173018065150245,0.0863388180732727,-0.048943668603897095,-0.004734958178232773,0.0619606077671051,-0.059617459774017334,0.008156882011462585,0.07422912120819092,-0.0980573296546936,-0.00038005904025339987,0.08279359340667725,-0.08768096566200256,-0.007790960493366583,0.08486270904541016,-0.07053542137145996,-0.011077478184233769,0.05273744463920593,-0.06824621558189392,0.002853820677046315,0.06684565544128418,-0.10861164331436157,-0.004537172271739109,0.0774349570274353,-0.09321117401123047,-0.010535261249970063,0.07724529504776001,-0.0728190541267395,-0.013331246218513115,0.04217272996902466,-0.07280629873275757,-0.004022352519314154,0.056329160928726196,-0.11094221472740173,-0.011631537816356285,0.06657961010932922,-0.09591683745384216,-0.015936640678773983,0.06590726971626282,-0.07478290796279907,-0.016806745557914837,0.029279112815856934,-0.07513797283172607,-0.011337362817357644,0.04412314295768738,-0.10362553596496582,-0.01692682097746001,0.054859668016433716,-0.09484383463859558,-0.018978107376824482,0.057313114404678345,-0.07834741473197937,-0.01898610371245013
0.0,0.0,0.0,0.0674789547920227,-0.005278348922729492,-0.0053214850426286375,0.11633151769638062,-0.03981727361679077,-0.011378435935881726,0.15624701976776123,-0.06977546215057373,-0.022495672624614826,0.17487311363220215,-0.118634432554245,-0.03330498613050281,0.10699403285980225,-0.1434580385684967,0.008444573212358364,0.1301649808883667,-0.2212371528148651,-0.007828269671705357,0.1520369052886963,-0.20491009950637817,-0.019703142862823597,0.15803676843643188,-0.17469289898872375,-0.02487761020293533,0.0864517092704773,-0.15597108006477356,-0.0017926201047941959,0.1112784743309021,-0.24746111035346985,-0.02007501437893211,0.13441449403762817,-0.21561408042907715,-0.03338743053009807,0.13440477848052979,-0.17122238874435425,-0.038907740783002964,0.06403559446334839,-0.16111889481544495,-0.015181639749613396,0.08746641874313354,-0.24758946895599365,-0.032920580875185124,0.11160391569137573,-0.21222305297851562,-0.04120140574505626,0.11184722185134888,-0.1669054925441742,-0.04232095233729183,0.03726470470428467,-0.15920650959014893,-0.029923655610588185,0.06532707810401917,-0.21868303418159485,-0.04420325956871807,0.08876746892929077,-0.19673708081245422,-0.04959178767731487,0.09420639276504517,-0.1594911515712738,-0.050237753015068165
0.0,0.0,0.0,0.06766891479492188,-0.0037642717361450195,-0.0028678728046003243,0.11701411008834839,-0.0371018648147583,-0.00798839933817419,0.15815550088882446,-0.06306204199790955,-0.018746104534912433,0.1750248670578003,-0.1100989580154419,-0.029330969300318088,0.10877960920333862,-0.13619863986968994,0.010766691084754143,0.13525503873825073,-0.21670633554458618,-0.00676514671762618,0.15238147974014282,-0.19461920857429504,-0.020905564051318493,0.15246951580047607,-0.1611761450767517,-0.02764840654675993,0.0889657735824585,-0.14687877893447876,-0.0007314416940431556,0.1153186559677124,-0.23845559358596802,-0.020234657895016994,0.13583821058273315,-0.20129311084747314,-0.036136879097867336,0.13186657428741455,-0.15669596195220947,-0.04380237169210943,0.06712892651557922,-0.1517614722251892,-0.015180501599061813,0.09179747104644775,-0.23869788646697998,-0.032998314570832576,0.11337113380432129,-0.20090273022651672,-0.04241091616098913,0.1102333664894104,-0.15766125917434692,-0.044676186960387554,0.0416923463344574,-0.15147194266319275,-0.030811783369827594,0.0697338879108429,-0.21010664105415344,-0.04462954632585081,0.09133535623550415,-0.18674957752227783,-0.05040125034396681,0.09508872032165527,-0.15173444151878357,-0.051835945319581356
0.0,0.0,0.0,0.06525033712387085,-0.0013802051544189453,-0.005179421320150368,0.11382058262825012,-0.03335285186767578,-0.011607298437098734,0.15355321764945984,-0.06026577949523926,-0.02285112421546387,0.16940268874168396,-0.1082884669303894,-0.03370439242158341,0.10512754321098328,-0.13466662168502808,0.004970404975523479,0.1315065324306488,-0.21417513489723206,-0.011638361770252459,0.15003135800361633,-0.19136416912078857,-0.02335226703021931,0.15217193961143494,-0.1584376096725464,-0.028563445243577235,0.08554616570472717,-0.14587995409965515,-0.005170245930145256,0.11177614331245422,-0.2368755042552948,-0.02294332701299595,0.13222822546958923,-0.19976893067359924,-0.03519459422264504,0.12903717160224915,-0.1559288203716278,-0.04027251135144638,0.0644952654838562,-0.15097537636756897,-0.01818254012201237,0.0882847011089325,-0.23685407638549805,-0.034751388985256426,0.11037781834602356,-0.20024561882019043,-0.040934372502903216,0.10806122422218323,-0.158657968044281,-0.04108491893444466,0.03976839780807495,-0.14985182881355286,-0.032625675011018984,0.06618303060531616,-0.208487868309021,-0.04648044313822197,0.08764663338661194,-0.18542250990867615,-0.05093383024964737,0.09128418564796448,-0.1508374810218811,-0.051120925504307024
0.0,0.0,0.0,0.06506305932998657,-0.0004878044128417969,-0.005562749618093221,0.11525088548660278,-0.034735143184661865,-0.010569765624950378,0.15594547986984253,-0.062339067459106445,-0.01991944054270789,0.1714422106742859,-0.11096099019050598,-0.028868608569155185,0.10521799325942993,-0.13492947816848755,0.004208043756534607,0.13083595037460327,-0.21716219186782837,-0.012477950585434883,0.147874653339386,-0.19208267331123352,-0.025231492166767566,0.14911699295043945,-0.15781837701797485,-0.0315630812397103,0.0857388973236084,-0.1452486217021942,-0.005192862750391214,0.11086326837539673,-0.2375856637954712,-0.023326320966134517,0.13239973783493042,-0.20066523551940918,-0.037934657578716724,0.12969624996185303,-0.1560957431793213,-0.045574754868994205,0.06426119804382324,-0.15040257573127747,-0.017301615720043628,0.08779031038284302,-0.23718172311782837,-0.034141563271532505,0.1107398271560669,-0.20172688364982605,-0.04316137770319983,0.10909008979797363,-0.15963131189346313,-0.04597917610908553,0.039046406745910645,-0.15071707963943481,-0.03075647207106158,0.06541579961776733,-0.20851802825927734,-0.04518164733553931,0.08683532476425171,-0.18705371022224426,-0.051686242615232914,0.09099048376083374,-0.15336599946022034,-0.053960014527092426
0.0,0.0,0.0,0.06630417704582214,-0.0030004382133483887,-0.005016840997029703,0.1157795786857605,-0.03621494770050049,-0.011231505780358475,0.15651637315750122,-0.06394621729850769,-0.02243343321873681,0.17003077268600464,-0.11396157741546631,-0.03402090398861901,0.10712438821792603,-0.13070806860923767,0.005799106785218555,0.133661687374115,-0.21033382415771484,-0.012396863198716801,0.15292233228683472,-0.19019663333892822,-0.027865178420086067,0.15696114301681519,-0.15878412127494812,-0.03613299457623498,0.08713579177856445,-0.14230936765670776,-0.004589493854780358,0.11399072408676147,-0.23242509365081787,-0.02390285348786847,0.13336515426635742,-0.19644001126289368,-0.04002971900894181,0.1293988823890686,-0.15291136503219604,-0.04840640677406327,0.06510022282600403,-0.14764666557312012,-0.017768416090746086,0.08958297967910767,-0.2342960238456726,-0.034944533838768166,0.11116892099380493,-0.19918864965438843,-0.04482032312347428,0.10805374383926392,-0.15737676620483398,-0.04811027227236764,0.03890112042427063,-0.14838066697120667,-0.03230926348163621,0.06531986594200134,-0.2070031762123108,-0.04618863342597024,0.08674818277359009,-0.1844402551651001,-0.052922877951402825,0.09004110097885132,-0.149267315864563,-0.05554970680071847
0.0,0.0,0.0,0.06468623876571655,-0.0037111639976501465,-0.005340640341955805,0.11224210262298584,-0.036583393812179565,-0.012100417541432762,0.1515471339225769,-0.06455272436141968,-0.023869398424494648,0.16724330186843872,-0.11312958598136902,-0.03548041861699858,0.1043129563331604,-0.1360670030117035,0.007702132778149462,0.12796038389205933,-0.21610820293426514,-0.008454845661390209,0.1459716558456421,-0.19541043043136597,-0.02103982810126581,0.14735442399978638,-0.16330453753471375,-0.02690484877871313,0.08417737483978271,-0.14673763513565063,-0.0022492652312848804,0.10818213224411011,-0.23652416467666626,-0.01987626347886362,0.12874484062194824,-0.20041263103485107,-0.034267303908336544,0.12539082765579224,-0.1569846272468567,-0.041150034779775524,0.06238090991973877,-0.15179553627967834,-0.015065389128494644,0.08576065301895142,-0.23678910732269287,-0.031147485042083645,0.10774463415145874,-0.20071572065353394,-0.039609258437621975,0.10493749380111694,-0.15928491950035095,-0.04165736343907156,0.03658458590507507,-0.15133336186408997,-0.029268009031284237,0.06366953253746033,-0.2087862491607666,-0.04232584815667906,0.085410475730896,-0.1862928569316864,-0.047775571609008693,0.0885012149810791,-0.15217557549476624,-0.04907607045220175
0.0,0.0,0.0,0.06302765011787415,-0.003470301628112793,-0.005676361353124548,0.11101007461547852,-0.03829503059387207,-0.011773264122183491,0.15130633115768433,-0.06717658042907715,-0.022786952641780545,0.1659848690032959,-0.11670646071434021,-0.03364063994305866,0.10268503427505493,-0.13631534576416016,0.007448499470029901,0.12588846683502197,-0.2156570851802826,-0.008824207906599213,0.1437779664993286,-0.19568490982055664,-0.021548427727992703,0.145518958568573,-0.1640661060810089,-0.027608243835146595,0.0829700231552124,-0.14688974618911743,-0.0023459595097108377,0.10596424341201782,-0.2377336621284485,-0.020538415846402813,0.1275600790977478,-0.20252734422683716,-0.03483813823478954,0.12474030256271362,-0.15829679369926453,-0.041367551398451496,0.061450570821762085,-0.15128955245018005,-0.01505273123549955,0.0840531587600708,-0.23589223623275757,-0.03238808186071651,0.10613518953323364,-0.19940826296806335,-0.04064198033231037,0.10296231508255005,-0.1572737693786621,-0.041985398245032,0.03598323464393616,-0.15021011233329773,-0.02911867955046432,0.06282854080200195,-0.20805561542510986,-0.043531371367151905,0.08394932746887207,-0.18613910675048828,-0.04903401629346149,0.08626943826675415,-0.15203163027763367,-0.04992099301236408
0.0,0.0,0.0,0.06454390287399292,-0.0045365095138549805,-0.005109305061580471,0.11210435628890991,-0.03794205188751221,-0.011582617215992741,0.15102624893188477,-0.06686985492706299,-0.022688851259829335,0.1655762791633606,-0.11514163017272949,-0.033496674649597935,0.103732168674469,-0.1350870430469513,0.006136978011397787,0.12607425451278687,-0.21408596634864807,-0.009745610445918373,0.14230424165725708,-0.18925976753234863,-0.02204116483795815,0.14288806915283203,-0.1554119884967804,-0.027964495621802143,0.08373099565505981,-0.14551711082458496,-0.0035076272079663795,0.10667353868484497,-0.2349345088005066,-0.01991348391044312,0.12728184461593628,-0.19850584864616394,-0.033075918011547856,0.12515664100646973,-0.15634897351264954,-0.03977601652610474,0.062110304832458496,-0.15014001727104187,-0.015847046427609257,0.08484596014022827,-0.23427718877792358,-0.03110287760961228,0.10713094472885132,-0.19838592410087585,-0.03863303413260155,0.10566943883895874,-0.15752637386322021,-0.040561132632376484,0.036844104528427124,-0.14919695258140564,-0.02952501600253754,0.06262588500976562,-0.20598730444908142,-0.042258855454804234,0.08413338661193848,-0.18382644653320312,-0.047233388327242665,0.08837825059890747,-0.15085574984550476,-0.04846183633077317
0.0,0.0,0.0,0.06268039345741272,-0.0029985904693603516,-0.004369324664722285,0.1094503402709961,-0.03829115629196167,-0.008843885860542855,0.14718002080917358,-0.06934961676597595,-0.017815235196749768,0.15994375944137573,-0.11689889430999756,-0.026305719404618344,0.09955233335494995,-0.1337859034538269,0.00821935372879068,0.12083643674850464,-0.21082592010498047,-0.006296955640564761,0.13650792837142944,-0.18828880786895752,-0.017254860266248784,0.1366511583328247,-0.15617072582244873,-0.022133716507951817,0.0799073576927185,-0.14485037326812744,-0.0009007629218018565,0.10118210315704346,-0.2334466576576233,-0.016771136908928952,0.12153786420822144,-0.19837608933448792,-0.02900369943598946,0.11876463890075684,-0.15667977929115295,-0.0344620189956828,0.05887070298194885,-0.149490088224411,-0.012688214085201821,0.07965368032455444,-0.23241573572158813,-0.028441104232470593,0.10127383470535278,-0.19667232036590576,-0.03542011150638302,0.09950089454650879,-0.15676280856132507,-0.03624989011804303,0.03464186191558838,-0.1478961706161499,-0.02559808747390946,0.0598931610584259,-0.20272979140281677,-0.03863498115460118,0.08015429973602295,-0.18082144856452942,-0.04296265834490498,0.08389174938201904,-0.14890903234481812,-0.04322704592267712
0.0,0.0,0.0,0.06148865818977356,-0.0031096935272216797,-0.005825473500408407,0.10833883285522461,-0.03719338774681091,-0.011144536586471077,0.14632833003997803,-0.06637483835220337,-0.02080489605850744,0.15989160537719727,-0.11308842897415161,-0.03016737386769819,0.10332190990447998,-0.13067221641540527,0.008401068819694046,0.12464767694473267,-0.20395180583000183,-0.007057889403768058,0.14105010032653809,-0.18462228775024414,-0.01997704342193174,0.1433119773864746,-0.15706297755241394,-0.02655164063162374,0.08400273323059082,-0.14229074120521545,-0.00035513196326064644,0.10553669929504395,-0.22969383001327515,-0.017888338344164367,0.12491309642791748,-0.19495463371276855,-0.031704136209555145,0.12089979648590088,-0.1540217399597168,-0.038097807245321746,0.06266731023788452,-0.1477189064025879,-0.011999762656159874,0.08367341756820679,-0.23059755563735962,-0.028923039363689895,0.10409635305404663,-0.19374656677246094,-0.0365860844422059,0.10058873891830444,-0.15315654873847961,-0.03762293704039621,0.03768676519393921,-0.1474878489971161,-0.024928630368776794,0.06129753589630127,-0.20346426963806152,-0.03880604453570413,0.08075463771820068,-0.18196409940719604,-0.04391524665243196,0.08357322216033936,-0.15032875537872314,-0.04468267508036661
0.0,0.0,0.0,0.0630461573600769,-0.006176590919494629,-0.0041305410330636505,0.1091790497303009,-0.04037848114967346,-0.009638489375774384,0.14787092804908752,-0.06912139058113098,-0.02026617076522541,0.16160795092582703,-0.11727437376976013,-0.030752224068109513,0.09989652037620544,-0.13705283403396606,0.010119638253982544,0.12097147107124329,-0.21594291925430298,-0.00605592798716259,0.13747981190681458,-0.1950989067554474,-0.01949582543498707,0.13865318894386292,-0.16241952776908875,-0.02597315158969593,0.08026012778282166,-0.14690923690795898,0.0002355082334730696,0.10241177678108215,-0.23515036702156067,-0.015993137995664597,0.12322506308555603,-0.2018170952796936,-0.029793136904899598,0.12182918190956116,-0.1599177122116089,-0.03668697659200859,0.05896472930908203,-0.15103131532669067,-0.012628471630577565,0.08021166920661926,-0.23318779468536377,-0.027853877435390473,0.10169282555580139,-0.19896823167800903,-0.03610682595795822,0.10007652640342712,-0.15797600150108337,-0.038286355475847245,0.03433433175086975,-0.14966905117034912,-0.026844470913474083,0.05912461876869202,-0.20547211170196533,-0.03935964141315651,0.07963940501213074,-0.18497440218925476,-0.044701636920635224,0.08343186974525452,-0.1522011160850525,-0.0460820134384079
0.0,0.0,0.0,0.0643608570098877,-0.006481051445007324,-0.0030468868932587156,0.11079409718513489,-0.040917426347732544,-0.007315992974014307,0.14971044659614563,-0.06894204020500183,-0.017116271555693174,0.16479185223579407,-0.11611634492874146,-0.0269546160849643,0.1025334894657135,-0.13804218173027039,0.014547022394566511,0.12417802214622498,-0.2154799997806549,-0.0013216947114926825,0.14378228783607483,-0.20031580328941345,-0.01562990680363896,0.14982369542121887,-0.17167294025421143,-0.02296514682498696,0.08239534497261047,-0.14847368001937866,0.004045886322586512,0.10491815209388733,-0.23527249693870544,-0.013220328502626444,0.12607035040855408,-0.20239508152008057,-0.028416639790208365,0.12571576237678528,-0.15981844067573547,-0.035756698474557425,0.06075739860534668,-0.15278974175453186,-0.009636746384472872,0.08233568072319031,-0.23349535465240479,-0.026148945689470793,0.10419055819511414,-0.19843900203704834,-0.0354159722479892,0.10321691632270813,-0.15703827142715454,-0.03762393318143609,0.035649657249450684,-0.15141326189041138,-0.02457329876747849,0.061502695083618164,-0.20644062757492065,-0.037537446841866995,0.08214917778968811,-0.1849929690361023,-0.04300936184850457,0.08611604571342468,-0.151271790266037,-0.04419127725091698
0.0,0.0,0.0,0.0643700659275055,-0.0052735209465026855,-0.0034789219101014623,0.11109083890914917,-0.041512131690979004,-0.00783254877413242,0.14852094650268555,-0.07149156928062439,-0.01722033993090122,0.16136646270751953,-0.11753112077713013,-0.0261157780953738,0.10171419382095337,-0.13652542233467102,0.00910087096755774,0.12456381320953369,-0.21577829122543335,-0.0073332862996551285,0.14084917306900024,-0.19385668635368347,-0.019713436446437527,0.14109361171722412,-0.16148772835731506,-0.025005285821208645,0.08252698183059692,-0.14707329869270325,-0.0008530059897395859,0.10555458068847656,-0.23657357692718506,-0.017498462654003788,0.1267356276512146,-0.20199477672576904,-0.02940852679992645,0.12353730201721191,-0.16035497188568115,-0.03425696045840709,0.06131112575531006,-0.15126430988311768,-0.013717005222389389,0.08316683769226074,-0.23473238945007324,-0.030016894645342518,0.104572594165802,-0.19940543174743652,-0.03584497720683544,0.10166257619857788,-0.1589597463607788,-0.035343068844923664,0.03658747673034668,-0.1501731276512146,-0.027810529998788525,0.061509013175964355,-0.20756888389587402,-0.04149815738881557,0.0820082426071167,-0.18641895055770874,-0.04547891692007511,0.08516848087310791,-0.1540272831916809,-0.044904857135662724
0.0,0.0,0.0,0.06478869915008545,-0.004927337169647217,-0.0033243131007623106,0.11210262775421143,-0.04048359394073486,-0.00816372922841424,0.15057522058486938,-0.07025536894798279,-0.018042723194099608,0.16244739294052124,-0.11808669567108154,-0.02770002606544608,0.10359978675842285,-0.13715696334838867,0.009210695966743287,0.12557727098464966,-0.21666714549064636,-0.006643353507257643,0.1412767767906189,-0.1934424638748169,-0.01953309449586982,0.14163124561309814,-0.16080543398857117,-0.02594006295535678,0.08396351337432861,-0.14722317457199097,-0.0011829153051223784,0.10558569431304932,-0.23702245950698853,-0.017773807525969687,0.1251903772354126,-0.2006446123123169,-0.03112443770501727,0.12245255708694458,-0.15886551141738892,-0.037803829193450156,0.0624241828918457,-0.15132880210876465,-0.014325178705490771,0.08372765779495239,-0.23538082838058472,-0.02995096753571147,0.10457354784011841,-0.19905945658683777,-0.03737929138574714,0.10207599401473999,-0.1585645079612732,-0.03898208263549918,0.037137776613235474,-0.1496259868144989,-0.028692063421345892,0.061762094497680664,-0.207061767578125,-0.04170936393771285,0.08234083652496338,-0.18460655212402344,-0.04659692245755309,0.08600360155105591,-0.15142831206321716,-0.04763117852840537
0.0,0.0,0.0,0.06345784664154053,-0.007002830505371094,-0.002999084120176576,0.10931703448295593,-0.04186481237411499,-0.00819233670227959,0.14798858761787415,-0.070075124502182,-0.018710797236792587,0.16277506947517395,-0.11678606271743774,-0.028907104910842918,0.09910216927528381,-0.13916340470314026,0.010369536882706143,0.12084034085273743,-0.21867996454238892,-0.005500717604093097,0.13906672596931458,-0.19836297631263733,-0.01797822262489035,0.14130297303199768,-0.16677823662757874,-0.023720137359134696,0.07965382933616638,-0.14917075634002686,-0.0004145200280731842,0.10337546467781067,-0.23742616176605225,-0.017654168935052894,0.12486192584037781,-0.20214655995368958,-0.031278809116713546,0.12269005179405212,-0.15950921177864075,-0.03743926207863524,0.05900213122367859,-0.15367436408996582,-0.01402671686702206,0.08141359686851501,-0.23558562994003296,-0.030076495887271903,0.10360589623451233,-0.19902253150939941,-0.03744383300983145,0.10203233361244202,-0.15789121389389038,-0.03848264883600905,0.03498801589012146,-0.15241852402687073,-0.028882452802292846,0.06057056784629822,-0.20765843987464905,-0.041999851868979476,0.0818997323513031,-0.18537864089012146,-0.04672987903796866,0.08595934510231018,-0.15212517976760864,-0.04725371445857718
0.0,0.0,0.0,0.05823490023612976,-0.02859020233154297,0.019077254720144765,0.08900049328804016,-0.06979456543922424,0.018834658227973478,0.11836078763008118,-0.09477666020393372,0.008563850335889356,0.13899841904640198,-0.1278398036956787,-9.337824408817141e-05,0.031375378370285034,-0.16446438431739807,0.02724200326960613,0.06262561678886414,-0.23679110407829285,0.015589188113921182,0.09816285967826843,-0.21518421173095703,0.007092248909287946,0.10808375477790833,-0.17887741327285767,0.005423588007801072,0.018220454454421997,-0.16864261031150818,0.005457745660208957,0.05536535382270813,-0.251054048538208,-0.005955822039283021,0.09814360737800598,-0.2193009853363037,-0.013293193392343028,0.10772183537483215,-0.18001461029052734,-0.014573411755151255,0.01651206612586975,-0.16438895463943481,-0.017192335538453563,0.053841978311538696,-0.24522650241851807,-0.024247266091293795,0.09521999955177307,-0.2086072564125061,-0.020617296658343776,0.10247215628623962,-0.16965794563293457,-0.015162438824660285,0.025299936532974243,-0.14722901582717896,-0.03977759528893898,0.06312057375907898,-0.2092050015926361,-0.04389369834203194,0.0932905375957489,-0.18608346581459045,-0.03567954871792267,0.09703066945075989,-0.15234869718551636,-0.0269070060177512
0.0,0.0,0.0,0.04931670427322388,-0.01715189218521118,0.008757680744139407,0.07876914739608765,-0.05803126096725464,0.007396802395788882,0.10676854848861694,-0.08332115411758423,-0.0011616512469743157,0.12440478801727295,-0.11754870414733887,-0.008295518256517198,0.03134101629257202,-0.14257919788360596,0.021774550989476893,0.059346914291381836,-0.21010032296180725,0.008424469359425757,0.09541076421737671,-0.19800466299057007,-0.002529923248829391,0.11095130443572998,-0.16754740476608276,-0.00619234927350476,0.015717029571533203,-0.15160402655601501,0.007158947732506249,0.048552095890045166,-0.23338964581489563,-0.007996293626518991,0.0908428430557251,-0.21151363849639893,-0.018665729000957754,0.10745984315872192,-0.17487815022468567,-0.02158336332419708,0.006883502006530762,-0.15692481398582458,-0.009403557427020814,0.04111295938491821,-0.24218204617500305,-0.022138014346154478,0.08343583345413208,-0.21767780184745789,-0.02492522998133495,0.09886395931243896,-0.18023598194122314,-0.02258349573591545,0.006747841835021973,-0.15252381563186646,-0.02612733831981018,0.04499220848083496,-0.2135133147239685,-0.034903256132992055,0.07787245512008667,-0.1990809440612793,-0.03277084781208828,0.08989578485488892,-0.16993197798728943,-0.028005776837261465
0.0,0.0,0.0,0.0575505793094635,-0.022337496280670166,0.01491377708217101,0.08827832341194153,-0.05842947959899902,0.013415563112999962,0.11666050553321838,-0.08289679884910583,0.0028582631674964887,0.13619723916053772,-0.11848002672195435,-0.006236278724912836,0.033063143491744995,-0.14907482266426086,0.025169260061289833,0.06333020329475403,-0.22397714853286743,0.012249631999935673,0.09783723950386047,-0.20709386467933655,0.004128711956497,0.10804101824760437,-0.17111513018608093,0.0035772553709705335,0.01885417103767395,-0.15562483668327332,0.006313621724899576,0.052719682455062866,-0.2417774796485901,-0.007730802794043257,0.09410199522972107,-0.21367433667182922,-0.014797196530793144,0.10614916682243347,-0.17394202947616577,-0.01436758487770362,0.013845294713973999,-0.15651121735572815,-0.014098353491220905,0.04973819851875305,-0.24032887816429138,-0.024326228343937828,0.0898219645023346,-0.20872923731803894,-0.021333212771509125,0.09984317421913147,-0.17020106315612793,-0.014641455181930496,0.018429070711135864,-0.14621096849441528,-0.03460632897267146,0.055560916662216187,-0.20844456553459167,-0.040992802747581436,0.0865640938282013,-0.19080322980880737,-0.03474267459759517,0.09460130333900452,-0.16198188066482544,-0.0264150507683496
0.0,0.0,0.0,0.05842939019203186,-0.020950615406036377,0.015255486438746857,0.0892811119556427,-0.05642536282539368,0.013984266514654564,0.11702093482017517,-0.08099594712257385,0.003369829463537144,0.1355515420436859,-0.1170119047164917,-0.006333047677998138,0.03340455889701843,-0.14909732341766357,0.02678100004303019,0.0614340603351593,-0.22619551420211792,0.01465206671016972,0.09641411900520325,-0.21303969621658325,0.006411801404084372,0.11000028252601624,-0.17850303649902344,0.005200925594891714,0.019770056009292603,-0.15478339791297913,0.007583146760936188,0.053415268659591675,-0.2406741976737976,-0.0060354957033439405,0.09352973103523254,-0.21449190378189087,-0.01343654111516912,0.10631385445594788,-0.17532557249069214,-0.01348040640843351,0.014953464269638062,-0.1541340947151184,-0.013254665923540188,0.05189505219459534,-0.23605036735534668,-0.02350888975453813,0.09107109904289246,-0.20605158805847168,-0.021433107708816124,0.10172858834266663,-0.16767889261245728,-0.01551085446519096,0.019959956407546997,-0.14200612902641296,-0.034192433734659744,0.05777743458747864,-0.20247098803520203,-0.04041137375426729,0.08824077248573303,-0.18555662035942078,-0.034820636888269973,0.09632328152656555,-0.15681275725364685,-0.027275769193892074
0.0,0.0,0.0,0.05604085326194763,-0.018241465091705322,0.010674198541664737,0.08715441823005676,-0.0547584593296051,0.007389195181303876,0.11549553275108337,-0.08025386929512024,-0.004415547091639382,0.13515684008598328,-0.11801773309707642,-0.014947651501870496,0.033486515283584595,-0.14738011360168457,0.021570158574604648,0.06108477711677551,-0.22205305099487305,0.007984995294236796,0.09805050492286682,-0.2089228332042694,-0.0005141974781963654,0.11297443509101868,-0.1760125458240509,-0.0016528397920865245,0.01991298794746399,-0.1530800759792328,0.004042992286258595,0.0524042546749115,-0.23959851264953613,-0.011023773428178174,0.09437087178230286,-0.21350741386413574,-0.01799429076550041,0.10818180441856384,-0.17497801780700684,-0.01726821305987869,0.014938682317733765,-0.15307560563087463,-0.015497916925824029,0.04996642470359802,-0.23780196905136108,-0.027581208001947743,0.09027960896492004,-0.2081512212753296,-0.025736144360280377,0.10163018107414246,-0.17037808895111084,-0.019340979483104093,0.019018977880477905,-0.1426076889038086,-0.035466416355347974,0.055918604135513306,-0.20404452085494995,-0.043314176228022916,0.0873928964138031,-0.18756958842277527,-0.03834277259943519,0.09596696496009827,-0.15893179178237915,-0.0307550230884317
0.0,0.0,0.0,0.060894399881362915,-0.023019134998321533,0.015886568254643407,0.09166553616523743,-0.06063956022262573,0.016274357936197248,0.11912932991981506,-0.0856088399887085,0.007062047510260072,0.1378476321697235,-0.1209002435207367,-0.0014351770283269616,0.039880841970443726,-0.1491090953350067,0.02904695344608399,0.06705579161643982,-0.22255706787109375,0.017997500276976552,0.10271641612052917,-0.21287792921066284,0.01035401669781777,0.12029305100440979,-0.18499863147735596,0.009101950353795019,0.025312036275863647,-0.15584462881088257,0.009099630429261651,0.055935412645339966,-0.2426106333732605,-0.00529146215427545,0.09808579087257385,-0.21924668550491333,-0.012647003145104918,0.11398717761039734,-0.18011513352394104,-0.012057749764210257,0.018123477697372437,-0.1564646065235138,-0.012647189409619841,0.052718549966812134,-0.24101388454437256,-0.024883601092881236,0.09202554821968079,-0.20993086695671082,-0.02343538703877357,0.10287800431251526,-0.1695098876953125,-0.01681776645142463,0.019069164991378784,-0.1468580663204193,-0.03436244579512504,0.05690494179725647,-0.20778155326843262,-0.04254721405465034,0.0866493284702301,-0.19036343693733215,-0.037644989066905055,0.0947999656200409,-0.1605640947818756,-0.029659223952478442
0.0,0.0,0.0,0.05578577518463135,-0.0213778018951416,0.010994271141328227,0.08641272783279419,-0.05567994713783264,0.006493759107627284,0.11442703008651733,-0.0790168046951294,-0.006171176443956483,0.13276726007461548,-0.11797085404396057,-0.016876311275325406,0.03759211301803589,-0.150107741355896,0.01677441666726054,0.061598241329193115,-0.2275708019733429,0.0029020681966471784,0.09643703699111938,-0.20923811197280884,-0.004002836301140178,0.10767394304275513,-0.17430830001831055,-0.0038333928688984997,0.022707581520080566,-0.15434259176254272,-0.0012039190634709485,0.05120718479156494,-0.2441725730895996,-0.017508630874715436,0.09305691719055176,-0.2162526547908783,-0.023252233165464986,0.10520815849304199,-0.1766379475593567,-0.02152563375528871,0.015437006950378418,-0.15421879291534424,-0.020755515667758573,0.04979056119918823,-0.238422691822052,-0.033248313936553586,0.08947867155075073,-0.20591744780540466,-0.028962928104363073,0.09787213802337646,-0.16753238439559937,-0.020788832801542867,0.01611548662185669,-0.1436123251914978,-0.04066191357668458,0.05302172899246216,-0.20308062434196472,-0.04879100364740907,0.0833696722984314,-0.18523117899894714,-0.042428829941115964,0.08888047933578491,-0.15583235025405884,-0.033582483652196515
0.0,0.0,0.0,0.05812638998031616,-0.021233558654785156,0.01681649034264865,0.08938390016555786,-0.05777159333229065,0.017078149145277166,0.11747848987579346,-0.0828615128993988,0.007984992129536295,0.1331915259361267,-0.11878275871276855,-8.889576736237359e-05,0.03988230228424072,-0.1474589705467224,0.02466185671630683,0.06435799598693848,-0.22357094287872314,0.013425661263795519,0.09942501783370972,-0.20901891589164734,0.006625302614452266,0.11341726779937744,-0.17661318182945251,0.006101311197312498,0.024842381477355957,-0.15417960286140442,0.004304334534140253,0.05551290512084961,-0.243449866771698,-0.01044340057876525,0.09643542766571045,-0.21346354484558105,-0.01658781337198434,0.10673642158508301,-0.17115724086761475,-0.015110672438709116,0.017756938934326172,-0.1551777720451355,-0.017337194631068087,0.05304771661758423,-0.23953455686569214,-0.02937269116398511,0.09090036153793335,-0.20413100719451904,-0.026437859038082934,0.09761470556259155,-0.16357263922691345,-0.019144834006397105,0.018682420253753662,-0.1452638804912567,-0.03880538510736642,0.055230021476745605,-0.20726007223129272,-0.04753179567512689,0.0839381217956543,-0.18728798627853394,-0.04241275134143052,0.08874350786209106,-0.15616756677627563,-0.034522277290193415
0.0,0.0,0.0,0.05934184789657593,-0.023175477981567383,0.014378604784241134,0.09024327993392944,-0.05731344223022461,0.013051907837024146,0.11813634634017944,-0.08166727423667908,0.002614402982970887,0.13557744026184082,-0.11789512634277344,-0.006927557915815896,0.040102481842041016,-0.1496405005455017,0.02558101092242282,0.06494140625,-0.22457927465438843,0.014852666601171904,0.10045439004898071,-0.21363377571105957,0.007435480903467351,0.11720138788223267,-0.18483614921569824,0.006095509815594369,0.02442222833633423,-0.1560538113117218,0.006120723511656934,0.054126203060150146,-0.2446521520614624,-0.008504203215608186,0.09520184993743896,-0.21850234270095825,-0.015552032433816976,0.108664870262146,-0.1781056821346283,-0.015044417858490533,0.01675957441329956,-0.15667566657066345,-0.014987003684410638,0.053158700466156006,-0.23975542187690735,-0.027363781512150354,0.09129512310028076,-0.2046627700328827,-0.025613809630641526,0.09924465417861938,-0.16338011622428894,-0.019145126149425096,0.017286300659179688,-0.1464623510837555,-0.03610717567838151,0.05676156282424927,-0.2064538598060608,-0.04477864566482026,0.08490002155303955,-0.18502762913703918,-0.03972987148202378,0.08890998363494873,-0.15290111303329468,-0.03196150872147996
0.0,0.0,0.0,0.058304280042648315,-0.023287713527679443,0.015924538408143007,0.09056994318962097,-0.058778196573257446,0.015587947253806078,0.11908569931983948,-0.08262971043586731,0.006422803193999016,0.13448426127433777,-0.11862853169441223,-0.0015261338169523242,0.03925040364265442,-0.14946165680885315,0.023947236050588572,0.06525787711143494,-0.22361233830451965,0.012800439183337176,0.10136070847511292,-0.20935246348381042,0.005925118845624411,0.11617639660835266,-0.17787083983421326,0.005384045575482332,0.023443132638931274,-0.15639352798461914,0.004605296455991947,0.05571898818016052,-0.24309834837913513,-0.009132317344921148,0.09772750735282898,-0.2163478136062622,-0.014401465731936014,0.11035189032554626,-0.17649278044700623,-0.012758585701959646,0.015910834074020386,-0.15717840194702148,-0.016105909909384764,0.053481727838516235,-0.238935649394989,-0.027276312078612364,0.09230092167854309,-0.20576012134552002,-0.023680488656538046,0.10045883059501648,-0.16611021757125854,-0.016314101483004606,0.017274528741836548,-0.14659568667411804,-0.036710406731145895,0.05592265725135803,-0.20464766025543213,-0.04474537734247974,0.08410677313804626,-0.1839117705821991,-0.038990507911222494,0.08862504363059998,-0.15268933773040771,-0.0308109345690184
0.0,0.0,0.0,-0.04926508665084839,-0.01653379201889038,-0.0070429451536710985,-0.08557534217834473,-0.0525948703289032,-0.011081514205443455,-0.10889595746994019,-0.08188080787658691,-0.01907457436959703,-0.1258421540260315,-0.11203649640083313,-0.025206759828733993,-0.06064140796661377,-0.1413673758506775,0.016779759642076897,-0.07305896282196045,-0.19447317719459534,0.0011403588339362614,-0.09516757726669312,-0.19261571764945984,-0.013500750321554733,-0.11025786399841309,-0.1758623719215393,-0.020833872515368057,-0.0455777645111084,-0.15323173999786377,0.011397061612797188,-0.06019425392150879,-0.2151828408241272,-0.0031157227006133326,-0.08689558506011963,-0.20984405279159546,-0.015523280273782802,-0.102530837059021,-0.1863601803779602,-0.02023690778355558,-0.02864062786102295,-0.15785884857177734,0.0018060152412999742,-0.040922343730926514,-0.21960675716400146,-0.009928307752716137,-0.06859630346298218,-0.21721895039081573,-0.01737336281280477,-0.08558899164199829,-0.19598323106765747,-0.018573541450905395,-0.007991194725036621,-0.15465015172958374,-0.009486293676900459,-0.02087855339050293,-0.2051113247871399,-0.016162898648190094,-0.044815659523010254,-0.2140985131263733,-0.018890811387109352,-0.06348264217376709,-0.20458903908729553,-0.018463844690131737
0.0,0.0,0.0,-0.04612380266189575,-0.01285487413406372,-0.006988580953645851,-0.08195292949676514,-0.04846000671386719,-0.012148481011706735,-0.10793113708496094,-0.07518592476844788,-0.021069997139591123,-0.12567633390426636,-0.1048574447631836,-0.02777224887194052,-0.05669015645980835,-0.13813626766204834,0.0120765788850008,-0.07017654180526733,-0.1954621970653534,-0.006208226234036829,-0.09483015537261963,-0.19086766242980957,-0.020995511822718527,-0.10917997360229492,-0.1700630784034729,-0.027813702039736654,-0.04239535331726074,-0.14870035648345947,0.00601876512138233,-0.056484103202819824,-0.21355020999908447,-0.01097415030034199,-0.08524972200393677,-0.2054302990436554,-0.02247992079736605,-0.0996168851852417,-0.17811471223831177,-0.02589747417749777,-0.026465535163879395,-0.15160521864891052,-0.004190385025310661,-0.03848618268966675,-0.21585708856582642,-0.018321984596866514,-0.06861919164657593,-0.21017810702323914,-0.024912691824454214,-0.08518236875534058,-0.18549522757530212,-0.02482318427445307,-0.007449448108673096,-0.1472093164920807,-0.015964736379999067,-0.019628405570983887,-0.20006775856018066,-0.025059561394471075,-0.04425251483917236,-0.20635083317756653,-0.028176150434035208,-0.06260508298873901,-0.19183483719825745,-0.02732378352465048
0.0,0.0,0.0,-0.04662555456161499,-0.011971116065979004,-0.010571412589456486,-0.0838044285774231,-0.04654049873352051,-0.01812608990451281,-0.10925984382629395,-0.07263654470443726,-0.028514181111063408,-0.12411540746688843,-0.10224923491477966,-0.03642462271830027,-0.05905556678771973,-0.13470172882080078,0.006730810426120115,-0.07082962989807129,-0.19324961304664612,-0.012727477435078072,-0.09497672319412231,-0.1862463355064392,-0.028132301602568077,-0.10869115591049194,-0.16600027680397034,-0.035775580290760445,-0.0425724983215332,-0.14457666873931885,0.0018221182180013784,-0.05395311117172241,-0.2136230170726776,-0.018085314739550995,-0.08351379632949829,-0.2012091875076294,-0.03061758990963881,-0.09708136320114136,-0.173240065574646,-0.0343403935768265,-0.025743961334228516,-0.14627835154533386,-0.007286282569225477,-0.03510129451751709,-0.21352219581604004,-0.02261318903049414,-0.06616014242172241,-0.20501455664634705,-0.03043223250290339,-0.0824541449546814,-0.18036937713623047,-0.03133235204597895,-0.00613170862197876,-0.13908514380455017,-0.018207895416821884,-0.01634526252746582,-0.19061943888664246,-0.027453939277734207,-0.04240375757217407,-0.19739246368408203,-0.031989098373855995,-0.06111109256744385,-0.18636158108711243,-0.032739055190290856
0.0,0.0,0.0,-0.0472412109375,-0.013337910175323486,-0.011120831671831866,-0.08515000343322754,-0.04758936166763306,-0.019326403815028925,-0.11130362749099731,-0.07355064153671265,-0.03050646007406499,-0.12494480609893799,-0.10311546921730042,-0.039316607717154284,-0.0586356520652771,-0.13892191648483276,0.005515648439796905,-0.07063895463943481,-0.1978778839111328,-0.014235731292245646,-0.09430015087127686,-0.1891154944896698,-0.029904013577578326,-0.10811388492584229,-0.16644838452339172,-0.03758666485893514,-0.04240208864212036,-0.1477784812450409,0.0007442299777551398,-0.05460619926452637,-0.2178506851196289,-0.019383885044334193,-0.08328777551651001,-0.2039213478565216,-0.0323430579935291,-0.09674060344696045,-0.17377853393554688,-0.036214320067045946,-0.025320589542388916,-0.14805084466934204,-0.008168544698236246,-0.03514063358306885,-0.2180495262145996,-0.024226510975239535,-0.06563150882720947,-0.2076331377029419,-0.03211688816892888,-0.0815092921257019,-0.18047460913658142,-0.03273951828825261,-0.00629270076751709,-0.1387738585472107,-0.018865425217626353,-0.017369091510772705,-0.19322898983955383,-0.029190652150390406,-0.043939173221588135,-0.19858720898628235,-0.03372412741529729,-0.06292080879211426,-0.18488353490829468,-0.03409498378979947
0.0,0.0,0.0,-0.04786121845245361,-0.011128932237625122,-0.012101176236143374,-0.0864747166633606,-0.04406470060348511,-0.020985911641588473,-0.1131974458694458,-0.06956246495246887,-0.03262499072062042,-0.12555062770843506,-0.1005827784538269,-0.041863926727643275,-0.060947954654693604,-0.13662993907928467,0.004479837096909023,-0.07349354028701782,-0.1963447630405426,-0.016004125628938937,-0.09747713804244995,-0.1904282569885254,-0.032218915451636576,-0.11242717504501343,-0.16922777891159058,-0.04021720685469177,-0.04506480693817139,-0.14539498090744019,-2.4951801066208645e-05,-0.06020551919937134,-0.21476730704307556,-0.021069037769308352,-0.08915412425994873,-0.2024638056755066,-0.034828362096419596,-0.10278469324111938,-0.17258939146995544,-0.03919425331460502,-0.028185129165649414,-0.14606410264968872,-0.008777103428116106,-0.039748311042785645,-0.2154439091682434,-0.02559298560427692,-0.0701225996017456,-0.2064301073551178,-0.03429279946195152,-0.0861203670501709,-0.1795908808708191,-0.035357140977254176,-0.008617401123046875,-0.13747304677963257,-0.019336964045038485,-0.020632445812225342,-0.1911856234073639,-0.030670520890822672,-0.04702848196029663,-0.19712615013122559,-0.036057596136203074,-0.06608074903488159,-0.18355464935302734,-0.03682587393032577
0.0,0.0,0.0,-0.04778575897216797,-0.012575268745422363,-0.01261870587157432,-0.08628177642822266,-0.04396933317184448,-0.021147784086934962,-0.1125062108039856,-0.07069721817970276,-0.032359671088926234,-0.12469273805618286,-0.10244843363761902,-0.04098227271722976,-0.06096071004867554,-0.13683095574378967,0.006142726858087144,-0.0738755464553833,-0.19775745272636414,-0.013448686580233016,-0.0975341796875,-0.19053614139556885,-0.02908216627227489,-0.1108170747756958,-0.16807317733764648,-0.036689289155475535,-0.04531925916671753,-0.14552289247512817,0.0024540575602429726,-0.06002157926559448,-0.21516188979148865,-0.017676154392830767,-0.0886526107788086,-0.20270323753356934,-0.031092386934034266,-0.10096490383148193,-0.17262354493141174,-0.03518624255346481,-0.02881777286529541,-0.14704018831253052,-0.005679961535207667,-0.040787577629089355,-0.2139735221862793,-0.021968959140650668,-0.07077020406723022,-0.20517393946647644,-0.03080389114009563,-0.08599615097045898,-0.17876601219177246,-0.031856492403022685,-0.008969426155090332,-0.1402633786201477,-0.015716562288872638,-0.021377980709075928,-0.19217854738235474,-0.026415989044181742,-0.04680490493774414,-0.1973324418067932,-0.031625990065805354,-0.0644729733467102,-0.18331384658813477,-0.0322388971774501
0.0,0.0,0.0,-0.046659886837005615,-0.008380770683288574,-0.013555699327781667,-0.08555537462234497,-0.03940165042877197,-0.022860337348475923,-0.11114662885665894,-0.06553155183792114,-0.03448908806015538,-0.12384569644927979,-0.09748473763465881,-0.04347654089499997,-0.06389909982681274,-0.13096478581428528,0.0016382851667628984,-0.07701510190963745,-0.192891925573349,-0.019445905761614313,-0.10000497102737427,-0.1838228404521942,-0.035117037894025316,-0.11195862293243408,-0.1601426601409912,-0.04254697293211507,-0.04745703935623169,-0.14053910970687866,-0.001619870375662913,-0.06247681379318237,-0.21056318283081055,-0.02351569414307164,-0.0898934006690979,-0.19488221406936646,-0.036783278288140764,-0.10052597522735596,-0.16432276368141174,-0.04045801639725255,-0.02993065118789673,-0.14281094074249268,-0.009087322579517831,-0.04185563325881958,-0.21150004863739014,-0.026376292409196367,-0.07064086198806763,-0.19989487528800964,-0.03467961058188962,-0.08453035354614258,-0.17215806245803833,-0.03519574210216092,-0.0088883638381958,-0.13641715049743652,-0.018434586303129663,-0.021043479442596436,-0.18808910250663757,-0.029904861302867403,-0.045960843563079834,-0.193195641040802,-0.035360236020579805,-0.06296539306640625,-0.17975422739982605,-0.036020387263789644
0.0,0.0,0.0,-0.04823887348175049,-0.00712817907333374,-0.011300567301447018,-0.08736014366149902,-0.0377984344959259,-0.01863529323273383,-0.11294567584991455,-0.06389161944389343,-0.0286044382923194,-0.12489098310470581,-0.09462922811508179,-0.03624068176978312,-0.06437933444976807,-0.13040578365325928,0.007104361200248377,-0.07905012369155884,-0.18751168251037598,-0.011381436834568603,-0.10160332918167114,-0.1797463595867157,-0.026749221371943577,-0.11405682563781738,-0.15718674659729004,-0.034383218499357326,-0.04800689220428467,-0.14126309752464294,0.003160895782997386,-0.06365883350372314,-0.20767471194267273,-0.015591614643568619,-0.09079045057296753,-0.19442707300186157,-0.02884211367600642,-0.10219705104827881,-0.16445133090019226,-0.033165909113819225,-0.030556142330169678,-0.14330708980560303,-0.004967010809565409,-0.0434688925743103,-0.20942413806915283,-0.019832389193112476,-0.07206439971923828,-0.20037513971328735,-0.02889072126382075,-0.08595448732376099,-0.17397356033325195,-0.030573883789116962,-0.01029294729232788,-0.13596686720848083,-0.01488573359930001,-0.023461222648620605,-0.18731355667114258,-0.024895572798783405,-0.04840564727783203,-0.19284358620643616,-0.03054979419940196,-0.06496304273605347,-0.1797116994857788,-0.03176131075852595
0.0,0.0,0.0,-0.04670143127441406,-0.009369254112243652,-0.012016827346428727,-0.0858234167098999,-0.04182696342468262,-0.01961853831414828,-0.11189019680023193,-0.06844678521156311,-0.029802679190083836,-0.12483149766921997,-0.09833049774169922,-0.03727436728183875,-0.06345874071121216,-0.13398268818855286,0.005338027967468406,-0.07621204853057861,-0.19494494795799255,-0.014163507254465912,-0.09945344924926758,-0.18603667616844177,-0.02901417493228564,-0.11101967096328735,-0.16177356243133545,-0.03584100596015105,-0.04735159873962402,-0.14345255494117737,0.0017236283853208079,-0.06097447872161865,-0.21320399641990662,-0.017762231746360158,-0.08866286277770996,-0.19986814260482788,-0.029564160028144215,-0.09942770004272461,-0.16929981112480164,-0.032272982516929005,-0.030190706253051758,-0.14518651366233826,-0.00621190910567293,-0.04147821664810181,-0.21238508820533752,-0.02163899607364783,-0.07003217935562134,-0.20311400294303894,-0.028926652962013577,-0.08335751295089722,-0.17637905478477478,-0.0288549038708652,-0.009707629680633545,-0.13850504159927368,-0.016062584811493252,-0.021915435791015625,-0.18996214866638184,-0.026179249504252766,-0.0464632511138916,-0.19494453072547913,-0.03065299905244956,-0.06256109476089478,-0.18080517649650574,-0.030566997000619267
0.0,0.0,0.0,-0.04709261655807495,-0.006860136985778809,-0.01389163274478733,-0.08488458395004272,-0.03922972083091736,-0.02243742820036232,-0.10859906673431396,-0.06541317701339722,-0.03305180657815754,-0.12121480703353882,-0.09635326266288757,-0.04104566488575756,-0.06367301940917969,-0.12914875149726868,0.000836193601855939,-0.07654887437820435,-0.19060087203979492,-0.019860173651693458,-0.09804731607437134,-0.1846674382686615,-0.034982684144495124,-0.10928213596343994,-0.162209153175354,-0.041776596644638175,-0.04651474952697754,-0.1386866569519043,-0.0018752415959966129,-0.059870898723602295,-0.2082858383655548,-0.023151435965417022,-0.08488982915878296,-0.19469770789146423,-0.035299602040765876,-0.09400469064712524,-0.1635054349899292,-0.03783618200731098,-0.02874433994293213,-0.1406402289867401,-0.008782560081897373,-0.03974956274032593,-0.20854902267456055,-0.02531029012214958,-0.06553870439529419,-0.19855660200119019,-0.03237353924822628,-0.07671266794204712,-0.17047998309135437,-0.0318062445909959,-0.008056998252868652,-0.134188711643219,-0.017716809252021903,-0.018409252166748047,-0.183930903673172,-0.02882117506277382,-0.041806578636169434,-0.1917145550251007,-0.03401983443808376,-0.05742168426513672,-0.18021366000175476,-0.034222795704124565
0.0,0.0,0.0,-0.047647833824157715,-0.008135557174682617,-0.012728834245905318,-0.08636516332626343,-0.039245277643203735,-0.02116306470762197,-0.11176073551177979,-0.06535950303077698,-0.032012968976601996,-0.12381118535995483,-0.09586825966835022,-0.0403820459736437,-0.06484240293502808,-0.13064312934875488,0.0039393709035664415,-0.07904356718063354,-0.19336631894111633,-0.016163667385086455,-0.10151112079620361,-0.18560081720352173,-0.03160084383617345,-0.1128385066986084,-0.16311049461364746,-0.03894742922912542,-0.04736816883087158,-0.14015647768974304,0.0004421670915633058,-0.06129413843154907,-0.21162933111190796,-0.02072133468519155,-0.087959885597229,-0.19671684503555298,-0.03425966175328199,-0.09804171323776245,-0.16579610109329224,-0.03801675485502187,-0.02941262722015381,-0.14189639687538147,-0.007251424901738801,-0.04136371612548828,-0.21027109026908875,-0.02354246722589437,-0.06951993703842163,-0.19967594742774963,-0.03226272733937208,-0.08236920833587646,-0.17252177000045776,-0.03312276648412649,-0.008422374725341797,-0.13499218225479126,-0.01681455569396917,-0.021019399166107178,-0.18588262796401978,-0.02723730141352121,-0.04580575227737427,-0.1919327974319458,-0.032841860969170966,-0.06183481216430664,-0.18017590045928955,-0.033776644338473716
0.0,0.0,0.0,-0.046066999435424805,-0.006262421607971191,-0.0141660424502561,-0.08508044481277466,-0.0380171537399292,-0.023403876702673188,-0.11010372638702393,-0.06422340869903564,-0.03471868043709492,-0.12080639600753784,-0.09558287262916565,-0.04334468698073124,-0.06434851884841919,-0.12857332825660706,-0.00023962366105934052,-0.07697403430938721,-0.19211450219154358,-0.021820550094730606,-0.10006934404373169,-0.18478038907051086,-0.037262807841784706,-0.11169922351837158,-0.16203409433364868,-0.044344729985482445,-0.047333717346191406,-0.13778921961784363,-0.00312293577883338,-0.06139516830444336,-0.20966613292694092,-0.025486269276029816,-0.08850699663162231,-0.19438138604164124,-0.038132055904156914,-0.09799450635910034,-0.16378724575042725,-0.04104141076970791,-0.02942216396331787,-0.14018544554710388,-0.010220473873800984,-0.040987253189086914,-0.2092355191707611,-0.0277329806791613,-0.06902247667312622,-0.19743722677230835,-0.035343124772794,-0.08136749267578125,-0.16974878311157227,-0.03514093091655468,-0.007947146892547607,-0.13437023758888245,-0.019267074074036827,-0.01981794834136963,-0.18543845415115356,-0.030500474627501717,-0.043873608112335205,-0.19051718711853027,-0.03565515508819317,-0.059344708919525146,-0.17784103751182556,-0.03603082826305126
0.0,0.0,0.0,-0.046173155307769775,-0.006211757659912109,-0.013972116271617097,-0.08481478691101074,-0.03812354803085327,-0.023637329796912354,-0.11023145914077759,-0.06359747052192688,-0.03525070996082036,-0.12211674451828003,-0.09443721175193787,-0.04438341186440198,-0.06411576271057129,-0.12928202748298645,-0.000611971235485953,-0.07648766040802002,-0.1902255415916443,-0.021879681954743546,-0.09997713565826416,-0.18327045440673828,-0.03780154288804738,-0.11181366443634033,-0.1610121726989746,-0.04553977922594754,-0.04712563753128052,-0.13874906301498413,-0.0038899319345375716,-0.06153351068496704,-0.20911329984664917,-0.025831440101029557,-0.08897703886032104,-0.19435784220695496,-0.039106277386309785,-0.09923231601715088,-0.16435793042182922,-0.04300244302547185,-0.029120326042175293,-0.1406065821647644,-0.011272565099062604,-0.04080033302307129,-0.20928382873535156,-0.028473082567217034,-0.06949466466903687,-0.19897669553756714,-0.037308787564398926,-0.08267629146575928,-0.172315776348114,-0.038580210516812485,-0.007743477821350098,-0.13356897234916687,-0.020476238439442795,-0.020133793354034424,-0.18524742126464844,-0.03177992031967847,-0.04504692554473877,-0.1901852786540985,-0.03754722476995198,-0.06149125099182129,-0.17697420716285706,-0.03880770654475896
0.0,0.0,0.0,-0.045891523361206055,-0.004610717296600342,-0.014447967775936377,-0.08431482315063477,-0.03586509823799133,-0.024078858339066755,-0.10954183340072632,-0.06108522415161133,-0.03549070774840857,-0.12205636501312256,-0.09248700737953186,-0.04433237134742285,-0.06455403566360474,-0.12636712193489075,-0.0005481078618458923,-0.07689148187637329,-0.18643856048583984,-0.0220877186142161,-0.10048872232437134,-0.18112576007843018,-0.03826778500604178,-0.11459285020828247,-0.16057568788528442,-0.045957980000252974,-0.047792792320251465,-0.1360296607017517,-0.0033058151815339443,-0.06245905160903931,-0.20459496974945068,-0.02512196383702303,-0.09016269445419312,-0.191493958234787,-0.038217117332692396,-0.1022154688835144,-0.16316843032836914,-0.04193941249775435,-0.030097007751464844,-0.13850939273834229,-0.010234418579216253,-0.04093754291534424,-0.20581024885177612,-0.02719687602746035,-0.06986302137374878,-0.1955968737602234,-0.03538905575203444,-0.08472204208374023,-0.1699627935886383,-0.03608279048728491,-0.009028434753417969,-0.1322266161441803,-0.019109041684146177,-0.019994616508483887,-0.182519793510437,-0.030236843296165716,-0.04463696479797363,-0.18784064054489136,-0.03576938181447531,-0.061871349811553955,-0.17598795890808105,-0.0366968077354386
0.0,0.0,0.0,-0.0450250506401062,-0.006478488445281982,-0.015230615973763406,-0.08347034454345703,-0.038214921951293945,-0.02573245519428724,-0.1088666319847107,-0.06322485208511353,-0.037976698369078576,-0.12032121419906616,-0.0951228141784668,-0.047502258211665094,-0.0629194974899292,-0.12808752059936523,-0.002057116363488376,-0.07559078931808472,-0.18956464529037476,-0.024399116054468095,-0.09863537549972534,-0.1826300323009491,-0.04080324003129476,-0.11207324266433716,-0.16066837310791016,-0.04854536929755682,-0.045948922634124756,-0.13751831650733948,-0.004565452575974405,-0.061319828033447266,-0.207148015499115,-0.027408094495825708,-0.08837205171585083,-0.19304588437080383,-0.04041499027638906,-0.10009211301803589,-0.16340851783752441,-0.04369284340768331,-0.027985751628875732,-0.13995248079299927,-0.011284235284023225,-0.03985649347305298,-0.20795929431915283,-0.02860657812684053,-0.06786209344863892,-0.19761380553245544,-0.03578666725783819,-0.08247250318527222,-0.17144563794136047,-0.03549354651599401,-0.00682830810546875,-0.1334327757358551,-0.020093771979503572,-0.017470061779022217,-0.182858407497406,-0.031251405716233194,-0.041428446769714355,-0.1904633641242981,-0.0363676933351087,-0.05910712480545044,-0.18102556467056274,-0.03679236152797216
0.0,0.0,0.0,-0.04653060436248779,-0.01114073395729065,-0.013875760776841162,-0.08616673946380615,-0.043165743350982666,-0.0234159256200428,-0.11309105157852173,-0.06971889734268188,-0.03545929927929592,-0.12391340732574463,-0.09918597340583801,-0.04484488878949833,-0.06347441673278809,-0.13646820187568665,0.002005535004741432,-0.0765688419342041,-0.20061221718788147,-0.019612283153378485,-0.10070478916168213,-0.1915023922920227,-0.03580389608248424,-0.11353188753128052,-0.1668497622013092,-0.04351160366638851,-0.047568559646606445,-0.14504501223564148,-0.0014301875474984627,-0.0627250075340271,-0.21759170293807983,-0.023417391521775244,-0.0905722975730896,-0.20193904638290405,-0.036847472829663275,-0.10138309001922607,-0.16991114616394043,-0.04067378927572918,-0.030298709869384766,-0.14692270755767822,-0.009266921026551245,-0.04234892129898071,-0.21718624234199524,-0.027056363118731497,-0.07255584001541138,-0.20453685522079468,-0.03548166964753818,-0.0868644118309021,-0.17479613423347473,-0.03596436296209049,-0.009542405605316162,-0.14034706354141235,-0.01904931542082977,-0.023263156414031982,-0.1939564049243927,-0.030971429018222807,-0.04975581169128418,-0.19603940844535828,-0.03624776814683628,-0.06705605983734131,-0.17871621251106262,-0.0366778678129549
0.0,0.0,0.0,-0.05262589454650879,-0.0015948712825775146,-0.007331093282630263,-0.09331685304641724,-0.03302794694900513,-0.01383629857861024,-0.12442189455032349,-0.058489829301834106,-0.025245509551098166,-0.1476021409034729,-0.08747529983520508,-0.03418892200403434,-0.07197815179824829,-0.13535600900650024,0.01333881591148156,-0.09387171268463135,-0.19298142194747925,-0.007248529673745452,-0.12494015693664551,-0.179666668176651,-0.02325303989761096,-0.14053499698638916,-0.15134155750274658,-0.030590544895460425,-0.0602877140045166,-0.1494978964328766,0.0042683566238679305,-0.08409518003463745,-0.22236807644367218,-0.014902957224478541,-0.12212812900543213,-0.20633816719055176,-0.02552199687175971,-0.13717329502105713,-0.17250946164131165,-0.027644844235112487,-0.04740065336227417,-0.15544918179512024,-0.009771645509829341,-0.06842690706253052,-0.22898772358894348,-0.02615487340204936,-0.10879868268966675,-0.21221402287483215,-0.0325342821639083,-0.1264006495475769,-0.1787722408771515,-0.031752343730261146,-0.03264862298965454,-0.15250146389007568,-0.02571992527060729,-0.0556483268737793,-0.21375522017478943,-0.03585167552643043,-0.09033328294754028,-0.2079460322856903,-0.038020755605032264,-0.11034709215164185,-0.1802883744239807,-0.03635230238847953
0.0,0.0,0.0,-0.05605661869049072,-0.004489302635192871,-0.005893067954303888,-0.09795039892196655,-0.036254048347473145,-0.012440101275416282,-0.1295377016067505,-0.061656415462493896,-0.024405841747494605,-0.15008306503295898,-0.09361302852630615,-0.03385382614490595,-0.07393300533294678,-0.14635959267616272,0.01591527924480829,-0.09518921375274658,-0.20869028568267822,-0.0038258345184942755,-0.12638747692108154,-0.1916954517364502,-0.020116453090878395,-0.14319360256195068,-0.1615113615989685,-0.02820086389240828,-0.06148415803909302,-0.15752354264259338,0.005804939629314276,-0.08601129055023193,-0.23144769668579102,-0.012106782788606552,-0.12441247701644897,-0.21199673414230347,-0.02374444811997023,-0.1399250030517578,-0.17859727144241333,-0.027650785664292243,-0.04835540056228638,-0.16053786873817444,-0.009147616135152248,-0.06871479749679565,-0.23668411374092102,-0.023963282847972778,-0.10939937829971313,-0.21625778079032898,-0.030313995698662666,-0.12788546085357666,-0.18205568194389343,-0.030582099253507522,-0.034263789653778076,-0.15377545356750488,-0.02602604686674681,-0.05733990669250488,-0.2172936499118805,-0.035371047476502326,-0.0930107831954956,-0.2094649076461792,-0.037514065424176124,-0.11405044794082642,-0.1816408932209015,-0.0364980856275281
0.0,0.0,0.0,-0.053414762020111084,-0.004444897174835205,-0.004373037343810893,-0.09348583221435547,-0.03679114580154419,-0.010081286629628039,-0.12420904636383057,-0.06100001931190491,-0.021647103218327857,-0.14602816104888916,-0.08931374549865723,-0.03122426391948352,-0.07361757755279541,-0.14451280236244202,0.0178626104314219,-0.0939168930053711,-0.20623421669006348,-0.001127434749122358,-0.12345844507217407,-0.187497079372406,-0.016632879240404463,-0.13785582780838013,-0.15695524215698242,-0.024160621775280333,-0.060766756534576416,-0.1560268998146057,0.007085249206085109,-0.08300316333770752,-0.23049083352088928,-0.010666683403741217,-0.12067323923110962,-0.20829656720161438,-0.022282844496857024,-0.13562226295471191,-0.1737566888332367,-0.02575996526886115,-0.04665970802307129,-0.15973857045173645,-0.008401812141727305,-0.06460052728652954,-0.2361411303281784,-0.023591730831157065,-0.10476750135421753,-0.21496915817260742,-0.030627144588123656,-0.12268149852752686,-0.1803446114063263,-0.03102931389022956,-0.0309906005859375,-0.15461650490760803,-0.025567887438427306,-0.05219078063964844,-0.21765589714050293,-0.03483101175535808,-0.08663898706436157,-0.21046540141105652,-0.037129694683443404,-0.106265127658844,-0.18376463651657104,-0.0362638254593719
0.0,0.0,0.0,-0.05248194932937622,-0.0015427768230438232,-0.00990097433842152,-0.09388405084609985,-0.03270336985588074,-0.018295944897005256,-0.12512171268463135,-0.05781775712966919,-0.030975449127623733,-0.14660906791687012,-0.08730277419090271,-0.041065163207719024,-0.07562136650085449,-0.1372840702533722,0.008599777477314774,-0.09673655033111572,-0.197068452835083,-0.012750865188905891,-0.12472748756408691,-0.17912498116493225,-0.028679401842424568,-0.13632822036743164,-0.14657637476921082,-0.03580475900835722,-0.0628511905670166,-0.14915058016777039,0.0008634453448337354,-0.084361732006073,-0.22379040718078613,-0.018714140397975143,-0.11968475580215454,-0.2049415409564972,-0.02865503099329203,-0.13178181648254395,-0.16943830251693726,-0.0301550638354513,-0.048344433307647705,-0.15314549207687378,-0.011887561758527454,-0.0657920241355896,-0.22916744649410248,-0.02774594653911322,-0.10386061668395996,-0.21314778923988342,-0.033241327149340805,-0.11942034959793091,-0.1798573136329651,-0.03214032505221098,-0.03153026103973389,-0.14828753471374512,-0.026828591940471824,-0.05161160230636597,-0.20962002873420715,-0.03706194762654036,-0.08575546741485596,-0.20605254173278809,-0.03958225925035208,-0.10534447431564331,-0.18134549260139465,-0.03823842783040732
0.0,0.0,0.0,-0.052404046058654785,-0.004745393991470337,-0.007591267903308108,-0.0919601321220398,-0.03430566191673279,-0.015100083169500067,-0.12179094552993774,-0.058151692152023315,-0.027541260090629294,-0.1415594220161438,-0.08880606293678284,-0.038218314615050986,-0.07458430528640747,-0.13596031069755554,0.011706909309168623,-0.09846901893615723,-0.19174006581306458,-0.009258764651576712,-0.12732332944869995,-0.17053797841072083,-0.026177144465009405,-0.13939565420150757,-0.13819155097007751,-0.03444177922324343,-0.06144917011260986,-0.1502050757408142,0.002793218852048085,-0.08518463373184204,-0.22541695833206177,-0.01698344465808077,-0.1227152943611145,-0.2052834928035736,-0.029769784626523688,-0.1380975842475891,-0.1710670292377472,-0.03407788541630907,-0.04645663499832153,-0.15651801228523254,-0.01076017305717869,-0.06462597846984863,-0.23454375565052032,-0.027958496329347327,-0.10458898544311523,-0.2153894007205963,-0.036492138025323584,-0.12206161022186279,-0.18156331777572632,-0.03768193986729784,-0.029325485229492188,-0.15401175618171692,-0.025966695365468695,-0.0511210560798645,-0.21650108695030212,-0.036476316717426016,-0.08589380979537964,-0.20975998044013977,-0.0396317754359643,-0.10607671737670898,-0.18324187397956848,-0.03937002536372347
0.0,0.0,0.0,-0.05194413661956787,-0.0033601224422454834,-0.00702391239320832,-0.09191882610321045,-0.03438156843185425,-0.01434768829932409,-0.1221659779548645,-0.059408098459243774,-0.026706468318309362,-0.14400964975357056,-0.08917704224586487,-0.03731497005065876,-0.07572966814041138,-0.13343775272369385,0.011277791108284418,-0.10092180967330933,-0.1851971447467804,-0.009992207404877718,-0.12898415327072144,-0.16434046626091003,-0.026873292405809934,-0.14026498794555664,-0.13138869404792786,-0.034823868428077276,-0.06260478496551514,-0.14817574620246887,0.0017802061003635572,-0.08682405948638916,-0.22125571966171265,-0.01825339347561794,-0.12343490123748779,-0.2013295590877533,-0.029924135659541662,-0.13754934072494507,-0.16575345396995544,-0.0330087430818935,-0.047547876834869385,-0.15431872010231018,-0.01239077374776798,-0.06635105609893799,-0.23082630336284637,-0.029501674701180036,-0.10574036836624146,-0.21281030774116516,-0.036857720468844946,-0.12232184410095215,-0.1792193055152893,-0.0370041206522842,-0.030161380767822266,-0.15151113271713257,-0.02823351324042278,-0.05073583126068115,-0.21440216898918152,-0.038459122185315664,-0.08512705564498901,-0.20857855677604675,-0.040923971687163885,-0.10512375831604004,-0.18184790015220642,-0.039933189754094656
0.0,0.0,0.0,-0.053190648555755615,-0.0009337067604064941,-0.007110086830010687,-0.09556442499160767,-0.032353878021240234,-0.013835673780789648,-0.12727826833724976,-0.0557866096496582,-0.02532282434557942,-0.14672178030014038,-0.08644026517868042,-0.034155055509558,-0.07481873035430908,-0.13567936420440674,0.013385308346101965,-0.09506970643997192,-0.19125354290008545,-0.006387407986125027,-0.12507838010787964,-0.17826178669929504,-0.021838385240783964,-0.1398983597755432,-0.15051734447479248,-0.02900247052465943,-0.06203746795654297,-0.1484895944595337,0.004007500967333044,-0.08193248510360718,-0.22160407900810242,-0.014269216546466623,-0.11851328611373901,-0.20578616857528687,-0.023628480361452375,-0.1329842209815979,-0.1723480522632599,-0.02493411637996701,-0.048134684562683105,-0.15251561999320984,-0.010280364753356253,-0.06372219324111938,-0.2279873937368393,-0.02530972249959973,-0.10270893573760986,-0.21388792991638184,-0.029975872115841184,-0.12014657258987427,-0.18222016096115112,-0.028398891539922033,-0.033372342586517334,-0.1465628743171692,-0.026651119442334448,-0.05264168977737427,-0.20925503969192505,-0.036333381758680616,-0.08730965852737427,-0.20594066381454468,-0.037960163877954756,-0.10837650299072266,-0.18078529834747314,-0.03599562458848027
0.0,0.0,0.0,-0.052442967891693115,-0.003393232822418213,-0.010661824925477958,-0.09386849403381348,-0.0344887375831604,-0.019053379392858005,-0.1247713565826416,-0.0596885085105896,-0.03167337956153915,-0.14539551734924316,-0.08976396918296814,-0.042040210536356426,-0.0743783712387085,-0.13894182443618774,0.007679674920950674,-0.09608620405197144,-0.2005307376384735,-0.014314947037632919,-0.12576115131378174,-0.18380111455917358,-0.031034648737545467,-0.1386306881904602,-0.15210339426994324,-0.03869273172938392,-0.06097733974456787,-0.15166473388671875,0.00029915888546838687,-0.08058393001556396,-0.22941656410694122,-0.020186243897910572,-0.11852782964706421,-0.21075785160064697,-0.03196787493550346,-0.1329253911972046,-0.17485719919204712,-0.034945626130934215,-0.04614144563674927,-0.15648770332336426,-0.012006733885641552,-0.06171220541000366,-0.23535695672035217,-0.029173646441336132,-0.10252714157104492,-0.21772772073745728,-0.037108108720417476,-0.1195024847984314,-0.18321585655212402,-0.037600968352194286,-0.029516994953155518,-0.15193787217140198,-0.026344966462488628,-0.04918581247329712,-0.2152935266494751,-0.037368871590729213,-0.08453249931335449,-0.2100001573562622,-0.04102135109030769,-0.10415107011795044,-0.1833791732788086,-0.04070416124784515
0.0,0.0,0.0,-0.054178476333618164,-0.005915820598602295,-0.007949036353409156,-0.09667271375656128,-0.03789141774177551,-0.01540579068768011,-0.12761706113815308,-0.06324750185012817,-0.02774888164657341,-0.14903628826141357,-0.094379723072052,-0.03763669430571781,-0.07966411113739014,-0.14291054010391235,0.013828882208883897,-0.1000470519065857,-0.20601579546928406,-0.007442750775396689,-0.1289224624633789,-0.18944436311721802,-0.024904071160733565,-0.14365339279174805,-0.16020330786705017,-0.0336277827556728,-0.06573057174682617,-0.15508151054382324,0.004945931683153049,-0.08671993017196655,-0.23144669830799103,-0.016360818215787276,-0.12335854768753052,-0.2109583020210266,-0.030517785617291793,-0.13884693384170532,-0.17469412088394165,-0.035112612688124045,-0.05072504281997681,-0.15979734063148499,-0.008745819137573108,-0.06612211465835571,-0.23760224878787994,-0.025242815532863006,-0.10493999719619751,-0.21852239966392517,-0.033825718605100974,-0.12336742877960205,-0.1828564703464508,-0.03494988455730663,-0.032829999923706055,-0.15606042742729187,-0.024371276416957244,-0.051532626152038574,-0.21769967675209045,-0.0343243449862598,-0.0846213698387146,-0.21379873156547546,-0.038126998388349875,-0.1050417423248291,-0.18958526849746704,-0.03814872055608021
0.0,0.0,0.0,-0.05380964279174805,-0.007877767086029053,-0.008866942702013603,-0.09474366903305054,-0.04047274589538574,-0.016470043203014484,-0.12494766712188721,-0.06719690561294556,-0.029044302394765964,-0.14665669202804565,-0.09817177057266235,-0.03912971748985683,-0.0760648250579834,-0.14708179235458374,0.014664600388925919,-0.09454596042633057,-0.21169745922088623,-0.007049959832954755,-0.1234656572341919,-0.1948261260986328,-0.02443143188037311,-0.1371835470199585,-0.1650080680847168,-0.032935628881830326,-0.06279754638671875,-0.15765661001205444,0.006359625859033713,-0.08232766389846802,-0.23512867093086243,-0.015538083603757968,-0.1186874508857727,-0.2130335569381714,-0.029930489352125278,-0.13275659084320068,-0.17655742168426514,-0.034312533429044834,-0.04869401454925537,-0.16192632913589478,-0.007012156052667251,-0.0642511248588562,-0.23890262842178345,-0.02444303243436252,-0.10315102338790894,-0.2191433310508728,-0.03331920339741146,-0.12062817811965942,-0.18340253829956055,-0.03413042633809482,-0.031876444816589355,-0.1583513617515564,-0.022389386063593975,-0.05171513557434082,-0.21988046169281006,-0.032464592000621906,-0.08578944206237793,-0.21570944786071777,-0.03629194780268108,-0.10611838102340698,-0.19122236967086792,-0.03619126065649425
0.0,0.0,0.0,-0.05378460884094238,-0.0033211112022399902,-0.006756071652773699,-0.09706515073776245,-0.036947429180145264,-0.013656597304645857,-0.13029366731643677,-0.06245723366737366,-0.025808993447128614,-0.1512576937675476,-0.09409838914871216,-0.03526441724926599,-0.07554876804351807,-0.1423693299293518,0.01553283194124333,-0.09386754035949707,-0.20535963773727417,-0.004512674361023983,-0.12378311157226562,-0.19170615077018738,-0.019998546409908613,-0.13982021808624268,-0.16209393739700317,-0.02710430109829076,-0.06207633018493652,-0.1541566252708435,0.005614887737181107,-0.0805579423904419,-0.23202671110630035,-0.013209340814057668,-0.11806619167327881,-0.21531012654304504,-0.02362988116175302,-0.13428443670272827,-0.1808118224143982,-0.025453822407428106,-0.047453105449676514,-0.158456951379776,-0.009356898907128652,-0.0634656548500061,-0.23588520288467407,-0.02518247598737844,-0.1036982536315918,-0.21802666783332825,-0.03107880400449403,-0.12242698669433594,-0.184087872505188,-0.030127253103557905,-0.03179895877838135,-0.15389099717140198,-0.026314306724373182,-0.05387228727340698,-0.21494561433792114,-0.0368672867301143,-0.0898330807685852,-0.20816877484321594,-0.039565346855226835,-0.11110329627990723,-0.1814180612564087,-0.03830574052364
0.0,0.0,0.0,-0.05308347940444946,-0.0037607550621032715,-0.007581657466147362,-0.09568101167678833,-0.03666281700134277,-0.015282856036577641,-0.12756580114364624,-0.06245484948158264,-0.028064733107243,-0.14749622344970703,-0.09491115808486938,-0.038367483500991284,-0.07651960849761963,-0.14410555362701416,0.01390298854872185,-0.09648948907852173,-0.2081378698348999,-0.006828691080812632,-0.1270250678062439,-0.19536057114601135,-0.022968269620690762,-0.1443312168121338,-0.1677752435207367,-0.03046963710025352,-0.06246805191040039,-0.15416666865348816,0.004488136883225025,-0.08314907550811768,-0.231125146150589,-0.015157671381388127,-0.12054979801177979,-0.21273592114448547,-0.026444110755477368,-0.1372612714767456,-0.17866605520248413,-0.028929069374356686,-0.04724031686782837,-0.1576799750328064,-0.009874294248078286,-0.06427806615829468,-0.23484690487384796,-0.026137439270172536,-0.10429877042770386,-0.21521839499473572,-0.0322026533229689,-0.12365835905075073,-0.18076196312904358,-0.03132116023138565,-0.030207812786102295,-0.15313947200775146,-0.026215893883858143,-0.051559627056121826,-0.21564322710037231,-0.03648857373431724,-0.08676415681838989,-0.20882749557495117,-0.03872551370099586,-0.10816144943237305,-0.1825568974018097,-0.037200305346999585
0.0,0.0,0.0,-0.05231976509094238,-0.0024317502975463867,-0.011590227572014555,-0.09444236755371094,-0.034696370363235474,-0.020732750272145495,-0.12633979320526123,-0.05993950366973877,-0.03351568159996532,-0.14666640758514404,-0.09263059496879578,-0.04319680584012531,-0.07330584526062012,-0.14020609855651855,0.0075659969879779965,-0.09098517894744873,-0.20680645108222961,-0.014135411096503958,-0.12118345499038696,-0.19461935758590698,-0.03023266707896255,-0.1383722424507141,-0.16622304916381836,-0.03722919998108409,-0.05939263105392456,-0.15048521757125854,0.00132916439906694,-0.07921731472015381,-0.22768864035606384,-0.019065954809775576,-0.1154705286026001,-0.21151584386825562,-0.029938425024738535,-0.13025450706481934,-0.17632973194122314,-0.03167742592631839,-0.044690072536468506,-0.15400439500808716,-0.009853778494289145,-0.06132596731185913,-0.22942763566970825,-0.025511049752822146,-0.0990191102027893,-0.2150382399559021,-0.030597823759308085,-0.11636573076248169,-0.1820717751979828,-0.028835455974331126,-0.027276694774627686,-0.1494845151901245,-0.023359169339528307,-0.0454673171043396,-0.21194013953208923,-0.03270286423503421,-0.07807308435440063,-0.21155506372451782,-0.03454457697807811,-0.09808903932571411,-0.18931326270103455,-0.0324592377000954
0.0,0.0,0.0,-0.05248349905014038,-0.002690255641937256,-0.010660020638056267,-0.09499263763427734,-0.03654518723487854,-0.01952167507613467,-0.12734705209732056,-0.061565786600112915,-0.03225465398634242,-0.1487254500389099,-0.09433227777481079,-0.0418527228792982,-0.07282155752182007,-0.14252060651779175,0.008078477341882717,-0.08917206525802612,-0.208825945854187,-0.013834076937087048,-0.11974292993545532,-0.19757947325706482,-0.03009947855377959,-0.13793623447418213,-0.1699385643005371,-0.0373104503413515,-0.05911284685134888,-0.1517375111579895,0.0008392109267560954,-0.07767677307128906,-0.2280512899160385,-0.019705814312942493,-0.11467331647872925,-0.21183985471725464,-0.030373279940135944,-0.13037198781967163,-0.17766475677490234,-0.032052910890229214,-0.04476141929626465,-0.15477001667022705,-0.011378569531984795,-0.06005376577377319,-0.23095011711120605,-0.027158801447399128,-0.09821432828903198,-0.21621808409690857,-0.031887679364331234,-0.11619216203689575,-0.1836206018924713,-0.0299930116196947,-0.02824544906616211,-0.14977100491523743,-0.025934449400551784,-0.04588240385055542,-0.21225190162658691,-0.03543598857129382,-0.07927852869033813,-0.2112908661365509,-0.037223915573008526,-0.09997934103012085,-0.1886531114578247,-0.035183089788802135
0.0,0.0,0.0,-0.05404621362686157,-0.00477069616317749,-0.010162923368454813,-0.09549260139465332,-0.037533700466156006,-0.018844641628504633,-0.1264445185661316,-0.06240957975387573,-0.03163431573176467,-0.14781683683395386,-0.09384828805923462,-0.041774742188692926,-0.0745205283164978,-0.1419835388660431,0.008669945527969958,-0.09363198280334473,-0.20717230439186096,-0.01334895461315,-0.12410175800323486,-0.19502004981040955,-0.030291586997748254,-0.14046329259872437,-0.16674485802650452,-0.038088660570622324,-0.0610237717628479,-0.15338310599327087,0.0012660049835062637,-0.08174759149551392,-0.2305629551410675,-0.019445219891906618,-0.11855608224868774,-0.2145901918411255,-0.031714916112662195,-0.13356387615203857,-0.17923763394355774,-0.03484119463229263,-0.046486616134643555,-0.15784484148025513,-0.010964830289424299,-0.06369805335998535,-0.23328439891338348,-0.026893993723035692,-0.10281568765640259,-0.21814295649528503,-0.03358808520698631,-0.12072938680648804,-0.18429148197174072,-0.03328706312441909,-0.028980493545532227,-0.15445679426193237,-0.025354731711388467,-0.04809790849685669,-0.2164924144744873,-0.03484135854506576,-0.08158648014068604,-0.21526354551315308,-0.03739640477562034,-0.10176724195480347,-0.19205841422080994,-0.036182690295220254
0.0,0.0,0.0,-0.053840577602386475,-0.00547453761100769,-0.009597980282336493,-0.09514647722244263,-0.03846919536590576,-0.017943297377854606,-0.12649887800216675,-0.06387487053871155,-0.03061822881463172,-0.14918702840805054,-0.09349027276039124,-0.040826857886344214,-0.07409757375717163,-0.14468666911125183,0.010926149920493344,-0.09366756677627563,-0.21129700541496277,-0.01041102768394353,-0.12419527769088745,-0.19956421852111816,-0.027379643968373557,-0.1405925154685974,-0.17235058546066284,-0.03557363232138755,-0.060639262199401855,-0.1551642119884491,0.003277668631568531,-0.08024096488952637,-0.2327153980731964,-0.017772807604700347,-0.11756676435470581,-0.21562260389328003,-0.031152427992850562,-0.13331615924835205,-0.18164291977882385,-0.035056468895703574,-0.046077728271484375,-0.15881147980690002,-0.009111334434777518,-0.061926960945129395,-0.2360302209854126,-0.025383806652456542,-0.10130268335342407,-0.21954196691513062,-0.03309197430971267,-0.11986958980560303,-0.18632572889328003,-0.03351510395768287,-0.028622686862945557,-0.15472149848937988,-0.023553621820241233,-0.04765349626541138,-0.21567556262016296,-0.03358078455093505,-0.08050727844238281,-0.21374619007110596,-0.03696861942771079,-0.09973859786987305,-0.19152581691741943,-0.03636464556220176
0.0,0.0,0.0,-0.05212491750717163,-0.004069030284881592,-0.008632153573515211,-0.09371072053909302,-0.03740566968917847,-0.016699465292575155,-0.12624865770339966,-0.06325766444206238,-0.02945684671688298,-0.14783024787902832,-0.0951889157295227,-0.03957602970588425,-0.07224410772323608,-0.14448630809783936,0.012278391678748335,-0.0899156928062439,-0.20942944288253784,-0.00837763894635657,-0.12045508623123169,-0.19732865691184998,-0.024189543279888426,-0.1375042200088501,-0.1691223680973053,-0.03128353722679833,-0.05863654613494873,-0.15548008680343628,0.00391797365334412,-0.07756972312927246,-0.23329482972621918,-0.015132754410686289,-0.1146237850189209,-0.2174077033996582,-0.02582021460223416,-0.13068866729736328,-0.18378275632858276,-0.02779435955274323,-0.043966472148895264,-0.15946772694587708,-0.009393018039943968,-0.060209810733795166,-0.235507071018219,-0.024671472909929548,-0.09908813238143921,-0.2196153700351715,-0.03006724484551171,-0.1175881028175354,-0.1869877278804779,-0.028824530842783247,-0.027320563793182373,-0.15523850917816162,-0.024837818297626768,-0.04745340347290039,-0.21639484167099,-0.03416955687391976,-0.08104711771011353,-0.21357065439224243,-0.036101987886311804,-0.1012386679649353,-0.19028472900390625,-0.03433886386740426
0.0,0.0,0.0,-0.05392777919769287,-0.003923088312149048,-0.01038976069676778,-0.09537535905838013,-0.036806970834732056,-0.01941422429072759,-0.126695454120636,-0.06130951642990112,-0.032567069494604084,-0.14662045240402222,-0.09405028820037842,-0.04291087072479627,-0.071705162525177,-0.14423802495002747,0.008629887735963848,-0.08910888433456421,-0.20877224206924438,-0.013372533583520863,-0.11907333135604858,-0.1959708034992218,-0.030204685965060207,-0.1366066336631775,-0.16761252284049988,-0.037896358036874744,-0.05807918310165405,-0.1534581184387207,0.000977656243861702,-0.07762736082077026,-0.22918066382408142,-0.019693827816723797,-0.11419051885604858,-0.21255066990852356,-0.031345841103672,-0.12983381748199463,-0.17819440364837646,-0.03394020404803655,-0.04343050718307495,-0.15629199147224426,-0.011669542269288513,-0.058718085289001465,-0.2315044105052948,-0.0277603926150789,-0.09724599123001099,-0.2166859209537506,-0.03383460324394605,-0.11561137437820435,-0.18406668305397034,-0.032992616855977985,-0.026882410049438477,-0.1511055827140808,-0.02658613827216527,-0.0445026159286499,-0.21388959884643555,-0.036369775050758335,-0.07826364040374756,-0.2129351794719696,-0.038771048748373005,-0.09958428144454956,-0.19027307629585266,-0.037321635150789234
0.0,0.0,0.0,-0.05206340551376343,-0.008149981498718262,-0.006194775908312522,-0.09104806184768677,-0.041017115116119385,-0.013029909676930629,-0.12186950445175171,-0.06584280729293823,-0.025339093043527328,-0.1450759768486023,-0.09483957290649414,-0.035483362137398444,-0.07058733701705933,-0.1460426151752472,0.016143813745060243,-0.09121865034103394,-0.20528557896614075,-0.004136904592684232,-0.12149906158447266,-0.18684089183807373,-0.020605150594434463,-0.13603085279464722,-0.15662172436714172,-0.02851727789553138,-0.05855441093444824,-0.15769118070602417,0.00644853666139511,-0.07921206951141357,-0.2322426438331604,-0.012795761211833678,-0.11778277158737183,-0.21204227209091187,-0.025107957406959258,-0.1340133547782898,-0.17736726999282837,-0.028672955914458953,-0.045115888118743896,-0.1620083451271057,-0.008053137905022822,-0.06231147050857544,-0.23631390929222107,-0.024271536602697097,-0.10285300016403198,-0.21721088886260986,-0.03211178442748519,-0.12116533517837524,-0.1833857297897339,-0.03268126955541106,-0.03002828359603882,-0.15803658962249756,-0.024313777669391357,-0.05092883110046387,-0.21863305568695068,-0.03357893785747024,-0.08587723970413208,-0.21291738748550415,-0.03619442692311736,-0.1065862774848938,-0.18746182322502136,-0.03548117539199325
0.0,0.0,0.0,-0.05905061960220337,-0.02144867181777954,0.0064521912994734976,-0.09467333555221558,-0.05705353617668152,0.004100357792054865,-0.12290835380554199,-0.08320823311805725,-0.006727960747952011,-0.14528781175613403,-0.10365507006645203,-0.0169683879663296,-0.06382536888122559,-0.15129214525222778,0.02956624529761598,-0.09229403734207153,-0.200332373380661,0.014556129607086632,-0.12093746662139893,-0.18444809317588806,-0.000260369184246656,-0.1306362748146057,-0.156304270029068,-0.00840399399893954,-0.05070531368255615,-0.1659066379070282,0.012846187832479927,-0.0812070369720459,-0.23954999446868896,-0.00036797375796027154,-0.11948627233505249,-0.22035250067710876,-0.009396086302871254,-0.13286560773849487,-0.18334755301475525,-0.012362730545277145,-0.041439712047576904,-0.16927075386047363,-0.007944986080104854,-0.06840574741363525,-0.2484685480594635,-0.019554359694296863,-0.10878700017929077,-0.22974562644958496,-0.022777110194141414,-0.12387895584106445,-0.19217535853385925,-0.021735243355209377,-0.036820411682128906,-0.16319921612739563,-0.029901126255566624,-0.06143808364868164,-0.22843870520591736,-0.03627592310803607,-0.09661519527435303,-0.223670095205307,-0.03522447109716609,-0.11668068170547485,-0.19537806510925293,-0.03283383310335353
0.0,0.0,0.0,-0.059461772441864014,-0.024082690477371216,0.000759531434823657,-0.09435176849365234,-0.058952778577804565,-0.004683326598524218,-0.12271541357040405,-0.08445680141448975,-0.017627178360044127,-0.14577317237854004,-0.11188644170761108,-0.029414866719662314,-0.06406641006469727,-0.16462180018424988,0.024312208737910623,-0.0879179835319519,-0.22175824642181396,0.006387241515994901,-0.11882168054580688,-0.20696881413459778,-0.010778767656802302,-0.13193470239639282,-0.17841237783432007,-0.020534974191605215,-0.05074650049209595,-0.17602607607841492,0.00973457410532319,-0.07775324583053589,-0.2514609694480896,-0.006489855837344294,-0.11634355783462524,-0.2319849133491516,-0.01948728658658183,-0.1317574381828308,-0.19611892104148865,-0.025242455903708105,-0.04043614864349365,-0.17665034532546997,-0.00929084573340333,-0.0658460259437561,-0.2515436112880707,-0.023452310491620665,-0.10767620801925659,-0.23344099521636963,-0.030754496012150412,-0.1263841986656189,-0.19801995158195496,-0.03248751782280124,-0.034148335456848145,-0.1670970320701599,-0.02974449344378627,-0.059459805488586426,-0.22795161604881287,-0.037959473807632094,-0.09535717964172363,-0.22223061323165894,-0.039560432214557295,-0.11785411834716797,-0.1946885883808136,-0.03909858189922488
0.0,0.0,0.0,-0.05983591079711914,-0.027765393257141113,0.0016885620614743857,-0.0947408676147461,-0.06423923373222351,-0.004052754647261736,-0.12417352199554443,-0.0903380811214447,-0.017480395890004274,-0.1490802764892578,-0.11581674218177795,-0.02979110010636532,-0.06447440385818481,-0.1704443097114563,0.02331001668500221,-0.08749234676361084,-0.2352532148361206,0.004937806011014345,-0.11881107091903687,-0.21910536289215088,-0.01215953302306616,-0.13103479146957397,-0.18859079480171204,-0.02184247986150467,-0.05136227607727051,-0.17985299229621887,0.0082687510483197,-0.07713371515274048,-0.2608574628829956,-0.007881356558925745,-0.11558789014816284,-0.240131676197052,-0.02067346513939583,-0.12906795740127563,-0.20384261012077332,-0.02655756675375187,-0.04088950157165527,-0.17859521508216858,-0.01105066590679371,-0.06464934349060059,-0.2583940029144287,-0.024486938647157785,-0.10595732927322388,-0.24007561802864075,-0.030863925970322725,-0.12345165014266968,-0.203800767660141,-0.032386636517173883,-0.03452819585800171,-0.1675076186656952,-0.03176542573345387,-0.058291494846343994,-0.23117220401763916,-0.03889926352275097,-0.09302079677581787,-0.22555357217788696,-0.039636498472816584,-0.11358082294464111,-0.19775617122650146,-0.038984483263618586
0.0,0.0,0.0,-0.05829596519470215,-0.02398163080215454,-0.0031057784069901118,-0.09346991777420044,-0.058293700218200684,-0.0109358343031829,-0.1228606104850769,-0.08444052934646606,-0.025535289823693574,-0.14630967378616333,-0.11168298125267029,-0.038298030078095735,-0.06356996297836304,-0.1664961278438568,0.01944576886327809,-0.08518391847610474,-0.23043718934059143,-0.0006154568252725312,-0.11770212650299072,-0.2142331302165985,-0.018562017634195627,-0.13164597749710083,-0.18254512548446655,-0.028404277443570436,-0.05072426795959473,-0.1757872998714447,0.006725453611778676,-0.07456105947494507,-0.25488603115081787,-0.010746461033505739,-0.1140451431274414,-0.23569655418395996,-0.024210891380590738,-0.12945908308029175,-0.19994696974754333,-0.030266475557965578,-0.04012179374694824,-0.17514568567276,-0.010746732979697526,-0.0615466833114624,-0.25262999534606934,-0.02531244668332988,-0.10424685478210449,-0.235578715801239,-0.032889784007949174,-0.12351429462432861,-0.19978797435760498,-0.034917578726691545,-0.03322094678878784,-0.16482916474342346,-0.02999823044208938,-0.05526083707809448,-0.227361261844635,-0.03805583777992183,-0.09136325120925903,-0.22264784574508667,-0.0399346767660802,-0.11417549848556519,-0.1948215663433075,-0.03980809885231906
0.0,0.0,0.0,-0.05516403913497925,-0.01948249340057373,-0.001135836719015515,-0.08992809057235718,-0.057593703269958496,-0.007535910015405989,-0.11894619464874268,-0.08481982350349426,-0.020478233476580954,-0.14319372177124023,-0.11145612597465515,-0.03157578945666728,-0.06212592124938965,-0.16352638602256775,0.016424322719274187,-0.0847705602645874,-0.23192989826202393,-0.003835289054961777,-0.11973416805267334,-0.21647894382476807,-0.020286910017432547,-0.13318407535552979,-0.1845739483833313,-0.02873937391251502,-0.04978734254837036,-0.17306733131408691,0.0035508267903310298,-0.07785695791244507,-0.2514873743057251,-0.014014019412400103,-0.11786156892776489,-0.23064011335372925,-0.024981219103040075,-0.13013923168182373,-0.19454270601272583,-0.028773225625457144,-0.03873324394226074,-0.17336079478263855,-0.013576941346229887,-0.06415742635726929,-0.25045594573020935,-0.02738497570663867,-0.10559755563735962,-0.2324916124343872,-0.031392985736431456,-0.12187176942825317,-0.19715335965156555,-0.03084576853126464,-0.02902001142501831,-0.16531246900558472,-0.03233187437564311,-0.05234205722808838,-0.2274218499660492,-0.03952743277460513,-0.08642834424972534,-0.22143647074699402,-0.03910248518496928,-0.1056327223777771,-0.19359317421913147,-0.03699733853846965
0.0,0.0,0.0,-0.05554395914077759,-0.020189672708511353,-0.0005797563644023285,-0.09004223346710205,-0.057160019874572754,-0.005636893125426923,-0.11909008026123047,-0.08274680376052856,-0.01802158719505087,-0.1435144543647766,-0.11113286018371582,-0.0288678518554093,-0.06264317035675049,-0.16272693872451782,0.023527350364076938,-0.08399409055709839,-0.22577404975891113,0.003774403216141309,-0.11646479368209839,-0.20924988389015198,-0.013219010928821717,-0.13098299503326416,-0.177141934633255,-0.02193432478810564,-0.05046623945236206,-0.17306488752365112,0.009971924213516559,-0.07563769817352295,-0.2499980330467224,-0.00847835457528845,-0.11481893062591553,-0.2276829183101654,-0.021807644428861295,-0.12937313318252563,-0.1890580952167511,-0.026629444124353085,-0.0397799015045166,-0.17538192868232727,-0.008355479600083981,-0.062171339988708496,-0.25101423263549805,-0.02428558273817316,-0.10465419292449951,-0.22972017526626587,-0.03192864535952822,-0.12319529056549072,-0.1917334794998169,-0.03277160404826418,-0.03034108877182007,-0.16930148005485535,-0.028165252791893636,-0.05312579870223999,-0.23136109113693237,-0.037153242068541203,-0.08993637561798096,-0.22466540336608887,-0.038965834217322026,-0.11259061098098755,-0.1963927447795868,-0.03801895110512987
0.0,0.0,0.0,-0.058897197246551514,-0.0245969295501709,0.0018197676786257944,-0.09386336803436279,-0.061497509479522705,-0.0036725416625813523,-0.12274783849716187,-0.08839946985244751,-0.01706686018360415,-0.145849347114563,-0.11591434478759766,-0.029050083443053154,-0.06762385368347168,-0.17027410864830017,0.02356991583155832,-0.08738863468170166,-0.24053925275802612,0.004525362901858898,-0.11893641948699951,-0.22250449657440186,-0.012189549006052403,-0.13182520866394043,-0.18965181708335876,-0.021170103534586815,-0.053537189960479736,-0.17778608202934265,0.00830564872967443,-0.07676512002944946,-0.2601253390312195,-0.008753985709972767,-0.11523556709289551,-0.23807334899902344,-0.021938999726899056,-0.12894439697265625,-0.20074978470802307,-0.0275762896831111,-0.04155164957046509,-0.1768537163734436,-0.011389657467134384,-0.06202900409698486,-0.2576410174369812,-0.02536950407875338,-0.10451984405517578,-0.23873865604400635,-0.03260808585537234,-0.1234438419342041,-0.2019692063331604,-0.034394727631934074,-0.03245776891708374,-0.16742631793022156,-0.03241522012604037,-0.05591374635696411,-0.23211610317230225,-0.03983742146147051,-0.09217679500579834,-0.22600874304771423,-0.04121634511602679,-0.11419671773910522,-0.19778326153755188,-0.040818916245825676
0.0,0.0,0.0,-0.05899327993392944,-0.02370351552963257,0.004753930421713903,-0.09408605098724365,-0.06063088774681091,0.001038484086450353,-0.1233711838722229,-0.08702021837234497,-0.01111738018488495,-0.14698415994644165,-0.11462321877479553,-0.022071330880578444,-0.06672507524490356,-0.1701652705669403,0.027726816872302606,-0.08733737468719482,-0.2386389970779419,0.010055541919712141,-0.11954212188720703,-0.22144562005996704,-0.005909033192153856,-0.13271182775497437,-0.18896067142486572,-0.014410620627756998,-0.05324763059616089,-0.17817777395248413,0.011437544526700094,-0.07814711332321167,-0.2577934265136719,-0.0038980742244234534,-0.11714905500411987,-0.23612824082374573,-0.016194255163725302,-0.1311977505683899,-0.1988590657711029,-0.021442198267038748,-0.042346417903900146,-0.17755642533302307,-0.009184864422138617,-0.06501656770706177,-0.2549644708633423,-0.02190276708250849,-0.10724771022796631,-0.23620566725730896,-0.028465929513629362,-0.1261669397354126,-0.19995936751365662,-0.03004936229234545,-0.03444075584411621,-0.1688498556613922,-0.030931742003019735,-0.05856442451477051,-0.2312043309211731,-0.03718047316914408,-0.09397268295288086,-0.22529834508895874,-0.037764121850784704,-0.1157459020614624,-0.19801482558250427,-0.036972989400680945
0.0,0.0,0.0,-0.05745089054107666,-0.017844080924987793,0.003666710482917779,-0.09265267848968506,-0.05687376856803894,0.0005142155238502255,-0.12178421020507812,-0.08375853300094604,-0.010857004297889716,-0.14548856019973755,-0.11043053865432739,-0.020996369047082908,-0.06441617012023926,-0.16093042492866516,0.02707434483059501,-0.0885019302368164,-0.2243630290031433,0.008824738116942399,-0.1215319037437439,-0.20731663703918457,-0.006491054872043378,-0.13370025157928467,-0.17363861203193665,-0.013793607799328811,-0.05134713649749756,-0.1713346540927887,0.011380552688621037,-0.07888668775558472,-0.2501443922519684,-0.005747655497856385,-0.11942678689956665,-0.2267264723777771,-0.016587089372791297,-0.13245254755020142,-0.1864040493965149,-0.01914202943257237,-0.0405539870262146,-0.1727164387702942,-0.008837833626188285,-0.06485855579376221,-0.2517784833908081,-0.023892428351558692,-0.10756266117095947,-0.23011994361877441,-0.029028020424760825,-0.12389612197875977,-0.19102177023887634,-0.027812592310823447,-0.032156169414520264,-0.16619423031806946,-0.030240701137103088,-0.05560791492462158,-0.2319922149181366,-0.03860271125844861,-0.0914352536201477,-0.2264430820941925,-0.03870343565753842,-0.11163419485092163,-0.1974191963672638,-0.03621059432438756
0.0,0.0,0.0,-0.05922800302505493,-0.021163344383239746,0.004020632256953149,-0.09482741355895996,-0.05761873722076416,0.00019517109970479396,-0.12522995471954346,-0.08403787016868591,-0.012100711452575297,-0.14807724952697754,-0.11275941133499146,-0.023146681475253672,-0.06571412086486816,-0.1616290807723999,0.02929191292562905,-0.08826339244842529,-0.2240716814994812,0.011328741920380025,-0.12040144205093384,-0.20883581042289734,-0.005005562665672869,-0.1342373490333557,-0.1781252920627594,-0.013599397602291674,-0.05249243974685669,-0.17219260334968567,0.01298086905219975,-0.0787808895111084,-0.25002843141555786,-0.0036429290070998377,-0.11840558052062988,-0.22874239087104797,-0.01629345304033336,-0.13328665494918823,-0.19075363874435425,-0.02101057952901897,-0.04184669256210327,-0.17322099208831787,-0.00793822853526649,-0.06566399335861206,-0.2512829899787903,-0.022560682135434718,-0.1083747148513794,-0.23135626316070557,-0.029456783073754877,-0.12687361240386963,-0.1938876509666443,-0.030245134594650835,-0.034717857837677,-0.16596943140029907,-0.030030379059525103,-0.059652090072631836,-0.23001804947853088,-0.0384290236856657,-0.09645324945449829,-0.224776029586792,-0.03976326993367252,-0.11873632669448853,-0.1974470615386963,-0.03875127247235355
0.0,0.0,0.0,-0.05670672655105591,-0.020096391439437866,0.0011394318440522966,-0.09338533878326416,-0.058278053998947144,-0.002700628711323816,-0.12238490581512451,-0.08466258645057678,-0.01391644938703962,-0.1434975266456604,-0.11365622282028198,-0.023637061704363305,-0.06325966119766235,-0.15901783108711243,0.024659600343142074,-0.08962428569793701,-0.2151516079902649,0.005872558105323833,-0.12300640344619751,-0.19770261645317078,-0.010814742882217843,-0.1369280219078064,-0.16617360711097717,-0.0193374881040711,-0.049923837184906006,-0.17056947946548462,0.010287544924352687,-0.07838165760040283,-0.2467462122440338,-0.006631778318848092,-0.12107354402542114,-0.22826987504959106,-0.018397260222997147,-0.13819032907485962,-0.19120526313781738,-0.02249595685717054,-0.038375914096832275,-0.17285588383674622,-0.008675825547840077,-0.06264877319335938,-0.25021764636039734,-0.023887334157194573,-0.10780507326126099,-0.23249658942222595,-0.0304489096146483,-0.12719273567199707,-0.19626587629318237,-0.030729150165285546,-0.030093848705291748,-0.1667286455631256,-0.028980761532153565,-0.05410534143447876,-0.2313660979270935,-0.038264691595401246,-0.09189027547836304,-0.2267015278339386,-0.03954017138894983,-0.11450165510177612,-0.19888049364089966,-0.0381095481556315
0.0,0.0,0.0,-0.028386712074279785,-0.00805729627609253,-0.0009300737205819587,-0.04441791772842407,-0.025563538074493408,-0.004959142758224289,-0.05798947811126709,-0.03775191307067871,-0.01233173719671754,-0.06970405578613281,-0.050377339124679565,-0.019837304941091816,-0.025117874145507812,-0.08155333995819092,0.00698020962002488,-0.0455244779586792,-0.10251709818840027,-0.0026980715251454512,-0.06197923421859741,-0.09443625807762146,-0.01187804526713876,-0.068287193775177,-0.0785720944404602,-0.016942258915577213,-0.018931806087493896,-0.08693626523017883,0.0008119682984499832,-0.04152196645736694,-0.11884957551956177,-0.006518820292029659,-0.06054246425628662,-0.10741385817527771,-0.012196742920849601,-0.06689035892486572,-0.08987593650817871,-0.01508002634224681,-0.014426767826080322,-0.08634117245674133,-0.007232055059347431,-0.03631746768951416,-0.12049049139022827,-0.01524122803536443,-0.05683338642120361,-0.10873284935951233,-0.018086442715201656,-0.06432366371154785,-0.08957028388977051,-0.018411671734128277,-0.013713955879211426,-0.08095899224281311,-0.015813274300370495,-0.03075963258743286,-0.1114395260810852,-0.020860377690468113,-0.047679901123046875,-0.10833984613418579,-0.02086677960184602,-0.057090938091278076,-0.09466737508773804,-0.019947536281023304
0.0,0.0,0.0,-0.02899080514907837,-0.00772249698638916,-0.001375634383890656,-0.044654130935668945,-0.02424737811088562,-0.005723332914072898,-0.05817437171936035,-0.03420734405517578,-0.013184647934991744,-0.07002365589141846,-0.0452919602394104,-0.02085239619250956,-0.023942232131958008,-0.08174216747283936,0.004648808927726122,-0.04440706968307495,-0.10527205467224121,-0.005114124550033239,-0.062290728092193604,-0.09471461176872253,-0.013816107923645404,-0.06793415546417236,-0.07750776410102844,-0.018562642785269645,-0.017484009265899658,-0.08607339859008789,-0.0012698440556562218,-0.03923439979553223,-0.11988979578018188,-0.008828808481354145,-0.059228479862213135,-0.10725259780883789,-0.014075051920968917,-0.06532806158065796,-0.08909979462623596,-0.016649870129782585,-0.013272523880004883,-0.08416208624839783,-0.008913599813837436,-0.034256935119628906,-0.12020981311798096,-0.01703648261960211,-0.05481433868408203,-0.10706973075866699,-0.019443506302792457,-0.06182551383972168,-0.08709508180618286,-0.019445760103423027,-0.01304703950881958,-0.07789692282676697,-0.0170610900246686,-0.030553698539733887,-0.10947427153587341,-0.022550715061385063,-0.04657024145126343,-0.10510385036468506,-0.022457169296700386,-0.05471569299697876,-0.09026786684989929,-0.02130613468821707
0.0,0.0,0.0,-0.02805042266845703,-0.007315248250961304,-0.00142569002377968,-0.044410109519958496,-0.024859696626663208,-0.004959077580451776,-0.057609498500823975,-0.03798779845237732,-0.011796369689136554,-0.0702936053276062,-0.049495846033096313,-0.01896462822946887,-0.028556227684020996,-0.07827502489089966,0.006819957395464371,-0.0501973032951355,-0.09860330820083618,-0.0025449423180816666,-0.06626260280609131,-0.090047687292099,-0.011240167083769848,-0.07120317220687866,-0.07539677619934082,-0.01601012284550052,-0.021459758281707764,-0.08529168367385864,0.0010214949663804873,-0.042955100536346436,-0.1183425784111023,-0.006740039686292221,-0.062211036682128906,-0.10598334670066833,-0.012007353367835094,-0.0683753490447998,-0.08775272965431213,-0.014248292433649112,-0.01587378978729248,-0.08618813753128052,-0.006651763810396005,-0.03490281105041504,-0.12286219000816345,-0.015145441989034225,-0.05542641878128052,-0.11041706800460815,-0.017820235813587715,-0.0628235936164856,-0.09016978740692139,-0.017568635294765045,-0.01299053430557251,-0.08248642086982727,-0.014894358354240467,-0.028516650199890137,-0.11430215835571289,-0.020293437416285087,-0.04545485973358154,-0.11131390929222107,-0.020394083584278633,-0.05490189790725708,-0.09702363610267639,-0.01928490074965339
0.0,0.0,0.0,-0.02945643663406372,-0.008617669343948364,-0.0021781229390853696,-0.04595208168029785,-0.024928927421569824,-0.007319244041582351,-0.06029951572418213,-0.035682499408721924,-0.015611596822282081,-0.07260382175445557,-0.04743438959121704,-0.02406034101500154,-0.027739226818084717,-0.08018818497657776,0.005337769214520449,-0.05150347948074341,-0.09611764550209045,-0.00516974408878923,-0.0687098503112793,-0.0824970006942749,-0.015060999847491985,-0.07258003950119019,-0.06455346941947937,-0.020578757345219856,-0.020352721214294434,-0.08637866377830505,-0.0007900362345480971,-0.04087299108505249,-0.12100306153297424,-0.009278197258254295,-0.061180949211120605,-0.10836061835289001,-0.014832103110393291,-0.06736290454864502,-0.08918553590774536,-0.017215479582091575,-0.015191256999969482,-0.08602508902549744,-0.008889199651321178,-0.03331667184829712,-0.12453386187553406,-0.017502060576816802,-0.05415457487106323,-0.11200392246246338,-0.019863024770756965,-0.06065833568572998,-0.09189456701278687,-0.019529311403175598,-0.013630867004394531,-0.08021470904350281,-0.017658461302062278,-0.02913111448287964,-0.1132531464099884,-0.022802334695597892,-0.04635274410247803,-0.10962480306625366,-0.022428974926015144,-0.055466294288635254,-0.09447887539863586,-0.021114519282718902
0.0,0.0,0.0,-0.029448986053466797,-0.007526606321334839,-0.0032625010021547496,-0.04538381099700928,-0.023299813270568848,-0.008413749771989387,-0.05854928493499756,-0.03603455424308777,-0.01668590682265858,-0.07080471515655518,-0.04906526207923889,-0.025031173626757663,-0.027553677558898926,-0.07693281769752502,0.006000906204008061,-0.048067450523376465,-0.09801974892616272,-0.004596868089265627,-0.06539583206176758,-0.09040415287017822,-0.014419386188365024,-0.0710180401802063,-0.07532525062561035,-0.019897297049737972,-0.019857347011566162,-0.08429455757141113,0.0003513906890475482,-0.04021501541137695,-0.11998483538627625,-0.008475147212720913,-0.06068611145019531,-0.10912317037582397,-0.0148578929033647,-0.06779009103775024,-0.09082257747650146,-0.017821762735820812,-0.014100193977355957,-0.08614948391914368,-0.007486811864055198,-0.03373187780380249,-0.12398716807365417,-0.016666058475948375,-0.05526965856552124,-0.1111295223236084,-0.019877519483543438,-0.062477827072143555,-0.09039360284805298,-0.020002909029699367,-0.011849761009216309,-0.08353307843208313,-0.01611442866442303,-0.028655648231506348,-0.11647471785545349,-0.02162200401244263,-0.04618281126022339,-0.11269041895866394,-0.021761603678442043,-0.05508005619049072,-0.0974780023097992,-0.020837085346556705
0.0,0.0,0.0,-0.029793381690979004,-0.00816074013710022,-0.0035881258845478214,-0.04612046480178833,-0.025525599718093872,-0.008950075211018316,-0.05981320142745972,-0.03912040591239929,-0.01715527668783068,-0.07203727960586548,-0.05259370803833008,-0.02528966412135958,-0.026540756225585938,-0.08345571160316467,0.004585354046881207,-0.046975672245025635,-0.10782241821289062,-0.0058133845050036825,-0.06432533264160156,-0.10127335786819458,-0.0153929573316276,-0.07003921270370483,-0.08630174398422241,-0.02076577216574549,-0.019465863704681396,-0.08901837468147278,-0.0006819518930427648,-0.040209829807281494,-0.12550878524780273,-0.00870187774488329,-0.06089299917221069,-0.1162392795085907,-0.014598351048320524,-0.0679662823677063,-0.09928426146507263,-0.017565051170080892,-0.014464378356933594,-0.08842387795448303,-0.00807571232506632,-0.03379642963409424,-0.12689849734306335,-0.01623601287791132,-0.054979562759399414,-0.11752858757972717,-0.019073767663925878,-0.06266993284225464,-0.09927067160606384,-0.019427413197249166,-0.013375580310821533,-0.0831514298915863,-0.01631049446949362,-0.028530478477478027,-0.11668968200683594,-0.02144956037589907,-0.04475194215774536,-0.11493265628814697,-0.02163135640510916,-0.053130388259887695,-0.1017754077911377,-0.020868552925080053
0.0,0.0,0.0,-0.029300332069396973,-0.006091445684432983,-0.004318321734785968,-0.04587435722351074,-0.023018479347229004,-0.010215006914108926,-0.06011307239532471,-0.03549373149871826,-0.018798731412857705,-0.07259023189544678,-0.04885891079902649,-0.02699285760161274,-0.025096476078033447,-0.08284741640090942,0.00325843095208711,-0.04448944330215454,-0.10942378640174866,-0.007943651784330541,-0.06385570764541626,-0.10041528940200806,-0.017399953823655778,-0.07033872604370117,-0.08356913924217224,-0.022463265951842004,-0.018838465213775635,-0.08707663416862488,-0.0018489846551119626,-0.039875030517578125,-0.1233299970626831,-0.011343622725576097,-0.06207150220870972,-0.11070287227630615,-0.017370848130553895,-0.06901580095291138,-0.09281879663467407,-0.019740175601214105,-0.014469325542449951,-0.08580699563026428,-0.009118980873495275,-0.03383481502532959,-0.12399610877037048,-0.018508987646669084,-0.05597496032714844,-0.11182469129562378,-0.021028353046744996,-0.06371235847473145,-0.09260919690132141,-0.02055008910235756,-0.013664424419403076,-0.07995060086250305,-0.01722059972223633,-0.03009742498397827,-0.11343538761138916,-0.023253159742921525,-0.047211527824401855,-0.10873126983642578,-0.023158224444955522,-0.055346131324768066,-0.09325754642486572,-0.02167306296166771
0.0,0.0,0.0,-0.027603983879089355,-0.006717294454574585,-0.004405885339465954,-0.04450744390487671,-0.02478814125061035,-0.00997742997550688,-0.05828505754470825,-0.0376724898815155,-0.018134736326274492,-0.07037204504013062,-0.05002957582473755,-0.02564402563565693,-0.02774864435195923,-0.08314624428749084,0.0025062981427339537,-0.04448533058166504,-0.1139148473739624,-0.009328936096963503,-0.06338590383529663,-0.10242676734924316,-0.01857281556421242,-0.06838911771774292,-0.08279868960380554,-0.02319746544652901,-0.020214974880218506,-0.08693349361419678,-0.0023643196194740312,-0.038963258266448975,-0.12597110867500305,-0.012523772996601679,-0.060569047927856445,-0.11224499344825745,-0.018374367487368204,-0.06633442640304565,-0.09211498498916626,-0.020254957359966852,-0.014290809631347656,-0.08563676476478577,-0.009458926376638033,-0.03294980525970459,-0.12377503514289856,-0.01899620970779381,-0.05508798360824585,-0.11058512330055237,-0.02158768555217705,-0.062072038650512695,-0.08997216820716858,-0.02096129661494217,-0.011263906955718994,-0.07990080118179321,-0.017396717202601053,-0.028378605842590332,-0.11202096939086914,-0.023296945598659136,-0.04599732160568237,-0.10705786943435669,-0.023537577000197984,-0.05423998832702637,-0.09142762422561646,-0.02229040941291771
0.0,0.0,0.0,-0.029265880584716797,-0.005927950143814087,-0.0047817931664866364,-0.04568624496459961,-0.022361576557159424,-0.010665904094068424,-0.05954921245574951,-0.0347808301448822,-0.019130147357074634,-0.07079821825027466,-0.04759931564331055,-0.02729404281505765,-0.02728593349456787,-0.0803016722202301,0.003515683751018628,-0.04804027080535889,-0.104469895362854,-0.007837753106443301,-0.06656187772750854,-0.09341028332710266,-0.017827819396345035,-0.07177573442459106,-0.07514679431915283,-0.023154254366247073,-0.020264387130737305,-0.08593332767486572,-0.0013011184675377763,-0.04000753164291382,-0.12329638004302979,-0.010981072966544048,-0.06153583526611328,-0.11098998785018921,-0.017582171891419307,-0.06824588775634766,-0.09160616993904114,-0.020275057588307277,-0.015262126922607422,-0.08558538556098938,-0.008356876034824268,-0.03278595209121704,-0.1249513328075409,-0.01780741039344491,-0.05481302738189697,-0.11292633414268494,-0.021442304660169498,-0.062014102935791016,-0.09284484386444092,-0.02174570347794713,-0.014066994190216064,-0.08018064498901367,-0.01626457955369176,-0.02997565269470215,-0.11289593577384949,-0.022290270139066592,-0.04756438732147217,-0.10773855447769165,-0.02306489210256757,-0.05621260404586792,-0.0915069580078125,-0.022382685278145686
0.0,0.0,0.0,-0.028002381324768066,-0.009092271327972412,-0.005273007300459653,-0.044216275215148926,-0.026460617780685425,-0.011398416456543714,-0.058213770389556885,-0.03935617208480835,-0.020152754594349176,-0.07035982608795166,-0.053100645542144775,-0.028318002332710535,-0.026624083518981934,-0.08621439337730408,0.0036694989756114182,-0.04248160123825073,-0.11554092168807983,-0.008457763564550191,-0.060770273208618164,-0.10936960577964783,-0.018729010109566957,-0.06835591793060303,-0.09382075071334839,-0.024210158248209268,-0.01953059434890747,-0.09071603417396545,-0.0012058566573642793,-0.03603333234786987,-0.12866607308387756,-0.011713090796732217,-0.057566165924072266,-0.11902669072151184,-0.018836449344419748,-0.0664016604423523,-0.10071003437042236,-0.021773017455601007,-0.014279782772064209,-0.09021496772766113,-0.008514050838314802,-0.03036409616470337,-0.12780755758285522,-0.018590906147622377,-0.052748799324035645,-0.117340087890625,-0.022432542850040704,-0.06231611967086792,-0.09811270236968994,-0.022674668092989236,-0.012374281883239746,-0.08507850766181946,-0.01676095973398617,-0.027722656726837158,-0.11715728044509888,-0.023071035255455286,-0.045513153076171875,-0.1134718656539917,-0.023904457201027185,-0.05542701482772827,-0.0990804135799408,-0.02314378272440365
0.0,0.0,0.0,-0.029580295085906982,-0.008614867925643921,-0.004148318738174339,-0.046175241470336914,-0.02569398283958435,-0.01043809096185555,-0.062003493309020996,-0.03766825795173645,-0.019343213018458982,-0.07577532529830933,-0.049567461013793945,-0.027955661368054052,-0.02463740110397339,-0.08460912108421326,0.0028277173838944236,-0.04570508003234863,-0.10861805081367493,-0.008709673610013624,-0.06550192832946777,-0.09921151399612427,-0.018983122732919355,-0.07242733240127563,-0.08193540573120117,-0.02460963542429795,-0.017799735069274902,-0.08959004282951355,-0.00239778852878203,-0.03871488571166992,-0.12575691938400269,-0.011482450019997259,-0.06122100353240967,-0.11475944519042969,-0.017805029478353163,-0.06914287805557251,-0.09641504287719727,-0.020820590507668157,-0.013353228569030762,-0.08814871311187744,-0.009781285960656305,-0.03204071521759033,-0.12665417790412903,-0.018598380338829656,-0.05515420436859131,-0.11669856309890747,-0.0220069222417294,-0.06396365165710449,-0.09776723384857178,-0.022620676856917044,-0.01347804069519043,-0.08174282312393188,-0.017971922483724256,-0.02950519323348999,-0.11459669470787048,-0.023427360531371733,-0.047606468200683594,-0.11154252290725708,-0.02397488879827847,-0.057377517223358154,-0.09694889187812805,-0.023398163568657537
0.0,0.0,0.0,-0.029562771320343018,-0.00776362419128418,-0.004023695656911741,-0.04634732007980347,-0.02521255612373352,-0.00922372593905152,-0.06129735708236694,-0.038004517555236816,-0.017009293021516214,-0.07431024312973022,-0.050454556941986084,-0.02442173037107409,-0.0260545015335083,-0.08238023519515991,0.004852209413542141,-0.04282861948013306,-0.10866129398345947,-0.0051981236914855344,-0.05995231866836548,-0.10386186838150024,-0.014521777922169576,-0.06640869379043579,-0.09103110432624817,-0.0198392284231943,-0.018984198570251465,-0.08765286207199097,-0.00015099148859576417,-0.036226093769073486,-0.12469455599784851,-0.008540838317827593,-0.056533217430114746,-0.1165364682674408,-0.014922017523900877,-0.06455916166305542,-0.10009157657623291,-0.017946633802608858,-0.014275610446929932,-0.08738663792610168,-0.007316727949188362,-0.03071051836013794,-0.12650242447853088,-0.015405110375837694,-0.05159956216812134,-0.11860767006874084,-0.018649530889348398,-0.05988729000091553,-0.10132437944412231,-0.01917975890810908,-0.013485133647918701,-0.08260175585746765,-0.0153553824069661,-0.028856098651885986,-0.11605373024940491,-0.020391605155424486,-0.04603475332260132,-0.1140798032283783,-0.020845135034875284,-0.05549591779708862,-0.10086491703987122,-0.020240200044469248
0.0,0.0,0.0,-0.030180394649505615,-0.007733762264251709,-0.004962228446132144,-0.04722392559051514,-0.024432748556137085,-0.011061679779416522,-0.06238853931427002,-0.03593987226486206,-0.01976700799805542,-0.07529020309448242,-0.04761481285095215,-0.02767125072223564,-0.027661383152008057,-0.08533182740211487,0.0035707012537358196,-0.04456907510757446,-0.11459183692932129,-0.008332390545731982,-0.06374144554138184,-0.104776531457901,-0.018351855895346603,-0.06981766223907471,-0.08693590760231018,-0.023655372879332504,-0.020419001579284668,-0.0893034040927887,-0.0013630032519387214,-0.037940263748168945,-0.1267610788345337,-0.011424174739843806,-0.06010705232620239,-0.11594665050506592,-0.01813777650041004,-0.06780225038528442,-0.09683111310005188,-0.02091805564505478,-0.015510022640228271,-0.08768650889396667,-0.008694363965517482,-0.033371686935424805,-0.12392404675483704,-0.018055101132816276,-0.056085824966430664,-0.11236810684204102,-0.021447253621047935,-0.06451183557510376,-0.09266006946563721,-0.021595488509959182,-0.014490187168121338,-0.08143961429595947,-0.01700126866144558,-0.030360281467437744,-0.11307427287101746,-0.022451375818675956,-0.048287153244018555,-0.10883530974388123,-0.02288089061421772,-0.05790984630584717,-0.09378254413604736,-0.02202608550233265
0.0,0.0,0.0,-0.029455363750457764,-0.008785039186477661,-0.004329976510319966,-0.045813679695129395,-0.025758743286132812,-0.009910122375998753,-0.06110358238220215,-0.037580907344818115,-0.018077269081089753,-0.07461273670196533,-0.04947635531425476,-0.025580352056834954,-0.025131940841674805,-0.08669421076774597,0.003988463547017318,-0.041493773460388184,-0.11667811870574951,-0.007232175093207616,-0.06032532453536987,-0.10850700736045837,-0.01684908743581559,-0.06694287061691284,-0.09137219190597534,-0.022064342979405183,-0.018056750297546387,-0.09056210517883301,-0.0009476515125186324,-0.036189913749694824,-0.12734630703926086,-0.01013725798210885,-0.05822181701660156,-0.11676773428916931,-0.016635214794490594,-0.06593704223632812,-0.09802398085594177,-0.019636178273771066,-0.01344919204711914,-0.08890455961227417,-0.008191549103770512,-0.03101247549057007,-0.12634900212287903,-0.017113750685069817,-0.05405241250991821,-0.11645635962486267,-0.02066443848988797,-0.06321990489959717,-0.09736037254333496,-0.021220618743512887,-0.012966036796569824,-0.08279851078987122,-0.016295619193527955,-0.028919577598571777,-0.11552342772483826,-0.021919768188212174,-0.04709380865097046,-0.11218708753585815,-0.02254921745142724,-0.056895434856414795,-0.09737101197242737,-0.02190439764044072
0.0,0.0,0.0,-0.02950584888458252,-0.008044958114624023,-0.005276150841268645,-0.04672873020172119,-0.02371770143508911,-0.011907079562547551,-0.06181299686431885,-0.03536105155944824,-0.02103433509171282,-0.0742914080619812,-0.04722625017166138,-0.029540100440385686,-0.0271151065826416,-0.08177277445793152,0.002381840648126854,-0.04496955871582031,-0.11108779907226562,-0.010059856183829652,-0.06468838453292847,-0.1010684072971344,-0.02045367595553671,-0.07141298055648804,-0.08325356245040894,-0.025922951593997823,-0.019561827182769775,-0.08685088157653809,-0.0024381241090623007,-0.03764748573303223,-0.12617740035057068,-0.013011582501235353,-0.06068837642669678,-0.11469131708145142,-0.019878118604424344,-0.06873047351837158,-0.09552150964736938,-0.02273008909821783,-0.014468908309936523,-0.08661127090454102,-0.009630300410094605,-0.030571281909942627,-0.12683501839637756,-0.019356918826701985,-0.054336726665496826,-0.11562463641166687,-0.023017264276745664,-0.0634305477142334,-0.09558451175689697,-0.023350942254069196,-0.013238191604614258,-0.08165600895881653,-0.01775853832066332,-0.028422176837921143,-0.11508071422576904,-0.023647397130730496,-0.04765552282333374,-0.11058264970779419,-0.024405225485566007,-0.058222413063049316,-0.0947469174861908,-0.023758354902270185
0.0,0.0,0.0,-0.028508245944976807,-0.005766421556472778,-0.005378141589432062,-0.04562735557556152,-0.022792905569076538,-0.011468132082342208,-0.060220420360565186,-0.03559967875480652,-0.020051361117481292,-0.07269662618637085,-0.04890471696853638,-0.028032551575421394,-0.02735346555709839,-0.08151024580001831,0.00335225247781068,-0.045063018798828125,-0.10834261775016785,-0.008482290487705768,-0.06451821327209473,-0.09956973791122437,-0.01854994805526644,-0.07079136371612549,-0.08241504430770874,-0.0238727024383536,-0.019992589950561523,-0.087321937084198,-0.0013498468883028636,-0.03671818971633911,-0.12663406133651733,-0.01121496601027161,-0.05935031175613403,-0.11597567796707153,-0.017478290069817604,-0.06720000505447388,-0.09728848934173584,-0.01986862631511599,-0.014863669872283936,-0.08749979734420776,-0.008516650702773632,-0.030496835708618164,-0.12820309400558472,-0.01818110147488028,-0.053975582122802734,-0.11775168776512146,-0.021700394395708145,-0.06257385015487671,-0.09839272499084473,-0.021880888435958923,-0.013792753219604492,-0.08275371789932251,-0.01662789756429106,-0.029114246368408203,-0.11714774370193481,-0.022857221830605567,-0.04814410209655762,-0.1128774881362915,-0.023740903530239166,-0.05813252925872803,-0.09688082337379456,-0.02313306095075518
0.0,0.0,0.0,-0.028730571269989014,-0.007744014263153076,-0.00642996219356462,-0.045404136180877686,-0.023319363594055176,-0.01323100443367764,-0.059724509716033936,-0.035443663597106934,-0.022217134790466275,-0.0712500810623169,-0.049327999353408813,-0.030377176435635533,-0.02848052978515625,-0.08494067192077637,0.0008092309963245725,-0.044365525245666504,-0.11869063973426819,-0.011929794991360154,-0.06311440467834473,-0.11004889011383057,-0.022008378835366216,-0.06916892528533936,-0.0922766625881195,-0.02722544300739571,-0.02121710777282715,-0.0888289213180542,-0.0032343136463026667,-0.03775453567504883,-0.1293066143989563,-0.014234986001596894,-0.05956536531448364,-0.11818590760231018,-0.021089850770280805,-0.06639629602432251,-0.09873813390731812,-0.02385327483897015,-0.015762150287628174,-0.08794966340065002,-0.009748208181903806,-0.030925393104553223,-0.12804743647575378,-0.019819761471794095,-0.053888142108917236,-0.11777779459953308,-0.023649641158030477,-0.06268364191055298,-0.09810635447502136,-0.024082950161741223,-0.013179242610931396,-0.08260121941566467,-0.017290646987007108,-0.028204500675201416,-0.11506956815719604,-0.02389774176661774,-0.0466533899307251,-0.11082056164741516,-0.025244186477706876,-0.056196510791778564,-0.0951380729675293,-0.02490192170624539
0.0,0.0,0.0,-0.02949434518814087,-0.007394909858703613,-0.002974578875921452,-0.0464709997177124,-0.024179607629776,-0.007398966465018475,-0.06072050333023071,-0.03776875138282776,-0.014915339413903439,-0.07282394170761108,-0.05090358853340149,-0.02208251948269435,-0.0326804518699646,-0.079405277967453,0.006686440438159025,-0.048271000385284424,-0.10877948999404907,-0.0042052182814700245,-0.06615978479385376,-0.10053497552871704,-0.013731688026211941,-0.07313376665115356,-0.0839545726776123,-0.01875111530335971,-0.02490091323852539,-0.08527520298957825,0.0011511007343756319,-0.040981829166412354,-0.12465381622314453,-0.008421080883465493,-0.06231522560119629,-0.11537614464759827,-0.015539805170021737,-0.07152152061462402,-0.09656965732574463,-0.01863451744230815,-0.01822298765182495,-0.08708903193473816,-0.006676053859166586,-0.03326815366744995,-0.1258755922317505,-0.01593117671819755,-0.05623084306716919,-0.11490452289581299,-0.020359820451460564,-0.06632000207901001,-0.09509724378585815,-0.021182632770262444,-0.013514697551727295,-0.08497372269630432,-0.015240872975311959,-0.028157830238342285,-0.11827307939529419,-0.020596845771990502,-0.047228336334228516,-0.11371639370918274,-0.021384750258050644,-0.058867454528808594,-0.09791257977485657,-0.020937421124301636
0.0,0.0,0.0,-0.028017640113830566,-0.007187634706497192,-0.004602753549676208,-0.04507744312286377,-0.024335771799087524,-0.010023083530228405,-0.06100666522979736,-0.036910831928253174,-0.01816035713241604,-0.07497209310531616,-0.04832795262336731,-0.025546056210856705,-0.02809995412826538,-0.08277547359466553,0.005315263297546835,-0.043096184730529785,-0.11340421438217163,-0.006019342217456369,-0.06161808967590332,-0.1058674156665802,-0.015529278658192425,-0.06836336851119995,-0.08957633376121521,-0.020518519908051758,-0.020875871181488037,-0.0874820351600647,0.0003712028049847049,-0.03595161437988281,-0.1265820860862732,-0.009720771565895348,-0.05798351764678955,-0.11624738574028015,-0.0165551295428088,-0.06636255979537964,-0.09705609083175659,-0.019107158288221626,-0.015488386154174805,-0.08746421337127686,-0.007060840718310146,-0.029891788959503174,-0.1259164810180664,-0.016404050394754677,-0.05312448740005493,-0.11556756496429443,-0.02045692037032154,-0.06251323223114014,-0.09633222222328186,-0.02086043450222519,-0.013400793075561523,-0.0829649269580841,-0.01541849318132904,-0.02802795171737671,-0.11518263816833496,-0.020883693352203636,-0.047217607498168945,-0.1113879382610321,-0.02191292959437874,-0.057914793491363525,-0.09632423520088196,-0.021448292761903076
0.0,0.0,0.0,-0.02845597267150879,-0.006696224212646484,-0.0043060978980378195,-0.045308470726013184,-0.023702889680862427,-0.009997275575400977,-0.060060977935791016,-0.03712904453277588,-0.018375349148513465,-0.07368505001068115,-0.049500972032547,-0.026481014593841223,-0.02883213758468628,-0.0802026093006134,0.003814103397203894,-0.04849737882614136,-0.10450214147567749,-0.007913578219117312,-0.06760412454605103,-0.09529966115951538,-0.018147240310312895,-0.07398104667663574,-0.07866677641868591,-0.02360544066071668,-0.021265387535095215,-0.08668658137321472,-0.001257584696972458,-0.03950798511505127,-0.12476563453674316,-0.011064941912295012,-0.06198406219482422,-0.11428824067115784,-0.017503150656224875,-0.07003068923950195,-0.09556108713150024,-0.020133762537838606,-0.015737473964691162,-0.08710911870002747,-0.008607511326076178,-0.031873345375061035,-0.12693220376968384,-0.018015577375294356,-0.05500274896621704,-0.11650052666664124,-0.021690848200918822,-0.06356757879257202,-0.09704223275184631,-0.022049593656660704,-0.013778269290924072,-0.08258479833602905,-0.016790631144644408,-0.029075920581817627,-0.11586308479309082,-0.022450969471933035,-0.04792976379394531,-0.1124289333820343,-0.02323317798912683,-0.058084309101104736,-0.09736672043800354,-0.022688784554006247
0.0,0.0,0.0,-0.028672993183135986,-0.006828784942626953,-0.004975091270523535,-0.04563194513320923,-0.022938668727874756,-0.010967734339999424,-0.06022602319717407,-0.03598302602767944,-0.01950128290371822,-0.07305353879928589,-0.04824024438858032,-0.02776180680410789,-0.027906954288482666,-0.07737579941749573,0.0034597783113099467,-0.04776358604431152,-0.10057967901229858,-0.00817978202866243,-0.06574100255966187,-0.09300214052200317,-0.01854831080453323,-0.07131361961364746,-0.0770392119884491,-0.024185868981646763,-0.02025306224822998,-0.08459070324897766,-0.0012719925263695586,-0.03793448209762573,-0.12225008010864258,-0.010877350415455567,-0.05916762351989746,-0.11371749639511108,-0.017465070891546475,-0.06693321466445923,-0.09577628970146179,-0.020432244125174748,-0.014760911464691162,-0.08564195036888123,-0.008363547805117832,-0.030462563037872314,-0.12538385391235352,-0.017749558273123967,-0.05266982316970825,-0.11689946055412292,-0.02163964796380924,-0.06102550029754639,-0.09824591875076294,-0.022333472106026875,-0.013117372989654541,-0.08155256509780884,-0.016348469141291844,-0.027897357940673828,-0.11492860317230225,-0.022219178337024914,-0.046048641204833984,-0.11201441287994385,-0.023204819369482266,-0.056044697761535645,-0.0970819890499115,-0.02289682168083118
0.0,0.0,0.0,-0.02738291025161743,-0.007127672433853149,-0.004957344919944262,-0.049065589904785156,-0.026416271924972534,-0.00845651847919271,-0.06613016128540039,-0.040982842445373535,-0.014340949781740164,-0.07959306240081787,-0.055864185094833374,-0.019083221048617816,-0.03377562761306763,-0.08253800868988037,0.008485579326247716,-0.04315537214279175,-0.11464628577232361,-0.001855674620287573,-0.05970168113708496,-0.11170223355293274,-0.010950503476465201,-0.07000833749771118,-0.10063865780830383,-0.015606984101736998,-0.028078675270080566,-0.0879260003566742,0.005130674618726516,-0.037684738636016846,-0.12470948696136475,-0.004522771645838475,-0.05717402696609497,-0.1182517409324646,-0.01188947779735372,-0.06799572706222534,-0.10405102372169495,-0.014670576505864119,-0.021954894065856934,-0.08990582823753357,-0.0008615981336106415,-0.03145784139633179,-0.12583854794502258,-0.009090825520956969,-0.05164891481399536,-0.1189570426940918,-0.013786096662784075,-0.06319022178649902,-0.10468238592147827,-0.0145492810537462,-0.01495659351348877,-0.08806046843528748,-0.007906502649689173,-0.02546900510787964,-0.1182975172996521,-0.012104527630413031,-0.04260939359664917,-0.11832484602928162,-0.0135501330499892,-0.054902076721191406,-0.10918185114860535,-0.013367055520916438
0.0,0.0,0.0,-0.028216958045959473,-0.006010979413986206,-0.010435427187871937,-0.0515904426574707,-0.02334532141685486,-0.017817042416822915,-0.06771492958068848,-0.03926849365234375,-0.026234741902840142,-0.07162541151046753,-0.05786764621734619,-0.03309583070029021,-0.04228299856185913,-0.07932677865028381,-0.0021956016988724514,-0.049263954162597656,-0.12038585543632507,-0.015576090312492852,-0.05970662832260132,-0.11502480506896973,-0.026408053583395485,-0.0626630187034607,-0.0973186194896698,-0.03181344049323798,-0.031664252281188965,-0.08407780528068542,-0.0029428693213731094,-0.03871428966522217,-0.12898123264312744,-0.015262075348687176,-0.04990077018737793,-0.12120556831359863,-0.02436385082353354,-0.05205130577087402,-0.10113212466239929,-0.02807519549776316,-0.01970529556274414,-0.08515584468841553,-0.006245106573146586,-0.025249063968658447,-0.12650179862976074,-0.01444951037217379,-0.03656268119812012,-0.12409758567810059,-0.019826326168072228,-0.03989225625991821,-0.10680755972862244,-0.02143762598086596,-0.00502246618270874,-0.08155322074890137,-0.01104099920291901,-0.011300325393676758,-0.11225217580795288,-0.015662066287291054,-0.022158563137054443,-0.1191524863243103,-0.018753008565795426,-0.02810114622116089,-0.11356109380722046,-0.019818385711801056
0.0,0.0,0.0,-0.026594698429107666,-0.005189567804336548,-0.008991553313379086,-0.05002570152282715,-0.021902233362197876,-0.015448872796540059,-0.06506341695785522,-0.03924223780632019,-0.02314121169531802,-0.06666946411132812,-0.05595782399177551,-0.02928943639183501,-0.040972769260406494,-0.07759001851081848,-0.002439246611018575,-0.04778259992599487,-0.11887317895889282,-0.015207208558265961,-0.058155596256256104,-0.11246758699417114,-0.024667157656793393,-0.061009228229522705,-0.09416764974594116,-0.029084442979936398,-0.030602991580963135,-0.08280172944068909,-0.003531225356553591,-0.03797340393066406,-0.1283426582813263,-0.015502742356900967,-0.048894286155700684,-0.11929291486740112,-0.022798848203663624,-0.05045795440673828,-0.09872403740882874,-0.02515975279295901,-0.01857656240463257,-0.08448159694671631,-0.00699875676566819,-0.024562835693359375,-0.12676572799682617,-0.01563267489457587,-0.03583264350891113,-0.12195709347724915,-0.019642912647967137,-0.038720667362213135,-0.10377144813537598,-0.02012539920890788,-0.003733515739440918,-0.08188831806182861,-0.011779690957908429,-0.010519921779632568,-0.11270201206207275,-0.01686781165683726,-0.02142179012298584,-0.11664614081382751,-0.01925361049855212,-0.026883363723754883,-0.10846072435379028,-0.019670535675530232
0.0,0.0,0.0,-0.027555763721466064,-0.003732532262802124,-0.010206500403370455,-0.051199257373809814,-0.021297574043273926,-0.016898851245429114,-0.06685888767242432,-0.03854849934577942,-0.024596586227204398,-0.06979012489318848,-0.05748623609542847,-0.03075805619337757,-0.04308515787124634,-0.0769420862197876,-0.0027440666312088524,-0.051596879959106445,-0.1167609691619873,-0.016228304579641417,-0.062476396560668945,-0.11267504096031189,-0.02652369007446964,-0.06560403108596802,-0.09557104110717773,-0.03136876910903652,-0.032575786113739014,-0.08228179812431335,-0.003325955113183454,-0.04100221395492554,-0.12570178508758545,-0.015950410961892203,-0.05231195688247681,-0.11787071824073792,-0.024375797584440306,-0.054103970527648926,-0.09721595048904419,-0.02730094581821163,-0.0204315185546875,-0.08386549353599548,-0.00643414711558421,-0.02773827314376831,-0.12404772639274597,-0.015355320051099852,-0.04000180959701538,-0.1207481324672699,-0.02059056550243099,-0.04335498809814453,-0.10305482149124146,-0.02172051683047016,-0.005615174770355225,-0.0811741054058075,-0.010946982875253752,-0.01282280683517456,-0.11275124549865723,-0.016545062288429335,-0.02470266819000244,-0.11852243542671204,-0.019972096532370642,-0.03111642599105835,-0.11092349886894226,-0.02092088699319561
0.0,0.0,0.0,-0.027498722076416016,-0.003558546304702759,-0.010314169407351415,-0.05141633749008179,-0.02005404233932495,-0.016953867927654187,-0.06816631555557251,-0.036121100187301636,-0.024387161314948003,-0.07119119167327881,-0.05506780743598938,-0.030159768715961377,-0.0421757698059082,-0.07495620846748352,-0.0029091099952296418,-0.050464510917663574,-0.11437949538230896,-0.016211939111812512,-0.061725497245788574,-0.11023193597793579,-0.0263126781885461,-0.0651630163192749,-0.09329107403755188,-0.030999255434139172,-0.032113075256347656,-0.08111929893493652,-0.003084723672358791,-0.04045701026916504,-0.12446913123130798,-0.015109011039598386,-0.05196678638458252,-0.1175297200679779,-0.022964476675255696,-0.05433744192123413,-0.09785208106040955,-0.02558352711842815,-0.02038121223449707,-0.082967609167099,-0.005788836230053107,-0.027253031730651855,-0.12344622611999512,-0.014067206599278848,-0.0393410325050354,-0.12087395787239075,-0.018780377760990064,-0.043116211891174316,-0.10398074984550476,-0.01965260978089134,-0.006149649620056152,-0.080179363489151,-0.009915474869771401,-0.012817740440368652,-0.1106685996055603,-0.01521249587879936,-0.024693846702575684,-0.11747351288795471,-0.018601792932017247,-0.031756460666656494,-0.11173504590988159,-0.019478923708661
0.0,0.0,0.0,-0.028105497360229492,-0.004061669111251831,-0.010493908911598737,-0.051953792572021484,-0.021001726388931274,-0.017706682808352525,-0.06903499364852905,-0.03683727979660034,-0.025779135428024347,-0.07199311256408691,-0.05524250864982605,-0.032315784968091066,-0.04361778497695923,-0.07633882761001587,-0.0030429276131371807,-0.05254417657852173,-0.11514922976493835,-0.016995897419405992,-0.06377369165420532,-0.11025062203407288,-0.028170581809831674,-0.06745666265487671,-0.09259220957756042,-0.0337098146748076,-0.03328937292098999,-0.08219578862190247,-0.003410862428722794,-0.04252159595489502,-0.12488842010498047,-0.016007188610387857,-0.05368524789810181,-0.11702582240104675,-0.02511384700949293,-0.05614662170410156,-0.0968833863735199,-0.028831086955619867,-0.021249473094940186,-0.08371591567993164,-0.006307722903443391,-0.028380215167999268,-0.12423941493034363,-0.014948679968370016,-0.04031497240066528,-0.12226524949073792,-0.02079889727349382,-0.04455006122589111,-0.10482504963874817,-0.022669231421900804,-0.006475329399108887,-0.08030238747596741,-0.010610022484911497,-0.013034224510192871,-0.11020800471305847,-0.0161146259825955,-0.024644970893859863,-0.11699393391609192,-0.020085915825916345,-0.032182395458221436,-0.11055862903594971,-0.021603075690222795
0.0,0.0,0.0,-0.027857422828674316,-0.005569517612457275,-0.010103499718240982,-0.051909685134887695,-0.022385895252227783,-0.017194654062620884,-0.069175124168396,-0.03776872158050537,-0.025274113953344113,-0.07081693410873413,-0.05513995885848999,-0.031791671380631215,-0.04169565439224243,-0.076683908700943,-0.002958294205598122,-0.04955494403839111,-0.11605849862098694,-0.016720370590917355,-0.061357200145721436,-0.11105933785438538,-0.02730334849678684,-0.06526839733123779,-0.09332486987113953,-0.032363291099898106,-0.03170037269592285,-0.08224731683731079,-0.0034416338580172123,-0.04064244031906128,-0.12527787685394287,-0.016264691218964344,-0.05273890495300293,-0.11643922328948975,-0.024722171217433697,-0.05489999055862427,-0.09561213850975037,-0.02764235736452747,-0.01990121603012085,-0.08395737409591675,-0.0064237529563229145,-0.027139663696289062,-0.12483614683151245,-0.015206299923590905,-0.03963559865951538,-0.12182745337486267,-0.020201991513602024,-0.043449342250823975,-0.10401993989944458,-0.021166512012712246,-0.005508005619049072,-0.08095547556877136,-0.010801623776785618,-0.01185142993927002,-0.11123731732368469,-0.016034859434000737,-0.023391425609588623,-0.11849921941757202,-0.019346076265208012,-0.030209660530090332,-0.1126331090927124,-0.020217417940727955
0.0,0.0,0.0,-0.02760028839111328,-0.004698455333709717,-0.009835530121264924,-0.05154263973236084,-0.020840585231781006,-0.01666389410608815,-0.06799566745758057,-0.03593093156814575,-0.02443509740048455,-0.0694507360458374,-0.05343872308731079,-0.030504649553833474,-0.04084813594818115,-0.07520857453346252,-0.0025687257781754624,-0.049507975578308105,-0.11528345942497253,-0.01579128955715703,-0.06151455640792847,-0.11018234491348267,-0.025855192963419427,-0.06588637828826904,-0.09281989932060242,-0.030570987660823334,-0.031288743019104004,-0.08033862709999084,-0.002917122843129505,-0.041082680225372314,-0.12348198890686035,-0.015042030301330556,-0.05243712663650513,-0.11447805166244507,-0.022908654112754334,-0.054206252098083496,-0.09394916892051697,-0.025540838066874016,-0.019519925117492676,-0.08215555548667908,-0.005734423224268426,-0.027363598346710205,-0.123328298330307,-0.013951363090811242,-0.03913223743438721,-0.11913153529167175,-0.018189327840147484,-0.042273879051208496,-0.10109180212020874,-0.01871796888524102,-0.004678845405578613,-0.07993683218955994,-0.00996409920269059,-0.011452257633209229,-0.11039051413536072,-0.014744207311807145,-0.023079514503479004,-0.11629465222358704,-0.01750799459630059,-0.029833614826202393,-0.10949653387069702,-0.018005779061851968
0.0,0.0,0.0,-0.028032124042510986,-0.0042228102684021,-0.010124832069422496,-0.052090346813201904,-0.021466493606567383,-0.01691853967859913,-0.06892752647399902,-0.03710862994194031,-0.02460940522506405,-0.07217997312545776,-0.055930256843566895,-0.030562318539168132,-0.04300469160079956,-0.07654163241386414,-0.0030562567095415716,-0.05202680826187134,-0.11687588691711426,-0.016536911627198947,-0.06418585777282715,-0.11041155457496643,-0.02660755594625641,-0.06803238391876221,-0.09252998232841492,-0.031348379006530536,-0.032983601093292236,-0.0823374092578888,-0.0035377185828195934,-0.042630016803741455,-0.12667116522789001,-0.015914767658259166,-0.05527275800704956,-0.1172167956829071,-0.02350002308740784,-0.05781817436218262,-0.09618544578552246,-0.025867689078594935,-0.020994901657104492,-0.08410486578941345,-0.006560261970307124,-0.028127074241638184,-0.12662437558174133,-0.015342286465610755,-0.04121541976928711,-0.12188863754272461,-0.019685435717846644,-0.04522019624710083,-0.10341411828994751,-0.02020017211690117,-0.006107985973358154,-0.0813542902469635,-0.010993637753571761,-0.013112843036651611,-0.11242574453353882,-0.01658415389611889,-0.02596348524093628,-0.11687591671943665,-0.01965652932777573,-0.0335046648979187,-0.10866191983222961,-0.020280304973866237
0.0,0.0,0.0,-0.028298258781433105,-0.0043385326862335205,-0.01066535240958899,-0.05247265100479126,-0.020562589168548584,-0.01809747233043879,-0.06920534372329712,-0.03554803133010864,-0.026499190321075616,-0.07063639163970947,-0.05384725332260132,-0.033424331759917436,-0.04265892505645752,-0.0758855938911438,-0.0031588030512210707,-0.051554858684539795,-0.11502209305763245,-0.01710722870181769,-0.06394720077514648,-0.10976937413215637,-0.028021388640510736,-0.06874334812164307,-0.09240612387657166,-0.03332212096999854,-0.032536447048187256,-0.08108639717102051,-0.0035789599175330977,-0.0416032075881958,-0.12417140603065491,-0.016585347195970712,-0.053892314434051514,-0.11513572931289673,-0.025866971304523645,-0.056379497051239014,-0.09428006410598755,-0.02948476835142344,-0.02052074670791626,-0.08265754580497742,-0.006546269124257265,-0.027745544910430908,-0.12381300330162048,-0.015504429070162473,-0.040688931941986084,-0.12013018131256104,-0.021514433389413057,-0.04476124048233032,-0.10185617208480835,-0.023241712665068803,-0.005757808685302734,-0.07976898550987244,-0.01092627919267386,-0.012330770492553711,-0.11131155490875244,-0.016320907464134393,-0.02441394329071045,-0.11745935678482056,-0.020217155059683023,-0.03147923946380615,-0.11014160513877869,-0.021617106115328966
0.0,0.0,0.0,-0.02688753604888916,-0.003434598445892334,-0.010478104955453205,-0.050812363624572754,-0.01990339159965515,-0.01699681349744253,-0.06725478172302246,-0.03522875905036926,-0.024433739042777347,-0.07108801603317261,-0.05424568057060242,-0.03029242858936243,-0.04193204641342163,-0.07556653022766113,-0.0030343788926785464,-0.050651490688323975,-0.11514163017272949,-0.016601509905356693,-0.06292694807052612,-0.1104901134967804,-0.0265431958501523,-0.06691807508468628,-0.09283578395843506,-0.030933090976375865,-0.03169459104537964,-0.08145251870155334,-0.0033281557512765403,-0.04058408737182617,-0.12478381395339966,-0.015650851211447048,-0.05287516117095947,-0.1166602075099945,-0.023251745409268665,-0.05469620227813721,-0.09607401490211487,-0.025468052855629253,-0.019491851329803467,-0.08331581950187683,-0.006223957545060443,-0.026993513107299805,-0.12436407804489136,-0.015216471186775493,-0.03935593366622925,-0.12018579244613647,-0.019541395387548732,-0.04195296764373779,-0.10189184546470642,-0.01975328244914465,-0.004654407501220703,-0.08103060722351074,-0.010547698034841346,-0.012013375759124756,-0.1128007173538208,-0.01615603037824087,-0.02324289083480835,-0.11729049682617188,-0.018924595347542095,-0.028248369693756104,-0.10809957981109619,-0.019116101345915126
0.0,0.0,0.0,-0.027181684970855713,-0.0056798458099365234,-0.009393927880097408,-0.050866663455963135,-0.02295100688934326,-0.016156178206671257,-0.06730097532272339,-0.03852832317352295,-0.02400427708076336,-0.07208496332168579,-0.05661472678184509,-0.030174069345463295,-0.0414087176322937,-0.07826465368270874,-0.00318645942630269,-0.049346983432769775,-0.11982294917106628,-0.016808839753736038,-0.06127762794494629,-0.11250227689743042,-0.026652768493164558,-0.06467026472091675,-0.09438017010688782,-0.03114037612127163,-0.03143918514251709,-0.08362054824829102,-0.004383987054694671,-0.03941643238067627,-0.1296532154083252,-0.017082639277447242,-0.052690863609313965,-0.11986035108566284,-0.024261577293742675,-0.055499374866485596,-0.09964337944984436,-0.02614585334109165,-0.019912362098693848,-0.08510968089103699,-0.008035524055827636,-0.02612990140914917,-0.12745806574821472,-0.016889257595408935,-0.039518773555755615,-0.12211692333221436,-0.02043981687771179,-0.04356783628463745,-0.10483267903327942,-0.020321903989184875,-0.005559802055358887,-0.08213359117507935,-0.013066234305966873,-0.012621700763702393,-0.11376643180847168,-0.018116306752432365,-0.025197207927703857,-0.1179208755493164,-0.020125460118521232,-0.031992435455322266,-0.11092349886894226,-0.020020853966940422
0.0,0.0,0.0,-0.027567625045776367,-0.005199253559112549,-0.01022976524846797,-0.05167567729949951,-0.02174466848373413,-0.01720414384918456,-0.0689617395401001,-0.03636625409126282,-0.02520573585944419,-0.07249301671981812,-0.05438578128814697,-0.03158576860742812,-0.042706310749053955,-0.07828858494758606,-0.0026073400368744615,-0.0511210560798645,-0.11776584386825562,-0.01615288741605525,-0.06320381164550781,-0.11256462335586548,-0.026530916613509703,-0.06786048412322998,-0.09530574083328247,-0.031389795985987234,-0.032701849937438965,-0.08378294110298157,-0.0031208643195981267,-0.041655778884887695,-0.12693879008293152,-0.01561800650971179,-0.0538100004196167,-0.11787909269332886,-0.023789652434160757,-0.056261301040649414,-0.09692180156707764,-0.02649347744601016,-0.020713329315185547,-0.08518815040588379,-0.006205036581476975,-0.02790766954421997,-0.1262839138507843,-0.01497300881611352,-0.040185630321502686,-0.12233346700668335,-0.01987276673035865,-0.04379904270172119,-0.10401996970176697,-0.02067608087973838,-0.006027817726135254,-0.08192744851112366,-0.010709167269041586,-0.012369215488433838,-0.11269474029541016,-0.015987134349515486,-0.02407670021057129,-0.11894160509109497,-0.01914864666478877,-0.03098905086517334,-0.11196720600128174,-0.01982078961746936
