0.0,0.0,0.0,0.029941648244857788,-0.03441089391708374,0.007713358092786393,0.045623213052749634,-0.06957966089248657,0.009324692364515386,0.06475070118904114,-0.08913683891296387,0.0067587613013699865,0.08149465918540955,-0.10153314471244812,0.005630984145881257,0.0006673634052276611,-0.12759479880332947,0.02077624684918078,0.043437808752059937,-0.13996028900146484,0.013613278221072278,0.07595464587211609,-0.14262759685516357,0.00534965255084785,0.1006905734539032,-0.1428559422492981,6.245899587042913e-05,0.005176961421966553,-0.12626329064369202,0.011602461512865148,0.05315479636192322,-0.14366653561592102,0.0068783831668213224,0.08324471116065979,-0.1441221833229065,0.001806538610452435,0.10706576704978943,-0.1424267590045929,-0.0017603474550753617,0.017646580934524536,-0.11706653237342834,0.0007618969541169918,0.06289908289909363,-0.13596954941749573,-0.0014094587529882574,0.09222856163978577,-0.14061400294303894,-0.0019359603172972584,0.11475101113319397,-0.141676127910614,-0.002298728853730836,0.035515040159225464,-0.10132816433906555,-0.010737029660759845,0.06983509659767151,-0.11712020635604858,-0.008230637584148326,0.09228071570396423,-0.1261860728263855,-0.005329894192783513,0.11008170247077942,-0.1321846842765808,-0.0037844498290553474
0.0,0.0,0.0,0.024812161922454834,-0.07118022441864014,0.015416914166991091,0.03651881217956543,-0.12375223636627197,0.015140221024040557,0.05962628126144409,-0.15429264307022095,0.00822696512389598,0.08145064115524292,-0.1681523323059082,0.0026744800043445593,-0.0022319257259368896,-0.18451040983200073,0.020989995019618846,0.0627906322479248,-0.2076900601387024,0.010078427882973529,0.1065933108329773,-0.2132352590560913,0.00012337613500790212,0.1390666961669922,-0.2128967046737671,-0.005947594029720449,0.010939478874206543,-0.17841142416000366,0.004426353646550751,0.0811651349067688,-0.2139473557472229,-0.003403270115967416,0.12211650609970093,-0.21575826406478882,-0.009073422720547342,0.15281254053115845,-0.21283209323883057,-0.012735321616645479,0.03189349174499512,-0.16205930709838867,-0.013346280401464128,0.09749573469161987,-0.19656741619110107,-0.017092349437888288,0.1366264820098877,-0.204184889793396,-0.01727578645747485,0.1658109426498413,-0.20785820484161377,-0.017695030627663755,0.05738002061843872,-0.13439273834228516,-0.03121171189647498,0.1075279712677002,-0.16454976797103882,-0.028487114665921354,0.1358824372291565,-0.17933404445648193,-0.024084028286750936,0.15887439250946045,-0.1915721297264099,-0.02154405830603423
0.0,0.0,0.0,0.057046711444854736,-0.04765975475311279,0.009329258726552325,0.07545822858810425,-0.0979650616645813,0.00924224712105115,0.0964956283569336,-0.12913578748703003,0.0033987451173516092,0.11583423614501953,-0.1488935351371765,-0.0005863000693580034,0.0009177625179290771,-0.17401307821273804,0.01767537303419431,0.05625712871551514,-0.2029646635055542,0.0027141175527276573,0.09462648630142212,-0.206094890832901,-0.010664471162840528,0.12562620639801025,-0.2034505009651184,-0.019037141202375096,-0.0037785768508911133,-0.1707640290260315,0.0032091467004420338,0.06483668088912964,-0.21013039350509644,-0.011981591320022744,0.10294389724731445,-0.21220773458480835,-0.021103641687318486,0.13363850116729736,-0.20705431699752808,-0.02539832398144881,0.004226595163345337,-0.15790718793869019,-0.013198762869819802,0.07051938772201538,-0.19221681356430054,-0.024331270454808873,0.1094287633895874,-0.20110517740249634,-0.027067099435612363,0.1379718780517578,-0.2037586271762848,-0.027206170110389394,0.021002739667892456,-0.13646328449249268,-0.030248260794564885,0.07192850112915039,-0.1618977189064026,-0.03385528243927638,0.10150092840194702,-0.17706865072250366,-0.03272012315539996,0.12491744756698608,-0.1881466507911682,-0.031577226443573636
0.0,0.0,0.0,0.056239306926727295,-0.05582988262176514,0.006066396419157627,0.07219409942626953,-0.10740005970001221,0.00408738530819619,0.09003621339797974,-0.1413177251815796,-0.002998747810522673,0.1104852557182312,-0.16110968589782715,-0.007940903253654596,-0.004634737968444824,-0.17934048175811768,0.016477147169609907,0.052305519580841064,-0.20529913902282715,0.00019004026540869745,0.090640127658844,-0.21234047412872314,-0.014773180655936358,0.12296801805496216,-0.21461054682731628,-0.024418899737099764,-0.008724093437194824,-0.17582285404205322,0.003072716813733223,0.059132277965545654,-0.2129877507686615,-0.012826973520020601,0.09726661443710327,-0.21870973706245422,-0.02306785056720173,0.12973862886428833,-0.21835798025131226,-0.028657378576497194,-0.00024276971817016602,-0.16298902034759521,-0.012673724390367624,0.06554239988327026,-0.1968364119529724,-0.02476276265809929,0.10478079319000244,-0.2085425853729248,-0.027701590157846567,0.13506847620010376,-0.21477073431015015,-0.028169551811913607,0.017429202795028687,-0.14210456609725952,-0.0293983891082803,0.06880795955657959,-0.1679776906967163,-0.03318598674962914,0.09837764501571655,-0.1838475465774536,-0.03129449667761719,0.1224437952041626,-0.19631743431091309,-0.029675738833645937
0.0,0.0,0.0,0.05662393569946289,-0.05736064910888672,0.007496256960109804,0.07191872596740723,-0.11183202266693115,0.00687867274649534,0.08822357654571533,-0.14895296096801758,0.0008374222056204417,0.10635191202163696,-0.1738426685333252,-0.0030652902819952033,-0.00840035080909729,-0.18160241842269897,0.019761189465896223,0.04847341775894165,-0.20917528867721558,0.00492083804823551,0.08675414323806763,-0.2159617841243744,-0.008774816411062147,0.1181563138961792,-0.21786737442016602,-0.01746894268177357,-0.011915653944015503,-0.17708712816238403,0.0061564819156387784,0.05564570426940918,-0.21746066212654114,-0.008586878309472468,0.09314650297164917,-0.22303450107574463,-0.018094713220818903,0.12485885620117188,-0.2222023904323578,-0.022959843630417254,-0.0025728344917297363,-0.1637621521949768,-0.009833147170468237,0.06251424551010132,-0.200730562210083,-0.020998208204730417,0.1014823317527771,-0.2133358120918274,-0.023576518873198893,0.1313198208808899,-0.21963456273078918,-0.023759859035237696,0.016363173723220825,-0.14294683933258057,-0.026682161147220995,0.066311776638031,-0.17168784141540527,-0.02999774215601292,0.095497727394104,-0.18873369693756104,-0.028087035173996355,0.11933726072311401,-0.20178639888763428,-0.026407286877258684
0.0,0.0,0.0,0.05871662497520447,-0.06071507930755615,0.01041081192835236,0.07473573088645935,-0.1145772933959961,0.011355941360136512,0.09051898121833801,-0.15238356590270996,0.00616500963388944,0.10595723986625671,-0.17878788709640503,0.00292387040263975,-0.004278093576431274,-0.18801969289779663,0.024207175885578636,0.05203935503959656,-0.21471542119979858,0.010701086548408512,0.09036961197853088,-0.2209399938583374,-0.0026028412959817615,0.12126967310905457,-0.22444957494735718,-0.011324304911056515,-0.007796525955200195,-0.1824985146522522,0.008945041512390617,0.05956903100013733,-0.22043704986572266,-0.004550281735816952,0.09759542346000671,-0.2266484498977661,-0.014396658922294137,0.12958839535713196,-0.22781667113304138,-0.019879772151568886,0.001464545726776123,-0.16772234439849854,-0.008621387007394787,0.06537404656410217,-0.20328658819198608,-0.018968217829922196,0.10444632172584534,-0.2164369821548462,-0.022088222960690018,0.13476160168647766,-0.22449639439582825,-0.022865040982821938,0.02042144536972046,-0.14461278915405273,-0.02683258504674768,0.06756600737571716,-0.17514771223068237,-0.029514950523832795,0.09600529074668884,-0.1925947070121765,-0.02762962766990995,0.12039658427238464,-0.2057126760482788,-0.026130021373489853
0.0,0.0,0.0,0.058057814836502075,-0.059756696224212646,0.006602583521555516,0.07387426495552063,-0.11256808042526245,0.005526436561297032,0.08786657452583313,-0.15175336599349976,-0.001039895626206544,0.10338559746742249,-0.18036562204360962,-0.005114155753005889,-0.007278531789779663,-0.18802618980407715,0.021803253864447925,0.05105641484260559,-0.2131413221359253,0.006978103028188798,0.08973631262779236,-0.21945172548294067,-0.007068472845901397,0.12104031443595886,-0.22153794765472412,-0.016100226367314008,-0.012425869703292847,-0.18355709314346313,0.008197518599729392,0.056049078702926636,-0.22010308504104614,-0.0064024151549233466,0.093659907579422,-0.22621172666549683,-0.015978761414487508,0.1262357532978058,-0.22814184427261353,-0.02119069586177602,-0.004074722528457642,-0.17055761814117432,-0.008181361878712323,0.06291601061820984,-0.20363575220108032,-0.019762264961798337,0.10175380110740662,-0.21716910600662231,-0.022430306697685864,0.13225963711738586,-0.22568494081497192,-0.022701207945544866,0.01470482349395752,-0.14900368452072144,-0.025612436632115987,0.06714603304862976,-0.17417973279953003,-0.029220879475076345,0.09725704789161682,-0.1907145380973816,-0.02731598953386083,0.12213167548179626,-0.2038688063621521,-0.025540354127485898
0.0,0.0,0.0,0.05879521369934082,-0.06177520751953125,0.009830873907105797,0.0741804838180542,-0.11717361211776733,0.010359324962394112,0.09021025896072388,-0.15642273426055908,0.004698832966880673,0.1075395941734314,-0.18301737308502197,0.0011445585224123533,-0.006470292806625366,-0.1919202208518982,0.026071231328444355,0.050867438316345215,-0.21883463859558105,0.01347097147305476,0.08955955505371094,-0.22424811124801636,0.0004727542219029601,0.12045812606811523,-0.2259945273399353,-0.008112848288817531,-0.009831279516220093,-0.1861979365348816,0.011454755887882584,0.05836212635040283,-0.22481369972229004,-0.0007923754346279566,0.09639394283294678,-0.23052042722702026,-0.009967855661614067,0.1287909746170044,-0.23074871301651,-0.015053338855011589,-0.00023764371871948242,-0.1711934208869934,-0.0056170122879279916,0.06507128477096558,-0.20642948150634766,-0.01450506180475486,0.10414797067642212,-0.21937131881713867,-0.016496219224734432,0.13429826498031616,-0.2267470359802246,-0.016672146059079296,0.019411176443099976,-0.1472880244255066,-0.02351242911021245,0.06892091035842896,-0.17696529626846313,-0.024629246927304393,0.0980718731880188,-0.19461679458618164,-0.021572251356644756,0.12208795547485352,-0.2075350284576416,-0.01932096157173646
0.0,0.0,0.0,0.059567928314208984,-0.061649322509765625,0.010184390446056568,0.07524651288986206,-0.11624908447265625,0.010107000334073746,0.09069043397903442,-0.154951274394989,0.00367945523362323,0.10668981075286865,-0.1818816065788269,-0.0008720422290480201,-0.0046530961990356445,-0.19040429592132568,0.023513887984563553,0.0523526668548584,-0.21752899885177612,0.009084692200531208,0.09202319383621216,-0.2238914966583252,-0.00510773577366308,0.12408190965652466,-0.22639960050582886,-0.014366501035283363,-0.009752243757247925,-0.18512141704559326,0.007736327567954504,0.05845451354980469,-0.22425788640975952,-0.006507561566422737,0.09832572937011719,-0.2310885787010193,-0.016731950478742874,0.13200610876083374,-0.23238509893417358,-0.02242605297465161,-0.0014178156852722168,-0.1700931191444397,-0.010361172283182896,0.06334525346755981,-0.20720988512039185,-0.020966121019910133,0.1040847897529602,-0.2207571268081665,-0.023694747151921547,0.13547199964523315,-0.22808700799942017,-0.024178459333370483,0.01736512780189514,-0.14637893438339233,-0.02922873667080239,0.06614053249359131,-0.17825329303741455,-0.03189685104985074,0.09611588716506958,-0.19640928506851196,-0.02954270786244706,0.12132459878921509,-0.20928555727005005,-0.02765127366978959
0.0,0.0,0.0,0.060591936111450195,-0.062225937843322754,0.012448391021166572,0.07620716094970703,-0.11743700504302979,0.013738735654328593,0.09172970056533813,-0.15622836351394653,0.00833020646211935,0.1068989634513855,-0.18401294946670532,0.0047645192415757265,-0.0031933188438415527,-0.18749910593032837,0.02606070980516506,0.05207937955856323,-0.21538299322128296,0.012748382129643687,0.08997189998626709,-0.22136849164962769,-0.00025505952100957074,0.12118351459503174,-0.22390753030776978,-0.008703675045694581,-0.008711755275726318,-0.18214130401611328,0.009731815271948108,0.05980402231216431,-0.22248166799545288,-0.003872104379411212,0.09805089235305786,-0.22822266817092896,-0.013322702533628217,0.13054901361465454,-0.22744548320770264,-0.018180640338982812,-0.0013197064399719238,-0.1677975058555603,-0.008819225168849698,0.06482487916946411,-0.20376449823379517,-0.018873257487143746,0.10463368892669678,-0.21629178524017334,-0.021512160002316705,0.13549679517745972,-0.2229710817337036,-0.021836446522797814,0.01635804772377014,-0.14486652612686157,-0.02790219329210686,0.06683462858200073,-0.17438703775405884,-0.029926007538165322,0.09673553705215454,-0.19120115041732788,-0.02768607243808674,0.12172818183898926,-0.20379430055618286,-0.025987055077280274
0.0,0.0,0.0,0.0601675808429718,-0.06010878086090088,0.01144461123254814,0.07596156001091003,-0.11694848537445068,0.013097063395946407,0.09167107939720154,-0.1565152406692505,0.008401983175247096,0.10765501856803894,-0.1828305721282959,0.00552589282375493,-0.0039328932762146,-0.18770372867584229,0.025374221373169803,0.05042114853858948,-0.21636658906936646,0.01193086033669033,0.08933839201927185,-0.22283047437667847,-0.0012833569293775327,0.12107488512992859,-0.22505265474319458,-0.009856653642088986,-0.00877600908279419,-0.1827181577682495,0.009941613059311294,0.05841311812400818,-0.22378212213516235,-0.004154212549508429,0.09729412198066711,-0.22946089506149292,-0.01420888794604025,0.12956860661506653,-0.22836989164352417,-0.019359798412949658,-0.0007417500019073486,-0.16797441244125366,-0.007676310613931037,0.06364813446998596,-0.20567268133163452,-0.01879238268378458,0.10328951478004456,-0.21849530935287476,-0.02216573921981535,0.13333293795585632,-0.22531354427337646,-0.022689539250166035,0.01725277304649353,-0.14480316638946533,-0.025780200269252873,0.0661630928516388,-0.17495930194854736,-0.02914716979506693,0.09574171900749207,-0.1925199031829834,-0.027728057708770848,0.12057140469551086,-0.20572137832641602,-0.02635228751245222
0.0,0.0,0.0,0.058082401752471924,-0.0641893744468689,0.011437345130161702,0.07204961776733398,-0.1200251579284668,0.012312720363752305,0.08596068620681763,-0.15937864780426025,0.006869549231396377,0.102047860622406,-0.18403935432434082,0.0032089851533783076,-0.009945213794708252,-0.18856513500213623,0.024005678316370904,0.048102617263793945,-0.216325044631958,0.010785382075027883,0.08735638856887817,-0.2228260040283203,-0.00216925929134959,0.118854820728302,-0.22530633211135864,-0.01070651987402016,-0.013673365116119385,-0.18329471349716187,0.008461809551135957,0.05493980646133423,-0.2233123779296875,-0.004799034146799386,0.0937768816947937,-0.2298622727394104,-0.013988057317419589,0.12577462196350098,-0.23042607307434082,-0.019052785987241805,-0.004136472940444946,-0.16868168115615845,-0.00917299946604544,0.061808645725250244,-0.20661967992782593,-0.019001507366283477,0.1015998125076294,-0.22073936462402344,-0.021609340960367263,0.13187354803085327,-0.22886955738067627,-0.02217031752525145,0.015739023685455322,-0.14548051357269287,-0.027345328757746756,0.06552755832672119,-0.17656058073043823,-0.029513611624224723,0.09494924545288086,-0.19433921575546265,-0.027193525040729583,0.11905163526535034,-0.2074277400970459,-0.025452246124132216
0.0,0.0,0.0,0.055783480405807495,-0.06531453132629395,0.009397784697625866,0.06909796595573425,-0.12544500827789307,0.010136620591197243,0.08110162615776062,-0.16932529211044312,0.0053417906004824545,0.09470483660697937,-0.19905966520309448,0.002516880848247638,-0.004042118787765503,-0.18562960624694824,0.018496089133236637,0.05333128571510315,-0.21407079696655273,0.002453742765624156,0.09340599179267883,-0.22184807062149048,-0.011492497769381771,0.12601646780967712,-0.2257135510444641,-0.019880942550685177,-0.00728490948677063,-0.17896324396133423,0.004270456715289583,0.062316328287124634,-0.21858960390090942,-0.01043263125905014,0.10338523983955383,-0.22727739810943604,-0.019415020493056545,0.137680321931839,-0.22967800498008728,-0.023991792944457302,0.0021328628063201904,-0.16329121589660645,-0.012203680833067665,0.06804493069648743,-0.19868212938308716,-0.023021466580416927,0.10962250828742981,-0.21258562803268433,-0.025693160963442097,0.14181938767433167,-0.22073900699615479,-0.025972611752536068,0.02094760537147522,-0.13977015018463135,-0.02937298781910158,0.07100728154182434,-0.1679888367652893,-0.03147230252363897,0.10068252682685852,-0.18551099300384521,-0.029158247185137043,0.1251066029071808,-0.19841831922531128,-0.027348638993885288
0.0,0.0,0.0,0.05731034278869629,-0.0698055624961853,0.00880564635593828,0.06976228952407837,-0.12797975540161133,0.008770822342228257,0.08077454566955566,-0.17035341262817383,0.0031049815283381577,0.09413588047027588,-0.19646435976028442,-0.0005815614436528449,-0.008793383836746216,-0.19028979539871216,0.019555474426340425,0.05049234628677368,-0.21783536672592163,0.0041861983758622046,0.0896068811416626,-0.2238529920578003,-0.009772362392652667,0.12154805660247803,-0.22642481327056885,-0.01869626643161837,-0.012335509061813354,-0.18426775932312012,0.005248817410063111,0.057128071784973145,-0.22294896841049194,-0.009133541230369246,0.09642374515533447,-0.23013383150100708,-0.018103321288037932,0.1298883557319641,-0.23206722736358643,-0.023149394635368026,-0.0023289918899536133,-0.16828560829162598,-0.01143487097721163,0.06480473279953003,-0.20416975021362305,-0.022804214824247993,0.10618776082992554,-0.21938705444335938,-0.02583114916484419,0.1389598846435547,-0.2291666865348816,-0.026556416619825995,0.01816663146018982,-0.1431642770767212,-0.028823121655989326,0.07015401124954224,-0.17313510179519653,-0.03176044972639147,0.10055363178253174,-0.19109982252120972,-0.029606233556080497,0.1253167986869812,-0.20453792810440063,-0.02802260892491404
0.0,0.0,0.0,0.059951454401016235,-0.06915944814682007,0.012727657705340789,0.07139691710472107,-0.12748020887374878,0.013944521918688224,0.08119037747383118,-0.16977006196975708,0.008379936590586112,0.09268376231193542,-0.19866657257080078,0.004427458997611211,-0.008259207010269165,-0.19064587354660034,0.02452738713452618,0.05049470067024231,-0.21717679500579834,0.009936626441572116,0.08885833621025085,-0.22330814599990845,-0.003970782831515862,0.11981621384620667,-0.22652751207351685,-0.013048178144003941,-0.013031452894210815,-0.1843017339706421,0.007742984127048658,0.05846896767616272,-0.22249042987823486,-0.0067367414945920245,0.09794238209724426,-0.22930538654327393,-0.016532475687768056,0.13113799691200256,-0.23091566562652588,-0.021848004870321347,-0.004294097423553467,-0.16828280687332153,-0.011207164824213578,0.06483867764472961,-0.20387578010559082,-0.022328612022306515,0.10589799284934998,-0.21763181686401367,-0.025148286111857487,0.13753023743629456,-0.22625917196273804,-0.02561284843852718,0.015102237462997437,-0.14323687553405762,-0.03059818837812145,0.0685102641582489,-0.17243564128875732,-0.03341382797827919,0.09921619296073914,-0.19014066457748413,-0.030960346199776723,0.1240939199924469,-0.20360243320465088,-0.029085597582366063
0.0,0.0,0.0,0.05710670351982117,-0.06832617521286011,0.011382346388472797,0.06986048817634583,-0.12662887573242188,0.012506545868291141,0.08137068152427673,-0.1681056022644043,0.007327771161271812,0.09521040320396423,-0.1935005784034729,0.003957729202284099,-0.008342266082763672,-0.190399169921875,0.02385727443970609,0.05214020609855652,-0.21612733602523804,0.009867665704859974,0.09111902117729187,-0.22227197885513306,-0.0032304023648066504,0.12329515814781189,-0.22496235370635986,-0.01172200835071635,-0.011462479829788208,-0.18476474285125732,0.008316385906709911,0.059728652238845825,-0.22270452976226807,-0.005282397034989117,0.09833213686943054,-0.22936296463012695,-0.014186235729084729,0.13145217299461365,-0.23070043325424194,-0.01898868067883086,-0.0013477206230163574,-0.169394850730896,-0.009500991206095932,0.06693890690803528,-0.20557785034179688,-0.01986119209550452,0.1070115864276886,-0.2193598747253418,-0.02263075916789603,0.13831254839897156,-0.22773349285125732,-0.023134993973599194,0.019057363271713257,-0.1445520520210266,-0.027841166246162175,0.07154294848442078,-0.17477941513061523,-0.029882202509270428,0.10149678587913513,-0.1921786665916443,-0.0275118300946815,0.1257275640964508,-0.2055279016494751,-0.02578729822062087
0.0,0.0,0.0,0.05677288770675659,-0.06549358367919922,0.012335598981792373,0.0686684250831604,-0.12356281280517578,0.014319221070820731,0.0805201530456543,-0.1662653684616089,0.009860677226299686,0.09356105327606201,-0.19383251667022705,0.00711536738168661,-0.008353620767593384,-0.1872815489768982,0.025682792580539626,0.049981892108917236,-0.2139720916748047,0.013530862099344176,0.08780795335769653,-0.22143739461898804,0.0013551853372177902,0.11807966232299805,-0.22656947374343872,-0.0067497207309656915,-0.011206448078155518,-0.1818585991859436,0.010147523647958678,0.058448612689971924,-0.21925026178359985,-0.0018110103664525923,0.09655839204788208,-0.2258213758468628,-0.010506718837802964,0.12869912385940552,-0.22765016555786133,-0.015369212673192578,-0.0008637905120849609,-0.16619551181793213,-0.007455581751798945,0.06542861461639404,-0.20037275552749634,-0.016452999272530633,0.10518532991409302,-0.21382445096969604,-0.019071572878544885,0.135994553565979,-0.2218274474143982,-0.019776429467981416,0.01971408724784851,-0.14117980003356934,-0.025494645767992097,0.0711601972579956,-0.16977888345718384,-0.026794334360545236,0.10092788934707642,-0.18735826015472412,-0.02421309002596672,0.1252427101135254,-0.2003125548362732,-0.02248296835381325
0.0,0.0,0.0,0.053069502115249634,-0.06503885984420776,0.011776687874601066,0.06615456938743591,-0.1211097240447998,0.013463836460516632,0.07959118485450745,-0.16019874811172485,0.009027948900268257,0.09364357590675354,-0.18315356969833374,0.006486079021499336,-0.007130086421966553,-0.18558120727539062,0.025680451951132,0.04997721314430237,-0.2102947235107422,0.013944682962403476,0.08742818236351013,-0.21348553895950317,0.0019595886759020686,0.11752858757972717,-0.2138102650642395,-0.005908774846091092,-0.006798654794692993,-0.17999714612960815,0.011143700516925037,0.0592096745967865,-0.2151038646697998,0.0003540469977565408,0.09499660134315491,-0.21875923871994019,-0.007648701482310116,0.1241353452205658,-0.21716350317001343,-0.012219782621457398,0.005592703819274902,-0.16452986001968384,-0.0055030716404758095,0.06735512614250183,-0.19777989387512207,-0.01252789672543031,0.10395625233650208,-0.20909887552261353,-0.014570790045752346,0.1321975290775299,-0.2151302695274353,-0.015169731975390732,0.027502477169036865,-0.13960182666778564,-0.022723412775292218,0.07443812489509583,-0.16810327768325806,-0.021820821502103627,0.10188576579093933,-0.18496644496917725,-0.018590281420244992,0.12428364157676697,-0.1978299617767334,-0.016715033613934338
0.0,0.0,0.0,0.04815244674682617,-0.058538734912872314,0.010961698077380788,0.06179499626159668,-0.10937654972076416,0.012390259362518918,0.0796123743057251,-0.14267605543136597,0.00788205832964195,0.09795641899108887,-0.1622776985168457,0.005164344504237306,-0.00809776782989502,-0.17353546619415283,0.023949816532194745,0.04686105251312256,-0.20013654232025146,0.012208337604761255,0.08375078439712524,-0.2062109112739563,0.0001684362653122662,0.11454474925994873,-0.2086297869682312,-0.007858325086772311,-0.007416188716888428,-0.17015743255615234,0.009795251942932737,0.05641287565231323,-0.20667454600334167,-0.0007241687851546885,0.09168916940689087,-0.21166002750396729,-0.009053178422391284,0.12112128734588623,-0.21143686771392822,-0.014206833496928084,0.00464940071105957,-0.15784621238708496,-0.006348085880517829,0.06536799669265747,-0.1915128231048584,-0.01327312487387644,0.10134536027908325,-0.20262622833251953,-0.015572287433087695,0.12907201051712036,-0.20811370015144348,-0.016662806563317645,0.024902015924453735,-0.13768929243087769,-0.023099011101066935,0.07105374336242676,-0.1652134656906128,-0.022749131836235392,0.09801971912384033,-0.1812308430671692,-0.019933328323304522,0.12008386850357056,-0.19306975603103638,-0.01842528238171326
0.0,0.0,0.0,0.047239840030670166,-0.061740338802337646,0.012514770522045637,0.06108361482620239,-0.11591792106628418,0.015191002308654333,0.07847005128860474,-0.15148544311523438,0.011665014109837557,0.09504485130310059,-0.17221128940582275,0.00966125030748799,-0.006924033164978027,-0.17482095956802368,0.024912909164356734,0.048116445541381836,-0.20255309343338013,0.013842562704610373,0.08491349220275879,-0.2085782289505005,0.0025240776848818314,0.11525583267211914,-0.2117927372455597,-0.005004230395627474,-0.005611807107925415,-0.17025107145309448,0.01022604343228295,0.058338165283203125,-0.20840191841125488,-0.00020620748188093785,0.09406447410583496,-0.21429699659347534,-0.008326627754343008,0.1230667233467102,-0.2141481637954712,-0.013101321154010748,0.007045954465866089,-0.1558263897895813,-0.00635940765283749,0.06695723533630371,-0.19152629375457764,-0.013230863467526888,0.10337823629379272,-0.20384955406188965,-0.016026189059687113,0.13129347562789917,-0.2099871039390564,-0.017234509319735025,0.028190255165100098,-0.13295650482177734,-0.023374700427723383,0.07349169254302979,-0.16398334503173828,-0.022906170666885828,0.09996718168258667,-0.18196874856948853,-0.02060049350626514,0.12174683809280396,-0.19497805833816528,-0.01950083623893306
0.0,0.0,0.0,0.048158615827560425,-0.06143707036972046,0.013586339262701586,0.061343640089035034,-0.11329138278961182,0.015788830538667753,0.07879361510276794,-0.14747190475463867,0.011495976430751398,0.0960453450679779,-0.16812419891357422,0.008751922940291479,-0.010907799005508423,-0.18199318647384644,0.026207690780438497,0.045583099126815796,-0.21006685495376587,0.015515585151888445,0.08341071009635925,-0.2180558443069458,0.004240278807856157,0.11448755860328674,-0.22350245714187622,-0.0035573631046190712,-0.009920746088027954,-0.17632365226745605,0.01048939926681669,0.05590900778770447,-0.2151045799255371,0.00026578407982924546,0.09299948811531067,-0.2221108078956604,-0.007593189178578541,0.12327978014945984,-0.2241796851158142,-0.012373467254064963,0.003033965826034546,-0.16058295965194702,-0.007091534136407063,0.0642382800579071,-0.19743335247039795,-0.014323321449182913,0.10113665461540222,-0.21097815036773682,-0.01648807739707081,0.12939617037773132,-0.2196495532989502,-0.01734342081340401,0.02531588077545166,-0.13669836521148682,-0.025011798644982264,0.0706227719783783,-0.16902893781661987,-0.02523884763809292,0.09773746132850647,-0.18744748830795288,-0.022614585513792917,0.12017950415611267,-0.2018175721168518,-0.021238342205606386
0.0,0.0,0.0,0.04616039991378784,-0.0596122145652771,0.0129233622141669,0.060659050941467285,-0.11022424697875977,0.01519193362076976,0.07965612411499023,-0.14298880100250244,0.011239875588614723,0.09754139184951782,-0.1631602644920349,0.009080140400726577,-0.008550554513931274,-0.17834633588790894,0.026372757289607307,0.04674386978149414,-0.2055647373199463,0.01596371318777301,0.08421838283538818,-0.2104077935218811,0.004878610387493154,0.11465221643447876,-0.21210122108459473,-0.002566605092908958,-0.005997031927108765,-0.17373228073120117,0.011503397036392471,0.057702720165252686,-0.21282684803009033,0.0018583753994221297,0.09388172626495361,-0.2169262170791626,-0.006040499996345261,0.1224520206451416,-0.21535003185272217,-0.010766383711199978,0.007744580507278442,-0.15904384851455688,-0.005253266062538842,0.0664834976196289,-0.19642609357833862,-0.01156597536424897,0.10269737243652344,-0.20726913213729858,-0.013843632753889779,0.12978893518447876,-0.21246016025543213,-0.014797177616458157,0.030407845973968506,-0.13559961318969727,-0.022416904088061074,0.0738338828086853,-0.1675502061843872,-0.021568074341814736,0.0997733473777771,-0.18527257442474365,-0.018805311512153366,0.12077152729034424,-0.19874954223632812,-0.01743760284404061
0.0,0.0,0.0,0.048628926277160645,-0.06049126386642456,0.012765502901430636,0.061782121658325195,-0.11232262849807739,0.014458496467824489,0.07838451862335205,-0.14663714170455933,0.009879952640886813,0.09402722120285034,-0.16737061738967896,0.00700104410728386,-0.008188605308532715,-0.18195825815200806,0.02491965365564397,0.04818767309188843,-0.20991134643554688,0.013694955380316287,0.08575743436813354,-0.21555858850479126,0.0020474964935885964,0.11661803722381592,-0.21822744607925415,-0.005875229491238088,-0.006629467010498047,-0.1770012378692627,0.009703621612544566,0.059018492698669434,-0.21550089120864868,-0.0006095763578457536,0.0959465503692627,-0.2205837368965149,-0.00862505252504775,0.12584936618804932,-0.22039800882339478,-0.013538407748882264,0.006734013557434082,-0.16190338134765625,-0.007413183925990552,0.06766778230667114,-0.19746309518814087,-0.014252655795161218,0.10429751873016357,-0.2092718482017517,-0.016740625379924268,0.13208520412445068,-0.21571701765060425,-0.017935426561479062,0.02898043394088745,-0.13829398155212402,-0.02498661506021449,0.07361030578613281,-0.16823101043701172,-0.02467308531547019,0.10042077302932739,-0.18615597486495972,-0.022406944660787076,0.12249869108200073,-0.20010530948638916,-0.021428212179188222
0.0,0.0,0.0,0.0429551899433136,-0.06197714805603027,0.011520809312600022,0.05498728156089783,-0.11659729480743408,0.012791017820376283,0.07039836049079895,-0.15288418531417847,0.008126667519348985,0.0861225426197052,-0.17423057556152344,0.005180488159197694,-0.007968038320541382,-0.18100309371948242,0.023622252797025567,0.04828187823295593,-0.2087538242340088,0.012629067343908673,0.08666321635246277,-0.21580839157104492,0.0015532122275487836,0.11736223101615906,-0.21889770030975342,-0.005589981744748229,-0.004628926515579224,-0.17642933130264282,0.009525050227779275,0.059276193380355835,-0.21453315019607544,0.0002755522660606857,0.09653958678245544,-0.22041094303131104,-0.006880748732697839,0.12620291113853455,-0.2205103039741516,-0.011233560922306651,0.01021626591682434,-0.16184675693511963,-0.006555262203079337,0.06965240836143494,-0.19765955209732056,-0.012316057639878863,0.10649749636650085,-0.20988690853118896,-0.014711979026657218,0.13424625992774963,-0.21604633331298828,-0.015899849305611724,0.033341795206069946,-0.1382894515991211,-0.02314470819638359,0.07794162631034851,-0.1697409749031067,-0.02199220768616783,0.1047188937664032,-0.18689364194869995,-0.01946722268567669,0.12634143233299255,-0.19931304454803467,-0.018222839752894515
0.0,0.0,0.0,0.04428723454475403,-0.06067097187042236,0.013841963668681956,0.05877158045768738,-0.11528509855270386,0.016671384980298853,0.07744577527046204,-0.1506589651107788,0.013188010377206183,0.0930308997631073,-0.1719539761543274,0.011293364984311438,-0.006169527769088745,-0.17998003959655762,0.026528164108611918,0.04966363310813904,-0.20756393671035767,0.016451799606301165,0.08782395720481873,-0.2129054069519043,0.005795990878112889,0.11874261498451233,-0.21499758958816528,-0.0012979488192570443,-0.0038568973541259766,-0.17518198490142822,0.011422043030478335,0.06076046824455261,-0.2134825587272644,0.0024378977877574926,0.09838530421257019,-0.21833783388137817,-0.004835944792858982,0.1282549798488617,-0.21787488460540771,-0.009234918917201185,0.010301202535629272,-0.1595509648323059,-0.005489708094529533,0.06978115439414978,-0.19681566953659058,-0.011541756505749845,0.10695818066596985,-0.2079424262046814,-0.013734355273328447,0.13491395115852356,-0.21369194984436035,-0.014665980527780675,0.033402830362319946,-0.1349758505821228,-0.022676727438948774,0.07752206921577454,-0.16666185855865479,-0.021988915915272855,0.10456106066703796,-0.1839504837989807,-0.01947922509410205,0.12665215134620667,-0.1969897747039795,-0.01823066797354045
0.0,0.0,0.0,0.04746931791305542,-0.06471812725067139,0.00930266899348453,0.06022608280181885,-0.12070566415786743,0.009545059663366828,0.07364541292190552,-0.15939486026763916,0.004371979993891273,0.08725094795227051,-0.1830013394355774,0.0012044033716733793,-0.007303386926651001,-0.18388593196868896,0.019810712685000453,0.05009526014328003,-0.2105732560157776,0.006010445089202676,0.08931577205657959,-0.21909183263778687,-0.006875733590561595,0.12175047397613525,-0.2241308093070984,-0.01505616794048592,-0.0059566497802734375,-0.17855232954025269,0.006210512270342861,0.05968683958053589,-0.21633797883987427,-0.006186891092795577,0.09716206789016724,-0.22387218475341797,-0.01421031004457518,0.1279657483100891,-0.2260412573814392,-0.018660213078248944,0.007632821798324585,-0.16337436437606812,-0.009568302172112908,0.06848132610321045,-0.1988775134086609,-0.017947723368990864,0.10560071468353271,-0.21233659982681274,-0.020199311177123036,0.13442683219909668,-0.21991419792175293,-0.020651064093101468,0.030463695526123047,-0.13882756233215332,-0.026088041464674916,0.0765882134437561,-0.16992312669754028,-0.02649878638504788,0.10407739877700806,-0.18818658590316772,-0.02413234228907868,0.12681901454925537,-0.20185405015945435,-0.022642747710335698
0.0,0.0,0.0,0.04490065574645996,-0.06101590394973755,0.012735919545036722,0.05791193246841431,-0.11501896381378174,0.014307464922410418,0.07583826780319214,-0.15032267570495605,0.009784299398404528,0.09187304973602295,-0.17100083827972412,0.007018419897747208,-0.00757598876953125,-0.18280738592147827,0.023879196012956072,0.050713300704956055,-0.20929354429244995,0.012839145476561953,0.08919739723205566,-0.21413874626159668,0.001715992677588929,0.12063467502593994,-0.216180682182312,-0.0056753526603756654,-0.004598468542098999,-0.17664819955825806,0.009036273213666846,0.06240922212600708,-0.2148205041885376,-0.0009524911454832363,0.10011988878250122,-0.21966439485549927,-0.008405518268602918,0.1303389072418213,-0.21946007013320923,-0.01284670784826858,0.009958714246749878,-0.16047626733779907,-0.0076203989027021635,0.07103252410888672,-0.1966555118560791,-0.014150008109766077,0.10818266868591309,-0.20788776874542236,-0.016314767782944273,0.1359383463859558,-0.21383297443389893,-0.017251825441974233,0.03320997953414917,-0.13593828678131104,-0.02465384501721246,0.0778038501739502,-0.16655004024505615,-0.0239421581080137,0.10460925102233887,-0.18367338180541992,-0.02139267932381017,0.12645035982131958,-0.1966482400894165,-0.020178694759863447
0.0,0.0,0.0,0.0471571683883667,-0.0663602352142334,0.01417456211180479,0.05786728858947754,-0.11954796314239502,0.01564036884934694,0.07093894481658936,-0.1555144190788269,0.0103812135535577,0.0843045711517334,-0.17688405513763428,0.006602484431425637,-0.006405681371688843,-0.18093013763427734,0.02575247192413599,0.05020284652709961,-0.20740872621536255,0.01424369698048622,0.0883781909942627,-0.213714599609375,0.0025746560900756776,0.11909782886505127,-0.21669745445251465,-0.004984200767864877,-0.004334837198257446,-0.17629873752593994,0.00991423444480688,0.06124472618103027,-0.21389883756637573,0.0002523106127796382,0.09809786081314087,-0.2188732624053955,-0.0069777386483451664,0.1280728578567505,-0.21866434812545776,-0.011289676487137967,0.00945386290550232,-0.16181766986846924,-0.007801549344947034,0.07106882333755493,-0.1975744366645813,-0.013827530502965146,0.10814476013183594,-0.2098315954208374,-0.01575877501039713,0.13665026426315308,-0.2161632776260376,-0.016560988336493665,0.03206139802932739,-0.13738977909088135,-0.025866940453340703,0.079234778881073,-0.16712892055511475,-0.024508897050907308,0.10674315690994263,-0.18401968479156494,-0.021300723612000638,0.1289723515510559,-0.1968950629234314,-0.019541032448103124
0.0,0.0,0.0,0.03833910822868347,-0.06156843900680542,0.009476216422172001,0.0501420795917511,-0.11893200874328613,0.008980498561413697,0.0667022168636322,-0.15673357248306274,0.0030529810169355187,0.08329340815544128,-0.17846161127090454,-0.0009658330532147374,-0.006261855363845825,-0.1822957992553711,0.01861852491811078,0.05060175061225891,-0.2093648910522461,0.006275742692650965,0.08943811058998108,-0.21658122539520264,-0.004837944260088989,0.11994048953056335,-0.21893417835235596,-0.011775887659041473,-0.0030807554721832275,-0.17633098363876343,0.005144806956650427,0.06079426407814026,-0.21307969093322754,-0.004737953743187973,0.09864947199821472,-0.21880865097045898,-0.010883300652949401,0.1289970576763153,-0.21912038326263428,-0.014497905126063415,0.011722862720489502,-0.16061711311340332,-0.010378143837897369,0.07137992978096008,-0.19521981477737427,-0.016521827405540535,0.10865500569343567,-0.2072959542274475,-0.01778521676942546,0.13693657517433167,-0.21317952871322632,-0.018198384991137573,0.03468194603919983,-0.13562166690826416,-0.02659702216669757,0.07929983735084534,-0.16631120443344116,-0.025736644020526,0.10640200972557068,-0.1826263666152954,-0.022951590916363784,0.12837937474250793,-0.19428855180740356,-0.0214222847430392
0.0,0.0,0.0,0.044354021549224854,-0.06638741493225098,0.01358946716973719,0.05809283256530762,-0.12183624505996704,0.015819461332654328,0.0756646990776062,-0.15912574529647827,0.011564026834463448,0.09004950523376465,-0.18224865198135376,0.008949139403199524,-0.006810307502746582,-0.18216925859451294,0.026791117401813835,0.04903668165206909,-0.21033459901809692,0.016421335997080178,0.08732515573501587,-0.21605205535888672,0.005692933933829636,0.1174081563949585,-0.21786582469940186,-0.0012896905969626005,-0.003407299518585205,-0.17662912607192993,0.011579326601719231,0.06014615297317505,-0.21496260166168213,0.002862256966551513,0.09697264432907104,-0.21972453594207764,-0.004135561859214931,0.1264062523841858,-0.21937137842178345,-0.008270025005543857,0.011196404695510864,-0.16125786304473877,-0.005493138669038444,0.07026535272598267,-0.19722586870193481,-0.010675354612970978,0.10640841722488403,-0.2073878049850464,-0.011667452504838138,0.13392627239227295,-0.21215283870697021,-0.011848453184569507,0.03377801179885864,-0.13582783937454224,-0.023027670321965843,0.0779644250869751,-0.1674606204032898,-0.021188310099745422,0.10471338033676147,-0.18420469760894775,-0.017416083006168037,0.12644267082214355,-0.19642412662506104,-0.015214108614230781
0.0,0.0,0.0,0.04567915201187134,-0.06433218717575073,0.012988838418579007,0.059766173362731934,-0.12082010507583618,0.014828868261730577,0.07696068286895752,-0.1579214334487915,0.010311124897754098,0.09193664789199829,-0.18043333292007446,0.007517240061616803,-0.0051583945751190186,-0.1840241551399231,0.024669684521114732,0.053182363510131836,-0.21057850122451782,0.013152543506777192,0.09149432182312012,-0.21642839908599854,0.001996416882803942,0.12253910303115845,-0.21821218729019165,-0.005159378931665515,-0.0033519864082336426,-0.17734646797180176,0.009341765246546174,0.06320780515670776,-0.21430444717407227,-0.0009396734598965395,0.10106229782104492,-0.22006863355636597,-0.008170671709621047,0.1317070722579956,-0.21968156099319458,-0.012246590056264495,0.010245978832244873,-0.16086339950561523,-0.007954257488989924,0.07243412733078003,-0.19609463214874268,-0.01444000279977331,0.11008965969085693,-0.20775192975997925,-0.016229128413641547,0.13872474431991577,-0.2134607434272766,-0.01666957134827385,0.032660841941833496,-0.13555389642715454,-0.025728648477041816,0.07926726341247559,-0.16676443815231323,-0.024820877187693213,0.107174813747406,-0.1838926076889038,-0.02194627555533657,0.129719078540802,-0.19631028175354004,-0.020294118621194457
0.0,0.0,0.0,0.07598602771759033,-0.08172917366027832,0.010461381356606125,0.09539952874183655,-0.16375547647476196,0.009425452630409836,0.11420851945877075,-0.22013795375823975,0.0012900223484280104,0.13360202312469482,-0.2568190097808838,-0.0043256001552549606,-0.018680214881896973,-0.2588151693344116,0.015292321983167767,0.06650850176811218,-0.3017212152481079,-0.008961580042353035,0.1217108964920044,-0.31220442056655884,-0.02883041957448995,0.1683511734008789,-0.3142487108707428,-0.04089037263821638,-0.026142627000808716,-0.24652868509292603,-0.004406068288346887,0.07510164380073547,-0.30907201766967773,-0.03134454349111593,0.13382792472839355,-0.31910204887390137,-0.04657814214061773,0.1811891794204712,-0.31595778465270996,-0.05318592051099813,-0.013454169034957886,-0.22021484375,-0.0263600715441612,0.08432018756866455,-0.2775307297706604,-0.04679614612888372,0.14461231231689453,-0.29709649085998535,-0.05292530665229833,0.18954133987426758,-0.30658262968063354,-0.05343463206719434,0.014629244804382324,-0.18376344442367554,-0.048860735539904,0.09046345949172974,-0.22871720790863037,-0.056350923423281074,0.13423460721969604,-0.256397545337677,-0.05526262084077871,0.16743820905685425,-0.2768627405166626,-0.05338784614633596
0.0,0.0,0.0,0.07620525360107422,-0.08749359846115112,0.016729614177961594,0.10007604956626892,-0.165330171585083,0.01791467186274076,0.125806987285614,-0.21763211488723755,0.010604080224652535,0.15029948949813843,-0.2517610788345337,0.005186574014146572,-0.009216219186782837,-0.26465827226638794,0.028063742855806595,0.07126620411872864,-0.2982866168022156,0.008137867266555077,0.12504494190216064,-0.30828097462654114,-0.010850887333731407,0.1702532172203064,-0.31143420934677124,-0.023443994631747955,-0.018897712230682373,-0.2518160939216614,0.005391356947143322,0.07954356074333191,-0.2996571660041809,-0.01699084374843096,0.1370176076889038,-0.30695176124572754,-0.0317051834964559,0.18594706058502197,-0.3031766712665558,-0.038908926358203644,-0.011080622673034668,-0.2245272397994995,-0.0194024830663011,0.08543661236763,-0.27072858810424805,-0.03605631883976912,0.14426839351654053,-0.2832457423210144,-0.04002159978983855,0.18918943405151367,-0.28874582052230835,-0.03985892008779501,0.008833974599838257,-0.18448179960250854,-0.04448875184891676,0.08346301317214966,-0.2255358099937439,-0.04988315101502394,0.12662678956985474,-0.24923968315124512,-0.04727707948325133,0.16035771369934082,-0.2678454518318176,-0.04453255008695578
0.0,0.0,0.0,0.07887247204780579,-0.08811873197555542,0.013644252688379765,0.10218513011932373,-0.17101192474365234,0.014160720416100503,0.12293648719787598,-0.22674602270126343,0.006823975843133212,0.1429329514503479,-0.2645508050918579,0.0019915800250487337,-0.012628912925720215,-0.26378363370895386,0.023142793931754113,0.07108452916145325,-0.30148380994796753,2.3811318158095673e-05,0.12461608648300171,-0.31135284900665283,-0.01938448122820091,0.17116737365722656,-0.3141316771507263,-0.03119583263179493,-0.021889954805374146,-0.2513020634651184,0.0018540756020115623,0.08062753081321716,-0.30715036392211914,-0.023836339107958793,0.13773059844970703,-0.31654220819473267,-0.03809200435063076,0.18611353635787964,-0.3137001395225525,-0.04390327840229702,-0.011361509561538696,-0.22431659698486328,-0.022019015840498923,0.08945262432098389,-0.2757542133331299,-0.04151869773050976,0.15041077136993408,-0.2947346568107605,-0.046453567437140464,0.19777464866638184,-0.3054068088531494,-0.04598207234522533,0.014567762613296509,-0.1863260269165039,-0.046408487699238776,0.09330594539642334,-0.22777056694030762,-0.052871266595332145,0.13857311010360718,-0.2539898157119751,-0.05074400290033054,0.1739344596862793,-0.2751259207725525,-0.04806861116668415
0.0,0.0,0.0,0.076234370470047,-0.08113378286361694,0.009535379241583541,0.09899073839187622,-0.16113793849945068,0.008189109619138435,0.12010985612869263,-0.21418911218643188,-0.00016326656680121232,0.14008408784866333,-0.24956917762756348,-0.005969601683887049,-0.015047729015350342,-0.2566981315612793,0.016147573012290195,0.0687100887298584,-0.2949559688568115,-0.008631785866441533,0.12303286790847778,-0.30321943759918213,-0.029145570006789967,0.16914087533950806,-0.3035812973976135,-0.041423884686651036,-0.022945910692214966,-0.24561071395874023,-0.0030202351050547804,0.07780730724334717,-0.30151140689849854,-0.029748253059210583,0.13573235273361206,-0.3088076412677765,-0.044812934008064076,0.18278855085372925,-0.30412590503692627,-0.051320036408128544,-0.010877847671508789,-0.21957504749298096,-0.024706797209205433,0.08839952945709229,-0.270805299282074,-0.04508384829443912,0.14906853437423706,-0.286912739276886,-0.051000324544133946,0.19464516639709473,-0.2940790057182312,-0.051121329423608586,0.016291439533233643,-0.18245691061019897,-0.04710881179255466,0.09421786665916443,-0.22335273027420044,-0.054513236042680546,0.1386113166809082,-0.2479931116104126,-0.053066217806758686,0.17195940017700195,-0.2666587829589844,-0.05073508014959316
0.0,0.0,0.0,0.0753793716430664,-0.08215051889419556,0.012061708082683253,0.1003599762916565,-0.16208720207214355,0.011327268031664062,0.12526315450668335,-0.21635568141937256,0.003403388370998073,0.14948374032974243,-0.25400644540786743,-0.001949057157844436,-0.013752251863479614,-0.2678505778312683,0.01810133870435493,0.0746457576751709,-0.3063512444496155,-0.00454501161607368,0.13147401809692383,-0.315707266330719,-0.023573534155957532,0.1786642074584961,-0.31827425956726074,-0.03525144938635094,-0.02108079195022583,-0.25569844245910645,-0.002181665564648938,0.08565136790275574,-0.3125063180923462,-0.026690439845197034,0.14613324403762817,-0.3208252787590027,-0.040509935061209035,0.195576012134552,-0.31796199083328247,-0.04680531431245072,-0.008440107107162476,-0.2278156876564026,-0.024711347709171605,0.09562435746192932,-0.2814823389053345,-0.043406948040001225,0.1581350564956665,-0.2991523742675781,-0.04865571070718033,0.20499718189239502,-0.3071490526199341,-0.049061979691259694,0.018814563751220703,-0.18813318014144897,-0.047723445634119344,0.09810692071914673,-0.2317441701889038,-0.054128184507362676,0.14405488967895508,-0.25840944051742554,-0.0525400001208709,0.17947757244110107,-0.2781422734260559,-0.05058237497019036
0.0,0.0,0.0,0.0752687156200409,-0.07709962129592896,0.013014356038524966,0.0983920693397522,-0.14764100313186646,0.011539574145331244,0.12304270267486572,-0.19279271364212036,0.002167330487623076,0.14526164531707764,-0.2259206771850586,-0.004587364484564205,-0.013894438743591309,-0.26497817039489746,0.0207175960680388,0.07392281293869019,-0.30765384435653687,-0.0013003361960954862,0.1313292384147644,-0.3179100751876831,-0.020650726378903528,0.17881757020950317,-0.3202611804008484,-0.03245800417755618,-0.019600093364715576,-0.2544763684272766,-5.708523133307608e-05,0.08605596423149109,-0.3147614002227783,-0.023273239479408403,0.1461162567138672,-0.32299715280532837,-0.03721489441488757,0.19548940658569336,-0.31972479820251465,-0.043777924598202844,-0.004299640655517578,-0.2287909984588623,-0.0230982532808639,0.099018394947052,-0.28350090980529785,-0.03985396084283366,0.16112595796585083,-0.3022230863571167,-0.045345288337216516,0.20794743299484253,-0.31087279319763184,-0.04634574857448115,0.026098549365997314,-0.1902952790260315,-0.04672814217303767,0.10501420497894287,-0.23414582014083862,-0.05070992243383898,0.15032249689102173,-0.25995898246765137,-0.048173059345231195,0.1854788064956665,-0.279236376285553,-0.045960315139041086
0.0,0.0,0.0,0.08121591806411743,-0.08845531940460205,0.01644377188586077,0.10632961988449097,-0.16726768016815186,0.01811557972632727,0.13109219074249268,-0.22077208757400513,0.01083968823604664,0.1533491015434265,-0.25978732109069824,0.005922607721913664,-0.009516239166259766,-0.2633448839187622,0.026623785140145628,0.07752451300621033,-0.3026934266090393,0.00484405841507396,0.13368791341781616,-0.3125377893447876,-0.013125505653988512,0.1804458498954773,-0.31457245349884033,-0.023692204041253717,-0.015082597732543945,-0.2501477599143982,0.0037677340378650115,0.09053066372871399,-0.3079160451889038,-0.019988706691037805,0.1490110158920288,-0.3163312077522278,-0.033135582117211015,0.19682013988494873,-0.3119698762893677,-0.03829975461758295,-0.00046634674072265625,-0.22237706184387207,-0.021683400852452905,0.10274612903594971,-0.27505457401275635,-0.039260704425942095,0.16440945863723755,-0.2943512797355652,-0.04383750667966524,0.21089816093444824,-0.30373597145080566,-0.04339989682830492,0.028802722692489624,-0.18297207355499268,-0.04756539350546518,0.10755890607833862,-0.22691702842712402,-0.052069124189983995,0.15282762050628662,-0.2540120482444763,-0.049204975722204836,0.18766433000564575,-0.27387553453445435,-0.04630088096655527
0.0,0.0,0.0,0.07978808879852295,-0.0832444429397583,0.01132050908660176,0.10417282581329346,-0.15905803442001343,0.009601235459797408,0.12838685512542725,-0.2087070345878601,7.124900605504081e-06,0.1520146131515503,-0.2451024055480957,-0.006614879169262622,-0.007945239543914795,-0.26496297121047974,0.021660700510494735,0.07799482345581055,-0.30462831258773804,-0.0014649715039354305,0.13371753692626953,-0.3135330080986023,-0.020939156342990373,0.18017792701721191,-0.31510215997695923,-0.03247858204389331,-0.014834403991699219,-0.2528650760650635,0.0012276276948455234,0.08922794461250305,-0.3091922998428345,-0.022768193785793756,0.1472906470298767,-0.3164363503456116,-0.03608660392904994,0.19511663913726807,-0.31245505809783936,-0.041829109121806596,-0.000862419605255127,-0.22591835260391235,-0.02212687761033294,0.10116070508956909,-0.2780182957649231,-0.039530314435012315,0.16281938552856445,-0.2966652512550354,-0.043787639518029664,0.20931077003479004,-0.30578434467315674,-0.0434402375712466,0.028428494930267334,-0.18647456169128418,-0.04643432416463611,0.10754764080047607,-0.22947359085083008,-0.05048783116484401,0.15313446521759033,-0.2550767660140991,-0.04717648767376659,0.18772661685943604,-0.2743421792984009,-0.04411581524158237
0.0,0.0,0.0,0.07812643051147461,-0.07655251026153564,0.010722831658370069,0.10311591625213623,-0.14697951078414917,0.007973474285847715,0.12761783599853516,-0.19527310132980347,-0.002380373120956847,0.14920485019683838,-0.2338811159133911,-0.009638069362097212,-0.010740935802459717,-0.2649202346801758,0.020486706703252366,0.07552206516265869,-0.3078210949897766,-0.0017491697116724936,0.13273096084594727,-0.3188025951385498,-0.021091383115106055,0.1799921989440918,-0.3224852681159973,-0.03289238938754124,-0.01748695969581604,-0.2559950351715088,0.0006215821586579295,0.08751937747001648,-0.3165730834007263,-0.02266460114782376,0.1463647484779358,-0.32467120885849,-0.03606287592714352,0.19405847787857056,-0.3225160837173462,-0.04222024807398839,-0.0028493106365203857,-0.23169803619384766,-0.021926330567055174,0.10009175539016724,-0.28680235147476196,-0.03865495526855511,0.16012030839920044,-0.3047236204147339,-0.04336137154763264,0.20454418659210205,-0.31185823678970337,-0.04376901516383214,0.027497202157974243,-0.19438683986663818,-0.04539704525535626,0.10618603229522705,-0.2372111678123474,-0.04951777511899991,0.15106308460235596,-0.26278549432754517,-0.047220317811422774,0.18552166223526,-0.281585693359375,-0.04508723893826527
0.0,0.0,0.0,0.079488605260849,-0.08818948268890381,0.015316788668314985,0.1023932695388794,-0.16273468732833862,0.015066474305967859,0.12487995624542236,-0.2144075632095337,0.005784849266092351,0.14299523830413818,-0.25434184074401855,-0.001201130703520903,-0.012578010559082031,-0.27161866426467896,0.02576963752744632,0.07517379522323608,-0.312031090259552,0.0036437579919947893,0.13354778289794922,-0.3239148259162903,-0.015525507179518172,0.18126708269119263,-0.32875996828079224,-0.02719099856676621,-0.018652617931365967,-0.25938278436660767,0.0026412197412355454,0.08651849627494812,-0.31853175163269043,-0.02097897827388806,0.14672642946243286,-0.32765281200408936,-0.03475582822920842,0.19585639238357544,-0.32629144191741943,-0.04078699126603169,-0.004429817199707031,-0.23214417695999146,-0.023166302961726615,0.09816980361938477,-0.28592443466186523,-0.040865434703846404,0.15812170505523682,-0.30148130655288696,-0.04506214558841748,0.20188194513320923,-0.3084560036659241,-0.04447188824178738,0.024805843830108643,-0.192682683467865,-0.049598617849369475,0.10346388816833496,-0.23988127708435059,-0.05441297441484494,0.14839696884155273,-0.2662196159362793,-0.05141146331789059,0.18288546800613403,-0.2859862446784973,-0.04837291165949864
0.0,0.0,0.0,0.07953885197639465,-0.0792243480682373,0.0188603083166754,0.10074752569198608,-0.14704585075378418,0.01954780319067595,0.12399864196777344,-0.190077543258667,0.010254735921648717,0.1442497968673706,-0.22476434707641602,0.0027715329575812575,-0.010535776615142822,-0.26542043685913086,0.02988197827073691,0.07463836669921875,-0.3089076280593872,0.011502411079732155,0.13103067874908447,-0.32191288471221924,-0.005218565600785041,0.1771971583366394,-0.3266803026199341,-0.015623965437384868,-0.016544461250305176,-0.2544424533843994,0.005875957061675763,0.08912938833236694,-0.3171565532684326,-0.01344116604593637,0.1463625431060791,-0.3271561861038208,-0.025317970800074363,0.1931781768798828,-0.3250938653945923,-0.030766563626798415,-0.0010421574115753174,-0.2273074984550476,-0.020377457278641486,0.10288900136947632,-0.28414952754974365,-0.03326502456036451,0.1597994565963745,-0.3022395372390747,-0.0365885609265888,0.2006879448890686,-0.30916857719421387,-0.03658037273851278,0.030184149742126465,-0.18759602308273315,-0.047044158118637824,0.10864156484603882,-0.23671483993530273,-0.04822196080056074,0.153140127658844,-0.2650126814842224,-0.044558037209185386,0.18748348951339722,-0.2849944233894348,-0.04191116629806402
0.0,0.0,0.0,0.08070266246795654,-0.07964545488357544,0.015070269276407089,0.1006523072719574,-0.1455480456352234,0.013200227563288536,0.11959365010261536,-0.18998289108276367,0.002252912540939178,0.13525977730751038,-0.22307205200195312,-0.0066009583687218765,-0.006745427846908569,-0.2719566226005554,0.02654451543560299,0.07977139949798584,-0.3120080232620239,0.006869754680451479,0.1372152864933014,-0.3226732015609741,-0.011329879592153702,0.18396225571632385,-0.3251468539237976,-0.02263088112601963,-0.012869924306869507,-0.26142823696136475,0.0042946491586235425,0.09227105975151062,-0.3206409215927124,-0.015532473641428624,0.14914771914482117,-0.328849732875824,-0.027602087314221535,0.19620159268379211,-0.32687753438949585,-0.03330232536325184,0.0020307302474975586,-0.2351413369178772,-0.020464725400302086,0.10554578900337219,-0.28906214237213135,-0.03390033876428333,0.16291865706443787,-0.305105984210968,-0.03681407829651562,0.20466694235801697,-0.3112008571624756,-0.036491565014216576,0.032242149114608765,-0.19517523050308228,-0.045982822383734856,0.11165741086006165,-0.24190282821655273,-0.04691267346868244,0.1561128795146942,-0.2674754858016968,-0.042237713540885125,0.19035908579826355,-0.2860812544822693,-0.03880994727740017
0.0,0.0,0.0,0.07863754034042358,-0.0804297924041748,0.014192331993740481,0.09812647104263306,-0.1517590880393982,0.012568686568897647,0.11706900596618652,-0.20024269819259644,0.002167164061006588,0.1332157850265503,-0.23626011610031128,-0.0060371137766424,-0.009904861450195312,-0.2657890319824219,0.023082978503566665,0.0759328305721283,-0.30533766746520996,0.0019186424946155967,0.1327420473098755,-0.3157363533973694,-0.016008701695341188,0.1785544753074646,-0.3178410530090332,-0.026629932744640428,-0.016297131776809692,-0.2538416385650635,0.0012527561669912757,0.08815163373947144,-0.31160229444503784,-0.020436881629962045,0.1460222601890564,-0.31914687156677246,-0.032109004033941346,0.19312018156051636,-0.31617891788482666,-0.03685059822930725,-0.001903444528579712,-0.22709548473358154,-0.02316892012788685,0.10083085298538208,-0.2789638042449951,-0.038460854960817414,0.15854984521865845,-0.29429394006729126,-0.041335538549560624,0.20006269216537476,-0.29975640773773193,-0.040310681386131364,0.027436107397079468,-0.1880117654800415,-0.04833514667882355,0.10604500770568848,-0.23285400867462158,-0.051258352173704225,0.15064579248428345,-0.2584115266799927,-0.04759185440673264,0.18461894989013672,-0.2769385576248169,-0.04434260032905968
0.0,0.0,0.0,0.0740487277507782,-0.0761299729347229,0.007282861396561202,0.09654033184051514,-0.15149974822998047,0.004189702104667958,0.11942660808563232,-0.20181453227996826,-0.005617632176836196,0.14070731401443481,-0.2400740385055542,-0.012455809041966859,-0.015326768159866333,-0.2571679949760437,0.015017371512840327,0.07323521375656128,-0.2946634888648987,-0.008065742552389565,0.129597008228302,-0.3032286763191223,-0.026834809333195153,0.1754295825958252,-0.3046506643295288,-0.037912444323410455,-0.02033895254135132,-0.24597877264022827,-0.002697049053494993,0.08466196060180664,-0.3007499575614929,-0.02627259038399643,0.14215928316116333,-0.30824142694473267,-0.03829397365461773,0.18907731771469116,-0.3056175708770752,-0.04325542703281826,-0.00431591272354126,-0.21900051832199097,-0.02335905574273056,0.09880053997039795,-0.2703425884246826,-0.04016255319129414,0.15684789419174194,-0.2875288724899292,-0.043674063980688516,0.1999942660331726,-0.2951396703720093,-0.04292485222231335,0.0276603102684021,-0.17967474460601807,-0.04522695496689266,0.10549980401992798,-0.22172081470489502,-0.049651683420051995,0.14921802282333374,-0.24860072135925293,-0.047243145406355325,0.18283802270889282,-0.26839107275009155,-0.044739735424627725
0.0,0.0,0.0,0.07415345311164856,-0.08047604560852051,0.007396155419030492,0.09392854571342468,-0.15716689825057983,0.0035800655933257985,0.11462143063545227,-0.20921260118484497,-0.006998219610920842,0.13491502404212952,-0.2476191520690918,-0.014800711152872736,-0.017739951610565186,-0.26048481464385986,0.012972724074700182,0.07071837782859802,-0.29876816272735596,-0.011685916771909888,0.12802812457084656,-0.3073793649673462,-0.031655647409877474,0.17460021376609802,-0.30798614025115967,-0.04359291921349495,-0.023283183574676514,-0.2488904595375061,-0.005122151775083239,0.08209308981895447,-0.30702537298202515,-0.030634588179907496,0.1415328085422516,-0.31403160095214844,-0.043745641214570696,0.1892891228199005,-0.30980396270751953,-0.04930339063497513,-0.0082627534866333,-0.22180873155593872,-0.026026730043611224,0.09504017233848572,-0.2747999429702759,-0.04447314198108643,0.1537504494190216,-0.2906240224838257,-0.04873101840706795,0.19642552733421326,-0.29631704092025757,-0.04830826873870819,0.02250489592552185,-0.18258613348007202,-0.04804315845461815,0.10047820210456848,-0.2250770926475525,-0.05378879289122551,0.1444123089313507,-0.25201547145843506,-0.052314080847224886,0.17820879817008972,-0.27182596921920776,-0.050382245881280596
0.0,0.0,0.0,0.07513055205345154,-0.08122879266738892,0.01043894428312342,0.09528976678848267,-0.1604243516921997,0.008005471970136568,0.11606770753860474,-0.2124195098876953,-0.0018515822475819732,0.13654446601867676,-0.24854296445846558,-0.009193043154482439,-0.012604981660842896,-0.26011645793914795,0.0157913752600507,0.07528680562973022,-0.29803383350372314,-0.007442685239766433,0.13214945793151855,-0.3056272268295288,-0.026037894119326666,0.17844587564468384,-0.30473071336746216,-0.036777492542569235,-0.01782265305519104,-0.24759697914123535,-0.0035198949508412625,0.08731132745742798,-0.30405497550964355,-0.02660437293798168,0.14592719078063965,-0.31107306480407715,-0.038148794253174856,0.1934460997581482,-0.3069472908973694,-0.04284539439231594,-0.0021796822547912598,-0.219610333442688,-0.02543973915726383,0.1009070873260498,-0.2724493741989136,-0.041403252561394766,0.16072577238082886,-0.2891082763671875,-0.044521350343529775,0.20480352640151978,-0.2957272529602051,-0.043725933809582784,0.028928548097610474,-0.17976272106170654,-0.04829684265405376,0.10590720176696777,-0.22467446327209473,-0.051713909883801534,0.15037989616394043,-0.2518782615661621,-0.048623789031807974,0.1846563220024109,-0.27146536111831665,-0.045808151294295385
0.0,0.0,0.0,0.07544824481010437,-0.08211112022399902,0.011050059905642229,0.09532493352890015,-0.1552574634552002,0.007884713335329252,0.11629730463027954,-0.20425790548324585,-0.0032914048262000506,0.13632869720458984,-0.23903250694274902,-0.011948211604362768,-0.013178646564483643,-0.26672518253326416,0.01970626085847016,0.07608500123023987,-0.3075122833251953,-0.0031583411820292895,0.13383734226226807,-0.3172883987426758,-0.02251856729537849,0.18148428201675415,-0.3194562792778015,-0.03415692553073768,-0.01754128932952881,-0.2548130750656128,-0.0008023185274623756,0.08936619758605957,-0.3144049048423767,-0.02357735626549129,0.1481570601463318,-0.32290661334991455,-0.036419599802798075,0.1964135766029358,-0.320278525352478,-0.042234073878830714,-0.001281142234802246,-0.22784632444381714,-0.024082503767317576,0.10209900140762329,-0.28160279989242554,-0.039602677823609156,0.1619476079940796,-0.29945361614227295,-0.043489265741413874,0.2063646912574768,-0.30767977237701416,-0.0434870305672348,0.0297604501247406,-0.18806058168411255,-0.048372778595989985,0.10788339376449585,-0.23479986190795898,-0.0511195692434967,0.1525580883026123,-0.26142269372940063,-0.04771131232530479,0.18704187870025635,-0.2812095284461975,-0.04491211429387931
0.0,0.0,0.0,0.07307109236717224,-0.08812814950942993,0.01581340177108359,0.09015414118766785,-0.16704028844833374,0.016837515739098308,0.10763189196586609,-0.22300225496292114,0.009672718924775836,0.12446120381355286,-0.26131540536880493,0.004813382272914168,-0.015486657619476318,-0.2524452805519104,0.021437634584799525,0.06651625037193298,-0.2923840880393982,-0.0007662607949896483,0.12246939539909363,-0.30293720960617065,-0.019632390829428914,0.16813066601753235,-0.3052445352077484,-0.03091324413071561,-0.020333170890808105,-0.24077951908111572,0.00023664125365030486,0.07770785689353943,-0.29859328269958496,-0.022554275708898786,0.13654747605323792,-0.3070303201675415,-0.0351619898701756,0.1831265389919281,-0.3037431538105011,-0.04070216709624219,-0.006706207990646362,-0.21563774347305298,-0.02304988087962556,0.0912531316280365,-0.266237735748291,-0.03978558549533773,0.1493532359600067,-0.28135478496551514,-0.04354127416263509,0.1911819875240326,-0.2872292101383209,-0.043071701320513966,0.021008551120758057,-0.17987370491027832,-0.04669396499048162,0.09675988554954529,-0.21916919946670532,-0.05151437887798238,0.1394321620464325,-0.2434406876564026,-0.04909791717182088,0.17167046666145325,-0.26092982292175293,-0.04641405040274549
0.0,0.0,0.0,0.07116535305976868,-0.07724833488464355,0.01609585644132494,0.08893433213233948,-0.15253108739852905,0.016520627079671613,0.10904756188392639,-0.20511800050735474,0.008886823667353383,0.12707605957984924,-0.24251818656921387,0.00309450342706441,-0.018681257963180542,-0.2525617480278015,0.01680759736723303,0.06807240843772888,-0.2946520447731018,-0.005037660939478883,0.12417641282081604,-0.3032820224761963,-0.022941393541032085,0.169179767370224,-0.3040364384651184,-0.033779686080151805,-0.023778587579727173,-0.24067485332489014,-0.004991378398472079,0.07958018779754639,-0.30210670828819275,-0.02855736366086603,0.138473778963089,-0.30980274081230164,-0.04135560779445768,0.1839970052242279,-0.30520379543304443,-0.047041537003451595,-0.00913548469543457,-0.21394985914230347,-0.02837772084944845,0.09184208512306213,-0.2703191637992859,-0.04588142199986578,0.15085646510124207,-0.2870689034461975,-0.05087465582960249,0.19238635897636414,-0.2938694357872009,-0.051473969356948146,0.019863486289978027,-0.17693310976028442,-0.05175257264249922,0.09608098864555359,-0.22072994709014893,-0.0577137225734532,0.13901498913764954,-0.24656939506530762,-0.05636947019570471,0.17143145203590393,-0.2649468183517456,-0.05472874804013372
0.0,0.0,0.0,0.0685071051120758,-0.0676460862159729,0.013756050890435745,0.08540871739387512,-0.1420542597770691,0.01347681523685651,0.10466480255126953,-0.19194507598876953,0.005430801002432872,0.1238718032836914,-0.22472625970840454,-0.0012666868985320434,-0.015422344207763672,-0.24339067935943604,0.014660431234290172,0.07168495655059814,-0.28379619121551514,-0.006553247408817242,0.1272033452987671,-0.29225480556488037,-0.02330510488326354,0.1722623109817505,-0.2922552227973938,-0.0329709125923614,-0.02213016152381897,-0.2347170114517212,-0.005206510262439679,0.0828876793384552,-0.2931597828865051,-0.02765548213000102,0.14121592044830322,-0.30040740966796875,-0.03946789710397525,0.18655401468276978,-0.29609861969947815,-0.04427437840575976,-0.0071413516998291016,-0.21016216278076172,-0.026699269028256367,0.09407931566238403,-0.2644163966178894,-0.043134178804109524,0.15338951349258423,-0.28123003244400024,-0.048413835303733777,0.19490665197372437,-0.28797268867492676,-0.04895406572694583,0.023051857948303223,-0.1754743456840515,-0.048321489082525204,0.10234960913658142,-0.2178444266319275,-0.05283294601912303,0.1465996503829956,-0.24144881963729858,-0.050965353684375714,0.17871326208114624,-0.2581946849822998,-0.04896605371112628
0.0,0.0,0.0,0.07421121001243591,-0.06878376007080078,0.008052048511501653,0.09257519245147705,-0.14367330074310303,0.005751524358686311,0.11117899417877197,-0.19387716054916382,-0.0033044088579003983,0.12881171703338623,-0.2304200530052185,-0.01015724031657328,-0.011940926313400269,-0.2462174892425537,0.014208180136677129,0.07138219475746155,-0.2853296399116516,-0.00908196786821236,0.12525087594985962,-0.29393452405929565,-0.027832038462463515,0.16957587003707886,-0.29450470209121704,-0.03872074349254717,-0.019321858882904053,-0.2368115782737732,-0.003515919199514883,0.08087721467018127,-0.2928156554698944,-0.02855095429748644,0.13689208030700684,-0.2986738085746765,-0.0418247522267734,0.18072396516799927,-0.2933794856071472,-0.04726010350913157,-0.005604833364486694,-0.2125146985054016,-0.023879220471087592,0.09239894151687622,-0.26454681158065796,-0.04243803186744799,0.15033411979675293,-0.28056496381759644,-0.04765671281546702,0.19210737943649292,-0.2874305248260498,-0.04764219163388361,0.023921549320220947,-0.1773930788040161,-0.04506609751314272,0.10218784213066101,-0.21730780601501465,-0.05084433941573252,0.14681899547576904,-0.2402501106262207,-0.04914078278869738,0.1800600290298462,-0.25793153047561646,-0.047015050188008445
0.0,0.0,0.0,0.07506081461906433,-0.07491230964660645,0.01065556134074086,0.09710168838500977,-0.15330815315246582,0.009604568471900166,0.1185159683227539,-0.20426231622695923,0.0013038977000405794,0.1394309401512146,-0.23866289854049683,-0.004854644770034611,-0.011334389448165894,-0.2482622265815735,0.01664422254054898,0.07296326756477356,-0.28642737865448,-0.0068299510797942276,0.12788403034210205,-0.29427236318588257,-0.026007160665699303,0.17392593622207642,-0.2938080430030823,-0.037287835153051674,-0.018444091081619263,-0.2385905385017395,-0.002495091064133703,0.08301237225532532,-0.2948410212993622,-0.02761088882596141,0.14064562320709229,-0.3010118007659912,-0.041502963872858345,0.18580389022827148,-0.29352280497550964,-0.04735460144490844,-0.005133569240570068,-0.21338701248168945,-0.024023072915383636,0.09403809905052185,-0.2654494643211365,-0.042131289961048424,0.15375399589538574,-0.281149685382843,-0.04735825222940093,0.197304368019104,-0.28650814294815063,-0.04739578080386764,0.023829400539398193,-0.17701464891433716,-0.04620900389761573,0.10214507579803467,-0.2171136736869812,-0.05126037088245994,0.1471889615058899,-0.24047064781188965,-0.04913329717726356,0.18027234077453613,-0.257612943649292,-0.04679550242633468
0.0,0.0,0.0,0.03609192371368408,-0.08574867248535156,0.0027367586876607675,0.05384725332260132,-0.16627132892608643,-0.0056825284705155354,0.08551657199859619,-0.21996325254440308,-0.018581517492293642,0.11401927471160889,-0.25197213888168335,-0.028088130508422182,-0.02128279209136963,-0.24344366788864136,-0.003413729122712539,0.0713849663734436,-0.28758126497268677,-0.030062783961056994,0.1308375597000122,-0.29763829708099365,-0.048014235203027056,0.17551559209823608,-0.2970612049102783,-0.05745818511104517,-0.01136314868927002,-0.23037844896316528,-0.018189676557540224,0.08817034959793091,-0.2965981364250183,-0.042735014562367724,0.14609575271606445,-0.3056493103504181,-0.05235826269245081,0.1885940432548523,-0.301885187625885,-0.0556474034533494,0.014309465885162354,-0.20497405529022217,-0.03502604410505228,0.10655659437179565,-0.2694757580757141,-0.05146983311033182,0.16189831495285034,-0.2864041328430176,-0.05273171559429102,0.20153796672821045,-0.29381152987480164,-0.05064100817298822,0.05111211538314819,-0.16846615076065063,-0.05304725140786104,0.12202101945877075,-0.21778899431228638,-0.0579325822041028,0.1620692014694214,-0.24305671453475952,-0.055078283403872774,0.19298458099365234,-0.2622302770614624,-0.05174229339218073
0.0,0.0,0.0,0.03588169813156128,-0.08518421649932861,0.0015909490713852392,0.054441899061203,-0.1636648178100586,-0.007045152194052662,0.08622744679450989,-0.21603822708129883,-0.020065755645930494,0.11563530564308167,-0.24680334329605103,-0.029523999492823805,-0.020816415548324585,-0.243785560131073,-0.001883991125225748,0.07178881764411926,-0.2848671078681946,-0.028535901631414617,0.13159939646720886,-0.294367253780365,-0.047396858285367216,0.1773628294467926,-0.2941479980945587,-0.057805174092948164,-0.010189920663833618,-0.23158669471740723,-0.016389991219341482,0.08865168690681458,-0.29573139548301697,-0.041208089391886915,0.14665141701698303,-0.3041682839393616,-0.051911526422202314,0.19002166390419006,-0.2997872233390808,-0.055963196854293074,0.015794426202774048,-0.20649826526641846,-0.03317687014788362,0.10724630951881409,-0.2684450149536133,-0.04990203405469629,0.16288051009178162,-0.2850828170776367,-0.05168539385050508,0.2034454643726349,-0.2926298975944519,-0.04987175489515039,0.05261281132698059,-0.16986382007598877,-0.0513227703675625,0.12322238087654114,-0.21686816215515137,-0.05610008264631006,0.16268905997276306,-0.24188172817230225,-0.053197209785878385,0.19334593415260315,-0.2610871195793152,-0.04983256484121057
0.0,0.0,0.0,0.043656885623931885,-0.08594369888305664,0.003608902465373376,0.06495988368988037,-0.16426795721054077,-0.003019831361427805,0.09622561931610107,-0.21799618005752563,-0.014599048750653765,0.12200009822845459,-0.2521739602088928,-0.022918327929630777,-0.019164741039276123,-0.2468758225440979,0.002195030698374012,0.07213032245635986,-0.2898827791213989,-0.022981786387219927,0.132454514503479,-0.30042487382888794,-0.0410194408466964,0.178389310836792,-0.30152320861816406,-0.05100940655376007,-0.010072380304336548,-0.2355678677558899,-0.012888284618213675,0.089169442653656,-0.3002278804779053,-0.036357091026559374,0.14739727973937988,-0.3095106780529022,-0.04677189628984024,0.19027841091156006,-0.30510953068733215,-0.05086891468073418,0.01506727933883667,-0.2107609510421753,-0.030256462501540682,0.10791093111038208,-0.2711639404296875,-0.045884919570937654,0.16363251209259033,-0.2890910506248474,-0.048008290337577364,0.20407354831695557,-0.29690396785736084,-0.04671164716984322,0.051712989807128906,-0.17320311069488525,-0.048872397499337694,0.12281584739685059,-0.22053742408752441,-0.0528997380604892,0.16280704736709595,-0.24585115909576416,-0.050134343313231966,0.1936153769493103,-0.2645701766014099,-0.04711232449318459
0.0,0.0,0.0,0.04214635491371155,-0.08846276998519897,0.0037828863203230867,0.062423139810562134,-0.16824090480804443,-0.0037524942238178483,0.09272298216819763,-0.22299259901046753,-0.016109285170614385,0.11916878819465637,-0.2554668188095093,-0.02538559887784686,-0.020426630973815918,-0.2476993203163147,-0.0011785823082846036,0.07281032204627991,-0.28818780183792114,-0.027667931506812238,0.13412031531333923,-0.29822903871536255,-0.046713547075569295,0.18127861618995667,-0.29846230149269104,-0.0574508730717298,-0.012211471796035767,-0.23459744453430176,-0.016972272882640027,0.08868584036827087,-0.2981792390346527,-0.042047769988357686,0.14798447489738464,-0.3072372376918793,-0.05327056836563315,0.1919286549091339,-0.30226272344589233,-0.0577635553129312,0.012080997228622437,-0.2085057497024536,-0.034677584881364965,0.10603281855583191,-0.2692025303840637,-0.051270769203483724,0.16355648636817932,-0.28707242012023926,-0.053427410537778997,0.20506009459495544,-0.2945100665092468,-0.05199734237271514,0.04748979210853577,-0.17009782791137695,-0.05353629332262244,0.11957916617393494,-0.2174285650253296,-0.05806374293047156,0.16092655062675476,-0.24347782135009766,-0.05503349866944518,0.19273802638053894,-0.2619958519935608,-0.05171752464252677
0.0,0.0,0.0,0.036746472120285034,-0.08516502380371094,0.0014138223815507445,0.05606430768966675,-0.163044273853302,-0.007559856658076569,0.08753693103790283,-0.21567052602767944,-0.02064552044237189,0.11577695608139038,-0.24730068445205688,-0.03055257050061755,-0.02102676033973694,-0.24161142110824585,-0.005745596976225897,0.07270675897598267,-0.2814062237739563,-0.03317156320179038,0.1336337924003601,-0.2907235622406006,-0.052091597371941134,0.18047618865966797,-0.29093074798583984,-0.062494023495560214,-0.011976510286331177,-0.22984319925308228,-0.020242438444142863,0.08873265981674194,-0.29154282808303833,-0.045747644060497805,0.14814436435699463,-0.3008439242839813,-0.05625044813120894,0.192393958568573,-0.2975575625896454,-0.060295737141018435,0.012788951396942139,-0.20456582307815552,-0.036819240802174136,0.10675019025802612,-0.2639797329902649,-0.054278976076489016,0.16379326581954956,-0.2812129855155945,-0.0565646800931745,0.20515048503875732,-0.28888922929763794,-0.05514550467694335,0.04863053560256958,-0.1676672101020813,-0.05464403589928679,0.12063384056091309,-0.213514506816864,-0.0604958895381742,0.16153502464294434,-0.2390729784965515,-0.05849969273174338,0.1934053897857666,-0.25866907835006714,-0.05576459949577384
0.0,0.0,0.0,0.036136239767074585,-0.08819490671157837,0.003142263548909341,0.05552762746810913,-0.16565632820129395,-0.005256756865890111,0.08760756254196167,-0.21878892183303833,-0.01814545570454129,0.11476242542266846,-0.24974167346954346,-0.027935758890123452,-0.01867198944091797,-0.2409210205078125,-0.0035034939232332363,0.07320928573608398,-0.2800127863883972,-0.030047424794645394,0.13337117433547974,-0.28736039996147156,-0.0485304041816903,0.17869716882705688,-0.28568869829177856,-0.05864010071894654,-0.009270399808883667,-0.22764086723327637,-0.018421360017271127,0.08965790271759033,-0.2880462408065796,-0.042864639969081963,0.14786380529403687,-0.2957044541835785,-0.05311407959601411,0.19010663032531738,-0.2909826338291168,-0.05714331632992753,0.015259355306625366,-0.2018234133720398,-0.0352620377256585,0.10797417163848877,-0.2592940330505371,-0.05161916530272492,0.16336733102798462,-0.2754746675491333,-0.05327436021110543,0.2028997540473938,-0.2823125123977661,-0.05157446181914338,0.05044412612915039,-0.1647629737854004,-0.053225160302133645,0.12240147590637207,-0.21003693342208862,-0.057981130392761315,0.16289496421813965,-0.23431545495986938,-0.055222944082231606,0.19415032863616943,-0.252341091632843,-0.05201850897213944
0.0,0.0,0.0,0.038475215435028076,-0.08537042140960693,0.0005271581869692454,0.0595242977142334,-0.16599470376968384,-0.008241155843052184,0.0908576250076294,-0.22062933444976807,-0.020974902163061415,0.11741983890533447,-0.25281989574432373,-0.030221601675066267,-0.019199460744857788,-0.24475115537643433,-0.004764175700756823,0.07505929470062256,-0.28374457359313965,-0.03209190415850571,0.13601887226104736,-0.29151180386543274,-0.051093596691998755,0.18232578039169312,-0.28997334837913513,-0.06143815415612153,-0.010692954063415527,-0.23193657398223877,-0.018575502286466872,0.09075647592544556,-0.29389554262161255,-0.044061209733399664,0.14958900213241577,-0.30200305581092834,-0.05440975698343209,0.19307267665863037,-0.2971593141555786,-0.05809383067003182,0.013803869485855103,-0.20626866817474365,-0.03459907295814446,0.10881847143173218,-0.26516175270080566,-0.05166250067463807,0.16564589738845825,-0.28190362453460693,-0.05320998626461915,0.20656079053878784,-0.28891289234161377,-0.05112894969693116,0.04976093769073486,-0.16863667964935303,-0.0520601232599347,0.12301063537597656,-0.21447288990020752,-0.05703324424735001,0.16374558210372925,-0.23896849155426025,-0.0541355644415944,0.1950032114982605,-0.25695329904556274,-0.050722323084983145
0.0,0.0,0.0,0.0397300124168396,-0.08678233623504639,0.005140099422305866,0.05829596519470215,-0.1649320125579834,-0.002305658320665316,0.0887519121170044,-0.218250572681427,-0.014811632009923414,0.1156456470489502,-0.24970871210098267,-0.024120733859717802,-0.021295130252838135,-0.24353229999542236,0.0004921099559851427,0.06994414329528809,-0.284162700176239,-0.024123680564343886,0.12910813093185425,-0.2931075692176819,-0.04129695591586824,0.17327159643173218,-0.2921856641769409,-0.05076537353056665,-0.012543976306915283,-0.23107212781906128,-0.015288631218254523,0.08653181791305542,-0.2933974862098694,-0.03819555115956064,0.14329540729522705,-0.30197402834892273,-0.047560673924863295,0.18477404117584229,-0.29777267575263977,-0.05107579452055688,0.012238681316375732,-0.20647501945495605,-0.032898918512046293,0.10547024011611938,-0.26546531915664673,-0.047554784240901427,0.1600508689880371,-0.28196460008621216,-0.048177224370419935,0.19877761602401733,-0.28885418176651,-0.04610906613129373,0.04852613806724548,-0.1697651743888855,-0.05158493367093797,0.12067985534667969,-0.2149692177772522,-0.05520659384387727,0.16152697801589966,-0.23981165885925293,-0.051773284348428206,0.1929943561553955,-0.25853508710861206,-0.04826678779977556
0.0,0.0,0.0,0.04205384850502014,-0.08616149425506592,0.004448785234956176,0.06012997031211853,-0.16490155458450317,-0.003611832603098719,0.0886513888835907,-0.21988534927368164,-0.016610885716261237,0.11586669087409973,-0.2527313828468323,-0.026478483087601035,-0.0192280113697052,-0.2453588843345642,-0.0018577753587010193,0.07190647721290588,-0.28608691692352295,-0.027180705896796553,0.13171294331550598,-0.2967274785041809,-0.04483767480331835,0.1766413152217865,-0.29712632298469543,-0.05461672574955401,-0.01194724440574646,-0.23270928859710693,-0.01785229214209494,0.08745411038398743,-0.295876681804657,-0.041418074376167624,0.14579126238822937,-0.3056611120700836,-0.05133184672075686,0.1888183057308197,-0.30175289511680603,-0.055196444249929755,0.012098908424377441,-0.20701050758361816,-0.035579791969837515,0.10551837086677551,-0.2671205401420593,-0.05087896317917284,0.1625814139842987,-0.28457027673721313,-0.05221024409610209,0.20328518748283386,-0.2914677858352661,-0.05055320516902384,0.047968268394470215,-0.16859686374664307,-0.0543764743276256,0.11979708075523376,-0.21587598323822021,-0.05836346999484476,0.16073963046073914,-0.24158358573913574,-0.05504343540150103,0.19201824069023132,-0.2600167989730835,-0.05157495544034418
0.0,0.0,0.0,0.03249850869178772,-0.08787989616394043,0.004129443779959274,0.052306532859802246,-0.16625124216079712,-0.004359839021788048,0.08681115508079529,-0.21983647346496582,-0.01741622016169231,0.1162244975566864,-0.251092791557312,-0.027507551017777132,-0.020841240882873535,-0.24153059720993042,-0.004318208437041449,0.07063844799995422,-0.2828519344329834,-0.029710669073836016,0.13167575001716614,-0.29367274045944214,-0.046707289296762156,0.1769011914730072,-0.29379478096961975,-0.05584256537594001,-0.010847479104995728,-0.2284560203552246,-0.020013445991651224,0.08813861012458801,-0.2917217016220093,-0.042887339371816324,0.14748921990394592,-0.3024211823940277,-0.051934855062143015,0.19066140055656433,-0.299977570772171,-0.05550021864809196,0.014693886041641235,-0.20245736837387085,-0.037352053451911615,0.10783061385154724,-0.2629218101501465,-0.05246746354140441,0.1648378074169159,-0.28037387132644653,-0.05348491110243003,0.2052735984325409,-0.28754711151123047,-0.051780210811273264,0.0509147047996521,-0.16481781005859375,-0.05569814704693954,0.1219654381275177,-0.2134433388710022,-0.06025391631163757,0.16302910447120667,-0.2392778992652893,-0.05741954781450431,0.19494900107383728,-0.2580115795135498,-0.05424940772689979
0.0,0.0,0.0,0.04095903038978577,-0.08622294664382935,0.0017935478151116513,0.062479615211486816,-0.16529518365859985,-0.006916374268541858,0.09415900707244873,-0.21988600492477417,-0.019800298216352985,0.12127596139907837,-0.2533435821533203,-0.02948833100737147,-0.018141716718673706,-0.24501055479049683,-0.004873602951477096,0.07667094469070435,-0.2846266031265259,-0.032725628765831516,0.13904130458831787,-0.2939867377281189,-0.05207650766016059,0.1866404414176941,-0.293912798166275,-0.06267627358676009,-0.009721338748931885,-0.2328079342842102,-0.019804507794390247,0.09381216764450073,-0.29533031582832336,-0.045708850326548145,0.15493100881576538,-0.30439725518226624,-0.0567945952737432,0.20014351606369019,-0.29999417066574097,-0.06111614063621573,0.014796793460845947,-0.20704370737075806,-0.0367728847289186,0.11138355731964111,-0.26516586542129517,-0.05425976991892867,0.17070841789245605,-0.2820950746536255,-0.056553874465237186,0.2136399745941162,-0.2892140746116638,-0.05516379356623702,0.050356507301330566,-0.16936957836151123,-0.05500960380078368,0.12379086017608643,-0.21435552835464478,-0.06048303127528243,0.16562455892562866,-0.23887628316879272,-0.057842932941923664,0.19819867610931396,-0.25704479217529297,-0.054699186536083744
0.0,0.0,0.0,0.03929749131202698,-0.08766508102416992,0.003817138665112907,0.0593835711479187,-0.1672513484954834,-0.0037941481613188444,0.09004676342010498,-0.22196519374847412,-0.01614438469266588,0.11667066812515259,-0.25354093313217163,-0.02525298396801645,-0.02187439799308777,-0.24723470211029053,-0.0005511360985792635,0.07114356756210327,-0.28541862964630127,-0.02567093173718149,0.13132834434509277,-0.29427164793014526,-0.04312504927372629,0.1763690710067749,-0.294248104095459,-0.05291054124688799,-0.01402139663696289,-0.23469680547714233,-0.01613096619701082,0.08788853883743286,-0.2947385907173157,-0.03982496733522112,0.14596319198608398,-0.3031620383262634,-0.04946289683437044,0.188836932182312,-0.2992474436759949,-0.053072483341452426,0.010289251804351807,-0.20932209491729736,-0.033718911062237567,0.10612428188323975,-0.2662237286567688,-0.049399067710396594,0.1626630425453186,-0.28294050693511963,-0.050443613033053225,0.20327401161193848,-0.29042816162109375,-0.04846701497888262,0.04654890298843384,-0.17126905918121338,-0.05249171058392221,0.1200944185256958,-0.21544677019119263,-0.05690001423215563,0.16121232509613037,-0.24017155170440674,-0.0538308816657036,0.19310230016708374,-0.2586866617202759,-0.050534513841625994
0.0,0.0,0.0,0.037344157695770264,-0.08877402544021606,0.005209359251807655,0.058297544717788696,-0.1677573323249817,-0.0016912523145720115,0.09098723530769348,-0.22143632173538208,-0.013512979815800463,0.11832639575004578,-0.2526824474334717,-0.02228126823445109,-0.02117297053337097,-0.24536019563674927,0.0007936219031989822,0.07138499617576599,-0.28424781560897827,-0.023457593838770663,0.1314203441143036,-0.29329320788383484,-0.04059311896105555,0.1764172613620758,-0.29321399331092834,-0.050143709029157435,-0.013101160526275635,-0.2329726219177246,-0.015174158471722876,0.08795174956321716,-0.29309073090553284,-0.03738667219420222,0.14609649777412415,-0.30229291319847107,-0.04670564233799723,0.18908801674842834,-0.29860419034957886,-0.05039047598381785,0.010744720697402954,-0.20756691694259644,-0.03295881822248248,0.1062556803226471,-0.26407378911972046,-0.047238172586162364,0.16312459111213684,-0.28019100427627563,-0.04792213588495997,0.20380136370658875,-0.28662437200546265,-0.04599199592610148,0.0460563600063324,-0.16934198141098022,-0.05182293578525332,0.11964693665504456,-0.21431457996368408,-0.055057404185731684,0.16113492846488953,-0.23819094896316528,-0.05133225544830111,0.19282379746437073,-0.25552254915237427,-0.04772161095877436
0.0,0.0,0.0,0.046782344579696655,-0.08330148458480835,0.00154191418624805,0.06639054417610168,-0.16201001405715942,-0.006548956850735976,0.09353682398796082,-0.21517115831375122,-0.019282115040539338,0.1183861792087555,-0.24816083908081055,-0.028597201569198205,-0.01613229513168335,-0.24453842639923096,-0.0006172073764787456,0.07450637221336365,-0.2832915186882019,-0.02735711389613016,0.13178816437721252,-0.28769171237945557,-0.04643085726928575,0.1757548749446869,-0.2835284471511841,-0.05686010548305376,-0.009828239679336548,-0.23296713829040527,-0.014911092234967782,0.08984324336051941,-0.29161807894706726,-0.04003534594011171,0.14618739485740662,-0.2953960597515106,-0.05070011073183878,0.18771979212760925,-0.28706127405166626,-0.05465322115850313,0.013335496187210083,-0.20771139860153198,-0.03168181830477579,0.1066313087940216,-0.26345276832580566,-0.048340862034081056,0.16067281365394592,-0.2768036127090454,-0.04993352421951158,0.1993509829044342,-0.2804114818572998,-0.047943217097042634,0.04838493466377258,-0.1712546944618225,-0.04990972333979471,0.12097468972206116,-0.21489661931991577,-0.05403943487834795,0.16111889481544495,-0.2376987338066101,-0.0507778053863035,0.1914033591747284,-0.25416499376296997,-0.04728419461679323
0.0,0.0,0.0,0.02990901470184326,-0.012008905410766602,0.0004440219767900544,0.04368361830711365,-0.03358793258666992,-0.001471416211217047,0.054600924253463745,-0.04806429147720337,-0.005239321385971607,0.06309810280799866,-0.06165677309036255,-0.007846091409675182,0.016940683126449585,-0.07708236575126648,0.0034024650217077124,0.04360911250114441,-0.08389297127723694,-0.0064682462266603125,0.06380781531333923,-0.08454501628875732,-0.014053477441422046,0.07959982752799988,-0.08307215571403503,-0.018241577317468227,0.011902689933776855,-0.07738915085792542,-0.002117751400447787,0.04607805609703064,-0.08539384603500366,-0.011318470818451942,0.06702044606208801,-0.08300057053565979,-0.015861390625588,0.08414909243583679,-0.07902956008911133,-0.0180025924942413,0.011945128440856934,-0.07305702567100525,-0.00906117027764708,0.04705974459648132,-0.07852557301521301,-0.01703418465470463,0.06795874238014221,-0.0768679678440094,-0.018455667888275684,0.08361241221427917,-0.07371735572814941,-0.018093640451780857,0.016177356243133545,-0.06432712078094482,-0.016580360477320255,0.043522030115127563,-0.06706488132476807,-0.020132175182453693,0.06028440594673157,-0.0681343674659729,-0.0199479614398399,0.07340595126152039,-0.0686991810798645,-0.019385559951416553
0.0,0.0,0.0,0.0284845232963562,-0.008693516254425049,0.0001525855920903041,0.04408940672874451,-0.02864593267440796,-0.00028212637631952475,0.05628427863121033,-0.0422440767288208,-0.0020200366118530155,0.0656411349773407,-0.05341672897338867,-0.0026050697045008064,0.01843610405921936,-0.07278972864151001,0.0037107588293423532,0.04572680592536926,-0.07459527254104614,-0.004103734666628611,0.06512656807899475,-0.07137042284011841,-0.010576761370671761,0.07952067255973816,-0.06776922941207886,-0.014203817626608384,0.01465722918510437,-0.07437783479690552,-0.00014291772028229843,0.04717525839805603,-0.07887464761734009,-0.00732664302564956,0.06682208180427551,-0.07543256878852844,-0.011178266300035489,0.08260747790336609,-0.07122236490249634,-0.013208039147926343,0.015551894903182983,-0.07115486264228821,-0.0051953574141094805,0.047925204038619995,-0.07487937808036804,-0.011291328860593808,0.0676436722278595,-0.07379314303398132,-0.01262104329295255,0.08213916420936584,-0.07146283984184265,-0.012606453193498623,0.020158886909484863,-0.06439897418022156,-0.01079105217583276,0.04533830285072327,-0.06623634696006775,-0.013576914599312317,0.061629682779312134,-0.06790041923522949,-0.01373149645156957,0.07478496432304382,-0.06856018304824829,-0.01352790002353288
0.0,0.0,0.0,0.029564112424850464,-0.010128617286682129,0.004038747704910861,0.04414886236190796,-0.03088998794555664,0.004272704317557441,0.05633062124252319,-0.043266475200653076,0.0019561411601927148,0.06696629524230957,-0.05089527368545532,0.00043878039214462206,0.019183456897735596,-0.07527482509613037,0.007093169565635549,0.045750975608825684,-0.0797630250453949,-0.0008366666595946981,0.06543713808059692,-0.07788455486297607,-0.007428548459571971,0.08048802614212036,-0.07475429773330688,-0.011289735485476626,0.016366541385650635,-0.07522282004356384,0.00032790187033526763,0.04988223314285278,-0.08066481351852417,-0.007025056679410113,0.06990444660186768,-0.07682773470878601,-0.011307013381880893,0.08564507961273193,-0.07185155153274536,-0.013635006894034518,0.018128186464309692,-0.07009044289588928,-0.007457241111112012,0.05145484209060669,-0.07486966252326965,-0.013570291150969638,0.07137233018875122,-0.07280215620994568,-0.015124596816164626,0.08582592010498047,-0.06944704055786133,-0.015310317438704146,0.023358047008514404,-0.060668885707855225,-0.01552448996589817,0.048736512660980225,-0.0650140643119812,-0.017828232769531382,0.06457197666168213,-0.06677478551864624,-0.017489488397401942,0.07687467336654663,-0.06693768501281738,-0.0170790582640592
0.0,0.0,0.0,0.026497632265090942,-0.00895535945892334,0.0031590017556482053,0.040322065353393555,-0.02941906452178955,0.003840700776436279,0.052287280559539795,-0.040483713150024414,0.0021383585940384364,0.06356257200241089,-0.04537111520767212,0.0014306073376246786,0.017556101083755493,-0.07516467571258545,0.008661277412556956,0.04393988847732544,-0.07852530479431152,0.0013950701636531448,0.06355613470077515,-0.07469448447227478,-0.005240550910002639,0.07830691337585449,-0.06970211863517761,-0.0091092625566489,0.016532152891159058,-0.0742889940738678,0.002992181160607288,0.047784388065338135,-0.07986733317375183,-0.0035749354333347583,0.06692206859588623,-0.075253427028656,-0.007893633277035406,0.08186912536621094,-0.06914287805557251,-0.010176503279126337,0.02000787854194641,-0.06820058822631836,-0.0038181347240424657,0.05026984214782715,-0.07383158802986145,-0.008901051425254991,0.0694323182106018,-0.07173880934715271,-0.010434948087549856,0.08328163623809814,-0.06754299998283386,-0.010595232427931478,0.026849359273910522,-0.05797916650772095,-0.011070028127051046,0.049970149993896484,-0.06265789270401001,-0.012468069971419027,0.06489956378936768,-0.06470471620559692,-0.01186919230303829,0.07647615671157837,-0.06452858448028564,-0.011228796274281194
0.0,0.0,0.0,0.026240795850753784,-0.006054282188415527,0.0022014401717598275,0.04084068536758423,-0.024279534816741943,0.0024053613985444144,0.051883578300476074,-0.0355718731880188,0.00036143786083187024,0.06261008977890015,-0.040740013122558594,-0.0008913292452206178,0.022342711687088013,-0.06985089182853699,0.007647456494581206,0.04718059301376343,-0.07370853424072266,0.0002588954327649162,0.06645005941390991,-0.07040318846702576,-0.006604025247085588,0.08084839582443237,-0.06608134508132935,-0.010667334883052604,0.019467711448669434,-0.0713689923286438,0.0022999408053721027,0.04924052953720093,-0.07654041051864624,-0.004490082258868711,0.06886941194534302,-0.07230454683303833,-0.009144912114877002,0.08455014228820801,-0.06680211424827576,-0.011815723604101436,0.020512253046035767,-0.0675671398639679,-0.0042661378295605346,0.05091667175292969,-0.07161995768547058,-0.010080877332526939,0.0706372857093811,-0.06945210695266724,-0.012242362475532786,0.08518761396408081,-0.06539618968963623,-0.012847034832972781,0.02436608076095581,-0.05938845872879028,-0.011259905634958045,0.04840993881225586,-0.061641037464141846,-0.013590934327382342,0.06408083438873291,-0.06259939074516296,-0.013577251336116092,0.07644760608673096,-0.06190633773803711,-0.013321708528835075
0.0,0.0,0.0,0.027193009853363037,-0.0052190423011779785,0.0020770787108261857,0.042362093925476074,-0.025004923343658447,0.002744770872922686,0.05282700061798096,-0.03827732801437378,0.0015439640577454838,0.06274962425231934,-0.043797969818115234,0.0010983174746428404,0.023839354515075684,-0.06805375218391418,0.006673689730050114,0.04872077703475952,-0.06951716542243958,-0.00029091301043138174,0.06782639026641846,-0.06595617532730103,-0.00659362433147237,0.08194637298583984,-0.0610121488571167,-0.01022107174289033,0.02060532569885254,-0.07030987739562988,0.0020683033238668713,0.050350189208984375,-0.07483753561973572,-0.00425621887337968,0.06929588317871094,-0.07088300585746765,-0.00815958736133382,0.08439940214157104,-0.0654296875,-0.0103258371506314,0.02118891477584839,-0.06668046116828918,-0.0036432807952593294,0.05141174793243408,-0.07157152891159058,-0.009275206566272232,0.07061290740966797,-0.0689624547958374,-0.011123272791920158,0.0845496654510498,-0.06428727507591248,-0.011475090139029476,0.024576634168624878,-0.058674395084381104,-0.009686397590158435,0.048649489879608154,-0.06106477975845337,-0.012125416860399696,0.0644349455833435,-0.06155210733413696,-0.012309297189531776,0.0767744779586792,-0.060650527477264404,-0.01219020990323827
0.0,0.0,0.0,0.025605112314224243,-0.004135787487030029,0.0036696716979918165,0.03992310166358948,-0.023184120655059814,0.004683818418982355,0.05019831657409668,-0.03420287370681763,0.003479246499466626,0.0597040057182312,-0.03693437576293945,0.0026921555236754102,0.025492578744888306,-0.06618496775627136,0.007164875727596609,0.04960441589355469,-0.06898286938667297,0.00017622455021637506,0.06950551271438599,-0.06521248817443848,-0.006199378769395025,0.08407676219940186,-0.059981465339660645,-0.009916413824555548,0.022581011056900024,-0.06839746236801147,0.0016005682828676981,0.05167776346206665,-0.07478231191635132,-0.004857744805065067,0.07209360599517822,-0.07073873281478882,-0.009114044036266478,0.08813142776489258,-0.06539574265480042,-0.011530939738747747,0.023172050714492798,-0.06448262929916382,-0.004904774732438,0.05187863111495972,-0.07188206911087036,-0.010870868589279326,0.07218104600906372,-0.06892439723014832,-0.013462074350115927,0.08689010143280029,-0.0639609694480896,-0.0142732162657353,0.02648746967315674,-0.05573064088821411,-0.011522434900996359,0.04938018321990967,-0.0602838397026062,-0.014802805397209795,0.06543946266174316,-0.06046229600906372,-0.015633138145801695,0.07776510715484619,-0.058948636054992676,-0.015899239357111128
0.0,0.0,0.0,0.025436103343963623,-0.006632387638092041,0.0035620460043475077,0.037787169218063354,-0.022776246070861816,0.004093818621598189,0.04688742756843567,-0.031940758228302,0.002209090184308593,0.0551510751247406,-0.03620266914367676,0.0011569762359187052,0.01892879605293274,-0.07275044918060303,0.008670992473028605,0.044415563344955444,-0.07546532154083252,0.0017586224934831307,0.06366220116615295,-0.07219713926315308,-0.004892223259545858,0.07848325371742249,-0.06787353754043579,-0.00883933038089424,0.017653197050094604,-0.07256028056144714,0.0029384300800785468,0.04820486903190613,-0.07732146978378296,-0.0030437584278359964,0.06729152798652649,-0.0728611946105957,-0.007197400765605266,0.08265373110771179,-0.06728392839431763,-0.009680817579962309,0.021038532257080078,-0.0665731132030487,-0.0038715421465411737,0.05163326859474182,-0.07085397839546204,-0.008704260667897756,0.07073405385017395,-0.0684036910533905,-0.01054827843431383,0.08467373251914978,-0.06389367580413818,-0.01112876248184591,0.02774226665496826,-0.05617046356201172,-0.011033413676656778,0.051410406827926636,-0.05934500694274902,-0.012414658187068994,0.06614038348197937,-0.06026226282119751,-0.011979676528014238,0.07764169573783875,-0.059523940086364746,-0.011599272234477098
0.0,0.0,0.0,0.026899784803390503,-0.005637407302856445,0.0028487828769243606,0.040529727935791016,-0.02327936887741089,0.003521282060489739,0.04894399642944336,-0.034099280834198,0.002093492143274034,0.05655348300933838,-0.03754228353500366,0.0013317387294478067,0.023766517639160156,-0.07016754150390625,0.00746627042298087,0.04824960231781006,-0.07194998860359192,0.0007736136414564498,0.06665235757827759,-0.06885513663291931,-0.0054037223360978714,0.08073389530181885,-0.0646747350692749,-0.00903896212349764,0.021128982305526733,-0.071044921875,0.0022217094175971397,0.0511552095413208,-0.07456862926483154,-0.004111924374058162,0.06980842351913452,-0.07045409083366394,-0.008133562912746584,0.08502626419067383,-0.06546604633331299,-0.01039465766172043,0.022546082735061646,-0.06611460447311401,-0.0041197400331043355,0.05284297466278076,-0.07058385014533997,-0.00986201658616892,0.07169586420059204,-0.06738346815109253,-0.012102895116015588,0.08541256189346313,-0.06243395805358887,-0.01268908165167204,0.026986122131347656,-0.05663001537322998,-0.0107413220010244,0.05097401142120361,-0.05989319086074829,-0.013450107236906206,0.06648153066635132,-0.05992692708969116,-0.013942593408330595,0.0785941481590271,-0.05856430530548096,-0.014064741020604288
0.0,0.0,0.0,0.02652791142463684,-0.008296012878417969,0.003304644467647222,0.041053175926208496,-0.02714937925338745,0.00424048232693508,0.051338911056518555,-0.03846651315689087,0.0027513603943987164,0.06070011854171753,-0.04370182752609253,0.0020369456413789067,0.020963609218597412,-0.07280036807060242,0.008818503216247109,0.0454593300819397,-0.07613387703895569,0.0015727124208240184,0.0647205114364624,-0.07342696189880371,-0.0051139008920984,0.07963407039642334,-0.06900864839553833,-0.008992615408857318,0.01945596933364868,-0.07246702909469604,0.0029996554165734324,0.0494614839553833,-0.07782793045043945,-0.003688681658019277,0.0690881609916687,-0.07406109571456909,-0.008054950527508709,0.08493870496749878,-0.06863811612129211,-0.010353070005436393,0.02192947268486023,-0.0661211609840393,-0.004019572186876985,0.051838696002960205,-0.07237204909324646,-0.0097936860021548,0.07139796018600464,-0.07029032707214355,-0.01176908358152673,0.08571088314056396,-0.06581699848175049,-0.012030693955381366,0.02734890580177307,-0.055256783962249756,-0.011382787741382572,0.050738513469696045,-0.06026118993759155,-0.0135907617133455,0.0663154125213623,-0.061762213706970215,-0.01343840572204158,0.07843250036239624,-0.06135261058807373,-0.013028772800822708
0.0,0.0,0.0,0.02441275119781494,-0.0008192062377929688,-0.0008010000868807765,0.04149541258811951,-0.015214323997497559,-0.001597735431801084,0.05325135588645935,-0.025263667106628418,-0.0034205253299433025,0.06315460801124573,-0.0294378399848938,-0.0046557782746958765,0.028629273176193237,-0.05826282501220703,0.0015985886735734312,0.05267980694770813,-0.062018007040023804,-0.005158731114875081,0.07083484530448914,-0.059298694133758545,-0.01084802332968593,0.08420953154563904,-0.05581909418106079,-0.01403168249578357,0.024173974990844727,-0.06410741806030273,-0.001317903731774095,0.05346378684043884,-0.07034647464752197,-0.007817358110855821,0.07299217581748962,-0.06725502014160156,-0.011714473699043992,0.08817228674888611,-0.0628480315208435,-0.013737315644334558,0.022470057010650635,-0.06371766328811646,-0.005178214383136037,0.05166998505592346,-0.07096928358078003,-0.011269650754343274,0.07119300961494446,-0.06890320777893066,-0.013699260872613195,0.08543536067008972,-0.06482857465744019,-0.014318243001412156,0.02287033200263977,-0.05905568599700928,-0.009351805184792283,0.0466366708278656,-0.06242832541465759,-0.012892404903482202,0.06284818053245544,-0.06192055344581604,-0.01373178731353164,0.07529696822166443,-0.06013864278793335,-0.013789198693643812
0.0,0.0,0.0,0.027286887168884277,-0.0064105987548828125,0.0032699570547265466,0.042800456285476685,-0.026643455028533936,0.004245222222380107,0.054302483797073364,-0.038497090339660645,0.0031243610683304723,0.06461253762245178,-0.04264277219772339,0.0026338779389334377,0.023966342210769653,-0.07059311866760254,0.006842183556727832,0.04912486672401428,-0.07235211133956909,-0.00048506594976061024,0.06855496764183044,-0.06813368201255798,-0.006955689608730609,0.0833221971988678,-0.06260871887207031,-0.010771223202027613,0.021452099084854126,-0.07115525007247925,0.001398137097567087,0.05182048678398132,-0.07574790716171265,-0.005602178953267867,0.07157179713249207,-0.07113510370254517,-0.009890294491924578,0.08751693367958069,-0.06538882851600647,-0.012209276526846224,0.022722214460372925,-0.06561538577079773,-0.005045130707003409,0.05213823914527893,-0.0717860758304596,-0.011427536464907462,0.07196715474128723,-0.06838038563728333,-0.013844761855580145,0.08639320731163025,-0.06320762634277344,-0.014434252723731333,0.026854395866394043,-0.05548882484436035,-0.011679840132273966,0.04983827471733093,-0.05971968173980713,-0.014864018976368243,0.06534221768379211,-0.06017112731933594,-0.015523333891906077,0.07734426856040955,-0.05900067090988159,-0.01571469274131232
0.0,0.0,0.0,0.025372862815856934,-0.004019558429718018,0.002161791869397689,0.039672255516052246,-0.019182682037353516,0.0027627915562646876,0.04864776134490967,-0.02922224998474121,0.0014248024392458092,0.056382596492767334,-0.03380167484283447,0.0008003908162521611,0.026759833097457886,-0.06495985388755798,0.007941095014061261,0.05072504281997681,-0.06647777557373047,0.0017465991852390061,0.06928670406341553,-0.0629647970199585,-0.004085303428624343,0.08322477340698242,-0.05885571241378784,-0.007545346538577746,0.02440813183784485,-0.06753578782081604,0.0032467470457362424,0.053181469440460205,-0.0714651346206665,-0.0025174947502506484,0.07198786735534668,-0.06832441687583923,-0.006466581630562018,0.08754074573516846,-0.0641484260559082,-0.008721952470992278,0.025282442569732666,-0.06438606977462769,-0.002624603132758807,0.05384176969528198,-0.0690169632434845,-0.007849047104869555,0.07265377044677734,-0.0674893856048584,-0.010089961024974059,0.08668619394302368,-0.06379419565200806,-0.010728752384935092,0.02871045470237732,-0.05655914545059204,-0.008817814434920024,0.051400721073150635,-0.058823227882385254,-0.01126383259430952,0.06659525632858276,-0.05933433771133423,-0.011724462877069186,0.07863467931747437,-0.058240294456481934,-0.01181067727044649
0.0,0.0,0.0,0.025528907775878906,-0.007372081279754639,0.003986357993298384,0.040669798851013184,-0.025603890419006348,0.005393334946447226,0.05165201425552368,-0.0367586612701416,0.004458653091305109,0.06157100200653076,-0.041087210178375244,0.00404609488587937,0.02538299560546875,-0.06780609488487244,0.00865575745966396,0.04967468976974487,-0.0697350800037384,0.0024552862652029717,0.06895065307617188,-0.06657710671424866,-0.003239918450972823,0.08333200216293335,-0.062217116355895996,-0.006677802370077757,0.023417383432388306,-0.06852713227272034,0.0028089508906390392,0.05264788866043091,-0.07272163033485413,-0.0031186011127743996,0.07197099924087524,-0.0692269504070282,-0.007202782851791767,0.0875583291053772,-0.06469926238059998,-0.009585231726205734,0.024632543325424194,-0.063418447971344,-0.0040379694636527574,0.05352914333343506,-0.06834810972213745,-0.009666148756778625,0.07282185554504395,-0.06624510884284973,-0.012246944193876175,0.0869138240814209,-0.06227809190750122,-0.013189044033325104,0.028233230113983154,-0.05365586280822754,-0.011012884971833614,0.05082422494888306,-0.057466864585876465,-0.01389818563792744,0.0657004714012146,-0.05835318565368652,-0.014612582695818332,0.0773169994354248,-0.05751168727874756,-0.014946272780335335
0.0,0.0,0.0,0.024561405181884766,-0.00961679220199585,0.003740075911338181,0.03569233417510986,-0.027608275413513184,0.004092529817427248,0.0439378023147583,-0.03898930549621582,0.001999472669268698,0.052026212215423584,-0.04368466138839722,0.0005946872927609093,0.018830686807632446,-0.07104021310806274,0.008816204900796265,0.041824400424957275,-0.07864385843276978,0.0033822904163400835,0.05898869037628174,-0.08234000205993652,-0.001888189412710517,0.07230335474014282,-0.08468720316886902,-0.0053185537169326835,0.017644554376602173,-0.07125809788703918,0.003064127807448358,0.04726296663284302,-0.07535183429718018,-0.00223678659560278,0.06575506925582886,-0.07172966003417969,-0.005920545262341648,0.0808647871017456,-0.06769225001335144,-0.008193202381079345,0.020647764205932617,-0.06642425060272217,-0.003638996108492165,0.050502240657806396,-0.06986582279205322,-0.008235962194447666,0.06958544254302979,-0.06701478362083435,-0.010120123689119964,0.08379572629928589,-0.06264704465866089,-0.010843915929143577,0.02689749002456665,-0.05723869800567627,-0.010589676042144447,0.05043685436248779,-0.059391677379608154,-0.011782428314035087,0.06501376628875732,-0.05921381711959839,-0.01121463912451759,0.07625341415405273,-0.05811852216720581,-0.01088253973895803
0.0,0.0,0.0,0.02619689702987671,-0.010978281497955322,0.0035089135016761475,0.0392477810382843,-0.028404712677001953,0.0039172064825407915,0.049606651067733765,-0.03858160972595215,0.0017690025815255694,0.05909213423728943,-0.04290330410003662,0.000516931930135911,0.017072588205337524,-0.0765758752822876,0.009886875221084779,0.04179224371910095,-0.07963114976882935,0.0028380061812214308,0.060808271169662476,-0.07735171914100647,-0.004057934103954608,0.07568231225013733,-0.07402509450912476,-0.008340095697391803,0.016375988721847534,-0.0758669376373291,0.0037937748092673473,0.04681512713432312,-0.08025714755058289,-0.0029052501231916494,0.06584683060646057,-0.07570582628250122,-0.007613913217980439,0.08149060606956482,-0.0702715814113617,-0.010399720227766807,0.01991942524909973,-0.07009735703468323,-0.0034915900942422695,0.04990759491920471,-0.07355692982673645,-0.009144275976765925,0.06863191723823547,-0.07017427682876587,-0.01118773181592303,0.082590252161026,-0.0654374361038208,-0.01176009566192704,0.026437222957611084,-0.060401082038879395,-0.011161580278027827,0.04975596070289612,-0.06322425603866577,-0.013242845019746596,0.06465443968772888,-0.06405746936798096,-0.013038482113230998,0.0766320526599884,-0.06363874673843384,-0.012721230803478534
0.0,0.0,0.0,0.029214709997177124,-0.012145459651947021,0.0029951153367306915,0.043182045221328735,-0.03198850154876709,0.003336069271668407,0.053251415491104126,-0.04527461528778076,0.0013521486937548843,0.06332966685295105,-0.05218082666397095,0.0002915791803985712,0.01970192790031433,-0.07566043734550476,0.009324649912073824,0.04456135630607605,-0.07812923192977905,0.0020121600057478872,0.06264308094978333,-0.07411861419677734,-0.00502265328098872,0.07653877139091492,-0.06970414519309998,-0.009259178671285895,0.016549646854400635,-0.07630553841590881,0.003637768192916724,0.04628077149391174,-0.07983100414276123,-0.0027873172846142324,0.06460806727409363,-0.07563331723213196,-0.007208498562917498,0.07979342341423035,-0.07127103209495544,-0.009864755342945841,0.017463862895965576,-0.07212725281715393,-0.0033385112371746573,0.0476473867893219,-0.0752728283405304,-0.008924967977449683,0.06627610325813293,-0.07259878516197205,-0.010340389232382563,0.08028778433799744,-0.06911566853523254,-0.01048938687448242,0.02136307954788208,-0.06392693519592285,-0.010733203399226454,0.04535838961601257,-0.06564652919769287,-0.012670071232363966,0.060727328062057495,-0.06563645601272583,-0.011920411507830408,0.07283768057823181,-0.06505638360977173,-0.011185328844234732
0.0,0.0,0.0,0.027113378047943115,-0.010256826877593994,0.003616189682276172,0.04252353310585022,-0.027525722980499268,0.004362546471298856,0.05381038784980774,-0.03805726766586304,0.0026471587879370873,0.06396999955177307,-0.04375046491622925,0.0017097499038811748,0.022149085998535156,-0.07173699140548706,0.010287589957357568,0.04652479290962219,-0.07258522510528564,0.0036481852693270866,0.06443515419960022,-0.06896856427192688,-0.0028983314005870398,0.07839414477348328,-0.06552809476852417,-0.00697816432884224,0.019690632820129395,-0.07272392511367798,0.004153323923588914,0.04978266358375549,-0.07508641481399536,-0.002271784604175764,0.06848105788230896,-0.07079711556434631,-0.006980297988860684,0.08398225903511047,-0.06670212745666504,-0.009749868320881205,0.020398318767547607,-0.06907486915588379,-0.0032103922168005283,0.05017802119255066,-0.07121449708938599,-0.009080426203667002,0.0688006579875946,-0.06815588474273682,-0.011276899273156005,0.08276435732841492,-0.06458127498626709,-0.011920096720217543,0.023507893085479736,-0.06182074546813965,-0.010864706146179515,0.047037214040756226,-0.06325429677963257,-0.013475484582244235,0.06227472424507141,-0.06299960613250732,-0.013583793672381717,0.07473292946815491,-0.062072932720184326,-0.013434750395475703
0.0,0.0,0.0,0.025700628757476807,-0.012505650520324707,0.002091039249904725,0.03882363438606262,-0.031698524951934814,0.0015536369041058151,0.048682719469070435,-0.043147385120391846,-0.0010532927250039847,0.05831006169319153,-0.04746776819229126,-0.002833593824647096,0.018396228551864624,-0.0762685239315033,0.005669747058533403,0.043370991945266724,-0.08196371793746948,-0.0018701168724817308,0.061945587396621704,-0.08279478549957275,-0.008539437271423367,0.07643386721611023,-0.08242875337600708,-0.012681188948221234,0.016828835010528564,-0.07526448369026184,7.082579523398636e-05,0.04783466458320618,-0.0796956717967987,-0.007432890545345572,0.06775429844856262,-0.07566511631011963,-0.012190211519367722,0.08394822478294373,-0.07069969177246094,-0.014893398575253514,0.019044339656829834,-0.06938618421554565,-0.006541847206420925,0.04941335320472717,-0.07331949472427368,-0.012952911622591046,0.06854835152626038,-0.07067173719406128,-0.014937384940452603,0.0827610194683075,-0.06671017408370972,-0.015391438223190335,0.023559987545013428,-0.06009209156036377,-0.013538394078381089,0.04731622338294983,-0.06255435943603516,-0.016130963295466927,0.06262192130088806,-0.06291544437408447,-0.015898980155355957,0.07465055584907532,-0.06216233968734741,-0.01550924400962117
0.0,0.0,0.0,0.027354538440704346,-0.010396361351013184,0.0046295113287015965,0.04240405559539795,-0.030041396617889404,0.006227474136565547,0.05286985635757446,-0.04151839017868042,0.0052716545186086705,0.06254595518112183,-0.04637783765792847,0.004929637478952031,0.024106085300445557,-0.07247024774551392,0.010740358790670257,0.048499464988708496,-0.07334208488464355,0.003392936837215643,0.06796258687973022,-0.06905242800712585,-0.0037659889195964524,0.0829581618309021,-0.06324541568756104,-0.008048101851429124,0.020738959312438965,-0.07406643033027649,0.004348561110262494,0.05051541328430176,-0.07743892073631287,-0.0025932218988344857,0.07000058889389038,-0.07296252250671387,-0.007429689226384539,0.08630150556564331,-0.06744185090065002,-0.010093541407670159,0.020782172679901123,-0.07054677605628967,-0.00320120138273694,0.05044132471084595,-0.07433557510375977,-0.009367724472369332,0.07029229402542114,-0.07085675001144409,-0.011521366947974343,0.08547019958496094,-0.06610304117202759,-0.011961012670482774,0.02293705940246582,-0.06292945146560669,-0.010960702376152653,0.04672318696975708,-0.06453657150268555,-0.013825421744670052,0.06293261051177979,-0.06347119808197021,-0.013898734526421208,0.0760459303855896,-0.0614660382270813,-0.013598958553458829
0.0,0.0,0.0,0.025682419538497925,-0.011313557624816895,0.00374356075560911,0.040058434009552,-0.029338836669921875,0.004559282449989155,0.05123317241668701,-0.03979337215423584,0.002840891484154895,0.06073451042175293,-0.04573702812194824,0.0020612978879199773,0.017069250345230103,-0.07487636804580688,0.010631926594285801,0.04273873567581177,-0.07562187314033508,0.003933261850832537,0.061768293380737305,-0.07087984681129456,-0.0028045906182541103,0.07621413469314575,-0.06569796800613403,-0.006857951866479084,0.016268640756607056,-0.07446834444999695,0.00478744390791519,0.04627227783203125,-0.07837948203086853,-0.0012623878391622156,0.06513166427612305,-0.07372209429740906,-0.005713389949889347,0.08036541938781738,-0.06842350959777832,-0.008331338638456032,0.01974770426750183,-0.06911396980285645,-0.0022777451630844325,0.049166083335876465,-0.07288193702697754,-0.007328950097800657,0.06794053316116333,-0.06991022825241089,-0.009237711081297562,0.08171612024307251,-0.06559795141220093,-0.009750233726592228,0.026358097791671753,-0.059801340103149414,-0.009709041329116985,0.04978078603744507,-0.06243950128555298,-0.011388749578983948,0.06467396020889282,-0.06232792139053345,-0.011052272977323696,0.07623469829559326,-0.061008334159851074,-0.010640269840152428
0.0,0.0,0.0,0.026867538690567017,-0.012284636497497559,0.0009076376253460694,0.040117084980010986,-0.031460702419281006,-0.00011576167628390976,0.05088484287261963,-0.04303538799285889,-0.0030617659987228762,0.061425089836120605,-0.04925811290740967,-0.004938369345040883,0.01650536060333252,-0.07711750268936157,0.005841292712716495,0.0439143180847168,-0.07639473676681519,-0.002806336812795962,0.0632162094116211,-0.07071360945701599,-0.01071694698941883,0.07804244756698608,-0.06507420539855957,-0.01547313500952896,0.015167087316513062,-0.07649430632591248,0.000862354626292472,0.046974241733551025,-0.07859361171722412,-0.006887164626391495,0.0661853551864624,-0.0732499361038208,-0.011945215247692431,0.08181589841842651,-0.06771916151046753,-0.014891617193939055,0.017934679985046387,-0.07112544775009155,-0.005422111328812207,0.048972904682159424,-0.07302716374397278,-0.011980549626173342,0.06841450929641724,-0.07019197940826416,-0.013885864250482882,0.08316898345947266,-0.06637954711914062,-0.01423017327499565,0.023433685302734375,-0.06181156635284424,-0.012285356603683795,0.04802596569061279,-0.06273692846298218,-0.01500139591109928,0.06326961517333984,-0.06315577030181885,-0.01465510503214773,0.07534372806549072,-0.06244844198226929,-0.014052411735178794
0.0,0.0,0.0,0.02859368920326233,-0.010662496089935303,0.003020168366077769,0.04261738061904907,-0.03047710657119751,0.0033198218701215865,0.05235391855239868,-0.043629229068756104,0.0013583195071475984,0.06189006567001343,-0.04998457431793213,0.00011346552886948302,0.021595001220703125,-0.07372719049453735,0.006959154354575503,0.046512722969055176,-0.07518845796585083,-0.0012734219523338197,0.06552183628082275,-0.07208847999572754,-0.008643583310600889,0.08042150735855103,-0.06828320026397705,-0.01306269588863529,0.019189834594726562,-0.07415911555290222,0.000921905939634371,0.05047476291656494,-0.07620316743850708,-0.007044792556968105,0.07063424587249756,-0.07102149724960327,-0.012298455377873552,0.0870789885520935,-0.06546509265899658,-0.015248303217646253,0.02021011710166931,-0.06950145959854126,-0.006189043083992374,0.05109143257141113,-0.07127216458320618,-0.013298172419723642,0.07058703899383545,-0.06677299737930298,-0.01590156546777166,0.0849718451499939,-0.061891019344329834,-0.016586050307211053,0.023491203784942627,-0.061142563819885254,-0.013563630087134015,0.0479465126991272,-0.06160813570022583,-0.016853580167349946,0.06375360488891602,-0.06104820966720581,-0.01712644091790594,0.07639491558074951,-0.05989181995391846,-0.016962373545226228
0.0,0.0,0.0,0.02809736132621765,-0.01163572072982788,0.0027222816004552897,0.04055893421173096,-0.02913510799407959,0.002303376897344833,0.04847419261932373,-0.04155302047729492,-0.0005883844116567616,0.055657029151916504,-0.049890339374542236,-0.002563405212839598,0.019848108291625977,-0.073609858751297,0.008737759535307532,0.04485994577407837,-0.07361704111099243,0.000854359810347205,0.06293874979019165,-0.06879571080207825,-0.006495675667082423,0.07717293500900269,-0.0634080171585083,-0.01086137270451104,0.01785150170326233,-0.07335913181304932,0.002851068378532773,0.047612547874450684,-0.0755990743637085,-0.0043706434209696,0.06534737348556519,-0.070362389087677,-0.009086567106550092,0.08031481504440308,-0.06462353467941284,-0.011767083908324594,0.02003002166748047,-0.06859570741653442,-0.004369796383087987,0.04986894130706787,-0.07027232646942139,-0.010388770270054692,0.06791287660598755,-0.0668538510799408,-0.012088759000306482,0.08157378435134888,-0.06196540594100952,-0.012291898148959035,0.025233983993530273,-0.05964171886444092,-0.012065036351685876,0.04874420166015625,-0.06061166524887085,-0.014039577114289159,0.06363135576248169,-0.059902191162109375,-0.013422362635736818,0.07565551996231079,-0.05801570415496826,-0.012728093321328515
0.0,0.0,0.0,0.026618242263793945,-0.010157108306884766,0.0041651210419928475,0.041673481464385986,-0.028678834438323975,0.005441055786619131,0.051571428775787354,-0.04116731882095337,0.004301924877623264,0.06022989749908447,-0.04852110147476196,0.0037602343734448596,0.023875504732131958,-0.06782948970794678,0.010034431856880133,0.04682815074920654,-0.06835329532623291,0.0038311522591953917,0.06357723474502563,-0.06499165296554565,-0.0022592766538167552,0.07611638307571411,-0.061659038066864014,-0.0059400860547924594,0.021261096000671387,-0.06969857215881348,0.004092143536368553,0.05081278085708618,-0.07155278325080872,-0.002133947410797532,0.06941759586334229,-0.06724050641059875,-0.006583666275432165,0.08458787202835083,-0.06264418363571167,-0.009062454882254656,0.021466434001922607,-0.06730228662490845,-0.0029462071463370876,0.05079054832458496,-0.06968367099761963,-0.009018160249283369,0.06921803951263428,-0.06601586937904358,-0.011455617691567,0.08308064937591553,-0.0617673397064209,-0.012103344160308893,0.023937374353408813,-0.06126582622528076,-0.010073478180160578,0.047507524490356445,-0.06158721446990967,-0.012836144152274187,0.06222951412200928,-0.06038767099380493,-0.01291921067534929,0.07407617568969727,-0.058957576751708984,-0.012674716147770937
0.0,0.0,0.0,0.026400744915008545,-0.011481285095214844,0.0045217382175053444,0.03871440887451172,-0.029665887355804443,0.005140616038175949,0.046088993549346924,-0.04145646095275879,0.003113677903371581,0.05333787202835083,-0.046099960803985596,0.0016398031183655348,0.020880460739135742,-0.07183200120925903,0.009102605228605398,0.045765697956085205,-0.07310160994529724,0.0018239163945565906,0.06437689065933228,-0.0699562132358551,-0.004919347407934538,0.07890743017196655,-0.06591999530792236,-0.008916659335312715,0.018548965454101562,-0.07161679863929749,0.0023968913045848694,0.049555957317352295,-0.07463303208351135,-0.004514681695667377,0.06900089979171753,-0.07072606682777405,-0.009069596471903196,0.0850287675857544,-0.06607571244239807,-0.011578968780753485,0.019679784774780273,-0.06713330745697021,-0.005349346025553814,0.05074000358581543,-0.06987917423248291,-0.011446129585323206,0.0698772668838501,-0.06676781177520752,-0.013422723914203516,0.08402323722839355,-0.06276386976242065,-0.013766663203654161,0.022914737462997437,-0.059158384799957275,-0.013266861493406168,0.04759323596954346,-0.06016731262207031,-0.015555419082460276,0.06320273876190186,-0.05928456783294678,-0.015009813996670118,0.0754898190498352,-0.0579034686088562,-0.014355338233229986
0.0,0.0,0.0,0.026826977729797363,-0.0073822736740112305,0.0036691416064940086,0.03970828652381897,-0.024905383586883545,0.004901398020862757,0.04662927985191345,-0.03724771738052368,0.0038438677332095494,0.052177995443344116,-0.04388386011123657,0.0033972997228346458,0.023313909769058228,-0.06956520676612854,0.008428356192140996,0.04696574807167053,-0.07119572162628174,0.001935923403195261,0.0651574432849884,-0.0678970217704773,-0.004212083713085235,0.0791749656200409,-0.06419268250465393,-0.007864497088760913,0.020489603281021118,-0.07067292928695679,0.0026917309044591775,0.05017337203025818,-0.07294774055480957,-0.0034045979370631585,0.06923040747642517,-0.06792089343070984,-0.007644563400120319,0.08491042256355286,-0.0628836452960968,-0.010157335036367954,0.021731972694396973,-0.06660902500152588,-0.004083745599658073,0.05118247866630554,-0.06785011291503906,-0.0097070871376701,0.07020547986030579,-0.06336915493011475,-0.012195812025041164,0.08409437537193298,-0.05806344747543335,-0.01300913975474316,0.02593177556991577,-0.05820643901824951,-0.011095314704746784,0.04991695284843445,-0.05924570560455322,-0.013476299540073455,0.06520727276802063,-0.05798184871673584,-0.013728533358246864,0.07724717259407043,-0.05568975210189819,-0.01372478757885176
0.0,0.0,0.0,0.02756267786026001,-0.006810009479522705,0.003234877567635408,0.04132348299026489,-0.023190557956695557,0.00339790255752348,0.05012822151184082,-0.03420740365982056,0.001222494607688418,0.05883282423019409,-0.03916919231414795,-0.0003001444019474775,0.026520758867263794,-0.06837132573127747,0.008254417301984063,0.04978203773498535,-0.0694904625415802,0.0011600971593423992,0.06824362277984619,-0.06548985838890076,-0.005590531425653467,0.08243942260742188,-0.06097346544265747,-0.009840244343607196,0.023517847061157227,-0.06947556138038635,0.002288096668095818,0.052476584911346436,-0.07101652026176453,-0.004322537602959642,0.07105433940887451,-0.06563708186149597,-0.009069295516340503,0.08683550357818604,-0.06017029285430908,-0.012046117251841792,0.02343118190765381,-0.06589630246162415,-0.00474316990944601,0.051991939544677734,-0.06648695468902588,-0.010647287508575687,0.07064318656921387,-0.06210300326347351,-0.012819874947993526,0.08495807647705078,-0.057133615016937256,-0.013614504514364967,0.025357544422149658,-0.05839461088180542,-0.012083901008693942,0.04772341251373291,-0.058056771755218506,-0.01470886814418293,0.06238776445388794,-0.05672174692153931,-0.014713245360283622,0.074546217918396,-0.05452364683151245,-0.014569668946890602
0.0,0.0,0.0,0.026763200759887695,-0.01127934455871582,0.0030852864160237914,0.0412919819355011,-0.02935713529586792,0.0037480630575714713,0.05164560675621033,-0.04159802198410034,0.002065223468378008,0.06061998009681702,-0.049093782901763916,0.001188667084932149,0.019831418991088867,-0.07431629300117493,0.009208324890494168,0.045167773962020874,-0.07493358850479126,0.002057154722422183,0.06415680050849915,-0.07064658403396606,-0.004828263014644563,0.07876113057136536,-0.06612390279769897,-0.008991498906254947,0.01804804801940918,-0.07417720556259155,0.0034240678082255727,0.048611074686050415,-0.07678160071372986,-0.003243226265624344,0.06792870163917542,-0.07216912508010864,-0.00809117447221297,0.08390888571739197,-0.06756949424743652,-0.010964499261319816,0.01971524953842163,-0.06916964054107666,-0.003567535137847244,0.049499303102493286,-0.07064199447631836,-0.009450373645961463,0.06818953156471252,-0.06707274913787842,-0.011448088508188903,0.08204224705696106,-0.06318604946136475,-0.011948373574853122,0.023653417825698853,-0.060542404651641846,-0.010931201685309588,0.04690304398536682,-0.06211644411087036,-0.013332913104534327,0.06178131699562073,-0.06241804361343384,-0.013125484284103095,0.07371786236763,-0.061821579933166504,-0.0127299553119542
0.0,0.0,0.0,0.02547314763069153,-0.00869840383529663,0.004791559425967762,0.04001343250274658,-0.02475738525390625,0.006105316577333042,0.051524996757507324,-0.034129559993743896,0.0047570511306105345,0.06097412109375,-0.037814319133758545,0.0040780350173292845,0.021372199058532715,-0.06995517015457153,0.010944723391759226,0.04538393020629883,-0.07211950421333313,0.004955485703277418,0.0640149712562561,-0.0681467056274414,-0.0011028506487207324,0.07837808132171631,-0.06353545188903809,-0.0047905596365751535,0.020405054092407227,-0.06994417309761047,0.004549040233570167,0.05031794309616089,-0.07359474897384644,-0.0008733879585349769,0.06940609216690063,-0.06902727484703064,-0.0051791004297854215,0.0847669243812561,-0.06375777721405029,-0.007784117238742283,0.02285689115524292,-0.0644524097442627,-0.002865911686939171,0.05195719003677368,-0.06747874617576599,-0.007510012241226605,0.07024151086807251,-0.06392890214920044,-0.009566359913122824,0.08340567350387573,-0.05919790267944336,-0.010292292332422903,0.027910232543945312,-0.05495595932006836,-0.010515265857947043,0.05070227384567261,-0.0577734112739563,-0.01197741342909353,0.06519240140914917,-0.058259785175323486,-0.01170468213237541,0.07653164863586426,-0.05721175670623779,-0.011444759315025976
0.0,0.0,0.0,0.028030484914779663,-0.010163843631744385,0.003407758185076659,0.0431218147277832,-0.0288507342338562,0.004134529958847111,0.05460995435714722,-0.041002750396728516,0.0025564045546531133,0.06481748819351196,-0.048029422760009766,0.0018187082506671004,0.022901445627212524,-0.07146096229553223,0.008799176420453136,0.047435104846954346,-0.07162672281265259,0.0009558647772252016,0.06636345386505127,-0.0658639669418335,-0.006457481310334856,0.08061903715133667,-0.05952942371368408,-0.010852490794476921,0.02016538381576538,-0.07235634326934814,0.002960893781292384,0.04958087205886841,-0.07437846064567566,-0.0041398892743558235,0.06833153963088989,-0.06780368089675903,-0.008953589257416184,0.08346593379974365,-0.061098337173461914,-0.011696694661495144,0.020722895860671997,-0.06855258345603943,-0.004060749672916586,0.04991382360458374,-0.06967851519584656,-0.010224164706286842,0.06882619857788086,-0.06483536958694458,-0.011960678976592476,0.0828636884689331,-0.05962413549423218,-0.012193442565020973,0.023632138967514038,-0.06089895963668823,-0.011432832349655087,0.04699581861495972,-0.06116539239883423,-0.013888899479624683,0.06210964918136597,-0.06040239334106445,-0.0134660920692653,0.07429927587509155,-0.05889230966567993,-0.01285811537933057
0.0,0.0,0.0,0.024988651275634766,-0.006359577178955078,0.003563465139322375,0.03889259696006775,-0.019991517066955566,0.004055704975925778,0.048486918210983276,-0.028346240520477295,0.0020598671943474756,0.05721774697303772,-0.032043516635894775,0.0006370273730311737,0.025019317865371704,-0.06793108582496643,0.009749017710291241,0.0460343062877655,-0.07391169667243958,0.0037425158624131427,0.06348273158073425,-0.07450640201568604,-0.0024167508273791327,0.07676491141319275,-0.07388988137245178,-0.006301095189101602,0.02319905161857605,-0.06883412599563599,0.003718449555762504,0.05127522349357605,-0.07215955853462219,-0.0020656738817166342,0.06994375586509705,-0.06818646192550659,-0.00672406604657283,0.08521303534507751,-0.06371378898620605,-0.009536108878947402,0.0245189368724823,-0.06490617990493774,-0.003355898141435887,0.0520881712436676,-0.06700098514556885,-0.00846663298229089,0.06992217898368835,-0.06361490488052368,-0.010756883715785648,0.08319345116615295,-0.058780014514923096,-0.011551458334125186,0.028026312589645386,-0.05678427219390869,-0.010743299444712306,0.0497458279132843,-0.057918548583984375,-0.012856604476965572,0.064165860414505,-0.057095110416412354,-0.012649293003178741,0.0755700170993805,-0.05470019578933716,-0.01223661931375375
0.0,0.0,0.0,0.024677515029907227,-0.005289256572723389,0.0032027389651716476,0.03760170936584473,-0.019633054733276367,0.003227393867689443,0.046171486377716064,-0.028600990772247314,0.0007470970421650236,0.05476570129394531,-0.033307015895843506,-0.0010933406620665664,0.02621668577194214,-0.06803324818611145,0.008358809890467,0.04960447549819946,-0.07112932205200195,0.0013766485762403136,0.06813317537307739,-0.0682300329208374,-0.005253690967094826,0.08251100778579712,-0.06451350450515747,-0.00927990229962461,0.024398505687713623,-0.06890299916267395,0.002359710194411946,0.05344796180725098,-0.07158362865447998,-0.004005741534513163,0.07238852977752686,-0.0664185881614685,-0.008564984632414507,0.08775275945663452,-0.06061047315597534,-0.011246225071829485,0.025903970003128052,-0.06421583890914917,-0.004730943796914744,0.05455666780471802,-0.06537783145904541,-0.009941918050628828,0.0727044939994812,-0.061385273933410645,-0.011922627893966364,0.08583539724349976,-0.05607616901397705,-0.012496494894605803,0.029591262340545654,-0.054863810539245605,-0.01219517851410501,0.05190378427505493,-0.05550050735473633,-0.013787568753343749,0.0661819577217102,-0.054834067821502686,-0.013258806636315512,0.07715660333633423,-0.05273860692977905,-0.012732753736656832
0.0,0.0,0.0,0.02640777826309204,-0.00834113359451294,0.003046767303274578,0.03916525840759277,-0.025695979595184326,0.003276666143463558,0.046698033809661865,-0.03792291879653931,0.0011475519105061949,0.05361217260360718,-0.0446474552154541,-0.0002688332341875821,0.024415701627731323,-0.06748241186141968,0.008088814775945252,0.047257065773010254,-0.07120057940483093,0.0012426853473499477,0.06504333019256592,-0.06945398449897766,-0.005111378867624694,0.07911401987075806,-0.06674978137016296,-0.00892380929410308,0.0212724506855011,-0.06810665130615234,0.002334545582087344,0.0497775673866272,-0.0714063048362732,-0.004076568194179231,0.06784963607788086,-0.0672144889831543,-0.008457826700507098,0.08307504653930664,-0.062285542488098145,-0.010993166145382816,0.021741420030593872,-0.06452393531799316,-0.0045328650329992115,0.0503847599029541,-0.06631064414978027,-0.010021395300029212,0.06847310066223145,-0.06298071146011353,-0.012050366279183322,0.08191591501235962,-0.05833899974822998,-0.01255524556010812,0.024822503328323364,-0.057132601737976074,-0.011750539083479339,0.04767841100692749,-0.05796843767166138,-0.013596040446756774,0.062423527240753174,-0.05747568607330322,-0.013348547991810733,0.07422477006912231,-0.05590742826461792,-0.012996337626574928
0.0,0.0,0.0,0.02574750781059265,-0.008149504661560059,0.0055801137582705,0.04035210609436035,-0.024037420749664307,0.007610510592286346,0.05070090293884277,-0.03399437665939331,0.006895502586786506,0.06029611825942993,-0.038478851318359375,0.006813111738239286,0.026098251342773438,-0.06587561964988708,0.012451923475538251,0.048756182193756104,-0.06654664874076843,0.007213683822129724,0.06637221574783325,-0.06383243203163147,0.0017770051722720837,0.08011281490325928,-0.06030341982841492,-0.0016753369477271463,0.024467647075653076,-0.0664701759815216,0.005720565118764398,0.0525822639465332,-0.06896549463272095,0.00044128982111146797,0.07030749320983887,-0.065329909324646,-0.003629364050055983,0.08543938398361206,-0.061168819665908813,-0.0059765078826501394,0.025572627782821655,-0.06214344501495361,-0.0020339318784579064,0.05317223072052002,-0.06465223431587219,-0.007164547662313225,0.07069587707519531,-0.062051981687545776,-0.00931221523794079,0.08416855335235596,-0.05877387523651123,-0.009946068725611212,0.028668224811553955,-0.05394238233566284,-0.009881827025736811,0.049853742122650146,-0.05585741996765137,-0.0121243521338954,0.06337767839431763,-0.056256234645843506,-0.01214275693061495,0.07461684942245483,-0.05566120147705078,-0.011983661889161112
0.0,0.0,0.0,0.02720111608505249,-0.009927809238433838,0.004651657063362791,0.042297959327697754,-0.02638554573059082,0.006168161276576711,0.05236935615539551,-0.03706157207489014,0.0049140748938896195,0.06172722578048706,-0.04377347230911255,0.004350876193342401,0.025251835584640503,-0.06791055202484131,0.012347958739695741,0.04824012517929077,-0.06817507743835449,0.006086342260090305,0.06671220064163208,-0.06370294094085693,-0.00041302186801317475,0.0809779167175293,-0.05849456787109375,-0.004272503089310931,0.02310919761657715,-0.06869718432426453,0.005991465635446502,0.05036360025405884,-0.07105123996734619,0.0003784828491859571,0.06865590810775757,-0.06631946563720703,-0.004140198473038481,0.08389836549758911,-0.06109532713890076,-0.006751406714471386,0.02430027723312378,-0.06420519948005676,-0.0016040086142368182,0.05168110132217407,-0.06640222668647766,-0.006663851682247923,0.06994754076004028,-0.06267225742340088,-0.00861842488885145,0.08362597227096558,-0.05782020092010498,-0.00902759308010559,0.028102487325668335,-0.05515974760055542,-0.00947995508104782,0.0505029559135437,-0.0563163161277771,-0.011071562078001307,0.06494569778442383,-0.055460572242736816,-0.01046279096991043,0.07637274265289307,-0.05377840995788574,-0.009810853991808699
0.0,0.0,0.0,-0.005562901496887207,-0.08858311176300049,0.012697001051620305,0.0023725032806396484,-0.14932024478912354,0.010304043133274376,0.03480875492095947,-0.18521493673324585,0.004250802163497269,0.06524467468261719,-0.1934080421924591,4.471156184138181e-05,-0.00531083345413208,-0.2029348611831665,0.007792408641890347,0.05503380298614502,-0.23000919818878174,0.007248655025378525,0.08589613437652588,-0.2208031713962555,0.009586266305760205,0.100882887840271,-0.2093680500984192,0.011254954215601742,0.023869752883911133,-0.18604522943496704,-0.003243287728636801,0.08325731754302979,-0.22672665119171143,-0.0011182986726083755,0.10969769954681396,-0.21931278705596924,0.0016218190486512185,0.12192857265472412,-0.20755711197853088,0.00237153826141423,0.0531691312789917,-0.15979397296905518,-0.013284511800392806,0.10375112295150757,-0.201643168926239,-0.00751254468364948,0.12665879726409912,-0.20221152901649475,0.0006356722498281897,0.13790327310562134,-0.20063820481300354,0.0036250416361696125,0.07992541790008545,-0.1242782473564148,-0.022889843146785438,0.11545723676681519,-0.16366463899612427,-0.014805478911384284,0.13101500272750854,-0.17697995901107788,-0.004349196731581628,0.14081799983978271,-0.1879618763923645,0.002314307092220247
0.0,0.0,0.0,0.04417699575424194,-0.05466604232788086,0.0049525310135436484,0.06038105487823486,-0.10125243663787842,0.0016087864608493874,0.08213019371032715,-0.13133400678634644,-0.006562670987193542,0.10243725776672363,-0.1513102650642395,-0.012519799001609044,-0.006302207708358765,-0.17313125729560852,0.012086154132987303,0.0531962513923645,-0.19868364930152893,-0.004276044495497899,0.09421497583389282,-0.20325037837028503,-0.018059169702326017,0.1268918514251709,-0.2021183967590332,-0.02628108283141728,-0.0023672878742218018,-0.16728970408439636,-0.00028529117452080754,0.06470543146133423,-0.20478075742721558,-0.014307280831133085,0.10408765077590942,-0.20700836181640625,-0.022286820985470968,0.13499009609222412,-0.20438694953918457,-0.02662890946129437,0.013415634632110596,-0.15218877792358398,-0.014906870961283403,0.07600581645965576,-0.1881379783153534,-0.024509154088889318,0.11466646194458008,-0.19646573066711426,-0.02582438086727734,0.14366823434829712,-0.19872033596038818,-0.0255624147281992,0.0374373197555542,-0.1292451024055481,-0.030619172208105283,0.086192786693573,-0.15498387813568115,-0.03167361190179463,0.11616736650466919,-0.17000901699066162,-0.028381306506787496,0.1392107605934143,-0.1802183985710144,-0.026044029571210103
0.0,0.0,0.0,0.03473055362701416,-0.06030869483947754,0.007306484945331704,0.048648834228515625,-0.11349183320999146,0.005525843680118214,0.06953608989715576,-0.14727139472961426,-0.0011968357979981192,0.08953523635864258,-0.16724592447280884,-0.0059976391752911695,-0.006513357162475586,-0.16949275135993958,0.012837470017586838,0.05166858434677124,-0.19433680176734924,-0.0016322317791832575,0.0916452407836914,-0.19982784986495972,-0.012904721803749908,0.12290012836456299,-0.19893917441368103,-0.01917856422045361,-0.0006895065307617188,-0.16258159279823303,0.00021956228334829575,0.06558126211166382,-0.19893670082092285,-0.011727629720951427,0.10304361581802368,-0.2015887200832367,-0.017594535395289768,0.1325223445892334,-0.20038598775863647,-0.020451706394339908,0.016467809677124023,-0.14721423387527466,-0.014401236109222282,0.07909566164016724,-0.18273311853408813,-0.022363501161123622,0.11583662033081055,-0.1921181082725525,-0.023079040020490993,0.14310652017593384,-0.19563508033752441,-0.022481851771260608,0.04048812389373779,-0.12415993213653564,-0.029783888280178417,0.08855932950973511,-0.15142473578453064,-0.029876418903256763,0.11723941564559937,-0.16653025150299072,-0.026721967875744213,0.13943397998809814,-0.17745858430862427,-0.024584522962356914
0.0,0.0,0.0,0.03570753335952759,-0.05736476182937622,0.005150822083862749,0.05193716287612915,-0.11086326837539673,0.003090636897297827,0.0739753246307373,-0.14456942677497864,-0.00335145848856655,0.09356975555419922,-0.16634485125541687,-0.007802681439159187,-0.003765493631362915,-0.17107170820236206,0.011077062319429842,0.05507546663284302,-0.19317632913589478,-0.004439881910172971,0.09544312953948975,-0.19727405905723572,-0.016716320906368765,0.12721437215805054,-0.1958772838115692,-0.02373760277458814,0.0017158985137939453,-0.16527515649795532,-0.0004865027387381815,0.06769794225692749,-0.19930025935173035,-0.01411664569803861,0.10541403293609619,-0.20200052857398987,-0.021355383936850103,0.13499689102172852,-0.20063963532447815,-0.024989710096804174,0.01800292730331421,-0.1499234437942505,-0.0141695327130833,0.08009624481201172,-0.1832788586616516,-0.024167966936317953,0.11648505926132202,-0.19123795628547668,-0.026041977946249517,0.1435602903366089,-0.19414430856704712,-0.025820995588389906,0.041529297828674316,-0.1259494423866272,-0.0286682256502786,0.0896291732788086,-0.15122368931770325,-0.030725880433408292,0.11781245470046997,-0.16519662737846375,-0.028637374658671888,0.13993877172470093,-0.17539244890213013,-0.026964844111887487
0.0,0.0,0.0,0.032483577728271484,-0.05543726682662964,0.0034043427074834653,0.04671996831893921,-0.10691893100738525,-0.00018075442511644724,0.06681853532791138,-0.13898822665214539,-0.007869498666138952,0.08561116456985474,-0.1592964231967926,-0.013589640941233938,-0.00543704628944397,-0.1650066077709198,0.007752183031527693,0.05281561613082886,-0.18675678968429565,-0.00866207746020109,0.09346067905426025,-0.19081997871398926,-0.021411467205496137,0.1250455379486084,-0.18944069743156433,-0.028518942977996176,-2.9146671295166016e-05,-0.15883716940879822,-0.0030419697069987706,0.06558150053024292,-0.19256505370140076,-0.01667358153662235,0.1037207841873169,-0.19581198692321777,-0.02360635609528572,0.1335340142250061,-0.19542080163955688,-0.027189461376281088,0.016499102115631104,-0.14402508735656738,-0.016000289331884687,0.07810139656066895,-0.17765158414840698,-0.025698918711157148,0.11486732959747314,-0.18595671653747559,-0.027098109807582205,0.14216655492782593,-0.18894651532173157,-0.02666929909190685,0.04031103849411011,-0.12106043100357056,-0.029938939820738142,0.08797204494476318,-0.14668717980384827,-0.03142996863624603,0.11640822887420654,-0.16023185849189758,-0.028740689020366972,0.13841038942337036,-0.16959375143051147,-0.026708425815911596
0.0,0.0,0.0,0.03459623456001282,-0.05958062410354614,0.0047770950399410594,0.047940224409103394,-0.11187708377838135,0.0018637080133032669,0.06861463189125061,-0.1458890736103058,-0.005305886509262336,0.08798494935035706,-0.16591975092887878,-0.010355617626004232,-0.0061022937297821045,-0.17240718007087708,0.011354408451921927,0.052060872316360474,-0.1951178014278412,-0.0026653665196079146,0.09212598204612732,-0.19838273525238037,-0.014009711107604517,0.12281587719917297,-0.1953926980495453,-0.020548539942495836,0.0013535916805267334,-0.16623535752296448,0.0004775230694633592,0.06584933400154114,-0.20109260082244873,-0.010136972887806905,0.1021435558795929,-0.20196384191513062,-0.015575631296627535,0.13062098622322083,-0.19962400197982788,-0.0186157233625579,0.01947036385536194,-0.15093326568603516,-0.012485276682667745,0.08021232485771179,-0.1849861443042755,-0.019422377234690202,0.11609295010566711,-0.1920371651649475,-0.019579906722896112,0.1430349051952362,-0.1940000057220459,-0.019059025457494272,0.043516963720321655,-0.12723714113235474,-0.026414091473810686,0.0899069607257843,-0.1536862552165985,-0.026227694711081995,0.1185707151889801,-0.16676917672157288,-0.02281825873851062,0.14076289534568787,-0.17562589049339294,-0.020559516510360254
0.0,0.0,0.0,0.03263762593269348,-0.06306827068328857,0.007616531052974551,0.04486623406410217,-0.11440014839172363,0.005610110187319606,0.06509855389595032,-0.14881062507629395,-0.001196865159670324,0.08390018343925476,-0.16837027668952942,-0.006170949949535043,-0.006267249584197998,-0.1726277768611908,0.013656620351014226,0.053010016679763794,-0.1938207745552063,0.000418104587936341,0.09360042214393616,-0.1973777413368225,-0.010388856338920505,0.12446001172065735,-0.1953282654285431,-0.016636487613084228,0.0021435320377349854,-0.16558587551116943,0.0015689762731767587,0.068011075258255,-0.1984092891216278,-0.008283461029293449,0.1052219569683075,-0.20065546035766602,-0.01342503964400521,0.13460448384284973,-0.19990956783294678,-0.016356936241152198,0.02082398533821106,-0.14967811107635498,-0.012378258215846927,0.08231481909751892,-0.18053007125854492,-0.018223289916875274,0.11824771761894226,-0.18883779644966125,-0.018011933709146888,0.14563515782356262,-0.19282284379005432,-0.017536491672160537,0.045244306325912476,-0.1255563497543335,-0.027102636689903647,0.09156301617622375,-0.1507853865623474,-0.026073499167921455,0.11946335434913635,-0.16445285081863403,-0.022315592090251357,0.14182338118553162,-0.17482644319534302,-0.019898143182160766
0.0,0.0,0.0,0.030402064323425293,-0.06057858467102051,0.005418929376276083,0.04266875982284546,-0.11414903402328491,0.002354194747852034,0.06323027610778809,-0.1487029492855072,-0.00482416282164877,0.08365428447723389,-0.16714254021644592,-0.010202168382136279,-0.006150275468826294,-0.1709095537662506,0.009173887886674947,0.05306774377822876,-0.19194230437278748,-0.0053136496687216095,0.09418398141860962,-0.19624298810958862,-0.016599855280844622,0.1250867247581482,-0.19482970237731934,-0.02285269730481332,0.0017917156219482422,-0.1638636291027069,-0.0019518700543699197,0.06743460893630981,-0.19673088192939758,-0.013031436025528365,0.1054917573928833,-0.19974598288536072,-0.01864640311094945,0.13505959510803223,-0.2000979781150818,-0.02166328475567525,0.02006351947784424,-0.14818838238716125,-0.014930429763523989,0.08135861158370972,-0.17981648445129395,-0.022309842414586,0.11791563034057617,-0.18808111548423767,-0.023109194717733317,0.14516204595565796,-0.1922178864479065,-0.022902767069069796,0.043834686279296875,-0.12463182210922241,-0.028663645393578463,0.09065800905227661,-0.15003681182861328,-0.029065580002395563,0.11908948421478271,-0.1633540689945221,-0.026253404922215395,0.14152055978775024,-0.17324796319007874,-0.02424417705032056
0.0,0.0,0.0,0.037234753370285034,-0.05992251634597778,0.009453788043487066,0.05165943503379822,-0.1125909686088562,0.008742577971446508,0.07279470562934875,-0.1466873586177826,0.0026619104831695495,0.09148344397544861,-0.16673609614372253,-0.0017482856125354829,-0.002051115036010742,-0.17264768481254578,0.017160717041718954,0.05551871657371521,-0.1947660744190216,0.005074432694840425,0.09540721774101257,-0.19789165258407593,-0.0052225421019613805,0.12604168057441711,-0.19506484270095825,-0.011195904000175005,0.004001051187515259,-0.16694298386573792,0.004084290114718669,0.06933143734931946,-0.200733482837677,-0.005047912599962956,0.1057375967502594,-0.2012120485305786,-0.0102533850655675,0.13426753878593445,-0.1980787217617035,-0.013083066216182715,0.020987480878829956,-0.15141227841377258,-0.010793503730070597,0.08261379599571228,-0.18362200260162354,-0.015922125785124308,0.11826696991920471,-0.19010189175605774,-0.0156598429963708,0.1448148787021637,-0.19170260429382324,-0.01505432034142018,0.04436120390892029,-0.12682700157165527,-0.02635131066895724,0.09208807349205017,-0.1530386209487915,-0.0243121780291915,0.12058106064796448,-0.1664954125881195,-0.02006740531183482,0.14265009760856628,-0.1759868562221527,-0.017453443615210062
0.0,0.0,0.0,0.03946423530578613,-0.06260573863983154,0.0056507240134635595,0.05407482385635376,-0.11641490459442139,0.0027631204194733527,0.07370102405548096,-0.15224307775497437,-0.004768236811145243,0.09229463338851929,-0.17404958605766296,-0.010346771954431233,-0.0035868585109710693,-0.17567181587219238,0.011523649291262927,0.05682116746902466,-0.19512015581130981,-0.0038288517770013186,0.09790956974029541,-0.19759336113929749,-0.016043824880256352,0.1294623613357544,-0.1945405900478363,-0.023114636345638928,0.001201033592224121,-0.16888242959976196,-0.000468957508786616,0.06925314664840698,-0.20058971643447876,-0.012623517579271493,0.10705667734146118,-0.20302730798721313,-0.018628794505133328,0.1373017430305481,-0.20200330018997192,-0.02188089470459431,0.01728302240371704,-0.15284740924835205,-0.014650475039019284,0.08168047666549683,-0.18346574902534485,-0.022860215782060322,0.1197817325592041,-0.19075044989585876,-0.022898327364458737,0.14882802963256836,-0.19314664602279663,-0.022052701367869076,0.04044276475906372,-0.12759339809417725,-0.029811078487767873,0.08976739645004272,-0.15212693810462952,-0.030062287851109204,0.11929512023925781,-0.16572129726409912,-0.026377027659549412,0.1422843337059021,-0.17527168989181519,-0.023881949289574322
0.0,0.0,0.0,0.033676326274871826,-0.06434404850006104,0.007309977887700825,0.04620230197906494,-0.11747300624847412,0.00398223427174571,0.0662955641746521,-0.15195581316947937,-0.004193285023291082,0.08542627096176147,-0.17343053221702576,-0.010584882469345303,-0.006348609924316406,-0.1746894121170044,0.009985532602797775,0.05557441711425781,-0.19658887386322021,-0.0056977090513896655,0.09768205881118774,-0.19985461235046387,-0.017751907007266254,0.12963807582855225,-0.1966603398323059,-0.02442400437729475,-0.00025898218154907227,-0.1674441397190094,-0.0027712865355056238,0.06926816701889038,-0.20106440782546997,-0.014688940727580757,0.10837352275848389,-0.20405235886573792,-0.020219736741353245,0.13953053951263428,-0.20380187034606934,-0.02306466643648264,0.016925334930419922,-0.15171095728874207,-0.017339269639421673,0.08200103044509888,-0.1836322546005249,-0.024621357218791218,0.12011486291885376,-0.1914348602294922,-0.023904933602977962,0.14894741773605347,-0.19452962279319763,-0.022755744875837536,0.04060006141662598,-0.1274319291114807,-0.032720898286868305,0.08982115983963013,-0.1518656611442566,-0.03203707654910204,0.11887073516845703,-0.16596052050590515,-0.02761686873571989,0.14150077104568481,-0.17672687768936157,-0.024629835979510517
0.0,0.0,0.0,0.03388577699661255,-0.06260943412780762,0.006963186580804859,0.04607492685317993,-0.1142427921295166,0.0043484253437497955,0.06523662805557251,-0.14871647953987122,-0.002912267660605039,0.08268767595291138,-0.1694885790348053,-0.008230347968520846,-0.006738930940628052,-0.17329519987106323,0.012435931861517702,0.051593780517578125,-0.1958402395248413,-0.0007438459106481332,0.09083414077758789,-0.19856733083724976,-0.011205642334999766,0.12044262886047363,-0.1954864263534546,-0.01717866010952207,0.0006357431411743164,-0.1670318841934204,0.0005878025294521194,0.06530225276947021,-0.20074337720870972,-0.009151591770233836,0.10129350423812866,-0.201951265335083,-0.013904819115879263,0.12977099418640137,-0.20037823915481567,-0.016544602662207808,0.018683969974517822,-0.1513991355895996,-0.013147537447395052,0.07930690050125122,-0.18293216824531555,-0.019087157994391646,0.11533355712890625,-0.19037377834320068,-0.01892537794995519,0.14277958869934082,-0.19329366087913513,-0.018484772965194907,0.042912065982818604,-0.12704384326934814,-0.027641014978172507,0.08938246965408325,-0.15258347988128662,-0.026648934781434264,0.11769217252731323,-0.16604480147361755,-0.022961852922918524,0.14028078317642212,-0.1758067011833191,-0.020652074217679228
0.0,0.0,0.0,0.03197431564331055,-0.060012102127075195,0.008876651491846133,0.04409116506576538,-0.11207962036132812,0.008366273682440806,0.06408369541168213,-0.14412415027618408,0.0026556721086308244,0.08276915550231934,-0.16260412335395813,-0.0013489352177202818,-0.006931126117706299,-0.17242473363876343,0.017812398228670645,0.049665212631225586,-0.19212886691093445,0.0064049106686070445,0.08929675817489624,-0.1948348879814148,-0.003582372130949807,0.11929887533187866,-0.1914430856704712,-0.009551190804813814,0.0010355114936828613,-0.16611087322235107,0.005278225954498339,0.06464529037475586,-0.1967996060848236,-0.0028565298171088216,0.10067993402481079,-0.19705456495285034,-0.00759909212229104,0.12955212593078613,-0.19535017013549805,-0.010484471950803709,0.019550561904907227,-0.15027117729187012,-0.0092563433909163,0.07984131574630737,-0.18004301190376282,-0.014403964426492166,0.11517691612243652,-0.18699339032173157,-0.014544953625772905,0.1419053077697754,-0.18989422917366028,-0.01438605695602746,0.04406005144119263,-0.12608343362808228,-0.02446715257701726,0.0896461009979248,-0.15090200304985046,-0.02325405276951642,0.11735057830810547,-0.16394242644309998,-0.01977444164094777,0.13947027921676636,-0.1736088991165161,-0.017714520018671465
0.0,0.0,0.0,0.03365355730056763,-0.059755682945251465,0.008601680370759368,0.04638671875,-0.11221891641616821,0.007876596386324763,0.06502491235733032,-0.147157222032547,0.0020686548396611215,0.08306849002838135,-0.16776713728904724,-0.001973965465310812,-0.008963048458099365,-0.17175129055976868,0.016316085095297694,0.049866557121276855,-0.19127172231674194,0.004165545544367433,0.08990168571472168,-0.19387337565422058,-0.0062482636694198845,0.12052959203720093,-0.19139432907104492,-0.012431981069255471,-0.0021830201148986816,-0.16651812195777893,0.003906143336337209,0.0640060305595398,-0.19606360793113708,-0.0052319290388709305,0.1011229157447815,-0.19724193215370178,-0.01042469127963841,0.1307263970375061,-0.1956777274608612,-0.013389682424474358,0.015794575214385986,-0.15150225162506104,-0.01040001961331427,0.07760840654373169,-0.18114882707595825,-0.01609343013655007,0.1137050986289978,-0.18821090459823608,-0.016166747574914098,0.14120721817016602,-0.19084030389785767,-0.015730493729222417,0.04059886932373047,-0.12773174047470093,-0.02539564578722775,0.08776712417602539,-0.15206536650657654,-0.024148608585107922,0.11601513624191284,-0.16439855098724365,-0.02036150454472363,0.13822788000106812,-0.17306432127952576,-0.01796214192103207
0.0,0.0,0.0,0.03284311294555664,-0.06004065275192261,0.006837721635434946,0.04555165767669678,-0.11282169818878174,0.004337595962766727,0.06630367040634155,-0.1448340117931366,-0.0027606906827202238,0.08632034063339233,-0.16262120008468628,-0.007905860244449059,-0.004327297210693359,-0.17120903730392456,0.011792986840788444,0.055946171283721924,-0.18924936652183533,-0.0015065399223601617,0.09436237812042236,-0.1881946325302124,-0.011722761019285599,0.1232709288597107,-0.1822911500930786,-0.017568087018247525,0.0029705166816711426,-0.16428768634796143,-6.817764582933705e-05,0.06982678174972534,-0.19486430287361145,-0.010544832608815113,0.10459399223327637,-0.19364693760871887,-0.015538310445066372,0.13178759813308716,-0.19017773866653442,-0.01819612812172977,0.021060943603515625,-0.1483859121799469,-0.013817017710920254,0.08320373296737671,-0.17940187454223633,-0.020699361152168194,0.11898714303970337,-0.1851745843887329,-0.020927926338430325,0.1456192135810852,-0.18688622117042542,-0.020536256767030636,0.04549330472946167,-0.12384217977523804,-0.028256280160661618,0.09244382381439209,-0.1480453908443451,-0.027774987555261532,0.11990934610366821,-0.15957412123680115,-0.024188024736162106,0.14138680696487427,-0.16792505979537964,-0.02200162578296272
0.0,0.0,0.0,0.0398029088973999,-0.06187254190444946,0.008452643474385013,0.05478870868682861,-0.11495250463485718,0.006374739410176744,0.07444584369659424,-0.1504259705543518,-0.0008698889200502435,0.09249866008758545,-0.17276087403297424,-0.006291120479062329,-0.0022097229957580566,-0.17821606993675232,0.013942875733420124,0.057862281799316406,-0.19948089122772217,0.00011955726361634333,0.0989874005317688,-0.2025081217288971,-0.011303913945511113,0.12995845079421997,-0.1995621621608734,-0.0178550492769034,0.0028084516525268555,-0.17208918929100037,0.0009761969063504239,0.0698390007019043,-0.2058248519897461,-0.009159653613522778,0.10748136043548584,-0.2077348530292511,-0.014507494101479779,0.13718503713607788,-0.20648974180221558,-0.017486362884000073,0.019500017166137695,-0.15610018372535706,-0.013768688941553364,0.08267480134963989,-0.1889297068119049,-0.019642283374622593,0.12003463506698608,-0.19617491960525513,-0.01875762378628565,0.14802932739257812,-0.198444664478302,-0.017717146480634938,0.04366987943649292,-0.1306685209274292,-0.0292737122422011,0.092251718044281,-0.15709713101387024,-0.027243341485217343,0.12130182981491089,-0.1704009771347046,-0.022023069838240872,0.14344465732574463,-0.17946171760559082,-0.018636343235328923
0.0,0.0,0.0,0.033503711223602295,-0.06231206655502319,0.006203228418456774,0.04580813646316528,-0.11311203241348267,0.002635594733732205,0.06573188304901123,-0.1464293897151947,-0.005454917161983985,0.08476585149765015,-0.16699543595314026,-0.011715273562145967,-0.005019247531890869,-0.1721208095550537,0.009461506080555182,0.05421173572540283,-0.19194012880325317,-0.005530532638800878,0.09434229135513306,-0.19342520833015442,-0.017191856357527513,0.12485331296920776,-0.18962591886520386,-0.02379598580606057,0.002447783946990967,-0.16501250863075256,-0.002538389249963302,0.06813639402389526,-0.19635528326034546,-0.013831228207124013,0.10502022504806519,-0.19691750407218933,-0.019211654740644235,0.13402587175369263,-0.19528540968894958,-0.022251370552254457,0.02030116319656372,-0.14906403422355652,-0.016416032987905282,0.0816124677658081,-0.17908915877342224,-0.023644426095557947,0.11773818731307983,-0.1853867769241333,-0.023426617685032625,0.14510351419448853,-0.18738102912902832,-0.022745077687574167,0.04416710138320923,-0.12481957674026489,-0.03111817241020276,0.09086555242538452,-0.1492413580417633,-0.030854108932686586,0.1191529631614685,-0.16201725602149963,-0.026992012935949106,0.1414647102355957,-0.17141687870025635,-0.02443279065496995
0.0,0.0,0.0,-0.0549546480178833,-0.06097912788391113,0.006021443508302582,-0.08357208967208862,-0.11852878332138062,0.003059788826590193,-0.11473089456558228,-0.1560279130935669,-0.0035440190828239793,-0.14229923486709595,-0.17816323041915894,-0.012917178463453638,-0.006858706474304199,-0.19085919857025146,0.0011780327052974826,-0.08061850070953369,-0.2279534935951233,-0.009212367948407518,-0.12358075380325317,-0.22383886575698853,-0.02086393047522961,-0.15055054426193237,-0.21809858083724976,-0.02808518220138012,-0.01277083158493042,-0.18389728665351868,-0.008299103718513834,-0.09136730432510376,-0.22557008266448975,-0.014024737071508753,-0.13328003883361816,-0.22039955854415894,-0.02321600612651764,-0.16261625289916992,-0.21432441473007202,-0.031215603243822443,-0.02827662229537964,-0.16592174768447876,-0.017489808392042505,-0.10187751054763794,-0.20847204327583313,-0.023400264572615015,-0.13998007774353027,-0.21101847290992737,-0.030536825549120294,-0.16691267490386963,-0.21244019269943237,-0.036329955574387895,-0.052544355392456055,-0.13965660333633423,-0.02614792135011612,-0.10680502653121948,-0.17356503009796143,-0.030810241367930757,-0.13388985395431519,-0.18337780237197876,-0.03225715529572426,-0.1551017165184021,-0.19001543521881104,-0.03275749158513008
0.0,0.0,0.0,-0.05311131477355957,-0.05764991044998169,0.0036600690842192307,-0.08091026544570923,-0.11390817165374756,-0.00021923867046780288,-0.11187422275543213,-0.15182775259017944,-0.007281363937579499,-0.1396520733833313,-0.17344552278518677,-0.016829910683952676,-0.005842089653015137,-0.18951216340065002,-0.0012497506062913999,-0.07828301191329956,-0.2242521345615387,-0.012456498104654656,-0.12005060911178589,-0.2213459312915802,-0.02426466438504349,-0.14594340324401855,-0.21629279851913452,-0.031458123582922326,-0.010039448738098145,-0.18429961800575256,-0.009536896828137742,-0.08650398254394531,-0.22244828939437866,-0.016344374972902642,-0.12730073928833008,-0.2182028591632843,-0.02559294830592762,-0.1559990644454956,-0.2127702832221985,-0.033254086035810815,-0.023663043975830078,-0.16766497492790222,-0.01767330336900841,-0.09505414962768555,-0.20664724707603455,-0.024873760524712907,-0.13258445262908936,-0.20836448669433594,-0.03210575785072933,-0.15950149297714233,-0.2085328996181488,-0.03740677143963467,-0.04569661617279053,-0.14298027753829956,-0.025495256293140756,-0.09973680973052979,-0.17302727699279785,-0.03111662994655262,-0.12695759534835815,-0.18155384063720703,-0.033129810351454125,-0.1489383578300476,-0.1869010031223297,-0.033621578473173486
0.0,0.0,0.0,-0.05419987440109253,-0.06139636039733887,0.008368161289752152,-0.08258950710296631,-0.11880004405975342,0.006967526643336441,-0.11438751220703125,-0.15644562244415283,0.0015342799171662591,-0.1429516077041626,-0.17743629217147827,-0.006701139019071434,-0.006781816482543945,-0.1922655701637268,0.003352508895829942,-0.0809285044670105,-0.22715193033218384,-0.004518054177253816,-0.12251096963882446,-0.2227991819381714,-0.01359840131664214,-0.14900857210159302,-0.2170146405696869,-0.018956594386338566,-0.011640429496765137,-0.18732532858848572,-0.006640477788835142,-0.09023559093475342,-0.22458335757255554,-0.01039613618814883,-0.13176840543746948,-0.2187422215938568,-0.018460594334840152,-0.1618403196334839,-0.2123706340789795,-0.025243489288925502,-0.025878846645355225,-0.17035827040672302,-0.0158019384678596,-0.0991782546043396,-0.20961514115333557,-0.019848320850371692,-0.1368357539176941,-0.2108236849308014,-0.025485851087807987,-0.16403722763061523,-0.21128526329994202,-0.029874118262171123,-0.049878478050231934,-0.14472758769989014,-0.02429098471367297,-0.1053590178489685,-0.17632174491882324,-0.02754444836938319,-0.1318712830543518,-0.1852843165397644,-0.027650958144306514,-0.15321767330169678,-0.19056951999664307,-0.02660290546083388
0.0,0.0,0.0,-0.050976455211639404,-0.05772411823272705,0.005153661482950156,-0.07797330617904663,-0.11281949281692505,0.0016484237331724216,-0.10894691944122314,-0.14899992942810059,-0.005171307007799442,-0.13696569204330444,-0.16968852281570435,-0.014887045714090164,-0.0037881135940551758,-0.18710139393806458,-0.00013436329925298196,-0.076962411403656,-0.22117829322814941,-0.01141069048924237,-0.11967653036117554,-0.21782922744750977,-0.023945222253928478,-0.14683640003204346,-0.2128658890724182,-0.03152129856778174,-0.009290516376495361,-0.1828213632106781,-0.008892113919387157,-0.08525228500366211,-0.22024768590927124,-0.014927368256280715,-0.12731218338012695,-0.2164897620677948,-0.024790175835619266,-0.15754449367523193,-0.21164163947105408,-0.03303979767395049,-0.02382040023803711,-0.16795146465301514,-0.017174658010731036,-0.09370553493499756,-0.20665764808654785,-0.022902807797322566,-0.13146138191223145,-0.20799002051353455,-0.0298845885498622,-0.15872329473495483,-0.20780447125434875,-0.0352723939521411,-0.04618018865585327,-0.14514416456222534,-0.025062842871079738,-0.09855866432189941,-0.1766376495361328,-0.0294164164168933,-0.12521564960479736,-0.1840313971042633,-0.030321773718128497,-0.14670705795288086,-0.18787580728530884,-0.029997086728940303
0.0,0.0,0.0,-0.05222642421722412,-0.058265745639801025,0.004727725743578048,-0.07909095287322998,-0.11425775289535522,0.0007247530047607142,-0.11092609167098999,-0.15120697021484375,-0.00657468208737555,-0.13949137926101685,-0.17311063408851624,-0.01678523853115621,-0.0043163299560546875,-0.1902465522289276,-0.00024174411009880714,-0.07879763841629028,-0.2259361445903778,-0.010931845416052965,-0.12108254432678223,-0.22193211317062378,-0.023216957819386153,-0.14690154790878296,-0.21662598848342896,-0.030912396159692435,-0.011329233646392822,-0.18410825729370117,-0.008732804690225748,-0.08849465847015381,-0.22319665551185608,-0.014708418060763506,-0.12993180751800537,-0.2187422513961792,-0.024799731221719412,-0.15886801481246948,-0.21390753984451294,-0.033606321212573675,-0.02704167366027832,-0.16744032502174377,-0.01681733376972261,-0.09865349531173706,-0.20772826671600342,-0.02259905323080602,-0.13610827922821045,-0.2093639373779297,-0.030171059665008215,-0.16219639778137207,-0.20973777770996094,-0.0364172725348908,-0.05063074827194214,-0.1431381106376648,-0.02446348465673509,-0.10460710525512695,-0.17582836747169495,-0.028664047491474776,-0.1315334439277649,-0.1838078498840332,-0.030141050589008955,-0.15244060754776,-0.1884571611881256,-0.030752825212402968
0.0,0.0,0.0,-0.056475162506103516,-0.05904591083526611,0.00558907424095878,-0.08332383632659912,-0.11388581991195679,0.0018525608069808186,-0.11380112171173096,-0.15042799711227417,-0.005514876199924856,-0.14158815145492554,-0.17295241355895996,-0.016042135404461533,-0.0068070292472839355,-0.19121652841567993,0.0007972081261300445,-0.08131229877471924,-0.2260504961013794,-0.009814397180491596,-0.12413471937179565,-0.22256743907928467,-0.022337829442733437,-0.1507987380027771,-0.21732139587402344,-0.030227351682299286,-0.01202249526977539,-0.18648996949195862,-0.00840751801621309,-0.09078001976013184,-0.22437307238578796,-0.013964123772495896,-0.13349199295043945,-0.2196325957775116,-0.02432781246494642,-0.1634155511856079,-0.2139870524406433,-0.033422451214903504,-0.026248693466186523,-0.17096951603889465,-0.01714450654577604,-0.09898251295089722,-0.21167302131652832,-0.022637681784146935,-0.13720190525054932,-0.21330708265304565,-0.030056139202827126,-0.16385269165039062,-0.21291014552116394,-0.0362538208533465,-0.04886972904205322,-0.14755207300186157,-0.025436512874478012,-0.10401713848114014,-0.1813848912715912,-0.029420507820361763,-0.13131284713745117,-0.1899447739124298,-0.03042664912533155,-0.15235251188278198,-0.19422954320907593,-0.030700182290786415
0.0,0.0,0.0,-0.05754894018173218,-0.05952578783035278,0.005567075282783662,-0.08347320556640625,-0.11491453647613525,0.0023712116000069727,-0.1117393970489502,-0.15067839622497559,-0.004784298531262721,-0.137037456035614,-0.17183122038841248,-0.014897026523499335,-0.005551576614379883,-0.1908591389656067,0.0011747420704750766,-0.07974010705947876,-0.2232767939567566,-0.010703976667969073,-0.12209182977676392,-0.21837860345840454,-0.023809894389955844,-0.14904260635375977,-0.21218690276145935,-0.031784349523036326,-0.009423673152923584,-0.18622219562530518,-0.008679395012109126,-0.08751815557479858,-0.22154942154884338,-0.015962084225861872,-0.12959682941436768,-0.21556347608566284,-0.02692342496618494,-0.15969085693359375,-0.20946058630943298,-0.03569981589123472,-0.022867441177368164,-0.17107293009757996,-0.01818839221402868,-0.09470617771148682,-0.20938360691070557,-0.025866025529353465,-0.13303989171981812,-0.20867964625358582,-0.03333891688987478,-0.16011792421340942,-0.20677167177200317,-0.03846233098909124,-0.04580813646316528,-0.14840495586395264,-0.027297809190599764,-0.1004791259765625,-0.18081536889076233,-0.03293696179196104,-0.1276477575302124,-0.1885714828968048,-0.03412673010632261,-0.14876747131347656,-0.19186195731163025,-0.03377654909297689
0.0,0.0,0.0,-0.05535614490509033,-0.05938076972961426,0.006586498653462058,-0.08221757411956787,-0.11489975452423096,0.003991683086326248,-0.11282587051391602,-0.1519290804862976,-0.0025959472843055664,-0.14053934812545776,-0.17392495274543762,-0.012141188999692076,-0.005576491355895996,-0.19132885336875916,0.003850068271106011,-0.0791136622428894,-0.22394421696662903,-0.006122452599981898,-0.12087535858154297,-0.21978908777236938,-0.018319434879401797,-0.14675402641296387,-0.21491903066635132,-0.026060219315866107,-0.010884463787078857,-0.18683373928070068,-0.006044605208614939,-0.08785158395767212,-0.22232070565223694,-0.011055670140365237,-0.12894272804260254,-0.21772795915603638,-0.02129062770126211,-0.15837079286575317,-0.2136489450931549,-0.030099013282040232,-0.025119006633758545,-0.17099475860595703,-0.015558827130178088,-0.0963863730430603,-0.20827430486679077,-0.02147159857867109,-0.13380533456802368,-0.20961380004882812,-0.029165500236729258,-0.16052645444869995,-0.2105729579925537,-0.03511293178615915,-0.0481722354888916,-0.1470799446105957,-0.02459097972331392,-0.10188239812850952,-0.179226815700531,-0.029253018481711024,-0.12898540496826172,-0.1878361701965332,-0.030479702560285205,-0.15057581663131714,-0.19317632913589478,-0.0305728366803919
0.0,0.0,0.0,-0.05259430408477783,-0.058509230613708496,0.005457095051269789,-0.08064156770706177,-0.11471080780029297,0.0018942724625503615,-0.11285299062728882,-0.15062260627746582,-0.005347936233420114,-0.14262080192565918,-0.17178645730018616,-0.015492506144482832,-0.005997598171234131,-0.1897357702255249,0.0008383580777717725,-0.07957524061203003,-0.2220834493637085,-0.010195738455195169,-0.12140160799026489,-0.21824470162391663,-0.022430039761502485,-0.14855319261550903,-0.2131313681602478,-0.02989738789005969,-0.012290537357330322,-0.18458685278892517,-0.008986277324993353,-0.08830422163009644,-0.22104337811470032,-0.0153330329860637,-0.12966513633728027,-0.21545934677124023,-0.025399060739118795,-0.16027408838272095,-0.21008598804473877,-0.0334470940808842,-0.027092814445495605,-0.16829538345336914,-0.018403509450990896,-0.09758931398391724,-0.20696493983268738,-0.02512412127657626,-0.13479620218276978,-0.20804372429847717,-0.032355930475432615,-0.1616646647453308,-0.20877313613891602,-0.037487268267113905,-0.05060535669326782,-0.14351719617843628,-0.027378199441272955,-0.10381972789764404,-0.177473247051239,-0.032926268694836835,-0.13022345304489136,-0.1869099736213684,-0.033928260026414137,-0.1509767770767212,-0.19271698594093323,-0.033415444014508466
0.0,0.0,0.0,-0.051286399364471436,-0.058261096477508545,0.004641981520308036,-0.07912462949752808,-0.11410599946975708,0.0007020891221145575,-0.1105988621711731,-0.15045535564422607,-0.006601832150863629,-0.13927888870239258,-0.17023703455924988,-0.016616154271559935,-0.006922304630279541,-0.19079846143722534,-0.002092994559006911,-0.08238369226455688,-0.22311443090438843,-0.013873123373286944,-0.12457364797592163,-0.21812352538108826,-0.025637998986439925,-0.15041768550872803,-0.2118435800075531,-0.03262287918050788,-0.012614428997039795,-0.18430858850479126,-0.010933976429896575,-0.09123814105987549,-0.22061297297477722,-0.018206994790034514,-0.1328008770942688,-0.21498292684555054,-0.02705276552160285,-0.16187900304794312,-0.20833176374435425,-0.034292058828668814,-0.02740532159805298,-0.16622638702392578,-0.01946054752488635,-0.09992188215255737,-0.20380249619483948,-0.026540780249433737,-0.13781124353408813,-0.20509523153305054,-0.032854290488558036,-0.1646651029586792,-0.20510178804397583,-0.037470219466285926,-0.0504150390625,-0.1399107575416565,-0.027614392149644118,-0.1034131646156311,-0.1689349114894867,-0.03311419281681083,-0.1292022466659546,-0.17755737900733948,-0.03464282098730109,-0.14960163831710815,-0.1835046410560608,-0.034643301549749594
0.0,0.0,0.0,-0.054721951484680176,-0.05990588665008545,0.00883414396560056,-0.07988446950912476,-0.11610132455825806,0.0070660280576930745,-0.10906267166137695,-0.15209925174713135,0.0007072065887996359,-0.1360517144203186,-0.17254996299743652,-0.00887149958396094,-0.0037377476692199707,-0.19406160712242126,0.007101781065671275,-0.07970237731933594,-0.2243647575378418,-0.003988433764220645,-0.1219472885131836,-0.22003430128097534,-0.017487573572338988,-0.14762651920318604,-0.21509909629821777,-0.026056633465827872,-0.01039588451385498,-0.18947508931159973,-0.0038147611961676375,-0.08911889791488647,-0.22343337535858154,-0.010099886120201518,-0.13156837224960327,-0.2167447805404663,-0.020837786742390563,-0.16079914569854736,-0.21117329597473145,-0.029856261932195594,-0.02528434991836548,-0.17318692803382874,-0.014459373564363887,-0.09808748960494995,-0.20961588621139526,-0.022190754436792304,-0.13671082258224487,-0.20828530192375183,-0.029890774884165694,-0.1632367968559265,-0.2066444754600525,-0.03541519413226979,-0.04832679033279419,-0.1490733027458191,-0.02443372937375443,-0.10317128896713257,-0.1769411861896515,-0.029654356785954405,-0.129327654838562,-0.1818923056125641,-0.031017917343319823,-0.14904862642288208,-0.18399667739868164,-0.031200657733620574
0.0,0.0,0.0,-0.057293832302093506,-0.059039533138275146,0.008781165297421012,-0.08317869901657104,-0.11551201343536377,0.007134232617261205,-0.11271440982818604,-0.15054631233215332,0.0007737634059026277,-0.13989496231079102,-0.1717168688774109,-0.009063470695821252,-0.008076131343841553,-0.19484803080558777,0.008388545776995215,-0.08362400531768799,-0.22481629252433777,-0.0016767647412621045,-0.12589585781097412,-0.21857711672782898,-0.015021608729568925,-0.15187406539916992,-0.21291649341583252,-0.023637180735079255,-0.0144692063331604,-0.1895938217639923,-0.003192678379548397,-0.09163546562194824,-0.22471433877944946,-0.007793368824479785,-0.13338136672973633,-0.21788981556892395,-0.01825626898249766,-0.16381776332855225,-0.2118508517742157,-0.027037201036421266,-0.029262900352478027,-0.1734219789505005,-0.014485573914555516,-0.1006045937538147,-0.2110978364944458,-0.020548408438173738,-0.13801681995391846,-0.20972895622253418,-0.027584457357136216,-0.16447794437408447,-0.20818382501602173,-0.032783204276768174,-0.052534639835357666,-0.1486419439315796,-0.02526576216956755,-0.10732406377792358,-0.18179449439048767,-0.030597230006662812,-0.1340203881263733,-0.18769586086273193,-0.031144124974218812,-0.15421640872955322,-0.1898726522922516,-0.030390703637806382
0.0,0.0,0.0,-0.06121271848678589,-0.05623769760131836,0.010322177580292191,-0.08994245529174805,-0.11149024963378906,0.00910354664802071,-0.1215667724609375,-0.14666324853897095,0.0030100038579803368,-0.14998334646224976,-0.1664566993713379,-0.00640410484493259,-0.013896942138671875,-0.19843769073486328,0.008000937088127102,-0.09267276525497437,-0.22344720363616943,-0.001957044207756553,-0.13603538274765015,-0.2134695053100586,-0.014524642580454383,-0.16350829601287842,-0.20369943976402283,-0.022273135573868785,-0.02042180299758911,-0.192647784948349,-0.003416107238535915,-0.10172277688980103,-0.22346407175064087,-0.009075418317024742,-0.1445920467376709,-0.211931973695755,-0.019551362113361392,-0.17503118515014648,-0.20162683725357056,-0.028065274671916995,-0.03536713123321533,-0.17394503951072693,-0.014279660971169506,-0.11051416397094727,-0.20695838332176208,-0.020671091244821582,-0.1498214602470398,-0.20313480496406555,-0.028578919560914073,-0.17802327871322632,-0.19914603233337402,-0.034288150460724864,-0.05858159065246582,-0.14655447006225586,-0.024320119262938533,-0.11414778232574463,-0.17178687453269958,-0.028205794484620128,-0.14001524448394775,-0.17476323246955872,-0.029281131194238696,-0.16016215085983276,-0.17479509115219116,-0.02932917812586311
0.0,0.0,0.0,-0.06038343906402588,-0.05548524856567383,0.010103708910264686,-0.08875948190689087,-0.10979223251342773,0.00939177892587395,-0.11936604976654053,-0.14531797170639038,0.003665145099603251,-0.14718711376190186,-0.16478663682937622,-0.005607711305401608,-0.016150832176208496,-0.199281245470047,0.00970454778007479,-0.09474480152130127,-0.2237357199192047,0.0006675363606518658,-0.13718533515930176,-0.21436500549316406,-0.0118412479437211,-0.16367608308792114,-0.20623382925987244,-0.019650097159228608,-0.02166968584060669,-0.1951013207435608,-0.0018528850428083388,-0.10221207141876221,-0.22289717197418213,-0.006749842470071599,-0.1449936032295227,-0.2116641104221344,-0.017944793371043488,-0.17633020877838135,-0.20121672749519348,-0.02687970284887342,-0.035741448402404785,-0.17812350392341614,-0.012864945610544964,-0.10919058322906494,-0.21025025844573975,-0.01891156767078428,-0.14786410331726074,-0.20509159564971924,-0.02683514278896837,-0.17580151557922363,-0.1994299292564392,-0.032248341632566735,-0.058404386043548584,-0.15217185020446777,-0.0231110799736598,-0.11354953050613403,-0.1812056601047516,-0.027034870503030106,-0.14067649841308594,-0.1850159764289856,-0.02755654152997522,-0.1621614694595337,-0.18504220247268677,-0.02682612944909124
0.0,0.0,0.0,-0.05527472496032715,-0.0499190092086792,0.006180387477570548,-0.08329445123672485,-0.09976547956466675,0.003122147194289937,-0.11385297775268555,-0.13183307647705078,-0.003789745948097334,-0.1424180269241333,-0.15007910132408142,-0.013871022478497252,-0.01645481586456299,-0.19108402729034424,0.003423486857855096,-0.09311658143997192,-0.21000927686691284,-0.007291881345963702,-0.13439154624938965,-0.2010498046875,-0.02041584996209167,-0.160464346408844,-0.19327208399772644,-0.02870224414095901,-0.02186352014541626,-0.1882897913455963,-0.006503065095103011,-0.10139894485473633,-0.2096197009086609,-0.012161001541471705,-0.1422167420387268,-0.1987185776233673,-0.022867973872280345,-0.17174482345581055,-0.18911463022232056,-0.03172644598112129,-0.03540968894958496,-0.17266491055488586,-0.015997394897794948,-0.10820251703262329,-0.19793161749839783,-0.022962702416634784,-0.14533323049545288,-0.19211769104003906,-0.03092844968364261,-0.17199289798736572,-0.18680372834205627,-0.0365852452598574,-0.056217968463897705,-0.14826059341430664,-0.025081776060915217,-0.11098372936248779,-0.16879171133041382,-0.03070421887264274,-0.13660204410552979,-0.16848641633987427,-0.032020319231605754,-0.1570332646369934,-0.1659051477909088,-0.03179185462818168
0.0,0.0,0.0,-0.05302339792251587,-0.048359572887420654,0.0060644689103241944,-0.08056831359863281,-0.0962098240852356,0.002850081221538403,-0.11200863122940063,-0.12627005577087402,-0.004188623363745592,-0.14088308811187744,-0.14325448870658875,-0.014406581493688009,-0.016760408878326416,-0.1895507276058197,0.0036645838146682763,-0.09097164869308472,-0.20890581607818604,-0.007391823540103815,-0.13164788484573364,-0.19950905442237854,-0.021254873918962858,-0.15776175260543823,-0.19160443544387817,-0.030249741944146535,-0.02232736349105835,-0.1862952709197998,-0.006136111068201444,-0.09995853900909424,-0.20534777641296387,-0.011826640079391382,-0.1403018832206726,-0.1953270435333252,-0.023441311987710378,-0.17003095149993896,-0.18814438581466675,-0.03337453966088333,-0.03529173135757446,-0.16954660415649414,-0.015633788975549123,-0.10679954290390015,-0.19081652164459229,-0.02281119030959644,-0.14419996738433838,-0.1865970492362976,-0.03227442045755424,-0.17188650369644165,-0.18327155709266663,-0.03932778825111427,-0.054883599281311035,-0.1437799036502838,-0.024654683741403005,-0.10846102237701416,-0.15940168499946594,-0.030553049492311857,-0.13391119241714478,-0.15893679857254028,-0.03304601748533287,-0.15501219034194946,-0.1563396453857422,-0.03401617621130981
0.0,0.0,0.0,-0.0547405481338501,-0.05206310749053955,0.007072051834143167,-0.08290040493011475,-0.10338318347930908,0.004182325988836055,-0.11474418640136719,-0.13578462600708008,-0.0027089190335800595,-0.1437525749206543,-0.15359273552894592,-0.012939681451939578,-0.015608549118041992,-0.1976432204246521,0.003239255711264377,-0.09463149309158325,-0.21257326006889343,-0.007225037705325121,-0.13600236177444458,-0.20104584097862244,-0.020529328998350138,-0.16078442335128784,-0.19219592213630676,-0.02883596640469932,-0.02104884386062622,-0.19470632076263428,-0.006522186253391737,-0.10233956575393677,-0.21284928917884827,-0.01208244558813476,-0.14306801557540894,-0.2002766728401184,-0.02228524458053016,-0.1719120740890503,-0.1893240213394165,-0.030439066853546137,-0.03394520282745361,-0.17737063765525818,-0.015715942870997424,-0.10871946811676025,-0.19951477646827698,-0.022023533623837466,-0.14557939767837524,-0.19420376420021057,-0.029590266909622187,-0.1724393367767334,-0.18912583589553833,-0.03482535031082534,-0.05360853672027588,-0.15081024169921875,-0.0244120556527605,-0.10852944850921631,-0.16681107878684998,-0.028442737799309725,-0.1334097981452942,-0.16695332527160645,-0.029298952933572764,-0.15413987636566162,-0.1653118133544922,-0.02876725715043449
0.0,0.0,0.0,-0.05666244029998779,-0.053672730922698975,0.007812427466888039,-0.0846744179725647,-0.10541307926177979,0.005334141774255841,-0.11471676826477051,-0.13773423433303833,-0.0018276182299814536,-0.14211505651474,-0.15601429343223572,-0.012236001325618417,-0.01602959632873535,-0.200682133436203,0.005714637337405293,-0.0933917760848999,-0.2190765142440796,-0.006177515612762363,-0.13515472412109375,-0.20611372590065002,-0.02085281664676586,-0.16182172298431396,-0.19598117470741272,-0.029901621287535818,-0.02195751667022705,-0.19656988978385925,-0.005265631602924259,-0.10285371541976929,-0.21544817090034485,-0.012296311912905367,-0.14494794607162476,-0.2018461525440216,-0.024422387948106916,-0.17550617456436157,-0.1908823847770691,-0.03384717123753944,-0.03573143482208252,-0.17875030636787415,-0.015909142216514738,-0.10937917232513428,-0.20109421014785767,-0.023831771110963018,-0.14917206764221191,-0.19366732239723206,-0.03305363970048347,-0.17834985256195068,-0.18740314245224,-0.03903504030949989,-0.05670022964477539,-0.1520390510559082,-0.026006806066106947,-0.11095625162124634,-0.17045730352401733,-0.031675110926698835,-0.13748526573181152,-0.17036888003349304,-0.03365574347026268,-0.15921330451965332,-0.1678956151008606,-0.03365091176874557
0.0,0.0,0.0,-0.05068117380142212,-0.04990696907043457,0.008410614697083929,-0.07964324951171875,-0.0981706976890564,0.00616664371062825,-0.11261379718780518,-0.12550583481788635,-0.00046016021207151425,-0.14281362295150757,-0.13897299766540527,-0.010647034490659735,-0.01758331060409546,-0.1904308795928955,0.004362141495391825,-0.09375655651092529,-0.20827913284301758,-0.005524826919838688,-0.133558988571167,-0.19758340716362,-0.018285081939950487,-0.15844976902008057,-0.1900954246520996,-0.026420970665469667,-0.025263309478759766,-0.1860083043575287,-0.0060094462094753,-0.10399675369262695,-0.2041347622871399,-0.011142727205708525,-0.14388257265090942,-0.19208842515945435,-0.02169066596235325,-0.17274314165115356,-0.18322351574897766,-0.03034116815234711,-0.03962737321853638,-0.1670551598072052,-0.01572576652671387,-0.1124374270439148,-0.18743616342544556,-0.02172355841304352,-0.14923030138015747,-0.18209832906723022,-0.030388699131265184,-0.17631745338439941,-0.17842397093772888,-0.03663578371907761,-0.06001037359237671,-0.13848423957824707,-0.02478706579114487,-0.11286205053329468,-0.15301311016082764,-0.02944525446201851,-0.13810491561889648,-0.15331768989562988,-0.03136403228546669,-0.15940988063812256,-0.15189427137374878,-0.031729896770968935
0.0,0.0,0.0,-0.05425077676773071,-0.047601521015167236,0.0059729099447167755,-0.08353084325790405,-0.09365320205688477,0.003241206955749476,-0.11585253477096558,-0.12256073951721191,-0.0034069132817649006,-0.14548265933990479,-0.13759246468544006,-0.013456938584681666,-0.02040344476699829,-0.18808850646018982,0.0031900959728545786,-0.09531998634338379,-0.20352798700332642,-0.007015787327077305,-0.1358410120010376,-0.19233959913253784,-0.02028775381052128,-0.16211426258087158,-0.18483150005340576,-0.02882659973704449,-0.025497257709503174,-0.18470752239227295,-0.0063380289649330734,-0.10348838567733765,-0.1998329758644104,-0.011797833984132922,-0.1430930495262146,-0.1876365840435028,-0.022992174868818438,-0.17277175188064575,-0.17907825112342834,-0.03213961960875622,-0.03827619552612305,-0.16739827394485474,-0.015408828650947726,-0.11057770252227783,-0.18596744537353516,-0.02249322811269394,-0.14758312702178955,-0.17927086353302002,-0.031440513004895365,-0.17538350820541382,-0.17485752701759338,-0.03758689182006947,-0.0578647255897522,-0.1408902406692505,-0.023993545939561045,-0.11292409896850586,-0.15716728568077087,-0.02976780178153149,-0.13983017206192017,-0.15750476717948914,-0.03159852119290463,-0.1624583601951599,-0.15605923533439636,-0.03164414854848019
0.0,0.0,0.0,-0.05506032705307007,-0.04807347059249878,0.008313960560144551,-0.08455920219421387,-0.09382349252700806,0.0062266622451261355,-0.11714506149291992,-0.1217135488986969,-0.00028142770611339074,-0.14671605825424194,-0.1366165280342102,-0.010116078726468913,-0.020120620727539062,-0.18951493501663208,0.006359467447282441,-0.09493112564086914,-0.20137348771095276,-0.0033149955081626103,-0.1350974440574646,-0.18963080644607544,-0.016678338706014983,-0.16085892915725708,-0.18112358450889587,-0.025444950744031303,-0.02510291337966919,-0.186383455991745,-0.0043077416005417035,-0.10301929712295532,-0.19874203205108643,-0.008891747168718211,-0.14260458946228027,-0.18495070934295654,-0.019344122915981643,-0.17101752758026123,-0.17469066381454468,-0.028105811982868545,-0.03771388530731201,-0.16823792457580566,-0.014501990586040847,-0.10955208539962769,-0.18426728248596191,-0.020368976354120605,-0.14590388536453247,-0.1766255795955658,-0.028399146928904884,-0.17264389991760254,-0.17131450772285461,-0.03426109237921082,-0.056734681129455566,-0.14083057641983032,-0.024192640393494003,-0.11096596717834473,-0.15011060237884521,-0.028629431336639755,-0.1355087161064148,-0.1486228108406067,-0.030127309098361366,-0.15579897165298462,-0.14651405811309814,-0.030247803613065116
0.0,0.0,0.0,-0.057095468044281006,-0.047680556774139404,0.008410884498289306,-0.08625239133834839,-0.09421086311340332,0.006087290553978164,-0.11765831708908081,-0.12291461229324341,-0.0008870465446761955,-0.14635837078094482,-0.13847529888153076,-0.011117083520957749,-0.02031320333480835,-0.19334480166435242,0.005915861542007406,-0.09646129608154297,-0.20582342147827148,-0.004581628402092974,-0.1357298493385315,-0.1925804316997528,-0.018101664760479252,-0.16033345460891724,-0.18315240740776062,-0.026761943974861424,-0.024791836738586426,-0.18957501649856567,-0.00515172354630522,-0.10441195964813232,-0.2021467685699463,-0.011400862166055958,-0.14313024282455444,-0.18658632040023804,-0.022242656478056233,-0.17116183042526245,-0.17511779069900513,-0.03071187672890119,-0.037102341651916504,-0.1713274121284485,-0.015796777361401837,-0.1112058162689209,-0.18809065222740173,-0.02351367337382726,-0.14833110570907593,-0.17933884263038635,-0.031587446608909886,-0.17592740058898926,-0.17315903306007385,-0.03677559880293302,-0.05642122030258179,-0.14378449320793152,-0.025878744700321477,-0.11195844411849976,-0.15572330355644226,-0.031454118469127934,-0.13783389329910278,-0.1541125476360321,-0.03312890840447835,-0.15926778316497803,-0.15139847993850708,-0.03300376100219182
0.0,0.0,0.0,-0.055970728397369385,-0.04815220832824707,0.00925756836841174,-0.08464217185974121,-0.09378838539123535,0.00742029896537133,-0.11654740571975708,-0.12126278877258301,0.0006319866242847638,-0.14570724964141846,-0.13619500398635864,-0.009374334154927055,-0.017536401748657227,-0.18761608004570007,0.008377669701076229,-0.09068620204925537,-0.2028825879096985,-0.0019276453222119017,-0.13067930936813354,-0.1882207989692688,-0.015780513784193317,-0.1564408540725708,-0.1774841845035553,-0.024667182615303318,-0.022105693817138672,-0.184466153383255,-0.0029665479942195816,-0.09989970922470093,-0.19950520992279053,-0.00829644748409919,-0.13952577114105225,-0.18430164456367493,-0.01936743376245431,-0.16836029291152954,-0.1732187271118164,-0.02840286833634309,-0.03430205583572388,-0.1677742302417755,-0.013994976556205074,-0.10694921016693115,-0.18560117483139038,-0.020373295670651714,-0.14432549476623535,-0.17663729190826416,-0.028633728301429073,-0.17187339067459106,-0.17030653357505798,-0.03448732723882131,-0.05354130268096924,-0.14251220226287842,-0.02446154845347337,-0.10820692777633667,-0.1556265950202942,-0.02854434182336263,-0.13447052240371704,-0.15367788076400757,-0.029755156165265362,-0.15603947639465332,-0.15012943744659424,-0.029761258190774242
0.0,0.0,0.0,-0.052289605140686035,-0.04736328125,0.0050444078013356375,-0.08157360553741455,-0.0935853123664856,0.0009060545788202035,-0.11427700519561768,-0.12280291318893433,-0.007048955528432543,-0.14466243982315063,-0.13743406534194946,-0.01809566548689645,-0.020183801651000977,-0.19026419520378113,0.0014299319671522426,-0.0941629409790039,-0.20545199513435364,-0.009955647277081425,-0.13323670625686646,-0.19225510954856873,-0.023748676168168004,-0.15739011764526367,-0.1824786365032196,-0.03263163274749559,-0.02634882926940918,-0.18587413430213928,-0.007898293311143334,-0.10328710079193115,-0.20184379816055298,-0.014537882866704877,-0.14267170429229736,-0.18873441219329834,-0.025764000477636273,-0.17097312211990356,-0.1783573031425476,-0.035054393919551785,-0.03942084312438965,-0.1671389639377594,-0.01694217591210645,-0.1109771728515625,-0.18612387776374817,-0.024557963820541318,-0.1489030122756958,-0.17930924892425537,-0.03351181826218408,-0.1764201521873474,-0.1737453043460846,-0.03993370837196153,-0.058535218238830566,-0.1389625370502472,-0.025598180355871136,-0.11177694797515869,-0.1541513204574585,-0.03134640759452623,-0.13822460174560547,-0.1535813808441162,-0.03367050817831796,-0.16015726327896118,-0.150917649269104,-0.034407199236
0.0,0.0,0.0,-0.05577284097671509,-0.05072110891342163,0.009250882000117144,-0.08528846502304077,-0.09954828023910522,0.007338988978801808,-0.11746591329574585,-0.1302759051322937,0.0004335434117024306,-0.14694660902023315,-0.1460031270980835,-0.009652943431945005,-0.020459473133087158,-0.19507920742034912,0.007863987155644736,-0.09444582462310791,-0.20940151810646057,-0.0024216590333594468,-0.13335686922073364,-0.19571074843406677,-0.01582643397858874,-0.15725970268249512,-0.1858043670654297,-0.024233188561709085,-0.024964988231658936,-0.19002759456634521,-0.0035415059771253254,-0.10201507806777954,-0.20634782314300537,-0.009296769357831636,-0.14165258407592773,-0.19238227605819702,-0.019873891107351938,-0.17001861333847046,-0.18079721927642822,-0.028146032325537362,-0.03699249029159546,-0.170935720205307,-0.014566077932329335,-0.1081002950668335,-0.19150087237358093,-0.021475898183496156,-0.14563637971878052,-0.18357187509536743,-0.028918270103247323,-0.1730974316596985,-0.17642557621002197,-0.03368938349893824,-0.05616492033004761,-0.1433316469192505,-0.02496557132116095,-0.1109083890914917,-0.15913152694702148,-0.029278155497820535,-0.13754934072494507,-0.15834179520606995,-0.029926776967556634,-0.15949183702468872,-0.15535160899162292,-0.02907471739462153
0.0,0.0,0.0,-0.05808913707733154,-0.05120718479156494,0.011231207223886486,-0.08626735210418701,-0.1004825234413147,0.010448930720144745,-0.11709028482437134,-0.13167768716812134,0.004293469181561704,-0.14514368772506714,-0.14750555157661438,-0.005093142920827631,-0.019144713878631592,-0.1953359842300415,0.010315189073139663,-0.09297144412994385,-0.2101706564426422,0.0013392200277166921,-0.1321263313293457,-0.19679811596870422,-0.011199680221920971,-0.15588045120239258,-0.18582218885421753,-0.019193733175939087,-0.023852407932281494,-0.19187667965888977,-0.001593050495444004,-0.10164910554885864,-0.2079542875289917,-0.0060318825484273475,-0.1410658359527588,-0.19404083490371704,-0.016201265221184258,-0.16863775253295898,-0.18219831585884094,-0.024510700320547585,-0.03589487075805664,-0.17403855919837952,-0.012951899384802346,-0.10800224542617798,-0.193456768989563,-0.018769417023008828,-0.14544838666915894,-0.18538618087768555,-0.026152502810305123,-0.1726473569869995,-0.1780242919921875,-0.03125363967353678,-0.055067479610443115,-0.14750763773918152,-0.023563368310874466,-0.10962951183319092,-0.1626383662223816,-0.026946721663421158,-0.13574528694152832,-0.16156509518623352,-0.027577467327660088,-0.15749573707580566,-0.15801194310188293,-0.027023019334023957
0.0,0.0,0.0,-0.055841803550720215,-0.04827851057052612,0.007626672503874943,-0.0843895673751831,-0.09731584787368774,0.004404372764156506,-0.11568504571914673,-0.1296963393688202,-0.0031398283360886126,-0.14531558752059937,-0.14517158269882202,-0.013854328780098513,-0.019011974334716797,-0.19308465719223022,0.0022354091008764954,-0.09354788064956665,-0.21000704169273376,-0.009419252401812628,-0.13307583332061768,-0.19696077704429626,-0.022796389883978918,-0.15776461362838745,-0.18591716885566711,-0.03081821767113979,-0.023906052112579346,-0.18870437145233154,-0.008115356093867376,-0.10207027196884155,-0.20688194036483765,-0.014851844175382212,-0.14208030700683594,-0.19298353791236877,-0.024873524210079268,-0.17035448551177979,-0.180023193359375,-0.03265888547025497,-0.03619539737701416,-0.16957557201385498,-0.0179252449931937,-0.10789573192596436,-0.19110789895057678,-0.024896099469287947,-0.14577913284301758,-0.1837644875049591,-0.03186954861007507,-0.1734958291053772,-0.17578551173210144,-0.03639060561977203,-0.05529052019119263,-0.14130064845085144,-0.027208994379861906,-0.10895127058029175,-0.15669098496437073,-0.03185336967430885,-0.13560473918914795,-0.1564197540283203,-0.03291388904176529,-0.15819191932678223,-0.15289801359176636,-0.032263721576555326
0.0,0.0,0.0,-0.10183179378509521,-0.08860576152801514,0.012473836381900583,-0.14649999141693115,-0.17769616842269897,0.009779213768410955,-0.18839460611343384,-0.23180460929870605,-0.0021605153298196456,-0.21979331970214844,-0.273237407207489,-0.017278796221148696,-0.024801552295684814,-0.2982385754585266,0.019540173773634706,-0.12943559885025024,-0.33983832597732544,-0.0069723950429079196,-0.1994471549987793,-0.34021857380867004,-0.035881370465290274,-0.25593072175979614,-0.3351513147354126,-0.05468938515616628,-0.012552261352539062,-0.28701895475387573,-0.003996584258061375,-0.13711071014404297,-0.34356510639190674,-0.025482135052811827,-0.21449434757232666,-0.33373934030532837,-0.05286646650267812,-0.2715120315551758,-0.3212881088256836,-0.0730841757459757,-0.01606518030166626,-0.2599130868911743,-0.02939642050398561,-0.13533258438110352,-0.31352174282073975,-0.05290074289871427,-0.2101888656616211,-0.3150857090950012,-0.07257781938744756,-0.2650461792945862,-0.30855244398117065,-0.08398117140961858,-0.03682208061218262,-0.21654844284057617,-0.0542792902989504,-0.13175374269485474,-0.26421070098876953,-0.07437821493579122,-0.18780755996704102,-0.28388512134552,-0.08517187104655477,-0.23177075386047363,-0.2934355139732361,-0.09030871109200689
0.0,0.0,0.0,-0.01877528429031372,-0.12060225009918213,0.03431368880501395,-0.049220919609069824,-0.22289186716079712,0.04061591141453391,-0.09717816114425659,-0.27390342950820923,0.03634212427368766,-0.15004831552505493,-0.287439227104187,0.024267029767543136,-0.024665236473083496,-0.3145259618759155,0.02137785479953891,-0.14573317766189575,-0.3396289646625519,0.01059290562352544,-0.21020525693893433,-0.32474738359451294,-0.002769338380858244,-0.25327134132385254,-0.3143884539604187,-0.010239683272629918,-0.04359769821166992,-0.2948141098022461,-0.004577110236823501,-0.16961908340454102,-0.32821279764175415,-0.009221573541253747,-0.23225176334381104,-0.31420719623565674,-0.021010586241573037,-0.28147146105766296,-0.3006379008293152,-0.030935316527575196,-0.06891834735870361,-0.2620047926902771,-0.02732141799697274,-0.18548929691314697,-0.29816001653671265,-0.03131245932945603,-0.24310088157653809,-0.29451173543930054,-0.04080328456529969,-0.28530579805374146,-0.2934025526046753,-0.04841119534739846,-0.10272514820098877,-0.21541160345077515,-0.046743375430196465,-0.19042176008224487,-0.25796544551849365,-0.04800970218548173,-0.23384934663772583,-0.27039945125579834,-0.04540690518388146,-0.2696612477302551,-0.2823214530944824,-0.04257965944179887
0.0,0.0,0.0,-0.020503520965576172,-0.11729276180267334,0.035234949559367124,-0.0517539381980896,-0.21971046924591064,0.0410251198414926,-0.10128504037857056,-0.2723080515861511,0.03657136765161795,-0.15597963333129883,-0.2865667939186096,0.024196903229153577,-0.027368128299713135,-0.31427258253097534,0.01852268819550318,-0.1507875919342041,-0.33923768997192383,0.008785547696447793,-0.21519213914871216,-0.32288414239883423,-0.0027449531402226057,-0.25700122117996216,-0.310302734375,-0.008938541628026542,-0.045247554779052734,-0.2954050898551941,-0.008445502250992831,-0.1733485460281372,-0.3313039541244507,-0.01109620089789587,-0.23503059148788452,-0.3168911337852478,-0.020222947924935397,-0.2833368182182312,-0.30148786306381226,-0.028608667656385478,-0.06990313529968262,-0.26372218132019043,-0.03182942885121065,-0.18681186437606812,-0.3009147047996521,-0.03521382528504091,-0.24373716115951538,-0.2945277690887451,-0.042385519474350986,-0.28543198108673096,-0.29061347246170044,-0.04848607721885401,-0.10340392589569092,-0.218181312084198,-0.051813662975632724,-0.18991714715957642,-0.2596092224121094,-0.05469128954371172,-0.23288369178771973,-0.26724690198898315,-0.051432819097840365,-0.2690012454986572,-0.2748984694480896,-0.047699094742142734
0.0,0.0,0.0,-0.028490543365478516,-0.11608332395553589,0.028614891514791907,-0.06154221296310425,-0.21677285432815552,0.03173734602393097,-0.11103469133377075,-0.2686149477958679,0.026242010117186965,-0.16480165719985962,-0.2825697660446167,0.012017896220697821,-0.028054535388946533,-0.3130584955215454,0.008100923903896273,-0.15542638301849365,-0.33480292558670044,-0.0027455277194690098,-0.22210240364074707,-0.32171720266342163,-0.015720097526298105,-0.26598143577575684,-0.3105074167251587,-0.0234300384217363,-0.042915523052215576,-0.29202157258987427,-0.016126897364244996,-0.17285746335983276,-0.3310871124267578,-0.019387150361524164,-0.236955463886261,-0.3194172978401184,-0.029872207149253427,-0.2881438136100769,-0.30637335777282715,-0.04007865133820587,-0.06586968898773193,-0.25950050354003906,-0.03667682799635941,-0.18331611156463623,-0.29893577098846436,-0.04152049142061287,-0.24103504419326782,-0.29296261072158813,-0.04982084426222855,-0.2836872935295105,-0.2905094623565674,-0.05720061826644951,-0.0996209979057312,-0.21159404516220093,-0.05423131230412537,-0.18786942958831787,-0.2549499273300171,-0.06015886756716782,-0.2329009771347046,-0.26294660568237305,-0.05795674416361862,-0.2700853943824768,-0.27120810747146606,-0.05507049354849869
0.0,0.0,0.0,-0.02343893051147461,-0.12228530645370483,0.0355237114744682,-0.05744236707687378,-0.22822070121765137,0.042211363794137924,-0.10900384187698364,-0.2811034321784973,0.038516818316509216,-0.16503310203552246,-0.2952277660369873,0.026386179732014625,-0.02850741147994995,-0.31865549087524414,0.019125436203410118,-0.15473568439483643,-0.34706684947013855,0.010441675552954166,-0.22031748294830322,-0.33389896154403687,-0.00035035109254977215,-0.26289159059524536,-0.32446300983428955,-0.006496471116463454,-0.044867634773254395,-0.29853183031082153,-0.008427607124815495,-0.17556315660476685,-0.33720654249191284,-0.010518203718731911,-0.2394864559173584,-0.32461655139923096,-0.020040092287729294,-0.29016080498695374,-0.3101072311401367,-0.02901609358019641,-0.06908118724822998,-0.26603907346725464,-0.03232793626017383,-0.18841183185577393,-0.3048167824745178,-0.035945394305656464,-0.24636304378509521,-0.2969985008239746,-0.043988590357969315,-0.2883879542350769,-0.29241108894348145,-0.05091714230007938,-0.10268300771713257,-0.21856069564819336,-0.052774016974638016,-0.19229024648666382,-0.2621787190437317,-0.05785170313544086,-0.23762714862823486,-0.27054762840270996,-0.05626743030376247,-0.2745630145072937,-0.2784707546234131,-0.05361285921759418
0.0,0.0,0.0,-0.026349544525146484,-0.12307727336883545,0.03725836063608767,-0.05995023250579834,-0.2288062572479248,0.04564661542758586,-0.10952305793762207,-0.28150761127471924,0.042906042289587276,-0.1643005609512329,-0.2966732382774353,0.03165695826396586,-0.031613707542419434,-0.32309192419052124,0.025310473617764728,-0.15611940622329712,-0.3517085909843445,0.016896246102305668,-0.22137510776519775,-0.33800119161605835,0.0051119864067459275,-0.26442766189575195,-0.32923704385757446,-0.0017909660389250348,-0.0468561053276062,-0.30235058069229126,-0.0028315094684785436,-0.1780676245689392,-0.3376622796058655,-0.004247473451641781,-0.24414104223251343,-0.3264316916465759,-0.01564610925629495,-0.29562658071517944,-0.31470787525177,-0.026364138248709423,-0.07030284404754639,-0.2687022089958191,-0.02757727158382295,-0.19064736366271973,-0.3070536255836487,-0.031022697585967762,-0.2508905529975891,-0.3031582832336426,-0.040843728828576786,-0.2941356599330902,-0.301491916179657,-0.049123123186973316,-0.1037483811378479,-0.2205560803413391,-0.04872893531933187,-0.19532626867294312,-0.26605862379074097,-0.052183892476705296,-0.24008303880691528,-0.2777535319328308,-0.050225246596482975,-0.27612513303756714,-0.2891145944595337,-0.04771399487867711
0.0,0.0,0.0,-0.030105233192443848,-0.11580300331115723,0.03265558831390081,-0.06254148483276367,-0.2191874384880066,0.03885412119325338,-0.1105036735534668,-0.2720288038253784,0.03504319764670072,-0.16380977630615234,-0.28736770153045654,0.023137773349844792,-0.028375089168548584,-0.3178479075431824,0.020773862451278546,-0.15150398015975952,-0.3453480005264282,0.010594175159894803,-0.2171236276626587,-0.331447958946228,-0.003094166554546973,-0.26040738821029663,-0.3211295008659363,-0.011109928637779376,-0.04477345943450928,-0.298786461353302,-0.004613720383531472,-0.17330819368362427,-0.3337903618812561,-0.0071792356111473055,-0.23873591423034668,-0.3204886317253113,-0.01917193368080916,-0.28955984115600586,-0.3082926273345947,-0.03019188441339793,-0.06909799575805664,-0.26706045866012573,-0.026914474591649196,-0.18762153387069702,-0.30334997177124023,-0.03105453684929671,-0.2474711537361145,-0.29809868335723877,-0.04182613365355792,-0.2907673418521881,-0.2959505319595337,-0.05066793508831324,-0.1033473014831543,-0.22135430574417114,-0.04600832708183589,-0.19243913888931274,-0.26257455348968506,-0.04893801458183589,-0.23596060276031494,-0.27121472358703613,-0.04733473904434504,-0.2713663578033447,-0.2801508903503418,-0.0452899160236484
0.0,0.0,0.0,-0.021911561489105225,-0.1216091513633728,0.03793181798192791,-0.054741859436035156,-0.22790086269378662,0.046551223311155354,-0.1055486798286438,-0.2783486843109131,0.04444447478982738,-0.1614561676979065,-0.2906128168106079,0.0338560449216061,-0.027811527252197266,-0.3147640824317932,0.021204258713453328,-0.15227419137954712,-0.348069429397583,0.014445855680435216,-0.2175021767616272,-0.33509647846221924,0.005941859844654118,-0.26016902923583984,-0.3261185884475708,0.001090019757441496,-0.04344600439071655,-0.2932770848274231,-0.007206710122943605,-0.1730995774269104,-0.3362036347389221,-0.0075703967106051095,-0.23761898279190063,-0.32440727949142456,-0.01529601921555468,-0.28824934363365173,-0.3101757764816284,-0.023316953864366496,-0.06750893592834473,-0.25958627462387085,-0.03181986936596104,-0.18622589111328125,-0.3041568994522095,-0.034392852869302715,-0.24504506587982178,-0.29732608795166016,-0.04110672750738331,-0.2871825695037842,-0.2925807237625122,-0.04737114214566418,-0.10119688510894775,-0.21148091554641724,-0.052744236376554454,-0.19143718481063843,-0.2603347897529602,-0.058310352798969234,-0.23696637153625488,-0.2707985043525696,-0.05675617286232182,-0.27354323863983154,-0.2799742817878723,-0.05412156188157269
0.0,0.0,0.0,-0.018502473831176758,-0.12045073509216309,0.037420820051352166,-0.04998934268951416,-0.22455501556396484,0.04530544539682069,-0.10037422180175781,-0.2748449444770813,0.04238564109198251,-0.1563481092453003,-0.2867240309715271,0.031111105883042,-0.025785863399505615,-0.3145532011985779,0.021229253688375138,-0.1496102213859558,-0.3452502489089966,0.012440363483051442,-0.21531599760055542,-0.33226996660232544,0.002033444892163061,-0.2587928771972656,-0.3229479193687439,-0.003761969434549428,-0.04245823621749878,-0.29366475343704224,-0.006980892664273597,-0.17202228307724,-0.3346753716468811,-0.00942403489955268,-0.2364444136619568,-0.32246291637420654,-0.018550616151173926,-0.28682005405426025,-0.307861864566803,-0.027128160393317557,-0.06702351570129395,-0.2602439522743225,-0.03158806303747497,-0.18585455417633057,-0.3025745153427124,-0.03563456649192176,-0.24508696794509888,-0.2970520257949829,-0.04355179930337272,-0.2878071963787079,-0.29301702976226807,-0.050155692195971824,-0.10070687532424927,-0.21268558502197266,-0.05251608455785117,-0.19039422273635864,-0.2593095302581787,-0.0578912314236959,-0.2352285385131836,-0.26962369680404663,-0.05648313502081237,-0.27151477336883545,-0.27899169921875,-0.05391193593152366
0.0,0.0,0.0,-0.031280338764190674,-0.1172589659690857,0.03777948368764328,-0.06289100646972656,-0.2195848822593689,0.045772649091247786,-0.10904431343078613,-0.2731747627258301,0.042231470089916456,-0.1608317494392395,-0.2890465259552002,0.03029726792550491,-0.02864617109298706,-0.3185657262802124,0.025556036945943106,-0.1533229947090149,-0.3489612936973572,0.0159453188297789,-0.21919351816177368,-0.334771990776062,0.003551772539083231,-0.2629696726799011,-0.3228644132614136,-0.0033143807905275935,-0.04430347681045532,-0.29870450496673584,-0.003390793479468357,-0.17432647943496704,-0.3403392434120178,-0.0060587611752112025,-0.2399020791053772,-0.32819271087646484,-0.0165971985789497,-0.29174330830574036,-0.31463396549224854,-0.026137227449055445,-0.06872141361236572,-0.26607388257980347,-0.02923079791986538,-0.18835240602493286,-0.310214638710022,-0.03383629049682213,-0.24869507551193237,-0.3048555254936218,-0.042415011930700075,-0.2925665080547333,-0.3023020029067993,-0.049392301845784914,-0.10371559858322144,-0.21885693073272705,-0.05153307344340874,-0.1942034363746643,-0.2683095932006836,-0.05578472118401123,-0.23941129446029663,-0.27808278799057007,-0.05330373744988037,-0.27635622024536133,-0.2873905301094055,-0.05021390717053009
0.0,0.0,0.0,-0.025813519954681396,-0.12018376588821411,0.03989828756851921,-0.0576634407043457,-0.22389233112335205,0.04892748973173866,-0.10631680488586426,-0.2741636037826538,0.046269618038365934,-0.16085827350616455,-0.2875595688819885,0.03521155199808845,-0.02565068006515503,-0.31677544116973877,0.02705430990857849,-0.14859235286712646,-0.34666699171066284,0.018959898565242383,-0.21412676572799683,-0.3329501152038574,0.007764850341061447,-0.2578815221786499,-0.3226572871208191,0.0013875886269829607,-0.041801273822784424,-0.29650449752807617,-0.002428108297010567,-0.17169445753097534,-0.3354274034500122,-0.0032829541542582774,-0.2362392544746399,-0.32311010360717773,-0.013475436653664019,-0.2871335744857788,-0.310744047164917,-0.023238744523098376,-0.06629002094268799,-0.2637261748313904,-0.028397474374344256,-0.18626338243484497,-0.30412936210632324,-0.031015936221649554,-0.24542617797851562,-0.2984588146209717,-0.03957257040934792,-0.28838610649108887,-0.29674291610717773,-0.047119650926163104,-0.10097062587738037,-0.21665048599243164,-0.0506364516277813,-0.19213587045669556,-0.26237261295318604,-0.05357420065598717,-0.23719048500061035,-0.27241796255111694,-0.05110879236059418,-0.27387481927871704,-0.28281837701797485,-0.04834234708147278
0.0,0.0,0.0,-0.029666244983673096,-0.11504161357879639,0.032870896272072514,-0.061697423458099365,-0.2188003659248352,0.03914735477388831,-0.11029690504074097,-0.2724685072898865,0.03552793722570868,-0.16459333896636963,-0.287799596786499,0.023720895982989987,-0.02694988250732422,-0.3168277144432068,0.018974617235073765,-0.15173053741455078,-0.34721386432647705,0.009483561031231602,-0.21860390901565552,-0.33370739221572876,-0.002745824288865606,-0.2623623013496399,-0.3222154378890991,-0.009763849787702839,-0.04238802194595337,-0.2967776656150818,-0.0072324628758337894,-0.17170023918151855,-0.33891594409942627,-0.009446754008820335,-0.2369774580001831,-0.32687026262283325,-0.019578117765775005,-0.2882254719734192,-0.3124621510505676,-0.029050562419286052,-0.06680792570114136,-0.2645619511604309,-0.03025153081892995,-0.18530690670013428,-0.30790507793426514,-0.03439880523859529,-0.2447492480278015,-0.30296897888183594,-0.042843390144696514,-0.2878515124320984,-0.29907387495040894,-0.04990474868594674,-0.10184586048126221,-0.21737319231033325,-0.050121322162738124,-0.1915108561515808,-0.26409733295440674,-0.05502776045381097,-0.23709052801132202,-0.273581326007843,-0.05309670779882936,-0.2740402817726135,-0.28172796964645386,-0.05027959484635858
0.0,0.0,0.0,-0.029557645320892334,-0.11732202768325806,0.031575734206626294,-0.06182670593261719,-0.2201496958732605,0.037821976878831265,-0.1091310977935791,-0.2749176621437073,0.034305798300692913,-0.16208338737487793,-0.29048699140548706,0.02239600982625234,-0.022221744060516357,-0.31185734272003174,0.01579296816248643,-0.14737224578857422,-0.3445241451263428,0.0069926008034144616,-0.21416229009628296,-0.33243632316589355,-0.003991697969695451,-0.2580767869949341,-0.3211137652397156,-0.010598307995905998,-0.0365561842918396,-0.2907487750053406,-0.009823343305697563,-0.16700291633605957,-0.3354208469390869,-0.013501477016916397,-0.23159152269363403,-0.32206153869628906,-0.02445084933083308,-0.2825356125831604,-0.3063545823097229,-0.034604133627226474,-0.06066244840621948,-0.25854039192199707,-0.03212533663850081,-0.17984360456466675,-0.30386465787887573,-0.03798313956599486,-0.23950296640396118,-0.2965596914291382,-0.04808986332159293,-0.2830408215522766,-0.291408896446228,-0.056480245253851535,-0.09602409601211548,-0.21235227584838867,-0.051229839733650806,-0.18518781661987305,-0.26044410467147827,-0.05883713211756003,-0.2311987280845642,-0.2700367569923401,-0.05922198813300383,-0.2686958909034729,-0.2790117859840393,-0.05819799151163352
0.0,0.0,0.0,-0.03137105703353882,-0.11945247650146484,0.03407803412562771,-0.06388825178146362,-0.22365272045135498,0.04053680460935993,-0.11229556798934937,-0.2774815559387207,0.03632065888530178,-0.16646307706832886,-0.2934896945953369,0.02370515514201088,-0.024912595748901367,-0.3212411403656006,0.02168992769009037,-0.15105503797531128,-0.35399413108825684,0.01192837443238659,-0.21932613849639893,-0.3427443504333496,-0.0009508544854952561,-0.26492494344711304,-0.3326808214187622,-0.008471879623471068,-0.03965353965759277,-0.3008180856704712,-0.005733530483780669,-0.17244821786880493,-0.34566354751586914,-0.008590274937091635,-0.23872047662734985,-0.3344598412513733,-0.0202776281904562,-0.2912095785140991,-0.32133013010025024,-0.03106749754363136,-0.06401211023330688,-0.2689287066459656,-0.030127699933586882,-0.18554925918579102,-0.3145967721939087,-0.03516305375808315,-0.2463720440864563,-0.3092372417449951,-0.04522896323317127,-0.29114896059036255,-0.3058408498764038,-0.05357588220351772,-0.09953200817108154,-0.2232411503791809,-0.05131475392693119,-0.19110465049743652,-0.27025771141052246,-0.057086290306983756,-0.2375720739364624,-0.280328631401062,-0.056242348141609,-0.27602434158325195,-0.29005569219589233,-0.05444667998665409
0.0,0.0,0.0,-0.033534109592437744,-0.11652243137359619,0.03171751641866649,-0.06530523300170898,-0.22013378143310547,0.03776316710946048,-0.11129730939865112,-0.2768721580505371,0.033955488290757785,-0.163341224193573,-0.2954082489013672,0.021953992482394824,-0.024706602096557617,-0.3188282251358032,0.017445195403070102,-0.1503714919090271,-0.3521193861961365,0.008416674967975268,-0.21751922369003296,-0.338592529296875,-0.003151097165300598,-0.261543869972229,-0.32579171657562256,-0.00995150680455481,-0.03862488269805908,-0.2978168725967407,-0.008418597344189038,-0.1701221466064453,-0.3410683870315552,-0.011902255069344392,-0.23453843593597412,-0.32654762268066406,-0.02287149994435822,-0.2854729890823364,-0.31019139289855957,-0.03297124436858212,-0.06260693073272705,-0.2652639150619507,-0.031111117515592923,-0.18326681852340698,-0.31000012159347534,-0.0365542025006107,-0.242110013961792,-0.3011019825935364,-0.04598622402909314,-0.28501689434051514,-0.29464441537857056,-0.053859476063280454,-0.09776490926742554,-0.21881860494613647,-0.050728827778129926,-0.18829143047332764,-0.26707589626312256,-0.057454127881555905,-0.23386752605438232,-0.2764814496040344,-0.056981664214163175,-0.2710531949996948,-0.2856358289718628,-0.05531207478406941
0.0,0.0,0.0,-0.034442245960235596,-0.11966836452484131,0.03745436617703035,-0.06603777408599854,-0.22187578678131104,0.04503566721052721,-0.11213284730911255,-0.2768353223800659,0.041469793259807375,-0.16467303037643433,-0.2939112186431885,0.02922389605612352,-0.023299992084503174,-0.3212437629699707,0.02253379435808256,-0.14957129955291748,-0.35427403450012207,0.014969760976441648,-0.21789103746414185,-0.33983421325683594,0.0038142785948593882,-0.2624167203903198,-0.32730191946029663,-0.0028423103916566106,-0.03737562894821167,-0.3011125326156616,-0.006282595958850834,-0.1700199842453003,-0.3438382148742676,-0.00718711320712373,-0.23519116640090942,-0.331790566444397,-0.017096104607276175,-0.2868468165397644,-0.31824082136154175,-0.0269775619211714,-0.06189340353012085,-0.26893317699432373,-0.03154553896217749,-0.18401753902435303,-0.31519991159439087,-0.034626003861717436,-0.2439303994178772,-0.31069236993789673,-0.0429288153949301,-0.28795892000198364,-0.3094809055328369,-0.05062188631325171,-0.09820646047592163,-0.22236418724060059,-0.0533425664010565,-0.1911659836769104,-0.2726637125015259,-0.058177851647428724,-0.23817235231399536,-0.28377294540405273,-0.056182340294412825,-0.2761887311935425,-0.29570257663726807,-0.05373101732163832
0.0,0.0,0.0,-0.044400691986083984,-0.1192091703414917,0.03165707650390459,-0.0762137770652771,-0.22277867794036865,0.037824670847328434,-0.12058043479919434,-0.27932000160217285,0.03376214491930796,-0.1702669858932495,-0.2993023991584778,0.021144782256158123,-0.022927165031433105,-0.3228190541267395,0.02100635046866728,-0.1474524736404419,-0.356356143951416,0.011133767727585564,-0.2157498598098755,-0.34761351346969604,-0.0037236227022390267,-0.26140493154525757,-0.339042603969574,-0.013176542643634548,-0.03563213348388672,-0.30375367403030396,-0.005385460734544267,-0.1669832468032837,-0.3496938943862915,-0.008468214359311332,-0.23307591676712036,-0.3391152024269104,-0.022319248814312687,-0.28483396768569946,-0.32670390605926514,-0.034864542011348476,-0.05854910612106323,-0.2721099257469177,-0.028841714311568012,-0.1796250343322754,-0.3175837993621826,-0.034624763701287975,-0.23994243144989014,-0.3127959966659546,-0.04647280735167669,-0.2839794158935547,-0.31048583984375,-0.05604251560959028,-0.09400343894958496,-0.22538650035858154,-0.04936007124575781,-0.18625342845916748,-0.27328217029571533,-0.05554949206504034,-0.23318874835968018,-0.2844517230987549,-0.05526197415980505,-0.27097123861312866,-0.29519885778427124,-0.05397973296436476
0.0,0.0,0.0,-0.038628220558166504,-0.11570864915847778,0.03410406237111374,-0.07079368829727173,-0.2200677990913391,0.04181506311164185,-0.115570068359375,-0.27847254276275635,0.039091644935467684,-0.16590064764022827,-0.2991987466812134,0.028003730006673777,-0.026776492595672607,-0.3224450349807739,0.021788519002654994,-0.15289658308029175,-0.3568974733352661,0.013816882051685297,-0.22149896621704102,-0.34341174364089966,0.002239928009146297,-0.2668125033378601,-0.33124488592147827,-0.00457554065047816,-0.03899484872817993,-0.3036764860153198,-0.005124085921636379,-0.17361736297607422,-0.34621936082839966,-0.006978263486018932,-0.23964077234268188,-0.3318406343460083,-0.018430653832695043,-0.2912132143974304,-0.31590157747268677,-0.02904816145434097,-0.06201714277267456,-0.2724577784538269,-0.028758711986085927,-0.18629145622253418,-0.31661635637283325,-0.03350354159607605,-0.24725306034088135,-0.3083605170249939,-0.04321989963187889,-0.2913936376571655,-0.3026810884475708,-0.05125529865159706,-0.09768295288085938,-0.22641879320144653,-0.04915891016258911,-0.19135546684265137,-0.2741902470588684,-0.05488275165095047,-0.23917675018310547,-0.2836601138114929,-0.053744794674059904,-0.2779395580291748,-0.2926596999168396,-0.05160655627383903
0.0,0.0,0.0,-0.03520411252975464,-0.11130863428115845,0.029561081515964815,-0.06829339265823364,-0.2141093611717224,0.03552215135317738,-0.11482584476470947,-0.2684306502342224,0.03197725823741848,-0.16600549221038818,-0.2860674262046814,0.020922794552859614,-0.02531290054321289,-0.31509095430374146,0.020878128322181055,-0.14787262678146362,-0.3470287621021271,0.011062661731955359,-0.2133004069328308,-0.3333117961883545,-0.0024287741758257653,-0.25620657205581665,-0.32144981622695923,-0.010245765013280561,-0.03967440128326416,-0.29788893461227417,-0.00333011165599828,-0.16857457160949707,-0.3359713554382324,-0.005596980372104099,-0.23153692483901978,-0.3220711946487427,-0.016863104341211965,-0.2808365225791931,-0.30767500400543213,-0.02695043982345169,-0.06365007162094116,-0.2684018611907959,-0.0250337388493449,-0.18265777826309204,-0.3080208897590637,-0.029273223517122915,-0.2401808500289917,-0.3013147711753845,-0.03830771559256618,-0.28175073862075806,-0.2970149517059326,-0.04554748946208065,-0.09862971305847168,-0.2240368127822876,-0.044121601072731664,-0.18844133615493774,-0.26749366521835327,-0.04847933017987316,-0.23227864503860474,-0.2762228846549988,-0.04684763440269535,-0.2674204707145691,-0.28507429361343384,-0.044240039227190664
0.0,0.0,0.0,-0.027354836463928223,-0.026877105236053467,0.0031145443346076718,-0.03994154930114746,-0.05714192986488342,0.0017968460589372626,-0.05086207389831543,-0.07545697689056396,-0.001516349599910427,-0.05806070566177368,-0.08514207601547241,-0.00598309932763641,-0.006891727447509766,-0.09853625297546387,0.0027183264165842047,-0.044581472873687744,-0.11015650629997253,-0.004302621805322815,-0.06777417659759521,-0.10741189122200012,-0.012737312340391327,-0.08374553918838501,-0.10394033789634705,-0.0180497933041579,-0.011423289775848389,-0.09617480635643005,-0.0025448086533970127,-0.04982084035873413,-0.10964405536651611,-0.00579976894448464,-0.07243496179580688,-0.10669943690299988,-0.011584742912305046,-0.08923143148422241,-0.1034051775932312,-0.01672988569850986,-0.019806981086730957,-0.08839178085327148,-0.007951891967309166,-0.055811941623687744,-0.1022057831287384,-0.011934597962749649,-0.07675856351852417,-0.10187557339668274,-0.016815781579566647,-0.09201818704605103,-0.10073843598365784,-0.0206654667716748,-0.032440900802612305,-0.07516589760780334,-0.013181987204802681,-0.05973130464553833,-0.08845585584640503,-0.015966664985967327,-0.0748523473739624,-0.0920126736164093,-0.017168549807024647,-0.0867268443107605,-0.09335416555404663,-0.017985967905474354
0.0,0.0,0.0,-0.03306370973587036,-0.029097259044647217,0.0025886172759044257,-0.04521322250366211,-0.057904720306396484,0.0003990521460934815,-0.05703622102737427,-0.07597631216049194,-0.0041967307818424615,-0.0677075982093811,-0.08785119652748108,-0.010072182272125474,-0.0013637542724609375,-0.10202988982200623,0.0030783467325079528,-0.03749972581863403,-0.11469382047653198,-0.004796917424101821,-0.06029081344604492,-0.11199787259101868,-0.014346439730871907,-0.0762285590171814,-0.10772457718849182,-0.020543359559525243,-0.0012477636337280273,-0.10015758872032166,-0.002654950241122833,-0.04080486297607422,-0.11673673987388611,-0.00803993769412159,-0.06461888551712036,-0.11283251643180847,-0.0160330406991136,-0.081337571144104,-0.10759684443473816,-0.022469833832730046,-0.006515562534332275,-0.09262961149215698,-0.008655579168845406,-0.0433695912361145,-0.11020419001579285,-0.014064827342082253,-0.06606268882751465,-0.10998010635375977,-0.01983126286839365,-0.08212476968765259,-0.10747510194778442,-0.024023831230152837,-0.017496347427368164,-0.0808832049369812,-0.014579802159715882,-0.04330134391784668,-0.09751290082931519,-0.01752414029513716,-0.05875295400619507,-0.10189446806907654,-0.018983107399691335,-0.07138228416442871,-0.10256153345108032,-0.020100796934713117
0.0,0.0,0.0,-0.03255927562713623,-0.029950261116027832,0.0010249315030819162,-0.044694721698760986,-0.057552486658096313,-0.0026324290581101195,-0.056598007678985596,-0.07565480470657349,-0.00836236884669006,-0.06680059432983398,-0.08872252702713013,-0.015367516482626797,0.0020821690559387207,-0.10043194890022278,9.844010611459453e-05,-0.03374683856964111,-0.11669343709945679,-0.009060892442619206,-0.05682140588760376,-0.11572852730751038,-0.019382369870697858,-0.07314050197601318,-0.1115286648273468,-0.02591814210489929,0.0025252699851989746,-0.09897810220718384,-0.004950354041909577,-0.03721362352371216,-0.1183215081691742,-0.011121458540117146,-0.06142646074295044,-0.11551898717880249,-0.019443775693332555,-0.07768422365188599,-0.11061275005340576,-0.026242026294028165,-0.00284576416015625,-0.09192651510238647,-0.010309092866634728,-0.0397564172744751,-0.11136481165885925,-0.01576566433385551,-0.062363624572753906,-0.11171656847000122,-0.021540914828335644,-0.07782208919525146,-0.10895493626594543,-0.02595912402347267,-0.01392275094985962,-0.08076891303062439,-0.015743754038965108,-0.04061251878738403,-0.09668019413948059,-0.018465616906439664,-0.055867671966552734,-0.10126727819442749,-0.020111932585393788,-0.06771916151046753,-0.10205844044685364,-0.021494629959022404
0.0,0.0,0.0,-0.03265458345413208,-0.029779553413391113,0.0024511003451834767,-0.045142531394958496,-0.05775389075279236,-0.00013826202268774068,-0.05722761154174805,-0.07568198442459106,-0.005066607188950911,-0.06765103340148926,-0.08849787712097168,-0.011228073895495072,-0.0029007792472839355,-0.10297521948814392,0.0026863109836767762,-0.0376507043838501,-0.11800441145896912,-0.005734145217161313,-0.06029856204986572,-0.11579683423042297,-0.015424766153614655,-0.07647806406021118,-0.11097690463066101,-0.02145483768038048,-0.0015141963958740234,-0.10152506828308105,-0.00283077712595059,-0.04144555330276489,-0.11920410394668579,-0.008030592971067563,-0.06510215997695923,-0.11491063237190247,-0.015776444733660355,-0.08093458414077759,-0.10894161462783813,-0.02211038073949112,-0.005542874336242676,-0.09433647990226746,-0.008670894004922047,-0.042796790599823,-0.11235204339027405,-0.013435973361652032,-0.0649828314781189,-0.11141109466552734,-0.01869270069948925,-0.080447256565094,-0.10749363899230957,-0.022657795385043755,-0.014844179153442383,-0.08291253447532654,-0.014503913507383004,-0.04147285223007202,-0.09806007146835327,-0.016711252317350045,-0.0566638708114624,-0.10219678282737732,-0.017771322787325516,-0.06883478164672852,-0.10257607698440552,-0.01860296404413475
0.0,0.0,0.0,-0.03220552206039429,-0.027196168899536133,0.001660335623228093,-0.04524332284927368,-0.055988162755966187,-0.001204241718596677,-0.05832648277282715,-0.0743337869644165,-0.006072957370861332,-0.06907284259796143,-0.08595654368400574,-0.012180921458138982,6.240606307983398e-05,-0.09801900386810303,9.577034120411554e-05,-0.036459267139434814,-0.11478152871131897,-0.008364333607687513,-0.05938112735748291,-0.11182057857513428,-0.017660849564208547,-0.07499629259109497,-0.10642674565315247,-0.02345571557475523,-0.0010405778884887695,-0.09739863872528076,-0.00483260427085952,-0.04044771194458008,-0.11680054664611816,-0.010903768077923814,-0.06402230262756348,-0.11226904392242432,-0.018543978058232824,-0.08024513721466064,-0.10666385293006897,-0.02459039429618315,-0.007232606410980225,-0.09109765291213989,-0.00993875677181677,-0.04401528835296631,-0.11044493317604065,-0.01569206903172926,-0.06621116399765015,-0.10883721709251404,-0.021116773434414426,-0.08144348859786987,-0.1052594780921936,-0.024987495340837995,-0.01870274543762207,-0.08042111992835999,-0.014944166712894003,-0.04521989822387695,-0.09736394882202148,-0.0182595726330419,-0.060736656188964844,-0.1012696921825409,-0.019959945999517004,-0.0727088451385498,-0.10189425945281982,-0.021131093450321714
0.0,0.0,0.0,-0.0328025221824646,-0.029581427574157715,0.001308333018897656,-0.045347392559051514,-0.05850747227668762,-0.001180644838967737,-0.05709421634674072,-0.07635748386383057,-0.005666097037391182,-0.0666273832321167,-0.08700674772262573,-0.011332626797155854,0.001124262809753418,-0.10114243626594543,0.0015186036537500058,-0.03460562229156494,-0.11411461234092712,-0.006164868704871651,-0.05685412883758545,-0.11073672771453857,-0.015495661057428833,-0.07245957851409912,-0.10590529441833496,-0.021409413188592907,-0.00035703182220458984,-0.10028252005577087,-0.0032385537567449774,-0.03849750757217407,-0.11598920822143555,-0.007815360434250351,-0.061050474643707275,-0.11200970411300659,-0.015084217645124909,-0.07715386152267456,-0.10711812973022461,-0.020952431827680584,-0.006755948066711426,-0.09324759244918823,-0.008301315240458962,-0.04244154691696167,-0.10888779163360596,-0.012675412341849324,-0.06354409456253052,-0.10776746273040771,-0.018075874417917248,-0.0787244439125061,-0.10449165105819702,-0.022088440477745053,-0.0181390643119812,-0.08161723613739014,-0.013472217477755066,-0.04502218961715698,-0.09486725926399231,-0.015623226173119065,-0.059902071952819824,-0.09794265031814575,-0.016989982098237988,-0.07200521230697632,-0.09786731004714966,-0.017974490642444607
0.0,0.0,0.0,-0.03344684839248657,-0.02837926149368286,0.0022640113277532237,-0.04681074619293213,-0.057156771421432495,0.0005199547997847276,-0.059911251068115234,-0.07492047548294067,-0.003395139796083413,-0.07050305604934692,-0.0861070454120636,-0.008629246239905797,-0.0047484636306762695,-0.10138046741485596,0.004034232257509984,-0.03893744945526123,-0.1144559383392334,-0.00294250235648974,-0.0608447790145874,-0.1116875410079956,-0.01195433512086197,-0.07671582698822021,-0.10760989785194397,-0.017752472867613278,-0.005392313003540039,-0.09961134195327759,-0.0013227349588476045,-0.04281306266784668,-0.11612647771835327,-0.0055661831026725395,-0.06525415182113647,-0.11192452907562256,-0.013340575245564423,-0.08154964447021484,-0.10639438033103943,-0.01948879901075884,-0.010519683361053467,-0.09221702814102173,-0.006965401673113547,-0.044872403144836426,-0.1088019609451294,-0.011464226615970574,-0.06603825092315674,-0.10818031430244446,-0.017183714171295605,-0.08162856101989746,-0.10469856858253479,-0.021121990491991482,-0.020084738731384277,-0.07974430918693542,-0.012597877157276116,-0.044248223304748535,-0.09506136178970337,-0.015174566393142186,-0.05812370777130127,-0.09888783097267151,-0.0163252415111117,-0.06985777616500854,-0.09878861904144287,-0.016912611757760487
0.0,0.0,0.0,-0.030653834342956543,-0.027757346630096436,0.001985413574686845,-0.042411208152770996,-0.05457943677902222,-0.00045750910129527256,-0.05518847703933716,-0.07173264026641846,-0.005034594709911744,-0.06658554077148438,-0.08332359790802002,-0.011160263704994122,-0.0007887482643127441,-0.10009923577308655,0.0018979592417167623,-0.037342846393585205,-0.11151298880577087,-0.00579177858952562,-0.05954539775848389,-0.10827705264091492,-0.015019659797587792,-0.07437890768051147,-0.10414516925811768,-0.02086948222193996,-0.002376258373260498,-0.0985165536403656,-0.0031788371567813556,-0.04139977693557739,-0.11212104558944702,-0.008275293658414284,-0.06430047750473022,-0.10777115821838379,-0.016104541632273595,-0.08014476299285889,-0.1035744845867157,-0.02228554515812675,-0.00842517614364624,-0.09074074029922485,-0.00838605305824558,-0.04407709836959839,-0.10446268320083618,-0.013837190258243481,-0.0652768611907959,-0.10211649537086487,-0.019542297261693875,-0.08002710342407227,-0.0989101231098175,-0.02340195878122131,-0.018653273582458496,-0.0787411630153656,-0.013488632540145318,-0.0446358323097229,-0.09033077955245972,-0.016255479219296376,-0.05868810415267944,-0.09177273511886597,-0.01743928148124496,-0.06966692209243774,-0.09105470776557922,-0.018098065542915265
0.0,0.0,0.0,-0.029207050800323486,-0.02605384588241577,0.002882471474521253,-0.04008924961090088,-0.051297128200531006,0.001160183156542871,-0.05146944522857666,-0.06800323724746704,-0.0027997091611098313,-0.06131058931350708,-0.07928630709648132,-0.008018311878032591,0.0014778971672058105,-0.09686452150344849,0.0038943515891958214,-0.033832848072052,-0.11001574993133545,-0.002843915551267173,-0.05499565601348877,-0.10564345121383667,-0.011318409649021532,-0.06882792711257935,-0.10023412108421326,-0.016726930459327605,-0.0009494423866271973,-0.09609147906303406,-0.0013358499354865216,-0.037599146366119385,-0.11201015114784241,-0.005557818171865847,-0.05892002582550049,-0.10687041282653809,-0.012588608843572047,-0.07390743494033813,-0.10150071978569031,-0.01820546837646475,-0.008043289184570312,-0.08989787101745605,-0.006728451998270657,-0.041851699352264404,-0.10555639863014221,-0.01134115999687424,-0.06187915802001953,-0.1030009388923645,-0.016526358967013266,-0.0759052038192749,-0.09937077760696411,-0.020150947218127158,-0.019851386547088623,-0.07937031984329224,-0.01196391118813267,-0.045427680015563965,-0.0926743745803833,-0.014355092143006232,-0.05934345722198486,-0.09356185793876648,-0.015395595525689032,-0.07018214464187622,-0.09185424447059631,-0.01598132105667105
0.0,0.0,0.0,-0.031783103942871094,-0.02855396270751953,0.0035170867737406297,-0.04291963577270508,-0.055675894021987915,0.0018669452216499849,-0.05442667007446289,-0.07246103882789612,-0.002279636294019838,-0.06479376554489136,-0.08284085988998413,-0.007782985067365189,-0.00201416015625,-0.10008245706558228,0.0038627485442930265,-0.03718280792236328,-0.11115577816963196,-0.0035388295840448336,-0.0589480996131897,-0.10684776306152344,-0.012495692896095534,-0.07363903522491455,-0.10167106986045837,-0.01817572497054698,-0.002780437469482422,-0.09837931394577026,-0.00200167236141624,-0.04074430465698242,-0.11230593919754028,-0.006605037564781924,-0.0628851056098938,-0.10708945989608765,-0.01381562192216279,-0.07830750942230225,-0.10189834237098694,-0.019618054928628226,-0.008177638053894043,-0.09032487869262695,-0.008019602002946158,-0.04352980852127075,-0.10463106632232666,-0.012658646406976004,-0.0642784833908081,-0.1027674674987793,-0.017623152660576125,-0.0789421796798706,-0.09964302182197571,-0.021183459164944907,-0.018519222736358643,-0.07773363590240479,-0.013925532887128611,-0.04442441463470459,-0.09020426869392395,-0.015960719513145705,-0.05853676795959473,-0.09278091788291931,-0.01680699184760215,-0.06975948810577393,-0.09257525205612183,-0.017414612772313376
0.0,0.0,0.0,-0.03236120939254761,-0.027685225009918213,0.002719038767992288,-0.044621288776397705,-0.05458509922027588,0.0006705261382933259,-0.056882262229919434,-0.07229974865913391,-0.003438893802211851,-0.0676044225692749,-0.08210429549217224,-0.009038056809202999,-0.0030114054679870605,-0.10101714730262756,0.0018888638785767853,-0.041276514530181885,-0.11149394512176514,-0.005013279247776836,-0.0632597804069519,-0.10724776983261108,-0.013740334290758938,-0.0776626467704773,-0.10296770930290222,-0.01952096410443005,-0.004785060882568359,-0.10033857822418213,-0.003402700977147788,-0.04462224245071411,-0.11379778385162354,-0.007854391451672882,-0.06718921661376953,-0.10826030373573303,-0.015333112891511291,-0.08294355869293213,-0.10259217023849487,-0.02143330090095219,-0.010904133319854736,-0.09280267357826233,-0.008660755682484478,-0.047402799129486084,-0.10702183842658997,-0.013417055461303562,-0.06883859634399414,-0.10547351837158203,-0.019218822572128147,-0.08407813310623169,-0.1025436520576477,-0.0234424710308474,-0.021782338619232178,-0.07995668053627014,-0.013724110651509136,-0.04792433977127075,-0.09271177649497986,-0.016393046457068294,-0.06270897388458252,-0.09458893537521362,-0.01782539636243996,-0.07447963953018188,-0.09347477555274963,-0.01880566180099663
0.0,0.0,0.0,-0.03114163875579834,-0.027523815631866455,0.0023434344084307668,-0.0433962345123291,-0.05462270975112915,0.0001111392602979322,-0.05528461933135986,-0.07135570049285889,-0.0042627963366612676,-0.06605428457260132,-0.08086240291595459,-0.009883020738016057,-0.0014454126358032227,-0.09957295656204224,0.0021643268746629474,-0.03839141130447388,-0.11154443025588989,-0.005333718577276159,-0.060507893562316895,-0.10699167847633362,-0.014248575748752046,-0.07514560222625732,-0.10227209329605103,-0.020061200218151498,-0.003000795841217041,-0.09790182113647461,-0.0032987866679832223,-0.042110562324523926,-0.11305829882621765,-0.008594182984779764,-0.06474918127059937,-0.10767638683319092,-0.016098860384772706,-0.08071547746658325,-0.1021433174610138,-0.02197215679461806,-0.008971571922302246,-0.08989441394805908,-0.0089283964725837,-0.04459524154663086,-0.10571688413619995,-0.01456359747226088,-0.06611859798431396,-0.10418710112571716,-0.01990625980670302,-0.08139294385910034,-0.1012873649597168,-0.023465776549528528,-0.019391775131225586,-0.07676541805267334,-0.014421622933696199,-0.044359683990478516,-0.09148791432380676,-0.018159704016397882,-0.05910104513168335,-0.09461945295333862,-0.01973325359995215,-0.07081776857376099,-0.09454628825187683,-0.020495967673014093
0.0,0.0,0.0,-0.03118300437927246,-0.028693437576293945,0.004827245526627166,-0.04188615083694458,-0.05518132448196411,0.0037342716629211736,-0.053144097328186035,-0.07282686233520508,-0.00010749476982141459,-0.06394290924072266,-0.08401501178741455,-0.005468960463389294,3.528594970703125e-05,-0.10155552625656128,0.005132635512069328,-0.037219107151031494,-0.11402487754821777,-0.0012724877645666766,-0.05903911590576172,-0.10867616534233093,-0.009504572565987246,-0.07291871309280396,-0.10333138704299927,-0.014820274043216841,-0.0010326504707336426,-0.1004025936126709,-0.0014507306817392873,-0.04002600908279419,-0.11523860692977905,-0.00517477894513263,-0.061845600605010986,-0.10882171988487244,-0.011840758922829764,-0.07681530714035034,-0.1028786301612854,-0.017140078435971873,-0.0071471333503723145,-0.09312054514884949,-0.00799971826685919,-0.04340308904647827,-0.10792532563209534,-0.012092399488523142,-0.06397849321365356,-0.10533612966537476,-0.016795418302848475,-0.07815110683441162,-0.10208967328071594,-0.02008677188618435,-0.01840662956237793,-0.08118367195129395,-0.014298643063142435,-0.045512497425079346,-0.09454137086868286,-0.016554736609890597,-0.06005817651748657,-0.09662443399429321,-0.01731866326494469,-0.07125508785247803,-0.09587273001670837,-0.017559633667900698
0.0,0.0,0.0,-0.030301213264465332,-0.029266834259033203,0.0031602936618924105,-0.04119062423706055,-0.05753403902053833,0.0014748828074857556,-0.05294907093048096,-0.07586359977722168,-0.00245706203310192,-0.06378668546676636,-0.08720970153808594,-0.007782727730557326,0.002137482166290283,-0.1013861894607544,0.0034666701507717335,-0.03528374433517456,-0.11500927805900574,-0.0036044917247295416,-0.05784386396408081,-0.11182519793510437,-0.012573665724232796,-0.07300472259521484,-0.10700494050979614,-0.018261071079507474,2.7060508728027344e-05,-0.10091042518615723,-0.0020499748821407593,-0.03910362720489502,-0.11740437150001526,-0.00616506372494996,-0.06168413162231445,-0.11282223463058472,-0.013432300434544686,-0.07780462503433228,-0.10757869482040405,-0.019279453688398007,-0.0069466233253479,-0.09475895762443542,-0.007623046421542767,-0.04317694902420044,-0.11145427823066711,-0.011800935276880864,-0.06401020288467407,-0.10938185453414917,-0.017223829188480977,-0.07856488227844238,-0.10578909516334534,-0.02117427416993678,-0.01886194944381714,-0.08377519249916077,-0.013073293277159337,-0.04626256227493286,-0.09803971648216248,-0.015119662293329839,-0.06090503931045532,-0.10029011964797974,-0.01619426139546931,-0.07228732109069824,-0.09940508008003235,-0.016904294275775555
0.0,0.0,0.0,-0.029235124588012695,-0.026452600955963135,0.0029476270499344537,-0.03987699747085571,-0.05337640643119812,0.0009714016412090132,-0.05136805772781372,-0.07078996300697327,-0.003241703663888984,-0.0626189112663269,-0.08122354745864868,-0.00846021115307849,0.0013730525970458984,-0.09866821765899658,0.0033966577100272843,-0.034722745418548584,-0.11067911982536316,-0.0038604653020684054,-0.056516289710998535,-0.10539263486862183,-0.012633783328283243,-0.07049256563186646,-0.10018143057823181,-0.01834222632919591,-0.0002186894416809082,-0.09732717275619507,-0.002249649078521543,-0.03800010681152344,-0.1118975579738617,-0.006498247436184101,-0.05961740016937256,-0.10622811317443848,-0.013034963565814905,-0.07449960708618164,-0.10112503170967102,-0.018501895996678286,-0.006512939929962158,-0.09029468894004822,-0.008132224488008433,-0.04194062948226929,-0.10613951086997986,-0.012659715074050837,-0.062332987785339355,-0.10319697856903076,-0.01714499439572137,-0.07622659206390381,-0.09962442517280579,-0.02050272892688554,-0.01764148473739624,-0.07868552207946777,-0.013931693094718867,-0.04390382766723633,-0.09272032976150513,-0.016703446912515574,-0.058904826641082764,-0.094643235206604,-0.01776990066741746,-0.07056647539138794,-0.09359806776046753,-0.01840539421414178
0.0,0.0,0.0,-0.03057163953781128,-0.027837932109832764,0.004642274851789807,-0.04157447814941406,-0.05543676018714905,0.003668097701734041,-0.054196298122406006,-0.07252782583236694,-0.00011334515613725671,-0.06594133377075195,-0.08375295996665955,-0.00498773561150756,0.0011884570121765137,-0.10081443190574646,0.007032550561120843,-0.0344545841217041,-0.11308658123016357,0.0008121228701156724,-0.056076765060424805,-0.10928836464881897,-0.007610853140363361,-0.07080501317977905,-0.10505914688110352,-0.013165131055870916,-0.0003985762596130371,-0.09963265061378479,0.0004460760200117875,-0.037638843059539795,-0.11509451270103455,-0.0031028148561063063,-0.06004023551940918,-0.11008068919181824,-0.009741292179683114,-0.07594454288482666,-0.10448029637336731,-0.015188102454999353,-0.006945908069610596,-0.09286516904830933,-0.006387710881540443,-0.04167455434799194,-0.11012214422225952,-0.010545365356961156,-0.06268739700317383,-0.10719558596611023,-0.015170029209116365,-0.07718873023986816,-0.10269498825073242,-0.018505447388747598,-0.01893824338912964,-0.08255752921104431,-0.013063164272466565,-0.04605412483215332,-0.09717532992362976,-0.015426922434130574,-0.06154578924179077,-0.09965270757675171,-0.01636279451952305,-0.0733746886253357,-0.09912064671516418,-0.016918466271022226
0.0,0.0,0.0,-0.02985304594039917,-0.02592778205871582,0.003929788565386616,-0.04053622484207153,-0.053883641958236694,0.003086694136385404,-0.05309736728668213,-0.07164338231086731,-0.0002959381105540615,-0.06476467847824097,-0.08313143253326416,-0.004743060244123853,0.0008571743965148926,-0.09932950139045715,0.006252201127011858,-0.033949315547943115,-0.11182263493537903,0.00030152840039932016,-0.05512946844100952,-0.10857740044593811,-0.007856415266047634,-0.07011151313781738,-0.10475802421569824,-0.013193268941591896,-0.000823676586151123,-0.09894052147865295,0.0002680238088430542,-0.03680521249771118,-0.11443573236465454,-0.0026912211048113477,-0.05853867530822754,-0.10978025197982788,-0.009064664745579876,-0.07479637861251831,-0.10505011677742004,-0.014386468248318351,-0.007413327693939209,-0.09285134077072144,-0.0059404137151943814,-0.04134774208068848,-0.10993272066116333,-0.009762397648643173,-0.061959922313690186,-0.10709655284881592,-0.014495976881931938,-0.07680296897888184,-0.10314404964447021,-0.017952808791648067,-0.019685029983520508,-0.08258438110351562,-0.012023544551681198,-0.0466344952583313,-0.0974457859992981,-0.01425815062398783,-0.062297940254211426,-0.10025849938392639,-0.015233728716026462,-0.07481014728546143,-0.10005578398704529,-0.01583301989163033
0.0,0.0,0.0,-0.030534803867340088,-0.02789551019668579,0.00369012065351626,-0.0416642427444458,-0.05545473098754883,0.0021886526432695064,-0.0540844202041626,-0.071857750415802,-0.0017988327832085815,-0.06514942646026611,-0.0822252631187439,-0.006978190614574942,0.0003362298011779785,-0.0989728569984436,0.004988993873155323,-0.033968329429626465,-0.11134687066078186,-0.0017719535331366387,-0.055570363998413086,-0.10917827486991882,-0.010493320523494276,-0.07105797529220581,-0.10595408082008362,-0.01625864963858703,-0.0008992552757263184,-0.09763824939727783,-0.0010885903553230492,-0.0367656946182251,-0.11437374353408813,-0.005013181938522848,-0.05946153402328491,-0.11046773195266724,-0.012011872715049776,-0.07563316822052002,-0.10538411140441895,-0.017992401606136355,-0.007172346115112305,-0.09121137857437134,-0.007415888010257277,-0.04021739959716797,-0.10944658517837524,-0.01200198206930736,-0.06189107894897461,-0.10738331079483032,-0.01746802043049911,-0.0771360993385315,-0.1025606095790863,-0.02161547552674392,-0.018977344036102295,-0.08125448226928711,-0.01356838095813373,-0.04421454668045044,-0.09717470407485962,-0.016467565781169924,-0.06017625331878662,-0.09960421919822693,-0.017956558725529703,-0.07303142547607422,-0.09844842553138733,-0.019115012249642405
0.0,0.0,0.0,-0.028540074825286865,-0.026738286018371582,0.0023850758179833065,-0.038992345333099365,-0.05229604244232178,-4.629137492884183e-05,-0.050945818424224854,-0.06959784030914307,-0.004706597971562587,-0.06230992078781128,-0.08069255948066711,-0.010345020416025363,0.0030087828636169434,-0.09745630621910095,0.0037973377939124475,-0.032193005084991455,-0.1099204421043396,-0.0034999969329874148,-0.05363619327545166,-0.10523292422294617,-0.012693734924141609,-0.06823742389678955,-0.1000400185585022,-0.018632751042787277,0.0010046958923339844,-0.09690055251121521,-0.001497167014349543,-0.035879552364349365,-0.11194729804992676,-0.006032611793671094,-0.058153629302978516,-0.10675370693206787,-0.013453267599288665,-0.07428950071334839,-0.10087180137634277,-0.019402278671805107,-0.005630850791931152,-0.09102579951286316,-0.007043519141916477,-0.040657103061676025,-0.10708442330360413,-0.01136940074229642,-0.06157320737838745,-0.10383471846580505,-0.01637679346913501,-0.07606852054595947,-0.09907880425453186,-0.02004023463541671,-0.01738971471786499,-0.08089154958724976,-0.012587043541316234,-0.04437154531478882,-0.09395560622215271,-0.0147936549883525,-0.059628844261169434,-0.09539106488227844,-0.01588482604438468,-0.07140624523162842,-0.09371238946914673,-0.01657549859100982
0.0,0.0,0.0,-0.029813170433044434,-0.02686995267868042,0.0032609992180425706,-0.04154080152511597,-0.054914504289627075,0.0014834305024180594,-0.054569244384765625,-0.07299566268920898,-0.0025986372507702526,-0.06619668006896973,-0.08390951156616211,-0.00763057102594189,0.0003789663314819336,-0.0987791121006012,0.004763575967814404,-0.03535419702529907,-0.11111411452293396,-0.0018046597266163644,-0.056534647941589355,-0.10759148001670837,-0.01050006388831548,-0.071308434009552,-0.10344204306602478,-0.016275468051020425,-0.001759648323059082,-0.0985393226146698,-0.001112269239087027,-0.03832137584686279,-0.11388155817985535,-0.004899775843654197,-0.060151100158691406,-0.10883322358131409,-0.011694031536165994,-0.07637041807174683,-0.10324585437774658,-0.01725819218117408,-0.008468270301818848,-0.0928034782409668,-0.007173044841323417,-0.04226040840148926,-0.10946816205978394,-0.011131763226870817,-0.0627327561378479,-0.10594442486763,-0.015768105864111703,-0.07721507549285889,-0.10124421119689941,-0.019215983107272905,-0.020129859447479248,-0.08251017332077026,-0.013179865434352678,-0.046544432640075684,-0.09676820039749146,-0.015779659851972383,-0.06221616268157959,-0.09890660643577576,-0.01682343962747268,-0.07455438375473022,-0.09799012541770935,-0.017381326064054292
0.0,0.0,0.0,-0.02869027853012085,-0.027010619640350342,0.0029577924245813847,-0.04062455892562866,-0.05391785502433777,0.0009332545408824444,-0.053686320781707764,-0.07059085369110107,-0.003295568113230729,-0.06424951553344727,-0.08121135830879211,-0.008490841199659371,0.0029574036598205566,-0.09509080648422241,0.0038530073901483775,-0.03176689147949219,-0.10781759023666382,-0.0029988380307486295,-0.053044915199279785,-0.10523021221160889,-0.011636318934165502,-0.06827765703201294,-0.10180217027664185,-0.01736018277426865,0.0014008879661560059,-0.09372615814208984,-0.001738436466098392,-0.03481447696685791,-0.11049002408981323,-0.006341278848253751,-0.05711287260055542,-0.1061633825302124,-0.013570009094678426,-0.0734868049621582,-0.1005459725856781,-0.019404633265935445,-0.004892826080322266,-0.08800223469734192,-0.00751200440993216,-0.037914931774139404,-0.10527288913726807,-0.01211847580691483,-0.058863699436187744,-0.10267642140388489,-0.01730522729178574,-0.07390326261520386,-0.09777247905731201,-0.02105094894488957,-0.016225457191467285,-0.07855159044265747,-0.013158463236891293,-0.04123419523239136,-0.09381178021430969,-0.016239544671975636,-0.056929707527160645,-0.09597188234329224,-0.017729079646073842,-0.06966400146484375,-0.09487485885620117,-0.018586332273685002
0.0,0.0,0.0,-0.030160844326019287,-0.02491927146911621,0.0025126941557402915,-0.04178541898727417,-0.05285370349884033,0.0007943346802505857,-0.05451762676239014,-0.07036206126213074,-0.0030694645308528834,-0.06587845087051392,-0.08099383115768433,-0.007883766381127089,3.11732292175293e-05,-0.09690642356872559,0.003074825327786357,-0.036270737648010254,-0.10937994718551636,-0.004125699581635445,-0.05809754133224487,-0.10479477047920227,-0.012604959024173468,-0.07301461696624756,-0.10069811344146729,-0.018118571205121725,-0.0017151832580566406,-0.09585991501808167,-0.0024201620314840966,-0.039733707904815674,-0.11096963286399841,-0.006984225189370363,-0.06208306550979614,-0.10601401329040527,-0.0139598862212722,-0.07880276441574097,-0.1018717885017395,-0.01971697592554733,-0.00822681188583374,-0.08971431851387024,-0.00815156632481262,-0.04445230960845947,-0.10643437504768372,-0.013169375894648283,-0.06548362970352173,-0.10279256105422974,-0.018190970359427183,-0.08012449741363525,-0.09902739524841309,-0.0218234897535865,-0.019942104816436768,-0.078707754611969,-0.013796503370684832,-0.047570228576660156,-0.0941668450832367,-0.017596240801793783,-0.06404304504394531,-0.09662914276123047,-0.019387902407032698,-0.07676839828491211,-0.09592768549919128,-0.020384501380902975
0.0,0.0,0.0,-0.029372870922088623,-0.026634395122528076,0.0035076822182418255,-0.04030287265777588,-0.053596049547195435,0.001674563370670512,-0.052096009254455566,-0.07094025611877441,-0.0026491369558243605,-0.06361353397369385,-0.08123907446861267,-0.00804886398555027,0.0004596710205078125,-0.09956645965576172,0.003977020367074147,-0.0362512469291687,-0.11187881231307983,-0.003064753624585137,-0.05748271942138672,-0.10677564144134521,-0.011767046430122718,-0.07082146406173706,-0.10221058130264282,-0.017503047266018257,-0.0009214878082275391,-0.09815365076065063,-0.002102388438743219,-0.03907179832458496,-0.11283203959465027,-0.006778708097499475,-0.06108921766281128,-0.10686495900154114,-0.013572211281370983,-0.07623189687728882,-0.10129871964454651,-0.018987059497248993,-0.00691598653793335,-0.09042617678642273,-0.008343640618932113,-0.04202193021774292,-0.10753637552261353,-0.013034644440722332,-0.06280529499053955,-0.10487455129623413,-0.01745392186285244,-0.07693850994110107,-0.10114690661430359,-0.020556654685151443,-0.017553508281707764,-0.07820123434066772,-0.014487541184735164,-0.04260522127151489,-0.09377589821815491,-0.01742054326177822,-0.05735468864440918,-0.09710961580276489,-0.018539875649821624,-0.06880295276641846,-0.09662538766860962,-0.019077131428730354
0.0,0.0,0.0,-0.027748405933380127,-0.024249911308288574,0.0030583132240451505,-0.0381242036819458,-0.05060940980911255,0.0014558752947948506,-0.05006808042526245,-0.06739377975463867,-0.002423478924157507,-0.06109851598739624,-0.07785183191299438,-0.007242560089053995,0.003485739231109619,-0.09489557147026062,0.00459484320091974,-0.032051801681518555,-0.1075681746006012,-0.0021441124197565387,-0.05376046895980835,-0.10440301895141602,-0.010752697643312104,-0.06898939609527588,-0.10093748569488525,-0.01644104084041942,0.0013228654861450195,-0.0944044291973114,-0.0011118912887297938,-0.03544217348098755,-0.10982459783554077,-0.005275825672271139,-0.05787825584411621,-0.10546201467514038,-0.012262847442599423,-0.07478314638137817,-0.10116517543792725,-0.01799556909170974,-0.005667209625244141,-0.08901569247245789,-0.007049652915867455,-0.03980541229248047,-0.10544419288635254,-0.011671542358072884,-0.06056898832321167,-0.10227891802787781,-0.016532893460663445,-0.07535922527313232,-0.09854811429977417,-0.020054259505542404,-0.017834007740020752,-0.07938548922538757,-0.01289338076529134,-0.04394334554672241,-0.09443157911300659,-0.016142781060608513,-0.059769272804260254,-0.09679105877876282,-0.017496838402422554,-0.07222092151641846,-0.09631896018981934,-0.01823646312621463
0.0,0.0,0.0,-0.029691636562347412,-0.025684833526611328,0.0034851617951972003,-0.040628910064697266,-0.05264744162559509,0.001979270002721023,-0.05252885818481445,-0.06955340504646301,-0.001953162268819142,-0.06356757879257202,-0.07969388365745544,-0.0068688825863318925,0.0008750557899475098,-0.09744566679000854,0.004751797283915948,-0.03398764133453369,-0.10913008451461792,-0.0017425074634047633,-0.05525439977645874,-0.10451295971870422,-0.010222138852896023,-0.06966590881347656,-0.10019415616989136,-0.015898885221304226,-0.00045228004455566406,-0.09619766473770142,-0.0012299709646867996,-0.03688400983810425,-0.11054831743240356,-0.005141246614130068,-0.0587344765663147,-0.10539937019348145,-0.011940175683321286,-0.07460743188858032,-0.10040795803070068,-0.017622748405756283,-0.006559252738952637,-0.08925813436508179,-0.00741144690391593,-0.04062110185623169,-0.10523217916488647,-0.011548313328148652,-0.061413586139678955,-0.10254353284835815,-0.016197042555631924,-0.07599633932113647,-0.09884893894195557,-0.019724831000985432,-0.01782447099685669,-0.07772645354270935,-0.013513905943455029,-0.04319506883621216,-0.09315642714500427,-0.0162524432103055,-0.05855357646942139,-0.09601530432701111,-0.01740521194142275,-0.0706755518913269,-0.09537774324417114,-0.018109016136349965
0.0,0.0,0.0,0.030744075775146484,-0.022470831871032715,0.0044293377913788845,0.040969252586364746,-0.05735182762145996,0.004491448159541278,0.052467942237854004,-0.07968223094940186,0.0016344608638689806,0.06399518251419067,-0.0946887731552124,-0.00018060204004655134,-8.422136306762695e-05,-0.09782713651657104,0.006903869788374095,0.03676307201385498,-0.12205138802528381,-0.0027449359286322306,0.06325483322143555,-0.12697681784629822,-0.009929501228754134,0.08313518762588501,-0.12670862674713135,-0.013252975196365924,-0.003261268138885498,-0.09749644994735718,-0.0001537035377907614,0.040116965770721436,-0.1295405626296997,-0.00983434800130567,0.06768989562988281,-0.13424333930015564,-0.014255965837065787,0.08739513158798218,-0.13172480463981628,-0.01564208675247869,0.0018633604049682617,-0.09261828660964966,-0.008356615678195567,0.045055091381073,-0.1244344711303711,-0.01580615226251325,0.0725441575050354,-0.1309509575366974,-0.017211914771024794,0.09098315238952637,-0.13077786564826965,-0.01642961125892839,0.01325005292892456,-0.08446508646011353,-0.01673987392408094,0.04899197816848755,-0.1066179871559143,-0.018848622926299186,0.07036936283111572,-0.11549544334411621,-0.017684227564160437,0.08551043272018433,-0.12012845277786255,-0.01629830781442365
0.0,0.0,0.0,0.031687021255493164,-0.018266379833221436,0.0015015870994261604,0.044314801692962646,-0.05450719594955444,0.0008983314582451385,0.057571232318878174,-0.076052725315094,-0.0020683824587308663,0.07125544548034668,-0.08948630094528198,-0.0039233220778100986,0.003130674362182617,-0.1018858551979065,0.004076793786168764,0.039644718170166016,-0.11967679858207703,-0.006149441938816835,0.0666118860244751,-0.12300646305084229,-0.013986556328802635,0.08733737468719482,-0.12191766500473022,-0.0182439028322392,0.001367807388305664,-0.09995567798614502,-0.00179836596731775,0.045952677726745605,-0.12461438775062561,-0.011687016583948662,0.07333683967590332,-0.12645727396011353,-0.01665948285159402,0.09359574317932129,-0.12256163358688354,-0.01874509407576852,0.0079306960105896,-0.09200173616409302,-0.008975327484279205,0.05150330066680908,-0.11661079525947571,-0.016492664352028896,0.07885676622390747,-0.12153548002243042,-0.018340233251421978,0.0979989767074585,-0.12100133299827576,-0.01815637341138654,0.02006775140762329,-0.07975250482559204,-0.016671802386611034,0.054824233055114746,-0.09744840860366821,-0.01916323556002908,0.07566750049591064,-0.10551005601882935,-0.018716094553440143,0.0908668041229248,-0.10991129279136658,-0.01801916351911359
0.0,0.0,0.0,0.025546491146087646,-0.023557662963867188,0.001027744211796744,0.03926593065261841,-0.05945110321044922,-5.4993732874208945e-05,0.05322384834289551,-0.0791197419166565,-0.0031431182803771662,0.06663107872009277,-0.09164604544639587,-0.005150904464926498,0.0031780600547790527,-0.0992850661277771,0.0012475186442770791,0.04266279935836792,-0.11334875226020813,-0.009677448827233093,0.06943029165267944,-0.11529311537742615,-0.01749351206740357,0.0902438759803772,-0.11374345421791077,-0.021540473732557075,0.0029001832008361816,-0.09687507152557373,-0.004460266377236621,0.04784959554672241,-0.11782091856002808,-0.014816126372124927,0.07524442672729492,-0.11896395683288574,-0.019683532002773063,0.09584164619445801,-0.11465457081794739,-0.021756251859869735,0.009987235069274902,-0.08824265003204346,-0.0113690975638292,0.052590012550354004,-0.1104235053062439,-0.01944382819851853,0.07996314764022827,-0.11458945274353027,-0.021777586597409027,0.09970581531524658,-0.11353760957717896,-0.02197422418316819,0.02243781089782715,-0.07514327764511108,-0.018756392929162757,0.05645477771759033,-0.0905306339263916,-0.021607484254445808,0.07655578851699829,-0.09806287288665771,-0.02163523394187905,0.09171175956726074,-0.10207736492156982,-0.021412316295709388
0.0,0.0,0.0,0.021816372871398926,-0.013073503971099854,-0.0001683746079663706,0.03700786828994751,-0.04120713472366333,-0.0016934231964853552,0.05194824934005737,-0.05690199136734009,-0.005023211298322394,0.06523579359054565,-0.0673958957195282,-0.007425637507623151,0.008627593517303467,-0.08360984921455383,0.0011817872880044433,0.0416407585144043,-0.09635883569717407,-0.008829979283547118,0.06599748134613037,-0.097201406955719,-0.016414431912636473,0.08477932214736938,-0.09473296999931335,-0.020443840009903624,0.0073784589767456055,-0.08304834365844727,-0.0035715306287613657,0.04489254951477051,-0.10061755776405334,-0.012631950957512572,0.06927263736724854,-0.1007542610168457,-0.017140584124064162,0.08837443590164185,-0.09635746479034424,-0.019221831170654013,0.01206594705581665,-0.07683765888214111,-0.009544991014337256,0.04880046844482422,-0.09589886665344238,-0.016830068139171317,0.07282167673110962,-0.09805169701576233,-0.018530746979450896,0.09023195505142212,-0.09463921189308167,-0.01835528766903849,0.021387875080108643,-0.06626260280609131,-0.01609815104100676,0.05147242546081543,-0.07970106601715088,-0.018811222223376944,0.0699196457862854,-0.08448624610900879,-0.018464902473425582,0.0836331844329834,-0.08561056852340698,-0.01785586035046549
0.0,0.0,0.0,0.021863281726837158,-0.013654351234436035,0.0021124886476400206,0.035217106342315674,-0.042017221450805664,0.0017493907722609947,0.04983961582183838,-0.056807756423950195,-0.0009326561925036003,0.06244724988937378,-0.06853020191192627,-0.0027890776622143676,0.007476449012756348,-0.08686909079551697,0.004419973971039326,0.04101639986038208,-0.09925386309623718,-0.0045076697937247445,0.0658007264137268,-0.10015738010406494,-0.011594679752647608,0.08519762754440308,-0.09795451164245605,-0.015514988998234003,0.007680952548980713,-0.08553317189216614,-0.0015131693438661387,0.04649758338928223,-0.10345453023910522,-0.00954486298030588,0.0709875226020813,-0.10320702195167542,-0.014030573504328459,0.0901002287864685,-0.09883242845535278,-0.01624165716236803,0.013672828674316406,-0.07831740379333496,-0.008607686111986368,0.05033290386199951,-0.09705492854118347,-0.014808718661129205,0.07444936037063599,-0.09909993410110474,-0.016911333972871034,0.09172022342681885,-0.09602335095405579,-0.017313514450847833,0.023995578289031982,-0.06680598855018616,-0.016118255058586328,0.05205857753753662,-0.08199653029441833,-0.018118814179956644,0.07000243663787842,-0.08776366710662842,-0.018035403067528932,0.08368903398513794,-0.08927109837532043,-0.017836385021269052
0.0,0.0,0.0,0.021565616130828857,-0.015683233737945557,0.002490875761779421,0.033577919006347656,-0.04464823007583618,0.002563397850664728,0.04584789276123047,-0.0609491765499115,0.00017459515895268396,0.056996047496795654,-0.07218176126480103,-0.0014099269324816532,0.0052297115325927734,-0.08723771572113037,0.006384380379515164,0.03635948896408081,-0.09946224093437195,-0.001986255884347088,0.06001138687133789,-0.10049119591712952,-0.009050811423165328,0.07831865549087524,-0.0984993577003479,-0.013074841132564075,0.005366325378417969,-0.0861792266368866,0.0005115836824387543,0.041521430015563965,-0.10365042090415955,-0.006976132529032952,0.0649956464767456,-0.10393941402435303,-0.011367765037519462,0.08363473415374756,-0.1004730761051178,-0.013651698609990603,0.011436879634857178,-0.07931128144264221,-0.006622142406357057,0.046676576137542725,-0.09843146800994873,-0.012771911701364047,0.07022857666015625,-0.10180261731147766,-0.01494766191224528,0.0876970887184143,-0.09994935989379883,-0.015368171749813087,0.02202528715133667,-0.06812196969985962,-0.014140661588115222,0.050009727478027344,-0.08315065503120422,-0.016231870992285735,0.06781798601150513,-0.08958068490028381,-0.01620659489761067,0.08176404237747192,-0.09200417995452881,-0.016018685667020804
0.0,0.0,0.0,0.023889005184173584,-0.017990291118621826,-9.714715332620472e-06,0.03919738531112671,-0.04782801866531372,-0.0012424671089945605,0.05486762523651123,-0.06339642405509949,-0.004238952207259672,0.06870585680007935,-0.07465749979019165,-0.006071721925280826,0.006057441234588623,-0.08830377459526062,0.0013220442693011591,0.04238325357437134,-0.0986207127571106,-0.009212094615094202,0.06705880165100098,-0.09765645861625671,-0.016824608924679296,0.08641636371612549,-0.09431019425392151,-0.020994982006840246,0.006529808044433594,-0.08602079749107361,-0.003893816633961933,0.046190083026885986,-0.1026589572429657,-0.014052643696658151,0.07099884748458862,-0.10140439867973328,-0.018918073060802953,0.09043163061141968,-0.09620952606201172,-0.021089611831001775,0.012394130229949951,-0.07834357023239136,-0.010447874921254652,0.04923003911972046,-0.09653708338737488,-0.019072223710708158,0.07386022806167603,-0.09768694639205933,-0.021259427326612013,0.09186196327209473,-0.09475326538085938,-0.02122622753947212,0.022546112537384033,-0.06687992811203003,-0.017549542966179388,0.051348745822906494,-0.08109813928604126,-0.021488763647965925,0.06911146640777588,-0.08620107173919678,-0.02177917796640827,0.0827985405921936,-0.08787322044372559,-0.02155981424718334
0.0,0.0,0.0,0.02109891176223755,-0.014975368976593018,0.0005321637503925558,0.03585374355316162,-0.04293036460876465,-0.0009029604485135678,0.05261945724487305,-0.056693315505981445,-0.004041108790772796,0.06687408685684204,-0.06713235378265381,-0.006167053733008743,0.0072609782218933105,-0.08457896113395691,0.000531138480653226,0.04192018508911133,-0.09704521298408508,-0.0089557301476475,0.06549191474914551,-0.09666198492050171,-0.015639225974666715,0.08394825458526611,-0.09355705976486206,-0.019182656913983465,0.008158326148986816,-0.08243179321289062,-0.004514622058707118,0.04720771312713623,-0.099956214427948,-0.01347673034666741,0.07091200351715088,-0.09894788265228271,-0.017605519875871778,0.0892748236656189,-0.09418138861656189,-0.019408700078713537,0.014314472675323486,-0.07498049736022949,-0.010619508124875665,0.050862014293670654,-0.09368389844894409,-0.017774323955165983,0.07413262128829956,-0.094704270362854,-0.019324083834874273,0.09088212251663208,-0.09151497483253479,-0.019157978728401304,0.024523437023162842,-0.06399857997894287,-0.01715814231334889,0.052820801734924316,-0.07849195599555969,-0.020025239348399282,0.07013511657714844,-0.08343243598937988,-0.01983576549588406,0.08338373899459839,-0.08502709865570068,-0.019364993110286832
0.0,0.0,0.0,0.023892104625701904,-0.022125542163848877,0.0030505744853428496,0.03719985485076904,-0.05224567651748657,0.003074658952783693,0.050407469272613525,-0.06911638379096985,0.0005856062980740262,0.062354981899261475,-0.08106997609138489,-0.0007869708005898701,0.006358623504638672,-0.0897473394870758,0.005601372255142678,0.04093289375305176,-0.0993243157863617,-0.003875280113760482,0.064841628074646,-0.09852585196495056,-0.011172121239695798,0.08338791131973267,-0.09551310539245605,-0.015143575927112352,0.007117331027984619,-0.08719897270202637,-0.0009631232478284346,0.044831275939941406,-0.10285204648971558,-0.009586389025542985,0.06873345375061035,-0.1019226610660553,-0.013894835336003553,0.08740031719207764,-0.09734827280044556,-0.015827488003168355,0.013177633285522461,-0.07946226000785828,-0.008790147339794885,0.04891842603683472,-0.09567210078239441,-0.01570129006901766,0.07255613803863525,-0.09732058644294739,-0.017423558829221975,0.08988726139068604,-0.0948590338230133,-0.017321960849557172,0.023521780967712402,-0.06746485829353333,-0.017021139932666074,0.05139976739883423,-0.08060485124588013,-0.01945485718349005,0.06837165355682373,-0.08598649501800537,-0.019049785880241643,0.08144992589950562,-0.08796122670173645,-0.018421584589276563
0.0,0.0,0.0,0.024032533168792725,-0.01947474479675293,0.0021668136175776453,0.038130998611450195,-0.047683119773864746,0.002153652399783823,0.05195450782775879,-0.063108891248703,-9.276646619582607e-05,0.06346040964126587,-0.07441830635070801,-0.00127978561818054,0.008969366550445557,-0.08711212873458862,0.005461193999281022,0.041135191917419434,-0.09692704677581787,-0.0034089790135567455,0.0641019344329834,-0.09591659903526306,-0.01045595211348882,0.08194839954376221,-0.09299996495246887,-0.014277091337362435,0.00914686918258667,-0.08510172367095947,-0.00026265042856721266,0.04558497667312622,-0.09970986843109131,-0.008239171555260327,0.0685204267501831,-0.09850248694419861,-0.012505617080250886,0.08676266670227051,-0.09411901235580444,-0.014550844294944909,0.01460886001586914,-0.07793140411376953,-0.007255807140836623,0.04918968677520752,-0.09286823868751526,-0.013580900704482701,0.07153254747390747,-0.09427350759506226,-0.015175192704418805,0.08806771039962769,-0.09161457419395447,-0.015108627354720738,0.024084627628326416,-0.0667683482170105,-0.014731969771901277,0.05129522085189819,-0.07886889576911926,-0.0165785319115912,0.0681038498878479,-0.08411997556686401,-0.016032640909770635,0.08157622814178467,-0.08590152859687805,-0.015412606386462357
0.0,0.0,0.0,0.019822925329208374,-0.02287888526916504,0.003051075105972245,0.03346243500709534,-0.04945403337478638,0.0030502993142675905,0.049801141023635864,-0.06312188506126404,0.0005671891378682403,0.06359758973121643,-0.07246401906013489,-0.0008888947666179092,0.006135433912277222,-0.08833566308021545,0.007233674358062103,0.039217978715896606,-0.09740215539932251,-0.0008959427830319555,0.06236431002616882,-0.09598830342292786,-0.007568472810604021,0.08029183745384216,-0.09243330359458923,-0.011364205088980839,0.00933346152305603,-0.08500641584396362,0.0008922674571607558,0.044747620820999146,-0.09955188632011414,-0.006399325840689585,0.06718376278877258,-0.09826165437698364,-0.010789886396892712,0.08508256077766418,-0.09424513578414917,-0.013164188992746517,0.017204254865646362,-0.07616564631462097,-0.006708250195302412,0.05006703734397888,-0.09246081113815308,-0.012828542199500248,0.07204815745353699,-0.09421098232269287,-0.01475274404562299,0.08869144320487976,-0.09215748310089111,-0.015112201031811878,0.02875569462776184,-0.06336820125579834,-0.014688757528134033,0.05407711863517761,-0.07722121477127075,-0.01685566203720157,0.06982836127281189,-0.08361583948135376,-0.016604938824244186,0.08295682072639465,-0.08658334612846375,-0.016225428600378677
0.0,0.0,0.0,0.024209022521972656,-0.013100087642669678,0.002699554731592002,0.03802615404129028,-0.03841447830200195,0.003472001591219964,0.05049842596054077,-0.0517234206199646,0.0017838153955409553,0.0624241828918457,-0.058433085680007935,0.0010446470198104407,0.013418853282928467,-0.08388891816139221,0.00875922974337584,0.04419952630996704,-0.09229305386543274,0.0013546636993879702,0.06714320182800293,-0.09157457947731018,-0.005279340016201672,0.08435380458831787,-0.08918154239654541,-0.00897988740216249,0.012355804443359375,-0.08427822589874268,0.003181967019557419,0.04765665531158447,-0.09773027896881104,-0.0034897908833926294,0.0703536868095398,-0.09760281443595886,-0.007827984801039634,0.08818948268890381,-0.09480693936347961,-0.010120290963456569,0.01631796360015869,-0.07883849740028381,-0.0037484023985570047,0.05075728893280029,-0.09340086579322815,-0.009341968855366645,0.0732957124710083,-0.09544742107391357,-0.01164884183417314,0.08963841199874878,-0.0933670699596405,-0.012153397014841971,0.024114251136779785,-0.06894445419311523,-0.011070867700979647,0.052346765995025635,-0.07941946387290955,-0.01275662954758161,0.07013136148452759,-0.08455970883369446,-0.01271964672814363,0.08400380611419678,-0.08656883239746094,-0.012477950824901995
0.0,0.0,0.0,0.022297918796539307,-0.020596861839294434,0.0023444671952574936,0.036241888999938965,-0.04469573497772217,0.001507162682287344,0.05175656080245972,-0.05714860558509827,-0.0018122076452300462,0.06545710563659668,-0.06526312232017517,-0.003979887363925627,0.007004261016845703,-0.08890202641487122,0.006864848064765283,0.03991454839706421,-0.09802195429801941,-0.001683761265553585,0.06247168779373169,-0.09657290577888489,-0.008884438329801014,0.08026599884033203,-0.09330770373344421,-0.01314613131569331,0.009633183479309082,-0.08625876903533936,0.0005417055054977027,0.04518979787826538,-0.10077759623527527,-0.006790516914293221,0.06687033176422119,-0.09916070103645325,-0.011167982609435967,0.08437168598175049,-0.09479081630706787,-0.01361878031627839,0.01680392026901245,-0.07811033725738525,-0.007120160402223519,0.05006784200668335,-0.09431758522987366,-0.013070769624278,0.07157623767852783,-0.09590822458267212,-0.01466447954760497,0.08801430463790894,-0.09356915950775146,-0.014924570003017834,0.027618706226348877,-0.0655960738658905,-0.015288787910208157,0.052927494049072266,-0.07886585593223572,-0.01729846095429366,0.06874096393585205,-0.08484935760498047,-0.016716067695483616,0.08162933588027954,-0.08751285076141357,-0.01614082513140147
0.0,0.0,0.0,0.020041227340698242,-0.01623082160949707,0.0005116973989203188,0.03475964069366455,-0.04118990898132324,-0.0008718107492171612,0.05134725570678711,-0.053736329078674316,-0.004230077880478689,0.06594371795654297,-0.06279870867729187,-0.006528344507373163,0.009335160255432129,-0.08332347869873047,0.0033269228515706573,0.04242300987243652,-0.09247803688049316,-0.005930512714243719,0.0657874345779419,-0.09102240204811096,-0.01304527142927725,0.08370596170425415,-0.08770734071731567,-0.016935319210446664,0.010798275470733643,-0.0814274251461029,-0.0018106426941670861,0.04738837480545044,-0.0957532525062561,-0.01026808706954796,0.0706859827041626,-0.09440475702285767,-0.01478335684076626,0.08876293897628784,-0.08980056643486023,-0.017040005455768892,0.016786277294158936,-0.07390734553337097,-0.008267308156050035,0.05126595497131348,-0.09021833539009094,-0.015439408402002641,0.07379817962646484,-0.0914919376373291,-0.01768921179608185,0.0901445746421814,-0.08818745613098145,-0.018014450128234216,0.026605308055877686,-0.062368541955947876,-0.015227258707440683,0.05382061004638672,-0.07460874319076538,-0.018348131830848047,0.07056128978729248,-0.0795862078666687,-0.018667020405686685,0.08364969491958618,-0.08093887567520142,-0.01854917829767544
0.0,0.0,0.0,0.0231991708278656,-0.019883453845977783,0.0030995383972083346,0.03846433758735657,-0.04841488599777222,0.0037272279264186636,0.05439397692680359,-0.06140372157096863,0.0018311889257063285,0.06786158680915833,-0.06906509399414062,0.000960656685919048,0.009747296571731567,-0.09071040153503418,0.007686492532656075,0.04210379719734192,-0.09982475638389587,-0.0008394843785310968,0.06551054120063782,-0.09947767853736877,-0.007976771320983289,0.08373358845710754,-0.09713062644004822,-0.012041905883535264,0.010954231023788452,-0.08783817291259766,0.00120328915042478,0.047560423612594604,-0.10165783762931824,-0.006761823769494413,0.07095810770988464,-0.1011565625667572,-0.011633967969402192,0.08964511752128601,-0.09766995906829834,-0.014091049309655546,0.017258673906326294,-0.0791771411895752,-0.006585712998941062,0.05173727869987488,-0.09486573934555054,-0.013174841169103502,0.07535752654075623,-0.09756261110305786,-0.015617687243803857,0.09321799874305725,-0.0964469313621521,-0.016115381371065496,0.02726641297340393,-0.06671226024627686,-0.01477340980230224,0.05427137017250061,-0.07936421036720276,-0.017026471894070028,0.07141432166099548,-0.08577865362167358,-0.016975791182204603,0.08573302626609802,-0.08894219994544983,-0.016719168972059606
0.0,0.0,0.0,0.01970687508583069,-0.02177906036376953,0.005065354501269326,0.0348990261554718,-0.05000424385070801,0.006468394753895268,0.05219957232475281,-0.06312212347984314,0.005105125700495705,0.06677135825157166,-0.07013911008834839,0.004542588238976464,0.010690838098526001,-0.08889427781105042,0.009023297560773358,0.043941885232925415,-0.09824344515800476,0.002040698874182567,0.06750628352165222,-0.09755805134773254,-0.003728071710654035,0.08549454808235168,-0.09500330686569214,-0.006946134398319259,0.013525277376174927,-0.08532032370567322,0.0019458125870670528,0.05002966523170471,-0.09922128915786743,-0.004354813619144693,0.07336655259132385,-0.09802696108818054,-0.008277473988570705,0.09162184596061707,-0.0943649411201477,-0.010323549638130203,0.02054646611213684,-0.07574546337127686,-0.006182101572491661,0.054260820150375366,-0.0919485092163086,-0.011516903544404045,0.07693973183631897,-0.09390673041343689,-0.013548870588280693,0.09365728497505188,-0.09262171387672424,-0.01407444478813602,0.03072550892829895,-0.06242513656616211,-0.014469790289737716,0.056550413370132446,-0.07692614197731018,-0.016159994545020595,0.0725003182888031,-0.08378642797470093,-0.015921715664305225,0.08573594689369202,-0.08739593625068665,-0.015661692264117733
0.0,0.0,0.0,0.024301886558532715,-0.018154025077819824,0.0019351317184685968,0.03864014148712158,-0.04379016160964966,0.0012336257948248885,0.05381011962890625,-0.057113468647003174,-0.0019299421822012164,0.0672827959060669,-0.06692901253700256,-0.00399905165092207,0.008956491947174072,-0.08946913480758667,0.006822047276486387,0.04190933704376221,-0.09898242354393005,-0.002567453090037475,0.06564605236053467,-0.09816017746925354,-0.01047574497194148,0.08440053462982178,-0.09482318162918091,-0.015095008084486494,0.010278284549713135,-0.08680745959281921,0.0005521659493155084,0.04715847969055176,-0.1019231379032135,-0.008017718339274893,0.07032632827758789,-0.10028693079948425,-0.013243794919858942,0.08896195888519287,-0.0953698456287384,-0.015984191106568346,0.016542255878448486,-0.07822266221046448,-0.007122496155957947,0.05132782459259033,-0.09438198804855347,-0.01405421319783784,0.07400703430175781,-0.09561246633529663,-0.016021930159936915,0.0910462737083435,-0.09310606122016907,-0.016216848524223337,0.02657252550125122,-0.06520694494247437,-0.015341133357893,0.053096890449523926,-0.07829654216766357,-0.017744957016716967,0.06956875324249268,-0.08424776792526245,-0.017275279866467486,0.08271998167037964,-0.08699911832809448,-0.01668199385882474
0.0,0.0,0.0,0.025444090366363525,-0.015319108963012695,0.0017900209801666733,0.039794206619262695,-0.04152059555053711,0.0016554645423241254,0.0542261004447937,-0.056031763553619385,-0.0006300223015784923,0.06737256050109863,-0.0648745596408844,-0.0018990901138238314,0.011840283870697021,-0.08643472194671631,0.0064895167176075574,0.044189453125,-0.09376221895217896,-0.0019169858263410333,0.06704944372177124,-0.09265697002410889,-0.009166717978899896,0.08485138416290283,-0.08978858590126038,-0.01345137924212736,0.010974705219268799,-0.08659994602203369,0.0009046002102479633,0.04802417755126953,-0.09980875253677368,-0.007450471616124332,0.07099103927612305,-0.09848222136497498,-0.012503212767427385,0.08925998210906982,-0.09406113624572754,-0.015015067050939024,0.014874756336212158,-0.08056914806365967,-0.00595518153417629,0.050474703311920166,-0.09427034854888916,-0.013222151885514677,0.07342702150344849,-0.0957271158695221,-0.015856885800843656,0.09044438600540161,-0.09355664253234863,-0.01636373389769119,0.02241063117980957,-0.06962206959724426,-0.013184670808499277,0.05112975835800171,-0.07905402779579163,-0.016275897140388906,0.06848633289337158,-0.08388596773147583,-0.01657132756221813,0.08234357833862305,-0.08595579862594604,-0.016377550999408186
0.0,0.0,0.0,0.013451725244522095,-0.030270695686340332,0.0046140143947894785,0.022870808839797974,-0.06110110878944397,0.004744670104443571,0.03616991639137268,-0.07821810245513916,0.00227034835351958,0.04784032702445984,-0.08925434947013855,0.000691452570933393,0.003506690263748169,-0.08980032801628113,0.007038645196914217,0.037232905626297,-0.09734979271888733,-0.000712604278490403,0.060011714696884155,-0.09590941667556763,-0.006854677822232702,0.07740077376365662,-0.09263414144515991,-0.010002005163372019,0.008576661348342896,-0.08358559012413025,0.0003580705213579449,0.04513385891914368,-0.09782686829566956,-0.00610191073992894,0.06738677620887756,-0.09711110591888428,-0.009628046553373792,0.08470812439918518,-0.0936526358127594,-0.011253025632143476,0.01764783263206482,-0.07338845729827881,-0.007330389011443117,0.05105462670326233,-0.08927875757217407,-0.012081356037199953,0.07215723395347595,-0.09189742803573608,-0.013310309748888471,0.08790406584739685,-0.09114134311676025,-0.013368170026481607,0.029187709093093872,-0.06065824627876282,-0.015233866188467005,0.05441746115684509,-0.0733652114868164,-0.01598367678725765,0.06938686966896057,-0.08000218868255615,-0.01501995163762615,0.08209618926048279,-0.08383569121360779,-0.014189877796709993
0.0,0.0,0.0,0.01256522536277771,-0.027209341526031494,0.0014454486327935001,0.023769110441207886,-0.05773872137069702,-0.0004642077009435752,0.03881153464317322,-0.0741623044013977,-0.0043274243115689615,0.05187186598777771,-0.08529603481292725,-0.007323909060588107,0.006079584360122681,-0.08660528063774109,0.0006826220443230113,0.04091879725456238,-0.0955401062965393,-0.009083799061855302,0.06499770283699036,-0.09461519122123718,-0.015803968509217725,0.08372464776039124,-0.09150063991546631,-0.0192749202004876,0.010624557733535767,-0.08124461770057678,-0.005095003613760696,0.048073261976242065,-0.09614825248718262,-0.013302998592635618,0.07152476906776428,-0.09511682391166687,-0.016877816965362058,0.0898272693157196,-0.09120059013366699,-0.018532408376714216,0.019359201192855835,-0.07103896141052246,-0.011939083201369272,0.05320236086845398,-0.08745133876800537,-0.01824521829702519,0.07533594965934753,-0.088907390832901,-0.019494874378224836,0.09174129366874695,-0.08647334575653076,-0.019456924845954404,0.031119495630264282,-0.05773162841796875,-0.019233217438241468,0.05609425902366638,-0.07217523455619812,-0.021460553606530652,0.0716114342212677,-0.07790791988372803,-0.02106545304276608,0.08446595072746277,-0.08021286129951477,-0.020596297433158384
