0.0,0.0,0.0,0.027278244495391846,-0.027193665504455566,-0.026764149527821246,0.055357158184051514,-0.031183481216430664,-0.04347309724596471,0.075114905834198,-0.01498478651046753,-0.05616836131719083,0.09398353099822998,0.006566941738128662,-0.06683016450313062,0.05346482992172241,0.037995338439941406,-0.04111418754962415,0.011265993118286133,0.013563036918640137,-0.06783538938668698,-0.013590753078460693,-0.008998632431030273,-0.0856997731438014,-0.03172159194946289,-0.027799010276794434,-0.09398659200576276,0.02735656499862671,0.0622943639755249,-0.037480297248635,-0.014339685440063477,0.025895357131958008,-0.062075654726299945,-0.039605796337127686,-0.0006695389747619629,-0.07248378426936597,-0.06075918674468994,-0.025856971740722656,-0.0770291227212283,0.0041381120681762695,0.07410484552383423,-0.03532266871241063,-0.03531771898269653,0.039268672466278076,-0.062342027883801165,-0.057896196842193604,0.013104379177093506,-0.06481758386996717,-0.07483506202697754,-0.012701153755187988,-0.060774347495112124,-0.014232873916625977,0.074657142162323,-0.03500683860090703,-0.04468894004821777,0.054890990257263184,-0.056285186420950595,-0.06278765201568604,0.03472191095352173,-0.05662592382338971,-0.07556456327438354,0.013207793235778809,-0.05189526335504979
0.0,0.0,0.0,0.014221251010894775,-0.038559794425964355,-0.026807919125928947,0.0236474871635437,-0.06274247169494629,-0.04853012410916335,0.02998983860015869,-0.059087157249450684,-0.06576988844193465,0.038801610469818115,-0.03844231367111206,-0.08218372611321456,0.014495313167572021,-0.013764798641204834,-0.061220832150354454,-0.03236281871795654,-0.032099902629852295,-0.09058076886452682,-0.05860280990600586,-0.04976898431777954,-0.10900802163399703,-0.07845592498779297,-0.0714792013168335,-0.11836712805546767,-0.007579207420349121,0.01910775899887085,-0.05979343874372489,-0.05752593278884888,-0.011087000370025635,-0.09036166964091308,-0.0867345929145813,-0.040604472160339355,-0.09952984748400695,-0.10871851444244385,-0.06996798515319824,-0.1029566526225949,-0.02694946527481079,0.04003328084945679,-0.05811361966647155,-0.07514184713363647,0.0024256110191345215,-0.09027992187060363,-0.10189729928970337,-0.02875971794128418,-0.08884933589018829,-0.11878365278244019,-0.05780118703842163,-0.08188079295672424,-0.0428963303565979,0.046110689640045166,-0.057853654008283684,-0.08277034759521484,0.0167233943939209,-0.08400408176697738,-0.10587561130523682,-0.009040653705596924,-0.08069145677603728,-0.12002545595169067,-0.033598363399505615,-0.07300156353034026
0.0,0.0,0.0,0.01724255084991455,-0.04067009687423706,-0.026029556254570707,0.03345894813537598,-0.06062954664230347,-0.046916424493019804,0.040242671966552734,-0.05894118547439575,-0.06441886649531625,0.04472172260284424,-0.04773038625717163,-0.08095496074361108,0.03342461585998535,-0.0013588666915893555,-0.055006797621672376,-0.002479732036590576,-0.005649566650390625,-0.08438033537072442,-0.030944883823394775,-0.02517390251159668,-0.10282404647273324,-0.05379420518875122,-0.04799950122833252,-0.11153757498664163,0.013770043849945068,0.031123340129852295,-0.05380717963976167,-0.03173637390136719,0.009672462940216064,-0.08258011863631509,-0.06061255931854248,-0.01738196611404419,-0.09275342450541757,-0.08316802978515625,-0.044019460678100586,-0.09670118914050363,-0.004795074462890625,0.051255226135253906,-0.05289216266078256,-0.05185753107070923,0.022208571434020996,-0.08317635879916452,-0.07999366521835327,-0.005013644695281982,-0.08417507187527917,-0.09890979528427124,-0.03159797191619873,-0.07876676992577814,-0.020803511142730713,0.05767512321472168,-0.05347130001587175,-0.060066819190979004,0.03816479444503784,-0.07803601698083185,-0.08495563268661499,0.01650071144104004,-0.07610217408341668,-0.10140085220336914,-0.005161285400390625,-0.06910207049054407
0.0,0.0,0.0,0.02053159475326538,-0.037308692932128906,-0.02611157936149766,0.04087346792221069,-0.04938250780105591,-0.043572005677162906,0.05763435363769531,-0.03804582357406616,-0.057127431827723285,0.07043635845184326,-0.014742016792297363,-0.06952542890900304,0.039594829082489014,0.014567255973815918,-0.04589101751440694,-0.0023183822631835938,0.0004525184631347656,-0.07250231583708455,-0.025691211223602295,-0.019111931324005127,-0.0908243664085262,-0.043223798274993896,-0.039437949657440186,-0.09984605093592336,0.01787358522415161,0.04163944721221924,-0.043178521889387866,-0.027008652687072754,0.01621299982070923,-0.06843057354086568,-0.0514790415763855,-0.007707476615905762,-0.07926310678118398,-0.0714680552482605,-0.032650887966156006,-0.0845086955010288,-0.0016041398048400879,0.05690544843673706,-0.041212805408179065,-0.044876277446746826,0.0307958722114563,-0.06938008298271825,-0.0681348443031311,0.008007228374481201,-0.07197117139691045,-0.0849873423576355,-0.01688849925994873,-0.06818988998526265,-0.01722395420074463,0.05915653705596924,-0.04079160173529317,-0.05253535509109497,0.04399186372756958,-0.06417528619164159,-0.07380849123001099,0.027136564254760742,-0.06391336848133733,-0.08899801969528198,0.00682377815246582,-0.05861071203941037
0.0,0.0,0.0,0.02080434560775757,-0.0330389142036438,-0.027996977361823383,0.039946019649505615,-0.0443304181098938,-0.04728506462552673,0.05268824100494385,-0.03270035982131958,-0.06248424531796104,0.0634317398071289,-0.010932862758636475,-0.07632801638820297,0.03433036804199219,0.020372092723846436,-0.04860352309324867,-0.007076859474182129,0.009860754013061523,-0.07618279712178833,-0.031404733657836914,-0.011844456195831299,-0.09450948195436126,-0.04976546764373779,-0.033757925033569336,-0.10364651637056,0.01158761978149414,0.04627174139022827,-0.04544940547921783,-0.032541513442993164,0.026764273643493652,-0.07348516540506012,-0.059030771255493164,-0.0010283589363098145,-0.08411320255973465,-0.07950890064239502,-0.029952168464660645,-0.0883758287308467,-0.008344054222106934,0.060174405574798584,-0.04323981659391052,-0.05037182569503784,0.03840094804763794,-0.07344024585464126,-0.07559889554977417,0.011120915412902832,-0.07520619736888534,-0.09228777885437012,-0.017021477222442627,-0.07027956055381424,-0.0240059494972229,0.061365365982055664,-0.04268628688433296,-0.05990135669708252,0.047147274017333984,-0.06707031981923706,-0.08177584409713745,0.02808678150177002,-0.06699453251340515,-0.0957568883895874,0.007078945636749268,-0.06167924361207611
0.0,0.0,0.0,0.022584497928619385,-0.031466901302337646,-0.027543292305466593,0.04355478286743164,-0.04209190607070923,-0.04644097845911688,0.0580594539642334,-0.032827556133270264,-0.06098669107913679,0.06960004568099976,-0.0115622878074646,-0.0738096282994718,0.0447353720664978,0.022390305995941162,-0.04840056311249441,0.003824472427368164,0.011467218399047852,-0.07491277616381353,-0.020166397094726562,-0.00716477632522583,-0.0916786463177175,-0.03776496648788452,-0.027268528938293457,-0.09967855822205252,0.021140873432159424,0.049053728580474854,-0.04490359213113493,-0.02423548698425293,0.02753680944442749,-0.07166850279926962,-0.04921942949295044,0.0007840394973754883,-0.08186468195080465,-0.0691683292388916,-0.02738213539123535,-0.08600435864090628,3.635883331298828e-06,0.0634690523147583,-0.04225488092660612,-0.04218316078186035,0.03890109062194824,-0.07102580081581777,-0.06548511981964111,0.014042854309082031,-0.07309262167572683,-0.08224546909332275,-0.012700021266937256,-0.06874909710049337,-0.017000436782836914,0.06515705585479736,-0.04128071378826803,-0.05173987150192261,0.050571560859680176,-0.0652915881192655,-0.07223212718963623,0.03255438804626465,-0.0659598157918424,-0.08596146106719971,0.011549770832061768,-0.0612206355845899
0.0,0.0,0.0,0.016557693481445312,-0.03905963897705078,-0.025117927311214316,0.027378380298614502,-0.0567326545715332,-0.043177870182546485,0.03895598649978638,-0.048501670360565186,-0.05729824405744921,0.05435633659362793,-0.03022623062133789,-0.07025000554159533,0.022305786609649658,0.00571894645690918,-0.04793745380476366,-0.019064247608184814,-0.007133901119232178,-0.07237114858463656,-0.04283285140991211,-0.027212083339691162,-0.0886843736155356,-0.060864806175231934,-0.04790091514587402,-0.0968865762336577,-0.0008245110511779785,0.0331079363822937,-0.0459619547112311,-0.046122074127197266,0.009467661380767822,-0.07070724022224795,-0.07158434391021729,-0.016343533992767334,-0.0802886570675696,-0.09130090475082397,-0.0418429970741272,-0.08500079911783587,-0.01978302001953125,0.048574626445770264,-0.04428815942839037,-0.06317561864852905,0.02313673496246338,-0.07118737053707491,-0.08651137351989746,-0.00026983022689819336,-0.07222407412365328,-0.10263824462890625,-0.02475661039352417,-0.06812004101112734,-0.03428196907043457,0.05117839574813843,-0.04412501033976923,-0.06968110799789429,0.03491663932800293,-0.06684983622864138,-0.09052413702011108,0.016425669193267822,-0.06574676287010561,-0.10417520999908447,-0.005032837390899658,-0.06046001341775309
0.0,0.0,0.0,0.01452648639678955,-0.040170252323150635,-0.026986476606651877,0.023928463459014893,-0.06161856651306152,-0.04879072552077446,0.02480471134185791,-0.05936133861541748,-0.06673261021725807,0.024312913417816162,-0.047758400440216064,-0.08423051481597099,0.028695642948150635,0.001177072525024414,-0.054824473909064864,-0.01526564359664917,-0.006956934928894043,-0.0825224766647068,-0.04057890176773071,-0.024726688861846924,-0.10053659474007759,-0.059427618980407715,-0.044127464294433594,-0.10968403761737022,0.008175015449523926,0.03270399570465088,-0.052908933362886046,-0.03898817300796509,0.012542128562927246,-0.07977286969773445,-0.06662195920944214,-0.014690935611724854,-0.08909251784436378,-0.08714073896408081,-0.04052233695983887,-0.09275915717236671,-0.010827422142028809,0.05069953203201294,-0.05121843760363731,-0.05718338489532471,0.025252580642700195,-0.08048299198500786,-0.08475673198699951,-0.0027568936347961426,-0.08105067407242927,-0.10231339931488037,-0.028766930103302002,-0.07547152285926018,-0.02709829807281494,0.05427742004394531,-0.05104735364668045,-0.06627053022384644,0.03557169437408447,-0.07497511302582893,-0.09057337045669556,0.01448512077331543,-0.07291505729310188,-0.10601240396499634,-0.006425023078918457,-0.06601510440461311
0.0,0.0,0.0,0.02146315574645996,-0.030625104904174805,-0.027416475635135384,0.038767218589782715,-0.042697012424468994,-0.047027381654942246,0.05089402198791504,-0.03266751766204834,-0.06229698150988838,0.06229698657989502,-0.010925352573394775,-0.07598174973961136,0.03511101007461548,0.021886169910430908,-0.051414168026411744,-0.00947028398513794,0.011220455169677734,-0.07872287049528381,-0.03383666276931763,-0.00901651382446289,-0.0961734043025615,-0.0505484938621521,-0.02991551160812378,-0.10485285386081955,0.009829998016357422,0.048725426197052,-0.04866219922539017,-0.035881757736206055,0.027606546878814697,-0.07679287954803726,-0.06109112501144409,-0.001705169677734375,-0.08707488193746826,-0.07940959930419922,-0.03108203411102295,-0.09137214585777542,-0.011731445789337158,0.0628775954246521,-0.04650970413919708,-0.05397313833236694,0.03844338655471802,-0.07626071437832138,-0.0772862434387207,0.012110233306884766,-0.07753478601213715,-0.0921790599822998,-0.015927672386169434,-0.07263764604564926,-0.027964532375335693,0.06310880184173584,-0.04595058649417183,-0.06235051155090332,0.04990440607070923,-0.0697655068301799,-0.08194857835769653,0.03179377317428589,-0.06922774627443573,-0.09362882375717163,0.009925603866577148,-0.06389167025324127
0.0,0.0,0.0,0.024035751819610596,-0.024554669857025146,-0.02793977818518556,0.04916137456893921,-0.028688430786132812,-0.04518579914301313,0.06564325094223022,-0.013971805572509766,-0.05809839292496122,0.07792723178863525,0.00859302282333374,-0.06894690393536962,0.045123279094696045,0.03960287570953369,-0.04354750215142644,0.005359232425689697,0.02495020627975464,-0.06823798119157232,-0.018605053424835205,0.0021320581436157227,-0.08338246344655431,-0.03662830591201782,-0.019347846508026123,-0.09003810434668935,0.02122396230697632,0.062496721744537354,-0.03888750298946775,-0.020282268524169922,0.03658854961395264,-0.06346011756986059,-0.04540050029754639,0.011273741722106934,-0.07299721836179174,-0.06553786993026733,-0.014490604400634766,-0.07672880440085805,0.00013196468353271484,0.07382142543792725,-0.03552237748235143,-0.03845024108886719,0.04804790019989014,-0.062344147256311544,-0.060632944107055664,0.023982524871826172,-0.06518129109471715,-0.07665848731994629,-0.0016651749610900879,-0.06143077685564435,-0.015964210033416748,0.07397300004959106,-0.03390626086920179,-0.04704183340072632,0.06210315227508545,-0.0553753472778169,-0.0660477876663208,0.04445946216583252,-0.056425935021337636,-0.07885974645614624,0.023808181285858154,-0.052258087685999044
0.0,0.0,0.0,0.024096190929412842,-0.025994539260864258,-0.028452626861223962,0.05036813020706177,-0.0274580717086792,-0.04538910786021688,0.06821221113204956,-0.010644912719726562,-0.05784643764008024,0.08355790376663208,0.008857905864715576,-0.0684293652545307,0.053650856018066406,0.0397486686706543,-0.04417146692384222,0.011864781379699707,0.03066784143447876,-0.07058308223594167,-0.013615787029266357,0.009021580219268799,-0.08703421006310919,-0.03268486261367798,-0.013233959674835205,-0.09409888783801534,0.03135031461715698,0.06471335887908936,-0.03898475641716459,-0.012700021266937256,0.043054044246673584,-0.0642443145285938,-0.03867053985595703,0.015641450881958008,-0.07357503423799017,-0.06001240015029907,-0.012982845306396484,-0.0766848246227596,0.010932207107543945,0.07717651128768921,-0.03530661339272001,-0.030651390552520752,0.053149640560150146,-0.06338343719352224,-0.05416685342788696,0.02588742971420288,-0.06575770626176336,-0.07189822196960449,-0.0029859542846679688,-0.06091401676047781,-0.005941212177276611,0.07836174964904785,-0.03337261403311231,-0.03804522752761841,0.06583833694458008,-0.0560227515767906,-0.05770909786224365,0.045595765113830566,-0.0567435393701885,-0.07147854566574097,0.022120177745819092,-0.051663487650046136
0.0,0.0,0.0,0.0005587339401245117,-0.04394066333770752,-0.020261796907277585,-0.00790637731552124,-0.0739588737487793,-0.04260327366063166,-0.024366319179534912,-0.07402217388153076,-0.06385838684508371,-0.03917193412780762,-0.057205140590667725,-0.08606663045355845,0.012766659259796143,-0.0357242226600647,-0.05138971728155184,-0.007554352283477783,-0.03166067600250244,-0.08073863086173105,-0.02898120880126953,-0.03909236192703247,-0.10164562311837244,-0.04684358835220337,-0.05365872383117676,-0.11302614656159449,-0.00018334388732910156,0.003646671772003174,-0.05451727730104494,-0.04294651746749878,0.0010371208190917969,-0.0818449154205041,-0.07077896595001221,-0.020347952842712402,-0.0925589993304925,-0.0903165340423584,-0.04296225309371948,-0.0975207507319169,-0.01628720760345459,0.03407102823257446,-0.057493896008224965,-0.061623215675354004,0.01977849006652832,-0.08370546695658732,-0.08633303642272949,-0.006007194519042969,-0.08339728114077616,-0.10258269309997559,-0.03210252523422241,-0.07846401330897379,-0.03306221961975098,0.05198311805725098,-0.06193666231700945,-0.07145816087722778,0.03937655687332153,-0.07970509377190638,-0.09257328510284424,0.019424080848693848,-0.07376444038817453,-0.10669374465942383,-0.0013558268547058105,-0.06557230350443888
0.0,0.0,0.0,0.025250017642974854,-0.0238494873046875,-0.027391361025109973,0.05343049764633179,-0.027451753616333008,-0.04359451304091522,0.07201331853866577,-0.013674259185791016,-0.055333320003882136,0.08744162321090698,0.0056858062744140625,-0.06506606931699821,0.053154826164245605,0.03957432508468628,-0.041752852451935496,0.011737585067749023,0.025787532329559326,-0.0662223547221572,-0.011305689811706543,0.0069367289543151855,-0.08190993214859077,-0.028388798236846924,-0.013322174549102783,-0.08913799370540687,0.02940380573272705,0.06368589401245117,-0.037152443033591,-0.012239575386047363,0.03768420219421387,-0.0607054754616172,-0.03673738241195679,0.014677047729492188,-0.07044950867904731,-0.0568583607673645,-0.010901570320129395,-0.0744650214435012,0.007997214794158936,0.07501548528671265,-0.033897317898407664,-0.03185194730758667,0.048203229904174805,-0.060825928998127665,-0.05387401580810547,0.024917423725128174,-0.06412007654918739,-0.06991982460021973,-0.0017830133438110352,-0.06038803602470466,-0.009227454662322998,0.07469779253005981,-0.03225737805379936,-0.039763033390045166,0.061906516551971436,-0.054537810337677683,-0.058758318424224854,0.04377484321594238,-0.05572212482704231,-0.07188534736633301,0.02172166109085083,-0.051261722993984904
0.0,0.0,0.0,0.02415519952774048,-0.028636038303375244,-0.027918438869704687,0.04822605848312378,-0.03318142890930176,-0.04498758490680643,0.06501257419586182,-0.018872618675231934,-0.05769143204688021,0.07988685369491577,-0.0019068121910095215,-0.06860256891249605,0.045515596866607666,0.030734241008758545,-0.04587504963873812,0.006525993347167969,0.018416285514831543,-0.07203186999558397,-0.01798379421234131,-0.0011336803436279297,-0.08819714139698931,-0.036406755447387695,-0.02235400676727295,-0.09522051315306612,0.021595239639282227,0.054271697998046875,-0.04149887661932894,-0.021291375160217285,0.03178298473358154,-0.06767737071513125,-0.046885788440704346,0.0062070488929748535,-0.07778686236142107,-0.066802978515625,-0.02117455005645752,-0.08161837558745333,0.001046597957611084,0.06624913215637207,-0.03822869386075922,-0.039785802364349365,0.04206562042236328,-0.06699890594481417,-0.06280577182769775,0.016490280628204346,-0.0695567349672217,-0.07899254560470581,-0.010946691036224365,-0.06499007295369097,-0.014573335647583008,0.06600868701934814,-0.036601058650006735,-0.04617375135421753,0.05526316165924072,-0.059757507848729574,-0.06571489572525024,0.03667062520980835,-0.060083679366101705,-0.0789530873298645,0.014318764209747314,-0.05494032378791758
0.0,0.0,0.0,0.02238517999649048,-0.02713876962661743,-0.03045985182254185,0.04675334692001343,-0.028019726276397705,-0.04824065869181027,0.064395010471344,-0.010755658149719238,-0.06083276574938168,0.08332693576812744,0.005374908447265625,-0.07137589608757366,0.04524582624435425,0.03869020938873291,-0.047838822803186076,0.006745815277099609,0.029085755348205566,-0.07434050445883145,-0.0190621018409729,0.00893467664718628,-0.09088569586603512,-0.03886973857879639,-0.012116789817810059,-0.09822825794546475,0.022190988063812256,0.06341105699539185,-0.04217496221392025,-0.019129574298858643,0.041330933570861816,-0.06806267505018582,-0.04440206289291382,0.017692089080810547,-0.07836951022474636,-0.06451857089996338,-0.008125483989715576,-0.08267003004877438,0.0012456178665161133,0.07527780532836914,-0.0379493691536652,-0.037460386753082275,0.05126035213470459,-0.06577104037134518,-0.05962568521499634,0.027962923049926758,-0.069173929146217,-0.07529020309448242,0.002998530864715576,-0.06585715418188443,-0.01493692398071289,0.07608675956726074,-0.035624408027814525,-0.04609793424606323,0.06399810314178467,-0.05783979301779141,-0.06510227918624878,0.04673725366592407,-0.05933038224904408,-0.07771331071853638,0.026881098747253418,-0.05552437236039509
0.0,0.0,0.0,0.01524341106414795,-0.03859442472457886,-0.02620344045593015,0.02691882848739624,-0.057577550411224365,-0.04589560623301736,0.03454798460006714,-0.05202299356460571,-0.061670448584692394,0.040914177894592285,-0.0329289436340332,-0.07637668023838273,0.022647380828857422,0.004066109657287598,-0.05311620975865594,-0.019574105739593506,-0.006151080131530762,-0.0796535126401352,-0.04290592670440674,-0.023566246032714844,-0.09598375479711763,-0.06099438667297363,-0.044356465339660645,-0.10363146285547487,0.0020778775215148926,0.03370320796966553,-0.05092110852731935,-0.04636490345001221,0.01479804515838623,-0.0782245359851288,-0.07255673408508301,-0.011058449745178223,-0.08768955986036531,-0.09228301048278809,-0.039082109928131104,-0.0912693328691887,-0.015853703022003174,0.05005747079849243,-0.04883299018277398,-0.0632597804069519,0.02632308006286621,-0.07900406043066255,-0.08877360820770264,0.0012220144271850586,-0.08060213546289674,-0.10555815696716309,-0.025820374488830566,-0.07545230160488359,-0.030072927474975586,0.051970481872558594,-0.04802628601922265,-0.06811106204986572,0.03869032859802246,-0.07258960972561113,-0.0907052755355835,0.02041393518447876,-0.07136638830436937,-0.1055593490600586,-0.002252519130706787,-0.06515228371156923
0.0,0.0,0.0,0.031969666481018066,-0.025062620639801025,-0.025550839345015675,0.06526094675064087,-0.024873852729797363,-0.039090058620132595,0.08748012781143188,-0.009489059448242188,-0.04894235994950691,0.10836422443389893,0.0058991312980651855,-0.05684611838594833,0.06751859188079834,0.041761159896850586,-0.035187831933654934,0.03138047456741333,0.0352635383605957,-0.06062768664494911,0.006471216678619385,0.016482174396514893,-0.07787888016835609,-0.013131439685821533,-0.006353855133056641,-0.08515723314420143,0.04279661178588867,0.06442052125930786,-0.031160768906630665,-0.0004833340644836426,0.04433250427246094,-0.057149856205143124,-0.027402400970458984,0.018826186656951904,-0.06808775183097282,-0.04917335510253906,-0.009385943412780762,-0.07149465646878639,0.01972442865371704,0.0747646689414978,-0.02892340425685802,-0.020328760147094727,0.052208781242370605,-0.05673079829946914,-0.043184638023376465,0.027898073196411133,-0.06024838876263061,-0.060777366161346436,-0.0003421306610107422,-0.055687046463646084,0.0001710057258605957,0.0759844183921814,-0.028283272723712116,-0.029664933681488037,0.06422102451324463,-0.05033985045091072,-0.04786139726638794,0.04500746726989746,-0.050953498895324856,-0.06115657091140747,0.021676480770111084,-0.04544503879085937
0.0,0.0,0.0,0.024658799171447754,-0.030688345432281494,-0.02727461249136809,0.05077165365219116,-0.036348164081573486,-0.04354270376765612,0.0684012770652771,-0.022773146629333496,-0.05584734879934672,0.08163273334503174,-0.0015253424644470215,-0.06633112036192301,0.05181056261062622,0.03051048517227173,-0.04230482332908991,0.013401985168457031,0.024377942085266113,-0.0678269883295286,-0.010070741176605225,0.007100701332092285,-0.08355147593223933,-0.02906554937362671,-0.01510554552078247,-0.08999670498573664,0.029717087745666504,0.05624669790267944,-0.038056334634660516,-0.01545649766921997,0.03643655776977539,-0.06407340817654017,-0.040313005447387695,0.00970923900604248,-0.07417540453874949,-0.05992692708969116,-0.01961761713027954,-0.07737650923931483,0.009410619735717773,0.06968748569488525,-0.03511946850025538,-0.03336745500564575,0.046081721782684326,-0.06439519875252131,-0.056930363178253174,0.019080162048339844,-0.06737888806068781,-0.07380455732345581,-0.010146379470825195,-0.06232712246978167,-0.007428526878356934,0.07145440578460693,-0.033716565152047906,-0.04011589288711548,0.060281217098236084,-0.057284539719461236,-0.06049531698226929,0.039711833000183105,-0.05744881012046221,-0.074451744556427,0.0148811936378479,-0.05152278595173243
0.0,0.0,0.0,0.023927748203277588,-0.027526021003723145,-0.028179793172228074,0.05059385299682617,-0.02847510576248169,-0.044536924474584794,0.06771379709243774,-0.012543916702270508,-0.05629615720425818,0.08302795886993408,0.0053253173828125,-0.0663572238019583,0.05328845977783203,0.03645902872085571,-0.045198059194433426,0.012843132019042969,0.03162640333175659,-0.07015655797039244,-0.012539505958557129,0.011667132377624512,-0.08482581239258025,-0.031479597091674805,-0.012099802494049072,-0.09071784328733656,0.03084462881088257,0.06186401844024658,-0.04028597336326811,-0.014101386070251465,0.04517936706542969,-0.06597763162170622,-0.03979009389877319,0.017627179622650146,-0.07583160560642455,-0.05875897407531738,-0.01175832748413086,-0.07911402594362471,0.010251641273498535,0.07529139518737793,-0.03646006297384474,-0.031515300273895264,0.05780839920043945,-0.06524947147880766,-0.05568426847457886,0.03103882074356079,-0.06841782342706892,-0.07159954309463501,0.0021439790725708008,-0.06386815618787978,-0.006450057029724121,0.07712841033935547,-0.03406013410602782,-0.038369953632354736,0.07189112901687622,-0.05742871251021597,-0.05883699655532837,0.05086725950241089,-0.057899429016458726,-0.07213073968887329,0.025985777378082275,-0.05243934180651877
0.0,0.0,0.0,0.020115017890930176,-0.030958712100982666,-0.027563864816073647,0.043725550174713135,-0.03635823726654053,-0.045340549651626816,0.05866211652755737,-0.020394206047058105,-0.05922787309074806,0.07021570205688477,0.0014885663986206055,-0.0715597797968428,0.04319751262664795,0.027986228466033936,-0.045758929554466476,0.007072508335113525,0.028031229972839355,-0.07289850011849808,-0.01817023754119873,0.011610031127929688,-0.08961007789159225,-0.03866034746170044,-0.010149955749511719,-0.09692350820088791,0.025049269199371338,0.055395305156707764,-0.041866027269605866,-0.01684856414794922,0.04337131977081299,-0.06814829305196213,-0.04580426216125488,0.020162880420684814,-0.07731466040397095,-0.06867659091949463,-0.008126258850097656,-0.08023925915742325,0.007036864757537842,0.07045692205429077,-0.03934188977265762,-0.03452020883560181,0.052103281021118164,-0.0675244484880011,-0.060485243797302246,0.027208685874938965,-0.06888572171712326,-0.07818853855133057,-0.000802457332611084,-0.06381847754502701,-0.008483827114105225,0.07399064302444458,-0.038515706066135635,-0.04209446907043457,0.06492370367050171,-0.060538791570905914,-0.06406491994857788,0.04371035099029541,-0.05980221599722313,-0.07877814769744873,0.019269883632659912,-0.0541395810284655
0.0,0.0,0.0,0.02248680591583252,-0.0300748348236084,-0.02640713957438834,0.044476091861724854,-0.03359800577163696,-0.043717736576894595,0.05880844593048096,-0.017962932586669922,-0.05769123715649016,0.06980538368225098,0.00486069917678833,-0.07033467126379378,0.041434645652770996,0.036379456520080566,-0.039394384448627306,0.0009240508079528809,0.03304171562194824,-0.0659071562934912,-0.024865686893463135,0.013946712017059326,-0.08435725254307158,-0.04512166976928711,-0.008150875568389893,-0.09310141784439452,0.02042597532272339,0.06063622236251831,-0.03636748922357924,-0.02232259511947632,0.044471025466918945,-0.06203829330692656,-0.05026710033416748,0.02109086513519287,-0.07358586621771224,-0.07238936424255371,-0.005886435508728027,-0.07841373813639052,0.0015421509742736816,0.07338017225265503,-0.03485940975437529,-0.04009413719177246,0.05359691381454468,-0.06349623781929381,-0.06586766242980957,0.02750450372695923,-0.06650251728783019,-0.08359622955322266,-0.0006971955299377441,-0.06211347339043982,-0.013340353965759277,0.07449138164520264,-0.034963576321700884,-0.047829270362854004,0.06576025485992432,-0.05746279490480788,-0.06947547197341919,0.045717060565948486,-0.05715371874461539,-0.08401846885681152,0.022082865238189697,-0.0515059998382128
0.0,0.0,0.0,0.021009385585784912,-0.0323183536529541,-0.028270306456875005,0.04293680191040039,-0.03764021396636963,-0.04684142434973637,0.055030643939971924,-0.021178245544433594,-0.061566584203433194,0.06339961290359497,0.001735985279083252,-0.07476268747825543,0.04107367992401123,0.03107696771621704,-0.04603520447392384,0.003790736198425293,0.03190797567367554,-0.07365351209421078,-0.021929919719696045,0.0139695405960083,-0.09129922131080548,-0.042920053005218506,-0.00846034288406372,-0.0993495065905563,0.02195066213607788,0.05827152729034424,-0.042271066848229566,-0.02018284797668457,0.048121511936187744,-0.06891762504358212,-0.04873800277709961,0.02570486068725586,-0.07903613934297482,-0.07150912284851074,-0.0016005635261535645,-0.08275992462415616,0.003730475902557373,0.07244056463241577,-0.03994903380055348,-0.03710383176803589,0.056679725646972656,-0.06865382233638684,-0.06310862302780151,0.03220778703689575,-0.07089822778482358,-0.08074480295181274,0.0041596293449401855,-0.06636916140098492,-0.011459887027740479,0.07401561737060547,-0.03935294264931599,-0.044564127922058105,0.06785142421722412,-0.06207239294428746,-0.06659013032913208,0.048471033573150635,-0.061902229134034314,-0.0815969705581665,0.02440178394317627,-0.056588605437468686
0.0,0.0,0.0,0.015752673149108887,-0.03622943162918091,-0.0263616336017094,0.03231048583984375,-0.04960298538208008,-0.04568594000033954,0.03895413875579834,-0.04385018348693848,-0.06185227310947994,0.04285401105880737,-0.03179728984832764,-0.07711297697119335,0.031479716300964355,0.009739279747009277,-0.0485830274849377,-0.002231299877166748,0.0071430206298828125,-0.0755227772026501,-0.029864072799682617,-0.007966101169586182,-0.09235088205628017,-0.05444836616516113,-0.0278589129447937,-0.09990064478211025,0.013816416263580322,0.040585100650787354,-0.04591405070118526,-0.0320858359336853,0.026448726654052734,-0.07183951562933544,-0.0631486177444458,0.0043143630027771,-0.08108339137129406,-0.08752638101577759,-0.021049559116363525,-0.08429483002714733,-0.0031752586364746094,0.058309733867645264,-0.04410079917602161,-0.0487138032913208,0.03600633144378662,-0.07291848635964016,-0.07797485589981079,0.009908556938171387,-0.07477211630634883,-0.09802514314651489,-0.016978561878204346,-0.06970781511358837,-0.017574012279510498,0.06397116184234619,-0.04376069134764293,-0.05378127098083496,0.05226927995681763,-0.06678002751164058,-0.07851874828338623,0.029977858066558838,-0.0655663204818211,-0.09574151039123535,0.006132960319519043,-0.059191898021026645
0.0,0.0,0.0,0.0355985164642334,-0.022853970527648926,-0.02387006733621888,0.0724630355834961,-0.020735442638397217,-0.0349762343248301,0.09726303815841675,-0.007039844989776611,-0.04227170873488717,0.11966097354888916,0.003922581672668457,-0.047288929708855676,0.08790081739425659,0.047382235527038574,-0.028263453059452104,0.04978591203689575,0.04034268856048584,-0.04928943667616181,0.02679532766342163,0.02270454168319702,-0.0619949601968699,0.009801089763641357,0.0005867481231689453,-0.06665975753273301,0.06769651174545288,0.07191306352615356,-0.023368242793338823,0.027125000953674316,0.05071377754211426,-0.04474717531408601,0.0004380941390991211,0.0249444842338562,-0.05240902084912591,-0.021912872791290283,-0.0014463067054748535,-0.05344074744786553,0.04630190134048462,0.08234405517578125,-0.020467063077347802,0.008203685283660889,0.0571671724319458,-0.04327380437459283,-0.013607919216156006,0.03056657314300537,-0.04403428886141114,-0.030707478523254395,0.003347039222717285,-0.03829631362165742,0.025960206985473633,0.08251363039016724,-0.019335271455901193,-0.0028551816940307617,0.06357896327972412,-0.03709955293740563,-0.021292448043823242,0.04115331172943115,-0.036534899510996866,-0.034153759479522705,0.019811391830444336,-0.030531968586700486
0.0,0.0,0.0,0.023619651794433594,-0.02969348430633545,-0.026615567189196554,0.04670989513397217,-0.03417539596557617,-0.04390526903841874,0.06262624263763428,-0.01933896541595459,-0.05733025414917847,0.07559216022491455,0.001119375228881836,-0.0690736469445028,0.049731314182281494,0.03118377923965454,-0.045132372212151495,0.009672760963439941,0.028249025344848633,-0.07100804863546273,-0.016961097717285156,0.010108590126037598,-0.0866726037678518,-0.0375022292137146,-0.011237800121307373,-0.09327730504844567,0.02715778350830078,0.057244837284088135,-0.041776917558649984,-0.017671406269073486,0.039981842041015625,-0.06775183944080254,-0.04486215114593506,0.014706075191497803,-0.0772930455026426,-0.06685471534729004,-0.013044953346252441,-0.08060657946441552,0.006686210632324219,0.07099467515945435,-0.03947139127228638,-0.03622865676879883,0.05103015899658203,-0.0682574283895292,-0.061679184436798096,0.02394735813140869,-0.0702303942856588,-0.08002930879592896,-0.00515824556350708,-0.0652250197348394,-0.010159850120544434,0.0722305178642273,-0.03873158214662453,-0.04433906078338623,0.06154829263687134,-0.06193460492465874,-0.06566518545150757,0.039298951625823975,-0.06189252404544732,-0.08038163185119629,0.013325095176696777,-0.05638977853629967
0.0,0.0,0.0,0.0345039963722229,-0.012172996997833252,-0.00863139853713335,0.06810539960861206,-0.012952864170074463,-0.01570914369908394,0.09438049793243408,-0.006672084331512451,-0.022725865811977997,0.11645090579986572,-0.001103818416595459,-0.02910226267663063,0.07488840818405151,0.03704947233200073,-0.010664586544905319,0.0980491042137146,0.04470342397689819,-0.023701046229277267,0.09968948364257812,0.03018420934677124,-0.0322307447054726,0.09569519758224487,0.013485133647918701,-0.035628555909667625,0.06134670972824097,0.05111193656921387,-0.011175063074503555,0.0820925235748291,0.05608487129211426,-0.024238691301022186,0.0760723352432251,0.037055909633636475,-0.02979988102701725,0.06543493270874023,0.01720750331878662,-0.030955754787598266,0.04697901010513306,0.05995357036590576,-0.012702675172064914,0.05910217761993408,0.05817025899887085,-0.02512155902472557,0.04818379878997803,0.035631656646728516,-0.024335276902590408,0.03542262315750122,0.013045966625213623,-0.020281684220705642,0.032116055488586426,0.0641600489616394,-0.014857466899727001,0.040985941886901855,0.06066077947616577,-0.024355127111945762,0.03302741050720215,0.04414868354797363,-0.022971343816195144,0.023006737232208252,0.027136147022247314,-0.0187120666810614
0.0,0.0,0.0,0.020841896533966064,-0.029411494731903076,-0.028614773378365044,0.041253507137298584,-0.036562204360961914,-0.047747909054749016,0.05238384008407593,-0.027289748191833496,-0.06227462641953707,0.06169295310974121,-0.015623807907104492,-0.0754196447884965,0.042205810546875,0.025553464889526367,-0.05036226563214541,9.351968765258789e-05,0.020906150341033936,-0.0766374421870637,-0.02491062879562378,0.003600776195526123,-0.09277618207096339,-0.04356890916824341,-0.016503632068634033,-0.10025735475181818,0.02140754461288452,0.05137073993682861,-0.046061768159859184,-0.02336859703063965,0.0355607271194458,-0.07244193084596873,-0.05080991983413696,0.013603627681732178,-0.08144556261657954,-0.07197403907775879,-0.01137840747833252,-0.0844620344793725,0.0021995902061462402,0.06358188390731812,-0.04271688960551501,-0.03967243432998657,0.04388827085494995,-0.07103477694153071,-0.06481820344924927,0.019813120365142822,-0.07250684775470972,-0.08154135942459106,-0.006049752235412598,-0.06735892124532938,-0.013690054416656494,0.06385153532028198,-0.04100557692407847,-0.045526862144470215,0.053951919078826904,-0.06362571843027354,-0.06620728969573975,0.034300923347473145,-0.06323154546379328,-0.0795946717262268,0.012181460857391357,-0.057701821402304176
0.0,0.0,0.0,0.04477816820144653,-0.08371996879577637,-0.061514962935859785,0.08740538358688354,-0.13669359683990479,-0.11074783700149737,0.12089216709136963,-0.15318578481674194,-0.155245319480116,0.12731695175170898,-0.11690223217010498,-0.19913673448007785,0.08112871646881104,-0.056761085987091064,-0.10170107381981097,0.026778459548950195,-0.07514315843582153,-0.1826142226402112,-0.010358989238739014,-0.09357976913452148,-0.24169464456480227,-0.04510372877120972,-0.11905515193939209,-0.27334146248739444,0.029884517192840576,0.005858302116394043,-0.10413458990495883,-0.02626246213912964,-0.010948598384857178,-0.1820971523467847,-0.07875710725784302,-0.04110682010650635,-0.21689723479192935,-0.12176269292831421,-0.0776207447052002,-0.23319819616716586,-0.014185965061187744,0.04960662126541138,-0.1118941237274953,-0.08096557855606079,0.016608834266662598,-0.19109457778375827,-0.13159066438674927,-0.028079092502593994,-0.1997927432004758,-0.16808569431304932,-0.0751718282699585,-0.19123818027418338,-0.053583383560180664,0.06770873069763184,-0.1241307114307233,-0.114188551902771,0.05021178722381592,-0.179902524227316,-0.1558767557144165,0.015466570854187012,-0.17800045060556613,-0.18575340509414673,-0.024299800395965576,-0.167175233835394
0.0,0.0,0.0,0.035134732723236084,-0.09200787544250488,-0.12301788520441193,0.09291768074035645,-0.1445101499557495,-0.2118652988635077,0.12626618146896362,-0.15259534120559692,-0.2802789289914145,0.1418399214744568,-0.12347227334976196,-0.3478295285664572,0.10251682996749878,-0.06057238578796387,-0.2503934581242575,0.0843241810798645,-0.07727742195129395,-0.37430299114809173,0.07021617889404297,-0.09460955858230591,-0.45194716047868866,0.03991544246673584,-0.13606292009353638,-0.49629960250482696,0.0544779896736145,0.0057024359703063965,-0.23539561819658417,0.0069773197174072266,0.008783042430877686,-0.3824456412755026,-0.049882352352142334,-0.03004354238510132,-0.4601363618336691,-0.09810245037078857,-0.07407492399215698,-0.5048083443604483,0.01243966817855835,0.05007380247116089,-0.2224248279295935,-0.05293476581573486,0.0328449010848999,-0.3516411561928763,-0.11048650741577148,-0.026383638381958008,-0.3923598606549277,-0.1558142900466919,-0.08013391494750977,-0.4052205760441794,-0.027994394302368164,0.06575953960418701,-0.21546942782030243,-0.07627475261688232,0.044789254665374756,-0.30998788070306915,-0.124114990234375,0.010017752647399902,-0.3388024051152243,-0.158724844455719,-0.02484530210494995,-0.35214523267374176
0.0,0.0,0.0,0.03206074237823486,-0.08472824096679688,-0.09739534946805861,0.08343243598937988,-0.13630878925323486,-0.16759341600067046,0.11696857213973999,-0.1442076563835144,-0.22298968973285582,0.13042092323303223,-0.10920900106430054,-0.27778099122173217,0.0781480073928833,-0.05865001678466797,-0.19433235767013457,0.034865617752075195,-0.07155036926269531,-0.29776878299838927,-0.0018998980522155762,-0.08611840009689331,-0.36365212144977477,-0.04568672180175781,-0.11897116899490356,-0.3991446608555975,0.03592348098754883,0.006125509738922119,-0.18512090685493376,-0.027274727821350098,0.004029750823974609,-0.2948494071019354,-0.09098857641220093,-0.031524717807769775,-0.34627259912616637,-0.14118051528930664,-0.07344448566436768,-0.3747963124764624,-0.0024695396423339844,0.05387526750564575,-0.17924476804859069,-0.07462805509567261,0.0324360728263855,-0.28388739767200377,-0.13047832250595093,-0.020091712474822998,-0.31097449007160094,-0.17537152767181396,-0.07302826642990112,-0.31601638736850646,-0.03939700126647949,0.07325583696365356,-0.17853860201961425,-0.0959784984588623,0.059522390365600586,-0.2547818237794104,-0.1424562931060791,0.023509562015533447,-0.26953397336131957,-0.17801260948181152,-0.0172957181930542,-0.2725546473515692
0.0,0.0,0.0,0.05704420804977417,-0.07549875974655151,-0.06021174230033921,0.11178219318389893,-0.12194722890853882,-0.10810456239039468,0.15247976779937744,-0.12472331523895264,-0.1499794479494767,0.17530447244644165,-0.08340984582901001,-0.19052187167460488,0.12048542499542236,-0.039531826972961426,-0.11469803564602898,0.07270842790603638,-0.04701375961303711,-0.19857358001524972,0.042334556579589844,-0.05934154987335205,-0.2565010841971116,0.013804018497467041,-0.08803623914718628,-0.28689399920756387,0.07683014869689941,0.0246545672416687,-0.11712162010724114,0.008983135223388672,0.01208561658859253,-0.20164561830813454,-0.047672927379608154,-0.02173757553100586,-0.23399381898695992,-0.0947675108909607,-0.0665048360824585,-0.24660719000155495,0.031177520751953125,0.06874626874923706,-0.12415102683360146,-0.04295891523361206,0.03879082202911377,-0.20616674982363747,-0.09263497591018677,-0.006798923015594482,-0.21227489970976876,-0.12986105680465698,-0.06002146005630493,-0.20163164101893472,-0.013931572437286377,0.0856505036354065,-0.13544820808226632,-0.07696449756622314,0.06873905658721924,-0.19622259401137399,-0.11691868305206299,0.03159594535827637,-0.19611071609313058,-0.14619511365890503,-0.010860323905944824,-0.18496098183447884
0.0,0.0,0.0,0.053770601749420166,-0.07422769069671631,-0.07450054596671407,0.11547070741653442,-0.1190328598022461,-0.13140349100837057,0.15925657749176025,-0.11724138259887695,-0.17886385332354848,0.1851779818534851,-0.0745992660522461,-0.2253059894920284,0.129688560962677,-0.047070086002349854,-0.14818546186694448,0.12966197729110718,-0.08072686195373535,-0.2484055907607967,0.11951708793640137,-0.08958399295806885,-0.3153984398723537,0.09433579444885254,-0.11108726263046265,-0.35131321858176534,0.09368425607681274,0.025871992111206055,-0.1481495649696285,0.0523449182510376,0.019312918186187744,-0.25494591902503316,-0.005047738552093506,-0.016177892684936523,-0.2984370143295223,-0.05939406156539917,-0.05529129505157471,-0.31540904949912374,0.04968452453613281,0.07587486505508423,-0.15312328945407216,-0.02644866704940796,0.04609924554824829,-0.25283496092566793,-0.08442234992980957,-0.0047959089279174805,-0.2667498142600948,-0.1304219365119934,-0.058342814445495605,-0.25867198418387716,0.001340031623840332,0.09516119956970215,-0.16311159740695302,-0.07461756467819214,0.06937634944915771,-0.2394259424091274,-0.12476092576980591,0.02921164035797119,-0.25009830306777303,-0.15974360704421997,-0.010782897472381592,-0.24518148611792867
0.0,0.0,0.0,0.05826926231384277,-0.07241833209991455,-0.05748084077919202,0.12151885032653809,-0.11451232433319092,-0.10016252363408285,0.17355000972747803,-0.10912573337554932,-0.13778373861993032,0.20585602521896362,-0.056971073150634766,-0.1738967623778649,0.15236812829971313,-0.034465491771698,-0.0959858473607369,0.1611788272857666,-0.07235926389694214,-0.17484392488682943,0.16445845365524292,-0.07346552610397339,-0.228110211736805,0.15366780757904053,-0.07767653465270996,-0.2560508277484246,0.12707418203353882,0.037443578243255615,-0.09781101608956533,0.07627344131469727,0.04164302349090576,-0.19114929700577932,0.006472170352935791,0.010386288166046143,-0.2223281588622399,-0.056558430194854736,-0.0309140682220459,-0.2251430478164025,0.0850142240524292,0.08817744255065918,-0.10504865909302907,-0.0037397146224975586,0.06835836172103882,-0.1942635949918099,-0.06716418266296387,0.020495712757110596,-0.19840954507077413,-0.11684650182723999,-0.0313723087310791,-0.17910371983731466,0.03525131940841675,0.10962808132171631,-0.11653390789712148,-0.04677540063858032,0.09150463342666626,-0.18250037992680745,-0.09606808423995972,0.05100893974304199,-0.18453629577840047,-0.13089138269424438,0.009447216987609863,-0.1697727170058556
0.0,0.0,0.0,-0.07643228769302368,-0.08518683910369873,-0.05919035234592407,-0.15183734893798828,-0.14673268795013428,-0.12794024207733123,-0.2101629674434662,-0.1608371138572693,-0.19052355446956604,-0.24074888229370117,-0.13831430673599243,-0.25955456950805633,-0.12723946571350098,-0.1223260760307312,-0.18510303356788604,-0.19295740127563477,-0.14827954769134521,-0.25853074052474945,-0.22414129972457886,-0.14269620180130005,-0.30551442959449737,-0.23778578639030457,-0.1302744746208191,-0.33684033610961883,-0.09717702865600586,-0.06699353456497192,-0.19187280991218536,-0.11108380556106567,-0.0679503083229065,-0.25919655420921295,-0.11576288938522339,-0.08148133754730225,-0.2944415555252835,-0.11306184530258179,-0.08952212333679199,-0.3270067618145749,-0.05611830949783325,-0.020348310470581055,-0.1958942309870526,-0.06676268577575684,-0.02047109603881836,-0.2677163825287625,-0.08730190992355347,-0.06080150604248047,-0.2970624313607022,-0.1077660322189331,-0.10225933790206909,-0.31728676417015045,-0.020316481590270996,0.01750391721725464,-0.20092341759345977,-0.03060084581375122,-0.001969754695892334,-0.2576339290394589,-0.06361067295074463,-0.036360204219818115,-0.275054399754028,-0.09643548727035522,-0.07600843906402588,-0.2900312886490628
0.0,0.0,0.0,0.019662857055664062,-0.062280893325805664,-0.13033119488341072,0.050405263900756836,-0.0957213044166565,-0.217512941843097,0.07781583070755005,-0.08972209692001343,-0.2841936116276429,0.12113910913467407,-0.04293501377105713,-0.3554060821591065,-0.0049073100090026855,-0.02329862117767334,-0.23301013458353736,-0.04240894317626953,-0.03589397668838501,-0.3446953659115479,-0.05878889560699463,-0.06219685077667236,-0.4274729256687806,-0.08329576253890991,-0.09498333930969238,-0.4768515591679261,-0.06483745574951172,0.01636528968811035,-0.20445071805102089,-0.11256390810012817,0.0147477388381958,-0.3266145055351899,-0.15711486339569092,-0.012454450130462646,-0.40030050922018745,-0.19950711727142334,-0.03824549913406372,-0.4488863711414979,-0.09464406967163086,0.04382193088531494,-0.17819341171366432,-0.14953798055648804,0.04612231254577637,-0.2901343469677613,-0.19274920225143433,0.009465038776397705,-0.3350464766083405,-0.23478776216506958,-0.017558813095092773,-0.35492915559393623,-0.10921347141265869,0.049512267112731934,-0.15897456455809333,-0.1482974886894226,0.055475056171417236,-0.24062817442995765,-0.18601179122924805,0.038004398345947266,-0.2657091383991883,-0.22494715452194214,0.021633386611938477,-0.2790145938454316
0.0,0.0,0.0,-0.034380972385406494,-0.024722397327423096,-0.06397361401207036,-0.08108192682266235,-0.017598867416381836,-0.1105430806029517,-0.1373547911643982,-0.009683191776275635,-0.146027051841088,-0.19166219234466553,0.0022333860397338867,-0.18156085256225651,-0.08964419364929199,0.14183539152145386,-0.11970833781845158,-0.19330275058746338,0.13429296016693115,-0.17971559706813878,-0.26403898000717163,0.1117439866065979,-0.21716604474670476,-0.31941860914230347,0.08601212501525879,-0.2407165402520377,-0.09757113456726074,0.17388856410980225,-0.11046817246563023,-0.2257741093635559,0.1522933840751648,-0.17054084781295842,-0.30216139554977417,0.10395610332489014,-0.19878818932659215,-0.35829418897628784,0.05306273698806763,-0.21505718771106785,-0.10149455070495605,0.17575359344482422,-0.10393172595388478,-0.21569156646728516,0.1522933840751648,-0.15944635215885228,-0.28170424699783325,0.1041068434715271,-0.17963595036155766,-0.3344380259513855,0.055485665798187256,-0.18920611683017796,-0.10254961252212524,0.15181732177734375,-0.10100060794241017,-0.17253434658050537,0.1309846043586731,-0.1478159362424094,-0.21818912029266357,0.09163588285446167,-0.1663267994273383,-0.25732916593551636,0.0515214204788208,-0.17576623800880498
0.0,0.0,0.0,0.04656779766082764,-0.09038329124450684,-0.07667091070103993,0.08808034658432007,-0.13981270790100098,-0.13414581446338047,0.10993677377700806,-0.15173286199569702,-0.18029976217437138,0.13066643476486206,-0.133636474609375,-0.2263306113927399,0.055691540241241455,-0.04162675142288208,-0.1573795410840546,0.019738078117370605,-0.05848097801208496,-0.2334194215981995,-0.013367891311645508,-0.07316505908966064,-0.28238641051936497,-0.04529857635498047,-0.09788131713867188,-0.3083405676333939,0.0018991827964782715,0.016331970691680908,-0.1474325540511643,-0.05720973014831543,0.0067024827003479,-0.22824506787944188,-0.11284643411636353,-0.01918107271194458,-0.2627335074393784,-0.15668374300003052,-0.0517657995223999,-0.2804179969279801,-0.038467347621917725,0.055466294288635254,-0.1388854268043076,-0.10464239120483398,0.033616065979003906,-0.22041276423621525,-0.1602136492729187,0.001113295555114746,-0.23596406309295048,-0.20208770036697388,-0.04002106189727783,-0.23358054785418858,-0.06784588098526001,0.06746995449066162,-0.13377963332820286,-0.1300736665725708,0.06043064594268799,-0.1971643003671204,-0.17641913890838623,0.03467369079589844,-0.2047963622062241,-0.20933061838150024,-9.083747863769531e-05,-0.20114134578395237
0.0,0.0,0.0,0.05664879083633423,-0.1049925684928894,-0.05509981637442252,0.11375856399536133,-0.1498037576675415,-0.08969930683815619,0.1684708595275879,-0.13528954982757568,-0.11970979844772955,0.2220224142074585,-0.09907448291778564,-0.1496023622676148,0.08849197626113892,-0.07367843389511108,-0.08512278025591513,0.028467953205108643,-0.0897376537322998,-0.15055952345574042,-0.0018524527549743652,-0.09957218170166016,-0.20362558340275427,-0.023702561855316162,-0.12376260757446289,-0.23355756079399725,0.026492416858673096,-0.009627342224121094,-0.0855445278211846,-0.046365320682525635,-0.013944923877716064,-0.15393283342564246,-0.0969434380531311,-0.03829765319824219,-0.19073826944077155,-0.13874393701553345,-0.07801979780197144,-0.2110466447993531,-0.020542800426483154,0.03977179527282715,-0.08950204526627203,-0.10090112686157227,0.01644355058670044,-0.16196576630318305,-0.1448831558227539,-0.023391366004943848,-0.17409556483471533,-0.17636632919311523,-0.0727354884147644,-0.16945403193676611,-0.05780971050262451,0.0636475682258606,-0.09711495166266104,-0.12068599462509155,0.04679590463638306,-0.14877835785591742,-0.1576404571533203,0.01130366325378418,-0.14597457026684424,-0.19029903411865234,-0.034058988094329834,-0.1349994627162232
0.0,0.0,0.0,0.03577488660812378,-0.08945143222808838,-0.07874111175436838,0.08057475090026855,-0.13326942920684814,-0.12572520315546853,0.12616455554962158,-0.13103598356246948,-0.16301012873549325,0.1769295334815979,-0.09954869747161865,-0.20248506307501657,0.04353708028793335,-0.056456685066223145,-0.1224855864037977,-0.019468605518341064,-0.07005220651626587,-0.2016586148728834,-0.04336190223693848,-0.08906888961791992,-0.2672052019824491,-0.06258940696716309,-0.12164467573165894,-0.30504544913668497,-0.016324877738952637,-0.002450108528137207,-0.11335168868203027,-0.08496087789535522,-0.0049370527267456055,-0.19530163049597604,-0.1359487771987915,-0.03341233730316162,-0.2436469131698118,-0.17700719833374023,-0.07014656066894531,-0.2720699244727598,-0.057246267795562744,0.03892248868942261,-0.10775210797686441,-0.135736882686615,0.026478230953216553,-0.1924492800225721,-0.18361669778823853,-0.009355366230010986,-0.2141434037675367,-0.21889328956604004,-0.049275994300842285,-0.2144912564744459,-0.0856320858001709,0.055576443672180176,-0.10673699617285592,-0.14329677820205688,0.05245661735534668,-0.16677730619807107,-0.18198448419570923,0.03028041124343872,-0.1689653033008085,-0.2173212766647339,-0.0008257627487182617,-0.16149153649706705
0.0,0.0,0.0,0.050968706607818604,-0.10024923086166382,-0.06103182670318574,0.10458648204803467,-0.14568519592285156,-0.09462326478802652,0.16039228439331055,-0.14292174577713013,-0.12223696422421426,0.21585243940353394,-0.11747300624847412,-0.15019319665276498,0.06926333904266357,-0.05160951614379883,-0.08404690486037225,0.02044677734375,-0.06641793251037598,-0.14802975666367502,-0.004948794841766357,-0.08892136812210083,-0.2004921854718873,-0.025190651416778564,-0.1201053261756897,-0.22976453316056222,0.007293581962585449,0.0011223554611206055,-0.07828290474259347,-0.06023591756820679,-0.01126861572265625,-0.1447174520477006,-0.10644179582595825,-0.040888428688049316,-0.18395466816269845,-0.1425190567970276,-0.07638746500015259,-0.20672391068779916,-0.03707325458526611,0.03759479522705078,-0.07640687090002984,-0.10983377695083618,0.016718268394470215,-0.14585546862923593,-0.14922964572906494,-0.02484661340713501,-0.1608476461156556,-0.1767789125442505,-0.06869971752166748,-0.1590745122417161,-0.06975603103637695,0.050026893615722656,-0.07843407702290506,-0.12749367952346802,0.040007174015045166,-0.12867131543004007,-0.1596449613571167,0.008069634437561035,-0.12799834918820352,-0.18795078992843628,-0.02928340435028076,-0.11890104126774759
0.0,0.0,0.0,0.035066068172454834,-0.10262191295623779,-0.08380535295844993,0.08403223752975464,-0.1531529426574707,-0.1350686853253933,0.1325889229774475,-0.15313607454299927,-0.1740718041980358,0.1915830373764038,-0.13112270832061768,-0.2145083700740429,0.051865339279174805,-0.05696982145309448,-0.14339648238063774,-0.007925689220428467,-0.07345271110534668,-0.2254937296235653,-0.03193187713623047,-0.09816092252731323,-0.28797809830547294,-0.0519181489944458,-0.1406129002571106,-0.3236452793204876,-0.005678772926330566,0.0005162358283996582,-0.13327498784900627,-0.07366174459457397,-0.010044991970062256,-0.21950122764945945,-0.12488681077957153,-0.04754281044006348,-0.2670363043868633,-0.1639072299003601,-0.09261178970336914,-0.29573245397449455,-0.04683774709701538,0.04070836305618286,-0.12632404318691215,-0.1219015121459961,0.016742825508117676,-0.21496908417583427,-0.17065870761871338,-0.028355896472930908,-0.23772983303905448,-0.20755386352539062,-0.07474881410598755,-0.2401656215512844,-0.07770484685897827,0.05525660514831543,-0.12380594811082801,-0.13742518424987793,0.04388147592544556,-0.19054412892700157,-0.17809456586837769,0.01315981149673462,-0.1976219718778225,-0.21290969848632812,-0.025162994861602783,-0.1941841100776287
0.0,0.0,0.0,0.05251038074493408,-0.09909689426422119,-0.06549321265674735,0.10790622234344482,-0.14763593673706055,-0.10500130207992697,0.16428107023239136,-0.14479708671569824,-0.13793315889097357,0.21994954347610474,-0.11834210157394409,-0.17083995939947272,0.08314776420593262,-0.06409305334091187,-0.0945627629921546,0.020161747932434082,-0.08580535650253296,-0.17239185573316718,-0.006162047386169434,-0.10674482583999634,-0.23569823207117224,-0.028988242149353027,-0.13870751857757568,-0.2707678616211524,0.024635016918182373,-0.00033926963806152344,-0.09114992024160529,-0.04757791757583618,-0.0018185973167419434,-0.17057689429975653,-0.09738725423812866,-0.035133421421051025,-0.21337819995142127,-0.14079421758651733,-0.07892149686813354,-0.23560127021528388,-0.01980513334274292,0.04796093702316284,-0.09285497071005011,-0.10185509920120239,0.026654303073883057,-0.17313444020010138,-0.14551466703414917,-0.016406357288360596,-0.1888569683001151,-0.17861610651016235,-0.06549829244613647,-0.18444294633127356,-0.05473029613494873,0.07021045684814453,-0.0990858987138381,-0.12312573194503784,0.05439603328704834,-0.1567270696327796,-0.15823090076446533,0.018203675746917725,-0.15813092293001318,-0.18846899271011353,-0.026038169860839844,-0.14857291580892706
0.0,0.0,0.0,0.03398221731185913,-0.046536922454833984,-0.07248375472232738,0.07277727127075195,-0.0877685546875,-0.12003573682710567,0.1035536527633667,-0.11636286973953247,-0.15494815167591014,0.15028417110443115,-0.09251457452774048,-0.19480293151542583,0.026312530040740967,0.0021352171897888184,-0.1393227344433967,-0.04412496089935303,-0.011863768100738525,-0.2050614869277183,-0.06678509712219238,-0.06834280490875244,-0.2627489781062309,-0.08283346891403198,-0.12567788362503052,-0.3017251407782737,-0.031176328659057617,0.018983066082000732,-0.12699503359004893,-0.091746985912323,-0.01767253875732422,-0.17543709930583873,-0.1150979995727539,-0.07402747869491577,-0.20947641786739268,-0.13309264183044434,-0.13122928142547607,-0.24389120098754802,-0.07461434602737427,0.024288713932037354,-0.11515809503003993,-0.1254587173461914,-0.015892207622528076,-0.16204751190349498,-0.13574647903442383,-0.0729377269744873,-0.17347858008548656,-0.14063811302185059,-0.13232839107513428,-0.1868204539696876,-0.1115419864654541,0.01378166675567627,-0.10903239157602229,-0.1537991762161255,-0.014640450477600098,-0.1486999159733955,-0.17109030485153198,-0.05965465307235718,-0.15030895826026835,-0.18646526336669922,-0.10967004299163818,-0.15475807246372142
0.0,0.0,0.0,0.03064751625061035,-0.05209869146347046,-0.07593759603366834,0.06784796714782715,-0.08958256244659424,-0.11863070435390455,0.0975639820098877,-0.11759072542190552,-0.14997813559637052,0.14025276899337769,-0.09471207857131958,-0.18415879167184812,0.01647549867630005,-0.011174440383911133,-0.11812658316955549,-0.06713646650314331,-0.009182214736938477,-0.18829513050184232,-0.09329569339752197,-0.05531996488571167,-0.24859521247014982,-0.11512386798858643,-0.10912162065505981,-0.2843633190499304,-0.0454256534576416,0.007649600505828857,-0.1048589170680998,-0.11284732818603516,-0.007542550563812256,-0.15579222596750242,-0.13618922233581543,-0.05649852752685547,-0.18828420795068723,-0.15670710802078247,-0.1162877082824707,-0.21560667909250242,-0.08977997303009033,0.02124124765396118,-0.09523962147102338,-0.15733426809310913,0.005849480628967285,-0.15057462907896024,-0.1801929473876953,-0.03882884979248047,-0.15952761925325376,-0.19074076414108276,-0.09225428104400635,-0.16266482032403928,-0.1213337779045105,0.019683003425598145,-0.09179415262804014,-0.17851245403289795,0.02483910322189331,-0.13540783978567106,-0.20788592100143433,-0.0032194852828979492,-0.1321418479786871,-0.23260116577148438,-0.04304337501525879,-0.12720907188520414
0.0,0.0,0.0,0.06276065111160278,-0.08929133415222168,-0.06690888118959037,0.1236615777015686,-0.1211709976196289,-0.10247423511958687,0.17491847276687622,-0.11486691236495972,-0.13056064409232704,0.21797293424606323,-0.09626656770706177,-0.15824247163749305,0.11362826824188232,-0.04616349935531616,-0.09023116541123954,0.0549432635307312,-0.08863216638565063,-0.15336372715449897,0.03728121519088745,-0.1208418607711792,-0.20251325530028907,0.0217437744140625,-0.1564188003540039,-0.22840366524673072,0.054763734340667725,0.009218156337738037,-0.08225837362027733,-0.03270453214645386,-0.00012290477752685547,-0.15457776946044532,-0.08002293109893799,-0.031159639358520508,-0.1960085706136283,-0.12194067239761353,-0.07393282651901245,-0.21565810603118507,0.004795372486114502,0.051568686962127686,-0.07823725801921455,-0.09404057264328003,0.03536093235015869,-0.156044356646305,-0.14055383205413818,-0.007450282573699951,-0.1762041376254615,-0.17524677515029907,-0.05845165252685547,-0.17282085877872078,-0.03512990474700928,0.06587255001068115,-0.0781487302205619,-0.10664600133895874,0.05286204814910889,-0.13549300295329658,-0.143818199634552,0.00652235746383667,-0.14031759661651222,-0.17387038469314575,-0.048297107219696045,-0.13168077928042976
0.0,0.0,0.0,0.04495441913604736,0.004150271415710449,-0.053324973153337396,0.08883166313171387,-0.016130805015563965,-0.08726602973268882,0.12030559778213501,-0.045179784297943115,-0.11114456685112373,0.1708088517189026,-0.03266012668609619,-0.14051230432318107,0.018876314163208008,0.0755348801612854,-0.11382551671789543,-0.04988658428192139,0.0871356725692749,-0.16024340869711295,-0.09007662534713745,0.045487046241760254,-0.2036572265796508,-0.11458295583724976,-0.003304004669189453,-0.23439942480848686,-0.04776805639266968,0.06751924753189087,-0.10408502997682945,-0.0812566876411438,0.032282888889312744,-0.13072040857599632,-0.08615028858184814,-0.03774595260620117,-0.15776930929945365,-0.08739405870437622,-0.10830807685852051,-0.1922695505790557,-0.0933384895324707,0.04143399000167847,-0.0930203440956916,-0.12267202138900757,0.006137728691101074,-0.11930632026718513,-0.12955641746520996,-0.04631948471069336,-0.1283385920696105,-0.13293057680130005,-0.10005998611450195,-0.14435652078913108,-0.12845855951309204,0.00397038459777832,-0.08578804315851585,-0.14989328384399414,-0.024555623531341553,-0.1060314867071952,-0.15711933374404907,-0.05463939905166626,-0.10333787830398933,-0.1614479422569275,-0.0908084511756897,-0.10937465162800208
0.0,0.0,0.0,0.05084174871444702,-0.0049097537994384766,-0.048537864188801905,0.09485077857971191,-0.0259096622467041,-0.08466049174512591,0.13637810945510864,-0.048858642578125,-0.11341633538449969,0.19718801975250244,-0.04123187065124512,-0.1495040644213077,0.039911866188049316,0.07682275772094727,-0.10088708887542452,0.0010949373245239258,0.08533585071563721,-0.14272272477592196,-0.019625544548034668,0.04920881986618042,-0.18050956616843905,-0.03236210346221924,0.013207674026489258,-0.2085005779072162,-0.03203302621841431,0.07519179582595825,-0.1002063069745418,-0.04583173990249634,0.020182251930236816,-0.1288189877077457,-0.03446465730667114,-0.04858517646789551,-0.1592176247640964,-0.02042829990386963,-0.10794943571090698,-0.19446740935291018,-0.09159284830093384,0.05040872097015381,-0.09970678279842105,-0.11433357000350952,-0.005861818790435791,-0.13423406968558993,-0.11227840185165405,-0.059842705726623535,-0.15719906876529421,-0.099761962890625,-0.10726207494735718,-0.18124221156085696,-0.14116978645324707,0.01901155710220337,-0.10137467722142901,-0.17996746301651,-0.02347046136856079,-0.12899547706092562,-0.1983494758605957,-0.05610322952270508,-0.13630828152145114,-0.20358026027679443,-0.08815431594848633,-0.14948531876052584
0.0,0.0,0.0,0.06344974040985107,0.009923100471496582,-0.05498423325201429,0.10982584953308105,0.0018342137336730957,-0.0901063037135259,0.13605087995529175,-0.022970616817474365,-0.11797628077050604,0.169592022895813,0.0038344860076904297,-0.15253468128224767,0.04894202947616577,0.08305072784423828,-0.09834203394433416,0.029704570770263672,0.04905635118484497,-0.13512571426412023,0.02529972791671753,0.002427220344543457,-0.16564514013310827,0.031178295612335205,-0.03797590732574463,-0.18944208594342626,-0.017785310745239258,0.07214206457138062,-0.09222264858266271,-0.038950979709625244,0.023197650909423828,-0.1267334547855512,-0.03934067487716675,-0.03060227632522583,-0.15925398739358343,-0.036049604415893555,-0.07101649045944214,-0.1910626021244184,-0.07381236553192139,0.05396348237991333,-0.08606596561452307,-0.11834317445755005,0.023514091968536377,-0.12421120973607458,-0.1458083987236023,-0.010869383811950684,-0.15059004994412817,-0.15956413745880127,-0.035072922706604004,-0.17233501645108618,-0.12082582712173462,0.03286707401275635,-0.08279320122977651,-0.16266238689422607,0.013566970825195312,-0.10703520002147116,-0.18808484077453613,-0.006094753742218018,-0.11657204749366201,-0.20069384574890137,-0.023044168949127197,-0.12972933324357427
0.0,0.0,0.0,0.0555112361907959,0.005049586296081543,-0.05573008406000213,0.11484873294830322,-0.013639271259307861,-0.08435762870149688,0.13499587774276733,-0.02738022804260254,-0.10700802701549605,0.11081206798553467,-0.007768571376800537,-0.1349973698242195,0.04820472002029419,0.017943620681762695,-0.0827471559031494,0.03418236970901489,-0.00412517786026001,-0.11998892772035674,0.044521212577819824,-0.03551119565963745,-0.1513678749187477,0.05719649791717529,-0.053967833518981934,-0.17525895136432723,-0.014997363090515137,-0.0005617141723632812,-0.07597363936739043,-0.034532129764556885,-0.038615643978118896,-0.10941336500482635,-0.02254539728164673,-0.07489967346191406,-0.13230247992115096,-0.009050965309143066,-0.09218847751617432,-0.15519739883976058,-0.07004070281982422,-0.017034947872161865,-0.07275682139234618,-0.0891033411026001,-0.056067585945129395,-0.10929114568071441,-0.08014601469039917,-0.08337414264678955,-0.12258531349735335,-0.06295609474182129,-0.09542787075042725,-0.13393399315910415,-0.12154614925384521,-0.03420442342758179,-0.07412850308256225,-0.1402568221092224,-0.07103383541107178,-0.1019233335836418,-0.1361812949180603,-0.09008586406707764,-0.10824795263843612,-0.12063628435134888,-0.09818267822265625,-0.11678017872409896
0.0,0.0,0.0,0.06105518341064453,0.009112119674682617,-0.047353962586072385,0.11569035053253174,0.0033698081970214844,-0.0730547999598059,0.12976223230361938,-0.008712410926818848,-0.09513472966924041,0.09287095069885254,-0.011536180973052979,-0.11955110184922546,0.06677031517028809,-0.025043725967407227,-0.05968718431964248,0.06754446029663086,-0.028113484382629395,-0.09832114182486862,0.07435381412506104,-0.035126686096191406,-0.13007173143401474,0.08536946773529053,-0.03087097406387329,-0.15166577898040146,0.009935736656188965,-0.05301600694656372,-0.05471652947440475,0.0009804964065551758,-0.06616967916488647,-0.0894914289571318,0.01365727186203003,-0.07950103282928467,-0.11317921631112426,0.031235933303833008,-0.07646757364273071,-0.1332758983232054,-0.041437625885009766,-0.06986534595489502,-0.05468584425821632,-0.05062150955200195,-0.08833426237106323,-0.09297518633380264,-0.034893155097961426,-0.0965389609336853,-0.11109310589804977,-0.010038554668426514,-0.0891103744506836,-0.12323861770406097,-0.08701890707015991,-0.0773974061012268,-0.058481784687188565,-0.10173356533050537,-0.09437686204910278,-0.08764910154118866,-0.09554100036621094,-0.10118234157562256,-0.0987067689754042,-0.07843530178070068,-0.0984964370727539,-0.10843491755500168
0.0,0.0,0.0,0.06980806589126587,-0.008262217044830322,-0.041007525838324455,0.1324617862701416,-0.037413597106933594,-0.06060476190538111,0.1437435746192932,-0.05002701282501221,-0.07600057832092943,0.08958107233047485,-0.02962416410446167,-0.09621471873612109,0.06911009550094604,-0.02241438627243042,-0.061014797157952216,0.07072633504867554,-0.021609187126159668,-0.09436853191942873,0.0767216682434082,-0.037508487701416016,-0.12287989965767565,0.08628886938095093,-0.040950655937194824,-0.14309678188652697,0.0014778971672058105,-0.050072550773620605,-0.058137669778773216,-0.011251270771026611,-0.06018298864364624,-0.08703926167578402,0.00365293025970459,-0.09116607904434204,-0.11004248223395052,0.022271811962127686,-0.10231298208236694,-0.13172870091290179,-0.05929088592529297,-0.06424325704574585,-0.05842176041693392,-0.07732272148132324,-0.0800442099571228,-0.09148219934792223,-0.0614931583404541,-0.1007763147354126,-0.11424438617319765,-0.03559499979019165,-0.10795670747756958,-0.13137979022354784,-0.11274152994155884,-0.06872367858886719,-0.06144809684843722,-0.13897699117660522,-0.08044803142547607,-0.08755045346111956,-0.13739532232284546,-0.09034621715545654,-0.10076169631571474,-0.12142378091812134,-0.09145241975784302,-0.11361337415070238
0.0,0.0,0.0,0.060375869274139404,-0.023167431354522705,-0.04015186515117364,0.11383438110351562,-0.062347352504730225,-0.06567079659963326,0.11549633741378784,-0.08352750539779663,-0.08737941917443948,0.06350314617156982,-0.06673067808151245,-0.11390052076841073,0.06608009338378906,-0.07859045267105103,-0.07255506601596551,0.04133397340774536,-0.08761686086654663,-0.10661521640086846,0.028470873832702637,-0.09335500001907349,-0.13392190721297936,0.028923392295837402,-0.10191410779953003,-0.1556474277045794,0.004087388515472412,-0.08489066362380981,-0.07367462005878167,-0.032370805740356445,-0.10634875297546387,-0.10609428670669274,-0.04082083702087402,-0.1262192726135254,-0.1306702205207415,-0.038492798805236816,-0.13905149698257446,-0.15428051438594537,-0.051447153091430664,-0.07901442050933838,-0.07687312450671868,-0.1001858115196228,-0.10322248935699463,-0.11514585551286416,-0.1182129979133606,-0.11169278621673584,-0.13841062870288567,-0.1200137734413147,-0.1123281717300415,-0.1562633672025271,-0.09937828779220581,-0.06799924373626709,-0.08234628376031594,-0.14284205436706543,-0.08091318607330322,-0.11150072601104455,-0.1605786681175232,-0.08213210105895996,-0.12549090471530633,-0.16060692071914673,-0.08273458480834961,-0.13933244433665948
0.0,0.0,0.0,0.010328173637390137,-0.04105287790298462,-0.062016125610881545,0.02746760845184326,-0.06075394153594971,-0.11166167243462155,0.047247111797332764,-0.060773253440856934,-0.15360038711767743,0.0816643238067627,-0.07303225994110107,-0.19308131172400067,0.13958919048309326,0.05998361110687256,-0.1038558332536752,0.11408275365829468,0.07567918300628662,-0.17595349981527875,0.07911455631256104,0.04615432024002075,-0.22430633737783978,0.04558831453323364,0.0033611059188842773,-0.24770123495798657,0.11891394853591919,0.11204290390014648,-0.09802012129765103,0.04020357131958008,0.11805069446563721,-0.1685932798598344,-0.017373979091644287,0.06027895212173462,-0.19433667494993756,-0.06098836660385132,-0.0013493895530700684,-0.20017594828348706,0.07981419563293457,0.1366322636604309,-0.09705883993845532,-0.010510504245758057,0.1262373924255371,-0.1634699775193269,-0.06595677137374878,0.05677223205566406,-0.16338046624403546,-0.10262322425842285,-0.006377160549163818,-0.14813881351690839,0.03589898347854614,0.14026540517807007,-0.10063251837235043,-0.04272568225860596,0.1280156373977661,-0.14922379686575482,-0.08514559268951416,0.07822513580322266,-0.14689012601118634,-0.11014395952224731,0.032808542251586914,-0.13226123883467267
0.0,0.0,0.0,0.032707154750823975,-0.06322586536407471,-0.052140023094978005,0.0543021559715271,-0.09781110286712646,-0.09280672995504347,0.04567158222198486,-0.1066288948059082,-0.12903532711919752,0.03105872869491577,-0.12394869327545166,-0.1640494349425694,0.09212303161621094,-0.025948703289031982,-0.09617730556186643,0.11092233657836914,-0.017781496047973633,-0.15820473758634535,0.09973102807998657,-0.0280267596244812,-0.19631998567041364,0.06552398204803467,-0.050824880599975586,-0.21389477281030622,0.06078445911407471,0.03525209426879883,-0.09585820464548078,-0.01849544048309326,0.0346219539642334,-0.17469761101659742,-0.09006410837173462,0.008455097675323486,-0.2011450263684651,-0.1459065079689026,-0.021654069423675537,-0.2037409278577229,0.017577826976776123,0.07218235731124878,-0.09868283150848356,-0.07658207416534424,0.04875528812408447,-0.17474340228494611,-0.13833385705947876,0.006028950214385986,-0.17912784544881788,-0.17880672216415405,-0.037080585956573486,-0.16355915693696943,-0.024571776390075684,0.09271365404129028,-0.10472388146575895,-0.09932929277420044,0.06382191181182861,-0.16181299416479078,-0.1434653401374817,0.01864635944366455,-0.1610875609343907,-0.16817110776901245,-0.024873554706573486,-0.14642137615140882
0.0,0.0,0.0,0.04286396503448486,-0.032768845558166504,-0.054146449256734286,0.08189094066619873,-0.055802226066589355,-0.0871153168268961,0.08841776847839355,-0.07407337427139282,-0.11342855467279378,0.08257061243057251,-0.09178733825683594,-0.13739731087167684,0.09737968444824219,-0.025514662265777588,-0.09554169251401845,0.10592329502105713,-0.034181952476501465,-0.15194164885957662,0.10072970390319824,-0.04577028751373291,-0.18473940267045919,0.07315969467163086,-0.06624406576156616,-0.20007335319002095,0.06470483541488647,0.012589693069458008,-0.09051651431997243,0.011539995670318604,0.006922662258148193,-0.15955867542703572,-0.03388845920562744,-0.018329322338104248,-0.18420950247724477,-0.07584023475646973,-0.0493047833442688,-0.19006850494821492,0.02255988121032715,0.03803128004074097,-0.08847895934064809,-0.07061010599136353,0.02898198366165161,-0.15602291299779836,-0.12444007396697998,-0.0059490203857421875,-0.16176067962129537,-0.1603129506111145,-0.047032713890075684,-0.1509917445369524,-0.01965928077697754,0.05444532632827759,-0.09011980815608922,-0.09811115264892578,0.04226481914520264,-0.14409881009538594,-0.1383911371231079,0.006829559803009033,-0.14876683725793782,-0.16154223680496216,-0.03443557024002075,-0.14062786771734181
0.0,0.0,0.0,0.04683750867843628,0.0060288310050964355,-0.05086211589977552,0.09419220685958862,0.0035511255264282227,-0.0781313153903227,0.10858649015426636,-0.006942570209503174,-0.0975421938101988,0.10695105791091919,-0.023547470569610596,-0.1130729663173895,0.1016952395439148,-0.006405770778656006,-0.0969548272888403,0.12611639499664307,-0.022617101669311523,-0.14842738686010648,0.11303144693374634,-0.03146183490753174,-0.17453141985342313,0.07540708780288696,-0.047132253646850586,-0.18436582861349393,0.06823861598968506,-0.0019054412841796875,-0.09030497548982908,0.0510563850402832,-0.025730788707733154,-0.14451824603483487,0.023279011249542236,-0.04008728265762329,-0.16125238416597654,-0.009613335132598877,-0.05775493383407593,-0.16637947140142728,0.0245932936668396,0.001630246639251709,-0.08636653898165036,-0.05307883024215698,0.007763981819152832,-0.14188717780515958,-0.09505921602249146,-0.0067882537841796875,-0.14738335190222074,-0.12474268674850464,-0.03132820129394531,-0.14094682512686063,-0.019427061080932617,0.007451951503753662,-0.08586764065429975,-0.08399432897567749,0.018536686897277832,-0.13087083874151517,-0.11570942401885986,0.002894163131713867,-0.13574423370764066,-0.13712632656097412,-0.02755892276763916,-0.13130029020712186
0.0,0.0,0.0,0.04062235355377197,-0.07175964117050171,-0.056358584004328804,0.08374655246734619,-0.10208117961883545,-0.09432311056821163,0.10506516695022583,-0.10403990745544434,-0.1270978495356303,0.11340498924255371,-0.11675739288330078,-0.15725225656001385,0.11211353540420532,-0.028408169746398926,-0.09476045964925106,0.1439685821533203,-0.03073906898498535,-0.15770678667990978,0.1336783766746521,-0.043426454067230225,-0.1936298206326228,0.09694373607635498,-0.06469523906707764,-0.2087958499666911,0.08195692300796509,0.026096701622009277,-0.09175865052907284,0.03605663776397705,0.011014163494110107,-0.16976425497500713,-0.012540161609649658,-0.017641544342041016,-0.19586599318949993,-0.06074094772338867,-0.04754602909088135,-0.19869338421790417,0.042349815368652344,0.060862064361572266,-0.09304989575116451,-0.041792094707489014,0.03358036279678345,-0.1698152169462901,-0.10471838712692261,-0.007575511932373047,-0.17402439265219982,-0.15066170692443848,-0.04716998338699341,-0.15786292104689892,0.001986682415008545,0.08147239685058594,-0.09826468377082165,-0.07064932584762573,0.0506170392036438,-0.15671040563552197,-0.11984986066818237,0.004858434200286865,-0.1577748253819209,-0.1505182981491089,-0.036914825439453125,-0.1438450112816554
0.0,0.0,0.0,0.05950134992599487,-0.0291287899017334,-0.04403296085305897,0.1189647912979126,-0.04465842247009277,-0.07018433483548847,0.12773096561431885,-0.06042301654815674,-0.09354811134048191,0.1064041256904602,-0.07706469297409058,-0.11391428085275379,0.12253302335739136,-0.015394449234008789,-0.07582256170221058,0.1505834460258484,-0.03241372108459473,-0.13110139193244663,0.13985472917556763,-0.04414224624633789,-0.16287521245189396,0.09493684768676758,-0.062383055686950684,-0.17588403048225132,0.0850936770439148,0.013882458209991455,-0.07718775393672672,0.05818772315979004,-0.002125978469848633,-0.1449811381311008,0.031841397285461426,-0.027636051177978516,-0.17342082383342472,-0.008466243743896484,-0.05817896127700806,-0.18136789622016636,0.0366368293762207,0.028133392333984375,-0.08242161544271198,-0.038334667682647705,0.013567328453063965,-0.14861502470679966,-0.08179306983947754,-0.021224021911621094,-0.1619675529212543,-0.11417251825332642,-0.06087976694107056,-0.15639609815784183,-0.010406017303466797,0.03746068477630615,-0.09066367866702763,-0.07653969526290894,0.02361506223678589,-0.14282389702506748,-0.10812979936599731,-0.013136863708496094,-0.1532010209769794,-0.13027626276016235,-0.05516815185546875,-0.15006432654567448
0.0,0.0,0.0,0.05682659149169922,-0.053902387619018555,-0.04153336948829178,0.09109795093536377,-0.09023958444595337,-0.07236694163756852,0.08711987733840942,-0.11262542009353638,-0.10150190062003617,0.05651450157165527,-0.12754303216934204,-0.1296617648668814,0.08345615863800049,-0.03372836112976074,-0.0734021551080275,0.09378361701965332,-0.04873180389404297,-0.12578084684091095,0.08825045824050903,-0.05597108602523804,-0.1587046048708487,0.05660516023635864,-0.07035988569259644,-0.17501109457688813,0.041443586349487305,0.015937507152557373,-0.0764807871647406,-0.01952284574508667,0.0052661895751953125,-0.14822269595342163,-0.07316982746124268,-0.024360299110412598,-0.1768991462059546,-0.1207990050315857,-0.058469414710998535,-0.18362979210095887,-0.0047699809074401855,0.04411059617996216,-0.08204253382163529,-0.08921313285827637,0.020553767681121826,-0.15001451588349823,-0.14264631271362305,-0.0224187970161438,-0.15753553426938538,-0.17899668216705322,-0.06869983673095703,-0.1468320450850058,-0.0463828444480896,0.05658537149429321,-0.09045581883864884,-0.12072980403900146,0.02853935956954956,-0.14162358260827546,-0.15472853183746338,-0.0166892409324646,-0.1456973067589331,-0.17393964529037476,-0.06411969661712646,-0.13757040715890412
0.0,0.0,0.0,0.04198712110519409,-0.040898263454437256,-0.04757671349290149,0.0766872763633728,-0.0621984601020813,-0.08479662158134715,0.06908613443374634,-0.06519532203674316,-0.11872433789613979,0.04723775386810303,-0.08349943161010742,-0.15127692290189998,0.10857886075973511,-0.014529585838317871,-0.08588096418026225,0.13684391975402832,-0.02473890781402588,-0.14126530953291194,0.12202900648117065,-0.03967893123626709,-0.17582235403898494,0.0796736478805542,-0.06371110677719116,-0.19111423858049648,0.07522845268249512,0.022262513637542725,-0.08532635041120784,0.005608677864074707,0.01459413766860962,-0.15701060660722987,-0.05966287851333618,-0.01452934741973877,-0.18154639669302242,-0.11503148078918457,-0.050644636154174805,-0.18380177684667842,0.029873311519622803,0.04547768831253052,-0.08792813785913722,-0.06240212917327881,0.030720293521881104,-0.15469180711153285,-0.11754369735717773,-0.007708847522735596,-0.16117940016630428,-0.15695726871490479,-0.050875723361968994,-0.14930688508394496,-0.015823841094970703,0.06075644493103027,-0.0938035390580012,-0.08831334114074707,0.04786807298660278,-0.14134109683874385,-0.1296798586845398,0.005154848098754883,-0.14114750095251338,-0.15534734725952148,-0.04014807939529419,-0.12927698262575404
0.0,0.0,0.0,0.042857348918914795,-0.06203961372375488,-0.050748593049661395,0.07777708768844604,-0.09551596641540527,-0.08840489654483008,0.08756232261657715,-0.10465294122695923,-0.12172432510794806,0.08618348836898804,-0.12136083841323853,-0.15308895229043173,0.0985066294670105,-0.026045262813568115,-0.09508174179734397,0.12259501218795776,-0.026798248291015625,-0.15614933787526297,0.11051386594772339,-0.03953540325164795,-0.19133647798241782,0.07185786962509155,-0.06370794773101807,-0.20684903382004904,0.0664283037185669,0.025911808013916016,-0.09509519009532141,-0.002353847026824951,0.023652970790863037,-0.17535410343350577,-0.07186990976333618,0.00010186433792114258,-0.2003144723051946,-0.13157427310943604,-0.028430819511413574,-0.201591859447376,0.02345794439315796,0.05898547172546387,-0.09839551417769599,-0.06658816337585449,0.03672528266906738,-0.1740880113715093,-0.12861227989196777,-0.004974544048309326,-0.17776713787259268,-0.1726398468017578,-0.047709763050079346,-0.1624203872555654,-0.01835310459136963,0.07692039012908936,-0.10507441579045462,-0.09375929832458496,0.04806792736053467,-0.1619284850233953,-0.13755124807357788,0.0003883838653564453,-0.16261930285634207,-0.16292452812194824,-0.044902265071868896,-0.1496165644997518
0.0,0.0,0.0,0.05578482151031494,-0.04754918813705444,-0.04657043983920062,0.10913318395614624,-0.07578569650650024,-0.07561079879982913,0.12339645624160767,-0.0889776349067688,-0.10151644518359149,0.11754930019378662,-0.10007524490356445,-0.12428018918021166,0.1320226788520813,-0.013571202754974365,-0.06710675826056445,0.15640288591384888,-0.018352866172790527,-0.12069252600653613,0.1456611156463623,-0.02664172649383545,-0.154318389499025,0.1050446629524231,-0.044823408126831055,-0.169028324091272,0.09593796730041504,0.033966064453125,-0.06627744158490145,0.044632136821746826,0.042408287525177,-0.13623733540757144,-0.00514984130859375,0.018482863903045654,-0.16392756720765078,-0.05631661415100098,-0.015652894973754883,-0.16774396320565188,0.04747062921524048,0.06047779321670532,-0.06968091895564044,-0.0385359525680542,0.046908557415008545,-0.13502500673516238,-0.08782321214675903,0.006535768508911133,-0.14230520745499575,-0.12453162670135498,-0.03849846124649048,-0.13006230911000216,0.00016194581985473633,0.07510972023010254,-0.07653502097113574,-0.0706663727760315,0.052663981914520264,-0.12541785558445895,-0.1032114028930664,0.010135889053344727,-0.12837372442467654,-0.12245833873748779,-0.03465324640274048,-0.11740835478289569
0.0,0.0,0.0,0.05156773328781128,-0.057985901832580566,-0.0457321700505986,0.09098672866821289,-0.08994734287261963,-0.07731174275801322,0.09628540277481079,-0.10818415880203247,-0.10595493361876152,0.07725566625595093,-0.12393540143966675,-0.13230438128636024,0.10780560970306396,-0.029012560844421387,-0.07662929192707679,0.12750989198684692,-0.03515267372131348,-0.13357178465054176,0.11774688959121704,-0.04319727420806885,-0.1683251370541825,0.08128082752227783,-0.06144505739212036,-0.18443108693287513,0.07458102703094482,0.025083720684051514,-0.07809301063940666,0.03261089324951172,0.02773958444595337,-0.1503708620421662,-0.010354757308959961,0.003373444080352783,-0.17890160874054573,-0.057392001152038574,-0.03117084503173828,-0.185224841987349,0.03025221824645996,0.05692422389984131,-0.08315129921362541,-0.05491071939468384,0.0423511266708374,-0.15214328066036842,-0.11127126216888428,0.00031048059463500977,-0.15828419819996498,-0.1508467197418213,-0.04636192321777344,-0.1460574676148667,-0.014087796211242676,0.07501578330993652,-0.09153846249506614,-0.08827722072601318,0.04749882221221924,-0.14505080476925514,-0.12762093544006348,0.0016817450523376465,-0.14881719247028968,-0.15105777978897095,-0.046701908111572266,-0.13933434680626533
0.0,0.0,0.0,0.052381038665771484,0.01628822088241577,-0.03541622920509724,0.09682959318161011,0.020741403102874756,-0.05609088628169445,0.10100287199020386,0.009210586547851562,-0.07468053190585522,0.08806562423706055,-0.013082563877105713,-0.09127117930528073,0.14075219631195068,0.006328761577606201,-0.06345937638160137,0.16843152046203613,-0.014485836029052734,-0.11189731447574047,0.157762348651886,-0.027614891529083252,-0.14019342003938107,0.11873644590377808,-0.04280322790145874,-0.15062320469495205,0.1121445894241333,0.002158522605895996,-0.06594135104295162,0.11675864458084106,-0.018573522567749023,-0.11793315647717861,0.10308301448822021,-0.04025477170944214,-0.14012664793607144,0.06984025239944458,-0.06261003017425537,-0.14651711522218136,0.06717437505722046,-0.0034905076026916504,-0.0721788653599873,-0.0005531907081604004,-0.0013614892959594727,-0.12951667843934445,-0.038410186767578125,-0.02761554718017578,-0.14851017533418087,-0.07057279348373413,-0.05853754281997681,-0.14879454909440426,0.015830278396606445,-0.004495143890380859,-0.08046478270169644,-0.04733407497406006,0.0009791254997253418,-0.12712691961404232,-0.07035177946090698,-0.02365744113922119,-0.14220851896878628,-0.08826279640197754,-0.05792921781539917,-0.1447123312818661
0.0,0.0,0.0,0.052318036556243896,-0.00972682237625122,-0.04513810199384238,0.09149050712585449,-0.021121442317962646,-0.07456119727973487,0.09810805320739746,-0.03326737880706787,-0.1016965917933419,0.08845436573028564,-0.054664790630340576,-0.12635051083449866,0.12196910381317139,-0.005614817142486572,-0.06807148826007392,0.14544302225112915,-0.011431694030761719,-0.12352677804116752,0.12730413675308228,-0.024428129196166992,-0.15977871787433173,0.08712458610534668,-0.04210466146469116,-0.1761158890712693,0.08023154735565186,0.01225346326828003,-0.06859050315503623,0.040148377418518066,0.019402503967285156,-0.13506017994765784,-0.0069435834884643555,-0.006348311901092529,-0.1624820269334748,-0.05064082145690918,-0.03766852617263794,-0.16883214187507178,0.02866417169570923,0.023646831512451172,-0.073399271785064,-0.05151492357254028,0.031262218952178955,-0.1376569606054261,-0.09742647409439087,4.0650367736816406e-05,-0.14872910451774146,-0.13051849603652954,-0.039861857891082764,-0.14117293429259803,-0.021358907222747803,0.02989298105239868,-0.08156904947642829,-0.08754187822341919,0.03290367126464844,-0.1282665021408036,-0.11779671907424927,0.002824068069458008,-0.1318547315586045,-0.13489681482315063,-0.0363616943359375,-0.12388899546746757
0.0,0.0,0.0,0.057192087173461914,-0.03583657741546631,-0.03751915047672583,0.11612606048583984,-0.049791574478149414,-0.06074661115911795,0.13215529918670654,-0.05591773986816406,-0.08293073351291014,0.1283479928970337,-0.07563239336013794,-0.10205020482447935,0.1406840682029724,-0.004886269569396973,-0.058311195175917874,0.17074930667877197,-0.011985599994659424,-0.10954639042523695,0.1541408896446228,-0.02027207612991333,-0.1402455093970616,0.10523492097854614,-0.0364680290222168,-0.15195969964173628,0.10481703281402588,0.03011345863342285,-0.061335728566916714,0.04940146207809448,0.02551746368408203,-0.13187974418309523,-0.008481442928314209,0.00040137767791748047,-0.1581089469304402,-0.06532138586044312,-0.030966520309448242,-0.15978264535573317,0.05477249622344971,0.04780095815658569,-0.06835549796727491,-0.027742862701416016,0.035273611545562744,-0.13684099639561964,-0.07767850160598755,-0.0003885030746459961,-0.14754758502152754,-0.1183786392211914,-0.04133862257003784,-0.13661981846001936,0.004719078540802002,0.05840212106704712,-0.0776711451521237,-0.060951292514801025,0.04481339454650879,-0.12839948857930494,-0.09117305278778076,0.002846658229827881,-0.13394154335168196,-0.11233639717102051,-0.04246038198471069,-0.12487439538148237
0.0,0.0,0.0,0.06544065475463867,-0.014603674411773682,-0.034352347651349646,0.12325096130371094,-0.031818270683288574,-0.053408470401393515,0.1345946192741394,-0.06252419948577881,-0.07140938977323685,0.11681216955184937,-0.09059309959411621,-0.08631367276035462,0.15266495943069458,-0.012492954730987549,-0.05211193899236832,0.18546634912490845,-0.03229963779449463,-0.10061744640194092,0.17386412620544434,-0.04337489604949951,-0.12817932705007706,0.12918823957443237,-0.056456923484802246,-0.13812223116480027,0.11958789825439453,0.010181784629821777,-0.05475118423424874,0.10954904556274414,-0.014053821563720703,-0.11126987675748978,0.08564490079879761,-0.039519309997558594,-0.13480600754343186,0.046453893184661865,-0.06580311059951782,-0.13999402562700425,0.07121139764785767,0.02039158344268799,-0.061784334877359015,0.0008217692375183105,0.002031862735748291,-0.12124917695842896,-0.0413399338722229,-0.033176422119140625,-0.13556174973570023,-0.07392227649688721,-0.07010382413864136,-0.13102325836740647,0.020056962966918945,0.026725411415100098,-0.07102303991638337,-0.0428999662399292,0.005254626274108887,-0.1194492880495659,-0.0645742416381836,-0.03466767072677612,-0.13242639640890275,-0.07786792516708374,-0.07857608795166016,-0.13159896473013077
0.0,0.0,0.0,0.0739678144454956,-0.006194174289703369,-0.03874010733811417,0.1346634030342102,-0.020225822925567627,-0.06101610280124703,0.14245903491973877,-0.057332754135131836,-0.08051615349499741,0.11690419912338257,-0.09341567754745483,-0.09816664598433533,0.15662342309951782,-0.002839803695678711,-0.05901698536722222,0.18379145860671997,-0.04258006811141968,-0.10613093666283646,0.17969560623168945,-0.05692034959793091,-0.13693304501025239,0.14124071598052979,-0.06793344020843506,-0.1508952989384369,0.11456751823425293,0.0023031234741210938,-0.06025459385959664,0.12039202451705933,-0.03149479627609253,-0.11424546084849396,0.11396926641464233,-0.05939251184463501,-0.14374323330370942,0.08413869142532349,-0.08960294723510742,-0.1560915424629883,0.06067037582397461,-0.0008175969123840332,-0.0652743368550972,0.018998265266418457,-0.030675768852233887,-0.12006054214684525,0.0032581090927124023,-0.07328373193740845,-0.14271931491343537,-0.012318313121795654,-0.11699318885803223,-0.14744207404105225,0.006386458873748779,-0.005848586559295654,-0.07260671399085084,-0.039404094219207764,-0.02072930335998535,-0.11914430699793854,-0.046908020973205566,-0.05646699666976929,-0.13819641015975037,-0.051367342472076416,-0.10013693571090698,-0.1444488181873993
0.0,0.0,0.0,0.05965989828109741,-0.05387324094772339,-0.041887754115123244,0.1056944727897644,-0.0768921971321106,-0.07072448870803782,0.11800539493560791,-0.07953691482543945,-0.0977531909074969,0.10705488920211792,-0.09000670909881592,-0.12280323496725032,0.10903763771057129,-0.022139430046081543,-0.07004705956842372,0.12881994247436523,-0.03633338212966919,-0.12620014092590282,0.11909449100494385,-0.047659218311309814,-0.16162325582172343,0.08186864852905273,-0.06891149282455444,-0.17729698261882731,0.07193636894226074,0.02084416151046753,-0.0724885030713267,0.010301291942596436,0.011500358581542969,-0.1455187513556666,-0.042187511920928955,-0.01741236448287964,-0.17343257507945964,-0.09166097640991211,-0.05346554517745972,-0.17843860528137157,0.02619802951812744,0.04690426588058472,-0.07857948681976268,-0.0626152753829956,0.027128279209136963,-0.14808812877799937,-0.11421948671340942,-0.013408005237579346,-0.1562137170758433,-0.1523118019104004,-0.05939173698425293,-0.14465148887302348,-0.016873061656951904,0.05972719192504883,-0.08782485267784068,-0.08861309289932251,0.03653395175933838,-0.13795313379432628,-0.12401485443115234,-0.00965029001235962,-0.1407851590838618,-0.14707696437835693,-0.058086514472961426,-0.13082127413417766
0.0,0.0,0.0,0.06978416442871094,-0.021878838539123535,-0.03771994163821546,0.1338605284690857,-0.036484360694885254,-0.06005474453399984,0.1519526243209839,-0.05258381366729736,-0.08111236890385953,0.14178359508514404,-0.07133829593658447,-0.09897703578303663,0.15350598096847534,-0.004771888256072998,-0.057902800790770925,0.1784433126449585,-0.027949810028076172,-0.10755389084647504,0.16707420349121094,-0.03472501039505005,-0.1376522844059309,0.11934477090835571,-0.046962738037109375,-0.14925835182498304,0.11472779512405396,0.0178835391998291,-0.05978971620629636,0.0714501142501831,0.008200228214263916,-0.1276619200928053,0.02736574411392212,-0.011963427066802979,-0.15765533497165052,-0.027540922164916992,-0.0390896201133728,-0.16353619744609205,0.06276392936706543,0.02628856897354126,-0.06529429455827085,-0.01234668493270874,0.01288449764251709,-0.13068336894343702,-0.05708795785903931,-0.02284008264541626,-0.14707124879191724,-0.09491074085235596,-0.06436532735824585,-0.14134269108603803,0.011994361877441406,0.027123630046844482,-0.07299942424128858,-0.047953903675079346,0.017696857452392578,-0.12292992969582883,-0.07244139909744263,-0.021798670291900635,-0.13511582364867536,-0.09125804901123047,-0.06810671091079712,-0.1319370334369978
0.0,0.0,0.0,0.06588441133499146,-0.05316364765167236,-0.037718040132403985,0.11142206192016602,-0.0768166184425354,-0.06589241438496174,0.1217084527015686,-0.08601140975952148,-0.09344071262466969,0.10850107669830322,-0.10356038808822632,-0.11984404289114536,0.1299000382423401,-0.008412063121795654,-0.0600774634717709,0.14654988050460815,-0.016555070877075195,-0.11356973760712208,0.13903701305389404,-0.023727893829345703,-0.14743106924879612,0.10477691888809204,-0.04045844078063965,-0.16288840138304295,0.093558669090271,0.04788142442703247,-0.06414783113586964,0.016419291496276855,0.030237853527069092,-0.13663550578939976,-0.05108684301376343,-0.0034180283546447754,-0.16374174618113102,-0.10666930675506592,-0.03856968879699707,-0.1667123969732529,0.045741498470306396,0.07976639270782471,-0.07183490061152042,-0.04605346918106079,0.04683405160903931,-0.14503537976133885,-0.1065707802772522,-0.00028008222579956055,-0.15298392736303867,-0.14787542819976807,-0.0489964485168457,-0.13931984567034306,0.0011358857154846191,0.09104740619659424,-0.08179009073364796,-0.07463306188583374,0.05284881591796875,-0.13807452582705082,-0.11221212148666382,-0.00025343894958496094,-0.14182088636744083,-0.13266605138778687,-0.05227947235107422,-0.13038797044146122
0.0,0.0,0.0,0.050218045711517334,-0.047498106956481934,-0.04285917374679116,0.08775526285171509,-0.0712895393371582,-0.07296111750790146,0.09333360195159912,-0.08296847343444824,-0.10052633601614502,0.0865476131439209,-0.10340267419815063,-0.1265522869248059,0.09857583045959473,-0.02119612693786621,-0.07500944602676896,0.11417871713638306,-0.03228306770324707,-0.130809533776727,0.10674887895584106,-0.04523277282714844,-0.1666838707346585,0.07009589672088623,-0.06702125072479248,-0.1828742207903531,0.059996724128723145,0.019254982471466064,-0.0768772171754506,0.007841646671295166,0.01049041748046875,-0.148219081940141,-0.04181724786758423,-0.014680624008178711,-0.17638060766645935,-0.09212404489517212,-0.04593175649642944,-0.1821841629166272,0.014363288879394531,0.04343271255493164,-0.08195894527622727,-0.0701717734336853,0.020023465156555176,-0.15116748529860047,-0.12205350399017334,-0.020798921585083008,-0.16066453176924256,-0.16193431615829468,-0.06403672695159912,-0.15061730462500122,-0.02998429536819458,0.055761635303497314,-0.08984633851238755,-0.10022610425949097,0.032617270946502686,-0.14068152326532868,-0.136641263961792,-0.009649932384490967,-0.1439921440500882,-0.16150003671646118,-0.05279827117919922,-0.13476853388735321
0.0,0.0,0.0,0.05979686975479126,-0.00046181678771972656,-0.035410861563747176,0.1101144552230835,-0.011783242225646973,-0.05496244047290588,0.11721032857894897,-0.030706942081451416,-0.07184165258414055,0.10150414705276489,-0.055644690990448,-0.0858646063924482,0.12757480144500732,-0.007653594017028809,-0.06699492324597145,0.16144365072250366,-0.033998072147369385,-0.11454800803667808,0.1466355323791504,-0.042843759059906006,-0.140118542206352,0.10308182239532471,-0.056363046169281006,-0.14811115254170204,0.08890056610107422,-0.0020299553871154785,-0.06817828406101967,0.08017951250076294,-0.027325212955474854,-0.12248698909289146,0.05545622110366821,-0.04556554555892944,-0.14202307451969887,0.01602989435195923,-0.06940644979476929,-0.14533549834496284,0.0384097695350647,0.0006349086761474609,-0.07244392026669288,-0.033457040786743164,0.0002111196517944336,-0.12866801310784126,-0.07211959362030029,-0.02316415309906006,-0.14180824447876716,-0.10327345132827759,-0.05607163906097412,-0.1375332801461866,-0.01273435354232788,0.0013611316680908203,-0.07880538989311958,-0.0741305947303772,0.0050858259201049805,-0.12300154854065681,-0.09673428535461426,-0.025394797325134277,-0.13265547443634773,-0.11323601007461548,-0.06767386198043823,-0.1305459468484571
0.0,0.0,0.0,0.05830550193786621,-0.018349766731262207,-0.03874796268047476,0.1083182692527771,-0.03222149610519409,-0.06552419823111677,0.12008923292160034,-0.04641997814178467,-0.09033821534814024,0.11650288105010986,-0.07187747955322266,-0.11285647016467237,0.14619964361190796,-0.00607609748840332,-0.06519777339400434,0.16876256465911865,-0.014622151851654053,-0.12022747111024046,0.1510310173034668,-0.022777676582336426,-0.15656028699578428,0.10175430774688721,-0.03881806135177612,-0.17143404495419645,0.1089102029800415,0.017001330852508545,-0.06736741226615095,0.04485374689102173,0.02690267562866211,-0.1405130625933566,-0.024364471435546875,0.0067258477210998535,-0.16913825285138273,-0.08822429180145264,-0.021521031856536865,-0.17193152022065306,0.05695641040802002,0.029189765453338623,-0.07288932066859388,-0.034882545471191406,0.031540751457214355,-0.14169590186776304,-0.08915603160858154,-0.0005649328231811523,-0.15320763003529692,-0.13227951526641846,-0.03911036252975464,-0.14279058587254667,0.00561976432800293,0.03494846820831299,-0.08069944393338346,-0.060557544231414795,0.03761976957321167,-0.1296994240254321,-0.09437918663024902,0.0040743350982666016,-0.13296139251889372,-0.11954134702682495,-0.036675333976745605,-0.12237029534281874
0.0,0.0,0.0,-0.027575910091400146,-0.01771041750907898,-0.005288515892907242,-0.052078306674957275,-0.03429824113845825,-0.008305403125568489,-0.06885749101638794,-0.04732108116149902,-0.012012680714114765,-0.08216750621795654,-0.0515977144241333,-0.015511107352658371,-0.049759626388549805,-0.057649046182632446,-0.001210925938657681,-0.06839168071746826,-0.06762346625328064,-0.009200339858516315,-0.08074033260345459,-0.06484559178352356,-0.016525553261026005,-0.08999025821685791,-0.05965885519981384,-0.02066502878545151,-0.03309100866317749,-0.06029784679412842,-0.0026562974798522987,-0.04461371898651123,-0.06837216019630432,-0.00892221992938147,-0.04888045787811279,-0.07006961107254028,-0.015217539575978378,-0.05152416229248047,-0.07107055187225342,-0.019359718729837994,-0.015327274799346924,-0.05723223090171814,-0.005482271500959257,-0.023848772048950195,-0.056964874267578125,-0.012198498194202045,-0.02796381711959839,-0.05325540900230408,-0.01692844526944981,-0.03126394748687744,-0.05135926604270935,-0.019309330453260998,0.003122687339782715,-0.05012774467468262,-0.008769178484662632,-0.001423180103302002,-0.048976242542266846,-0.011854205002173046,-0.0072612762451171875,-0.0437527596950531,-0.011982799229308227,-0.012847483158111572,-0.040224283933639526,-0.011811102462097267
0.0,0.0,0.0,-0.004571259021759033,-0.03586474061012268,-0.011817031597090022,-0.001795053482055664,-0.06602674722671509,-0.019512672034394996,0.011560440063476562,-0.07916465401649475,-0.026337876973045127,0.02652651071548462,-0.08294852077960968,-0.03268431132782723,0.03577923774719238,-0.066173255443573,-0.008663967308891074,0.05312037467956543,-0.0809190571308136,-0.016984323096764342,0.06553852558135986,-0.09037208557128906,-0.02498247666407849,0.07757699489593506,-0.09708932042121887,-0.03105729451526429,0.04856860637664795,-0.047918498516082764,-0.009696081337821738,0.07120376825332642,-0.06487569212913513,-0.015688112062704818,0.08495086431503296,-0.07887265086174011,-0.021387053710711257,0.09702491760253906,-0.09159161150455475,-0.026060117465746657,0.05525708198547363,-0.030596941709518433,-0.012592029814911143,0.07614332437515259,-0.047683537006378174,-0.020341642258060233,0.087688148021698,-0.06528839468955994,-0.024268433508765952,0.09627926349639893,-0.08171926438808441,-0.026946181488526122,0.056957781314849854,-0.013770043849945068,-0.016660850552213446,0.06916546821594238,-0.030751913785934448,-0.024129454103601233,0.07193350791931152,-0.04569453001022339,-0.025497976747644202,0.07178515195846558,-0.060999155044555664,-0.02603632962454583
0.0,0.0,0.0,0.004137396812438965,-0.041965991258621216,-0.005269850483543337,-0.005645871162414551,-0.07219809293746948,-0.012832554867870272,-0.02568352222442627,-0.08667349815368652,-0.018890817528969706,-0.04508697986602783,-0.07871630787849426,-0.026461976459629,-0.010511815547943115,-0.05718448758125305,-0.02422080083788103,-0.025080978870391846,-0.06589046120643616,-0.03461896522939867,-0.03589010238647461,-0.07126078009605408,-0.04135714366138643,-0.04326474666595459,-0.07805675268173218,-0.04539042978585428,-0.01759737730026245,-0.03207889199256897,-0.025881399279839457,-0.05230236053466797,-0.04121944308280945,-0.03608564927280611,-0.08042478561401367,-0.05431005358695984,-0.043338331273204744,-0.10020071268081665,-0.06526333093643188,-0.049423168292648256,-0.02830827236175537,-0.010799020528793335,-0.02626869908571905,-0.06415760517120361,-0.023554354906082153,-0.036404057285196245,-0.08875763416290283,-0.03798350691795349,-0.04148115485013193,-0.10426974296569824,-0.051649391651153564,-0.044575913688547075,-0.038862526416778564,0.005993187427520752,-0.02590534544587797,-0.06569582223892212,-0.00602450966835022,-0.032144605061418474,-0.08152365684509277,-0.01612544059753418,-0.03224171965420908,-0.09230858087539673,-0.026254355907440186,-0.03208116336763567
0.0,0.0,0.0,-0.0005265474319458008,-0.044887036085128784,-0.002930474871448041,-0.008072733879089355,-0.0762774646282196,-0.010716703192940713,-0.021918416023254395,-0.09102770686149597,-0.017474720658412934,-0.03603440523147583,-0.07813617587089539,-0.025852514834753038,-0.018805861473083496,-0.06444510817527771,-0.025023078949800492,-0.044301748275756836,-0.08081129193305969,-0.035675958202830316,-0.055553555488586426,-0.08779844641685486,-0.04218357841824627,-0.062427520751953125,-0.09670493006706238,-0.046368159757605554,-0.02277195453643799,-0.03994879126548767,-0.028572773964754106,-0.06521517038345337,-0.05054575204849243,-0.04071921523069477,-0.09434956312179565,-0.060386478900909424,-0.04945543448781109,-0.11501419544219971,-0.06907206773757935,-0.056421932236901284,-0.02988588809967041,-0.01719418168067932,-0.030405093388310434,-0.07224446535110474,-0.028558701276779175,-0.04161413426851368,-0.10171782970428467,-0.04229125380516052,-0.04816393594597912,-0.12187016010284424,-0.05568161606788635,-0.052653909133425714,-0.036379218101501465,0.0009315311908721924,-0.031228052856079103,-0.06671053171157837,-0.007843643426895142,-0.0380406271979723,-0.08448117971420288,-0.01639854907989502,-0.03911494131540394,-0.09797590970993042,-0.026388943195343018,-0.04004661406730747
0.0,0.0,0.0,0.0027735233306884766,-0.04470077157020569,-0.00480254719427009,-0.0071721673011779785,-0.07522651553153992,-0.012829269547221855,-0.025594890117645264,-0.08669981360435486,-0.019444289881942467,-0.043615758419036865,-0.07356974482536316,-0.027224435735700325,-0.008002042770385742,-0.05687764286994934,-0.028647690344808296,-0.018924713134765625,-0.06496790051460266,-0.041766979996321396,-0.023533105850219727,-0.06273499131202698,-0.048844226900694565,-0.02701348066329956,-0.06330069899559021,-0.052538936291096405,-0.015968382358551025,-0.03099501132965088,-0.031058130119202332,-0.05539834499359131,-0.0426904559135437,-0.04338466868197699,-0.08523863554000854,-0.05190509557723999,-0.051048104915974335,-0.10725957155227661,-0.058788955211639404,-0.05763936162388106,-0.02777421474456787,-0.011194854974746704,-0.03208679452931662,-0.06770282983779907,-0.027868986129760742,-0.043687653992531494,-0.09561115503311157,-0.04194998741149902,-0.04937365025675078,-0.11580044031143188,-0.05422109365463257,-0.05314222470319052,-0.0387568473815918,0.0034436583518981934,-0.03215785444175978,-0.0695386528968811,-0.011673152446746826,-0.038702995781061844,-0.08767712116241455,-0.02264803647994995,-0.03923738494908591,-0.10225075483322144,-0.032694339752197266,-0.03978860870396872
0.0,0.0,0.0,-0.004403889179229736,-0.028519272804260254,-0.014555625645904513,0.000774681568145752,-0.05985933542251587,-0.0224302178532767,0.013226509094238281,-0.07694584131240845,-0.028144990122406455,0.027167558670043945,-0.08414202928543091,-0.032887808075635405,0.03334176540374756,-0.05427730083465576,-0.013418422108976813,0.05095452070236206,-0.07354217767715454,-0.020942988833873244,0.0625835657119751,-0.08619269728660583,-0.027546771830408545,0.07408034801483154,-0.09585106372833252,-0.03245634122797725,0.04422038793563843,-0.04283881187438965,-0.01092818195977685,0.06721097230911255,-0.06446731090545654,-0.018118369421451064,0.08208400011062622,-0.08033886551856995,-0.023927726811258765,0.09529364109039307,-0.09383738040924072,-0.02814802995929,0.050674498081207275,-0.033566832542419434,-0.00982498659798381,0.07151108980178833,-0.05589368939399719,-0.017132817795960875,0.08462750911712646,-0.07292404770851135,-0.020414578756778212,0.09599816799163818,-0.08716347813606262,-0.0220217490852761,0.053888797760009766,-0.027719199657440186,-0.009913706249086829,0.0697755217552185,-0.049444735050201416,-0.015698497212021323,0.07899332046508789,-0.06329348683357239,-0.01673159658023593,0.08736014366149902,-0.07518070936203003,-0.016863710275380583
0.0,0.0,0.0,-0.03298908472061157,-0.009585559368133545,-0.006197202004145197,-0.06107306480407715,-0.024863511323928833,-0.012162810641925148,-0.08067262172698975,-0.035385727882385254,-0.017534384023051075,-0.09730088710784912,-0.038875311613082886,-0.0236119269240902,-0.05284857749938965,-0.021548718214035034,-0.025298449661235622,-0.07922202348709106,-0.02999091148376465,-0.039690460528831295,-0.0945054292678833,-0.03176477551460266,-0.04946350630710583,-0.11014986038208008,-0.034655362367630005,-0.05686129208991986,-0.03685903549194336,-0.024457722902297974,-0.030543423708181194,-0.06448668241500854,-0.03213807940483093,-0.045423645045261196,-0.08367115259170532,-0.033452779054641724,-0.054047137017946056,-0.10290253162384033,-0.0358102023601532,-0.060962423201303295,-0.01785111427307129,-0.027284890413284302,-0.03563200261781674,-0.03767210245132446,-0.03900560736656189,-0.05141166176984768,-0.054653704166412354,-0.0421675443649292,-0.05871181886980992,-0.07298463582992554,-0.046364039182662964,-0.0640262956578539,0.0031718015670776367,-0.030313968658447266,-0.040637235607604794,0.00024360418319702148,-0.03690078854560852,-0.05535601403902035,-0.006915569305419922,-0.039711207151412964,-0.06114093166182499,-0.01677614450454712,-0.04312512278556824,-0.06538587015459996
0.0,0.0,0.0,-0.0077933669090271,-0.03530323505401611,-0.007645797896291384,-0.01748889684677124,-0.053902626037597656,-0.016664272620435128,-0.03077942132949829,-0.05208835005760193,-0.025640834569092164,-0.04144376516342163,-0.03452226519584656,-0.03569511741315878,-0.03941124677658081,-0.04942402243614197,-0.021128716393466362,-0.06415295600891113,-0.05238190293312073,-0.03597463339483298,-0.07998114824295044,-0.048489511013031006,-0.047893885969276795,-0.09561514854431152,-0.04750794172286987,-0.056170739679689774,-0.03786969184875488,-0.03223681449890137,-0.025255468188877472,-0.06525719165802002,-0.034478724002838135,-0.039826591014023194,-0.08631843328475952,-0.0358390212059021,-0.050832123010511765,-0.1047590970993042,-0.03777289390563965,-0.05946642577564276,-0.032920658588409424,-0.01674342155456543,-0.02962254218673266,-0.0570259690284729,-0.021467238664627075,-0.04406297996556319,-0.07858431339263916,-0.02515554428100586,-0.05262804448520697,-0.09643727540969849,-0.02814304828643799,-0.05826079517519034,-0.024758577346801758,-0.005777984857559204,-0.034196023344154725,-0.03691297769546509,-0.015097886323928833,-0.04471625059759177,-0.04933285713195801,-0.021533071994781494,-0.0489893597356037,-0.061566293239593506,-0.026101410388946533,-0.05246112167751349
0.0,0.0,0.0,-0.019445836544036865,-0.03673407435417175,-0.006216213669517856,-0.04209136962890625,-0.05903977155685425,-0.012582911275217157,-0.06518656015396118,-0.06590345501899719,-0.018370192594716173,-0.08418774604797363,-0.0609360933303833,-0.02483236613113604,-0.03684896230697632,-0.049312859773635864,-0.016744544826337915,-0.0569990873336792,-0.05247032642364502,-0.02816485995788298,-0.07133883237838745,-0.053360551595687866,-0.037843333653995614,-0.08472645282745361,-0.05651012063026428,-0.044684330098220926,-0.02864915132522583,-0.03399699926376343,-0.01904640915233813,-0.05748802423477173,-0.03751060366630554,-0.03087339187402449,-0.08115416765213013,-0.04110360145568848,-0.040905820302555185,-0.10124188661575317,-0.04550457000732422,-0.0489784163459035,-0.01933199167251587,-0.02223154902458191,-0.02119237007934771,-0.04507327079772949,-0.02661806344985962,-0.033818641774246316,-0.06949537992477417,-0.0337604284286499,-0.04177081780869685,-0.08989173173904419,-0.039671748876571655,-0.04710203605134211,-0.008618414402008057,-0.013667911291122437,-0.02316487590212546,-0.018084049224853516,-0.021433621644973755,-0.03188875886041842,-0.02918916940689087,-0.0288638174533844,-0.035207996241638284,-0.04114079475402832,-0.03466355800628662,-0.03792605372507296
0.0,0.0,0.0,-0.025297164916992188,-0.02890375256538391,-0.005033701217918463,-0.049463748931884766,-0.04917120933532715,-0.011935676007716722,-0.07173025608062744,-0.0533674955368042,-0.019146893664448328,-0.08997756242752075,-0.04415491223335266,-0.027350949614493913,-0.05449533462524414,-0.048531919717788696,-0.01872610536143071,-0.08028310537338257,-0.05082714557647705,-0.03432582554146535,-0.0981675386428833,-0.04888695478439331,-0.04620895397588498,-0.11526888608932495,-0.0480370819568634,-0.054386301457135744,-0.04107081890106201,-0.04114672541618347,-0.02463658761903531,-0.06882184743881226,-0.04273560643196106,-0.040469771742074556,-0.09026497602462769,-0.04190593957901001,-0.05174387109205014,-0.1098628044128418,-0.043039679527282715,-0.06023358416482694,-0.025104641914367676,-0.03453177213668823,-0.030806899561731882,-0.04747873544692993,-0.038720518350601196,-0.04806921866461522,-0.06743210554122925,-0.04170379042625427,-0.058180695890634126,-0.08630341291427612,-0.04526558518409729,-0.06466969710513837,-0.007947444915771484,-0.028168439865112305,-0.03674364697858579,-0.012804150581359863,-0.035827815532684326,-0.04986172032281644,-0.01801830530166626,-0.03981122374534607,-0.055437578379361696,-0.025089919567108154,-0.042606621980667114,-0.059789577990024156
0.0,0.0,0.0,-0.012438774108886719,-0.036296844482421875,-0.007601108013908231,-0.027649402618408203,-0.05717548727989197,-0.016122452060947978,-0.042973458766937256,-0.058659374713897705,-0.024481619785795772,-0.057123005390167236,-0.04133298993110657,-0.03413351726091918,-0.046713173389434814,-0.053612858057022095,-0.02323515069044646,-0.07221299409866333,-0.056057244539260864,-0.03850447859920081,-0.08873856067657471,-0.05401727557182312,-0.05007027935541686,-0.10448867082595825,-0.05380174517631531,-0.05765835296667632,-0.03730815649032593,-0.039184242486953735,-0.027188814322720134,-0.06340980529785156,-0.039217978715896606,-0.04205469515479621,-0.0831754207611084,-0.04045075178146362,-0.052247838194737994,-0.10037696361541748,-0.043690651655197144,-0.06003404509581145,-0.024601995944976807,-0.02725204825401306,-0.0312800678268772,-0.042795538902282715,-0.03175264596939087,-0.046865676607261264,-0.060253798961639404,-0.03734198212623596,-0.05587883767045554,-0.07646840810775757,-0.043368250131607056,-0.06162454661286887,-0.010025382041931152,-0.018566995859146118,-0.035382014776836,-0.010523736476898193,-0.02724871039390564,-0.04648281362212714,-0.015181481838226318,-0.03383225202560425,-0.05053734135187682,-0.02264225482940674,-0.03959730267524719,-0.053716265674005115
0.0,0.0,0.0,-0.03481316566467285,-0.006491512060165405,-0.007269830131690469,-0.06103634834289551,-0.018362700939178467,-0.015465170765082803,-0.07915174961090088,-0.028697222471237183,-0.02395449920163628,-0.09517621994018555,-0.03579649329185486,-0.03350256352291581,-0.05506664514541626,-0.02991199493408203,-0.020590709211091962,-0.07666951417922974,-0.03176659345626831,-0.03769960223303315,-0.09301620721817017,-0.03098997473716736,-0.050705253766636815,-0.10941249132156372,-0.032968759536743164,-0.05987700416312691,-0.03615522384643555,-0.03402051329612732,-0.026390595050315824,-0.055931031703948975,-0.040307313203811646,-0.043283860819201436,-0.07256877422332764,-0.041265279054641724,-0.05443756996260163,-0.08892017602920532,-0.045586347579956055,-0.06282494931087967,-0.015576303005218506,-0.036244869232177734,-0.032783586220602956,-0.026357054710388184,-0.044675856828689575,-0.05073082043395516,-0.039382994174957275,-0.04888129234313965,-0.05891381545529839,-0.053502678871154785,-0.05516606569290161,-0.06414891003237244,0.00536346435546875,-0.03472858667373657,-0.039269327806096044,0.002858102321624756,-0.03498852252960205,-0.05381407930121895,-0.0036475658416748047,-0.033166080713272095,-0.058431915627579656,-0.012217998504638672,-0.03313124179840088,-0.06163714049921509
0.0,0.0,0.0,-0.01689821481704712,-0.03125712275505066,-0.008812506461140401,-0.03874504566192627,-0.048235803842544556,-0.01768987696766544,-0.06388777494430542,-0.05089926719665527,-0.025077753478285558,-0.08428752422332764,-0.03880921006202698,-0.033772651815411336,-0.03231048583984375,-0.022941172122955322,-0.029843843320009,-0.06257277727127075,-0.019865691661834717,-0.04341852735876728,-0.08424735069274902,-0.020348727703094482,-0.05213024910688091,-0.10276627540588379,-0.026792258024215698,-0.058204305136200674,-0.02197486162185669,-0.007136911153793335,-0.03181032162308384,-0.06048405170440674,-0.0055200159549713135,-0.0466838597893684,-0.08820396661758423,-0.009887218475341797,-0.05732875015735317,-0.11080843210220337,-0.019548386335372925,-0.06653054874539066,-0.013892292976379395,-0.0016582012176513672,-0.03296635370850254,-0.04796367883682251,-0.006153792142868042,-0.04987913441061664,-0.07608562707901001,-0.014654040336608887,-0.06063011732101131,-0.09865981340408325,-0.023703813552856445,-0.06768079918026615,-0.0051781535148620605,-0.00347059965133667,-0.033602480554577596,-0.025496184825897217,-0.016680359840393066,-0.04556595977544475,-0.042475879192352295,-0.026996582746505737,-0.05115455459952045,-0.059616148471832275,-0.03577181696891785,-0.05600711774229694
0.0,0.0,0.0,-0.033122241497039795,-0.012231051921844482,-0.0038558209229933027,-0.059854209423065186,-0.027786314487457275,-0.010200182153724313,-0.07967925071716309,-0.037585049867630005,-0.017351358375393033,-0.09636414051055908,-0.04293087124824524,-0.025285906336151243,-0.05830878019332886,-0.038685113191604614,-0.01678586862131226,-0.08070492744445801,-0.04733121395111084,-0.03232954180880654,-0.09606784582138062,-0.04644647240638733,-0.044078723705254674,-0.11264985799789429,-0.04603224992752075,-0.05240010953589547,-0.0422205924987793,-0.03879749774932861,-0.02386938705190289,-0.0649573802947998,-0.04549592733383179,-0.03997603542252648,-0.08268696069717407,-0.044769465923309326,-0.050276407218419195,-0.10088205337524414,-0.045723170042037964,-0.057805773979865194,-0.023437559604644775,-0.038118988275527954,-0.03135949484153855,-0.0376926064491272,-0.049007952213287354,-0.048177187508784414,-0.049268484115600586,-0.053669512271881104,-0.055471562958203435,-0.06293153762817383,-0.05982440710067749,-0.06004374585195649,-0.0032652616500854492,-0.03581807017326355,-0.03872641286893952,-0.007464110851287842,-0.04179587960243225,-0.05235939583822358,-0.012872576713562012,-0.04161998629570007,-0.056262892848693014,-0.02083033323287964,-0.0419866144657135,-0.05890845245762932
0.0,0.0,0.0,-0.02266085147857666,-0.028651565313339233,-0.0076894291549365335,-0.04642665386199951,-0.048665851354599,-0.014666209636573058,-0.06741839647293091,-0.05435708165168762,-0.021150141662303668,-0.0845712423324585,-0.04744282364845276,-0.02827351883644269,-0.05553561449050903,-0.041960835456848145,-0.020979290535990458,-0.078693687915802,-0.04708588123321533,-0.03500051767224477,-0.09492385387420654,-0.04772105813026428,-0.045366111850682955,-0.1117774248123169,-0.05041241645812988,-0.05288096488112615,-0.04306674003601074,-0.03527924418449402,-0.02466072299176858,-0.06661111116409302,-0.03868266940116882,-0.03952375025147603,-0.08625560998916626,-0.04089882969856262,-0.04922047228211568,-0.10447978973388672,-0.045016855001449585,-0.056509751534406405,-0.027539551258087158,-0.02978387475013733,-0.02872026309961484,-0.04368937015533447,-0.03878146409988403,-0.045133571779672366,-0.06064605712890625,-0.04693108797073364,-0.05431595787996457,-0.07680600881576538,-0.05533352494239807,-0.06020542577499555,-0.010514795780181885,-0.025892674922943115,-0.03280384809369252,-0.008513867855072021,-0.036193251609802246,-0.04619763762349294,-0.011956393718719482,-0.04342091083526611,-0.052118707156125765,-0.01762568950653076,-0.049303293228149414,-0.05644625023597882
0.0,0.0,0.0,-0.0005660653114318848,-0.043559253215789795,-0.009094219182586016,-0.009212613105773926,-0.06592470407485962,-0.018939524416779818,-0.020056843757629395,-0.06921118497848511,-0.028272505377387347,-0.028126120567321777,-0.05704796314239502,-0.038964243133520426,-0.028418004512786865,-0.048442572355270386,-0.02518845674858028,-0.05362868309020996,-0.05629339814186096,-0.04043040936157638,-0.07129257917404175,-0.058646589517593384,-0.0521760038034671,-0.08846044540405273,-0.06326013803482056,-0.06021217023298675,-0.03328096866607666,-0.02664300799369812,-0.028141619165396037,-0.06743079423904419,-0.03186875581741333,-0.04470858861968452,-0.09329938888549805,-0.03551822900772095,-0.057635491241669,-0.11445105075836182,-0.04216873645782471,-0.06736582656667167,-0.03586786985397339,-0.011767745018005371,-0.03068457496628696,-0.06910049915313721,-0.017731934785842896,-0.04652724926636154,-0.09546387195587158,-0.02560397982597351,-0.05633990605637962,-0.11635047197341919,-0.03510555624961853,-0.06259551783368522,-0.03542912006378174,-0.0033017396926879883,-0.03327983384296829,-0.06071507930755615,-0.009838700294494629,-0.04355788369939262,-0.07940435409545898,-0.016399681568145752,-0.04726296057269508,-0.0961000919342041,-0.02324652671813965,-0.05042865266368324
0.0,0.0,0.0,-0.02669757604598999,-0.017696857452392578,-0.010180650322411111,-0.05347442626953125,-0.03720909357070923,-0.018463574393365434,-0.07606881856918335,-0.050875574350357056,-0.02530342344817882,-0.0955381989479065,-0.0553930401802063,-0.03286804449436431,-0.05362313985824585,-0.021791696548461914,-0.03334699016687637,-0.0816144347190857,-0.03867483139038086,-0.05211672377464538,-0.09929502010345459,-0.04720711708068848,-0.06464521777508025,-0.11451631784439087,-0.05530142784118652,-0.07331242602941757,-0.038726747035980225,-0.023112714290618896,-0.03640522998449569,-0.07003599405288696,-0.03757756948471069,-0.05559370857355361,-0.09158480167388916,-0.0453399121761322,-0.06686809104559188,-0.1096336841583252,-0.054433226585388184,-0.07526565533754592,-0.020032942295074463,-0.02734971046447754,-0.03943883073208099,-0.042335569858551025,-0.04519489407539368,-0.0592551250445581,-0.061064183712005615,-0.055127084255218506,-0.07014895421144729,-0.0777355432510376,-0.06406927108764648,-0.07712885182974105,0.0009484291076660156,-0.0348583459854126,-0.04235848602530723,-0.0076062679290771484,-0.04401230812072754,-0.06142993461963897,-0.018808841705322266,-0.047919273376464844,-0.07066283565637832,-0.029938578605651855,-0.051650166511535645,-0.07662914138910537
0.0,0.0,0.0,-0.021072745323181152,-0.024937987327575684,-0.009520892569625516,-0.04130178689956665,-0.04403570294380188,-0.016558074908161302,-0.05951714515686035,-0.053586483001708984,-0.022962688984179636,-0.07559394836425781,-0.05266523361206055,-0.030157856227660318,-0.05665546655654907,-0.03837305307388306,-0.021509090022945543,-0.08209657669067383,-0.04346555471420288,-0.03655276778509631,-0.09791058301925659,-0.04226908087730408,-0.04848446282913699,-0.11162471771240234,-0.04239654541015625,-0.05666680219938769,-0.04482167959213257,-0.03167867660522461,-0.02434863481094851,-0.07234889268875122,-0.034638822078704834,-0.03887679013779177,-0.09198099374771118,-0.03566855192184448,-0.0507785785513164,-0.10877281427383423,-0.03843680024147034,-0.06011809739639773,-0.028350532054901123,-0.02680337429046631,-0.027645581917667528,-0.050004541873931885,-0.03286588191986084,-0.04341751668026461,-0.07036948204040527,-0.03720077872276306,-0.054669633092188974,-0.08746588230133057,-0.04081147909164429,-0.06252092081477656,-0.008880257606506348,-0.023921161890029907,-0.031153006063604494,-0.014454424381256104,-0.030557990074157715,-0.04490057337453379,-0.02229321002960205,-0.03680351376533508,-0.052253145308995386,-0.029897987842559814,-0.041767507791519165,-0.05771324369480624
0.0,0.0,0.0,-0.03684478998184204,-0.011874109506607056,-0.00644379778211146,-0.06396883726119995,-0.03137817978858948,-0.013322394512641722,-0.08244180679321289,-0.04795265197753906,-0.020167146049487883,-0.09969943761825562,-0.055775463581085205,-0.027910879053223425,-0.06015479564666748,-0.03055673837661743,-0.024069303818095023,-0.08561062812805176,-0.04097720980644226,-0.04137461090837746,-0.10126471519470215,-0.043011993169784546,-0.05409552732859879,-0.11691856384277344,-0.04557123780250549,-0.06334024498616486,-0.04228639602661133,-0.02998325228691101,-0.03063494729255467,-0.06804448366165161,-0.04092317819595337,-0.04883519018446236,-0.0862661600112915,-0.044570356607437134,-0.06080153415356904,-0.10405117273330688,-0.04902002215385437,-0.06981628219043046,-0.020936012268066406,-0.029983460903167725,-0.03740222955499917,-0.03726130723953247,-0.04702889919281006,-0.05638791451607972,-0.05157768726348877,-0.05536031723022461,-0.06613379547749787,-0.06701004505157471,-0.06343579292297363,-0.07260412553702622,0.0026749372482299805,-0.03034272789955139,-0.044099653311121756,-0.0015513896942138672,-0.04053306579589844,-0.06175260076676636,-0.009399235248565674,-0.04558679461479187,-0.0692179335132721,-0.019016146659851074,-0.05067092180252075,-0.07424227724229127
0.0,0.0,0.0,0.011539280414581299,-0.03442603349685669,-0.02344923831677903,0.011555314064025879,-0.056743353605270386,-0.039235509859089746,0.0009583830833435059,-0.06205254793167114,-0.052096560524468316,-0.013165950775146484,-0.04898598790168762,-0.06624957911825646,-0.02609109878540039,-0.04668387770652771,-0.03640131272531022,-0.05256134271621704,-0.05309492349624634,-0.054001100288395776,-0.0720488429069519,-0.0553932785987854,-0.06816075734949578,-0.09053391218185425,-0.060132384300231934,-0.07815767072296609,-0.0385892391204834,-0.02765825390815735,-0.032775469051365747,-0.0681571364402771,-0.03242158889770508,-0.05074137069440354,-0.09107685089111328,-0.038402557373046875,-0.06644037358618249,-0.11088204383850098,-0.047608911991119385,-0.07853439442968835,-0.04796338081359863,-0.014682650566101074,-0.02987089373326768,-0.07657653093338013,-0.02253657579421997,-0.046631377117400064,-0.09977638721466064,-0.030221134424209595,-0.05970337607121934,-0.1177862286567688,-0.038866281509399414,-0.06844158463335503,-0.053861796855926514,-0.006290793418884277,-0.028274279014830483,-0.07882356643676758,-0.0147075355052948,-0.0401584058270501,-0.09718376398086548,-0.02144414186477661,-0.04728148125267495,-0.11133211851119995,-0.028296440839767456,-0.05296753339624871
0.0,0.0,0.0,-0.016588568687438965,-0.018954187631607056,-0.01746572958066661,-0.033092617988586426,-0.035410910844802856,-0.030096605734374116,-0.04581153392791748,-0.04352942109107971,-0.040448582114126275,-0.05913037061691284,-0.03954938054084778,-0.05192284503712852,-0.04557007551193237,-0.01384347677230835,-0.039361188502456734,-0.07159143686294556,-0.024734288454055786,-0.058951361419107506,-0.08922940492630005,-0.030373573303222656,-0.07311075770988662,-0.1060335636138916,-0.03788292407989502,-0.0833528398884793,-0.034395813941955566,-0.013976991176605225,-0.03957483017578323,-0.0636480450630188,-0.023589879274368286,-0.06029108011856277,-0.0859752893447876,-0.02991098165512085,-0.07439371043577392,-0.1057431697845459,-0.039714276790618896,-0.08525738710298736,-0.019535481929779053,-0.018930256366729736,-0.04007458904519279,-0.04144972562789917,-0.034413546323776245,-0.06098774293198783,-0.0620274543762207,-0.044490307569503784,-0.07429902100696761,-0.08060246706008911,-0.05462619662284851,-0.08324160272016723,-0.0015263557434082031,-0.02842181921005249,-0.04115310901537139,-0.007686138153076172,-0.03910312056541443,-0.05881124207511146,-0.018416106700897217,-0.04315569996833801,-0.06791873121395309,-0.030174314975738525,-0.047577470541000366,-0.07475457930698592
0.0,0.0,0.0,-0.02126973867416382,-0.028056442737579346,-0.015082767896181792,-0.044706881046295166,-0.04796135425567627,-0.026355920091098994,-0.06646955013275146,-0.05534857511520386,-0.03539380776864931,-0.0861007571220398,-0.054868340492248535,-0.04558515149337694,-0.04921776056289673,-0.028141915798187256,-0.03793033558113024,-0.07506555318832397,-0.036705195903778076,-0.057977992772883624,-0.0934823751449585,-0.04104602336883545,-0.07249855223280832,-0.11002242565155029,-0.04663702845573425,-0.08279888305050775,-0.03955882787704468,-0.020039856433868408,-0.038860957801169604,-0.06809407472610474,-0.03059089183807373,-0.059286493539637775,-0.09014356136322021,-0.03867900371551514,-0.072943530708379,-0.10877424478530884,-0.04887181520462036,-0.08330824944359705,-0.027074873447418213,-0.014966905117034912,-0.03983968096954271,-0.051785409450531006,-0.02672925591468811,-0.0596109886763756,-0.07439839839935303,-0.03629019856452942,-0.0712033134995167,-0.09308648109436035,-0.045582711696624756,-0.07896465781313822,-0.012830138206481934,-0.012844681739807129,-0.041184339403933734,-0.026610195636749268,-0.018071770668029785,-0.05916955295187876,-0.04192495346069336,-0.021594375371932983,-0.06801091852766916,-0.05576038360595703,-0.025651544332504272,-0.07410605970007822
0.0,0.0,0.0,-0.03372085094451904,-0.0082722008228302,-0.008418893752541123,-0.06171238422393799,-0.02562728524208069,-0.016399799225773393,-0.08126658201217651,-0.041327208280563354,-0.023945750979628144,-0.09871160984039307,-0.04914727807044983,-0.03207692535027462,-0.056763291358947754,-0.020735472440719604,-0.02808239342078167,-0.08024972677230835,-0.036588042974472046,-0.04625921354993778,-0.09603679180145264,-0.04043745994567871,-0.05821029500469166,-0.11153596639633179,-0.04351654648780823,-0.06650384919151264,-0.04001796245574951,-0.022920459508895874,-0.033051006806935845,-0.06319683790206909,-0.03502058982849121,-0.05307459862336117,-0.08091068267822266,-0.04164242744445801,-0.06533665613635975,-0.09706050157546997,-0.04870221018791199,-0.07418547229274708,-0.020581185817718506,-0.027871817350387573,-0.03821001978024441,-0.03656035661697388,-0.04566049575805664,-0.058654822720136224,-0.05006110668182373,-0.05473390221595764,-0.06963673637613255,-0.06365454196929932,-0.0626089870929718,-0.07632773028119999,0.0012160539627075195,-0.03455522656440735,-0.04327707396253544,-0.005106747150421143,-0.04585102200508118,-0.06135892526611286,-0.013013064861297607,-0.04979291558265686,-0.07010582493051487,-0.02141869068145752,-0.05268976092338562,-0.0758285115788837
0.0,0.0,0.0,-0.034816086292266846,-0.004366397857666016,-0.008711875481946407,-0.06535851955413818,-0.018905997276306152,-0.017926678127093254,-0.08760887384414673,-0.032267361879348755,-0.026915628528637825,-0.10767799615859985,-0.040866732597351074,-0.03671657486860269,-0.055738866329193115,-0.020761698484420776,-0.029885198986573158,-0.08045744895935059,-0.03441751003265381,-0.049487060001535355,-0.09596747159957886,-0.0377064049243927,-0.0628122296840381,-0.11142569780349731,-0.04016628861427307,-0.0723906439453792,-0.03824293613433838,-0.025154411792755127,-0.03590909584466928,-0.06233370304107666,-0.037643104791641235,-0.05661772756878847,-0.07818204164505005,-0.04341188073158264,-0.06950954913203233,-0.09345847368240356,-0.049591064453125,-0.0794375371844005,-0.01834547519683838,-0.02983841300010681,-0.04222880869214052,-0.0343051552772522,-0.045836955308914185,-0.06328470080201143,-0.04443812370300293,-0.05474063754081726,-0.07404350309674257,-0.055842697620391846,-0.06250488758087158,-0.0812429246217441,0.003453552722930908,-0.03441119194030762,-0.048535151472730576,-0.0022856593132019043,-0.04406625032424927,-0.067693343451662,-0.007798492908477783,-0.04704347252845764,-0.07674843638245576,-0.01498955488204956,-0.04926580190658569,-0.08321339457337373
0.0,0.0,0.0,-0.001269519329071045,-0.0352635383605957,-0.01647111505499055,-0.013200104236602783,-0.05961751937866211,-0.027898994388486642,-0.0285683274269104,-0.06790059804916382,-0.036422864648010034,-0.041397690773010254,-0.06266030669212341,-0.0453490960620897,-0.028423011302947998,-0.027888625860214233,-0.0359649445139425,-0.05567634105682373,-0.03257349133491516,-0.051957250686790246,-0.07313722372055054,-0.040164798498153687,-0.06237642571559121,-0.08954089879989624,-0.050637394189834595,-0.069868994059469,-0.036547720432281494,-0.011302053928375244,-0.03359070152273347,-0.06533688306808472,-0.019407212734222412,-0.049109068813230294,-0.08512097597122192,-0.031722068786621094,-0.05826936021676232,-0.10264313220977783,-0.045723021030426025,-0.06562088161935975,-0.04366803169250488,-0.0005856156349182129,-0.03127504617204835,-0.0731847882270813,-0.010428130626678467,-0.04452976316442658,-0.09364402294158936,-0.0239008367061615,-0.051403791757728357,-0.11077767610549927,-0.037118375301361084,-0.05608558759322335,-0.04891788959503174,0.005022287368774414,-0.029820847439076204,-0.07430088520050049,-0.0025486648082733154,-0.03995970741143395,-0.0912787914276123,-0.009928762912750244,-0.04511064023008515,-0.10527420043945312,-0.01840972900390625,-0.049128902258779306
0.0,0.0,0.0,-0.027257561683654785,-0.013126641511917114,-0.013438659671901831,-0.0533069372177124,-0.031622231006622314,-0.025301146272777686,-0.07395434379577637,-0.044785141944885254,-0.0352255077550403,-0.09283000230789185,-0.05048456788063049,-0.046048500526904235,-0.04812115430831909,-0.013880401849746704,-0.04196835770106233,-0.07431995868682861,-0.025681287050247192,-0.06329571544027246,-0.0914301872253418,-0.03282293677330017,-0.07721417485570825,-0.10760390758514404,-0.04077765345573425,-0.08724225400781549,-0.03185778856277466,-0.015591442584991455,-0.04502006335949815,-0.061556875705718994,-0.026850074529647827,-0.0683080041298858,-0.08417576551437378,-0.03476715087890625,-0.0826599830279342,-0.10419362783432007,-0.043171226978302,-0.09384165792560495,-0.014060258865356445,-0.021825194358825684,-0.04790252535438455,-0.036571621894836426,-0.03618568181991577,-0.0711860963592521,-0.05571240186691284,-0.04721227288246155,-0.08464220999574579,-0.07319390773773193,-0.055706173181533813,-0.09370212345218576,0.0055190324783325195,-0.030181288719177246,-0.05076884939169801,-0.002023935317993164,-0.04055944085121155,-0.07074474631643213,-0.011256515979766846,-0.04604503512382507,-0.08140354691839136,-0.02174389362335205,-0.04950091242790222,-0.08949305950498498
0.0,0.0,0.0,-0.014589190483093262,0.004261374473571777,-0.011170190149243808,-0.030346155166625977,0.003677845001220703,-0.025779063203628994,-0.03286522626876831,0.00017410516738891602,-0.039189884760673976,-0.025493085384368896,-0.005219936370849609,-0.055150701054628826,-0.04818505048751831,0.003091871738433838,-0.04664853806167457,-0.04543715715408325,-0.017901182174682617,-0.06662841359644744,-0.03290736675262451,-0.03703683614730835,-0.08116158316403244,-0.01946854591369629,-0.05202972888946533,-0.09124762038260315,-0.045072078704833984,-0.00559842586517334,-0.05156273985772941,-0.029235005378723145,-0.027313828468322754,-0.0700835607436261,-0.014580965042114258,-0.05061906576156616,-0.08184934625893447,-5.984306335449219e-05,-0.07057887315750122,-0.09329857895642135,-0.036248981952667236,-0.014257967472076416,-0.05482974121838424,-0.025680840015411377,-0.03737783432006836,-0.07199061880379531,-0.012367606163024902,-0.06041139364242554,-0.07812845925360534,-2.2709369659423828e-05,-0.08126890659332275,-0.084324347176846,-0.025716125965118408,-0.02544957399368286,-0.058109814622696376,-0.023391366004943848,-0.05014145374298096,-0.06952681610852096,-0.019011855125427246,-0.06381601095199585,-0.06985932806998107,-0.014820516109466553,-0.07597470283508301,-0.0724283180621228
0.0,0.0,0.0,-0.018821656703948975,-0.0015466809272766113,-0.01565304481414387,-0.047585487365722656,-0.0047299861907958984,-0.04081183382299969,-0.07284796237945557,-0.0034970641136169434,-0.06747721963552067,-0.09426712989807129,-0.0024619698524475098,-0.09668339871791432,-0.05582970380783081,-0.005085349082946777,-0.061180238509450646,-0.09122097492218018,0.0010023117065429688,-0.09656594776538441,-0.11873549222946167,0.005809307098388672,-0.12207305514243671,-0.14095693826675415,0.007099151611328125,-0.13685493999150822,-0.04973655939102173,-0.008282661437988281,-0.06932742231515476,-0.08487331867218018,-0.007616758346557617,-0.10348931782868931,-0.11768090724945068,-0.0039688944816589355,-0.11808307551768848,-0.14253979921340942,0.0001698136329650879,-0.12759467297223637,-0.03779715299606323,-0.012101173400878906,-0.07654566400674412,-0.07123702764511108,-0.013357758522033691,-0.10910245113996098,-0.10561591386795044,-0.008640587329864502,-0.11432425015595982,-0.1318095326423645,-0.007796108722686768,-0.11421924167302677,-0.023437678813934326,-0.01698160171508789,-0.08437893622544834,-0.054781556129455566,-0.012643814086914062,-0.1070271962228162,-0.08370554447174072,-0.00618356466293335,-0.10722326570180485,-0.1067429780960083,-0.004464268684387207,-0.1058357962313039
0.0,0.0,0.0,0.007324814796447754,-0.015223801136016846,-0.020433761893741575,0.0051337480545043945,-0.02840965986251831,-0.041641107543341604,0.0002713203430175781,-0.036964237689971924,-0.061338311775557486,-0.006378114223480225,-0.054038166999816895,-0.08241874237262437,-0.029868900775909424,-0.018274307250976562,-0.06286669780217835,-0.06516730785369873,-0.013440430164337158,-0.09611579288446137,-0.09544271230697632,-0.008876204490661621,-0.11811158318721482,-0.12147003412246704,-0.007099151611328125,-0.13002430160247513,-0.04152047634124756,-0.011878550052642822,-0.06670069952212998,-0.0748334527015686,-0.016814231872558594,-0.09979707260333726,-0.10621064901351929,-0.015895187854766846,-0.1119221474667711,-0.13251328468322754,-0.010617733001708984,-0.11912697811328599,-0.044148027896881104,-0.00721585750579834,-0.07003753144942948,-0.07638120651245117,-0.012749850749969482,-0.1039815123816652,-0.10765784978866577,-0.012521445751190186,-0.10806729902230927,-0.13338744640350342,-0.010614633560180664,-0.10659550388061234,-0.04326522350311279,-0.004830718040466309,-0.07420560230218598,-0.07791167497634888,-0.008250832557678223,-0.10183779407941529,-0.10611122846603394,-0.008598387241363525,-0.10374929268562028,-0.12731844186782837,-0.008416235446929932,-0.10245444138251969
0.0,0.0,0.0,-0.025371551513671875,-0.006831705570220947,-0.017303912677988365,-0.06251269578933716,-0.01522684097290039,-0.04469058547280724,-0.09009325504302979,-0.01537775993347168,-0.07214555028937752,-0.10564088821411133,-0.017319202423095703,-0.10165896151326592,-0.04982239007949829,-0.013568222522735596,-0.06758484874032433,-0.07854706048965454,-0.009647011756896973,-0.10351391021274026,-0.10423988103866577,-0.006789088249206543,-0.12830749038718636,-0.1238325834274292,-0.008662402629852295,-0.1424602705623954,-0.041239023208618164,-0.007153928279876709,-0.07339788112901147,-0.07083392143249512,-0.009219467639923096,-0.1060382861282676,-0.10183829069137573,-0.012084245681762695,-0.1175736996915191,-0.12479931116104126,-0.013797283172607422,-0.12487245235703881,-0.029388725757598877,-0.0006365776062011719,-0.07816360030435021,-0.06009995937347412,-0.0057901740074157715,-0.10530694458745415,-0.08950436115264893,-0.007714986801147461,-0.1050023723032325,-0.11142992973327637,-0.01129305362701416,-0.10223842296861108,-0.017342209815979004,0.005528688430786133,-0.08400341753028329,-0.04652535915374756,0.0037802457809448242,-0.10007095221541817,-0.07005691528320312,0.004342555999755859,-0.09543338302634652,-0.08815473318099976,0.002395153045654297,-0.09107097122929986
0.0,0.0,0.0,0.015488982200622559,-0.04064488410949707,-0.017127054008923892,0.01597541570663452,-0.07597106695175171,-0.033254910457216624,0.006901443004608154,-0.09350323677062988,-0.04753728603132856,-0.009063541889190674,-0.09258216619491577,-0.06340442990072859,-0.013017475605010986,-0.033192217350006104,-0.03799063732036245,-0.04106014966964722,-0.03978019952774048,-0.05537069608577383,-0.04979318380355835,-0.04985839128494263,-0.07154643182762754,-0.05702155828475952,-0.05628877878189087,-0.08310001735695494,-0.035409748554229736,-0.003476083278656006,-0.03896771391042364,-0.060630977153778076,-0.019391536712646484,-0.05173759927161825,-0.07217025756835938,-0.03242623805999756,-0.06188302506812704,-0.07967442274093628,-0.04001075029373169,-0.07285382245787275,-0.05017119646072388,0.015914559364318848,-0.03943219428070677,-0.0773058533668518,-0.0024341344833374023,-0.054040022391163234,-0.08959084749221802,-0.01557391881942749,-0.0571068825305332,-0.09945160150527954,-0.02486717700958252,-0.060262914943777446,-0.06022846698760986,0.026342332363128662,-0.040931944000803355,-0.08590060472488403,0.012646973133087158,-0.05206166227468145,-0.09719651937484741,0.0016933679580688477,-0.04978135620363844,-0.10637974739074707,-0.00719606876373291,-0.0489078166068424
0.0,0.0,0.0,0.008325457572937012,-0.029473066329956055,-0.020996263318465935,0.014940202236175537,-0.055130720138549805,-0.04133500724356054,0.01791614294052124,-0.06816220283508301,-0.05867018371145605,0.019069135189056396,-0.07529860734939575,-0.07748500078241705,-0.02192634344100952,-0.03585243225097656,-0.06337450265209554,-0.04298526048660278,-0.038199543952941895,-0.09192371188919424,-0.047951340675354004,-0.04396289587020874,-0.1119038668207395,-0.0544930100440979,-0.054619014263153076,-0.12415318756620763,-0.03671211004257202,-0.015984177589416504,-0.06554361998360037,-0.050943970680236816,-0.024674415588378906,-0.09283174394886373,-0.05788940191268921,-0.03604292869567871,-0.1072070431641805,-0.06564146280288696,-0.04801630973815918,-0.1192859467796552,-0.042106807231903076,0.0016701221466064453,-0.06665570109407781,-0.06174403429031372,-0.008939504623413086,-0.09329220473091482,-0.0734819769859314,-0.019124627113342285,-0.10036494403402685,-0.08404421806335449,-0.03032243251800537,-0.1045682486824262,-0.04332989454269409,0.014732837677001953,-0.06860925077717184,-0.055954039096832275,0.004843771457672119,-0.08818051784555792,-0.06464040279388428,-0.002850830554962158,-0.09044094204227804,-0.07300537824630737,-0.01095515489578247,-0.0926470366052854
0.0,0.0,0.0,0.019602954387664795,-0.026322603225708008,-0.022981360783106197,0.03126710653305054,-0.051694512367248535,-0.04411761671794068,0.03344464302062988,-0.06468534469604492,-0.06154976249230515,0.026959359645843506,-0.0710950493812561,-0.08001434267056595,-0.009566545486450195,-0.02643519639968872,-0.06584952980769287,-0.030910074710845947,-0.029782533645629883,-0.09381112665427338,-0.04223048686981201,-0.033314526081085205,-0.11224190354836594,-0.056905269622802734,-0.03955715894699097,-0.12318856478226792,-0.034239768981933594,-0.011461257934570312,-0.06742193758977066,-0.05241966247558594,-0.016777992248535156,-0.09810020983708512,-0.06663835048675537,-0.024760842323303223,-0.11303192586196076,-0.08303481340408325,-0.031248390674591064,-0.12365697533381592,-0.048606157302856445,-0.0019078254699707031,-0.06738976598275315,-0.06836128234863281,-0.014689385890960693,-0.09777093142760407,-0.08464771509170532,-0.023432672023773193,-0.10455505759013306,-0.0999155044555664,-0.029678523540496826,-0.10666346014035355,-0.057228267192840576,0.0002238154411315918,-0.0679515472103418,-0.0803229808807373,-0.016170859336853027,-0.0926189443517984,-0.09635376930236816,-0.023733675479888916,-0.09515807986748825,-0.10956323146820068,-0.02742147445678711,-0.09548745513451706
0.0,0.0,0.0,0.015188753604888916,-0.022391021251678467,-0.022291658903967004,0.02355349063873291,-0.050599098205566406,-0.04263395861865149,0.02313971519470215,-0.06722795963287354,-0.05904857115031348,0.017148315906524658,-0.08329010009765625,-0.07610428379059897,-0.015965700149536133,-0.03669238090515137,-0.06409286008359061,-0.043523192405700684,-0.03884625434875488,-0.08903985516310797,-0.059661686420440674,-0.04087066650390625,-0.10539232985259162,-0.07545393705368042,-0.046758413314819336,-0.11500107542754279,-0.03770846128463745,-0.01411747932434082,-0.06359792546511756,-0.06622105836868286,-0.02077043056488037,-0.08852376089573966,-0.0854843258857727,-0.02761983871459961,-0.098012909750949,-0.10200893878936768,-0.0302048921585083,-0.105455354313861,-0.04913431406021118,0.0028316378593444824,-0.061611373435269456,-0.0754348635673523,-0.007115006446838379,-0.08484308467389212,-0.09117317199707031,-0.015324890613555908,-0.08653767452717886,-0.10591650009155273,-0.020736992359161377,-0.08642675773383246,-0.05490189790725708,0.013251662254333496,-0.06059943930388556,-0.0788310170173645,0.007600367069244385,-0.07837744848013983,-0.09280776977539062,0.00202864408493042,-0.07691888556958304,-0.10393202304840088,-0.0009846687316894531,-0.07510259793282614
0.0,0.0,0.0,-0.019781410694122314,-0.011266887187957764,-0.01526674741376155,-0.0459667444229126,-0.02339625358581543,-0.03974867538977378,-0.06556397676467896,-0.029560089111328125,-0.06479772852230781,-0.08405166864395142,-0.04029643535614014,-0.09167943076658958,-0.06873130798339844,-0.013486385345458984,-0.06670478658247703,-0.08997094631195068,-0.013354599475860596,-0.10372044072914832,-0.10056763887405396,-0.01940840482711792,-0.12916917280722373,-0.1138882040977478,-0.02832573652267456,-0.14283735231924766,-0.05604279041290283,-0.008700728416442871,-0.07372530476618522,-0.0764998197555542,-0.016434669494628906,-0.1069139532880854,-0.09398543834686279,-0.024194300174713135,-0.11956901775170081,-0.1109282374382019,-0.029346048831939697,-0.12855521516371482,-0.03492116928100586,-0.00815802812576294,-0.07984366194773429,-0.051051557064056396,-0.018982529640197754,-0.11124515460301154,-0.07099676132202148,-0.02823615074157715,-0.11781716273594611,-0.08928185701370239,-0.03808426856994629,-0.11949403510857337,-0.009443283081054688,-0.011969387531280518,-0.08639455513525718,-0.017734289169311523,-0.023131072521209717,-0.10884374306965583,-0.03272867202758789,-0.02880704402923584,-0.11102086977530234,-0.04828643798828125,-0.033957600593566895,-0.11174464897680991
0.0,0.0,0.0,0.02024555206298828,-0.02663189172744751,-0.016919735965899463,0.030109941959381104,-0.05336648225784302,-0.033249784407786365,0.029895901679992676,-0.07076096534729004,-0.0477448293544569,0.022464215755462646,-0.08719784021377563,-0.06375814243929767,-0.009194672107696533,-0.03556269407272339,-0.04432008802669429,-0.030023813247680664,-0.042591631412506104,-0.06638818248885059,-0.036534786224365234,-0.04953247308731079,-0.08411733820813083,-0.04199129343032837,-0.05724889039993286,-0.09590546801464939,-0.0338706374168396,-0.0126456618309021,-0.04716963335650348,-0.052684903144836426,-0.022472083568572998,-0.06858575358765506,-0.06324923038482666,-0.03181016445159912,-0.07999005928414249,-0.07082170248031616,-0.03608459234237671,-0.08964221194165134,-0.04866492748260498,0.004351019859313965,-0.049410753098896976,-0.06837630271911621,-0.0065010786056518555,-0.06977541759388828,-0.07799357175827026,-0.015348613262176514,-0.07293801024334812,-0.08569800853729248,-0.0215265154838562,-0.07472318425553226,-0.0578465461730957,0.015564262866973877,-0.05258366852777385,-0.07762235403060913,0.00530695915222168,-0.06644606604950809,-0.08515149354934692,-0.0021845102310180664,-0.0647850187100687,-0.08972162008285522,-0.0067102909088134766,-0.06412758692877674
0.0,0.0,0.0,-0.02296990156173706,-0.01222151517868042,-0.010704513902709323,-0.06042981147766113,-0.025363922119140625,-0.03321685854618295,-0.09226930141448975,-0.027955174446105957,-0.05744669426505311,-0.11165052652359009,-0.028447270393371582,-0.08398567725245698,-0.0543057918548584,-0.026972949504852295,-0.053525319586441356,-0.0883684754371643,-0.018252849578857422,-0.08413950939004167,-0.11388468742370605,-0.012630820274353027,-0.10613427151267274,-0.13440239429473877,-0.011428534984588623,-0.11810803253476365,-0.04634511470794678,-0.014008700847625732,-0.06091562871162637,-0.08246135711669922,-0.00977867841720581,-0.0868608116013263,-0.11254638433456421,-0.008065223693847656,-0.09509882170979722,-0.13534480333328247,-0.00638502836227417,-0.100018015394852,-0.03532063961029053,0.0008701682090759277,-0.0672484247786258,-0.07220703363418579,0.002307415008544922,-0.08880227644269212,-0.10066276788711548,0.0019181370735168457,-0.08639317591016038,-0.12141835689544678,-0.00014203786849975586,-0.0821468143564914,-0.023172199726104736,0.016789555549621582,-0.07448872018878205,-0.05493724346160889,0.019198358058929443,-0.0852564631802295,-0.07772880792617798,0.017397284507751465,-0.07767506528918489,-0.09495276212692261,0.015487313270568848,-0.07119622666661485
0.0,0.0,0.0,0.010940134525299072,-0.02390420436859131,-0.017500546976123132,0.01101917028427124,-0.04618656635284424,-0.03745987939754514,0.009521484375,-0.058236002922058105,-0.05636111202755956,0.007214725017547607,-0.07160931825637817,-0.07646037939110784,-0.032328903675079346,-0.025044262409210205,-0.05935204702535657,-0.0645257830619812,-0.021987080574035645,-0.09354312273779897,-0.08882933855056763,-0.022766470909118652,-0.11743869933405904,-0.1095159649848938,-0.02466130256652832,-0.13005267384568242,-0.045335471630096436,-0.008780360221862793,-0.06375468078175572,-0.07280093431472778,-0.01434338092803955,-0.09693859073439626,-0.09877747297286987,-0.020384788513183594,-0.10846124145308522,-0.12128973007202148,-0.020387351512908936,-0.1149288520506957,-0.04669862985610962,0.004222571849822998,-0.06758963617602376,-0.07210081815719604,-0.003958165645599365,-0.09963112625399617,-0.09794092178344727,-0.010747849941253662,-0.101660224824343,-0.11972856521606445,-0.014344453811645508,-0.09854753616372136,-0.042875826358795166,0.012815296649932861,-0.07221819761315373,-0.0689246654510498,0.009127318859100342,-0.09504361751595525,-0.08983588218688965,0.0064389705657958984,-0.09340413215676335,-0.10650360584259033,0.005149424076080322,-0.0898140847972968
0.0,0.0,0.0,-0.020228266716003418,-0.010985374450683594,-0.013543604086351024,-0.05320841073989868,-0.0261499285697937,-0.03799226894528829,-0.08038520812988281,-0.032969772815704346,-0.06374944388420545,-0.09940987825393677,-0.03956794738769531,-0.0915435740307089,-0.05219489336013794,-0.01939922571182251,-0.060208663488936054,-0.08028316497802734,-0.014727890491485596,-0.09514710694105588,-0.1005513072013855,-0.013606369495391846,-0.1201879420831915,-0.11882299184799194,-0.01604396104812622,-0.13375827312023603,-0.04462331533432007,-0.01122051477432251,-0.06780714928657972,-0.07559293508529663,-0.014047086238861084,-0.09841964035780393,-0.10199159383773804,-0.01611173152923584,-0.10932523399145566,-0.12446582317352295,-0.01582998037338257,-0.11576451003105603,-0.03289085626602173,-0.00499039888381958,-0.07446999489815198,-0.06360435485839844,-0.01283806562423706,-0.10153258233816587,-0.09096789360046387,-0.015502750873565674,-0.1024230906322714,-0.11280584335327148,-0.01815742254257202,-0.09960694252998792,-0.01874542236328125,-0.0010436177253723145,-0.08202004819662534,-0.04675090312957764,-0.006723284721374512,-0.09942612438948117,-0.06945061683654785,-0.007967889308929443,-0.09571277737171613,-0.08891797065734863,-0.009089827537536621,-0.09114091485292874
0.0,0.0,0.0,0.016368508338928223,-0.024888277053833008,-0.023819011413038993,0.027160048484802246,-0.04950493574142456,-0.042801427431882644,0.028372883796691895,-0.06329655647277832,-0.0577038067956579,0.023068785667419434,-0.07719206809997559,-0.07302152250009897,-0.010966300964355469,-0.034593820571899414,-0.05992039550143602,-0.03438645601272583,-0.039365947246551514,-0.08295477811294916,-0.05069857835769653,-0.041957318782806396,-0.09763522330719354,-0.06830042600631714,-0.04825645685195923,-0.10595221702057245,-0.03506964445114136,-0.014340102672576904,-0.05810455489951494,-0.06105464696884155,-0.023062467575073242,-0.08310322348076227,-0.08326852321624756,-0.02958899736404419,-0.09409801546532037,-0.10288119316101074,-0.03181910514831543,-0.10207113508182886,-0.048435330390930176,0.0009208321571350098,-0.054949915744842315,-0.07488495111465454,-0.010482728481292725,-0.07858554903465631,-0.09356892108917236,-0.01820075511932373,-0.08162660036283853,-0.1122167706489563,-0.022857248783111572,-0.08185292664963129,-0.056314289569854736,0.011107027530670166,-0.05284236628610017,-0.08262825012207031,0.004199564456939697,-0.07049077633816125,-0.09907644987106323,-0.0008597373962402344,-0.06956645730930688,-0.11312705278396606,-0.004078567028045654,-0.06783150021034601
0.0,0.0,0.0,-0.029842674732208252,-0.0002974271774291992,-0.01188368477272661,-0.06986582279205322,-0.007572293281555176,-0.03556299522864492,-0.10079783201217651,-0.013791501522064209,-0.06003148421990545,-0.11931020021438599,-0.02189403772354126,-0.08725229964005621,-0.06556141376495361,-0.01658642292022705,-0.05938349977481039,-0.09496581554412842,-0.02263796329498291,-0.08892000034796865,-0.11166936159133911,-0.02507197856903076,-0.11043542191731603,-0.12364941835403442,-0.02670609951019287,-0.12312128708111914,-0.05290168523788452,-0.016456663608551025,-0.06561468854891928,-0.07916259765625,-0.030596017837524414,-0.08934368506419332,-0.10009169578552246,-0.033576369285583496,-0.09728917792784841,-0.1160326600074768,-0.031919240951538086,-0.10371285245167883,-0.03589564561843872,-0.016413629055023193,-0.0702377887104717,-0.05942857265472412,-0.03444260358810425,-0.0893408314918247,-0.08094006776809692,-0.037172555923461914,-0.08768808409917028,-0.09714251756668091,-0.037425220012664795,-0.08568190351473959,-0.01691681146621704,-0.015266001224517822,-0.0756377162073818,-0.03718209266662598,-0.03241974115371704,-0.08676779583441885,-0.05340695381164551,-0.035807907581329346,-0.08092193618762167,-0.06733500957489014,-0.03667706251144409,-0.07646570667969854
0.0,0.0,0.0,-0.014289140701293945,-0.022045016288757324,-0.017721840197566507,-0.0389711856842041,-0.037286460399627686,-0.04259892275405264,-0.059226810932159424,-0.04030841588973999,-0.0667950818486247,-0.07422173023223877,-0.04236680269241333,-0.09320645129156446,-0.05322980880737305,-0.023942291736602783,-0.06824220066738462,-0.0849955677986145,-0.018679320812225342,-0.1012324774808917,-0.1107872724533081,-0.01579052209854126,-0.12357622479868269,-0.13290655612945557,-0.012595415115356445,-0.13593261783790922,-0.04992806911468506,-0.007301390171051025,-0.07283600514602995,-0.0819244384765625,-0.006205737590789795,-0.10331215059233045,-0.112124502658844,-0.008604168891906738,-0.11357198005390501,-0.1360904574394226,-0.006556510925292969,-0.1199598545379672,-0.04007232189178467,0.007386565208435059,-0.07612115984630918,-0.07206910848617554,0.001679062843322754,-0.10420373922062254,-0.10175162553787231,-0.0007766485214233398,-0.1056890124626193,-0.12480795383453369,-0.0014812946319580078,-0.10365884845924711,-0.026657164096832275,0.018543720245361328,-0.08015205060911512,-0.05497711896896362,0.012518227100372314,-0.10037522857857084,-0.07904541492462158,0.01162409782409668,-0.09843099212122297,-0.09764337539672852,0.012680590152740479,-0.09514836316776609
0.0,0.0,0.0,0.010829269886016846,-0.015558421611785889,-0.01978098424046948,0.012672781944274902,-0.0372391939163208,-0.040292054506835484,0.013388454914093018,-0.054772794246673584,-0.058280177506503605,0.01489877700805664,-0.07264119386672974,-0.07758199432760193,-0.02758622169494629,-0.02594316005706787,-0.06591511526971772,-0.06089979410171509,-0.022103607654571533,-0.0979646594253154,-0.08578824996948242,-0.02322179079055786,-0.11968091884523346,-0.10789155960083008,-0.025398612022399902,-0.13172670462995484,-0.04327517747879028,-0.01572054624557495,-0.06868139663606598,-0.07290726900100708,-0.02242356538772583,-0.10070725539594605,-0.097217857837677,-0.029830634593963623,-0.11324927965074494,-0.11929690837860107,-0.029336512088775635,-0.12175351390510514,-0.047894060611724854,-0.007479250431060791,-0.07020196327835038,-0.07688146829605103,-0.02069997787475586,-0.10195314893394425,-0.10051232576370239,-0.02861917018890381,-0.10602534571557953,-0.121895432472229,-0.030966579914093018,-0.1056497619476886,-0.047277987003326416,-0.0031540393829345703,-0.072199106308517,-0.07773315906524658,-0.020273804664611816,-0.09680581102043107,-0.09907078742980957,-0.028380274772644043,-0.09739022711187317,-0.11629480123519897,-0.03174948692321777,-0.09597751507430985
0.0,0.0,0.0,-0.018960297107696533,-0.023695409297943115,-0.012960690018672949,-0.05158436298370361,-0.046635210514068604,-0.037113786620039946,-0.07990860939025879,-0.051331400871276855,-0.06279499171390057,-0.10106921195983887,-0.051011860370635986,-0.0905806803525877,-0.04022383689880371,-0.03804421424865723,-0.05196478678001881,-0.06211656332015991,-0.032209694385528564,-0.08282403735532284,-0.08467066287994385,-0.02891373634338379,-0.1053928592623663,-0.10394889116287231,-0.028628945350646973,-0.11792223243131161,-0.0347745418548584,-0.015003085136413574,-0.05901493219747067,-0.06033283472061157,-0.014147400856018066,-0.08407911000861645,-0.08438748121261597,-0.018292248249053955,-0.09361907927407742,-0.10461002588272095,-0.021110355854034424,-0.10001877037896634,-0.027152657508850098,0.006754040718078613,-0.06558555452241421,-0.055343449115753174,0.002449929714202881,-0.08751055685891629,-0.07991719245910645,-0.002279520034790039,-0.08662767795934201,-0.09946537017822266,-0.007495760917663574,-0.08379116742028714,-0.018589258193969727,0.02661222219467163,-0.07321783242835522,-0.04381603002548218,0.024228155612945557,-0.08533760992898465,-0.06360971927642822,0.020455896854400635,-0.0787994721354437,-0.07932668924331665,0.016625046730041504,-0.07310323504819394
0.0,0.0,0.0,0.009072065353393555,-0.02776855230331421,-0.01380743191080569,0.010993659496307373,-0.05136984586715698,-0.03057632048117398,0.01618140935897827,-0.06509774923324585,-0.047501057502501,0.021335482597351074,-0.07689684629440308,-0.06541307654666184,-0.0433964729309082,-0.04058903455734253,-0.05208330985593079,-0.07463228702545166,-0.03763312101364136,-0.08285895374106644,-0.09554034471511841,-0.03774744272232056,-0.10338474449204682,-0.11284095048904419,-0.04029339551925659,-0.11384856339978455,-0.052463412284851074,-0.02048259973526001,-0.057722471770517814,-0.0787729024887085,-0.022624731063842773,-0.08849894639539002,-0.09985554218292236,-0.025456368923187256,-0.09969681140469788,-0.11759257316589355,-0.024870455265045166,-0.10637767252015351,-0.04787266254425049,0.0006501078605651855,-0.06281800207185029,-0.07218199968338013,-0.002864062786102295,-0.09475805249499558,-0.09418982267379761,-0.0075830817222595215,-0.09934904065417527,-0.11242532730102539,-0.012274742126464844,-0.09789611783313035,-0.036492109298706055,0.018115639686584473,-0.06824238982486008,-0.05657672882080078,0.022395610809326172,-0.08986826625155686,-0.07403290271759033,0.022102534770965576,-0.08931951608943223,-0.08864229917526245,0.019883155822753906,-0.08705202129172562
0.0,0.0,0.0,0.046499788761138916,0.029169917106628418,-0.01615864510253573,0.09607040882110596,0.04638940095901489,-0.040329543003593926,0.13392609357833862,0.04287540912628174,-0.06268346781448031,0.17191451787948608,0.040818870067596436,-0.08927134896234179,0.09018224477767944,0.0832597017288208,-0.0871353196592679,0.1503506302833557,0.08078104257583618,-0.13108072901681567,0.19315266609191895,0.06753236055374146,-0.16027742351010943,0.22735649347305298,0.04871934652328491,-0.18059158051923418,0.06533575057983398,0.07267707586288452,-0.10206646944001818,0.12847071886062622,0.06134474277496338,-0.15038621152356768,0.17677295207977295,0.039621591567993164,-0.18362362409547472,0.21807008981704712,0.01491934061050415,-0.20950121904328967,0.03555786609649658,0.05325061082839966,-0.11430123920158053,0.08406800031661987,0.039834678173065186,-0.15827220405057574,0.129153311252594,0.024177610874176025,-0.18780789996102953,0.16838783025741577,0.002346336841583252,-0.20990711177304888,0.004280507564544678,0.02725696563720703,-0.12520587171033526,0.018197476863861084,0.026002466678619385,-0.165326935300385,0.03676402568817139,0.022412121295928955,-0.1878527822585454,0.058129847049713135,0.009836554527282715,-0.20511308039144183
0.0,0.0,0.0,0.04718524217605591,0.021703600883483887,-0.024259165511134384,0.091560959815979,0.0420190691947937,-0.05002702830791783,0.12731951475143433,0.03881484270095825,-0.07252709253192258,0.15954524278640747,0.033864617347717285,-0.0982625751054318,0.07534736394882202,0.11198246479034424,-0.08475861384034467,0.13235217332839966,0.10519963502883911,-0.1262757821238072,0.17511945962905884,0.09059149026870728,-0.15413649810910535,0.2106262445449829,0.07186520099639893,-0.17288762761712384,0.048856377601623535,0.09965318441390991,-0.09323285205722165,0.11266154050827026,0.07502645254135132,-0.13702032400727582,0.15997189283370972,0.04768013954162598,-0.16458218230367017,0.1983717679977417,0.02228647470474243,-0.18627629114747357,0.02146536111831665,0.07290136814117432,-0.10032595379710507,0.06940680742263794,0.044336140155792236,-0.13986997737050366,0.1093781590461731,0.02222573757171631,-0.16007039381623578,0.1417059302330017,7.033348083496094e-06,-0.17443305684686017,-0.0038070082664489746,0.03626042604446411,-0.10762644244790387,0.019621193408966064,0.03275585174560547,-0.14219002856374097,0.03924626111984253,0.027404427528381348,-0.1572397245323689,0.058016061782836914,0.01572549343109131,-0.1680199248945744
0.0,0.0,0.0,0.014126896858215332,-0.03883785009384155,-0.051221356672797924,0.02391725778579712,-0.07007664442062378,-0.09176417527869773,0.029839515686035156,-0.08605813980102539,-0.12325400201753212,0.03250986337661743,-0.10616099834442139,-0.1556808957286222,-0.03008502721786499,-0.053665876388549805,-0.12279251305535865,-0.052640557289123535,-0.054567813873291016,-0.1737245777078016,-0.072781503200531,-0.05459439754486084,-0.20556174306348396,-0.09211516380310059,-0.056508004665374756,-0.22387154488042427,-0.053337693214416504,-0.015907645225524902,-0.11544076441005302,-0.0854882001876831,-0.013438761234283447,-0.17475307075456215,-0.11371910572052002,-0.014847636222839355,-0.20355299202874733,-0.13594543933868408,-0.009408533573150635,-0.22220979718640876,-0.06017833948135376,0.017780303955078125,-0.10689067928269935,-0.09070342779159546,0.017379462718963623,-0.1600570091433866,-0.11108279228210449,0.019141852855682373,-0.17853039590791298,-0.13288402557373047,0.024790823459625244,-0.1859368988700254,-0.05549746751785278,0.04353678226470947,-0.10024974582866264,-0.07679569721221924,0.0518987774848938,-0.13743825344518257,-0.096435546875,0.05669683218002319,-0.14847239939645362,-0.11256414651870728,0.06213533878326416,-0.15492685226872993
0.0,0.0,0.0,-0.011454105377197266,-0.03280442953109741,-0.07473073938426467,0.0007409453392028809,-0.04349476099014282,-0.12076523938712569,0.018736302852630615,-0.035165250301361084,-0.15412121304807158,0.04598504304885864,-0.029821395874023438,-0.1862057823830554,0.05683869123458862,0.017663776874542236,-0.11683529654082747,0.11440533399581909,-0.008616209030151367,-0.16126700529393645,0.15480542182922363,-0.027279138565063477,-0.1881514419012973,0.18824779987335205,-0.04768306016921997,-0.20446979293164702,0.07220447063446045,0.04824221134185791,-0.09581872114476653,0.1448470950126648,0.02057957649230957,-0.13997153231439086,0.19485187530517578,-0.01022249460220337,-0.164462782829375,0.2340916395187378,-0.04348266124725342,-0.18109754511651488,0.08578109741210938,0.06390619277954102,-0.07767716088828536,0.15374094247817993,0.04051363468170166,-0.11417699643907042,0.20166486501693726,0.009752988815307617,-0.13315054067906829,0.23638230562210083,-0.021883726119995117,-0.14415002652940245,0.09850168228149414,0.06396549940109253,-0.06441165545520278,0.15280663967132568,0.05442112684249878,-0.09097817578849288,0.1920381784439087,0.03814542293548584,-0.10574121066865416,0.22037160396575928,0.01772838830947876,-0.11552336105641814
0.0,0.0,0.0,-0.0812978744506836,-0.0027433037757873535,-0.053532484298493443,-0.14976954460144043,-0.019118964672088623,-0.10699026969626146,-0.18850374221801758,-0.03438401222229004,-0.1541073763127585,-0.20094138383865356,-0.05754047632217407,-0.20552726027920443,-0.13095533847808838,-0.026039600372314453,-0.1400511407609244,-0.154707670211792,-0.05463588237762451,-0.1948275112862845,-0.15611279010772705,-0.06946605443954468,-0.23448620674565035,-0.14617151021957397,-0.08051139116287231,-0.26124821541264254,-0.09020686149597168,-0.022990763187408447,-0.13729062614395815,-0.07541829347610474,-0.05320417881011963,-0.17759539124920565,-0.0572659969329834,-0.08051800727844238,-0.20160415706589419,-0.035627663135528564,-0.10667300224304199,-0.22832862970783907,-0.03862959146499634,-0.0240899920463562,-0.13363338944866854,-0.015755057334899902,-0.0571783185005188,-0.16913759646370607,0.008866846561431885,-0.0946691632270813,-0.18614475367024141,0.02985858917236328,-0.133986234664917,-0.20395824251129824,0.00992584228515625,-0.031639814376831055,-0.13275882539704043,0.028784990310668945,-0.06310760974884033,-0.15587712762310701,0.04363888502120972,-0.08875060081481934,-0.16202253041222292,0.055446505546569824,-0.120114266872406,-0.17313516077950197
0.0,0.0,0.0,-0.08146238327026367,-0.0010804533958435059,-0.0540689299693895,-0.1456061601638794,-0.015799522399902344,-0.10933418151648766,-0.174282968044281,-0.03495609760284424,-0.1577112483671499,-0.1791590452194214,-0.07082414627075195,-0.2104819523981405,-0.13050687313079834,-0.03605294227600098,-0.15583438751014,-0.1528249979019165,-0.0581212043762207,-0.21734770712168938,-0.1603338122367859,-0.07675403356552124,-0.2597811627081228,-0.15154224634170532,-0.09559321403503418,-0.288204650848229,-0.09293341636657715,-0.030944466590881348,-0.1553865778139425,-0.06945019960403442,-0.0675402283668518,-0.2064301329544378,-0.04835772514343262,-0.10444355010986328,-0.237591441243012,-0.020809948444366455,-0.13750922679901123,-0.26918281194480187,-0.04141896963119507,-0.025887727737426758,-0.1526412027767492,-0.010255217552185059,-0.060888826847076416,-0.19784074601443535,0.017823755741119385,-0.10657942295074463,-0.22110056456835991,0.04128760099411011,-0.15286314487457275,-0.2424408304384542,0.007708728313446045,-0.02543032169342041,-0.1518232780388189,0.0339510440826416,-0.05599123239517212,-0.18065885779174096,0.05368375778198242,-0.08183467388153076,-0.19092055734904534,0.06977564096450806,-0.11389106512069702,-0.2053777533462835
0.0,0.0,0.0,-0.008936166763305664,-0.039791762828826904,-0.0501385212141372,0.0011537671089172363,-0.06945037841796875,-0.0914896048802234,0.01664125919342041,-0.1010863184928894,-0.12426801698387635,0.021584808826446533,-0.13844037055969238,-0.15983936863125336,-0.09755593538284302,-0.025799870491027832,-0.14144489841640961,-0.12317407131195068,-0.05017662048339844,-0.20198484437645448,-0.11502617597579956,-0.06965041160583496,-0.2422595091360904,-0.1023331880569458,-0.09165668487548828,-0.2677690901059009,-0.10069721937179565,-0.016338884830474854,-0.14053069727600587,-0.09027767181396484,-0.043001532554626465,-0.1967655785578586,-0.07660049200057983,-0.07353144884109497,-0.2257008470791675,-0.060224056243896484,-0.10062897205352783,-0.252565196921239,-0.07853680849075317,-0.011153042316436768,-0.1386036642092563,-0.06451296806335449,-0.0397334098815918,-0.19410068469227326,-0.04779636859893799,-0.07735013961791992,-0.22090124266327393,-0.03137946128845215,-0.11441421508789062,-0.2410741515654422,-0.049560725688934326,-0.012423336505889893,-0.1378993161219455,-0.03308725357055664,-0.038410305976867676,-0.17791857497871888,-0.02586674690246582,-0.060411036014556885,-0.19413868265331757,-0.019726991653442383,-0.08765393495559692,-0.21121203081787598
0.0,0.0,0.0,0.04652273654937744,-0.04363453388214111,-0.04530229463065183,0.08902734518051147,-0.0820888876914978,-0.08029393522823369,0.11108964681625366,-0.12513786554336548,-0.10715993909919774,0.10981231927871704,-0.170207679271698,-0.13856107412660634,-0.00942927598953247,-0.01947873830795288,-0.12136060415590322,-0.01982969045639038,-0.05296957492828369,-0.17678867696607625,-0.0017156004905700684,-0.07753515243530273,-0.21870622454965627,0.01766490936279297,-0.10470324754714966,-0.2490350496658138,-0.048948824405670166,-0.009089529514312744,-0.12480848698699987,-0.024497032165527344,-0.040493905544281006,-0.17914340316141164,-0.0001780390739440918,-0.07746165990829468,-0.2142500769981197,0.020927071571350098,-0.1124345064163208,-0.24754171489561116,-0.0695297122001648,-0.0071389079093933105,-0.12740767418230092,-0.054292380809783936,-0.043225228786468506,-0.18193579136217153,-0.030624032020568848,-0.08011925220489502,-0.21058792291963613,-0.0063828229904174805,-0.1106572151184082,-0.23398659049356496,-0.08295804262161255,-0.013010740280151367,-0.13139085887754476,-0.07788658142089844,-0.0443992018699646,-0.17459233521307027,-0.06838822364807129,-0.07063239812850952,-0.1939672720321468,-0.058920085430145264,-0.09281790256500244,-0.21419975577676809
0.0,0.0,0.0,-0.04039424657821655,-0.03180253505706787,-0.06865130953773146,-0.055370986461639404,-0.04600900411605835,-0.11983523361667281,-0.057491958141326904,-0.054947495460510254,-0.16048607074006682,-0.07862663269042969,-0.0816718339920044,-0.20262273989900237,-0.07690370082855225,-0.02504521608352661,-0.14278849803193694,-0.06592786312103271,-0.05475640296936035,-0.19788160763963347,-0.042297542095184326,-0.07852524518966675,-0.23243112705930358,-0.017914533615112305,-0.10158240795135498,-0.25500619255288726,-0.0476679801940918,-0.006123363971710205,-0.1324406995652545,-0.01436072587966919,-0.04371607303619385,-0.18124261342271453,0.01019906997680664,-0.07649701833724976,-0.2044813170312274,0.032172441482543945,-0.10774028301239014,-0.22509552382215148,-0.011883914470672607,0.006128430366516113,-0.12331348501428252,0.02152317762374878,-0.0329442024230957,-0.1709359570620883,0.044993042945861816,-0.07115089893341064,-0.19071052812322264,0.06290167570114136,-0.10795515775680542,-0.2048565282700885,0.022455811500549316,0.010055899620056152,-0.11818638287767058,0.05530828237533569,-0.02459472417831421,-0.1520308389542926,0.07116490602493286,-0.0494350790977478,-0.16505539261087065,0.08138078451156616,-0.0735095739364624,-0.1779513790486682
0.0,0.0,0.0,-0.06556129455566406,-0.015352845191955566,-0.06555032699565899,-0.11067813634872437,-0.03429657220840454,-0.12506309866170895,-0.1346188187599182,-0.04599350690841675,-0.17514216124277127,-0.15637123584747314,-0.07718205451965332,-0.2286018204615594,-0.11165475845336914,-0.017158210277557373,-0.1569594067261697,-0.11858755350112915,-0.05108898878097534,-0.21685289561014187,-0.10220372676849365,-0.07261019945144653,-0.25682272731523526,-0.081218421459198,-0.09291917085647583,-0.28381820737581265,-0.07469969987869263,-0.006169378757476807,-0.1506221663878442,-0.05062365531921387,-0.042263686656951904,-0.20151973485212338,-0.02895677089691162,-0.07671225070953369,-0.22852254628400814,-0.007302463054656982,-0.1089593768119812,-0.25496961890916836,-0.029012203216552734,-0.0036507844924926758,-0.14408624886732113,0.0008057951927185059,-0.03449594974517822,-0.19113992869119656,0.02899104356765747,-0.0799441933631897,-0.2150680345223428,0.04822206497192383,-0.12480717897415161,-0.2347569239066125,0.014870405197143555,-0.008144855499267578,-0.14082302867631924,0.043491244316101074,-0.03006875514984131,-0.17352061688165676,0.06030857563018799,-0.05377393960952759,-0.1882326674387933,0.06948596239089966,-0.08244222402572632,-0.2042141628191949
0.0,0.0,0.0,-0.07552534341812134,0.006311357021331787,-0.04340047967400551,-0.13051176071166992,-0.0054236650466918945,-0.09149454367127419,-0.15674006938934326,-0.02516806125640869,-0.13502086532082558,-0.16391390562057495,-0.05457735061645508,-0.18180696499314308,-0.14651203155517578,-0.010996580123901367,-0.14389666748013497,-0.1870442032814026,-0.028290510177612305,-0.20196991991963387,-0.1969062089920044,-0.0460239052772522,-0.24051435124840737,-0.1865110993385315,-0.06706184148788452,-0.26596173477139473,-0.10637706518173218,-0.017778635025024414,-0.14894282650914192,-0.1100994348526001,-0.05203205347061157,-0.19797286224331856,-0.1081995964050293,-0.08354008197784424,-0.22500921618905068,-0.09149438142776489,-0.11248171329498291,-0.2530814094540119,-0.04931455850601196,-0.024479031562805176,-0.15160777997937203,-0.037993669509887695,-0.06383055448532104,-0.19899231028523445,-0.024926424026489258,-0.10563552379608154,-0.22343504261937142,-0.008697688579559326,-0.1491299271583557,-0.24445389044251442,0.00882333517074585,-0.03496408462524414,-0.15517224204506874,0.02814161777496338,-0.06055295467376709,-0.18610936236348152,0.039498329162597656,-0.07953459024429321,-0.19797864389386177,0.050139665603637695,-0.10574400424957275,-0.21341770720448494
0.0,0.0,0.0,0.02347952127456665,-0.04149752855300903,-0.04821037331532807,0.04934656620025635,-0.08994132280349731,-0.08628352189373345,0.07020878791809082,-0.13896870613098145,-0.11737071180652947,0.07388216257095337,-0.18795615434646606,-0.14936439150881142,-0.06362289190292358,-0.052865028381347656,-0.12088940495561928,-0.11110055446624756,-0.056060731410980225,-0.1859920864732203,-0.1429782509803772,-0.06739151477813721,-0.23274096304487557,-0.165971040725708,-0.08732414245605469,-0.25989001447271676,-0.0852859616279602,-0.04300057888031006,-0.1216367950470385,-0.11269247531890869,-0.06572580337524414,-0.1846851503283915,-0.1329706311225891,-0.08839982748031616,-0.22023760730337472,-0.14525777101516724,-0.10099858045578003,-0.24818017536711068,-0.07782679796218872,-0.03433042764663696,-0.12302468920063347,-0.08562159538269043,-0.06913429498672485,-0.1881431137950358,-0.0898926854133606,-0.09819310903549194,-0.22085822576593728,-0.09320634603500366,-0.12489175796508789,-0.24022843891691537,-0.057453811168670654,-0.02896934747695923,-0.12504015320848794,-0.05385500192642212,-0.0618557333946228,-0.17178876155924172,-0.05511200428009033,-0.08182275295257568,-0.18923331255030007,-0.05370640754699707,-0.10707175731658936,-0.2041761671931681
0.0,0.0,0.0,-0.07560473680496216,0.011891186237335205,-0.04252519839093338,-0.1410863995552063,0.0013981461524963379,-0.09174380459472786,-0.17704004049301147,-0.014824271202087402,-0.13650334634468209,-0.18960446119308472,-0.0402948260307312,-0.1842388437001432,-0.14703303575515747,-0.031144380569458008,-0.1370536015240873,-0.18443500995635986,-0.05392986536026001,-0.1942067370621885,-0.1999019980430603,-0.06784206628799438,-0.23332016923114907,-0.20096218585968018,-0.07961386442184448,-0.2582703904120649,-0.10679000616073608,-0.0364680290222168,-0.13942658164188515,-0.11929106712341309,-0.06690651178359985,-0.18524729468509804,-0.12966859340667725,-0.09398192167282104,-0.20724657931015145,-0.125993549823761,-0.11553061008453369,-0.2304279283492292,-0.05090075731277466,-0.038903772830963135,-0.1400671080558027,-0.03937840461730957,-0.07021093368530273,-0.18005756296798836,-0.029173970222473145,-0.10688835382461548,-0.1959203258959974,-0.019126296043395996,-0.14515328407287598,-0.21126811959430825,0.007916271686553955,-0.04298996925354004,-0.14217128612682473,0.025338828563690186,-0.06943082809448242,-0.1682469324080671,0.03508329391479492,-0.08835262060165405,-0.17467475690529,0.04484754800796509,-0.11420249938964844,-0.18504583098575722
0.0,0.0,0.0,0.017536640167236328,-0.048995256423950195,-0.050883250165185245,0.056073904037475586,-0.08588272333145142,-0.08477934994121483,0.08423948287963867,-0.12707990407943726,-0.11056948997398308,0.08808189630508423,-0.17339062690734863,-0.1384528557242959,-0.05327826738357544,-0.04128545522689819,-0.12262817271371773,-0.0642135739326477,-0.07052087783813477,-0.17864705421348503,-0.049906909465789795,-0.09529399871826172,-0.21691269971748284,-0.032116591930389404,-0.125796377658844,-0.24158131875415734,-0.060029029846191406,-0.023363113403320312,-0.11934449322839669,-0.04222637414932251,-0.06197744607925415,-0.17162960566898278,-0.0236169695854187,-0.09890955686569214,-0.19917641379257134,-0.0033845901489257812,-0.13451623916625977,-0.2243293205680459,-0.044352948665618896,-0.00768125057220459,-0.11687052794118813,-0.02421027421951294,-0.04589414596557617,-0.1693223098697274,-0.00016671419143676758,-0.088620126247406,-0.19497948684116295,0.022417426109313965,-0.13140267133712769,-0.21324528552909783,-0.021521687507629395,0.004046797752380371,-0.11659802295585564,0.006310224533081055,-0.0256921648979187,-0.15312196113487175,0.025959670543670654,-0.05325055122375488,-0.16926801003833702,0.04311668872833252,-0.08440554141998291,-0.18602429129501274
0.0,0.0,0.0,-0.06683003902435303,-0.0003808140754699707,-0.04035910444082447,-0.12218034267425537,-0.017792701721191406,-0.08998207973064609,-0.15319311618804932,-0.04201728105545044,-0.13581009434284397,-0.16774940490722656,-0.07656925916671753,-0.18516457305969425,-0.1482710838317871,-0.022602319717407227,-0.14420214520515628,-0.18783754110336304,-0.034609854221343994,-0.20925675557674595,-0.20027023553848267,-0.05473417043685913,-0.2534724347454471,-0.2020258903503418,-0.07996928691864014,-0.28106416987003513,-0.11034959554672241,-0.032662808895111084,-0.15206675456585117,-0.12814736366271973,-0.06218332052230835,-0.2098744832140369,-0.13808292150497437,-0.09362858533859253,-0.24012117312969394,-0.1373732089996338,-0.11936700344085693,-0.26834677384914585,-0.055638134479522705,-0.04416811466217041,-0.1579083673817081,-0.058024704456329346,-0.07958853244781494,-0.21614434050144382,-0.05842757225036621,-0.11815279722213745,-0.24426859842361637,-0.05703514814376831,-0.1556975245475769,-0.26472844408573337,0.004709362983703613,-0.05453455448150635,-0.16380949543537326,0.01495826244354248,-0.08364564180374146,-0.20698745773853489,0.01277625560760498,-0.09873306751251221,-0.22312914060177036,0.010273337364196777,-0.11673378944396973,-0.2388560049396915
0.0,0.0,0.0,0.05954277515411377,-0.04511892795562744,-0.04166625589859052,0.1029517650604248,-0.0848928689956665,-0.07188788206111951,0.1137579083442688,-0.13614249229431152,-0.0972443908525662,0.09428679943084717,-0.1874820590019226,-0.127187000222321,-0.0031052827835083008,-0.025626659393310547,-0.09889800996315046,0.003098130226135254,-0.055089473724365234,-0.14812675268184705,0.01923471689224243,-0.0919528603553772,-0.18793715686332746,0.03187280893325806,-0.1282230019569397,-0.2170343861056523,-0.05820947885513306,-0.013826847076416016,-0.10624649525415464,-0.04279780387878418,-0.05292773246765137,-0.15291018933784528,-0.023327350616455078,-0.10033601522445679,-0.18612226993572278,-0.005986988544464111,-0.14149117469787598,-0.2174248114300923,-0.09529334306716919,-0.008261382579803467,-0.11417643130552335,-0.0907636284828186,-0.04664897918701172,-0.16749815792572065,-0.07396000623703003,-0.08621448278427124,-0.19670641572010084,-0.051312148571014404,-0.11992943286895752,-0.2191170319987492,-0.12153244018554688,-0.00805056095123291,-0.12376558930408521,-0.13596969842910767,-0.0363086462020874,-0.1712397947980122,-0.1402251124382019,-0.06437516212463379,-0.1895431146098332,-0.1404065489768982,-0.08871817588806152,-0.20655758828651472
0.0,0.0,0.0,0.049871861934661865,-0.05523401498794556,-0.04327770930710528,0.08492177724838257,-0.09858971834182739,-0.07639037308278773,0.09053623676300049,-0.1417452096939087,-0.10501940038982127,0.06952691078186035,-0.18493562936782837,-0.13829846915784572,-0.014116823673248291,-0.035077571868896484,-0.09733869371000026,-0.033605873584747314,-0.05503737926483154,-0.15284076568666194,-0.022576630115509033,-0.08388805389404297,-0.1992537402826855,-0.014692068099975586,-0.12168824672698975,-0.23037603733125422,-0.06912392377853394,-0.011351346969604492,-0.10348149624648784,-0.06713598966598511,-0.036772310733795166,-0.1554844850021908,-0.05756038427352905,-0.07225722074508667,-0.18948768314901088,-0.04935723543167114,-0.10867244005203247,-0.2187746041733334,-0.10339343547821045,0.001484215259552002,-0.11025955763641093,-0.11263972520828247,-0.02710270881652832,-0.16687517103734706,-0.11740952730178833,-0.062262773513793945,-0.18923373755994533,-0.11342597007751465,-0.09602224826812744,-0.203111755223901,-0.12691491842269897,0.004419803619384766,-0.11894377556625102,-0.14816105365753174,-0.019516348838806152,-0.16197873887601588,-0.15709710121154785,-0.043394625186920166,-0.17125398156228755,-0.1620083451271057,-0.06553244590759277,-0.17989337679925654
0.0,0.0,0.0,-0.08293706178665161,-0.004261136054992676,-0.048712654925139987,-0.14525121450424194,-0.025446832180023193,-0.10205858103111609,-0.1744498610496521,-0.047569870948791504,-0.14950238815620764,-0.17434042692184448,-0.07811909914016724,-0.20248832455948218,-0.13600605726242065,-0.051459312438964844,-0.16190602532699927,-0.1646067500114441,-0.06782102584838867,-0.22463402799442633,-0.17683708667755127,-0.0842854380607605,-0.26703714481666907,-0.1734079122543335,-0.09817945957183838,-0.2967444872029148,-0.09662061929702759,-0.048050761222839355,-0.16435984424427375,-0.09038108587265015,-0.07468521595001221,-0.21981189302280768,-0.09218162298202515,-0.10744130611419678,-0.2524518286354862,-0.07943236827850342,-0.13036483526229858,-0.2859938358433567,-0.042214393615722656,-0.04210853576660156,-0.16364339641407355,-0.015474021434783936,-0.07552814483642578,-0.2106575583584629,0.003766477108001709,-0.11746770143508911,-0.23739559105709418,0.0212976336479187,-0.1579362154006958,-0.26333638182953223,0.0138968825340271,-0.04022645950317383,-0.16388099542930945,0.03885442018508911,-0.0677228569984436,-0.19399238280132636,0.05529564619064331,-0.09221243858337402,-0.20819637826755866,0.07059794664382935,-0.1214367151260376,-0.22759861401394232
0.0,0.0,0.0,0.03713512420654297,0.019074976444244385,-0.021308046876420406,0.07315903902053833,0.01692795753479004,-0.05426028847598019,0.09846925735473633,-0.005919218063354492,-0.08505378767751637,0.13367092609405518,-0.02601325511932373,-0.12222424998783055,0.07516217231750488,0.03570139408111572,-0.1151856864979166,0.1306774616241455,0.0002676844596862793,-0.1705397377898592,0.16337305307388306,-0.03529703617095947,-0.20762917503618183,0.1919354796409607,-0.07182031869888306,-0.23440209135316792,0.05138784646987915,0.02343374490737915,-0.13446009263299885,0.10575079917907715,-0.013437747955322266,-0.19637803837560597,0.1389426589012146,-0.06039315462112427,-0.23944711789392414,0.17564445734024048,-0.10026365518569946,-0.2743213485171694,0.021030783653259277,0.0018616914749145508,-0.15014219388269368,0.054706454277038574,-0.04329216480255127,-0.20712319120668354,0.08919066190719604,-0.0789070725440979,-0.24587497219346943,0.12245017290115356,-0.10916447639465332,-0.2755808244635958,-0.010333418846130371,-0.027924954891204834,-0.16387540206216755,-0.001419663429260254,-0.05858504772186279,-0.2140117894103426,0.014361977577209473,-0.07727670669555664,-0.2434692393233675,0.03354686498641968,-0.0971108078956604,-0.2677300284793276
0.0,0.0,0.0,0.0578685998916626,-0.05845510959625244,-0.04750573293399185,0.09838366508483887,-0.11178642511367798,-0.08671001748275131,0.11901253461837769,-0.16131144762039185,-0.12000615553092331,0.12403327226638794,-0.20702415704727173,-0.1573161150617537,0.02345484495162964,-0.04214233160018921,-0.1217313896222052,0.029928743839263916,-0.07276242971420288,-0.1848521347446379,0.04210692644119263,-0.10126334428787231,-0.23202404038142532,0.04593247175216675,-0.1334133744239807,-0.2635647024316725,-0.03965282440185547,-0.027057111263275146,-0.13001149551104874,-0.04483330249786377,-0.05910712480545044,-0.1995257552070555,-0.0448836088180542,-0.08916312456130981,-0.2443677152795729,-0.04751884937286377,-0.11021292209625244,-0.28007077829074234,-0.08432126045227051,-0.017638981342315674,-0.13793509856891006,-0.09720396995544434,-0.051488399505615234,-0.2131925489110884,-0.09216469526290894,-0.08728015422821045,-0.2547133828802046,-0.08754467964172363,-0.11718559265136719,-0.281781044165605,-0.11711370944976807,-0.019412577152252197,-0.1461670364541945,-0.14387500286102295,-0.04515880346298218,-0.2150696481866774,-0.1634291410446167,-0.06756174564361572,-0.2444454695386824,-0.178605854511261,-0.08845442533493042,-0.265647467534059
0.0,0.0,0.0,-0.08118504285812378,0.0016434192657470703,-0.058689984717396726,-0.146625816822052,-0.011505544185638428,-0.11822748486044787,-0.18229031562805176,-0.025319695472717285,-0.1692837804937639,-0.19803529977798462,-0.04990798234939575,-0.22536073926928424,-0.1311284303665161,-0.009684503078460693,-0.16517401043417834,-0.14709162712097168,-0.042963385581970215,-0.2228729308033266,-0.14185237884521484,-0.06383144855499268,-0.26143050495627307,-0.12938809394836426,-0.07900577783584595,-0.2881926626348772,-0.08889073133468628,-0.01084214448928833,-0.1604303300762453,-0.08322155475616455,-0.046187520027160645,-0.21173917058947467,-0.07505643367767334,-0.0792698860168457,-0.24036054615023517,-0.06247138977050781,-0.10801231861114502,-0.2692867845678606,-0.037383854389190674,-0.018482625484466553,-0.15315446559431933,-0.01708817481994629,-0.05261880159378052,-0.19728993181231402,0.006716787815093994,-0.09791368246078491,-0.2217040241146364,0.01988595724105835,-0.14375174045562744,-0.24414252046587848,0.011040985584259033,-0.034737586975097656,-0.1479241431141176,0.032572388648986816,-0.06519830226898193,-0.17805573646071338,0.049077630043029785,-0.09171861410140991,-0.19225551489832782,0.057727813720703125,-0.12447607517242432,-0.20933638814928912
0.0,0.0,0.0,-0.07438182830810547,-0.00397038459777832,-0.04009418115153096,-0.14210015535354614,-0.02919924259185791,-0.09051393270625852,-0.18012338876724243,-0.05135148763656616,-0.13724978566303037,-0.1995614767074585,-0.07332450151443481,-0.1888474106801965,-0.1438683271408081,-0.0352138876914978,-0.13844564855232022,-0.1701040267944336,-0.05486196279525757,-0.1949308395399072,-0.18317586183547974,-0.06537556648254395,-0.23370239436759732,-0.18426990509033203,-0.07462537288665771,-0.2589869976057031,-0.10467410087585449,-0.031756699085235596,-0.14265199303760312,-0.0952368974685669,-0.07280653715133667,-0.18874635100497983,-0.08100652694702148,-0.10622996091842651,-0.2148086458457925,-0.059922099113464355,-0.1362462043762207,-0.241733181477926,-0.05087625980377197,-0.0303422212600708,-0.1438218683017709,-0.0278170108795166,-0.07567185163497925,-0.18308550417556546,-0.002209961414337158,-0.12195885181427002,-0.20224179625644467,0.021846890449523926,-0.16891181468963623,-0.22035129666461728,0.004152357578277588,-0.03285104036331177,-0.14601837396755002,0.02456831932067871,-0.06910037994384766,-0.16988721788062833,0.043698012828826904,-0.0976719856262207,-0.17584869563712857,0.06080418825149536,-0.13181912899017334,-0.18631312549247525
0.0,0.0,0.0,-0.06600475311279297,-0.00022870302200317383,-0.04185737705257253,-0.12416672706604004,-0.013115406036376953,-0.08987060970094518,-0.15357398986816406,-0.02439635992050171,-0.13341278618600683,-0.16594797372817993,-0.045538127422332764,-0.18099202996518926,-0.1371820569038391,-0.022078633308410645,-0.12963021582391576,-0.16291069984436035,-0.051380813121795654,-0.18157630449560003,-0.16513675451278687,-0.06052619218826294,-0.21756879276063756,-0.15684455633163452,-0.06571656465530396,-0.24120246654775457,-0.10000008344650269,-0.023340940475463867,-0.132021136939791,-0.0828399658203125,-0.06274718046188354,-0.1711291897895606,-0.06120866537094116,-0.091808021068573,-0.19455298072126226,-0.037183284759521484,-0.11793756484985352,-0.21971587127473668,-0.04609912633895874,-0.028205931186676025,-0.13256400114324407,-0.021635353565216064,-0.06693363189697266,-0.16776704078939275,0.010162949562072754,-0.1070975661277771,-0.18793023413446264,0.03640633821487427,-0.14752662181854248,-0.20673503762510137,0.00803077220916748,-0.03664618730545044,-0.13453846460607366,0.03181535005569458,-0.06877470016479492,-0.15615993028905706,0.05210757255554199,-0.09369200468063354,-0.1634791869523795,0.06770086288452148,-0.1233873963356018,-0.17499218171861486
0.0,0.0,0.0,-0.0694015622138977,-0.011577188968658447,-0.06311880795755087,-0.12560123205184937,-0.03590887784957886,-0.12242808191575705,-0.15689843893051147,-0.05342000722885132,-0.1727378666261643,-0.17435652017593384,-0.07222992181777954,-0.22734683750667273,-0.12860500812530518,-0.01717519760131836,-0.16568240521945654,-0.121376633644104,-0.05305224657058716,-0.2256241291622132,-0.09406405687332153,-0.07245004177093506,-0.2630013376335114,-0.06657510995864868,-0.08794254064559937,-0.28813947735824286,-0.08737736940383911,-0.007425487041473389,-0.16093817351855932,-0.04712408781051636,-0.048248112201690674,-0.21551613508262335,-0.009196221828460693,-0.08790409564971924,-0.2443064749101609,0.021057844161987305,-0.12611258029937744,-0.2711064070323914,-0.03540527820587158,-0.006296932697296143,-0.15464407204189,0.004205107688903809,-0.05187690258026123,-0.20288492737807928,0.042449951171875,-0.10430383682250977,-0.22844366727866827,0.06816118955612183,-0.15558552742004395,-0.24902604518928229,0.012583255767822266,-0.015044152736663818,-0.15105094014205633,0.04586625099182129,-0.05401879549026489,-0.18474261461295782,0.07091212272644043,-0.08849340677261353,-0.20082120595969855,0.08640551567077637,-0.12442004680633545,-0.2174032479385346
0.0,0.0,0.0,-0.07660567760467529,-0.0066872239112854,-0.05960019360251323,-0.14380556344985962,-0.02399390935897827,-0.11826453785366908,-0.1838807463645935,-0.03793156147003174,-0.1694928450412263,-0.20448845624923706,-0.05658435821533203,-0.22542933057017223,-0.12638932466506958,-0.02049875259399414,-0.15418747494883434,-0.1322612166404724,-0.05410420894622803,-0.20941378603644267,-0.11905580759048462,-0.07067340612411499,-0.2466132087535371,-0.09809988737106323,-0.0848432183265686,-0.2726662797755708,-0.08305186033248901,-0.015050888061523438,-0.15058701167769328,-0.059948742389678955,-0.05185061693191528,-0.19725613723463908,-0.03446108102798462,-0.08796846866607666,-0.22484778295225993,-0.009669244289398193,-0.1231762170791626,-0.2528727097339143,-0.032105863094329834,-0.016407132148742676,-0.14564641247458354,-0.0035406947135925293,-0.05788147449493408,-0.18776813576884166,0.027146577835083008,-0.10896092653274536,-0.21222530732817546,0.04728931188583374,-0.15864062309265137,-0.23387153874106303,0.013794124126434326,-0.023711979389190674,-0.14343120585150615,0.03910857439041138,-0.06423294544219971,-0.17252776454157726,0.05853623151779175,-0.10016179084777832,-0.18621585200495616,0.06892704963684082,-0.1382656693458557,-0.2022232009000291
0.0,0.0,0.0,-0.07679468393325806,-0.004863440990447998,-0.04953508886357838,-0.14403867721557617,-0.025308728218078613,-0.10374619501492077,-0.1789277195930481,-0.04225736856460571,-0.15246245699783856,-0.1905246376991272,-0.06555628776550293,-0.2047331227626472,-0.127394437789917,-0.029270052909851074,-0.14186798470875317,-0.14403587579727173,-0.0661095380783081,-0.19795909958740765,-0.1474696397781372,-0.08195000886917114,-0.23554884332081372,-0.13971376419067383,-0.09226924180984497,-0.26029217677971417,-0.08542782068252563,-0.028637170791625977,-0.14191396969219738,-0.0810314416885376,-0.07216095924377441,-0.18972549277206952,-0.07359254360198975,-0.10189354419708252,-0.21383436458965832,-0.05883878469467163,-0.12556517124176025,-0.23730202453991467,-0.0343746542930603,-0.030697286128997803,-0.14069939094444806,-0.011555314064025879,-0.07152336835861206,-0.1833815022077232,0.015256702899932861,-0.11692112684249878,-0.2043766124810844,0.03600513935089111,-0.1619809865951538,-0.22228603499790722,0.01424562931060791,-0.0364111065864563,-0.1412478728856712,0.03711003065109253,-0.07158058881759644,-0.17015783923527295,0.055642783641815186,-0.10170912742614746,-0.18075466590782696,0.0705370306968689,-0.13799422979354858,-0.1932461603250175
0.0,0.0,0.0,-0.07615500688552856,-0.0012822747230529785,-0.04432069807215555,-0.14268189668655396,-0.02043670415878296,-0.09561452566548212,-0.1816139817237854,-0.03898519277572632,-0.14296610205336435,-0.20185500383377075,-0.06356358528137207,-0.19500392227335794,-0.13881635665893555,-0.034784793853759766,-0.13766020088358744,-0.16413915157318115,-0.060363173484802246,-0.19278622715636118,-0.1740923523902893,-0.0702294111251831,-0.2317541941897474,-0.16897428035736084,-0.07816022634506226,-0.2579123929040037,-0.09994208812713623,-0.03340351581573486,-0.1406248763100706,-0.09412205219268799,-0.0730658769607544,-0.18599009065790995,-0.0821981430053711,-0.10352134704589844,-0.21443932800455912,-0.06151479482650757,-0.13024914264678955,-0.2432423636214338,-0.04735302925109863,-0.03311574459075928,-0.14129346161051615,-0.028656721115112305,-0.074398934841156,-0.18182344286604746,-0.005143344402313232,-0.11722242832183838,-0.20628612785502298,0.014821529388427734,-0.16089576482772827,-0.22783037572069986,0.005745112895965576,-0.03534418344497681,-0.14331772475405558,0.02708590030670166,-0.07311147451400757,-0.16901212482615335,0.04376399517059326,-0.10181677341461182,-0.17953626363440378,0.05689990520477295,-0.13579893112182617,-0.193513254811009
0.0,0.0,0.0,-0.0765809416770935,0.0009643435478210449,-0.058285156211361766,-0.13992071151733398,-0.011311590671539307,-0.1150739434571122,-0.17511236667633057,-0.024159610271453857,-0.16448564263294685,-0.1898970603942871,-0.051443397998809814,-0.21819872590015876,-0.13023900985717773,-0.02203679084777832,-0.15094197722385871,-0.14339011907577515,-0.053310930728912354,-0.20989864500473487,-0.13329213857650757,-0.0702858567237854,-0.2505276146740769,-0.11624878644943237,-0.08628213405609131,-0.27743726404617775,-0.09161192178726196,-0.02259361743927002,-0.14806311758469093,-0.06441205739974976,-0.059095680713653564,-0.19614731701324928,-0.03467530012130737,-0.09687614440917969,-0.22415384086082923,-0.007777035236358643,-0.1364278793334961,-0.25190176995705116,-0.04175370931625366,-0.025996088981628418,-0.14413894148777473,-0.011222124099731445,-0.06223893165588379,-0.1864572259993409,0.02115190029144287,-0.11001592874526978,-0.2079691979498719,0.04398161172866821,-0.1604127287864685,-0.2268985751480912,0.004392743110656738,-0.03411632776260376,-0.14307857485722053,0.031002163887023926,-0.06447708606719971,-0.17094018491219032,0.05267077684402466,-0.09298515319824219,-0.18082929583500373,0.06638133525848389,-0.1274891495704651,-0.19364354940365303
0.0,0.0,0.0,-0.0527653694152832,-0.011908233165740967,-0.06059615188044987,-0.09220004081726074,-0.023853659629821777,-0.11704904832643948,-0.11195129156112671,-0.03783214092254639,-0.1641022364119955,-0.12270557880401611,-0.0641481876373291,-0.21466510989469967,-0.1203622817993164,-0.010289967060089111,-0.16776659586233578,-0.11256980895996094,-0.04627877473831177,-0.22705870368284664,-0.08503997325897217,-0.06973397731781006,-0.26325879492563686,-0.056913912296295166,-0.08790749311447144,-0.287718603990502,-0.08994144201278687,-0.004388034343719482,-0.16338614620966396,-0.06158930063247681,-0.03847968578338623,-0.2173936764220663,-0.03776973485946655,-0.07191979885101318,-0.24304528035921535,-0.014191150665283203,-0.10209786891937256,-0.2682597140292593,-0.04632085561752319,-0.0059051513671875,-0.15711871781153164,-0.012782275676727295,-0.04222667217254639,-0.207333768389649,0.0173952579498291,-0.08949416875839233,-0.23012504973215542,0.03939622640609741,-0.1360011100769043,-0.24917333819670162,-0.0024368762969970703,-0.016060829162597656,-0.15311076738638363,0.030218183994293213,-0.044684648513793945,-0.18928910293383083,0.04911923408508301,-0.07086288928985596,-0.20416692890924892,0.06069093942642212,-0.10085368156433105,-0.22024195887846432
0.0,0.0,0.0,-0.07990062236785889,-0.0005173087120056152,-0.0619842432461013,-0.144423246383667,-0.019129633903503418,-0.1215712673983802,-0.1797066330909729,-0.036986589431762695,-0.1725281201324691,-0.19506490230560303,-0.05915325880050659,-0.22767059728720085,-0.1272704005241394,-0.0033728480339050293,-0.16318699941255943,-0.13426882028579712,-0.03859531879425049,-0.22014685198881523,-0.12896525859832764,-0.05897843837738037,-0.25763862058737175,-0.11520588397979736,-0.07508862018585205,-0.2836857013426055,-0.08222633600234985,-0.0015170574188232422,-0.15799582228281395,-0.06383204460144043,-0.03776329755783081,-0.20618815943815605,-0.04512989521026611,-0.07637178897857666,-0.23277898356535331,-0.025861680507659912,-0.11266058683395386,-0.26035054251768486,-0.02924114465713501,-0.00827169418334961,-0.1513537786922683,-0.005118429660797119,-0.04621511697769165,-0.1945378504715194,0.02236086130142212,-0.09813451766967773,-0.2191526763162841,0.03985154628753662,-0.14837205410003662,-0.24151084050753013,0.018802881240844727,-0.023456811904907227,-0.14741438850977318,0.041110217571258545,-0.062268614768981934,-0.17834593579389946,0.05777120590209961,-0.09705710411071777,-0.19336842224218742,0.0659303069114685,-0.13366293907165527,-0.21051845178224937
0.0,0.0,0.0,-0.07484519481658936,-0.008288741111755371,-0.053082329795060446,-0.1372997760772705,-0.0324559211730957,-0.10950377361506014,-0.17480605840682983,-0.05198925733566284,-0.15890366362064867,-0.1926579475402832,-0.07822996377944946,-0.21272457169025927,-0.14295923709869385,-0.008508622646331787,-0.1563343160006383,-0.1538447141647339,-0.03977644443511963,-0.21543901191681414,-0.14844506978988647,-0.06092303991317749,-0.25480856524437456,-0.13885998725891113,-0.07819855213165283,-0.28074099646538286,-0.10180199146270752,-0.006048440933227539,-0.15527432189911394,-0.08149230480194092,-0.05015885829925537,-0.2031359426829198,-0.05673551559448242,-0.09102576971054077,-0.2289014957997182,-0.03351205587387085,-0.12932169437408447,-0.2558223508450368,-0.04767721891403198,-0.01258617639541626,-0.15228792057961016,-0.017213284969329834,-0.056985318660736084,-0.1944648079726079,0.014983713626861572,-0.10834485292434692,-0.2163090907189229,0.038358867168426514,-0.1612359881401062,-0.23634477482765703,0.004968166351318359,-0.02873295545578003,-0.15122902916401415,0.03147035837173462,-0.06734603643417358,-0.18119125591248064,0.05095720291137695,-0.10029423236846924,-0.19246310518711596,0.0637851357460022,-0.13845735788345337,-0.2062751107069829
0.0,0.0,0.0,-0.07594048976898193,-0.004566490650177002,-0.05432223492766752,-0.13358831405639648,-0.026031792163848877,-0.1095738742640151,-0.16524946689605713,-0.04646724462509155,-0.15790447929407492,-0.18108904361724854,-0.07660222053527832,-0.21074405649210348,-0.13583803176879883,-0.015823781490325928,-0.15484023430849447,-0.14981424808502197,-0.048268258571624756,-0.21337259152437582,-0.1503136157989502,-0.06707793474197388,-0.2533138577034606,-0.13995933532714844,-0.08284074068069458,-0.28045206108595266,-0.09609651565551758,-0.012455582618713379,-0.15377636590505972,-0.07785588502883911,-0.057221055030822754,-0.2035276029398574,-0.057409584522247314,-0.09685623645782471,-0.23304151335264578,-0.03407388925552368,-0.13247334957122803,-0.2625790421059264,-0.0424501895904541,-0.014795899391174316,-0.1508188430359496,-0.01626002788543701,-0.05883967876434326,-0.1959138993313445,0.013624072074890137,-0.11070752143859863,-0.22227716782595053,0.0367773175239563,-0.16168534755706787,-0.2449617121508254,0.010708153247833252,-0.025347530841827393,-0.1496926579764022,0.03572136163711548,-0.06376230716705322,-0.18052013555075064,0.05485129356384277,-0.09634673595428467,-0.19455266335512533,0.06884723901748657,-0.13242530822753906,-0.21093429961706534
0.0,0.0,0.0,-0.012870073318481445,-0.029506266117095947,-0.05440180124352878,-0.02565556764602661,-0.05737560987472534,-0.103927676841721,-0.03610330820083618,-0.0963478684425354,-0.1452799488754124,-0.0688524842262268,-0.13343006372451782,-0.18966445820043987,-0.10535454750061035,-0.0011019706726074219,-0.15182310836027568,-0.13543212413787842,-0.01544189453125,-0.21281797187040752,-0.13200539350509644,-0.03522467613220215,-0.25327045218656963,-0.122158944606781,-0.05572575330734253,-0.2787793626041264,-0.09981560707092285,0.008861899375915527,-0.1495042343587727,-0.10690993070602417,-0.014323711395263672,-0.20956163601587718,-0.10589921474456787,-0.041121482849121094,-0.23924346761415904,-0.10193979740142822,-0.06147563457489014,-0.26443255440901225,-0.07447183132171631,0.011927485466003418,-0.14547670380781597,-0.0726386308670044,-0.016318857669830322,-0.20509715871523326,-0.0693964958190918,-0.053274333477020264,-0.2326946456880421,-0.06822860240936279,-0.08847886323928833,-0.250309889480576,-0.04257243871688843,0.007085919380187988,-0.14277177052210277,-0.029510557651519775,-0.012808024883270264,-0.183070902988419,-0.026533126831054688,-0.03193652629852295,-0.19851393000791973,-0.026449382305145264,-0.054277896881103516,-0.21353403227041667
0.0,0.0,0.0,-0.047366440296173096,-0.02021646499633789,-0.05532888156334792,-0.08700722455978394,-0.03104543685913086,-0.10950543192188178,-0.11480647325515747,-0.04407787322998047,-0.1564959457234565,-0.1553909182548523,-0.06770014762878418,-0.207577260406417,-0.12685394287109375,0.002684950828552246,-0.15510174837867652,-0.1418076753616333,-0.020587265491485596,-0.21322459188262854,-0.13123852014541626,-0.04345297813415527,-0.2519987693146888,-0.11499255895614624,-0.0646892786026001,-0.2776763310746375,-0.10235267877578735,0.01271820068359375,-0.1535143872813407,-0.0942307710647583,-0.015860676765441895,-0.20805588570396338,-0.08461719751358032,-0.045858800411224365,-0.23798352685729895,-0.072562575340271,-0.07310295104980469,-0.2652479579762641,-0.06306606531143188,0.015642225742340088,-0.14962901380817328,-0.050965964794158936,-0.014073073863983154,-0.20236173477928077,-0.03904372453689575,-0.053024232387542725,-0.22984923628131781,-0.032525837421417236,-0.0929189920425415,-0.249695899160308,-0.021256327629089355,0.0109938383102417,-0.14745040443698798,0.00039899349212646484,-0.012096643447875977,-0.18198377099792395,0.008895576000213623,-0.03331238031387329,-0.19597083535949622,0.010921657085418701,-0.05841326713562012,-0.2112398466185752
0.0,0.0,0.0,0.026791810989379883,-0.06657087802886963,-0.04904043928070223,0.04628586769104004,-0.11849832534790039,-0.08746076256318247,0.04479438066482544,-0.15811127424240112,-0.1191466438798443,0.022162139415740967,-0.19344890117645264,-0.15450182438178217,-0.058347880840301514,-0.054034650325775146,-0.11514317870421564,-0.09775495529174805,-0.07144802808761597,-0.1709584581880108,-0.09383761882781982,-0.08834242820739746,-0.21376918137355005,-0.08271855115890503,-0.10938942432403564,-0.2415834057359234,-0.09178614616394043,-0.008669018745422363,-0.1156279283790127,-0.11073487997055054,-0.023450136184692383,-0.17208759367747462,-0.11432266235351562,-0.05057638883590698,-0.20364825308604395,-0.11008727550506592,-0.07428044080734253,-0.22882987439913904,-0.10038799047470093,0.023408174514770508,-0.11576079458279764,-0.11306995153427124,0.006411731243133545,-0.17494697749896204,-0.11393368244171143,-0.02648007869720459,-0.1969734716443554,-0.10894149541854858,-0.05675303936004639,-0.20819270491881525,-0.09748756885528564,0.042738139629364014,-0.11753450215144312,-0.10239815711975098,0.03674614429473877,-0.15826783955378687,-0.10424143075942993,0.02631300687789917,-0.1658693093089596,-0.10433465242385864,0.013117671012878418,-0.17237378537936365
0.0,0.0,0.0,0.020539462566375732,-0.04840087890625,-0.046181557244096894,0.0394434928894043,-0.09082502126693726,-0.08622250474098792,0.04589998722076416,-0.13654369115829468,-0.11895707762840857,0.03437572717666626,-0.17923718690872192,-0.15507468349341025,-0.07302457094192505,-0.02685648202896118,-0.1317305243671285,-0.11663240194320679,-0.03318828344345093,-0.18991555041674246,-0.126214861869812,-0.049282968044281006,-0.23115601903799643,-0.1266288161277771,-0.06936466693878174,-0.2574849999606954,-0.10079526901245117,-0.008655905723571777,-0.13381246990564932,-0.11505162715911865,-0.028105318546295166,-0.19233277208212485,-0.1190115213394165,-0.05770242214202881,-0.22404898471239676,-0.11823338270187378,-0.08106505870819092,-0.25159382588270773,-0.0998467206954956,0.0024317502975463867,-0.13458232349756827,-0.10449767112731934,-0.0229874849319458,-0.19514395064715018,-0.10345613956451416,-0.060962557792663574,-0.2241479731262075,-0.1009708046913147,-0.09712743759155273,-0.24312419957522025,-0.08696287870407104,0.004904568195343018,-0.1358760870159017,-0.08519494533538818,-0.015434443950653076,-0.180646625822817,-0.08710968494415283,-0.03382539749145508,-0.1965794391095983,-0.08992993831634521,-0.05802202224731445,-0.21136414772871603
0.0,0.0,0.0,-0.07218039035797119,-0.0010254383087158203,-0.04132513177947317,-0.13639098405838013,-0.02546215057373047,-0.0893679693098477,-0.17262321710586548,-0.04954010248184204,-0.1331868678088597,-0.1915198564529419,-0.07281124591827393,-0.18091376719431196,-0.13579273223876953,-0.02637350559234619,-0.12726997432665144,-0.1598483920097351,-0.06285732984542847,-0.178614190196555,-0.17045927047729492,-0.08095711469650269,-0.2133145838733128,-0.16781550645828247,-0.09281837940216064,-0.23576728103117262,-0.09758460521697998,-0.023988783359527588,-0.12972608802274976,-0.07979035377502441,-0.07367604970932007,-0.16889611480192457,-0.05964779853820801,-0.11343652009963989,-0.18940632638887678,-0.03517359495162964,-0.14765328168869019,-0.21178651449636732,-0.0453411340713501,-0.024301230907440186,-0.1304024517293385,-0.018045663833618164,-0.06822353601455688,-0.1653145760054997,0.011111617088317871,-0.11645632982254028,-0.1804115533585957,0.03760719299316406,-0.16323602199554443,-0.1950679778809956,0.007285475730895996,-0.02906101942062378,-0.13266088662103925,0.031287968158721924,-0.05988889932632446,-0.15404527482942854,0.05222517251968384,-0.08662056922912598,-0.15767183003382002,0.06962257623672485,-0.1195337176322937,-0.16569616494135175
0.0,0.0,0.0,0.02628505229949951,-0.029150545597076416,-0.032334704399062275,0.04402005672454834,-0.041574299335479736,-0.055151872783852696,0.06022399663925171,-0.04213309288024902,-0.0732400831579696,0.07997053861618042,-0.05616605281829834,-0.08998229026789772,0.062305748462677,0.01968282461166382,-0.05377385437483895,0.0114363431930542,0.01580524444580078,-0.08900813430543053,-0.021063804626464844,-0.01111757755279541,-0.11243259578938591,-0.043573617935180664,-0.041933417320251465,-0.1228599664568435,0.03904932737350464,0.047767698764801025,-0.04863124385471451,-0.015146732330322266,0.028462529182434082,-0.08282726675267327,-0.04867666959762573,-0.006895542144775391,-0.09516754418606865,-0.07550781965255737,-0.038403987884521484,-0.09819757610554802,0.01647365093231201,0.06287044286727905,-0.04531095966692078,-0.035054564476013184,0.03722578287124634,-0.07993004888291466,-0.06292873620986938,0.0010796785354614258,-0.08091566383833992,-0.08456695079803467,-0.03109419345855713,-0.07306116491551506,-0.0033177733421325684,0.06690472364425659,-0.04407814189787018,-0.04578065872192383,0.040783703327178955,-0.07009453743691552,-0.06959092617034912,0.01241391897201538,-0.06907911270852196,-0.0851408839225769,-0.01090693473815918,-0.06145497828717339
0.0,0.0,0.0,0.014632880687713623,-0.03343558311462402,-0.030712517215818025,0.027509093284606934,-0.04918253421783447,-0.05534188100597248,0.02941066026687622,-0.052166759967803955,-0.07563920342823849,0.027046918869018555,-0.057723164558410645,-0.09557522112032757,0.016572535037994385,-0.015726566314697266,-0.06609060639044628,-0.018850862979888916,-0.02329576015472412,-0.0976733344187437,-0.045347750186920166,-0.035671770572662354,-0.11508058780333386,-0.06822860240936279,-0.055065929889678955,-0.12282390916249142,-0.004673361778259277,0.014057457447052002,-0.06379068666598187,-0.05523592233657837,0.00012612342834472656,-0.09739299887320385,-0.0901375412940979,-0.021073460578918457,-0.10645824694535122,-0.11617743968963623,-0.044197261333465576,-0.108540266989678,-0.023740947246551514,0.03474628925323486,-0.06180245825549946,-0.07371330261230469,0.014800488948822021,-0.09691784554621563,-0.10667240619659424,-0.011881351470947266,-0.09665346914431439,-0.1278974413871765,-0.0371856689453125,-0.08911402547261105,-0.039685845375061035,0.04617929458618164,-0.061505191265553094,-0.07883954048156738,0.033989906311035156,-0.08731173002621517,-0.10423696041107178,0.009379267692565918,-0.08413220220705853,-0.11984831094741821,-0.013944506645202637,-0.07645218098065243
0.0,0.0,0.0,0.022545695304870605,-0.0318034291267395,-0.017754615109453198,0.04377204179763794,-0.054802119731903076,-0.029326156538019177,0.05414324998855591,-0.06808531284332275,-0.04016950615871906,0.05567210912704468,-0.07618999481201172,-0.052667117502579686,0.03558027744293213,-0.028743863105773926,-0.03720002883304119,0.04594177007675171,-0.04014086723327637,-0.05962215998400211,0.04655736684799194,-0.05369347333908081,-0.07560634129870891,0.03785502910614014,-0.06832724809646606,-0.08429195248712062,0.018254399299621582,-0.003579378128051758,-0.039390059944281575,-0.019804298877716064,-0.013942182064056396,-0.06528783106435299,-0.04806387424468994,-0.033680081367492676,-0.07637930923331737,-0.07079708576202393,-0.05251729488372803,-0.08173534535993099,-0.003634035587310791,0.01624143123626709,-0.04219659679759502,-0.044554829597473145,0.0027309060096740723,-0.06804783159125805,-0.06805974245071411,-0.02419877052307129,-0.07152994238961696,-0.08776170015335083,-0.04742926359176636,-0.0696626927815771,-0.024516820907592773,0.02508336305618286,-0.04618135356534481,-0.05602186918258667,0.01612269878387451,-0.0668822180591917,-0.07393485307693481,-0.003231942653656006,-0.06718300544847011,-0.08985179662704468,-0.022549450397491455,-0.06340483092893123
0.0,0.0,0.0,0.020955562591552734,-0.03533726930618286,-0.030372277551634852,0.036259233951568604,-0.055361390113830566,-0.05155978416775042,0.04474443197250366,-0.06123274564743042,-0.06909798150633151,0.05269736051559448,-0.07087939977645874,-0.08657465940092379,0.027746915817260742,-0.023732304573059082,-0.05348379974935824,-0.007176756858825684,-0.027515053749084473,-0.08756969189022357,-0.021274924278259277,-0.03973102569580078,-0.1109475276408034,-0.035769104957580566,-0.06240493059158325,-0.12196634774778659,0.0031728744506835938,0.005213022232055664,-0.05104113435123736,-0.0450400710105896,-0.007351696491241455,-0.08722318028782183,-0.07592695951461792,-0.029755234718322754,-0.10103232478473956,-0.10017812252044678,-0.05650019645690918,-0.10539034073923403,-0.01759546995162964,0.025591015815734863,-0.05004035001371676,-0.0666501522064209,0.005980193614959717,-0.08857612376783663,-0.09803098440170288,-0.01959282159805298,-0.09137968038891131,-0.1199638843536377,-0.04785126447677612,-0.08426065062855059,-0.033402204513549805,0.03491473197937012,-0.05085349520419413,-0.07267385721206665,0.01900017261505127,-0.07995317196224505,-0.09772753715515137,-0.0033224821090698242,-0.07878399705265338,-0.11513012647628784,-0.02841705083847046,-0.07146114920948321
0.0,0.0,0.0,0.018966376781463623,-0.03453010320663452,-0.02401332733285244,0.03525358438491821,-0.05391925573348999,-0.04297142279398258,0.04491245746612549,-0.05870264768600464,-0.05947787490737255,0.05123168230056763,-0.06235337257385254,-0.07558356774103459,0.03248864412307739,-0.029716134071350098,-0.04866976467025097,0.008824408054351807,-0.03587138652801514,-0.07982129407179173,-0.002333223819732666,-0.04646897315979004,-0.09884062212955769,-0.015820205211639404,-0.06689822673797607,-0.10690718692791279,0.012060940265655518,0.0028676390647888184,-0.04905108538520153,-0.030764281749725342,-0.008952856063842773,-0.08319545340788181,-0.06130498647689819,-0.02598273754119873,-0.09445323598635014,-0.0858197808265686,-0.04833108186721802,-0.09651170474541004,-0.006836891174316406,0.029200375080108643,-0.050373962047217447,-0.05765867233276367,0.008179247379302979,-0.08766227764141377,-0.09119808673858643,-0.013422846794128418,-0.0892631466413718,-0.11407935619354248,-0.03938090801239014,-0.0810851584101897,-0.023378312587738037,0.04465770721435547,-0.05291760143887814,-0.06281143426895142,0.028637290000915527,-0.08114006173860844,-0.09062415361404419,0.0055539608001708984,-0.07894854051124867,-0.10918903350830078,-0.02010345458984375,-0.070544240894435
0.0,0.0,0.0,0.00916069746017456,-0.039232075214385986,-0.024537343059279237,0.014883041381835938,-0.0657147765159607,-0.04620794904658965,0.015093028545379639,-0.07685846090316772,-0.06492278677652052,0.01236182451248169,-0.08899056911468506,-0.08387141627500228,0.00016355514526367188,-0.050090909004211426,-0.05843645659516028,-0.03789633512496948,-0.05238109827041626,-0.08724667084644011,-0.06295609474182129,-0.06202232837677002,-0.10452420217225722,-0.08418077230453491,-0.07780921459197998,-0.11286392015645674,-0.020045042037963867,-0.016249418258666992,-0.058662853662468706,-0.06463277339935303,-0.026398301124572754,-0.08839262974689177,-0.09865480661392212,-0.04515552520751953,-0.09633684111068419,-0.12498950958251953,-0.06463038921356201,-0.09887454611489943,-0.03515750169754028,0.012416601181030273,-0.058718684588171755,-0.08170437812805176,-0.002956867218017578,-0.09072371524999312,-0.11416304111480713,-0.026914000511169434,-0.08833343488404921,-0.13646340370178223,-0.049796462059020996,-0.08040410978028945,-0.04688972234725952,0.03374218940734863,-0.06016005155871085,-0.08513081073760986,0.022726833820343018,-0.08297341269681624,-0.11124932765960693,-0.0003069639205932617,-0.07745092314908675,-0.128292977809906,-0.022610485553741455,-0.06918457848260573
0.0,0.0,0.0,0.010396003723144531,-0.03691762685775757,-0.0327499901147803,0.015706360340118408,-0.05529695749282837,-0.059158804008575316,0.0031391382217407227,-0.04831385612487793,-0.08139337424358928,-0.00902402400970459,-0.045672833919525146,-0.10326660249552333,0.039689838886260986,-0.011887729167938232,-0.0627402943762263,0.021271944046020508,-0.003311634063720703,-0.09410586033186519,0.008537530899047852,-0.011058568954467773,-0.11244267795404994,-0.008568286895751953,-0.03021526336669922,-0.1208489221723994,0.026450812816619873,0.026891767978668213,-0.059034535774799224,-0.02861344814300537,0.022544264793395996,-0.09383690927347743,-0.06474828720092773,0.0016664862632751465,-0.10380293253979289,-0.09142047166824341,-0.02419036626815796,-0.1046903413923701,0.006612718105316162,0.050945162773132324,-0.05640075925907695,-0.04925912618637085,0.03627276420593262,-0.08985182468018138,-0.08198410272598267,0.012492775917053223,-0.09019663755020702,-0.10242748260498047,-0.014363586902618408,-0.08231103245339,-0.01287841796875,0.06385481357574463,-0.055902993419977065,-0.05440700054168701,0.05177098512649536,-0.08082822535357082,-0.07969391345977783,0.027878880500793457,-0.0788172540458163,-0.0949663519859314,0.0026189684867858887,-0.0707601291330775
0.0,0.0,0.0,0.015528321266174316,-0.035771191120147705,-0.026995390752659887,0.030703186988830566,-0.05438733100891113,-0.04921852248381242,0.03704845905303955,-0.04912996292114258,-0.06860477300952539,0.04106462001800537,-0.039656877517700195,-0.08733832659791574,0.04450112581253052,-0.006424367427825928,-0.04991425397466287,0.026410698890686035,-0.002478301525115967,-0.08085358711551294,0.020915627479553223,-0.01490926742553711,-0.10059907856057748,0.01376795768737793,-0.03779292106628418,-0.11026324155400857,0.02961677312850952,0.03051668405532837,-0.04955176832746133,-0.02448582649230957,0.024518132209777832,-0.08533527525733575,-0.05990380048751831,0.0002824068069458008,-0.096564186835991,-0.08430498838424683,-0.026528358459472656,-0.09764951291154489,0.009515225887298584,0.05514681339263916,-0.05033628838728532,-0.04542011022567749,0.03806447982788086,-0.08613821687768564,-0.0786210298538208,0.009890139102935791,-0.08544280948709115,-0.09801048040390015,-0.01955479383468628,-0.07599424394439325,-0.010338902473449707,0.06826275587081909,-0.05279765474270448,-0.05300760269165039,0.056727826595306396,-0.07962247552941903,-0.0788353681564331,0.03109586238861084,-0.07624861421655282,-0.09315747022628784,0.004036009311676025,-0.06651241900991067
0.0,0.0,0.0,0.00861656665802002,-0.030012011528015137,-0.04484203315399782,0.00036662817001342773,-0.05051600933074951,-0.07981067380927698,-0.013967633247375488,-0.05888521671295166,-0.1061475299956669,-0.031211555004119873,-0.05947333574295044,-0.13176916769765512,0.013417363166809082,0.020872533321380615,-0.09926470599197046,-0.031853437423706055,0.0005980730056762695,-0.13507934144757883,-0.054312169551849365,-0.020647048950195312,-0.15224135152124063,-0.07092708349227905,-0.04212021827697754,-0.16204768649362222,-0.00746309757232666,0.05364304780960083,-0.08922388634704248,-0.06857138872146606,0.018971383571624756,-0.1257361792685856,-0.10391247272491455,-0.01920771598815918,-0.1386305861832966,-0.12688696384429932,-0.05457526445388794,-0.14636615148805276,-0.03131139278411865,0.07082527875900269,-0.07917044541858331,-0.09053146839141846,0.030185699462890625,-0.11072235784553186,-0.12038934230804443,-0.012192606925964355,-0.11928189030908243,-0.13908147811889648,-0.04791063070297241,-0.12274840704225198,-0.054369986057281494,0.07629275321960449,-0.07141018888972894,-0.09604525566101074,0.04515284299850464,-0.0941495247843136,-0.11821538209915161,0.013838112354278564,-0.10195338956140176,-0.13425087928771973,-0.011443734169006348,-0.1061395280721058
0.0,0.0,0.0,0.015057504177093506,-0.03856456279754639,-0.031645170289024804,0.03132796287536621,-0.058141469955444336,-0.057114991235479806,0.027232348918914795,-0.05001026391983032,-0.07866782217000434,0.01764082908630371,-0.03896421194076538,-0.10018405585263679,0.04713547229766846,-0.02279341220855713,-0.06093832744930694,0.04181230068206787,-0.025496482849121094,-0.09347461431001136,0.04433155059814453,-0.032834529876708984,-0.11329743533109138,0.04264354705810547,-0.048985302448272705,-0.12371495633099983,0.036740005016326904,0.020131409168243408,-0.05910267575357864,-0.009554028511047363,0.01689469814300537,-0.09969280182097862,-0.04814690351486206,-0.0035480856895446777,-0.11162080137704322,-0.07589083909988403,-0.03018367290496826,-0.11214842169259498,0.01776224374771118,0.05075007677078247,-0.05825968726252029,-0.03490924835205078,0.037658512592315674,-0.09810743002866218,-0.07225227355957031,0.01163703203201294,-0.09755293546889732,-0.09425210952758789,-0.01871013641357422,-0.087292547213778,-0.00255739688873291,0.0694006085395813,-0.05934329970453689,-0.04349684715270996,0.05904054641723633,-0.08872327475522468,-0.07267576456069946,0.03330451250076294,-0.08588495372508476,-0.08986729383468628,0.004996538162231445,-0.07636170356248329
0.0,0.0,0.0,0.018343210220336914,-0.03473550081253052,-0.021441030571850206,0.0330546498298645,-0.06454873085021973,-0.038195352325828935,0.03529012203216553,-0.07591456174850464,-0.05329674787321892,0.031120479106903076,-0.08001261949539185,-0.06895543194809761,0.030533254146575928,-0.04009515047073364,-0.041164665738733675,0.01141512393951416,-0.04890722036361694,-0.06575613773861733,0.00982135534286499,-0.06198906898498535,-0.08175876296559181,0.007783353328704834,-0.08148527145385742,-0.08963979340592232,0.013279914855957031,-0.004788517951965332,-0.04191536761322823,-0.03027927875518799,-0.015842974185943604,-0.07214272327223625,-0.061295390129089355,-0.03499448299407959,-0.0818721384505352,-0.08344882726669312,-0.05800861120223999,-0.08335093713799324,-0.004419863224029541,0.024907410144805908,-0.043210163036974336,-0.05141568183898926,0.011639773845672607,-0.07496010072031822,-0.08218181133270264,-0.008798956871032715,-0.07480573214093056,-0.10405945777893066,-0.03450745344161987,-0.06652717597285118,-0.020584285259246826,0.04360342025756836,-0.04582279107967224,-0.054718732833862305,0.037489354610443115,-0.0687050253848156,-0.07940161228179932,0.02032327651977539,-0.06447330422201958,-0.09793949127197266,-0.001643836498260498,-0.05530958182612267
0.0,0.0,0.0,0.016118645668029785,-0.03667408227920532,-0.0302999208294068,0.025126099586486816,-0.05404168367385864,-0.05590106384681803,0.01817142963409424,-0.048771798610687256,-0.07788146125005824,0.008855760097503662,-0.04460233449935913,-0.09932512627767665,0.03138548135757446,0.00037550926208496094,-0.06009147899078471,0.0016914606094360352,0.009490430355072021,-0.09250998334812266,-0.022212088108062744,-0.0013543963432312012,-0.11217381642984492,-0.04436832666397095,-0.022644340991973877,-0.12144324766325099,0.015545964241027832,0.03529345989227295,-0.05760598393010241,-0.039126694202423096,0.024346888065338135,-0.09065320180582148,-0.07532209157943726,-0.0007248520851135254,-0.10002476559805018,-0.10142773389816284,-0.028133869171142578,-0.10170350061582667,-0.0029876232147216797,0.05680626630783081,-0.05629227520751101,-0.05689048767089844,0.03794991970062256,-0.08894663141893489,-0.08961755037307739,0.011112868785858154,-0.08823668049501521,-0.11081439256668091,-0.01632744073867798,-0.08035381721185786,-0.020600080490112305,0.06805974245071411,-0.057047745453587595,-0.06015157699584961,0.05639690160751343,-0.08097704337762934,-0.08626896142959595,0.02983921766281128,-0.07781670825409037,-0.10251396894454956,0.003807246685028076,-0.06968694763111216
0.0,0.0,0.0,0.017936408519744873,-0.0422358512878418,-0.027397989953016122,0.030288755893707275,-0.0700613260269165,-0.05003024424061664,0.03298008441925049,-0.07305943965911865,-0.06909018541321643,0.03590428829193115,-0.07058405876159668,-0.08761528665766605,0.025676250457763672,-0.02185159921646118,-0.055859060684298356,-0.017202913761138916,-0.023215174674987793,-0.08796627605900653,-0.03998368978500366,-0.036248624324798584,-0.1092826479171265,-0.05846589803695679,-0.05910295248031616,-0.11970492238745578,0.0034345388412475586,0.013484954833984375,-0.05508337701306232,-0.046397864818573,-0.0028268098831176758,-0.0883257889245499,-0.07983756065368652,-0.023786306381225586,-0.09893505806670078,-0.10482650995254517,-0.04870116710662842,-0.10179185653672107,-0.0164605975151062,0.03708064556121826,-0.05497338781700023,-0.06674760580062866,0.01400071382522583,-0.08881683433995136,-0.09825372695922852,-0.010689079761505127,-0.08696619207606204,-0.11757552623748779,-0.03788822889328003,-0.0778100394700516,-0.033067166805267334,0.04755866527557373,-0.05657250220522769,-0.0718269944190979,0.031262755393981934,-0.08078391636357196,-0.09637969732284546,0.007970809936523438,-0.07480596537337192,-0.11127632856369019,-0.018567383289337158,-0.0646162831281174
0.0,0.0,0.0,0.022300124168395996,-0.03663438558578491,-0.02701889731216056,0.039442241191864014,-0.056948840618133545,-0.048083840014811585,0.04199564456939697,-0.054949820041656494,-0.06563856274115665,0.04085338115692139,-0.05224335193634033,-0.08233723610865695,0.04318737983703613,-0.01479572057723999,-0.054221527727719376,0.009291291236877441,-0.010415971279144287,-0.08223844886052234,-0.008128643035888672,-0.020924627780914307,-0.09763615399825198,-0.023481249809265137,-0.04180097579956055,-0.10432731926667316,0.02359837293624878,0.022056519985198975,-0.0525628682993613,-0.024245858192443848,0.01693814992904663,-0.08537587344872577,-0.059121131896972656,-0.004426360130310059,-0.0946729984902106,-0.08483880758285522,-0.031209826469421387,-0.09554585635888202,0.004725992679595947,0.04863816499710083,-0.05131356239544971,-0.04479658603668213,0.03760707378387451,-0.08478571295964343,-0.07877641916275024,0.01222991943359375,-0.08352022439467532,-0.10010147094726562,-0.018461883068084717,-0.07431909263360126,-0.01232999563217163,0.06261152029037476,-0.05158441335188968,-0.04947400093078613,0.05864143371582031,-0.07622758865582568,-0.07554799318313599,0.03527885675430298,-0.07180012583958728,-0.09168952703475952,0.007310807704925537,-0.06215656742679698
0.0,0.0,0.0,0.01647806167602539,-0.04317837953567505,-0.030048925209740673,0.02834451198577881,-0.06482547521591187,-0.054825443554619824,0.027261316776275635,-0.0583534836769104,-0.07552095108101753,0.021717429161071777,-0.04775923490524292,-0.09579090379546074,0.037532806396484375,-0.00749891996383667,-0.06083888538549331,0.0018832683563232422,-0.004266679286956787,-0.09143007152150062,-0.0180930495262146,-0.018839001655578613,-0.1103018557317057,-0.03457474708557129,-0.04302799701690674,-0.11954223715136436,0.020133376121520996,0.03219395875930786,-0.05867408566544441,-0.03321385383605957,0.020538806915283203,-0.09200349055598167,-0.06950664520263672,-0.004381835460662842,-0.10177977733681587,-0.0961950421333313,-0.032160162925720215,-0.10335747503111747,0.000988602638244629,0.05836963653564453,-0.05701326556871322,-0.05401873588562012,0.038703739643096924,-0.09066752694914726,-0.08891278505325317,0.011827349662780762,-0.08966856055329231,-0.11076736450195312,-0.016885221004486084,-0.08107155166933921,-0.017059266567230225,0.07114917039871216,-0.05713584997127441,-0.05778557062149048,0.05796372890472412,-0.08217130206892875,-0.08561640977859497,0.03190290927886963,-0.07762924187252906,-0.10264360904693604,0.004362165927886963,-0.06800684683392433
0.0,0.0,0.0,0.01822894811630249,-0.039920032024383545,-0.026455420745776337,0.032827556133270264,-0.0667300820350647,-0.04943802554743115,0.03743213415145874,-0.06823605298995972,-0.0693024431599838,0.03741955757141113,-0.06526780128479004,-0.08887854565517728,0.03815716505050659,-0.028847813606262207,-0.05539332304732625,0.010586738586425781,-0.031071066856384277,-0.0881995816959602,-0.003580927848815918,-0.038967013359069824,-0.10847520430223767,-0.018376469612121582,-0.05802261829376221,-0.11786870260374371,0.019340097904205322,0.01119619607925415,-0.055474325759576004,-0.028256893157958984,0.0004444718360900879,-0.09210688222782437,-0.063224196434021,-0.02010202407836914,-0.10347610314028088,-0.09034085273742676,-0.04578840732574463,-0.10520074863569562,-0.0003979802131652832,0.04099118709564209,-0.056225567801163834,-0.05231732130050659,0.022118031978607178,-0.09367622782127683,-0.08788102865219116,-0.002977311611175537,-0.09304854620830838,-0.11111259460449219,-0.03170078992843628,-0.08350871850387875,-0.01912510395050049,0.05842018127441406,-0.058516103519366425,-0.05908310413360596,0.042541563510894775,-0.08594314355985944,-0.08712446689605713,0.017047464847564697,-0.08189401377575223,-0.1049085259437561,-0.009917616844177246,-0.07213686753647153
0.0,0.0,0.0,0.03826659917831421,0.0095672607421875,-0.020594268049724196,0.08112066984176636,0.0208282470703125,-0.035112914573080634,0.11795240640640259,0.024093329906463623,-0.0456931525279356,0.14641481637954712,0.018239378929138184,-0.056361866127379034,0.07837378978729248,0.031443119049072266,-0.04461707262290249,0.11162686347961426,0.028438270092010498,-0.06700620142710934,0.1333751678466797,0.014743566513061523,-0.08060797391427288,0.15039950609207153,-0.004940688610076904,-0.08809068886531124,0.0651276707649231,0.03519558906555176,-0.04139451397550831,0.09768617153167725,0.03941625356674194,-0.0606649340499712,0.1186184287071228,0.028423607349395752,-0.0673107290078474,0.13135874271392822,0.009884059429168701,-0.07188476709616909,0.051612794399261475,0.035614192485809326,-0.03905224142564068,0.07986831665039062,0.037093937397003174,-0.05630874348772297,0.10189491510391235,0.022878944873809814,-0.05721427960289249,0.11584097146987915,0.0020714998245239258,-0.056626179199345206,0.0393485426902771,0.03166544437408447,-0.037856341283447836,0.06525957584381104,0.02849942445755005,-0.052693312000162695,0.08228826522827148,0.014587879180908203,-0.05436726001990566,0.09444361925125122,-0.004897177219390869,-0.05398245243323574
0.0,0.0,0.0,0.011798381805419922,-0.019480526447296143,-0.014531225181315222,0.016487717628479004,-0.03763759136199951,-0.028066927782390394,0.01581937074661255,-0.047417640686035156,-0.03928907795915393,0.009877562522888184,-0.055538177490234375,-0.051700951746795454,-0.013972938060760498,-0.016489088535308838,-0.046907125256154814,-0.037174761295318604,-0.015307843685150146,-0.06751825123200206,-0.05273556709289551,-0.014219164848327637,-0.0817640370048025,-0.06848162412643433,-0.014352858066558838,-0.08982888071903972,-0.029417574405670166,-0.000898897647857666,-0.048291893891189375,-0.05212056636810303,-0.007275402545928955,-0.06880615859398631,-0.06842344999313354,-0.00916200876235962,-0.07804897635350017,-0.08407026529312134,-0.0073274970054626465,-0.0847448354876974,-0.036932945251464844,0.008527994155883789,-0.0487028567410448,-0.0601879358291626,-0.0012734532356262207,-0.06979313700566081,-0.07486671209335327,-0.008081614971160889,-0.07566911934981135,-0.08790081739425659,-0.01095503568649292,-0.07801077722677974,-0.040706098079681396,0.013164341449737549,-0.049380714289043226,-0.061068713665008545,0.0004419684410095215,-0.06622879414925364,-0.07239419221878052,-0.007643342018127441,-0.06895098297962932,-0.08277851343154907,-0.01135319471359253,-0.07019925325283793
0.0,0.0,0.0,-0.04384255409240723,0.00419190526008606,-0.02457114826430029,-0.08802932500839233,0.006637156009674072,-0.05189481894959158,-0.11032575368881226,0.0054780542850494385,-0.07761912937749571,-0.11478084325790405,0.00899285078048706,-0.10455633844722456,-0.06857722997665405,0.015547841787338257,-0.06368582095493025,-0.0946391224861145,0.00924953818321228,-0.09169662888635344,-0.11497294902801514,0.0010717213153839111,-0.11094074096072859,-0.12468975782394409,-0.006386369466781616,-0.12230362887967772,-0.05208277702331543,0.007893860340118408,-0.06361016775954909,-0.06823796033859253,-0.00632709264755249,-0.08574226643432326,-0.08916658163070679,-0.012860476970672607,-0.09534084196675963,-0.10010212659835815,-0.015356868505477905,-0.1044249549089784,-0.03139650821685791,-0.004628211259841919,-0.06304722424138731,-0.04474085569381714,-0.02086704969406128,-0.08374224002946562,-0.06662863492965698,-0.022375017404556274,-0.08383483584512419,-0.08316177129745483,-0.02515605092048645,-0.08382377918351835,-0.010229766368865967,-0.0232526957988739,-0.0639579385100717,-0.015461206436157227,-0.03732737898826599,-0.07597737904180235,-0.03142493963241577,-0.03796589374542236,-0.07183560873855299,-0.0461503267288208,-0.04152911901473999,-0.0696572005330438
0.0,0.0,0.0,0.01763772964477539,-0.021238863468170166,-0.018758206959446966,0.022508740425109863,-0.04082226753234863,-0.03546657353230387,0.021722018718719482,-0.052763789892196655,-0.050360775883874,0.02133864164352417,-0.06499585509300232,-0.06648331075497538,-0.016558349132537842,-0.02578076720237732,-0.05011212765761286,-0.04808169603347778,-0.025787651538848877,-0.07491899221726328,-0.06855851411819458,-0.028945446014404297,-0.09482458918877512,-0.0821371078491211,-0.03343510627746582,-0.10729294210263163,-0.03962427377700806,-0.01180797815322876,-0.05153802349754244,-0.06183344125747681,-0.014850437641143799,-0.07562049418278605,-0.07955563068389893,-0.02064397931098938,-0.0897735127765742,-0.09215885400772095,-0.021755069494247437,-0.10132642775364786,-0.05032753944396973,-0.0034740567207336426,-0.05205905004926592,-0.07091373205184937,-0.01098853349685669,-0.076909608538827,-0.08576303720474243,-0.017149686813354492,-0.08347299635001093,-0.09872955083847046,-0.02314293384552002,-0.08666811823435694,-0.0550193190574646,-0.0030795931816101074,-0.05311360522695452,-0.07776683568954468,-0.01158839464187622,-0.07184941261597544,-0.09163302183151245,-0.014845013618469238,-0.07264982848950297,-0.10250246524810791,-0.02074870467185974,-0.07312466889210611
0.0,0.0,0.0,-0.029825210571289062,-0.005254983901977539,-0.03163520137064246,-0.05114114284515381,-0.0062277913093566895,-0.05800885597460059,-0.05736410617828369,-0.0056040287017822266,-0.07999405527703551,-0.04901617765426636,-0.0012938976287841797,-0.10299645627133636,-0.0188407301902771,0.005453884601593018,-0.0656648602544525,-0.011064350605010986,-0.0073517560958862305,-0.09064455593220977,-0.003869950771331787,-0.017130523920059204,-0.1076495673715332,0.005143463611602783,-0.026964128017425537,-0.11871102715127257,0.0001779794692993164,0.008466005325317383,-0.06037649402611045,0.018139898777008057,-0.0010737180709838867,-0.08184866870038299,0.026905059814453125,-0.011583149433135986,-0.09590459877841262,0.03717738389968872,-0.022951841354370117,-0.10828067625157622,0.01845264434814453,0.008460462093353271,-0.05500785151712684,0.036048173904418945,-0.003070056438446045,-0.07283236349217681,0.04946541786193848,-0.017354846000671387,-0.08201233560435561,0.060663461685180664,-0.03286367654800415,-0.09007030243270187,0.033146560192108154,0.0025815367698669434,-0.05136934558145789,0.04999804496765137,-0.01015704870223999,-0.06288828963629989,0.06037670373916626,-0.02059599757194519,-0.06741614157550124,0.06767386198043823,-0.03169381618499756,-0.07267147565476684
0.0,0.0,0.0,-0.001210331916809082,0.004830420017242432,-0.02014128053805564,-0.01157611608505249,0.0018355846405029297,-0.039238249233576994,-0.01595693826675415,-0.007780671119689941,-0.05641936259588931,-0.013485610485076904,-0.022119879722595215,-0.07528302567324374,-0.03475230932235718,-0.00884634256362915,-0.05689740302285884,-0.056338608264923096,-0.01845771074295044,-0.08442020910105441,-0.06773567199707031,-0.02743685245513916,-0.10541592287144397,-0.07334506511688232,-0.03454658389091492,-0.11848748969158862,-0.04533112049102783,-0.013957500457763672,-0.05821600305161212,-0.05971121788024902,-0.02388930320739746,-0.08390465872606967,-0.0734902024269104,-0.03112885355949402,-0.09837805228552554,-0.08255016803741455,-0.03189924359321594,-0.1103969861777756,-0.046478986740112305,-0.019782066345214844,-0.05869301529845927,-0.06180065870285034,-0.03118455410003662,-0.08363022404036258,-0.0748186707496643,-0.035918235778808594,-0.09002963202318881,-0.0860479474067688,-0.04026234149932861,-0.09380338834843371,-0.043887197971343994,-0.03001558780670166,-0.059888762703749876,-0.059409141540527344,-0.041835516691207886,-0.07698396342119906,-0.07120412588119507,-0.044347792863845825,-0.07782168435177539,-0.08072960376739502,-0.049921274185180664,-0.07927762465796206
0.0,0.0,0.0,0.02171391248703003,-0.024277925491333008,-0.017826276722203716,0.031359851360321045,-0.049487411975860596,-0.03594644449914597,0.033596038818359375,-0.06773263216018677,-0.0534312435265889,0.036294758319854736,-0.07779103517532349,-0.07189712383116387,0.0008605122566223145,-0.027808070182800293,-0.04562211491430901,-0.019533514976501465,-0.031287550926208496,-0.06821619428957604,-0.041033267974853516,-0.03945109248161316,-0.08524318494166039,-0.054121315479278564,-0.047186464071273804,-0.09584381141031884,-0.02668064832687378,-0.014483630657196045,-0.04789475061262749,-0.044709861278533936,-0.020449399948120117,-0.07098299719656609,-0.06646424531936646,-0.03167843818664551,-0.0823137060579171,-0.08158797025680542,-0.040881723165512085,-0.09009651549423836,-0.04255974292755127,-0.002696096897125244,-0.0496763669725766,-0.06106698513031006,-0.010741233825683594,-0.07368005521858834,-0.08066457509994507,-0.023776531219482422,-0.07721287466848992,-0.09350645542144775,-0.037056952714920044,-0.07681046881045006,-0.0511021614074707,0.004463672637939453,-0.05231606669987343,-0.07421338558197021,-0.002445995807647705,-0.07016920753086708,-0.08807003498077393,-0.011281788349151611,-0.06916050322617195,-0.09703457355499268,-0.02216273546218872,-0.06677596725786827
0.0,0.0,0.0,0.017657339572906494,-0.013208746910095215,-0.016104253037838134,0.022600173950195312,-0.03353691101074219,-0.034267323120502624,0.024923980236053467,-0.05363038182258606,-0.05112157951202789,0.03178948163986206,-0.07156103849411011,-0.06967493335810104,-0.015340149402618408,-0.025127053260803223,-0.05414735342469612,-0.03495413064956665,-0.033648788928985596,-0.08125891725626389,-0.04130828380584717,-0.038627564907073975,-0.1020844672164003,-0.04089021682739258,-0.04419177770614624,-0.11569770614710251,-0.03948289155960083,-0.01730668544769287,-0.05873689244594971,-0.05413711071014404,-0.02562183141708374,-0.08651696334686676,-0.06582409143447876,-0.03263455629348755,-0.1003062073430101,-0.07212913036346436,-0.03453695774078369,-0.11146045665350357,-0.05161386728286743,-0.012350857257843018,-0.062294980539945755,-0.06557613611221313,-0.022515475749969482,-0.08972110788431564,-0.07563555240631104,-0.029536426067352295,-0.09509711156692902,-0.08211010694503784,-0.0359969437122345,-0.09788323382940689,-0.05799919366836548,-0.01403135061264038,-0.06619761328306595,-0.07535672187805176,-0.02632904052734375,-0.08588864843454758,-0.08270448446273804,-0.03252828121185303,-0.08680187354889313,-0.08576983213424683,-0.03970879316329956,-0.08815626244154373
0.0,0.0,0.0,0.02378779649734497,-0.008935391902923584,-0.01370715601181871,0.03289371728897095,-0.023277997970581055,-0.02968205297177917,0.03772449493408203,-0.041869521141052246,-0.04490636074727661,0.04435086250305176,-0.06538262963294983,-0.062040338011442486,-0.008218824863433838,-0.015098154544830322,-0.04767512688225395,-0.01518923044204712,-0.0289766788482666,-0.07097726100867874,-0.00968313217163086,-0.03655576705932617,-0.08856455022281295,-0.0019072294235229492,-0.04551541805267334,-0.10055032158082611,-0.033267199993133545,-0.012874484062194824,-0.053022952469049756,-0.04416501522064209,-0.02162468433380127,-0.08133384370988495,-0.05406951904296875,-0.02824866771697998,-0.09613851988500244,-0.05789840221405029,-0.032695472240448,-0.10727478349393493,-0.047096848487854004,-0.013396680355072021,-0.057145153822361294,-0.05911397933959961,-0.020351648330688477,-0.08529892349427826,-0.06866210699081421,-0.024365603923797607,-0.0934143268484462,-0.07284128665924072,-0.02964925765991211,-0.09752549761718399,-0.05416160821914673,-0.021790266036987305,-0.06123829791134483,-0.07022958993911743,-0.02864813804626465,-0.08200249606555587,-0.07615971565246582,-0.030520856380462646,-0.08596304589694626,-0.07686930894851685,-0.03484469652175903,-0.08941226983255035
0.0,0.0,0.0,0.026743412017822266,-0.021844148635864258,-0.016402207458526163,0.03775608539581299,-0.04522624611854553,-0.03272111914506581,0.041169703006744385,-0.06617569923400879,-0.047960261026531725,0.04557609558105469,-0.08703833818435669,-0.06488534263721135,-0.003852546215057373,-0.029763758182525635,-0.04261156372180608,-0.015266239643096924,-0.03829854726791382,-0.0641181712543073,-0.01605933904647827,-0.040592074394226074,-0.08155787936797765,-0.01456761360168457,-0.045619308948516846,-0.09296777299991277,-0.032451629638671875,-0.017155170440673828,-0.0457126741801801,-0.0455511212348938,-0.02100139856338501,-0.06926240227571157,-0.05745375156402588,-0.02719879150390625,-0.08133229068866399,-0.06400424242019653,-0.03213399648666382,-0.09008271447768834,-0.048145174980163574,-0.007853031158447266,-0.048286872128159075,-0.0615314245223999,-0.013908147811889648,-0.0735984837209287,-0.07166224718093872,-0.02152121067047119,-0.07855217359414723,-0.07725852727890015,-0.02996426820755005,-0.07959374986043599,-0.055561184883117676,-0.005818188190460205,-0.051338801304012804,-0.07319504022598267,-0.016803860664367676,-0.06928451559892324,-0.08193546533584595,-0.02457791566848755,-0.06888178191533711,-0.08697837591171265,-0.032969653606414795,-0.0681072568093839
0.0,0.0,0.0,-0.01001042127609253,-0.008665263652801514,-0.034013962986726654,-0.012278914451599121,-0.004264891147613525,-0.0569584729697894,-0.005052685737609863,0.004204928874969482,-0.0748810122337531,0.008653581142425537,0.01174861192703247,-0.09218909094001759,0.0332874059677124,0.024119436740875244,-0.051957736405391586,0.05970853567123413,0.017127573490142822,-0.07373892018463124,0.07657027244567871,0.003309905529022217,-0.08797408142950047,0.09190678596496582,-0.012707114219665527,-0.09674874940778722,0.049078941345214844,0.027741074562072754,-0.043278610947389495,0.07999730110168457,0.018107831478118896,-0.06269244352247227,0.09811866283416748,0.0023605823516845703,-0.07340098420049657,0.11263495683670044,-0.016599535942077637,-0.08093392351533879,0.060711681842803955,0.02538353204727173,-0.03627188751365651,0.08956325054168701,0.014754533767700195,-0.052259544524211776,0.10699969530105591,-0.001777946949005127,-0.05844023698832501,0.12048447132110596,-0.020334333181381226,-0.06239023307229985,0.0689246654510498,0.01633930206298828,-0.03179179007079114,0.09308183193206787,0.008263230323791504,-0.043818457665700805,0.10811185836791992,-0.003391087055206299,-0.04855389768149365,0.11863040924072266,-0.016889333724975586,-0.05151638636257161
0.0,0.0,0.0,-0.031980037689208984,-0.0005546212196350098,-0.028244477352529884,-0.056177377700805664,0.002443969249725342,-0.051447790703207374,-0.06401348114013672,0.0023031234741210938,-0.07123760192695272,-0.06069463491439819,0.002761363983154297,-0.09169682174029958,-0.03229951858520508,0.008912265300750732,-0.05685063137713087,-0.03787046670913696,-0.004093050956726074,-0.0786514884144367,-0.03799861669540405,-0.01612865924835205,-0.0940996861368717,-0.02962595224380493,-0.023086130619049072,-0.10477015434804571,-0.012914121150970459,0.002380669116973877,-0.05193375109735143,-0.00924980640411377,-0.006694614887237549,-0.06965165643993032,-0.01054924726486206,-0.016875505447387695,-0.07963457017245901,-0.007228672504425049,-0.022796213626861572,-0.08938877343240392,0.009133756160736084,-0.005169808864593506,-0.04729513882699621,0.020357847213745117,-0.013715684413909912,-0.06307642220559728,0.026634693145751953,-0.025632023811340332,-0.06896357297006261,0.03222781419754028,-0.03715920448303223,-0.07461753546300542,0.02893894910812378,-0.01632392406463623,-0.0443904256731571,0.04155397415161133,-0.02550971508026123,-0.054033499798208595,0.04811888933181763,-0.035274118185043335,-0.05621055199804914,0.05259472131729126,-0.04641443490982056,-0.05979098810854566
0.0,0.0,0.0,-0.014016211032867432,-0.019750744104385376,-0.03887262865648822,-0.01651608943939209,-0.02103516459465027,-0.06387615501628474,-0.008630871772766113,-0.009625852108001709,-0.08225912153468684,0.006950020790100098,-0.0018419623374938965,-0.09975106566892222,0.024002909660339355,0.016186177730560303,-0.062192036954026975,0.043040573596954346,0.0037047863006591797,-0.08651484101758555,0.056873857975006104,-0.008297979831695557,-0.10254961549983577,0.07126748561859131,-0.021307051181793213,-0.11284519284711436,0.043806493282318115,0.024113714694976807,-0.05138991325841502,0.06820803880691528,0.01616567373275757,-0.07128609269605235,0.08125030994415283,0.001790165901184082,-0.08168586641297892,0.09168875217437744,-0.01576364040374756,-0.09044270515189723,0.05889242887496948,0.024919450283050537,-0.04222106113777713,0.08171224594116211,0.01776885986328125,-0.05884344428525523,0.09463828802108765,0.0014294981956481934,-0.06523305475459651,0.10421770811080933,-0.017716586589813232,-0.07048224210486964,0.06871587038040161,0.019153892993927002,-0.035903080550294675,0.08809030055999756,0.015467047691345215,-0.04834569543347911,0.09771466255187988,0.00510638952255249,-0.0531081512545164,0.10332584381103516,-0.009048640727996826,-0.0569971978639181
0.0,0.0,0.0,0.03498280048370361,-0.021401822566986084,-0.012187048769035869,0.04864096641540527,-0.04012858867645264,-0.026703041023054652,0.05381888151168823,-0.06304830312728882,-0.04118978602294021,0.058904051780700684,-0.0861738920211792,-0.05761115623120361,0.010599076747894287,-0.012640178203582764,-0.03738633540872627,0.0186460018157959,-0.021175146102905273,-0.05648194623593383,0.029987335205078125,-0.028553664684295654,-0.07258911800984436,0.04064011573791504,-0.03688591718673706,-0.08468556774262481,-0.018264949321746826,-0.010555505752563477,-0.04349670184258514,-0.018798351287841797,-0.0196380615234375,-0.06635438275937133,-0.023312389850616455,-0.0261194109916687,-0.07982348275784545,-0.0220986008644104,-0.030367672443389893,-0.09091906619671875,-0.03640937805175781,-0.013873100280761719,-0.049135416722336345,-0.036192238330841064,-0.025011420249938965,-0.07283280414942794,-0.0318264365196228,-0.02989327907562256,-0.08204804731015258,-0.02342122793197632,-0.037677884101867676,-0.08853607994917922,-0.046830177307128906,-0.025698959827423096,-0.05492504311207824,-0.055828213691711426,-0.038592398166656494,-0.07383191210631423,-0.05470794439315796,-0.04479154944419861,-0.07845559341315322,-0.048816561698913574,-0.05208560824394226,-0.08306297284964614
0.0,0.0,0.0,0.0347902774810791,-0.016257405281066895,-0.017930684236480587,0.06398236751556396,-0.02324575185775757,-0.03150573707897841,0.08520776033401489,-0.030210137367248535,-0.043183479083372944,0.10207384824752808,-0.04160389304161072,-0.056292038036181324,0.06140655279159546,0.0021398067474365234,-0.04027197472531974,0.07817143201828003,-0.011685311794281006,-0.0640457380541104,0.08884382247924805,-0.02347588539123535,-0.08158088065464675,0.09942060708999634,-0.03461131453514099,-0.09362493045408904,0.044240355491638184,0.010896623134613037,-0.04306480623562514,0.059615373611450195,-0.003319084644317627,-0.068815674258067,0.06702744960784912,-0.016582787036895752,-0.08479153699953734,0.07498687505722046,-0.025769472122192383,-0.09664738513310134,0.025799691677093506,0.01517629623413086,-0.04660666323979079,0.03236651420593262,0.0016422271728515625,-0.07445066012222945,0.032936155796051025,-0.010847628116607666,-0.08670354969580352,0.0356023907661438,-0.021568655967712402,-0.09357807375271499,0.0071350932121276855,0.014315426349639893,-0.05057956240852057,0.004921615123748779,0.0013093948364257812,-0.07572765238363921,0.003083646297454834,-0.007586479187011719,-0.08548571504433333,0.0040267109870910645,-0.015232384204864502,-0.09139778055031478
0.0,0.0,0.0,-0.0064542293548583984,-0.021376103162765503,-0.03476258371695096,-0.0060440897941589355,-0.023606419563293457,-0.058581240519128386,0.003011047840118408,-0.012391448020935059,-0.07644451041444356,0.017946839332580566,-0.00351029634475708,-0.09391743321641499,0.032632648944854736,0.0054746270179748535,-0.06073514376505429,0.061450183391571045,-0.0068885087966918945,-0.08422460783942753,0.07932907342910767,-0.019842565059661865,-0.0984533988378864,0.09546852111816406,-0.0340535044670105,-0.10706907887681538,0.048389971256256104,0.020139873027801514,-0.051525797738872114,0.08442366123199463,0.005471587181091309,-0.07224566121324116,0.10392576456069946,-0.0108489990234375,-0.08271440495475346,0.11975181102752686,-0.029757022857666016,-0.09041633833869511,0.059543490409851074,0.026435017585754395,-0.0433151536129337,0.09254133701324463,0.01025933027267456,-0.06064920876844937,0.11262005567550659,-0.006995201110839844,-0.06753102321847493,0.12844961881637573,-0.025432229042053223,-0.07222503055556828,0.06742483377456665,0.02365785837173462,-0.0372661352597099,0.09545552730560303,0.009561896324157715,-0.05047050495370442,0.11277252435684204,-0.004620075225830078,-0.05574921522959286,0.12489378452301025,-0.019143730401992798,-0.05925288800819928
0.0,0.0,0.0,-0.026126980781555176,-0.009057223796844482,-0.03340602317557284,-0.04449295997619629,-0.006267726421356201,-0.05992509076104113,-0.04830294847488403,-0.0014790892601013184,-0.08174613887176463,-0.03745025396347046,0.0009140372276306152,-0.10398249352083155,-0.010077476501464844,0.012947142124176025,-0.06589148962602565,-0.007946372032165527,0.0011248588562011719,-0.0926637577424998,-0.004171907901763916,-0.011590838432312012,-0.11116159731254527,0.0034942626953125,-0.02347642183303833,-0.1230100768218989,0.01038581132888794,0.011552035808563232,-0.05937300273880908,0.024373948574066162,0.0008269548416137695,-0.08063258999690959,0.026955127716064453,-0.011567473411560059,-0.09349383437738368,0.030546486377716064,-0.023364543914794922,-0.10508696758851954,0.030561327934265137,0.006583213806152344,-0.05366942310438105,0.04785764217376709,-0.005541205406188965,-0.07138727629289576,0.05747300386428833,-0.02222469449043274,-0.08070260310277888,0.0640227198600769,-0.04026859998703003,-0.08891165280446955,0.04649162292480469,-0.0036423206329345703,-0.049952786655282466,0.06285786628723145,-0.015572547912597656,-0.06181307906017253,0.0708569884300232,-0.02719518542289734,-0.06761499518260905,0.07494539022445679,-0.04087686538696289,-0.07377663278684565
0.0,0.0,0.0,0.0039041638374328613,-0.01337200403213501,-0.020149221056442457,-0.0016175508499145508,-0.02830946445465088,-0.04006789938483735,-0.003765702247619629,-0.0426066517829895,-0.057951956400017934,0.0025554895401000977,-0.05599457025527954,-0.07724000082288285,-0.025030136108398438,-0.0233880877494812,-0.059076576837640005,-0.048924922943115234,-0.03146159648895264,-0.0876807676342537,-0.05860954523086548,-0.0400538444519043,-0.1085552604583313,-0.05988419055938721,-0.049246758222579956,-0.12169445619855424,-0.03928482532501221,-0.013426482677459717,-0.061273309746127325,-0.05524563789367676,-0.02132892608642578,-0.08797306136165162,-0.0680532455444336,-0.03242015838623047,-0.10089832113061448,-0.07299536466598511,-0.037301719188690186,-0.11167742625747223,-0.04410505294799805,-0.006640255451202393,-0.06279835418735047,-0.060417234897613525,-0.016109049320220947,-0.08975767658029099,-0.07340741157531738,-0.02654850482940674,-0.09457838849101563,-0.08097654581069946,-0.035826802253723145,-0.09701641217742463,-0.04600644111633301,-0.00691986083984375,-0.06497310415778657,-0.06363946199417114,-0.01646411418914795,-0.08351321087155839,-0.07600873708724976,-0.02256113290786743,-0.08350400940452118,-0.08313101530075073,-0.030605733394622803,-0.08415797666583558
0.0,0.0,0.0,0.033805131912231445,-0.014982938766479492,-0.013195813698210657,0.05142045021057129,-0.028528571128845215,-0.028094939020910203,0.06120091676712036,-0.04836571216583252,-0.04277019674841398,0.07060790061950684,-0.07069540023803711,-0.05939819018308157,0.02071702480316162,-0.004920780658721924,-0.042560559762158334,0.03158360719680786,-0.017998933792114258,-0.06665770436588758,0.04306960105895996,-0.02806001901626587,-0.08534005011383528,0.053463518619537354,-0.04045969247817993,-0.09829611803356642,-0.006224870681762695,-0.0023566484451293945,-0.049669553590454996,-0.004942655563354492,-0.010537922382354736,-0.0788440900570535,-0.010215580463409424,-0.017952024936676025,-0.09486918623510832,-0.011334538459777832,-0.025036334991455078,-0.10645688052240843,-0.025223195552825928,-0.004190504550933838,-0.05645560945335859,-0.028470933437347412,-0.012595891952514648,-0.08627544815603727,-0.03281295299530029,-0.018225669860839844,-0.09735764290157789,-0.032977521419525146,-0.02712845802307129,-0.10347488994661802,-0.038518428802490234,-0.014580726623535156,-0.06330116565290922,-0.04783505201339722,-0.025332093238830566,-0.0870274203545236,-0.050060391426086426,-0.03119790554046631,-0.09410271520678037,-0.048728883266448975,-0.037829577922821045,-0.0994272428280496
0.0,0.0,0.0,-0.04010361433029175,0.001994311809539795,-0.023915574627821456,-0.07797497510910034,0.004485964775085449,-0.04842506230146171,-0.09718924760818481,0.0012406110763549805,-0.07040991887718917,-0.0989525318145752,-0.0020579099655151367,-0.09425232813030959,-0.06471794843673706,0.0018957257270812988,-0.06613010421664,-0.08680731058120728,-0.012160241603851318,-0.09009275839001418,-0.09657710790634155,-0.024866759777069092,-0.1074993561235118,-0.09628951549530029,-0.0316430926322937,-0.11919715509087325,-0.04636490345001221,-0.01108640432357788,-0.0640246371951747,-0.057498037815093994,-0.020871281623840332,-0.08208707973629714,-0.06982928514480591,-0.03180915117263794,-0.09267454102904082,-0.07535302639007568,-0.03658825159072876,-0.10476128265530349,-0.021557867527008057,-0.025080859661102295,-0.06069936856896163,-0.023153066635131836,-0.035303473472595215,-0.07660269990832091,-0.02919846773147583,-0.044251084327697754,-0.0827454800930667,-0.03575539588928223,-0.05442684888839722,-0.09005684659153701,0.0029643774032592773,-0.04257071018218994,-0.0584031182554412,0.009188592433929443,-0.05955204367637634,-0.06861400857836486,0.008615195751190186,-0.07093998789787292,-0.07063865915209533,0.0054895877838134766,-0.08385339379310608,-0.07529305920273544
0.0,0.0,0.0,-0.009516596794128418,-0.01743951439857483,-0.03698363458244103,-0.010031819343566895,-0.016898900270462036,-0.06024271552888649,-0.0014805793762207031,-0.007040262222290039,-0.07727851276723641,0.014434874057769775,0.0006514787673950195,-0.09368376736966866,0.027639389038085938,0.015606343746185303,-0.05892772158114212,0.0542522668838501,0.0024232864379882812,-0.08057979052392739,0.07120680809020996,-0.011391818523406982,-0.09406176512567299,0.08756721019744873,-0.025075078010559082,-0.1025906757029702,0.04494786262512207,0.025422990322113037,-0.047924167713802035,0.0769280195236206,0.01014941930770874,-0.06716794823734062,0.09688049554824829,-0.007993996143341064,-0.07763767545549172,0.11339461803436279,-0.02816447615623474,-0.08578181569902199,0.058071255683898926,0.028698503971099854,-0.03822048684088486,0.08695882558822632,0.015552163124084473,-0.05440315534798401,0.10632503032684326,-0.0025284290313720703,-0.061554963937680895,0.12136882543563843,-0.02172347903251648,-0.0667235658082177,0.06761825084686279,0.024946093559265137,-0.031103975376765902,0.09197777509689331,0.017169713973999023,-0.04368533124653595,0.10779005289077759,0.005396604537963867,-0.04938900773851174,0.11849993467330933,-0.008209288120269775,-0.05344735016552704
0.0,0.0,0.0,-0.022423923015594482,-0.002224743366241455,-0.0321699950537635,-0.03847748041152954,0.000703275203704834,-0.05789910365557205,-0.039874255657196045,0.00308072566986084,-0.07914489616369735,-0.02865159511566162,0.00712960958480835,-0.10098692883467209,-0.0009617805480957031,0.022794723510742188,-0.0624947819552375,0.00941455364227295,0.005314648151397705,-0.08820538331484329,0.02038794755935669,-0.012778639793395996,-0.10559090335583221,0.03328675031661987,-0.028175801038742065,-0.11661643643593322,0.019117236137390137,0.0181085467338562,-0.05640586946820747,0.03996706008911133,-0.0006129145622253418,-0.0783789243242694,0.050032854080200195,-0.01863458752632141,-0.09184829254364502,0.06007343530654907,-0.03536117076873779,-0.10318522263979446,0.03793823719024658,0.009357213973999023,-0.05082049329494964,0.05722951889038086,-0.010751396417617798,-0.06919948120331298,0.06837111711502075,-0.02933010458946228,-0.07758070637201797,0.07778912782669067,-0.04786720871925354,-0.08455615599369537,0.053359270095825195,-0.004685699939727783,-0.04716601331448089,0.06982320547103882,-0.024865061044692993,-0.06030368913626205,0.07726609706878662,-0.04072141647338867,-0.06541892249798309,0.08125150203704834,-0.05636128783226013,-0.07012383748507034
0.0,0.0,0.0,0.01147615909576416,-0.029431432485580444,-0.015419312694163523,0.011617422103881836,-0.049379557371139526,-0.030208641604573927,0.008525550365447998,-0.05885106325149536,-0.04366497317055007,0.00793534517288208,-0.06609722971916199,-0.05791437992552062,-0.012165367603302002,-0.02004683017730713,-0.0408655106435134,-0.03540635108947754,-0.028255432844161987,-0.06354670220711967,-0.046621859073638916,-0.035320818424224854,-0.08158657693961402,-0.05179339647293091,-0.044488877058029175,-0.09237291658023139,-0.031623125076293945,-0.004542410373687744,-0.04322387272218009,-0.04738062620162964,-0.017230331897735596,-0.062271695525438986,-0.05806475877761841,-0.025021404027938843,-0.07159075880149146,-0.06410598754882812,-0.0294819176197052,-0.07934337848523398,-0.04221874475479126,0.004610180854797363,-0.04563976818421622,-0.05896472930908203,-0.010355234146118164,-0.06662742042639991,-0.0705752968788147,-0.019598186016082764,-0.06921212369302054,-0.07811194658279419,-0.027840107679367065,-0.06954729551175376,-0.0489501953125,0.006260335445404053,-0.04878711322048446,-0.06525510549545288,-0.005131363868713379,-0.06379621470073005,-0.076518714427948,-0.011606276035308838,-0.06194320315221091,-0.08417725563049316,-0.019717156887054443,-0.060417100728543005
0.0,0.0,0.0,0.017065346240997314,-0.032340407371520996,-0.02155253683697822,0.023212671279907227,-0.05819571018218994,-0.03997045030367019,0.021240174770355225,-0.07549324631690979,-0.05622665604126098,0.020914912223815918,-0.0926433801651001,-0.073595963618871,-0.011047780513763428,-0.03655648231506348,-0.0515155235446656,-0.034234464168548584,-0.041280597448349,-0.07642176022302749,-0.05355799198150635,-0.045474231243133545,-0.09583830853473785,-0.06982022523880005,-0.05371898412704468,-0.10735861232053878,-0.03675717115402222,-0.014624059200286865,-0.051813099733706736,-0.05838274955749512,-0.018806397914886475,-0.07678610106479766,-0.07908189296722412,-0.026717305183410645,-0.09228382279646041,-0.09370732307434082,-0.03240656852722168,-0.10391314347755554,-0.05033135414123535,0.0015692710876464844,-0.05136382599842193,-0.07318753004074097,-0.00584644079208374,-0.07596835514080169,-0.08945178985595703,-0.015444576740264893,-0.08352208902608993,-0.10292762517929077,-0.02532827854156494,-0.08695433308851364,-0.057653844356536865,0.009612500667572021,-0.051727920971032404,-0.08157312870025635,0.005251824855804443,-0.06970185061466339,-0.09721130132675171,-0.0012836456298828125,-0.07038132121336105,-0.10980224609375,-0.01055288314819336,-0.07042095085155609
0.0,0.0,0.0,0.022599339485168457,-0.02342134714126587,-0.017255767245792697,0.03097355365753174,-0.04682925343513489,-0.03530308138301308,0.0301285982131958,-0.06513392925262451,-0.052297844548725436,0.027524828910827637,-0.08158516883850098,-0.07080210651924546,-0.0013378262519836426,-0.02532285451889038,-0.04643763135840828,-0.011612951755523682,-0.03484916687011719,-0.0719112893538707,-0.01081162691116333,-0.040626853704452515,-0.09208997990658219,-0.01033473014831543,-0.049644291400909424,-0.10472476388981278,-0.029789328575134277,-0.01140296459197998,-0.05013850237896378,-0.04445868730545044,-0.0238988995552063,-0.07640351261665757,-0.05745619535446167,-0.029943138360977173,-0.08968336041738922,-0.06543660163879395,-0.03373616933822632,-0.09925501700212891,-0.04727816581726074,-0.0021705031394958496,-0.0535731269018882,-0.062463223934173584,-0.01670372486114502,-0.07961088325550492,-0.07404553890228271,-0.02362602949142456,-0.08487214799692566,-0.08205294609069824,-0.03164947032928467,-0.0865919506149524,-0.05839407444000244,-0.00048214197158813477,-0.057754970152878116,-0.07561159133911133,-0.0099220871925354,-0.07634194846918518,-0.08506166934967041,-0.017324447631835938,-0.07683807518055374,-0.09142160415649414,-0.026906967163085938,-0.07691330369284088
0.0,0.0,0.0,0.03178048133850098,-0.025052368640899658,-0.014306314561537192,0.04571223258972168,-0.046434760093688965,-0.030271328326335833,0.04914885759353638,-0.06818807125091553,-0.0455670201145324,0.05264848470687866,-0.08784517645835876,-0.06274828993903725,0.008734166622161865,-0.013098835945129395,-0.04092099824177353,0.016737520694732666,-0.031310856342315674,-0.06120733850823967,0.027836918830871582,-0.0413089394569397,-0.07802759044992058,0.037123024463653564,-0.049120813608169556,-0.09036662363635628,-0.020018279552459717,-0.00806283950805664,-0.04586915605889885,-0.020884811878204346,-0.024298429489135742,-0.06989473783599465,-0.02262723445892334,-0.030699193477630615,-0.08349708401786415,-0.020079195499420166,-0.03374159336090088,-0.09457960658895104,-0.039162397384643555,-0.009485065937042236,-0.050505615111461566,-0.042112648487091064,-0.02386552095413208,-0.07584871285783379,-0.04090207815170288,-0.028247177600860596,-0.08513807439433663,-0.03590667247772217,-0.03399622440338135,-0.09085887604581444,-0.05124908685684204,-0.019254684448242188,-0.05534831368552773,-0.058895766735076904,-0.02890866994857788,-0.07607436114179222,-0.05540674924850464,-0.031187117099761963,-0.08200877093898384,-0.04786562919616699,-0.03519332408905029,-0.08697287672387688
0.0,0.0,0.0,-0.007933974266052246,-0.007255136966705322,-0.03058676490698531,-0.012130260467529297,0.004338681697845459,-0.05288414726172164,-0.005832791328430176,0.016511857509613037,-0.0708111196211405,0.0075057148933410645,0.024495303630828857,-0.08871296489749625,0.028337597846984863,0.04494059085845947,-0.05299465054784491,0.0521470308303833,0.027296721935272217,-0.07608382100377753,0.06665360927581787,0.009651243686676025,-0.09140826458249762,0.08013421297073364,-0.004824042320251465,-0.10101902181420996,0.04709392786026001,0.04431277513504028,-0.04724893042956069,0.07424807548522949,0.027373850345611572,-0.06724745476756766,0.08661919832229614,0.008483171463012695,-0.078499858026845,0.09598565101623535,-0.010428369045257568,-0.08730425382171347,0.060805678367614746,0.03422856330871582,-0.04278326476131156,0.08446997404098511,0.01758521795272827,-0.06069010565195754,0.09822690486907959,-0.0005511641502380371,-0.06882732803140357,0.10932552814483643,-0.019775986671447754,-0.07492860848222449,0.07016658782958984,0.015061140060424805,-0.0401610701731272,0.08996623754501343,-0.0004981756210327148,-0.054597303961855914,0.1001480221748352,-0.01467972993850708,-0.060475860481602695,0.10616892576217651,-0.030124694108963013,-0.06465006316219046
0.0,0.0,0.0,-0.010159194469451904,-0.009536504745483398,-0.031247002703743476,-0.016296029090881348,-0.0005584359169006348,-0.05421473800917198,-0.011329472064971924,0.012981176376342773,-0.072777364102798,0.003348052501678467,0.019387662410736084,-0.09135854586740066,0.023891150951385498,0.02555900812149048,-0.0538649518765979,0.04535031318664551,0.01327824592590332,-0.07789457931895782,0.06060725450515747,-0.0027530789375305176,-0.09387230470557739,0.07482457160949707,-0.017613470554351807,-0.10384394570966293,0.042031049728393555,0.03052234649658203,-0.04777243330855896,0.06794250011444092,0.01850306987762451,-0.06880532547612717,0.08070456981658936,0.0003260374069213867,-0.08073164865155746,0.09143805503845215,-0.017833054065704346,-0.08983640715261032,0.05641293525695801,0.028177857398986816,-0.0429139916576915,0.08051609992980957,0.016354918479919434,-0.061335157302814025,0.09350860118865967,-0.002625107765197754,-0.06870319291730453,0.10398674011230469,-0.022530853748321533,-0.07392888858695557,0.0671188235282898,0.017976582050323486,-0.04001915797372391,0.08781683444976807,0.004669249057769775,-0.0540696118750148,0.09781241416931152,-0.00984126329421997,-0.05890489712138702,0.10319912433624268,-0.025012314319610596,-0.06224505573292305
0.0,0.0,0.0,-0.002365291118621826,-0.026015162467956543,-0.03057795552841469,0.0034216642379760742,-0.029960274696350098,-0.05013488581708714,0.015816688537597656,-0.016643524169921875,-0.06458780145577236,0.035179853439331055,-0.008678138256072998,-0.07819183891943737,0.03858548402786255,0.012756705284118652,-0.051026656984603846,0.06948119401931763,0.0011559128761291504,-0.07204440212181851,0.08841776847839355,-0.012334048748016357,-0.08488347357443615,0.10473203659057617,-0.026466667652130127,-0.09268195903233334,0.05257463455200195,0.029362738132476807,-0.04391002258590504,0.09121936559677124,0.013734102249145508,-0.06366609758070751,0.1146080493927002,-0.006528913974761963,-0.0736301389925842,0.13280582427978516,-0.02866727113723755,-0.0805389655225639,0.06219559907913208,0.03701549768447876,-0.03802962204746052,0.09774589538574219,0.02432495355606079,-0.055532529711044276,0.11952781677246094,0.003652334213256836,-0.06269686645201489,0.13649964332580566,-0.01809030771255493,-0.0669271571033363,0.0677754282951355,0.036189258098602295,-0.03413301309875294,0.09632503986358643,0.027478814125061035,-0.048295430599964106,0.11426973342895508,0.014043629169464111,-0.05404985672167584,0.12720084190368652,-0.0005130767822265625,-0.05721621191433712
0.0,0.0,0.0,-0.016887366771697998,0.00022840499877929688,-0.03851673137172895,-0.023957431316375732,0.015387237071990967,-0.06364569198116499,-0.016409456729888916,0.028374850749969482,-0.08241991083845335,0.0017108321189880371,0.028660833835601807,-0.1010471446417256,0.021126866340637207,0.03839844465255737,-0.06477520745023924,0.04750072956085205,0.026861131191253662,-0.09174734484180647,0.06587928533554077,0.009147584438323975,-0.1087583763502522,0.08329379558563232,-0.008458077907562256,-0.11871080230697828,0.04352360963821411,0.04179680347442627,-0.054220029523222024,0.07364445924758911,0.026392459869384766,-0.07762784641012388,0.08993345499038696,0.006291806697845459,-0.0909506468079968,0.10462439060211182,-0.015165209770202637,-0.10063433777317243,0.06170755624771118,0.03900551795959473,-0.04488953333124357,0.08819663524627686,0.02192789316177368,-0.06394314896091657,0.10340440273284912,0.001606583595275879,-0.07327918838485914,0.11617898941040039,-0.018819868564605713,-0.079777346362917,0.0756305456161499,0.02858501672744751,-0.03815188761576849,0.09832972288131714,0.0132523775100708,-0.05186797808632093,0.10980743169784546,-0.0032404065132141113,-0.0585528625152989,0.11696332693099976,-0.020022451877593994,-0.0633465511701985
0.0,0.0,0.0,0.02084803581237793,-0.03378516435623169,-0.019653303454106208,0.03155374526977539,-0.0543399453163147,-0.03716452037770068,0.034745991230010986,-0.05647099018096924,-0.05290416991192615,0.030614197254180908,-0.04803067445755005,-0.0687896422095946,0.024571359157562256,-0.006014823913574219,-0.0394697672672919,-0.014938950538635254,-0.016472578048706055,-0.06583589678484714,-0.03229653835296631,-0.03164088726043701,-0.08536665504652774,-0.04225754737854004,-0.05065762996673584,-0.0957272312589339,0.0026009082794189453,0.02217388153076172,-0.04105047499615466,-0.03586745262145996,-0.000209808349609375,-0.06717591350752627,-0.05569106340408325,-0.02673572301864624,-0.07835935419279849,-0.06903928518295288,-0.05130654573440552,-0.08343933140713489,-0.01586371660232544,0.03914850950241089,-0.04303452735621249,-0.054599225521087646,0.010461390018463135,-0.07095247870165622,-0.07345837354660034,-0.01974385976791382,-0.07198385512310779,-0.08485323190689087,-0.04630565643310547,-0.06677592163759982,-0.03076833486557007,0.04252052307128906,-0.0462189911850146,-0.06451660394668579,0.016142666339874268,-0.0663782617994002,-0.0811731219291687,-0.007762789726257324,-0.06272713458020007,-0.0913095474243164,-0.030208110809326172,-0.05568436896282947
0.0,0.0,0.0,0.00656580924987793,-0.034790873527526855,-0.014232956444118372,0.005154311656951904,-0.05975019931793213,-0.026360469510052553,-0.006086885929107666,-0.0676310658454895,-0.03794943412134444,-0.019754350185394287,-0.06881052255630493,-0.051996974845621935,0.00832664966583252,-0.028561115264892578,-0.03086755668113028,0.000386655330657959,-0.03825801610946655,-0.0481864871580342,-0.006219267845153809,-0.05603712797164917,-0.061306777049992434,-0.016191482543945312,-0.07393640279769897,-0.06846692656466757,-0.006830811500549316,-0.0004074573516845703,-0.032879191090557924,-0.04103058576583862,-0.021508216857910156,-0.05105237161109244,-0.06232452392578125,-0.045195043087005615,-0.06002257635185515,-0.07787251472473145,-0.06510734558105469,-0.06523832177111899,-0.023562371730804443,0.02027028799057007,-0.03487698232123648,-0.05771934986114502,-0.004247784614562988,-0.05330224578568732,-0.07594656944274902,-0.0281561017036438,-0.05588652064392363,-0.08896827697753906,-0.0487440824508667,-0.054714156885836474,-0.03867989778518677,0.02966552972793579,-0.03764534239957129,-0.06592124700546265,0.010977566242218018,-0.051882019837592,-0.07900738716125488,-0.0076923370361328125,-0.049772101094220034,-0.08843070268630981,-0.02461344003677368,-0.045546359022353045
0.0,0.0,0.0,0.020594358444213867,-0.03194606304168701,-0.020247303978408127,0.03657364845275879,-0.04740309715270996,-0.03732022559722736,0.04311871528625488,-0.0453791618347168,-0.05242210543235615,0.04126864671707153,-0.033069729804992676,-0.06762327170451954,0.042773663997650146,-0.00010210275650024414,-0.037129047424400596,0.020394325256347656,-0.010475635528564453,-0.06292531555970982,0.01372140645980835,-0.023701012134552002,-0.08179086363395527,0.01175457239151001,-0.04221546649932861,-0.09202582305749729,0.02400439977645874,0.026505768299102783,-0.0385912164159663,-0.012506365776062012,0.012907147407531738,-0.06776919132551029,-0.03408479690551758,-0.011123895645141602,-0.08007457023938969,-0.047253429889678955,-0.034818828105926514,-0.08414333975395039,0.00506901741027832,0.04366546869277954,-0.04091337984880283,-0.03189289569854736,0.022958874702453613,-0.07143956339439228,-0.051684558391571045,-0.005259394645690918,-0.07429805314620808,-0.06250143051147461,-0.03311598300933838,-0.06917233681758717,-0.01162731647491455,0.04789090156555176,-0.04430134138544872,-0.04208338260650635,0.028711915016174316,-0.06707483446677998,-0.058919310569763184,0.0056334733963012695,-0.06559470212539509,-0.06847769021987915,-0.01773703098297119,-0.05907902783235386
0.0,0.0,0.0,0.022938311100006104,-0.020568370819091797,-0.017137758776328837,0.032994091510772705,-0.03610712289810181,-0.03085204061844138,0.037481486797332764,-0.04654151201248169,-0.043644579469940936,0.03816330432891846,-0.053044795989990234,-0.057472942739508426,0.009626686573028564,-0.004584550857543945,-0.02998851273932246,-0.024422168731689453,-0.025230109691619873,-0.05365593951918868,-0.03586298227310181,-0.045880913734436035,-0.07372754287698058,-0.04171252250671387,-0.0690683126449585,-0.08463830721356658,-0.014827370643615723,0.011273205280303955,-0.03096384030558852,-0.045345187187194824,-0.014563441276550293,-0.05345241945960311,-0.06093096733093262,-0.04326826333999634,-0.06651778739669112,-0.07181817293167114,-0.07096832990646362,-0.07393249344804076,-0.03171354532241821,0.02062857151031494,-0.0325929507312992,-0.0633966326713562,-0.00868690013885498,-0.05749475058891562,-0.07634919881820679,-0.041525065898895264,-0.06292051297404555,-0.0855255126953125,-0.07164299488067627,-0.06165253218986777,-0.04341423511505127,0.019475996494293213,-0.035183029591820514,-0.0723143219947815,-0.00346529483795166,-0.05223711428024558,-0.0841255784034729,-0.027966797351837158,-0.051473046064160144,-0.09211045503616333,-0.05373722314834595,-0.04809957218148497
0.0,0.0,0.0,0.025899171829223633,-0.029311537742614746,-0.022534188958530876,0.04031163454055786,-0.04303622245788574,-0.03889249000204131,0.05028468370437622,-0.03747093677520752,-0.05289038378251121,0.05255389213562012,-0.019800424575805664,-0.06675605955970809,0.032827556133270264,0.008481085300445557,-0.036384013625507805,-0.007290005683898926,-0.007737576961517334,-0.06235295641673133,-0.025637030601501465,-0.025906383991241455,-0.08283821973455474,-0.03658497333526611,-0.04700380563735962,-0.09371260288608596,0.008530259132385254,0.030835628509521484,-0.03506321195018813,-0.028071045875549316,0.0033593177795410156,-0.05986454072845504,-0.045979440212249756,-0.023316025733947754,-0.07313661012304351,-0.05934101343154907,-0.04882240295410156,-0.08037276301038787,-0.010518491268157959,0.042982399463653564,-0.034840093138342354,-0.04735159873962402,0.010176360607147217,-0.06201125416410491,-0.061722755432128906,-0.02101367712020874,-0.0667943108404927,-0.0721864104270935,-0.05037480592727661,-0.06472597751272247,-0.025372028350830078,0.043064892292022705,-0.03598041939986274,-0.05405682325363159,0.018170833587646484,-0.05623372379196212,-0.06713682413101196,-0.007858514785766602,-0.055585191729193184,-0.07610803842544556,-0.0356406569480896,-0.05118894684565589
0.0,0.0,0.0,0.006059050559997559,-0.02711927890777588,-0.018033691955167797,0.011065304279327393,-0.04338085651397705,-0.030774181050617244,0.011321306228637695,-0.03595250844955444,-0.04130437718089297,0.00738149881362915,-0.012716472148895264,-0.05371258155759051,0.0027726292610168457,-0.012672364711761475,-0.03813418121393397,-0.0277748703956604,-0.015254378318786621,-0.05429503814633563,-0.04528909921646118,-0.031206607818603516,-0.06633977712448313,-0.058983027935028076,-0.051624953746795654,-0.07326258839424327,-0.011189162731170654,0.016276776790618896,-0.03826277450974658,-0.05201166868209839,0.001452803611755371,-0.054335830075103786,-0.07284897565841675,-0.018139958381652832,-0.06259002656992152,-0.08883559703826904,-0.037707388401031494,-0.06839453549440577,-0.023805737495422363,0.0364496111869812,-0.03799013913925364,-0.06413406133651733,0.016364872455596924,-0.05426649497206881,-0.08182364702224731,-0.005844593048095703,-0.057578322750885036,-0.09395748376846313,-0.02612149715423584,-0.0582340520745106,-0.03538542985916138,0.04568451642990112,-0.038831864756900814,-0.06914162635803223,0.028839528560638428,-0.05017757908757403,-0.08490043878555298,0.008469939231872559,-0.047858306480009105,-0.09705662727355957,-0.01073765754699707,-0.04513225824888423
0.0,0.0,0.0,0.006489276885986328,-0.04085814952850342,-0.022907682699951692,0.008835971355438232,-0.07400310039520264,-0.04184774961868243,0.006785273551940918,-0.08267784118652344,-0.05829295795956568,0.0019284486770629883,-0.07342565059661865,-0.07611674722829775,0.002685725688934326,-0.033416926860809326,-0.045463289139661356,-0.01238936185836792,-0.05328172445297241,-0.06949244347015338,-0.013461887836456299,-0.06730222702026367,-0.08776396420398669,-0.014132142066955566,-0.0806702971458435,-0.09848689940372424,-0.01589202880859375,-0.005509912967681885,-0.045108417985829874,-0.04941040277481079,-0.023854196071624756,-0.07171162125268893,-0.06897073984146118,-0.04632061719894409,-0.08257898595729785,-0.08206969499588013,-0.06662362813949585,-0.08762627002397494,-0.032285988330841064,0.014477550983428955,-0.04507514369288401,-0.06964260339736938,-0.007946133613586426,-0.07219671365419345,-0.08662569522857666,-0.03391760587692261,-0.07418830600181536,-0.09820377826690674,-0.0580255389213562,-0.07032379415431933,-0.045333802700042725,0.02316427230834961,-0.04635058623352961,-0.07564032077789307,0.006021380424499512,-0.065195201901588,-0.09064781665802002,-0.01390981674194336,-0.06237394642630534,-0.1009553074836731,-0.0349583625793457,-0.056713159201535746
0.0,0.0,0.0,0.007854938507080078,-0.04088473320007324,-0.02114078545636744,0.003469526767730713,-0.07191205024719238,-0.04239913405544371,-0.005530714988708496,-0.08028483390808105,-0.06149727435476393,-0.01231604814529419,-0.0748489499092102,-0.08178440065748305,-0.004952669143676758,-0.019940316677093506,-0.04912108512289137,-0.047450244426727295,-0.03208053112030029,-0.07697642178899855,-0.06406921148300171,-0.049698054790496826,-0.09839233340389342,-0.07390034198760986,-0.06893330812454224,-0.11046275825864882,-0.024066627025604248,0.0056726932525634766,-0.05051109524137587,-0.06433814764022827,-0.014455199241638184,-0.07558165074951262,-0.08343392610549927,-0.04185938835144043,-0.0864709127104959,-0.09586769342422485,-0.0659438967704773,-0.09276466400987715,-0.03877091407775879,0.021502017974853516,-0.051746271119185394,-0.0781293511390686,-0.0032436251640319824,-0.07879724682933897,-0.09684723615646362,-0.03230804204940796,-0.0802879515445909,-0.10707026720046997,-0.05739438533782959,-0.07673401714927763,-0.05004304647445679,0.024653971195220947,-0.05409919427401633,-0.08490121364593506,0.003769397735595703,-0.07410738946563811,-0.10405176877975464,-0.016405880451202393,-0.07036781640417189,-0.11563163995742798,-0.035643815994262695,-0.06425970377094359
0.0,0.0,0.0,0.0011530518531799316,-0.03363919258117676,-0.01528365726844072,-0.005617380142211914,-0.05906808376312256,-0.03130358646885156,-0.021769464015960693,-0.06585425138473511,-0.04555751200095415,-0.03713434934616089,-0.06451272964477539,-0.06102488379255533,-0.0016924142837524414,-0.027445435523986816,-0.04380353729501962,-0.028143584728240967,-0.030880749225616455,-0.062262306020414826,-0.04315668344497681,-0.04301530122756958,-0.07396548430696726,-0.05684089660644531,-0.057238757610321045,-0.08027555237785577,-0.014766275882720947,0.0012256503105163574,-0.045645145729935166,-0.055879056453704834,-0.01041412353515625,-0.06305840800777673,-0.07753616571426392,-0.03047633171081543,-0.06859485249296426,-0.09181731939315796,-0.04816383123397827,-0.07244450788275003,-0.028111398220062256,0.021708250045776367,-0.04657880033627748,-0.06908923387527466,0.0042133331298828125,-0.063464188978827,-0.08741885423660278,-0.01688563823699951,-0.062478041306889054,-0.0986790657043457,-0.03618347644805908,-0.06019676666036844,-0.04083460569381714,0.03175175189971924,-0.04837252761498689,-0.07435095310211182,0.015846967697143555,-0.06101077984348535,-0.08826857805252075,-0.002654433250427246,-0.05674635808244943,-0.09636688232421875,-0.02031034231185913,-0.05191269706264734
0.0,0.0,0.0,0.014539718627929688,-0.03971141576766968,-0.024000934111114702,0.020740091800689697,-0.0637584924697876,-0.04591189955377217,0.013904750347137451,-0.05626535415649414,-0.06537831832670804,-0.00012743473052978516,-0.02875971794128418,-0.08496146907114621,0.018376946449279785,-0.00616079568862915,-0.047454773234363756,-0.014111042022705078,-0.01597970724105835,-0.07675349970364209,-0.02890545129776001,-0.028108298778533936,-0.09842552502655622,-0.03973454236984253,-0.04135805368423462,-0.11048142869972821,0.002152740955352783,0.023991286754608154,-0.047267748760219774,-0.0411449670791626,0.005656242370605469,-0.07649908472799893,-0.06380140781402588,-0.02086317539215088,-0.08774203320049878,-0.08012610673904419,-0.04639154672622681,-0.0921205382516348,-0.013656079769134521,0.0423588752746582,-0.04783673842453595,-0.05663132667541504,0.014866232872009277,-0.07719043155216809,-0.07763940095901489,-0.014715373516082764,-0.0784428592493498,-0.09050250053405762,-0.04232519865036011,-0.07322187234663602,-0.027356445789337158,0.04655098915100098,-0.05009193976425763,-0.06415563821792603,0.022286534309387207,-0.07193683345818158,-0.08268749713897705,-0.0022917985916137695,-0.06978218515419599,-0.09358835220336914,-0.026511967182159424,-0.06350527216696378
0.0,0.0,0.0,0.015055954456329346,-0.02760249376296997,-0.019136574378620708,0.028695344924926758,-0.04216057062149048,-0.035645015797030055,0.028411686420440674,-0.03715163469314575,-0.050960749647032344,0.021408796310424805,-0.02341383695602417,-0.06657141845525416,0.04182112216949463,-0.0009946227073669434,-0.035948038360487544,0.04495936632156372,-0.006334900856018066,-0.062088012954603755,0.041025757789611816,-0.020228803157806396,-0.0799603055030218,0.032079458236694336,-0.03668719530105591,-0.08883126478494319,0.029759645462036133,0.027446269989013672,-0.03717923562825831,-0.005004286766052246,0.017174363136291504,-0.06559449832738551,-0.031448960304260254,-0.006290435791015625,-0.0753717611342779,-0.04939168691635132,-0.027736961841583252,-0.0770388657957426,0.010968804359436035,0.04666638374328613,-0.03962286960185679,-0.028143882751464844,0.029872894287109375,-0.06744650404752406,-0.050923287868499756,0.0046236515045166016,-0.06719307999910029,-0.06454414129257202,-0.019624292850494385,-0.06014151897133502,-0.0077797770500183105,0.05475759506225586,-0.04337558548749598,-0.037832796573638916,0.041526734828948975,-0.06250349830688151,-0.055500030517578125,0.019132912158966064,-0.058645461013924205,-0.06551963090896606,-0.00236433744430542,-0.050506543627392375
0.0,0.0,0.0,0.007324099540710449,-0.040584683418273926,-0.020573763452063076,0.006870448589324951,-0.06669777631759644,-0.03994134654809045,-0.004700362682342529,-0.06950128078460693,-0.05803528641868638,-0.017705023288726807,-0.05763232707977295,-0.07754069035459565,0.017050564289093018,-0.022588729858398438,-0.04212098782468843,0.013157188892364502,-0.03059983253479004,-0.06773387854505586,0.012953758239746094,-0.04215884208679199,-0.0864875561516385,0.009950459003448486,-0.0538405179977417,-0.09695052569318818,0.0034365057945251465,0.005819857120513916,-0.04326696162630128,-0.032302796840667725,-0.006813347339630127,-0.07171531980444001,-0.05493283271789551,-0.029488325119018555,-0.08309620087553071,-0.06915408372879028,-0.04936319589614868,-0.08700705533433961,-0.01329118013381958,0.025322139263153076,-0.044956101379881375,-0.052649497985839844,0.006807148456573486,-0.07318207835365342,-0.07295453548431396,-0.017910540103912354,-0.07502309446741151,-0.08415991067886353,-0.04132413864135742,-0.07005254393030214,-0.028916895389556885,0.034567832946777344,-0.04792610024620103,-0.05987602472305298,0.019330918788909912,-0.06754163866449403,-0.07678186893463135,-9.1552734375e-05,-0.06474822973419236,-0.08692246675491333,-0.02011030912399292,-0.05820606862712907
0.0,0.0,0.0,0.007989048957824707,-0.03783440589904785,-0.015527735640944229,0.011958479881286621,-0.06433266401290894,-0.029065395882071243,0.009565114974975586,-0.06730228662490845,-0.04202612413996576,0.002288520336151123,-0.05791759490966797,-0.0562464885317695,0.014385640621185303,-0.02884155511856079,-0.030501387258709656,0.0066680908203125,-0.0330815315246582,-0.050928260376394974,0.003735959529876709,-0.045383989810943604,-0.06656321807736276,-0.0026059746742248535,-0.05999046564102173,-0.07540646119946359,0.0013872385025024414,0.0028002262115478516,-0.03257088287705301,-0.03491860628128052,-0.00967705249786377,-0.05504630803102373,-0.0575522780418396,-0.027677476406097412,-0.06436435057753442,-0.07284092903137207,-0.04525059461593628,-0.06850682868594049,-0.013597488403320312,0.025824010372161865,-0.0352436222040069,-0.05114465951919556,0.008455455303192139,-0.05753580405348657,-0.06986111402511597,-0.012394070625305176,-0.05921388342017053,-0.08302980661392212,-0.03367340564727783,-0.056138164540470825,-0.02780759334564209,0.03732377290725708,-0.03899067192310213,-0.058200955390930176,0.023547887802124023,-0.054482902576864944,-0.07265913486480713,0.005289673805236816,-0.05213108210796236,-0.08313053846359253,-0.015034198760986328,-0.047198455026091324
0.0,0.0,0.0,0.014088153839111328,-0.036577582359313965,-0.02297804443168161,0.02290421724319458,-0.05700826644897461,-0.041177896168107964,0.023936688899993896,-0.05794912576675415,-0.0569135000370693,0.018420279026031494,-0.04572582244873047,-0.07300944751131055,0.018780946731567383,-0.006141722202301025,-0.04014979427682874,-0.006736278533935547,-0.01819288730621338,-0.06469787782060621,-0.014401793479919434,-0.03435671329498291,-0.0827408072911453,-0.01835024356842041,-0.05192553997039795,-0.0925391403399658,8.946657180786133e-05,0.018470704555511475,-0.03931565707551954,-0.03609055280685425,0.001911938190460205,-0.06483841067182539,-0.05527937412261963,-0.022631525993347168,-0.0753453982435417,-0.06787484884262085,-0.045260608196258545,-0.07946752881633756,-0.016277670860290527,0.03359109163284302,-0.03937382375823972,-0.053694188594818115,0.01184535026550293,-0.0676111218892288,-0.07151925563812256,-0.015559732913970947,-0.07041749482976911,-0.08184969425201416,-0.04139745235443115,-0.06613693511116026,-0.02946871519088745,0.03722256422042847,-0.040685472395296074,-0.06184881925582886,0.019617736339569092,-0.062385526802415825,-0.07946234941482544,-0.0008384585380554199,-0.061141741778726555,-0.08988326787948608,-0.022591590881347656,-0.05553620060908315
0.0,0.0,0.0,0.01879328489303589,-0.03293997049331665,-0.02422628309412289,0.028549253940582275,-0.05284404754638672,-0.04355130847378064,0.031109631061553955,-0.05706167221069336,-0.06061031427068997,0.02189648151397705,-0.043660104274749756,-0.07816981281919766,0.014759361743927002,-0.005411267280578613,-0.0432612312941103,-0.01973623037338257,-0.020582199096679688,-0.07149647679014492,-0.03397732973098755,-0.0359308123588562,-0.09230401869697857,-0.042915403842926025,-0.054590702056884766,-0.10334813352508831,-0.0072647929191589355,0.017205417156219482,-0.04305412377996731,-0.04211074113845825,-0.0027341246604919434,-0.07108909394426632,-0.06116670370101929,-0.02870410680770874,-0.08398562427444745,-0.07406628131866455,-0.05518007278442383,-0.09022393580360699,-0.024180710315704346,0.029389500617980957,-0.04385846610946942,-0.06181740760803223,0.001104891300201416,-0.07381661739034939,-0.0787307620048523,-0.029557347297668457,-0.07838435973806668,-0.0888475775718689,-0.058224380016326904,-0.07561848070307065,-0.03638589382171631,0.02943795919418335,-0.04611641671343136,-0.06928795576095581,0.0069460272789001465,-0.06745253261013318,-0.08426320552825928,-0.01638263463973999,-0.06651367004795361,-0.09331995248794556,-0.041426658630371094,-0.06207834686918545
0.0,0.0,0.0,0.023213863372802734,-0.03134298324584961,-0.02392019627825448,0.03922927379608154,-0.04413163661956787,-0.04172768181399533,0.04349023103713989,-0.034872353076934814,-0.05691785847977826,0.03786873817443848,-0.014124035835266113,-0.071398102848093,0.04059988260269165,0.01291358470916748,-0.0390894349499149,0.002954721450805664,0.005695760250091553,-0.06573522201017568,-0.012217819690704346,-0.005925774574279785,-0.08434916397766301,-0.021522879600524902,-0.02328634262084961,-0.09359540155367085,0.02260124683380127,0.04071450233459473,-0.0374005522413654,-0.02087867259979248,0.022959768772125244,-0.06525290867523381,-0.03992915153503418,-0.001729428768157959,-0.0763015236540241,-0.053795456886291504,-0.02924668788909912,-0.07979984691576192,0.005688726902008057,0.055399298667907715,-0.037013315765420884,-0.03937256336212158,0.027376234531402588,-0.06585726997093388,-0.057192087173461914,-0.0026456117630004883,-0.06854996940330693,-0.06809079647064209,-0.03210073709487915,-0.06347847840027043,-0.009340524673461914,0.05648243427276611,-0.03829997515515515,-0.04535114765167236,0.034218430519104004,-0.05981632059649655,-0.0625694990158081,0.009185373783111572,-0.05894962435797879,-0.0729442834854126,-0.01738053560256958,-0.05305117851332852
0.0,0.0,0.0,0.021771550178527832,-0.03291207551956177,-0.02144448049656944,0.037742018699645996,-0.04769474267959595,-0.037491824108286664,0.047961294651031494,-0.036555349826812744,-0.05111144073597984,0.04876911640167236,-0.005963742733001709,-0.06383559070818023,0.03664076328277588,-0.008596360683441162,-0.036525942015572355,0.00024712085723876953,-0.011333644390106201,-0.06102953814260559,-0.01880413293838501,-0.018743455410003662,-0.07787226103536682,-0.03210747241973877,-0.030730605125427246,-0.08635374121658401,0.019203603267669678,0.021178483963012695,-0.03512267358891563,-0.021957218647003174,0.00986635684967041,-0.05898800455324249,-0.04291391372680664,-0.009193062782287598,-0.06905017011158066,-0.058289170265197754,-0.03198814392089844,-0.07354003899089889,0.004351496696472168,0.04158562421798706,-0.03476354442827301,-0.04031014442443848,0.020160436630249023,-0.061547767001314924,-0.06048023700714111,-0.005362987518310547,-0.0642854493140419,-0.07347673177719116,-0.031904757022857666,-0.060674551504774854,-0.008929431438446045,0.05024510622024536,-0.03572125695936279,-0.04742848873138428,0.03014904260635376,-0.056433092433138654,-0.06577926874160767,0.006512999534606934,-0.05589415096036987,-0.07745826244354248,-0.019806087017059326,-0.051118936020060346
0.0,0.0,0.0,0.016623318195343018,-0.029960334300994873,-0.022616184803993633,0.028424739837646484,-0.04942435026168823,-0.043049614432604244,0.019343912601470947,-0.038363099098205566,-0.06182654902652018,-0.0004076361656188965,-0.008095085620880127,-0.08065920278743022,0.04220235347747803,-0.004236042499542236,-0.042019664797336986,0.04789912700653076,-0.01277381181716919,-0.07047840163424723,0.048682332038879395,-0.013998091220855713,-0.09079790816024058,0.04449540376663208,-0.01633000373840332,-0.10209489569380992,0.03172135353088379,0.028544187545776367,-0.04255058572009318,-0.0016982555389404297,0.019077420234680176,-0.0744915376634907,-0.02414494752883911,-0.0034093260765075684,-0.08674877837613337,-0.0401228666305542,-0.028664469718933105,-0.08959270224288218,0.01337742805480957,0.04892838001251221,-0.04427075714185946,-0.028791069984436035,0.027601897716522217,-0.07530459717229121,-0.05079221725463867,0.0016339421272277832,-0.07741478786185496,-0.06381797790527344,-0.02515566349029541,-0.07120755270436518,-0.006219446659088135,0.05703747272491455,-0.047682545635254314,-0.041860222816467285,0.03632760047912598,-0.06978452906325572,-0.05981177091598511,0.011819958686828613,-0.0684543918104481,-0.07030153274536133,-0.013281822204589844,-0.061701934340746334
