0.0,0.0,0.0,0.04520803689956665,-0.07503241300582886,0.004588324326164184,0.09576338529586792,-0.11887937784194946,0.0005203575534551419,0.13698583841323853,-0.16115081310272217,-0.005093704228215756,0.1503167748451233,-0.20721378922462463,-0.010004064784311595,0.13717401027679443,-0.06666511297225952,-0.005891635798775496,0.17748576402664185,-0.0870707631111145,-0.000777470314801576,0.15397977828979492,-0.08921045064926147,0.005734020593649802,0.1291189193725586,-0.08571171760559082,0.0093957411414749,0.13895851373672485,-0.017771601676940918,-0.009511866391562762,0.18159735202789307,-0.04677581787109375,-0.0014903823788472437,0.1616782546043396,-0.05543184280395508,0.0049603425255781985,0.13880175352096558,-0.049466729164123535,0.0055507474868363715,0.1321452260017395,0.023014843463897705,-0.010892152571045699,0.17494434118270874,-0.008635163307189941,-0.0015698950913929366,0.15738636255264282,-0.015802383422851562,0.0054960024832553245,0.13290655612945557,-0.012544572353363037,0.005746886349356828,0.12173694372177124,0.05599105358123779,-0.012079568364583793,0.15907704830169678,0.034614384174346924,-0.0029112531514101647,0.14660722017288208,0.02303481101989746,0.006284758663809953,0.12513703107833862,0.02136284112930298,0.01057935248229569
0.0,0.0,0.0,0.04939216375350952,-0.07407689094543457,0.007169808445269155,0.10176634788513184,-0.11345285177230835,0.0047965596409085265,0.1435016393661499,-0.1481342911720276,0.00044029399077771814,0.15930300951004028,-0.18973076343536377,-0.0032825253924784192,0.13966703414916992,-0.05979675054550171,-0.0038312711308208236,0.18211913108825684,-0.07777547836303711,-0.0005821229910907277,0.1605449914932251,-0.07966369390487671,0.004630182122582482,0.1355389952659607,-0.07530128955841064,0.008104391580218362,0.14239788055419922,-0.008497297763824463,-0.008479863221054984,0.18506455421447754,-0.03641456365585327,-0.0005973174606879184,0.16770100593566895,-0.04551202058792114,0.005764822194123553,0.1442233920097351,-0.03998100757598877,0.006602072806799697,0.1371523141860962,0.03413379192352295,-0.010861249456411315,0.17884963750839233,0.002810239791870117,-0.001037103056205524,0.16224372386932373,-0.006143629550933838,0.006632959188664245,0.1380937099456787,-0.002953171730041504,0.007331815266752528,0.12856823205947876,0.06754082441329956,-0.012959693374341441,0.16355150938034058,0.046903133392333984,-0.003424882704621268,0.15029972791671753,0.03526657819747925,0.006106959374392318,0.12856465578079224,0.034295082092285156,0.011135931310946035
0.0,0.0,0.0,0.048480719327926636,-0.07348954677581787,0.007030822377998902,0.1005566418170929,-0.11450415849685669,0.005255921785135342,0.14582476019859314,-0.14899343252182007,0.0026143489353103178,0.16477593779563904,-0.1866890788078308,0.0007142228836869435,0.1422630250453949,-0.06229144334793091,-0.007137166760514901,0.18612626194953918,-0.08219373226165771,0.000813082483944072,0.16324195265769958,-0.08642911911010742,0.010484802112330271,0.13814577460289001,-0.0838136076927185,0.016237382352699115,0.1464097797870636,-0.01068192720413208,-0.009398785844098256,0.18920251727104187,-0.044719576835632324,0.002969842212621643,0.1699429452419281,-0.05535483360290527,0.011430611409593894,0.1475854218006134,-0.05043286085128784,0.012400212273348643,0.14140960574150085,0.03076571226119995,-0.008445655420075582,0.18311986327171326,-0.007752597332000732,0.005215318914849831,0.16525611281394958,-0.017253518104553223,0.01322353868221171,0.14175006747245789,-0.015222311019897461,0.012642064638782813,0.13267019391059875,0.06224852800369263,-0.006866282276462243,0.16904911398887634,0.032453060150146484,0.00470164515485294,0.1558397114276886,0.019036531448364258,0.014294432983149363,0.13568994402885437,0.01655334234237671,0.018507207319487406
0.0,0.0,0.0,0.04600334167480469,-0.07775706052780151,0.007539519197422351,0.09638112783432007,-0.11676853895187378,0.007627673535722579,0.14233827590942383,-0.14878511428833008,0.006646140567141856,0.16480815410614014,-0.18492263555526733,0.006476414478498782,0.1443600058555603,-0.06303220987319946,0.004707608460563506,0.17799729108810425,-0.08015918731689453,0.01813229647942194,0.1570073962211609,-0.0853070616722107,0.028745739809352244,0.13489383459091187,-0.08334571123123169,0.034618119797784175,0.14707636833190918,-0.011166691780090332,0.0031237952365756883,0.18086481094360352,-0.038210928440093994,0.02018898454971918,0.16359442472457886,-0.04921764135360718,0.027565461672026004,0.14312714338302612,-0.04569864273071289,0.027702833614426936,0.13971412181854248,0.029703795909881592,0.004344534217494811,0.17176449298858643,-0.0013788938522338867,0.021801301366764392,0.15705466270446777,-0.012064993381500244,0.02771614593930849,0.1354164481163025,-0.011556088924407959,0.025506873703676547,0.12899839878082275,0.06207329034805298,0.00620921477221259,0.15812915563583374,0.037638843059539795,0.022668159655410136,0.14756327867507935,0.02297806739807129,0.03274358352192053,0.12956082820892334,0.018578410148620605,0.0366390078283132
0.0,0.0,0.0,0.043202221393585205,-0.07415074110031128,0.0015923659114776,0.09404212236404419,-0.11183720827102661,-0.0013901208264144316,0.13947296142578125,-0.14519637823104858,-0.004492188218733872,0.15969133377075195,-0.18323081731796265,-0.006255425393334235,0.14054954051971436,-0.05862247943878174,-0.0013357290269198074,0.17264562845230103,-0.07407945394515991,0.007390967224040423,0.15140300989151,-0.07837432622909546,0.016012720417478477,0.1291019320487976,-0.07695800065994263,0.021128870200612937,0.14218300580978394,-0.009612441062927246,-0.0018358485509963884,0.17369920015335083,-0.03547859191894531,0.010203456159928237,0.1553821563720703,-0.04395616054534912,0.017080142747857963,0.13450825214385986,-0.03961414098739624,0.01851861516783515,0.13473981618881226,0.03058236837387085,-0.0005423044755445972,0.16530323028564453,-0.0010810494422912598,0.012037447307506,0.1495940089225769,-0.009137451648712158,0.017406547095873748,0.12792837619781494,-0.00745159387588501,0.01659210736701766,0.12421315908432007,0.06385910511016846,0.0007240806620245621,0.15118271112442017,0.03665226697921753,0.011864066709080134,0.13865739107131958,0.0243452787399292,0.01958707499156276,0.11941617727279663,0.021552085876464844,0.023308416482308303
0.0,0.0,0.0,0.044917404651641846,-0.07491737604141235,0.007713025148518682,0.0955994725227356,-0.11351180076599121,0.007816899746217132,0.1406601071357727,-0.14564454555511475,0.007026266019352079,0.1622956395149231,-0.1798422932624817,0.007262116942115426,0.14489209651947021,-0.060218989849090576,0.0029500605925250056,0.17772561311721802,-0.07919532060623169,0.015545226811923385,0.15633249282836914,-0.08464229106903076,0.026259370326556564,0.13384491205215454,-0.08256149291992188,0.0324407817716974,0.14612501859664917,-0.011996328830718994,0.0011075775292965773,0.18076777458190918,-0.03905540704727173,0.016555285259642005,0.16279613971710205,-0.0517423152923584,0.024233341395415664,0.14220714569091797,-0.049237191677093506,0.025224702611126304,0.1380559802055359,0.026326358318328857,0.002156672479145527,0.17162364721298218,-0.0041443705558776855,0.017958482905783058,0.15680605173110962,-0.015953898429870605,0.024621004417099357,0.13544702529907227,-0.016081392765045166,0.02359955216900289,0.12701565027236938,0.05639594793319702,0.0039558626632469895,0.15781772136688232,0.03268545866012573,0.01920320670262754,0.14711600542068481,0.016863763332366943,0.029703321113743186,0.12906408309936523,0.012576520442962646,0.0343234280045408
0.0,0.0,0.0,0.04457879066467285,-0.07259929180145264,0.005995709226624513,0.09547102451324463,-0.10851776599884033,0.005730652027921224,0.14306682348251343,-0.14091849327087402,0.0055011541221006155,0.16532111167907715,-0.17510634660720825,0.0066839705791039705,0.147047221660614,-0.05459541082382202,-0.0011825822189734936,0.1799412965774536,-0.07488453388214111,0.014319505785749698,0.15655648708343506,-0.0805060863494873,0.0286805026802881,0.13403749465942383,-0.07886344194412231,0.036934140381561065,0.14783614873886108,-0.004102468490600586,-0.0006248144096048236,0.1804407835006714,-0.03340107202529907,0.015311447215424323,0.1615036129951477,-0.04583871364593506,0.024765356687055373,0.14086216688156128,-0.043376803398132324,0.02742945520316198,0.1371806263923645,0.034284770488739014,0.0035153387684090376,0.1696348786354065,0.004931330680847168,0.019766615015612388,0.15459990501403809,-0.00697857141494751,0.027891147193656707,0.13300669193267822,-0.00914996862411499,0.028519763854490066,0.12290626764297485,0.06316566467285156,0.008468922470854068,0.15175455808639526,0.0425836443901062,0.02404572745894029,0.1413283348083496,0.028371810913085938,0.0349259555909498,0.1229022741317749,0.022911489009857178,0.040478009042487884
0.0,0.0,0.0,0.04154402017593384,-0.07368171215057373,-0.0010338984561713005,0.09264779090881348,-0.11084514856338501,-0.004557538674362149,0.13861948251724243,-0.14329946041107178,-0.007534080081768479,0.1583297848701477,-0.17995500564575195,-0.00900246611718103,0.1436139941215515,-0.05450695753097534,-0.0021582547474281455,0.17168724536895752,-0.07306355237960815,0.008064292008839402,0.14932817220687866,-0.07714027166366577,0.016808648231290135,0.1280738115310669,-0.07472139596939087,0.021468399661443982,0.14368480443954468,-0.005201160907745361,-0.0009457821274736489,0.17221099138259888,-0.03178966045379639,0.011180147166214738,0.1534433364868164,-0.04169166088104248,0.017404275583885465,0.13313353061676025,-0.03786587715148926,0.01840538774695233,0.13378870487213135,0.03303635120391846,0.002174872309751663,0.1619129180908203,0.0044702887535095215,0.014661109643839154,0.1473534107208252,-0.005832970142364502,0.019876337247751508,0.12643051147460938,-0.005290687084197998,0.019239929142258916,0.12086635828018188,0.06379121541976929,0.005167550510577712,0.14772874116897583,0.041107177734375,0.017155042487047467,0.13712120056152344,0.026853561401367188,0.025656615021489415,0.11902260780334473,0.022651195526123047,0.029891566010974202
0.0,0.0,0.0,-0.01555931568145752,-0.04617774486541748,-0.04767405014979431,-0.05102717876434326,-0.04669153690338135,-0.07082330953824112,-0.08954399824142456,-0.038794875144958496,-0.08543962758528778,-0.12472009658813477,-0.03967863321304321,-0.09898128878819534,-0.10083305835723877,-0.014918088912963867,-0.053638169137116165,-0.1617574691772461,-0.01798558235168457,-0.07148242515074799,-0.20091238617897034,-0.028366148471832275,-0.0834707222555835,-0.2306612730026245,-0.039839327335357666,-0.09144776832806656,-0.10835427045822144,-0.0013069510459899902,-0.03417533781873772,-0.17289096117019653,-0.00431513786315918,-0.054554907200213165,-0.21444487571716309,-0.020601212978363037,-0.06984384876238892,-0.24778062105178833,-0.03439050912857056,-0.07957135659205505,-0.1076701283454895,0.004109740257263184,-0.016704316777463646,-0.1651962399482727,-0.0016641020774841309,-0.03475260135280678,-0.20363280177116394,-0.016237318515777588,-0.04860983189689705,-0.23134100437164307,-0.027005434036254883,-0.05608879548060486,-0.10428977012634277,0.0030063986778259277,-0.00223889324377069,-0.1451846957206726,-0.0002834796905517578,-0.0166998240773637,-0.17473143339157104,-0.010888397693634033,-0.02676883299398014,-0.19625592231750488,-0.021872282028198242,-0.032727861372109146
0.0,0.0,0.0,0.040633201599121094,-0.0675310492515564,-0.001692817465226426,0.08775484561920166,-0.10499966144561768,-0.007045045763078406,0.12493032217025757,-0.14151936769485474,-0.011909780360582545,0.1379343867301941,-0.18683135509490967,-0.015261030092659666,0.1240532398223877,-0.0625486969947815,-0.013523810811165049,0.16685360670089722,-0.07628202438354492,-0.011403396993699744,0.14661884307861328,-0.08051043748855591,-0.005446610309007838,0.12539279460906982,-0.07727915048599243,-0.001536176109510734,0.12414366006851196,-0.015867650508880615,-0.013172635145309641,0.16931480169296265,-0.03359425067901611,-0.00999729548377104,0.151292085647583,-0.04495072364807129,-0.003855318331915214,0.13136082887649536,-0.04211258888244629,-0.001657104969780221,0.11644446849822998,0.020451784133911133,-0.010987239226523116,0.15679198503494263,-0.0007638931274414062,-0.004436479218128397,0.1424802541732788,-0.009887635707855225,0.0026716855002462125,0.1239309310913086,-0.008473634719848633,0.004024015471514986,0.10674881935119629,0.04736471176147461,-0.0087759627847106,0.13801485300064087,0.031393468379974365,-0.00013116108922872627,0.12855899333953857,0.01990562677383423,0.008181483216759489,0.11366403102874756,0.017831385135650635,0.011975035734650419
0.0,0.0,0.0,-0.013252198696136475,-0.04874533414840698,-0.05140258945846199,-0.047982633113861084,-0.05194371938705444,-0.07650695942663788,-0.0873757004737854,-0.04518347978591919,-0.09275908224606155,-0.12333744764328003,-0.04705250263214111,-0.10803226583027481,-0.10119843482971191,-0.019457519054412842,-0.0573530142786467,-0.1601933240890503,-0.023953497409820557,-0.07866167478584885,-0.19946551322937012,-0.03480440378189087,-0.09315058045410751,-0.22973811626434326,-0.04727214574813843,-0.10278155111097931,-0.1098596453666687,-0.005269110202789307,-0.036894103664394606,-0.17174166440963745,-0.00811612606048584,-0.06060097195529579,-0.21333658695220947,-0.023785293102264404,-0.07791170679354309,-0.24858394265174866,-0.03989320993423462,-0.08895848147892593,-0.10915166139602661,0.0014600157737731934,-0.018888058293100585,-0.16438955068588257,-0.005740702152252197,-0.040488278645511855,-0.20377671718597412,-0.018397271633148193,-0.05630032174610733,-0.23335301876068115,-0.0291140079498291,-0.06468502633595108,-0.10501277446746826,0.0023838281631469727,-0.004187944497402896,-0.14375078678131104,-0.0026788711547851562,-0.02266805634224056,-0.1744767129421234,-0.012788653373718262,-0.035670207965608824,-0.1979326605796814,-0.023274660110473633,-0.04330317877554535
0.0,0.0,0.0,0.031537532806396484,-0.06648540496826172,0.00013428610884602676,0.07178562879562378,-0.1046486496925354,-0.005538006427627806,0.11078453063964844,-0.13573265075683594,-0.01119671261210442,0.12537330389022827,-0.17067497968673706,-0.015216219819080834,0.10936051607131958,-0.0652245283126831,-0.017527813672018056,0.15443474054336548,-0.08237212896347046,-0.016771538763237004,0.13497507572174072,-0.08391588926315308,-0.009197218923759465,0.11331737041473389,-0.07919526100158691,-0.003564594660815601,0.11295491456985474,-0.019519448280334473,-0.019138562141847615,0.16007405519485474,-0.043269336223602295,-0.018686883731675152,0.14148861169815063,-0.05185699462890625,-0.010757995418202881,0.12111556529998779,-0.047391414642333984,-0.006626720654708151,0.10854727029800415,0.01938098669052124,-0.01872360950608254,0.15483570098876953,-0.0019124150276184082,-0.016385682507348065,0.13867098093032837,-0.009870469570159912,-0.006804229806107287,0.1177399754524231,-0.008384764194488525,-0.00225968903203011,0.09950268268585205,0.04994469881057739,-0.01809308177132607,0.13707488775253296,0.038267672061920166,-0.01286510436136723,0.12704259157180786,0.026353299617767334,-0.0037384504665851637,0.10968261957168579,0.022784531116485596,0.0017632632535651283
0.0,0.0,0.0,0.0340266227722168,-0.06581568717956543,0.000831079709541882,0.07639950513839722,-0.09987026453018188,-0.002476228535442715,0.11572408676147461,-0.1306789517402649,-0.005239397887407904,0.13092732429504395,-0.16945809125900269,-0.006744346250115996,0.11286300420761108,-0.060059428215026855,-0.010937439412145977,0.1506284475326538,-0.07657217979431152,-0.002770390728755956,0.13314294815063477,-0.08034580945968628,0.007704443629563684,0.11491835117340088,-0.07631969451904297,0.014069975219399566,0.11466634273529053,-0.013659656047821045,-0.01007370198544777,0.15388059616088867,-0.03683459758758545,-0.0009111038123137405,0.1372009515762329,-0.047075867652893066,0.008487025141448612,0.12000232934951782,-0.04350501298904419,0.012049908615381355,0.10825467109680176,0.023759782314300537,-0.00673812920626915,0.1450604796409607,0.0012241601943969727,0.003757983777404661,0.1313149333000183,-0.00886315107345581,0.012216755985946293,0.11293250322341919,-0.008797705173492432,0.013996745325357551,0.09788119792938232,0.05233508348464966,-0.0031281263979963114,0.12660330533981323,0.0378345251083374,0.008104826189310188,0.11820143461227417,0.024585366249084473,0.017120275512070293,0.10279572010040283,0.019379079341888428,0.02131782831224882
0.0,0.0,0.0,0.035109758377075195,-0.06420856714248657,0.0050655239035961586,0.07745617628097534,-0.10083407163619995,0.003261016333254929,0.11604410409927368,-0.13108175992965698,0.0003370128113431292,0.12734264135360718,-0.16567546129226685,-0.001318990717862789,0.11131489276885986,-0.05765330791473389,-0.006469958111864571,0.15348196029663086,-0.07485681772232056,-0.0009847650064500613,0.13496887683868408,-0.08099669218063354,0.00821250106744742,0.114535391330719,-0.07736003398895264,0.01436996541522717,0.11295586824417114,-0.014593183994293213,-0.008756685186398272,0.15667420625686646,-0.03861480951309204,-0.0027853936182680172,0.14081507921218872,-0.051022350788116455,0.006320192362892385,0.12166446447372437,-0.04618626832962036,0.01030033815257525,0.10765647888183594,0.019660770893096924,-0.008895358186435942,0.15065354108810425,-0.0005382895469665527,-0.0010058931067931098,0.13782060146331787,-0.012563347816467285,0.008979459177481885,0.11809605360031128,-0.011706888675689697,0.012631149846839662,0.09905356168746948,0.046292662620544434,-0.008716693263721709,0.13292735815048218,0.03788936138153076,0.0013204962022257405,0.1268376111984253,0.024022281169891357,0.011166307959484811,0.11115056276321411,0.019735097885131836,0.016289517167734857
0.0,0.0,0.0,0.03743845224380493,-0.06363242864608765,0.005360653359360867,0.08255922794342041,-0.10122334957122803,0.003380537699825936,0.12248140573501587,-0.13294196128845215,0.0002799697368516263,0.13467806577682495,-0.16753756999969482,-0.0017578401920275155,0.11753696203231812,-0.06039845943450928,-0.007454234439961738,0.15924954414367676,-0.07894527912139893,-0.0029963581208960477,0.1404690146446228,-0.0810236930847168,0.004995807740755254,0.12026071548461914,-0.07610344886779785,0.010209186203695708,0.11914688348770142,-0.016011476516723633,-0.010350840896450109,0.16128486394882202,-0.041238605976104736,-0.004709175121121234,0.14567232131958008,-0.051231205463409424,0.0032285232710762557,0.12636542320251465,-0.04664409160614014,0.0062288369200302895,0.11292171478271484,0.02024751901626587,-0.010956603832624978,0.15643310546875,0.00010246038436889648,-0.004102801702998704,0.14386987686157227,-0.011028945446014404,0.005224503312177831,0.12381631135940552,-0.011034905910491943,0.008672476947225505,0.10297685861587524,0.04890716075897217,-0.01108741367616517,0.1385229229927063,0.04031866788864136,-0.0026570521612541143,0.13381558656692505,0.0265425443649292,0.006827305737800771,0.1196366548538208,0.021738409996032715,0.012147817030466967
0.0,0.0,0.0,0.03487783670425415,-0.06560271978378296,-5.0226872218672725e-05,0.08334082365036011,-0.09817558526992798,-0.002434921369086851,0.12810122966766357,-0.12088203430175781,-0.00429683892255639,0.15226423740386963,-0.14854371547698975,-0.00435155738344406,0.11424100399017334,-0.055375516414642334,-0.009796862175818433,0.15616458654403687,-0.0766560435295105,-0.005875978769864787,0.13702452182769775,-0.08076953887939453,0.001267981331665169,0.11619377136230469,-0.07638072967529297,0.0059592224078812706,0.11705821752548218,-0.01299065351486206,-0.009514177834745396,0.16046923398971558,-0.03931468725204468,-0.004682152683045615,0.1426507830619812,-0.05073422193527222,0.002350797027219187,0.12272381782531738,-0.046339213848114014,0.005126235389951717,0.11290812492370605,0.021410107612609863,-0.007528040709104289,0.15397930145263672,-0.002973496913909912,-0.0013528750623947872,0.13978338241577148,-0.014108240604400635,0.005956736707929622,0.11983472108840942,-0.01258319616317749,0.00804009785676385,0.10537391901016235,0.04822045564651489,-0.005436487181242455,0.1387465000152588,0.03484147787094116,0.0017091066929140197,0.13117951154708862,0.022649765014648438,0.00905536612296487,0.1150658130645752,0.01965928077697754,0.012830456102136623
0.0,0.0,0.0,0.034331679344177246,-0.06468790769577026,0.005841273599514807,0.07578563690185547,-0.10030609369277954,0.0042727289434765225,0.11452734470367432,-0.1304609775543213,0.0016082327526305562,0.12586218118667603,-0.16424560546875,-4.8454370983108674e-05,0.11622458696365356,-0.061588943004608154,-0.0033734787542130107,0.15441453456878662,-0.07988792657852173,0.004167279944965685,0.13485044240951538,-0.08334308862686157,0.013233125926205958,0.11482596397399902,-0.07858818769454956,0.018794240215072477,0.11925041675567627,-0.01757293939590454,-0.005836070730140364,0.15749400854110718,-0.043166160583496094,0.0027014794938509112,0.14122921228408813,-0.052736520767211914,0.01047120501215204,0.1224547028541565,-0.04749482870101929,0.012994266831526602,0.11380785703659058,0.0174405574798584,-0.0059261328827346915,0.1526472568511963,-0.005108535289764404,0.004469504830638016,0.13931572437286377,-0.015130877494812012,0.012619047210762346,0.12040770053863525,-0.013465166091918945,0.014178166882345522,0.10478907823562622,0.04505658149719238,-0.005514737899204647,0.13743102550506592,0.0324939489364624,0.006556741678366507,0.12974584102630615,0.020305216312408447,0.016226218798408354,0.11451578140258789,0.01748758554458618,0.020755581342825735
0.0,0.0,0.0,0.03311169147491455,-0.06764531135559082,0.005157754197256281,0.0756266713142395,-0.10147237777709961,0.005339382122741654,0.11580854654312134,-0.12921935319900513,0.004980736784176543,0.13248729705810547,-0.16312175989151,0.005762942507402613,0.11943954229354858,-0.06290441751480103,0.0010485856556385897,0.15102654695510864,-0.08392447233200073,0.011781385540501788,0.1317017674446106,-0.08637022972106934,0.021495478599803164,0.11284548044204712,-0.08074253797531128,0.02706712521566601,0.12230497598648071,-0.02034050226211548,0.0006435706391982876,0.15567690134048462,-0.04719185829162598,0.011905090324120238,0.1383170485496521,-0.05690068006515503,0.019054148718254282,0.120852530002594,-0.051084041595458984,0.020888762920634463,0.11609244346618652,0.013194262981414795,0.002676218654499962,0.1509544849395752,-0.010976314544677734,0.014578167721168711,0.13735312223434448,-0.02095794677734375,0.021195561065809443,0.1189119815826416,-0.01932525634765625,0.021618711202876284,0.10628920793533325,0.03835779428482056,0.0053340931418404125,0.13568627834320068,0.025019705295562744,0.018059973045723154,0.12803500890731812,0.012657642364501953,0.02693662457122059,0.11324560642242432,0.009643018245697021,0.0308887459333107
0.0,0.0,0.0,0.03608250617980957,-0.06736958026885986,0.008142299756997318,0.07877367734909058,-0.10259103775024414,0.00776503262355277,0.12073642015457153,-0.13096648454666138,0.006027933482670278,0.13716399669647217,-0.16207516193389893,0.005325972840779514,0.11906015872955322,-0.06448853015899658,-0.003693876049823075,0.15702760219573975,-0.08166289329528809,0.004414648555808753,0.13776761293411255,-0.08393239974975586,0.015090336830013484,0.11693477630615234,-0.0794171690940857,0.021943888433867187,0.12147307395935059,-0.018062353134155273,-0.006404175150549918,0.15914350748062134,-0.043329477310180664,0.0026718005935038036,0.14286506175994873,-0.052720844745635986,0.011868496232324333,0.12370985746383667,-0.04778629541397095,0.015267832942896575,0.11529725790023804,0.019660890102386475,-0.006300966914153605,0.15498989820480347,-0.0019385218620300293,0.003893319324248523,0.14115887880325317,-0.012801408767700195,0.013778035335832328,0.12094414234161377,-0.012498199939727783,0.016815726452165336,0.10506540536880493,0.0493047833442688,-0.005406737055039912,0.13922357559204102,0.03989112377166748,0.006169855401509494,0.13270819187164307,0.02597862482070923,0.016793695085340232,0.11745554208755493,0.02083355188369751,0.02244822382240841
0.0,0.0,0.0,0.033573150634765625,-0.06742554903030396,0.0029865174382166515,0.07545840740203857,-0.10228365659713745,0.0018700555027635346,0.11330264806747437,-0.13209021091461182,0.000162165635515521,0.1284564733505249,-0.16646039485931396,-0.0008486228817901065,0.11706769466400146,-0.05457329750061035,0.0003059735407759945,0.150465726852417,-0.0763503909111023,0.00903334112979337,0.131600022315979,-0.08229327201843262,0.016666629520727838,0.11221402883529663,-0.07698732614517212,0.020995865745021547,0.11925643682479858,-0.012358248233795166,0.000518881535640503,0.1540776491165161,-0.04104793071746826,0.010365987365617002,0.13860106468200684,-0.05258989334106445,0.016364108008815492,0.11936873197555542,-0.047445714473724365,0.018085926008893694,0.11319971084594727,0.020253300666809082,0.002851631894259299,0.14613944292068481,-0.007882416248321533,0.01441101467378303,0.13392561674118042,-0.018608689308166504,0.0211138140238063,0.11502182483673096,-0.016542792320251465,0.022165910509897913,0.10353744029998779,0.04515886306762695,0.005336829164548362,0.13108813762664795,0.02633225917816162,0.017653853801562036,0.122874915599823,0.01417464017868042,0.027056134474946703,0.10651743412017822,0.011657238006591797,0.03212983830042049
0.0,0.0,0.0,0.03276705741882324,-0.06299084424972534,0.007969032898444084,0.07131409645080566,-0.10289263725280762,0.007947722375291733,0.10358160734176636,-0.135611891746521,0.005827307626503853,0.11271363496780396,-0.16760313510894775,0.004741904716837553,0.11077237129211426,-0.06854087114334106,0.006050509326058773,0.1425943374633789,-0.07123303413391113,0.014513998217779545,0.12562835216522217,-0.06913411617279053,0.021551550291377453,0.10849267244338989,-0.06628966331481934,0.025577275939184574,0.11281216144561768,-0.029199302196502686,0.0022160736097873723,0.14442986249923706,-0.03733795881271362,0.01201667908568993,0.13016754388809204,-0.041696369647979736,0.016493352986771015,0.11267083883285522,-0.040007591247558594,0.016940318904715923,0.10694998502731323,0.0037611722946166992,0.0001628722656903392,0.13806015253067017,-0.0066637396812438965,0.011886745616692451,0.12646591663360596,-0.01056528091430664,0.016577568761903194,0.10816824436187744,-0.010159671306610107,0.01598434794684067,0.09783774614334106,0.030590057373046875,-0.0013489274588494027,0.12386971712112427,0.024198412895202637,0.01142128176977053,0.117226243019104,0.01717531681060791,0.01902218621214047,0.10357475280761719,0.015842020511627197,0.022149863578277973
0.0,0.0,0.0,0.03926801681518555,-0.06151694059371948,-0.002314516245348841,0.08254349231719971,-0.09643667936325073,-0.010705782468392044,0.12244683504104614,-0.12750834226608276,-0.018922861101998478,0.13660436868667603,-0.16381114721298218,-0.02607441078401962,0.1259288787841797,-0.050736963748931885,-0.019900284144057423,0.16321498155593872,-0.07519805431365967,-0.019235696080102116,0.14293348789215088,-0.0752454400062561,-0.014052271279467732,0.12175601720809937,-0.07052314281463623,-0.010764567549301773,0.12639933824539185,-0.004416763782501221,-0.021946500423325688,0.16356289386749268,-0.036488115787506104,-0.018136822986377865,0.14818668365478516,-0.04339134693145752,-0.01303464956112066,0.1291879415512085,-0.03936171531677246,-0.012922454993201882,0.1201171875,0.03359675407409668,-0.02184864263512054,0.16094553470611572,0.006793797016143799,-0.017653025123252064,0.1482909917831421,-0.004180848598480225,-0.011192483263982922,0.12796103954315186,-0.0053670406341552734,-0.01015252843029657,0.11167258024215698,0.06442707777023315,-0.021827907669319302,0.14751148223876953,0.05237114429473877,-0.016911513539923817,0.14064443111419678,0.03882622718811035,-0.008461548383309037,0.12547940015792847,0.03269922733306885,-0.0036868133069560827
0.0,0.0,0.0,0.03675508499145508,-0.05820125341415405,-0.00022912771947858346,0.08086442947387695,-0.09224575757980347,-0.007375711924225925,0.12017875909805298,-0.12313228845596313,-0.01552700751909697,0.13418477773666382,-0.16185349225997925,-0.022967026918024658,0.11912524700164795,-0.051365673542022705,-0.013500668457538723,0.15974676609039307,-0.07175391912460327,-0.01570921146759474,0.1404985785484314,-0.07157349586486816,-0.014102987362832664,0.11829638481140137,-0.0664706826210022,-0.012960396124810813,0.12040132284164429,-0.007769882678985596,-0.017342566861600517,0.1616370677947998,-0.033548712730407715,-0.015432721352965473,0.1465511918067932,-0.039958655834198,-0.011829870170743106,0.12555062770843506,-0.03611886501312256,-0.012363537563771843,0.11534827947616577,0.03009653091430664,-0.0198185307670542,0.1580866575241089,0.0070503950119018555,-0.01688327209541285,0.14471220970153809,-0.0011406540870666504,-0.011292362003416656,0.12288814783096313,-0.0009292960166931152,-0.01072206289956057,0.10749036073684692,0.0628100037574768,-0.0225269602377125,0.14196228981018066,0.05148303508758545,-0.018511849804610847,0.13290190696716309,0.04052990674972534,-0.011052126413972019,0.11482691764831543,0.03648257255554199,-0.007034655543805002
0.0,0.0,0.0,0.035041987895965576,-0.0651465654373169,0.0027108809552771618,0.07676535844802856,-0.0999981164932251,-0.0009538574269356559,0.11865830421447754,-0.12911176681518555,-0.005753312249140663,0.13330531120300293,-0.16571545600891113,-0.00944044812436573,0.11753922700881958,-0.059281229972839355,-0.006797229860382004,0.15638798475265503,-0.07635390758514404,-0.00030513726611047787,0.13647395372390747,-0.07943159341812134,0.00798583776835926,0.11631989479064941,-0.07548773288726807,0.012569199326975422,0.119090735912323,-0.01256781816482544,-0.009049296368317528,0.15803039073944092,-0.03824126720428467,-0.00048536366753637594,0.14207440614700317,-0.04795277118682861,0.006774216435445624,0.12317657470703125,-0.04361754655838013,0.008126103329999523,0.11304372549057007,0.02414858341217041,-0.009157135140554828,0.15527045726776123,0.002953946590423584,0.00015967696876373338,0.1421264410018921,-0.007943809032440186,0.008543260406298714,0.12225300073623657,-0.008109211921691895,0.009957234385950642,0.10377734899520874,0.053050100803375244,-0.009143297549741192,0.13844162225723267,0.04865807294845581,0.00020992940321207243,0.13680946826934814,0.038072288036346436,0.00901933108602293,0.12678688764572144,0.03400677442550659,0.013162123050136643
0.0,0.0,0.0,0.03606069087982178,-0.06682300567626953,0.007142357874300842,0.07931411266326904,-0.10169047117233276,0.005463424019154672,0.12446099519729614,-0.1293320655822754,0.003174830574181442,0.14327317476272583,-0.16203546524047852,0.0018612133540329978,0.12331622838973999,-0.061894893646240234,-0.007761172604176636,0.1615743637084961,-0.08165162801742554,0.0030079690009472415,0.14016562700271606,-0.0820038914680481,0.015434707861032848,0.11885476112365723,-0.0758899450302124,0.022593164231267338,0.12636590003967285,-0.01348787546157837,-0.010461985718819733,0.1637515425682068,-0.041735291481018066,0.0014764165939880058,0.14621508121490479,-0.049372076988220215,0.011196120056894188,0.1261160969734192,-0.04464554786682129,0.013661101806548004,0.12127858400344849,0.0254785418510437,-0.009838339526567097,0.1596197485923767,-0.0003534555435180664,0.0029722821168718383,0.1450926661491394,-0.009433865547180176,0.012048079046991234,0.12379854917526245,-0.009353816509246826,0.012774168859806423,0.11283212900161743,0.05575066804885864,-0.008451603006932373,0.1433737874031067,0.04129457473754883,0.0036739677857724473,0.13347327709197998,0.029135525226593018,0.013816062707093124,0.11512798070907593,0.024712681770324707,0.01841200457104719
0.0,0.0,0.0,-0.022569715976715088,-0.047656238079071045,-0.028748795116371184,-0.05749690532684326,-0.053616344928741455,-0.04099482270521548,-0.09380728006362915,-0.04656606912612915,-0.04768472510022548,-0.12395018339157104,-0.04430454969406128,-0.05227638753694919,-0.10150903463363647,-0.007427394390106201,-0.02877660627109435,-0.15478837490081787,-0.03001582622528076,-0.03997736396831897,-0.18401074409484863,-0.04283452033996582,-0.048244513297504454,-0.21063387393951416,-0.05112332105636597,-0.05401791232270625,-0.10600191354751587,0.008272707462310791,-0.017476031282967597,-0.16156035661697388,-0.016221284866333008,-0.029525585198825866,-0.19491058588027954,-0.03167623281478882,-0.03874240788263705,-0.22449004650115967,-0.039308905601501465,-0.04523495557350543,-0.10423499345779419,0.014804482460021973,-0.00796799241197732,-0.15333843231201172,-0.006635487079620361,-0.017948090756362944,-0.18314111232757568,-0.02283722162246704,-0.02486641491395858,-0.20863878726959229,-0.03243511915206909,-0.02914182441872981,-0.10037493705749512,0.014811336994171143,-0.0006556624603035743,-0.13270461559295654,0.0016341209411621094,-0.0076393459048631485,-0.15555095672607422,-0.012198090553283691,-0.011910468066162139,-0.17460721731185913,-0.023427188396453857,-0.014730636688000232
0.0,0.0,0.0,0.03360021114349365,-0.06427383422851562,0.0007058595785167654,0.07366073131561279,-0.09857571125030518,-0.004085443086154328,0.11457014083862305,-0.12754762172698975,-0.009579708903260098,0.13153284788131714,-0.1629014015197754,-0.013714337825007306,0.11507678031921387,-0.05636471509933472,-0.00476619704735981,0.1511252522468567,-0.07573705911636353,0.0007699522085715671,0.13233906030654907,-0.08267515897750854,0.008303906665020122,0.1113739013671875,-0.08042401075363159,0.013117532142274513,0.1183275580406189,-0.013938963413238525,-0.005602475824929343,0.1565002202987671,-0.03888571262359619,0.0009482924489532252,0.14023685455322266,-0.05082470178604126,0.007712612756364479,0.12039309740066528,-0.0464097261428833,0.010291589320473804,0.11331284046173096,0.01909846067428589,-0.004800733282394276,0.15285927057266235,-0.003914773464202881,0.003099900799639954,0.1391029953956604,-0.015636444091796875,0.010590189964347019,0.11871212720870972,-0.013538539409637451,0.01274135046529068,0.10429888963699341,0.04551851749420166,-0.0040086280658613305,0.1379481554031372,0.033172786235809326,0.005429528084420099,0.130859375,0.020409464836120605,0.014252371982507839,0.11420458555221558,0.017229318618774414,0.01906988200622095
0.0,0.0,0.0,0.04053032398223877,-0.06743627786636353,0.006242148819637805,0.08338737487792969,-0.10402470827102661,0.003997965025973826,0.12313389778137207,-0.13267791271209717,-0.00013205803998062038,0.13862645626068115,-0.16810119152069092,-0.0034630023787940445,0.12190359830856323,-0.05634498596191406,-0.0007915865194263461,0.15725672245025635,-0.06760376691818237,0.0029104070358698664,0.1393752098083496,-0.07134407758712769,0.007437295987529069,0.11897039413452148,-0.06952160596847534,0.010026003941220551,0.12195134162902832,-0.014856338500976562,-0.004879099075424165,0.1592901349067688,-0.03352475166320801,0.0018555492947598395,0.14474165439605713,-0.04396510124206543,0.006774211543870479,0.12516570091247559,-0.042696595191955566,0.00695899804986766,0.11392378807067871,0.019863665103912354,-0.0071635560511822405,0.14956551790237427,-0.002404928207397461,0.0012878214561169443,0.13710719347000122,-0.011669456958770752,0.00764010870761922,0.1176297664642334,-0.012962758541107178,0.007840776591820031,0.10201650857925415,0.048375070095062256,-0.0090746043629224,0.13030755519866943,0.031925201416015625,0.0011219022649129329,0.12231725454330444,0.02141594886779785,0.010029759965163976,0.10677623748779297,0.018628358840942383,0.014091939441186696
0.0,0.0,0.0,0.03965568542480469,-0.06463742256164551,0.005100025328573565,0.08130210638046265,-0.0983738899230957,0.0017309925740107701,0.11945009231567383,-0.12662363052368164,-0.0030014724482327892,0.13566714525222778,-0.160619854927063,-0.006889267825755496,0.11846923828125,-0.051182687282562256,-0.0035609358467638685,0.1500576138496399,-0.06035667657852173,0.0007872615812800632,0.1322629451751709,-0.06439352035522461,0.006111296823945622,0.1127920150756836,-0.06351184844970703,0.009234585798111539,0.11667346954345703,-0.008085310459136963,-0.006493222435238977,0.1509847640991211,-0.02504366636276245,0.0005401722725935088,0.1369355320930481,-0.03534585237503052,0.005824965423670392,0.11789494752883911,-0.03581506013870239,0.006514416540738921,0.10699540376663208,0.027109086513519287,-0.007308206056478639,0.13956308364868164,0.005351722240447998,0.0017006746481627033,0.12782156467437744,-0.003640413284301758,0.008270819670286755,0.10926073789596558,-0.005848288536071777,0.008683073333230595,0.09488177299499512,0.055188536643981934,-0.007688544691774268,0.12018102407455444,0.037087321281433105,0.002548626622882466,0.11158013343811035,0.025743067264556885,0.011446138842728715,0.09659510850906372,0.02223724126815796,0.015679726375964265
0.0,0.0,0.0,0.03804171085357666,-0.06404554843902588,0.006986065909700301,0.07827699184417725,-0.0962601900100708,0.005420635130690243,0.11757230758666992,-0.12328267097473145,0.002236537777321246,0.1344706416130066,-0.15491008758544922,-4.835483912302152e-05,0.12064319849014282,-0.0530933141708374,0.0016692333412038352,0.14939987659454346,-0.05987173318862915,0.009941770837144759,0.13153332471847534,-0.06164604425430298,0.017507366978065875,0.11314260959625244,-0.06023228168487549,0.021732088320391085,0.12008142471313477,-0.009631574153900146,-0.001223545495918188,0.14948487281799316,-0.023941755294799805,0.009411366798417475,0.1355556845664978,-0.03308391571044922,0.015214981653230097,0.11713624000549316,-0.03398400545120239,0.015811627872722056,0.11036020517349243,0.02580881118774414,-0.0018319358094913696,0.13828152418136597,0.006772518157958984,0.010255308032469657,0.12692523002624512,-0.0012131333351135254,0.016172152154581454,0.1080893874168396,-0.00419461727142334,0.015600965500311759,0.09783774614334106,0.05413925647735596,-0.0018999591446799968,0.11993139982223511,0.03911978006362915,0.010775216065781024,0.11157345771789551,0.02807992696762085,0.019539039724008944,0.09595012664794922,0.02312380075454712,0.023338375755088236
0.0,0.0,0.0,0.040359318256378174,-0.06498396396636963,0.008659465134854827,0.08400976657867432,-0.09905868768692017,0.008469456703181777,0.12380737066268921,-0.12319761514663696,0.0064250113337891435,0.13967430591583252,-0.15677958726882935,0.0048419059149580335,0.12327969074249268,-0.05887538194656372,0.001047280047799859,0.15595287084579468,-0.06314992904663086,0.007493398514355931,0.13872861862182617,-0.06409019231796265,0.014325735986943755,0.11841839551925659,-0.0640254020690918,0.018281305105205092,0.12358635663986206,-0.014037370681762695,-0.003273362164605942,0.15596145391464233,-0.02919560670852661,0.00776505087387136,0.14234858751296997,-0.035904765129089355,0.014322432585771594,0.12363773584365845,-0.0360567569732666,0.0146991032071071,0.11533147096633911,0.0241125226020813,-0.005570754046772208,0.1480884552001953,0.0033605098724365234,0.006169636630232844,0.1353781819343567,-0.0033911466598510742,0.012403161161358867,0.11595362424850464,-0.005743443965911865,0.011488606118376765,0.10288470983505249,0.05515938997268677,-0.007320183898542609,0.1281176209449768,0.03724461793899536,0.004308525369282279,0.11934047937393188,0.026971042156219482,0.01264922962408832,0.10349977016448975,0.022144317626953125,0.015895038739557776
0.0,0.0,0.0,0.030102550983428955,-0.07586669921875,-0.007953454597696918,0.07371687889099121,-0.11698883771896362,-0.016154338463053364,0.11420637369155884,-0.14361262321472168,-0.022510110257968563,0.13100510835647583,-0.17971348762512207,-0.028632460950717586,0.13776898384094238,-0.07067960500717163,-0.02082215887199368,0.12769407033920288,-0.06797021627426147,-0.020782154842123646,0.10586667060852051,-0.06622236967086792,-0.02154488754163708,0.08761459589004517,-0.06791245937347412,-0.02400671210776295,0.14139324426651,-0.016504347324371338,-0.020557542188868183,0.12323403358459473,-0.026197314262390137,-0.013377660742804665,0.10252547264099121,-0.030572354793548584,-0.012436925290927547,0.0820203423500061,-0.02965456247329712,-0.01712078307460274,0.1311209797859192,0.029812633991241455,-0.01896668490658726,0.1118500828742981,0.01601564884185791,-0.01738776345442261,0.09145492315292358,0.010799765586853027,-0.02086846423040356,0.06774246692657471,0.007483243942260742,-0.027506147368654865,0.11413639783859253,0.06970775127410889,-0.017952353550896305,0.08636897802352905,0.051368772983551025,-0.022491074024543423,0.059478759765625,0.040844619274139404,-0.025850134759053844,0.03571510314941406,0.03503775596618652,-0.02861453112851109
0.0,0.0,0.0,0.028922438621520996,-0.07406449317932129,-0.006042281126809712,0.06824582815170288,-0.1127442717552185,-0.013873631561381217,0.10739421844482422,-0.14316385984420776,-0.02047668253837287,0.12565171718597412,-0.18122225999832153,-0.02704331694005191,0.13265013694763184,-0.07359468936920166,-0.014338070022148486,0.1191244125366211,-0.06756651401519775,-0.0146765145084089,0.09842419624328613,-0.06329548358917236,-0.01748552029786765,0.08194094896316528,-0.06385058164596558,-0.021365430632812377,0.13839000463485718,-0.021684765815734863,-0.015404101887924071,0.1163739562034607,-0.025730252265930176,-0.007849323990029689,0.0966634750366211,-0.027593612670898438,-0.008393221961540576,0.07804441452026367,-0.026894330978393555,-0.013780738653821345,0.12991034984588623,0.023691833019256592,-0.015457762832028266,0.1075318455696106,0.013124644756317139,-0.012962259778959151,0.08828526735305786,0.008535444736480713,-0.017064802775365706,0.0663101077079773,0.005392968654632568,-0.024336414838415976,0.11470746994018555,0.06232595443725586,-0.016153753230554457,0.08408546447753906,0.04355722665786743,-0.020758940333706732,0.057497262954711914,0.034726500511169434,-0.024781365374309416,0.03424161672592163,0.03072887659072876,-0.028029358441216345
0.0,0.0,0.0,0.0282629132270813,-0.06269526481628418,-0.009577771073054464,0.06799113750457764,-0.10237807035446167,-0.022575142217647226,0.10501939058303833,-0.1358157992362976,-0.03432601725853601,0.12140744924545288,-0.17632639408111572,-0.04562801158226648,0.12580913305282593,-0.058117806911468506,-0.02816624416209379,0.12109345197677612,-0.05286133289337158,-0.033454683033596666,0.09827840328216553,-0.05441570281982422,-0.036984410492550523,0.07928943634033203,-0.05853241682052612,-0.04070989450610796,0.1277482509613037,-0.006200969219207764,-0.029564658535491617,0.11616027355194092,-0.0072119832038879395,-0.027792990563284548,0.09498411417007446,-0.013604223728179932,-0.02771945333279291,0.07459366321563721,-0.018495559692382812,-0.032253429649244936,0.11748915910720825,0.039698779582977295,-0.029800398630868585,0.10755854845046997,0.03359270095825195,-0.02880812658167997,0.0864596962928772,0.02697885036468506,-0.027126167325150163,0.062406957149505615,0.01865541934967041,-0.030179612694155367,0.10127562284469604,0.07967829704284668,-0.03099609201944986,0.08657288551330566,0.06919723749160767,-0.03275872802532831,0.0662338137626648,0.05713605880737305,-0.030450979603301676,0.045830488204956055,0.04625546932220459,-0.029414091614853533
0.0,0.0,0.0,-0.020907998085021973,-0.0525585412979126,-0.03656354351022628,-0.0547633171081543,-0.057707369327545166,-0.054932014924077066,-0.088223397731781,-0.04640364646911621,-0.0651088188407698,-0.11547982692718506,-0.031091153621673584,-0.0743704344151297,-0.0969095230102539,-0.0033236145973205566,-0.05240839896777061,-0.14940816164016724,-0.019472062587738037,-0.06474497718789962,-0.17910736799240112,-0.03167617321014404,-0.07144064260700134,-0.20470139384269714,-0.04049557447433472,-0.07515071881988433,-0.09977233409881592,0.01940000057220459,-0.03618610082247642,-0.15571701526641846,0.0007101297378540039,-0.051463426929501566,-0.19053465127944946,-0.016392648220062256,-0.059602511954096826,-0.21816739439964294,-0.026606202125549316,-0.06400528354623702,-0.09597378969192505,0.029649078845977783,-0.01999359196105388,-0.14702868461608887,0.004014730453491211,-0.032744141202954324,-0.17947667837142944,-0.017085790634155273,-0.04057908607700256,-0.20294857025146484,-0.031409621238708496,-0.0444317030725756,-0.0905274748802185,0.031518757343292236,-0.005753089581219228,-0.1260203719139099,0.013708770275115967,-0.015072015952853235,-0.1422189474105835,-0.007498502731323242,-0.018962457683471712,-0.14899837970733643,-0.026907920837402344,-0.020525364112643274
0.0,0.0,0.0,0.030329585075378418,-0.05978637933731079,0.001271250799874224,0.0711207389831543,-0.0971841812133789,-0.00336152580322846,0.10463374853134155,-0.13053041696548462,-0.009527688238193832,0.11427104473114014,-0.16905397176742554,-0.014799838277866684,0.10439467430114746,-0.06624943017959595,-0.004237348537316166,0.14302551746368408,-0.06656122207641602,-0.005081517945399128,0.12792694568634033,-0.06304758787155151,-0.003848736963590227,0.10848283767700195,-0.06111794710159302,-0.0025986538709901197,0.10448658466339111,-0.024251163005828857,-0.00806035599427446,0.14427900314331055,-0.027081549167633057,-0.004971304300596557,0.1289989948272705,-0.030351877212524414,-0.0022964250271968467,0.1087033748626709,-0.030814528465270996,-0.0018859185254029853,0.0974854826927185,0.015242815017700195,-0.011242206531932197,0.1340770721435547,0.008724033832550049,-0.005465606085380159,0.12098574638366699,0.006983637809753418,-0.0016786107769064529,0.10072815418243408,0.0068007707595825195,-0.001989356798475228,0.08607178926467896,0.05044132471084595,-0.01454544844793304,0.1103549599647522,0.04233449697494507,-0.0080370058746837,0.1016283631324768,0.036582887172698975,-0.0027361585268579347,0.08611458539962769,0.03496062755584717,-0.0004450463781893177
0.0,0.0,0.0,-0.0054132938385009766,-0.05849945545196533,-0.04032113038314833,-0.03343987464904785,-0.07683491706848145,-0.062020614820852416,-0.06644994020462036,-0.07478433847427368,-0.07398409404171957,-0.08756917715072632,-0.07212519645690918,-0.08484237648858084,-0.07836520671844482,-0.022732019424438477,-0.07016381629122748,-0.13741320371627808,-0.04079252481460571,-0.08858076490773215,-0.17272156476974487,-0.05446624755859375,-0.09609142698658957,-0.20127618312835693,-0.06459134817123413,-0.09928636260642065,-0.08922600746154785,0.0010009407997131348,-0.050536993968620436,-0.15603643655776978,-0.011841773986816406,-0.07281862952126517,-0.1943376660346985,-0.027810513973236084,-0.08043404676331534,-0.22354406118392944,-0.039544105529785156,-0.08306305118216528,-0.09272682666778564,0.009437382221221924,-0.029923604878916876,-0.15081441402435303,-0.006699502468109131,-0.045557327646150725,-0.1859145164489746,-0.025629401206970215,-0.0498734452606584,-0.20995914936065674,-0.03887224197387695,-0.04970528938187613,-0.09238892793655396,0.007534980773925781,-0.011329840015008585,-0.13406836986541748,-0.008559942245483398,-0.019275171759858267,-0.1601238250732422,-0.025103211402893066,-0.020668374452128546,-0.1777246594429016,-0.038587212562561035,-0.019872738126053946
0.0,0.0,0.0,-0.006191849708557129,-0.05705153942108154,-0.0372020320712636,-0.031565070152282715,-0.07639658451080322,-0.056808845859677604,-0.06385314464569092,-0.07250088453292847,-0.06774593309751253,-0.0864153504371643,-0.0692780613899231,-0.07749912307849627,-0.07865899801254272,-0.01524364948272705,-0.06539011911741,-0.1388951539993286,-0.03517723083496094,-0.0836376936852048,-0.17261582612991333,-0.04949188232421875,-0.09135428981176119,-0.20036453008651733,-0.06122744083404541,-0.09487002508035403,-0.08890968561172485,0.010132372379302979,-0.04918294192543726,-0.15558499097824097,-0.007296621799468994,-0.07078775183549624,-0.19402694702148438,-0.02400296926498413,-0.07894085512748461,-0.223882794380188,-0.034401118755340576,-0.0821122767149518,-0.09254008531570435,0.018034398555755615,-0.03234215990892153,-0.15115255117416382,0.0022655725479125977,-0.04775837973943453,-0.1869310736656189,-0.012844741344451904,-0.0532022135078023,-0.21420186758041382,-0.02312999963760376,-0.054247857791096976,-0.09222412109375,0.015412986278533936,-0.017522007015259078,-0.13447463512420654,0.004339337348937988,-0.026252509814412406,-0.1615278124809265,-0.0075691938400268555,-0.028944700744659713,-0.18062692880630493,-0.016552329063415527,-0.029266901102573684
0.0,0.0,0.0,0.038642704486846924,-0.061389029026031494,0.004711689925670726,0.07733356952667236,-0.09057581424713135,0.0006860705650524324,0.11791259050369263,-0.11562877893447876,-0.00462774649736275,0.13377416133880615,-0.15068727731704712,-0.009208088242530721,0.12192493677139282,-0.05277085304260254,-0.0056458231667875225,0.15588796138763428,-0.06593894958496094,0.0017298708296493714,0.13755834102630615,-0.0682331919670105,0.010463957241654498,0.11830365657806396,-0.06560182571411133,0.01541169782626639,0.12428659200668335,-0.007521331310272217,-0.008461213172495263,0.15837669372558594,-0.027883172035217285,0.0029086580359489744,0.14340126514434814,-0.03596198558807373,0.011074082492768866,0.12566906213760376,-0.032524168491363525,0.012551412484526736,0.11708307266235352,0.029498279094696045,-0.008850352340459722,0.15151959657669067,0.009306490421295166,0.003908203015953404,0.13821858167648315,0.0008422136306762695,0.011684054075658423,0.11924749612808228,0.0009157657623291016,0.011604494913399321,0.10558211803436279,0.05952352285385132,-0.00907050861519565,0.13300734758377075,0.05010056495666504,0.002758879479870302,0.12393766641616821,0.04136925935745239,0.011635502367198569,0.10848373174667358,0.03834158182144165,0.015402783206582171
0.0,0.0,0.0,0.0371134877204895,-0.06385582685470581,0.005243822499238604,0.07596492767333984,-0.09572643041610718,0.0026908244798562464,0.1145859956741333,-0.12220007181167603,-0.000796561271357632,0.1279253363609314,-0.156119704246521,-0.003593944446123487,0.11921507120132446,-0.05596601963043213,-0.0053371619106599155,0.1506691575050354,-0.07145881652832031,0.003383975508683079,0.13278967142105103,-0.07215088605880737,0.012784538357578867,0.1138954758644104,-0.06839674711227417,0.018141693933927172,0.12184160947799683,-0.01064598560333252,-0.007336563863731271,0.1543017029762268,-0.031485140323638916,0.00440034878911888,0.13989710807800293,-0.039297521114349365,0.011898517175637835,0.12252509593963623,-0.03607290983200073,0.012957854694747084,0.11489361524581909,0.025228023529052734,-0.006569096785909778,0.1466050148010254,0.004391908645629883,0.006346700745694989,0.13465875387191772,-0.0038537979125976562,0.013264203011118525,0.11641204357147217,-0.004616677761077881,0.012746027237795943,0.10426664352416992,0.052948176860809326,-0.005401979167885429,0.12981003522872925,0.04081404209136963,0.007327473755054825,0.12161731719970703,0.031533896923065186,0.016177961169802302,0.10717886686325073,0.027688145637512207,0.01968084977480089
0.0,0.0,0.0,0.0366823673248291,-0.06380701065063477,0.007990259804046218,0.07778656482696533,-0.09912049770355225,0.004287293307697837,0.11699050664901733,-0.13008254766464233,-0.0013376400934248522,0.12995213270187378,-0.16933387517929077,-0.006756565872365172,0.11811113357543945,-0.06396907567977905,-0.008865750267887051,0.15286356210708618,-0.06305533647537231,-0.002997068561398919,0.13397550582885742,-0.05910307168960571,0.0048451220022798225,0.11412441730499268,-0.05750972032546997,0.009190711319661204,0.11951220035552979,-0.016017794609069824,-0.014229087032163079,0.15132451057434082,-0.022879600524902344,-0.0016010919248401478,0.13658380508422852,-0.025384068489074707,0.0073224977927566215,0.11790388822555542,-0.026491403579711914,0.008303076155698363,0.11126458644866943,0.027138829231262207,-0.01688286742546552,0.1445491909980774,0.01878190040588379,-0.00408719839879268,0.13096624612808228,0.015515923500061035,0.004477328747725551,0.10963320732116699,0.010694384574890137,0.004519201942002837,0.09860527515411377,0.06495583057403564,-0.0190637119708299,0.12375330924987793,0.05955648422241211,-0.007820014714980061,0.11417210102081299,0.052034080028533936,0.0014323126629278704,0.09699708223342896,0.04532355070114136,0.005272776480978791
0.0,0.0,0.0,0.036342501640319824,-0.0679086446762085,0.011271599600149784,0.07810318470001221,-0.10483205318450928,0.010589897552563343,0.11775839328765869,-0.13301390409469604,0.007440039807988796,0.13111597299575806,-0.1689203381538391,0.0043768593241111375,0.11733710765838623,-0.06714636087417603,-0.0036691469940706156,0.15335595607757568,-0.06992751359939575,0.0027147598229930736,0.13502877950668335,-0.06624734401702881,0.011067718187405262,0.11396348476409912,-0.06387156248092651,0.016237639742030296,0.11864548921585083,-0.01800757646560669,-0.009283180428610649,0.1534220576286316,-0.02952265739440918,0.0022728679832653143,0.1388186812400818,-0.033301711082458496,0.01079146742267767,0.11933362483978271,-0.03315502405166626,0.012269260281755123,0.11065077781677246,0.025390446186065674,-0.01206338786141714,0.1460539698600769,0.012011945247650146,0.00038479449722217396,0.13337087631225586,0.007530808448791504,0.00856043762905756,0.11235350370407104,0.0039441585540771484,0.00881088982714573,0.09872978925704956,0.062251508235931396,-0.014045701442228165,0.1239556074142456,0.05376791954040527,-0.0019945896565332077,0.11521750688552856,0.0450248122215271,0.007043102210445795,0.09864085912704468,0.03943276405334473,0.010730403395427857
0.0,0.0,0.0,0.03440660238265991,-0.0646829605102539,0.007283576523775537,0.07503396272659302,-0.10144788026809692,0.004164569305146415,0.11419492959976196,-0.13141274452209473,-0.0009531565668225994,0.12857836484909058,-0.16727542877197266,-0.005617503782843869,0.11342489719390869,-0.06312668323516846,-0.007752779645954888,0.1514083743095398,-0.06706893444061279,-0.004476744456326287,0.13213509321212769,-0.06524652242660522,0.0022812096792108605,0.11010199785232544,-0.06364786624908447,0.006663610452676494,0.11370581388473511,-0.017150700092315674,-0.012692298514878075,0.15263605117797852,-0.028617680072784424,-0.005486380549257319,0.13689899444580078,-0.033738017082214355,0.0014911134418866823,0.11603569984436035,-0.033792197704315186,0.002669155357295949,0.10618472099304199,0.02347487211227417,-0.015333300231134217,0.14687854051589966,0.012029290199279785,-0.007261054830735247,0.13326674699783325,0.007530629634857178,0.0005849030491731355,0.1111261248588562,0.004812657833099365,0.0018070008297286222,0.09502696990966797,0.05785173177719116,-0.017425014412140172,0.12603086233139038,0.052819013595581055,-0.009475232808028977,0.11833137273788452,0.04580444097518921,-0.001391717938815873,0.10175943374633789,0.041403114795684814,0.0024430721456951687
0.0,0.0,0.0,0.03590381145477295,-0.06698501110076904,0.01235273371241874,0.07617205381393433,-0.10344052314758301,0.012740690100713437,0.11534780263900757,-0.13232171535491943,0.010244450371487801,0.12788164615631104,-0.16580641269683838,0.008185887548847859,0.12033331394195557,-0.06672978401184082,0.0037375780080992627,0.15079081058502197,-0.06863504648208618,0.011725721720381443,0.13203859329223633,-0.06494474411010742,0.019695099282785122,0.11146771907806396,-0.06207633018493652,0.02449544875673837,0.12095499038696289,-0.019355595111846924,-0.002433240806908543,0.151350736618042,-0.025219976902008057,0.010267258461340134,0.1365898847579956,-0.02885490655899048,0.01777683554939813,0.11702132225036621,-0.02840179204940796,0.018779763791485493,0.11166489124298096,0.021909773349761963,-0.006159078955874975,0.14156579971313477,0.014898896217346191,0.007696525499000018,0.12923580408096313,0.010780751705169678,0.01523503272585458,0.10853040218353271,0.007537484169006348,0.01521031821869201,0.09785985946655273,0.05642533302307129,-0.009161895301417644,0.11973071098327637,0.05332428216934204,0.00502678875602669,0.11104273796081543,0.045728325843811035,0.014402529064341252,0.09438681602478027,0.04052072763442993,0.01819608530752248
0.0,0.0,0.0,0.03283756971359253,-0.05981588363647461,0.004166924688689733,0.07292044162750244,-0.0926160216331482,0.00029461991223911355,0.11274689435958862,-0.11887353658676147,-0.004940698560602641,0.13003885746002197,-0.15332400798797607,-0.009728714529700255,0.11808675527572632,-0.05899238586425781,-0.0072671213972341775,0.14992916584014893,-0.05775564908981323,-0.002499679740793681,0.13015538454055786,-0.053684890270233154,0.0032891045005101205,0.10935306549072266,-0.05251103639602661,0.0064873255935538054,0.11952775716781616,-0.011466622352600098,-0.0105388962517452,0.14665228128433228,-0.015438199043273926,-0.0002611750648782163,0.12956631183624268,-0.017698168754577637,0.005914042066507363,0.10927736759185791,-0.01800912618637085,0.005770268678389812,0.11032164096832275,0.030595839023590088,-0.011818094816334224,0.13734936714172363,0.02720719575881958,-0.002921442905716276,0.12177109718322754,0.026920795440673828,0.001634576302677715,0.09843236207962036,0.02446305751800537,1.1498741770310517e-05,0.09719765186309814,0.06687235832214355,-0.012693082619733786,0.11617189645767212,0.06535661220550537,-0.006126128774411654,0.10200530290603638,0.05904948711395264,-0.0006038853868801652,0.08072787523269653,0.05414927005767822,0.0014115122060331942
0.0,0.0,0.0,0.03477543592453003,-0.058872103691101074,0.0063198644075441734,0.07653588056564331,-0.09146273136138916,0.0022274972744185106,0.11846667528152466,-0.119304358959198,-0.00405553380363699,0.1357455849647522,-0.1556386947631836,-0.010307644273723326,0.12325376272201538,-0.05741274356842041,-0.005115370511646233,0.15456658601760864,-0.058405160903930664,-0.001214859903427623,0.13280266523361206,-0.05537623167037964,0.0030853981025416033,0.1109347939491272,-0.05448180437088013,0.005083183046792783,0.1264933943748474,-0.0080946683883667,-0.01054873481729146,0.15281975269317627,-0.01560509204864502,-0.0005382134240221603,0.1337113380432129,-0.016485512256622314,0.0049312964420664684,0.11153155565261841,-0.017062664031982422,0.0038860458753902094,0.11975502967834473,0.03598368167877197,-0.014020784537876807,0.1451398730278015,0.02979135513305664,-0.0053045319054376705,0.1265210509300232,0.03109562397003174,-0.0012369377199661358,0.10002535581588745,0.027414679527282715,-0.0036376263141733034,0.10840088129043579,0.07451081275939941,-0.017154986749972068,0.1219225525856018,0.07119309902191162,-0.012498351525152884,0.1046915054321289,0.06805890798568726,-0.008290293406332694,0.08133220672607422,0.06348913908004761,-0.0069121869873356445
0.0,0.0,0.0,0.031564950942993164,-0.05977851152420044,0.00853496151975719,0.07040685415267944,-0.09266495704650879,0.005032915761688628,0.11179226636886597,-0.12004852294921875,-0.001179291727027021,0.1299641728401184,-0.15336477756500244,-0.00718793212436708,0.1124504804611206,-0.060663044452667236,-0.005757815530529342,0.1477900743484497,-0.06264269351959229,-0.003734104894107304,0.12638121843338013,-0.05893617868423462,0.0010164276696684738,0.10452604293823242,-0.05708736181259155,0.003973948908964076,0.11705285310745239,-0.013594388961791992,-0.012056683981796823,0.1475401520729065,-0.023709416389465332,-0.003680474450817428,0.12929123640060425,-0.024357497692108154,0.0034489332698228736,0.10717803239822388,-0.023928403854370117,0.004439805774012484,0.11180979013442993,0.02978438138961792,-0.0163296813610998,0.14232808351516724,0.020920991897583008,-0.009062778996309362,0.12537848949432373,0.0210646390914917,-0.0020163111388740163,0.09962886571884155,0.01788032054901123,-0.0013908532913831095,0.10161721706390381,0.06704717874526978,-0.020140370214363656,0.11493223905563354,0.06465011835098267,-0.016991935530683122,0.10143429040908813,0.06331402063369751,-0.012329215044161401,0.08135336637496948,0.06172013282775879,-0.00982016311027678
0.0,0.0,0.0,0.03345644474029541,-0.05516350269317627,0.0030191264515053717,0.07169920206069946,-0.08506542444229126,-0.0012979416941050204,0.11259543895721436,-0.10950905084609985,-0.006571922597544244,0.1325353980064392,-0.1394062042236328,-0.011102979217724851,0.11948585510253906,-0.05372554063796997,-0.008921987523393682,0.14875191450119019,-0.05611211061477661,-0.0035722250184733184,0.12916135787963867,-0.05124378204345703,0.003235833573086211,0.10860759019851685,-0.049171507358551025,0.00699934954096193,0.1215253472328186,-0.006802678108215332,-0.011770656478660158,0.14537566900253296,-0.013635694980621338,-0.002049795731039694,0.12911683320999146,-0.015004932880401611,0.0037954783466886965,0.108742356300354,-0.015274524688720703,0.003647669537855336,0.11290562152862549,0.03355896472930908,-0.01251891270007377,0.13696670532226562,0.029776036739349365,-0.0051283954242933305,0.1225132942199707,0.030269145965576172,-0.001435217826696089,0.09864658117294312,0.02746903896331787,-0.003164864058675221,0.10014855861663818,0.06698858737945557,-0.012903574069099477,0.11404448747634888,0.06611567735671997,-0.009617887583630136,0.1006435751914978,0.06358283758163452,-0.00615300718422418,0.07974541187286377,0.06073695421218872,-0.0047007362889814885
0.0,0.0,0.0,0.03415334224700928,-0.05677086114883423,0.006658069948429102,0.07256001234054565,-0.08754271268844604,0.0026885840769352853,0.1125192642211914,-0.11216652393341064,-0.003556974538838631,0.13065320253372192,-0.14465343952178955,-0.009358408236181504,0.1165425181388855,-0.053212881088256836,-0.004885953692024714,0.1476573944091797,-0.05959278345108032,-0.0016676738897842824,0.1266651153564453,-0.05590510368347168,0.002541135457107657,0.10529768466949463,-0.053746163845062256,0.004688141095215315,0.11833906173706055,-0.006784677505493164,-0.010476151787912613,0.147036612033844,-0.017520487308502197,-0.0032500958342609465,0.1299406886100769,-0.019385218620300293,0.0014229419601576865,0.10850238800048828,-0.020293116569519043,0.001040124493414396,0.11076009273529053,0.03363984823226929,-0.01403251227853275,0.1399993896484375,0.02686554193496704,-0.007199990869736439,0.12506508827209473,0.027087509632110596,-0.0025861159239468634,0.10165894031524658,0.024998188018798828,-0.0034005353965369522,0.09869533777236938,0.06832671165466309,-0.017140665398216015,0.1160588264465332,0.06853097677230835,-0.012531102010285622,0.10458129644393921,0.06728219985961914,-0.00790463139233566,0.08608794212341309,0.06668496131896973,-0.005838707861727244
0.0,0.0,0.0,0.031369924545288086,-0.06001824140548706,0.002678106096425381,0.06936752796173096,-0.09432405233383179,-0.003782021324298057,0.11016792058944702,-0.12169957160949707,-0.011577509553319487,0.12798815965652466,-0.15561336278915405,-0.0190129859607282,0.11412042379379272,-0.06339776515960693,-0.01378126090872911,0.14620298147201538,-0.06971639394760132,-0.011588916392213378,0.12451446056365967,-0.06462329626083374,-0.0063777437667909,0.10275095701217651,-0.06230837106704712,-0.003521150886228952,0.1188042163848877,-0.011973202228546143,-0.01764670221615461,0.14595180749893188,-0.02497851848602295,-0.011014237278288874,0.12615293264389038,-0.026418626308441162,-0.005242825229800019,0.10390162467956543,-0.026557445526123047,-0.005241854326015982,0.1135367751121521,0.03418910503387451,-0.019316427619344267,0.14140844345092773,0.02617502212524414,-0.014788683713561568,0.12261581420898438,0.026294410228729248,-0.010196785652226481,0.09573996067047119,0.023172080516815186,-0.010976473079210791,0.10341614484786987,0.07386785745620728,-0.020665522874480757,0.11756116151809692,0.07083004713058472,-0.020042417780643973,0.10128426551818848,0.06635516881942749,-0.016555277840382132,0.078865647315979,0.062304139137268066,-0.014750234992391142
0.0,0.0,0.0,0.03501451015472412,-0.06268191337585449,0.006004084036561608,0.07899630069732666,-0.09951835870742798,0.0015395205885795349,0.12115973234176636,-0.13031011819839478,-0.005077854595270992,0.13393276929855347,-0.16922074556350708,-0.01152704549500072,0.11808580160140991,-0.05945897102355957,-0.008378217793193699,0.15476590394973755,-0.06679588556289673,-0.005193266882685066,0.1353837251663208,-0.06545913219451904,0.0006195587523905033,0.11271107196807861,-0.06535220146179199,0.004104604613843321,0.11954343318939209,-0.009174048900604248,-0.01383417738148296,0.15540003776550293,-0.024361848831176758,-0.005205336357590795,0.13919562101364136,-0.02928602695465088,0.0023240595076856607,0.11728107929229736,-0.031552791595458984,0.0033236184575287098,0.11209702491760254,0.03499770164489746,-0.017227350599256397,0.14758753776550293,0.023717403411865234,-0.008666450022843719,0.13213908672332764,0.018497228622436523,-0.0011981199310469037,0.10715621709823608,0.012989580631256104,-0.0008991684113937026,0.09925097227096558,0.07317769527435303,-0.0204343524343642,0.1202496886253357,0.06774431467056274,-0.013969899951604248,0.1079835295677185,0.056603193283081055,-0.007177736940917612,0.08768415451049805,0.048319995403289795,-0.004251815709409357
0.0,0.0,0.0,0.032308876514434814,-0.06209772825241089,0.00031161543537905345,0.07131153345108032,-0.10144227743148804,-0.004714172018253748,0.10330861806869507,-0.13892143964767456,-0.010830576216363852,0.1108742356300354,-0.17924845218658447,-0.01625259375342125,0.11823272705078125,-0.05555671453475952,-0.005630624630981629,0.1524147391319275,-0.06329989433288574,-0.0007940043919063555,0.13456827402114868,-0.06509602069854736,0.0039336596042574,0.11486554145812988,-0.0638272762298584,0.00641272853917485,0.11907267570495605,-0.012946844100952148,-0.0067899168110727715,0.1517656445503235,-0.02295762300491333,0.001703281387193556,0.13581210374832153,-0.030973076820373535,0.00669827995679384,0.11642897129058838,-0.029868721961975098,0.006800134050166662,0.10992497205734253,0.02233898639678955,-0.0064747209302424835,0.14031881093978882,0.015341341495513916,0.003379348747870381,0.126939594745636,0.009636759757995605,0.0077772981845498634,0.10627800226211548,0.008462011814117432,0.006330382394111211,0.09674394130706787,0.05087542533874512,-0.006376562324845736,0.11627852916717529,0.04769867658615112,0.003078564851051624,0.10547471046447754,0.0387645959854126,0.009293539764797742,0.08845877647399902,0.035253822803497314,0.011286110001123006
0.0,0.0,0.0,-0.022934377193450928,-0.0705409049987793,-0.017790178921217148,-0.0749559998512268,-0.09476643800735474,-0.03554188382267398,-0.12209644913673401,-0.09248888492584229,-0.04732907858132762,-0.15703371167182922,-0.07805746793746948,-0.06103375848769588,-0.08376690745353699,-0.0678064227104187,-0.06805644479035777,-0.16547304391860962,-0.05819880962371826,-0.09082219299315852,-0.20939874649047852,-0.06565260887145996,-0.1008194341921751,-0.2388189136981964,-0.07549071311950684,-0.10515817549466533,-0.0849444568157196,-0.02150207757949829,-0.06524036374329967,-0.1706240177154541,-0.016794323921203613,-0.08498188402890605,-0.22085094451904297,-0.035740554332733154,-0.08891522433995647,-0.2509666085243225,-0.05220937728881836,-0.09054737087726039,-0.08314281702041626,0.0184251070022583,-0.05985872742175502,-0.15907415747642517,0.023786842823028564,-0.07254299071072978,-0.1943843960762024,0.002613246440887451,-0.07017487582206172,-0.20767900347709656,-0.019310176372528076,-0.06684053983926219,-0.08041155338287354,0.04981100559234619,-0.054783328589195435,-0.1416640281677246,0.055407822132110596,-0.06462428268432063,-0.17047452926635742,0.03921389579772949,-0.06210857924460811,-0.18166986107826233,0.0189211368560791,-0.0580359577798788
0.0,0.0,0.0,0.033010244369506836,-0.08701753616333008,-0.0062816122294862,0.08997231721878052,-0.15150773525238037,-0.01565777163295934,0.1321251094341278,-0.20651644468307495,-0.025374070064117404,0.14062833786010742,-0.25858524441719055,-0.03256905290572831,0.12358757853507996,-0.10540693998336792,-0.015076244504143688,0.18482494354248047,-0.11799401044845581,-0.022573903457214328,0.1626220941543579,-0.112862229347229,-0.025257056833197566,0.1346723437309265,-0.10567241907119751,-0.025998860851814243,0.1289665699005127,-0.04924142360687256,-0.018006684512783977,0.1906701922416687,-0.06471759080886841,-0.02221241246252248,0.16878372430801392,-0.06853407621383667,-0.022118563086678478,0.13875484466552734,-0.06549912691116333,-0.021962421269108745,0.12716913223266602,0.002924025058746338,-0.02067306476919839,0.18190604448318481,-0.016864538192749023,-0.020577889190008136,0.16406339406967163,-0.01821458339691162,-0.0165650344201822,0.13635194301605225,-0.012994825839996338,-0.01520672372816989,0.121163010597229,0.04873007535934448,-0.02396567005007455,0.16104429960250854,0.03170543909072876,-0.02264001990943143,0.14688587188720703,0.028115272521972656,-0.01706581215648839,0.12399148941040039,0.03407984972000122,-0.013252788477529975
0.0,0.0,0.0,0.052884459495544434,-0.08575403690338135,0.006863992238947958,0.10955798625946045,-0.12851393222808838,0.0013560884833054843,0.16264760494232178,-0.16075056791305542,-0.005214537450513035,0.18784010410308838,-0.20293843746185303,-0.010746211235812098,0.15439456701278687,-0.07090568542480469,-0.017238573593488127,0.20634889602661133,-0.10350453853607178,-0.01429185034095326,0.17885851860046387,-0.1000213623046875,-0.005865023893704802,0.15214622020721436,-0.0875312089920044,-0.0005012494660263656,0.16101819276809692,-0.009319007396697998,-0.022027976301899344,0.21139878034591675,-0.06020718812942505,-0.01408131462841311,0.18902599811553955,-0.06868737936019897,-0.003445339811435133,0.16451025009155273,-0.057586669921875,-0.000740713396510273,0.15938717126846313,0.0399705171585083,-0.023260157046308905,0.2097005844116211,-0.014048635959625244,-0.013322056693425566,0.18881547451019287,-0.025456249713897705,-0.000581162763694465,0.1626797914505005,-0.018996477127075195,0.0023047856954576673,0.15435171127319336,0.07698178291320801,-0.024025391278257757,0.19737166166305542,0.03351861238479614,-0.015733221036782652,0.18157964944839478,0.017341196537017822,-0.003940669310679823,0.15974855422973633,0.018505096435546875,0.0026595038795562687
0.0,0.0,0.0,0.05377155542373657,-0.09010189771652222,0.007443616122941421,0.11629879474639893,-0.1364670991897583,0.004275750790725397,0.17518728971481323,-0.1703345775604248,-0.00043504052166554175,0.2012363076210022,-0.21426808834075928,-0.003563892140050484,0.16328167915344238,-0.07742708921432495,-0.009568722496737792,0.21659976243972778,-0.10263043642044067,-0.005299379627217604,0.1903638243675232,-0.10411912202835083,0.00365095627773826,0.16113895177841187,-0.09606373310089111,0.009304525752554582,0.16956627368927002,-0.0166780948638916,-0.01439428101014073,0.22082769870758057,-0.060417234897613525,-0.005123288880099608,0.19903135299682617,-0.07225507497787476,0.005399248984645055,0.17217087745666504,-0.06282627582550049,0.008308371950874971,0.16650241613388062,0.033439457416534424,-0.016374018552710368,0.21782690286636353,-0.01324760913848877,-0.0058884807368713155,0.19692254066467285,-0.026005685329437256,0.00586165250558679,0.16813719272613525,-0.021189212799072266,0.008564697069118665,0.1584000587463379,0.0735175609588623,-0.01802615127246554,0.20189619064331055,0.038664400577545166,-0.008686064320613696,0.1869884729385376,0.02349787950515747,0.0027046592002761827,0.1625438928604126,0.02310234308242798,0.009117917579601453
0.0,0.0,0.0,0.059124112129211426,-0.09726667404174805,0.0012431490158064662,0.13082748651504517,-0.16584980487823486,-0.005684725039884597,0.18450158834457397,-0.22932273149490356,-0.013035788697436601,0.18906593322753906,-0.284333199262619,-0.01811947350694254,0.18024981021881104,-0.08727949857711792,-0.016885826860800535,0.23931676149368286,-0.11698693037033081,-0.009926214379504472,0.20945489406585693,-0.11995518207550049,0.002161706068307012,0.17585831880569458,-0.11329931020736694,0.00997929597900793,0.1862049698829651,-0.020159780979156494,-0.017975116645231992,0.24753576517105103,-0.06190615892410278,-0.009412344110444337,0.22278738021850586,-0.07288175821304321,0.0008456392369566856,0.1927223801612854,-0.06384319067001343,0.004112966793343276,0.1827813982963562,0.03460884094238281,-0.01571951111151293,0.2443029284477234,-0.009764313697814941,-0.005282455620601922,0.22253632545471191,-0.020582914352416992,0.004799155487432927,0.19110924005508423,-0.014091014862060547,0.00720126225309059,0.1747889518737793,0.07661104202270508,-0.013166602266267091,0.23098868131637573,0.04668843746185303,-0.0016976923525930943,0.21503669023513794,0.03152036666870117,0.010930348622366637,0.18680953979492188,0.032947003841400146,0.017971006656750887
0.0,0.0,0.0,0.06097635626792908,-0.09483295679092407,0.004639412222900319,0.13181379437446594,-0.15598171949386597,-0.0015384604292876247,0.1853007972240448,-0.2145688533782959,-0.009550277197263313,0.19693055748939514,-0.2712356448173523,-0.01571875443448789,0.17673495411872864,-0.08303898572921753,-0.015896624007723403,0.2368318736553192,-0.11058944463729858,-0.01493208488216169,0.2075863778591156,-0.1144096851348877,-0.006126859744540525,0.1719052493572235,-0.10552895069122314,0.0005105222854808744,0.18123885989189148,-0.01678144931793213,-0.020473459789059234,0.24521562457084656,-0.05927169322967529,-0.017945608177683425,0.2210417091846466,-0.07229167222976685,-0.008060886578164173,0.18860110640525818,-0.06132131814956665,-0.00364918662933178,0.17679134011268616,0.038646042346954346,-0.022106504121325088,0.2417357861995697,-0.007190108299255371,-0.017317241111300063,0.2191050946712494,-0.01987135410308838,-0.004924928357354474,0.18614301085472107,-0.011326372623443604,0.0005594147997953769,0.16754063963890076,0.08273667097091675,-0.02331489702453382,0.22468683123588562,0.05041390657424927,-0.01559561030705936,0.20754805207252502,0.034529924392700195,-0.0016699777287385587,0.1761818826198578,0.03720802068710327,0.007386518588759827
0.0,0.0,0.0,0.05938708782196045,-0.0973290205001831,0.0020117398069601222,0.13005733489990234,-0.1606042981147766,-0.0054651760312367514,0.1835811734199524,-0.22233366966247559,-0.014279833138232334,0.19233590364456177,-0.28314921259880066,-0.02122640524083863,0.17861920595169067,-0.08654367923736572,-0.014352640211825474,0.2337668538093567,-0.1119036078453064,-0.01301336295927058,0.20382791757583618,-0.11487352848052979,-0.006457216181104286,0.16825538873672485,-0.10765278339385986,-0.0019963831456948355,0.18444132804870605,-0.021325111389160156,-0.017986537032072647,0.24412864446640015,-0.06074124574661255,-0.013544790521507366,0.2195085883140564,-0.07173603773117065,-0.005127729457115038,0.18816888332366943,-0.06237834692001343,-0.002578949863334401,0.18098092079162598,0.032940685749053955,-0.019162534810845955,0.24088895320892334,-0.012024223804473877,-0.01228199441010247,0.2182455062866211,-0.022416234016418457,-0.0016263109448004798,0.1869795322418213,-0.014552116394042969,0.00153034417400022,0.17275667190551758,0.07597720623016357,-0.02032596718544255,0.2252623438835144,0.040416061878204346,-0.011436301358287437,0.2070481777191162,0.025814831256866455,0.0013284284339647456,0.17796862125396729,0.028871595859527588,0.008666680119688408
0.0,0.0,0.0,0.05680590867996216,-0.09523075819015503,0.0033919371920205776,0.12869828939437866,-0.16175061464309692,-0.004347896829756337,0.18036150932312012,-0.2231374979019165,-0.014442164145918923,0.18936508893966675,-0.2786543369293213,-0.022826677814634877,0.1761447787284851,-0.0852479338645935,-0.016842639700087148,0.23126935958862305,-0.11402934789657593,-0.01767716991952284,0.20202922821044922,-0.1167595386505127,-0.010631843165072041,0.16545915603637695,-0.1087334156036377,-0.005454464976253348,0.17934048175811768,-0.019295036792755127,-0.02285735558024271,0.24067145586013794,-0.06490933895111084,-0.020740751803430157,0.21752643585205078,-0.07754886150360107,-0.010911760546775895,0.18321871757507324,-0.06744062900543213,-0.007271151684733468,0.17431282997131348,0.03638434410095215,-0.02654390472224577,0.23838555812835693,-0.009874820709228516,-0.02295726227811201,0.2158576250076294,-0.023565053939819336,-0.010835095935078698,0.18123024702072144,-0.015900373458862305,-0.0061611348507426555,0.16556817293167114,0.08192199468612671,-0.030209072560580807,0.2197209596633911,0.049720168113708496,-0.02551844406178816,0.20397406816482544,0.03420400619506836,-0.013725910030814248,0.17435014247894287,0.038129568099975586,-0.0063128328626476105
0.0,0.0,0.0,0.0571555495262146,-0.09450018405914307,0.009067644870924596,0.12614750862121582,-0.15783792734146118,0.004953905980187301,0.17655235528945923,-0.21683526039123535,-0.0020012466301295717,0.18885815143585205,-0.273327112197876,-0.0077216769167307575,0.17340606451034546,-0.08592933416366577,-0.010657003574920054,0.2265174388885498,-0.11271029710769653,-0.007227906451475974,0.19836503267288208,-0.11479663848876953,0.002228515495630745,0.1643153429031372,-0.1074148416519165,0.008581057696687822,0.17749416828155518,-0.02198582887649536,-0.017322992400181647,0.23657768964767456,-0.06426197290420532,-0.011393396609378215,0.21427208185195923,-0.07658356428146362,-0.000776548305907454,0.1824805736541748,-0.06781876087188721,0.0028420244744893353,0.17274874448776245,0.031188249588012695,-0.020811452955854293,0.23351281881332397,-0.012296855449676514,-0.012838238344443198,0.21251851320266724,-0.02543044090270996,-7.979941062785656e-05,0.18084585666656494,-0.019082307815551758,0.004009652457284574,0.16388088464736938,0.07412737607955933,-0.023692400620234366,0.21581149101257324,0.04441225528717041,-0.015011341736567374,0.20125460624694824,0.02774834632873535,-0.0018576401815835197,0.1740167737007141,0.02974015474319458,0.005730300716209058
0.0,0.0,0.0,0.05606779456138611,-0.09478455781936646,0.007077746992933953,0.12262293696403503,-0.15685135126113892,0.0013240154050322417,0.17192605137825012,-0.21403616666793823,-0.007248469194394147,0.18085971474647522,-0.27224496006965637,-0.014862626357000863,0.1676664650440216,-0.08393257856369019,-0.012391662722450292,0.22030439972877502,-0.1118813157081604,-0.010299029326063192,0.19202187657356262,-0.11221092939376831,-0.002620454443615472,0.1588868796825409,-0.10465753078460693,0.002378463946286047,0.17140206694602966,-0.021409153938293457,-0.019406095644455945,0.22899803519248962,-0.06022161245346069,-0.014225665977221524,0.206000417470932,-0.07050323486328125,-0.005063558960330283,0.17598071694374084,-0.06087648868560791,-0.002713901255276596,0.1663031280040741,0.031499624252319336,-0.02356599507294277,0.22620585560798645,-0.009288549423217773,-0.01618061823211292,0.20473739504814148,-0.020408272743225098,-0.004859608164053952,0.17441412806510925,-0.013364672660827637,-0.0019224769519610163,0.15680763125419617,0.07425659894943237,-0.027401438480239904,0.21000447869300842,0.04759955406188965,-0.018750165155154264,0.1956203281879425,0.03179216384887695,-0.00609759244508723,0.16981050372123718,0.03321027755737305,0.0007142888763951305
0.0,0.0,0.0,0.05678051710128784,-0.09070461988449097,0.004850907391528381,0.12332969903945923,-0.15160417556762695,-0.0017274301260385982,0.17364954948425293,-0.20845550298690796,-0.01061389767505716,0.1864829659461975,-0.2640901207923889,-0.018384129600008237,0.16948723793029785,-0.07656842470169067,-0.014527412922461735,0.21878373622894287,-0.1064346432685852,-0.012098247045059907,0.19137543439865112,-0.1093032956123352,-0.003940119733442771,0.1580970287322998,-0.10284990072250366,0.001331080357203973,0.1714547872543335,-0.014807701110839844,-0.019611977831800687,0.22929972410202026,-0.05718261003494263,-0.014881682441910016,0.208030104637146,-0.07104659080505371,-0.005938286752780186,0.1769086718559265,-0.06308436393737793,-0.0038261619390596024,0.16411447525024414,0.03556680679321289,-0.02172453594334911,0.22479861974716187,-0.00650864839553833,-0.014657519617458092,0.20461511611938477,-0.021071553230285645,-0.003443783707325565,0.17313063144683838,-0.01535797119140625,-0.0006388897070337407,0.1528087854385376,0.07590466737747192,-0.02358094868191074,0.20478761196136475,0.050018906593322754,-0.015118566201408612,0.19173550605773926,0.032614946365356445,-0.002827358757485854,0.16564029455184937,0.03384411334991455,0.0036903583916227944
0.0,0.0,0.0,0.05384701490402222,-0.0933879017829895,0.006304868954316589,0.12235832214355469,-0.15154290199279785,0.000876178898465696,0.1729414463043213,-0.20914846658706665,-0.007255351179196623,0.18155092000961304,-0.2677761912345886,-0.014012716253205326,0.16868674755096436,-0.08241206407546997,-0.009249279749496964,0.2188810110092163,-0.10565561056137085,-0.007603457671507385,0.19156277179718018,-0.10653936862945557,-0.0008884589852868885,0.15838342905044556,-0.0987478494644165,0.0033858427694895,0.17160534858703613,-0.02095264196395874,-0.01674354589442828,0.2263544201850891,-0.05565673112869263,-0.012275466238065746,0.20380127429962158,-0.06551074981689453,-0.0032338614192894966,0.17287975549697876,-0.05648225545883179,-0.0001676941984669611,0.16623914241790771,0.032814204692840576,-0.02209351538579085,0.22323071956634521,-0.006073057651519775,-0.015877747450872448,0.20141035318374634,-0.015995800495147705,-0.004785366364671972,0.1705249547958374,-0.007924497127532959,-0.0012577857206679255,0.15566283464431763,0.07789146900177002,-0.02735239780406573,0.2055652141571045,0.050747454166412354,-0.020786607180639294,0.18928241729736328,0.0370640754699707,-0.009514809128745583,0.16138696670532227,0.03974783420562744,-0.0029456026469460994
0.0,0.0,0.0,0.054958343505859375,-0.09508532285690308,0.006466234060553688,0.12510424852371216,-0.15754187107086182,0.0013839302860105818,0.17843210697174072,-0.21566301584243774,-0.006361603779168945,0.19090604782104492,-0.27455195784568787,-0.013030495536895614,0.1741846799850464,-0.08855193853378296,-0.010786246550651413,0.2268781065940857,-0.11576306819915771,-0.008741362062664848,0.19947564601898193,-0.11596977710723877,-0.0015922065781523997,0.16560637950897217,-0.10814541578292847,0.003275494048921246,0.1773761510848999,-0.024821102619171143,-0.0175012331878861,0.23400598764419556,-0.06504273414611816,-0.011331340340348106,0.21199119091033936,-0.07598519325256348,-0.001864085831130069,0.18040066957473755,-0.06772905588150024,0.0008704252700226789,0.17057764530181885,0.02947700023651123,-0.02170558836814962,0.22907817363739014,-0.01227569580078125,-0.014580050525637489,0.20872068405151367,-0.024506866931915283,-0.0033622605683376605,0.1768437623977661,-0.019311726093292236,-0.000148828823967051,0.15929073095321655,0.07373052835464478,-0.02559694652018152,0.2105686068534851,0.0443151593208313,-0.017410956365438324,0.1966513991355896,0.026932954788208008,-0.00471935797986589,0.16911613941192627,0.026573121547698975,0.0026286283550689404
0.0,0.0,0.0,0.05809277296066284,-0.09395331144332886,0.007065658065130265,0.12912064790725708,-0.15623193979263306,0.0019955442553509783,0.18307411670684814,-0.21177881956100464,-0.006391561516920774,0.19387125968933105,-0.2639424204826355,-0.01344943178946778,0.18194472789764404,-0.08409875631332397,-0.008770055530021637,0.23728597164154053,-0.10943585634231567,-0.008168918473074882,0.20857012271881104,-0.11181521415710449,-0.001338065761501639,0.17282426357269287,-0.10493254661560059,0.003966652395774872,0.18240106105804443,-0.01896536350250244,-0.016333630700955837,0.24209338426589966,-0.05849379301071167,-0.011300017518351524,0.21980303525924683,-0.07152736186981201,-0.0021239388001959014,0.18649828433990479,-0.06451517343521118,0.0009008241618175816,0.17346203327178955,0.03546130657196045,-0.02165714504326388,0.23525315523147583,-0.004454851150512695,-0.014996567202160804,0.21525347232818604,-0.01986008882522583,-0.0033971152001868177,0.18201303482055664,-0.01695650815963745,0.0005515699890565884,0.16075283288955688,0.07956713438034058,-0.026803030093560665,0.2140512466430664,0.05347830057144165,-0.018309357037196605,0.20340782403945923,0.03406357765197754,-0.005484353212068527,0.17753595113754272,0.031324803829193115,0.00224138570820287
0.0,0.0,0.0,0.05986607074737549,-0.089893639087677,0.008453748977785835,0.12936872243881226,-0.14810210466384888,0.004153183518951664,0.17910665273666382,-0.2005786895751953,-0.003090707727665176,0.1922391653060913,-0.25336411595344543,-0.009348782853180637,0.17296957969665527,-0.07699120044708252,-0.013251002089077701,0.22464191913604736,-0.10302901268005371,-0.012200739377135505,0.1974145770072937,-0.10421139001846313,-0.004628059596711864,0.16372328996658325,-0.09661245346069336,0.0008015011875386335,0.1742175817489624,-0.013259351253509521,-0.020758155875796547,0.23405587673187256,-0.0505601167678833,-0.016768161349887123,0.2117922306060791,-0.06401956081390381,-0.007301300440872183,0.1791599988937378,-0.05714523792266846,-0.004250392925882807,0.16636276245117188,0.040476322174072266,-0.025236424201125374,0.22833901643753052,0.003968179225921631,-0.018976805874103775,0.20806217193603516,-0.010819196701049805,-0.007083081317091455,0.1754726767539978,-0.006760060787200928,-0.0034119958551173113,0.1545480489730835,0.08388054370880127,-0.029146960147613754,0.20587646961212158,0.06115216016769409,-0.022298447930211296,0.19283974170684814,0.044579923152923584,-0.010485759147400131,0.16651511192321777,0.045179128646850586,-0.0037903288872485064
0.0,0.0,0.0,0.05998635292053223,-0.10101115703582764,0.011402259212275112,0.1258922815322876,-0.15931904315948486,0.004483494073440397,0.18301165103912354,-0.21389126777648926,-0.0062184775208038445,0.2043856382369995,-0.27050015330314636,-0.015908046994070446,0.18865633010864258,-0.09147381782531738,-0.002284795880029833,0.229620099067688,-0.119517982006073,0.007715393886257971,0.200006902217865,-0.1184471845626831,0.01784273107006129,0.16969585418701172,-0.1092824935913086,0.023097346168299282,0.19163882732391357,-0.0214231014251709,-0.010507209595004952,0.23636126518249512,-0.06772571802139282,0.002295459484969342,0.212662935256958,-0.07965916395187378,0.010070533123155201,0.18227636814117432,-0.07035458087921143,0.009734401110847557,0.18237000703811646,0.035623371601104736,-0.014721144359270966,0.2337932586669922,-0.01050800085067749,0.0005383658961477522,0.2127123475074768,-0.024477660655975342,0.010660965558429325,0.1804373860359192,-0.01967322826385498,0.010498028811355198,0.16890007257461548,0.0833892822265625,-0.018023400935987866,0.21716874837875366,0.05471193790435791,-0.0017877445981753226,0.2025676965713501,0.03797858953475952,0.013414458003182972,0.17494416236877441,0.03818291425704956,0.020906685482998455
0.0,0.0,0.0,0.05045562982559204,-0.09756350517272949,0.00899006636757349,0.11417907476425171,-0.15126490592956543,0.004718899502790919,0.17369931936264038,-0.19603681564331055,-0.0028026786079635713,0.18959546089172363,-0.2494828701019287,-0.008710073065572033,0.17991894483566284,-0.08657574653625488,0.002038420885241976,0.22085505723953247,-0.10725831985473633,0.010632223691231957,0.1929410696029663,-0.10806947946548462,0.02037150250691866,0.1633729338645935,-0.10058093070983887,0.02588943974990343,0.18253707885742188,-0.022611260414123535,-0.005251552202366838,0.22839105129241943,-0.059416890144348145,0.005284758991933813,0.2051529884338379,-0.07155001163482666,0.014189698043651333,0.1762821078300476,-0.06307375431060791,0.016559912133402577,0.17335045337677002,0.030632197856903076,-0.009926222023182163,0.22513538599014282,-0.006401121616363525,0.0011918287578964737,0.2037578821182251,-0.019762516021728516,0.01202898869235014,0.17343157529830933,-0.014596164226531982,0.014593747686035385,0.1594669222831726,0.07556891441345215,-0.01405880482923294,0.20679867267608643,0.054324328899383545,-0.0011225232068454716,0.19293928146362305,0.037458062171936035,0.013340892511791935,0.16681712865829468,0.03718423843383789,0.02156997123677229
0.0,0.0,0.0,0.05100905895233154,-0.0960431694984436,0.004940217923660839,0.11470407247543335,-0.15501952171325684,-0.0039267236326736565,0.16909641027450562,-0.20638060569763184,-0.015021049786071217,0.18127882480621338,-0.2522425949573517,-0.02453017551050607,0.17271089553833008,-0.09094065427780151,-0.016323748413185513,0.2149156928062439,-0.11505603790283203,-0.011189252506653702,0.18750786781311035,-0.1151917576789856,0.0001244772964241747,0.15718984603881836,-0.1067625880241394,0.006815435461987818,0.17512857913970947,-0.023425698280334473,-0.023527580681900417,0.22497504949569702,-0.0631294846534729,-0.01629686671839181,0.20279347896575928,-0.07594650983810425,-0.005174847222576773,0.1727893352508545,-0.06766480207443237,-0.001751684719408786,0.16726166009902954,0.0341949462890625,-0.02752118873939935,0.22313779592514038,-0.005180537700653076,-0.019198305342058575,0.20217067003250122,-0.01936662197113037,-0.006070161606828606,0.1710490584373474,-0.013325810432434082,-0.0021884843201291915,0.1547839641571045,0.08284753561019897,-0.031194300759295857,0.20665842294692993,0.06002628803253174,-0.02179572674975816,0.1940709352493286,0.04183363914489746,-0.007438669349710381,0.16833996772766113,0.040956079959869385,0.0007740818935531024
0.0,0.0,0.0,0.05511915683746338,-0.09720230102539062,0.009399048577506619,0.12252402305603027,-0.15424227714538574,0.005752906728048401,0.1750727891921997,-0.20858913660049438,-0.0008793627484919853,0.18838930130004883,-0.2612925171852112,-0.0061128595252739615,0.17435258626937866,-0.08975821733474731,0.002449850610901194,0.21549808979034424,-0.10849118232727051,0.011251541379351693,0.1887190341949463,-0.10727310180664062,0.020364464785416203,0.15966683626174927,-0.09843653440475464,0.025371880795319157,0.17754864692687988,-0.027496516704559326,-0.0035888503180103726,0.22607284784317017,-0.05994290113449097,0.0047797943125260645,0.20341724157333374,-0.06989753246307373,0.011827249604721146,0.17351144552230835,-0.061129987239837646,0.013722560893256741,0.1701992154121399,0.024895787239074707,-0.0067385350694166846,0.21998465061187744,-0.013109207153320312,0.004284340481717663,0.19953405857086182,-0.021729588508605957,0.013170975785214978,0.17019414901733398,-0.013151347637176514,0.014786881919462758,0.15842849016189575,0.06886374950408936,-0.00909592717562191,0.20326918363571167,0.04194438457489014,0.004173822760094481,0.18790221214294434,0.028091371059417725,0.01694788370605238,0.16064441204071045,0.03213095664978027,0.02372208569522627
0.0,0.0,0.0,0.05529987812042236,-0.09603440761566162,0.00986002784776474,0.12286806106567383,-0.15403902530670166,0.005852540755597602,0.17621994018554688,-0.2080678939819336,-0.0017577774953565495,0.18892675638198853,-0.2628452181816101,-0.007732171298982848,0.17542213201522827,-0.08615964651107788,0.003410887472284685,0.218372642993927,-0.10527074337005615,0.012264564899680863,0.19182825088500977,-0.10672658681869507,0.021952913409052144,0.1619686484336853,-0.1005735993385315,0.02728327669757391,0.17866450548171997,-0.023075640201568604,-0.0039076294880828755,0.22880154848098755,-0.05864381790161133,0.004336356917349349,0.20647162199020386,-0.07006680965423584,0.011670952929137002,0.1756555438041687,-0.06180310249328613,0.013721000669477235,0.17215633392333984,0.02997046709060669,-0.008452683420898666,0.22422397136688232,-0.01080167293548584,0.00211099841254736,0.20399081707000732,-0.02115076780319214,0.011882191790220986,0.17335689067840576,-0.01324993371963501,0.014109413405833493,0.1612018346786499,0.07494771480560303,-0.012370011502923717,0.20728254318237305,0.04710507392883301,-0.00035746060456176565,0.1927560567855835,0.032403409481048584,0.012434399021742593,0.16547507047653198,0.03634166717529297,0.019495451157865773
0.0,0.0,0.0,0.055376648902893066,-0.09328961372375488,0.007803832361275909,0.12294065952301025,-0.15588080883026123,0.0009751821693839702,0.17195886373519897,-0.21385085582733154,-0.009592995798413995,0.17554211616516113,-0.26558661460876465,-0.018994338629966023,0.17248106002807617,-0.09334748983383179,-0.004352302575682643,0.21882027387619019,-0.10897547006607056,-0.0004514835541726825,0.19211602210998535,-0.11008250713348389,0.007903046155149696,0.15849363803863525,-0.10484182834625244,0.013330692605848071,0.17434591054916382,-0.02701801061630249,-0.011890698043828252,0.22596848011016846,-0.06008923053741455,-0.004889921104734185,0.2049393653869629,-0.07042604684829712,0.005152234988088367,0.17141222953796387,-0.06513005495071411,0.009080170834238288,0.1674591302871704,0.03020179271697998,-0.01715154555273557,0.22185301780700684,-0.007489025592803955,-0.007869726797764542,0.20107167959213257,-0.017728984355926514,0.0052990635799119445,0.16760480403900146,-0.013347387313842773,0.010340999992365596,0.1558859944343567,0.07888728380203247,-0.022313603950863126,0.202722430229187,0.05144995450973511,-0.012677934771602395,0.1885046362876892,0.037804484367370605,0.0007529511989901039,0.15963488817214966,0.03897172212600708,0.009182554850156066
0.0,0.0,0.0,0.05443674325942993,-0.09526628255844116,0.011342702627928247,0.1195070743560791,-0.15274691581726074,0.006559833147377958,0.17308425903320312,-0.2075696885585785,-0.001956579080967913,0.18530488014221191,-0.25973984599113464,-0.008919508933274756,0.1734580397605896,-0.09029066562652588,0.00381961065232872,0.21784842014312744,-0.1077200174331665,0.013107197553665628,0.18989533185958862,-0.1066056489944458,0.02425085586384057,0.15801024436950684,-0.10088896751403809,0.031136874303967943,0.17686325311660767,-0.02748936414718628,-0.003582838029785762,0.22583872079849243,-0.06098675727844238,0.007356479492784729,0.2029198408126831,-0.06970024108886719,0.01712936368659257,0.171977698802948,-0.06225627660751343,0.020599950299413194,0.17080891132354736,0.02592289447784424,-0.008158331542460928,0.22135889530181885,-0.01196146011352539,0.005987594564260235,0.19991564750671387,-0.020121276378631592,0.017985947624595156,0.1693049669265747,-0.013543009757995605,0.02098821495548009,0.16000312566757202,0.07175970077514648,-0.012190065152196894,0.2034015655517578,0.04359245300292969,0.002548690846936097,0.1866675615310669,0.030463099479675293,0.016419310317189684,0.15808850526809692,0.0330965518951416,0.023993114203960886
0.0,0.0,0.0,0.05614054203033447,-0.0921584963798523,0.011007712671755598,0.12062793970108032,-0.14992743730545044,0.007641515212355898,0.17033904790878296,-0.2040271759033203,0.0005128237951907977,0.1804898977279663,-0.2549732029438019,-0.00518583927095051,0.1733466386795044,-0.08289849758148193,0.003103492066486524,0.21744000911712646,-0.10314452648162842,0.009711780103145884,0.19032776355743408,-0.10530924797058105,0.01825310521036272,0.15830451250076294,-0.10014784336090088,0.023723978998361872,0.17451411485671997,-0.02042144536972046,-0.004380493907035543,0.22312575578689575,-0.054151058197021484,0.004713877553342627,0.20236098766326904,-0.0651928186416626,0.012667180488108443,0.17175257205963135,-0.05878639221191406,0.014651227260230826,0.1662437915802002,0.03205001354217529,-0.009209432190061762,0.2177603840827942,-0.00363314151763916,0.0019169935092691048,0.19847571849822998,-0.01512986421585083,0.01256584886669998,0.16797083616256714,-0.010307252407073975,0.015328959079681681,0.1539357304573059,0.07568734884262085,-0.013443109130264475,0.20082122087478638,0.05430477857589722,-0.0017703991781559125,0.187122642993927,0.039184629917144775,0.011103800015746401,0.1599559187889099,0.040025949478149414,0.018503340410291003
0.0,0.0,0.0,0.05553096532821655,-0.090911865234375,0.014098929097428936,0.12139105796813965,-0.14805376529693604,0.01319616739220919,0.17035317420959473,-0.19808757305145264,0.008051775251999516,0.17699670791625977,-0.24522066116333008,0.004040093017295021,0.172807514667511,-0.08655297756195068,0.004004038260802645,0.21835291385650635,-0.0999944806098938,0.010086249416247028,0.19417035579681396,-0.09936803579330444,0.019827124518826622,0.16190004348754883,-0.0947161316871643,0.026499003959372658,0.174113929271698,-0.025259792804718018,-0.005098075284138304,0.2243230938911438,-0.05287450551986694,0.004442936131283659,0.20488101243972778,-0.061362385749816895,0.015392274451926369,0.17398905754089355,-0.05659770965576172,0.0199606351978332,0.1664048433303833,0.027691006660461426,-0.011739162872061115,0.21952438354492188,-0.0035738348960876465,-0.00044892073327673643,0.20002830028533936,-0.013433218002319336,0.012526234467998165,0.1695864200592041,-0.009918510913848877,0.017178385374620575,0.1538962721824646,0.07292091846466064,-0.01770794499151407,0.2018589973449707,0.05098772048950195,-0.007159018567278963,0.18885105848312378,0.03691601753234863,0.005720008952096123,0.16190367937088013,0.036453306674957275,0.013561781351938862
0.0,0.0,0.0,0.04626595973968506,-0.09239673614501953,0.0073403427400080545,0.10180407762527466,-0.1457045078277588,0.0011308974376333936,0.1558961272239685,-0.19498783349990845,-0.007972476535996975,0.17323368787765503,-0.24376946687698364,-0.015521678605637135,0.16287147998809814,-0.0819936990737915,0.002459817102590023,0.20499342679977417,-0.09571278095245361,0.01113013597432655,0.17870765924453735,-0.09678184986114502,0.02126916358474773,0.1501985788345337,-0.09295904636383057,0.02738868678216022,0.16560447216033936,-0.021065056324005127,-0.003282583083546342,0.21207541227340698,-0.04665595293045044,0.006578308998086868,0.18985402584075928,-0.05614691972732544,0.015662635213175236,0.16271531581878662,-0.04954361915588379,0.01905307593051475,0.1587628722190857,0.028721213340759277,-0.006766776086351456,0.20773440599441528,-0.00122910737991333,0.005459034817704378,0.18734896183013916,-0.009806334972381592,0.01676034042839092,0.1600143313407898,-0.004234135150909424,0.02003853256110233,0.1472691297531128,0.06998282670974731,-0.0099971140712114,0.1917722225189209,0.04752427339553833,0.0036458086710808857,0.17616569995880127,0.034595489501953125,0.01688405545655769,0.1509913206100464,0.03623288869857788,0.024171112573185383
0.0,0.0,0.0,0.049427926540374756,-0.09372168779373169,0.009190467179308826,0.10737007856369019,-0.1477820873260498,0.003372807281579071,0.16061317920684814,-0.19640105962753296,-0.005655992317457503,0.17697536945343018,-0.2479649782180786,-0.013361252851296967,0.16491824388504028,-0.08177685737609863,0.00185474950589537,0.20664429664611816,-0.09723770618438721,0.011599037789295608,0.17941588163375854,-0.09903502464294434,0.02231002784569114,0.15092355012893677,-0.09426653385162354,0.02829401194352954,0.16712093353271484,-0.020839571952819824,-0.00456718262981326,0.21578115224838257,-0.04863595962524414,0.00505345267478674,0.1933668851852417,-0.05948925018310547,0.014029726379106933,0.16575807332992554,-0.05292820930480957,0.01699495314855426,0.15993165969848633,0.028479695320129395,-0.008176442242671556,0.21032768487930298,-0.0037737488746643066,0.004036845632384711,0.1900455355644226,-0.012946665287017822,0.015323318534086638,0.16231125593185425,-0.007343173027038574,0.01833876407940238,0.1483880877494812,0.06922280788421631,-0.011261284358312196,0.1942945122718811,0.04642367362976074,0.002829756115119153,0.17903846502304077,0.03243303298950195,0.016713449724505836,0.15329140424728394,0.03385502099990845,0.02412138506073802
0.0,0.0,0.0,0.05202728509902954,-0.09594523906707764,0.010466678156433318,0.1127813458442688,-0.15293091535568237,0.005888985558328841,0.16369986534118652,-0.20427167415618896,-0.002142011798071053,0.17609894275665283,-0.2561827301979065,-0.008877164595844533,0.168692946434021,-0.08697342872619629,-0.001344328308562126,0.2118646502494812,-0.10660707950592041,0.00539857530492327,0.18470585346221924,-0.10937821865081787,0.014934338717637274,0.15353965759277344,-0.10388994216918945,0.02075618700581572,0.1700202226638794,-0.023863136768341064,-0.008849786506118562,0.21813637018203735,-0.05563312768936157,-0.00040833861459077525,0.19685953855514526,-0.06823629140853882,0.009441496892748091,0.16687464714050293,-0.06178855895996094,0.012918340130624983,0.16167747974395752,0.02815711498260498,-0.013502214946868207,0.2125307321548462,-0.0056571364402771,-0.0028209839063606523,0.1926901936531067,-0.017906665802001953,0.010235628201542113,0.16275495290756226,-0.012983560562133789,0.014786644927141879,0.14831972122192383,0.0708693265914917,-0.017673689783634927,0.1931789517402649,0.049077749252319336,-0.005182303399863031,0.17869752645492554,0.033777475357055664,0.009311670525846694,0.15179550647735596,0.034313976764678955,0.01768087977069399
0.0,0.0,0.0,0.04202395677566528,-0.0955355167388916,0.00019637632811964068,0.10603535175323486,-0.15594911575317383,-0.0057536632010055655,0.15729361772537231,-0.20266199111938477,-0.013040838595600235,0.1676819920539856,-0.2563323378562927,-0.019909308124454128,0.17762398719787598,-0.07836318016052246,-0.003840737808616268,0.18144488334655762,-0.09690368175506592,0.0001857630342669836,0.15060126781463623,-0.0948137640953064,-0.0004503118469187939,0.1223863959312439,-0.08959704637527466,-0.00287987391476463,0.18080782890319824,-0.020515143871307373,-0.008702878672750103,0.18386101722717285,-0.045532941818237305,0.0028141638542251712,0.15684431791305542,-0.05116534233093262,0.004639765415220154,0.12894821166992188,-0.04359173774719238,0.00022575414203629407,0.1692594289779663,0.03003638982772827,-0.011915846560270893,0.1796061396598816,0.0026435256004333496,-0.0023144651857478493,0.15467607975006104,-0.003100752830505371,0.001022286880640877,0.12504321336746216,8.100271224975586e-05,-0.0020208450221730345,0.15245556831359863,0.0737771987915039,-0.015674060974390613,0.16721290349960327,0.053090035915374756,-0.005784341432274687,0.14550787210464478,0.04220372438430786,0.004319403953729761,0.11974507570266724,0.040906548500061035,0.009360972959427727
0.0,0.0,0.0,0.054889142513275146,-0.0936729907989502,0.006629171930967459,0.12397736310958862,-0.15033012628555298,0.0013385573735149592,0.17883670330047607,-0.20071285963058472,-0.0064449495069993645,0.1938338279724121,-0.2591332793235779,-0.012911682333083263,0.1864756941795349,-0.07715505361557007,-0.0035832485549462945,0.21675896644592285,-0.10584986209869385,0.0001815921610841542,0.1856713891029358,-0.10658717155456543,0.0037333347469257205,0.1524745225906372,-0.10338824987411499,0.005571648162572274,0.18940269947052002,-0.021784842014312744,-0.010799669976563564,0.21849733591079712,-0.061445415019989014,-0.003421618220613709,0.19131970405578613,-0.07117366790771484,-0.00017110583883095387,0.15882790088653564,-0.06535202264785767,-0.0021133987132770926,0.1797073483467102,0.026986300945281982,-0.015451751033992878,0.2145959734916687,-0.011545777320861816,-0.006043808850677124,0.1905277967453003,-0.022087156772613525,0.0005590577244447559,0.1573575735092163,-0.01945573091506958,-0.0003025176077926517,0.1652374267578125,0.06936174631118774,-0.019847088809342495,0.19942086935043335,0.04441428184509277,-0.010297207477719894,0.18117904663085938,0.02873849868774414,0.0003946108378158897,0.15327918529510498,0.027957141399383545,0.005962539613960871
0.0,0.0,0.0,0.0437014102935791,-0.09381598234176636,0.006057564984246255,0.10618871450424194,-0.14567238092422485,0.001340893563053669,0.16314435005187988,-0.1870630383491516,-0.005651873186991452,0.18185096979141235,-0.24066883325576782,-0.01145262795017743,0.16996175050735474,-0.07690423727035522,-0.0014108753528603302,0.20056992769241333,-0.0970618724822998,0.005029288469984294,0.17210960388183594,-0.09748488664627075,0.010441776714458229,0.14362311363220215,-0.09275937080383301,0.012792586698367359,0.1752907633781433,-0.02063828706741333,-0.007302983780220984,0.2048279047012329,-0.05357927083969116,0.0021503738827846064,0.17988890409469604,-0.06334114074707031,0.006750603555872203,0.15081501007080078,-0.056888699531555176,0.0056208724856219305,0.16764438152313232,0.02675849199295044,-0.010694522992537259,0.2022455334663391,-0.007436931133270264,-0.00021653113054753703,0.18055188655853271,-0.01690208911895752,0.0068263303257367625,0.15018612146377563,-0.013288378715515137,0.00629744294582224,0.15541785955429077,0.0662338137626648,-0.01379011815862441,0.18879592418670654,0.042354702949523926,-0.002788012730718492,0.1732533574104309,0.028724253177642822,0.00810969842149234,0.14785051345825195,0.029314279556274414,0.01356243935896373
0.0,0.0,0.0,0.046845197677612305,-0.10008853673934937,-0.006709036348752306,0.11559414863586426,-0.16235512495040894,-0.019420183660827206,0.1736261248588562,-0.21612566709518433,-0.03187192177995257,0.19513332843780518,-0.2751980423927307,-0.043413981261096524,0.1842854619026184,-0.10929793119430542,-0.0217839753501039,0.19989615678787231,-0.12411683797836304,-0.028121690662942456,0.17055875062942505,-0.11626487970352173,-0.03402920758946948,0.1410464644432068,-0.10810738801956177,-0.038642942371211575,0.1928393840789795,-0.04449349641799927,-0.025488916250310467,0.19974589347839355,-0.07033371925354004,-0.022422311293325947,0.17222517728805542,-0.075339674949646,-0.02286182663067393,0.14251726865768433,-0.06874877214431763,-0.027747287812076138,0.18428188562393188,0.01812523603439331,-0.027763928683839367,0.1961420178413391,-0.00886225700378418,-0.02749607099815421,0.17095613479614258,-0.016122281551361084,-0.025812750148020314,0.13623613119125366,-0.015182793140411377,-0.0282816807053905,0.16771376132965088,0.07718062400817871,-0.03070620207711272,0.17548292875289917,0.05395865440368652,-0.032616543980680035,0.14817839860916138,0.04275554418563843,-0.027079834999881314,0.115456223487854,0.04078173637390137,-0.022692664923511074
0.0,0.0,0.0,-0.016769051551818848,-0.08075010776519775,-0.01978132161619328,-0.06855273246765137,-0.0973631739616394,-0.030918585465570914,-0.11556479334831238,-0.09681278467178345,-0.0370392094862666,-0.14893236756324768,-0.09484279155731201,-0.04318033936741017,-0.10653913021087646,-0.05049765110015869,-0.03250090810777806,-0.17753174901008606,-0.05295407772064209,-0.03898621010901593,-0.22050821781158447,-0.06131947040557861,-0.04228462684275769,-0.2531501352787018,-0.06887304782867432,-0.044965438873788344,-0.11457368731498718,-0.019717097282409668,-0.02313940073671006,-0.18996387720108032,-0.026342153549194336,-0.036398083300611006,-0.236301988363266,-0.04434561729431152,-0.047061391503831373,-0.268851101398468,-0.057464778423309326,-0.054203566492816435,-0.11392134428024292,0.0017260313034057617,-0.011953035698553549,-0.18450623750686646,-0.021044433116912842,-0.023291802362820135,-0.22803395986557007,-0.04139202833175659,-0.03249271246912144,-0.2551642507314682,-0.05332636833190918,-0.037352241904756056,-0.10936331748962402,0.007879257202148438,-0.0007537691651862133,-0.15528225898742676,-0.019644856452941895,-0.00923086363198422,-0.17871373891830444,-0.042063117027282715,-0.01324660270782374,-0.19073083996772766,-0.05837780237197876,-0.01486793286474608
0.0,0.0,0.0,-0.014075756072998047,-0.08095937967300415,-0.02502446024286087,-0.06611919403076172,-0.10633701086044312,-0.03877378589081104,-0.11181655526161194,-0.11510074138641357,-0.04614330044555004,-0.14345470070838928,-0.11674749851226807,-0.05360281428860958,-0.10440656542778015,-0.05581629276275635,-0.04438817089962299,-0.17972278594970703,-0.06108886003494263,-0.05495114958452518,-0.22300612926483154,-0.07437735795974731,-0.05961191615628536,-0.25473546981811523,-0.08566880226135254,-0.062101967247002676,-0.11267954111099243,-0.023171067237854004,-0.03197835347222622,-0.19037026166915894,-0.03468126058578491,-0.04722534454035099,-0.2363477349281311,-0.056901752948760986,-0.05743391028212841,-0.2692732810974121,-0.07083785533905029,-0.06336067578362758,-0.11238273978233337,-0.0033132433891296387,-0.017440678166025236,-0.18313831090927124,-0.024156928062438965,-0.027691395567529753,-0.22773611545562744,-0.04704314470291138,-0.03402968830036457,-0.2570122182369232,-0.061086416244506836,-0.03652948847579296,-0.10874035954475403,0.001621246337890625,-0.003468133821883157,-0.1584751009941101,-0.023271620273590088,-0.008400801183455542,-0.1884588599205017,-0.0463375449180603,-0.00906197129356201,-0.206825852394104,-0.06260871887207031,-0.008201531680100516
0.0,0.0,0.0,0.03402912616729736,-0.07896900177001953,-0.0036616715526633925,0.08317279815673828,-0.12718993425369263,-0.010454851800432152,0.12728261947631836,-0.16435569524765015,-0.017509048471083588,0.14552348852157593,-0.2054634392261505,-0.02298544686459536,0.1241249144077301,-0.07410842180252075,-0.007722681986024327,0.16764748096466064,-0.08529400825500488,-0.010458879770567364,0.14660555124282837,-0.0881006121635437,-0.01039142314516539,0.1225045919418335,-0.08494240045547485,-0.010041260758271164,0.1252983808517456,-0.02370893955230713,-0.008953145371606297,0.16802728176116943,-0.0426410436630249,-0.007349367385586447,0.1494237184524536,-0.05000180006027222,-0.005171257203301138,0.12816208600997925,-0.04474079608917236,-0.0056664614396595425,0.11986938118934631,0.01913774013519287,-0.009890845643212742,0.1623585820198059,-0.005542933940887451,-0.0064401185529732174,0.14606523513793945,-0.011104285717010498,-0.0023859347140842146,0.12484639883041382,-0.006667494773864746,-0.0025387347134255833,0.1111125648021698,0.0548703670501709,-0.011175715962281174,0.14705806970596313,0.030679643154144287,-0.00716926403515572,0.13456889986991882,0.023276209831237793,-0.0016359951271169848,0.11677363514900208,0.026367485523223877,0.0012061599252319866
0.0,0.0,0.0,0.036419689655303955,-0.07856279611587524,-0.006517758533249207,0.09051671624183655,-0.12616610527038574,-0.013989949073533126,0.13584789633750916,-0.16766560077667236,-0.020477842014173575,0.14849194884300232,-0.21522456407546997,-0.025054262425641127,0.12716037034988403,-0.07117730379104614,-0.014043303612510272,0.17272034287452698,-0.08859872817993164,-0.015578369084636279,0.14939185976982117,-0.09093612432479858,-0.013870969820658274,0.1250111162662506,-0.08587682247161865,-0.012816566448549338,0.12931132316589355,-0.021593809127807617,-0.01310181472067029,0.17484232783317566,-0.047220051288604736,-0.011311261389295169,0.15563765168190002,-0.05485689640045166,-0.007529994878808566,0.1337621510028839,-0.048322081565856934,-0.00705046480138094,0.1248021125793457,0.019167780876159668,-0.01144837069873006,0.16879984736442566,-0.009781837463378906,-0.007256464972982712,0.15246030688285828,-0.015494823455810547,-0.00225437938783557,0.13088274002075195,-0.010127723217010498,-0.0019674512426206547,0.11725601553916931,0.0520862340927124,-0.010362624596695014,0.15290167927742004,0.02457219362258911,-0.005616533510277577,0.13974756002426147,0.01677626371383667,0.00028465301298297163,0.12088006734848022,0.02021569013595581,0.0031073687729588073
0.0,0.0,0.0,0.03434160351753235,-0.07352542877197266,-0.007566200799715261,0.08165997266769409,-0.12166750431060791,-0.016560877438109856,0.12400498986244202,-0.16191911697387695,-0.02413457887939785,0.14200258255004883,-0.20228272676467896,-0.029474797423404198,0.11835184693336487,-0.06915539503097534,-0.01954141515068386,0.16592168807983398,-0.0837133526802063,-0.02159803616575573,0.14441436529159546,-0.08471012115478516,-0.017375335793417435,0.11933687329292297,-0.08003801107406616,-0.013888502258282642,0.12063181400299072,-0.020278990268707275,-0.01786328735522602,0.1686999797821045,-0.042332231998443604,-0.01820433209411476,0.14900469779968262,-0.04866182804107666,-0.01400179671816204,0.1263587772846222,-0.04310882091522217,-0.01252526766381834,0.11756446957588196,0.02048945426940918,-0.015140630069595318,0.1639067530632019,-0.006980955600738525,-0.012186396631818752,0.14659839868545532,-0.012378871440887451,-0.006406256693821888,0.12501758337020874,-0.00746840238571167,-0.005126116562109928,0.11179748177528381,0.05324965715408325,-0.012947129781764488,0.15110772848129272,0.02760106325149536,-0.009275642919760685,0.13803261518478394,0.019272029399871826,-0.0033192320237276363,0.11945691704750061,0.02140331268310547,-8.597926841957815e-05
0.0,0.0,0.0,0.025937199592590332,-0.07933342456817627,-0.007337290652401407,0.06754812598228455,-0.13375169038772583,-0.019050433159179647,0.10961323976516724,-0.17724132537841797,-0.030245522827215154,0.12529662251472473,-0.22124803066253662,-0.0392394967827272,0.11343544721603394,-0.08647936582565308,-0.017287350118465383,0.1635373830795288,-0.09176617860794067,-0.022901424065537412,0.14177179336547852,-0.09311419725418091,-0.023373280510611494,0.11881744861602783,-0.08973556756973267,-0.0231164087060165,0.11692875623703003,-0.03434133529663086,-0.018772489250011404,0.16558241844177246,-0.04919922351837158,-0.01907190945775028,0.14583075046539307,-0.05373471975326538,-0.015887702673978765,0.12517893314361572,-0.049162447452545166,-0.015184599764950235,0.113494873046875,0.011107921600341797,-0.019991452664442022,0.16013383865356445,-0.009639382362365723,-0.018373987496204336,0.14223188161849976,-0.012133359909057617,-0.012129800252921541,0.12074390053749084,-0.008017539978027344,-0.010296019584245641,0.10692206025123596,0.050094425678253174,-0.02166258809000965,0.14416980743408203,0.028954267501831055,-0.01971893091530319,0.13096201419830322,0.02516418695449829,-0.012853993892974813,0.11321952939033508,0.0284193754196167,-0.008396363675899465
0.0,0.0,0.0,0.026148945093154907,-0.0718451738357544,-0.008559635459690185,0.06612193584442139,-0.12263661623001099,-0.020260429560451598,0.10598284006118774,-0.16156551241874695,-0.03118206056883821,0.12302309274673462,-0.20095974206924438,-0.039876118853001685,0.10822635889053345,-0.08161509037017822,-0.018321332141070457,0.1556389331817627,-0.07648718357086182,-0.024962466760783286,0.13545680046081543,-0.07594102621078491,-0.026258720635681243,0.11531567573547363,-0.07451975345611572,-0.02640347237816343,0.10989710688591003,-0.02950078248977661,-0.019879166587500663,0.15762358903884888,-0.03278803825378418,-0.02131543549826631,0.13999444246292114,-0.03610658645629883,-0.019114962398319335,0.11961883306503296,-0.03483933210372925,-0.01882486286690721,0.10618022084236145,0.01601499319076538,-0.02140970210662374,0.15208953619003296,0.006628215312957764,-0.020636460363178344,0.13629692792892456,0.0038416385650634766,-0.015255862466304393,0.11546975374221802,0.00456082820892334,-0.013710941738693805,0.10065758228302002,0.05492830276489258,-0.023576783566980453,0.13765805959701538,0.04012727737426758,-0.022582609757094474,0.12539047002792358,0.03639942407608032,-0.016707197382359595,0.1083824634552002,0.03821450471878052,-0.012790524951427074
0.0,0.0,0.0,0.02881374955177307,-0.0761265754699707,-0.006822238377907297,0.07242313027381897,-0.12890225648880005,-0.017326021268644354,0.11476615071296692,-0.17266806960105896,-0.027517579197564146,0.12860015034675598,-0.21748098731040955,-0.03583296172288897,0.11492586135864258,-0.08540606498718262,-0.015740623399295828,0.16010704636573792,-0.0857546329498291,-0.019488727375545523,0.13948264718055725,-0.08268404006958008,-0.018570216074266455,0.11645671725273132,-0.07958841323852539,-0.01773779995707514,0.1181485652923584,-0.03424865007400513,-0.01699341617492678,0.16279932856559753,-0.042637526988983154,-0.016272268891015074,0.1439681351184845,-0.04465317726135254,-0.013105430341937563,0.12258908152580261,-0.04069119691848755,-0.013111192434706709,0.11498811841011047,0.011801004409790039,-0.017967208921589872,0.15831908583641052,-0.003904879093170166,-0.015726417004742643,0.1411946713924408,-0.0037467479705810547,-0.011044051199831983,0.11919507384300232,0.0003567337989807129,-0.010908379852452299,0.10857188701629639,0.05167108774185181,-0.01956815056470873,0.14458659291267395,0.03718048334121704,-0.017941770776786825,0.1301375925540924,0.035525500774383545,-0.012981142550387403,0.1114768385887146,0.039456844329833984,-0.010489575266518614
0.0,0.0,0.0,0.03201553225517273,-0.07746744155883789,-0.00833959031731979,0.07302436232566833,-0.12755674123764038,-0.02077590107799665,0.11533746123313904,-0.16742569208145142,-0.03160423405350343,0.13529691100120544,-0.20860254764556885,-0.040145736112009445,0.11773836612701416,-0.08074617385864258,-0.02729586131752626,0.1649194061756134,-0.08832156658172607,-0.03143578760207788,0.14299502968788147,-0.0838015079498291,-0.027321539743553558,0.11829856038093567,-0.07808983325958252,-0.023776728584181228,0.12079185247421265,-0.026913344860076904,-0.026698099373589912,0.16847243905067444,-0.0411829948425293,-0.026637175976048866,0.14818432927131653,-0.04432195425033569,-0.02126631691933767,0.1257709264755249,-0.04043316841125488,-0.019916891976009765,0.11789116263389587,0.019869506359100342,-0.024838508962403694,0.1639719307422638,-0.0020207762718200684,-0.02168176129342214,0.14501968026161194,-0.004517257213592529,-0.01484740331650869,0.12253764271736145,-0.0011448860168457031,-0.013928295968781867,0.11164829134941101,0.05779534578323364,-0.023597072734247604,0.14851966500282288,0.03558361530303955,-0.021430730744015136,0.13284817337989807,0.03042227029800415,-0.015859121381055274,0.11383116245269775,0.032789409160614014,-0.01302532005936996
0.0,0.0,0.0,0.028002530336380005,-0.07404732704162598,-0.009281916597416284,0.06794747710227966,-0.12458419799804688,-0.021732172051002863,0.10835450887680054,-0.1652679443359375,-0.03260277962081659,0.12479045987129211,-0.2053636908531189,-0.04115358372919786,0.11044234037399292,-0.07531845569610596,-0.023789921829035166,0.15449711680412292,-0.08011287450790405,-0.026559107059171083,0.13175800442695618,-0.08126598596572876,-0.023270441272785547,0.11020779609680176,-0.07796818017959595,-0.021043479496171358,0.11259737610816956,-0.02333533763885498,-0.02316367072754133,0.15766558051109314,-0.03766435384750366,-0.022458486312558534,0.13843312859535217,-0.044336557388305664,-0.017587101140549066,0.11807522177696228,-0.04024463891983032,-0.016452023813059213,0.10863879323005676,0.020780861377716064,-0.021535137721826914,0.15167245268821716,0.0014246702194213867,-0.01880653766684759,0.13447865843772888,-0.003539741039276123,-0.0120081175654434,0.11301633715629578,0.00012731552124023438,-0.010622960568895223,0.10273903608322144,0.05777251720428467,-0.020469490492274645,0.13631263375282288,0.03721189498901367,-0.018541535416176202,0.12220802903175354,0.0310821533203125,-0.012434198574652555,0.1043882668018341,0.03389471769332886,-0.009002878384222868
0.0,0.0,0.0,0.02965417504310608,-0.07585233449935913,-0.007503452819690892,0.07040959596633911,-0.12571251392364502,-0.01878984236802239,0.11229389905929565,-0.16689029335975647,-0.028964420423761794,0.12915337085723877,-0.20971208810806274,-0.037008927778259704,0.11264607310295105,-0.07931411266326904,-0.021226351723925063,0.15859919786453247,-0.08178001642227173,-0.02373483368839402,0.13815206289291382,-0.07998567819595337,-0.020064016447321364,0.11711978912353516,-0.0762939453125,-0.01743827724541802,0.11536139249801636,-0.0284041166305542,-0.02132256665910859,0.16187578439712524,-0.039782822132110596,-0.019400136188522765,0.14388525485992432,-0.04371839761734009,-0.013925299622968623,0.12412905693054199,-0.03964895009994507,-0.012547103331343124,0.11222147941589355,0.01625049114227295,-0.02056015992249627,0.15714585781097412,-0.002276599407196045,-0.016837413997308204,0.14089155197143555,-0.004225671291351318,-0.010234232635156104,0.1204146146774292,5.0902366638183594e-05,-0.009191224926070163,0.10659325122833252,0.05402815341949463,-0.020347728968516776,0.14271211624145508,0.034619271755218506,-0.017504553885117957,0.12917828559875488,0.03056401014328003,-0.011505947091535518,0.1117304265499115,0.03331947326660156,-0.00839728919501681
0.0,0.0,0.0,0.027613312005996704,-0.07259273529052734,-0.005238692630513242,0.0666205883026123,-0.12176710367202759,-0.01578770007981234,0.10217848420143127,-0.16432076692581177,-0.025950157903565696,0.11503678560256958,-0.20587164163589478,-0.03450700443281107,0.10844391584396362,-0.07127600908279419,-0.016075294353498748,0.15345120429992676,-0.07722252607345581,-0.018938846774830154,0.13253021240234375,-0.07983183860778809,-0.018110023700131705,0.11147484183311462,-0.07594239711761475,-0.017489479743375114,0.11074405908584595,-0.02206599712371826,-0.017465611808432868,0.15501618385314941,-0.03550851345062256,-0.01650466758800917,0.13734084367752075,-0.041141629219055176,-0.013755738623871139,0.11739987134933472,-0.03633427619934082,-0.01377559442116194,0.10661256313323975,0.01973891258239746,-0.01787442330314093,0.14931368827819824,0.0012143850326538086,-0.014149219617678455,0.13387125730514526,-0.0019532442092895508,-0.008635487296118072,0.11369198560714722,0.0021938085556030273,-0.007975277379586032,0.10082611441612244,0.05431842803955078,-0.018541576229466727,0.135145902633667,0.03535407781600952,-0.014995660521520904,0.12258374691009521,0.031039416790008545,-0.008493473642005256,0.10542508959770203,0.03488337993621826,-0.0048185380925076515
0.0,0.0,0.0,0.028988778591156006,-0.07219785451889038,-0.007609616367773242,0.06735071539878845,-0.12271857261657715,-0.01967150285716457,0.10298606753349304,-0.1681998074054718,-0.030974879263595767,0.11425775289535522,-0.21388819813728333,-0.04054912865038318,0.1081545352935791,-0.07673245668411255,-0.02065680861349506,0.15392082929611206,-0.08017921447753906,-0.024081708266095347,0.13366234302520752,-0.07924968004226685,-0.022228210567192264,0.11169171333312988,-0.07635700702667236,-0.020787251515940852,0.11125123500823975,-0.026917695999145508,-0.021069045512632556,0.15582895278930664,-0.0385323166847229,-0.0203141135710041,0.13751953840255737,-0.042530179023742676,-0.016852080224708743,0.11721044778823853,-0.0388866662979126,-0.016767093314484782,0.1084490716457367,0.016510725021362305,-0.020643514915064998,0.15129339694976807,-0.0017378926277160645,-0.01795970961327953,0.13475728034973145,-0.003800332546234131,-0.013174493199841208,0.11374586820602417,9.042024612426758e-05,-0.013167644253627486,0.10329088568687439,0.05205488204956055,-0.020648894234255977,0.1382649540901184,0.032259345054626465,-0.018454975782589145,0.12454408407211304,0.0286332368850708,-0.012976005076126285,0.10666337609291077,0.032715678215026855,-0.010203048920885749
0.0,0.0,0.0,0.02748289704322815,-0.07157987356185913,-0.005795131353949046,0.06728830933570862,-0.12353932857513428,-0.016473730942522025,0.10231596231460571,-0.17045190930366516,-0.026871768674169516,0.11235171556472778,-0.2153729796409607,-0.03539805292180631,0.11085641384124756,-0.07983022928237915,-0.016863213768516516,0.15578380227088928,-0.08098763227462769,-0.02054761714330766,0.13538679480552673,-0.08050322532653809,-0.019623801028643584,0.11434850096702576,-0.07795166969299316,-0.018676295792971587,0.11281859874725342,-0.03009796142578125,-0.018503416246090865,0.15703359246253967,-0.039691150188446045,-0.01717492184630487,0.1396050751209259,-0.04345512390136719,-0.01365549295238111,0.11997702717781067,-0.03891456127166748,-0.013310929676805472,0.10979318618774414,0.013667285442352295,-0.01953441455057714,0.1523902714252472,-0.0022007226943969727,-0.01560677765897367,0.13714221119880676,-0.004586219787597656,-0.01037268611631248,0.11699095368385315,-0.0007112026214599609,-0.00999641037574861,0.1048133373260498,0.05109816789627075,-0.021068908190642333,0.14018484950065613,0.03525155782699585,-0.01701545334449861,0.12770655751228333,0.03129220008850098,-0.010606040163253283,0.11013263463973999,0.033977210521698,-0.0071755702703342195
0.0,0.0,0.0,0.02971366047859192,-0.07593750953674316,-0.00484740870274436,0.0699290931224823,-0.12693268060684204,-0.014486920984609242,0.10510104894638062,-0.17540884017944336,-0.023933039942903633,0.11420246958732605,-0.22115355730056763,-0.03173956271461975,0.11076119542121887,-0.0832785964012146,-0.016885502228660698,0.15660488605499268,-0.08611828088760376,-0.018586518207712288,0.13686096668243408,-0.08669358491897583,-0.015616446698231812,0.11581829190254211,-0.08347469568252563,-0.013680021243317242,0.11405330896377563,-0.033621907234191895,-0.018128950113577957,0.15967613458633423,-0.04509139060974121,-0.01634690720788967,0.1427748203277588,-0.04980581998825073,-0.011965732054932232,0.12299036979675293,-0.04469507932662964,-0.011166440287752266,0.11158925294876099,0.0102577805519104,-0.018438275868220444,0.15594881772994995,-0.0074301958084106445,-0.013894309254510517,0.14093244075775146,-0.009740293025970459,-0.008176116237564202,0.12081325054168701,-0.004617273807525635,-0.0076047256236506655,0.10634544491767883,0.04708385467529297,-0.019178178126139755,0.1417505145072937,0.03183162212371826,-0.01395691089533102,0.12987124919891357,0.0268440842628479,-0.007299489772094603,0.11221054196357727,0.029070615768432617,-0.0041202879158390715
0.0,0.0,0.0,0.026421785354614258,-0.07116633653640747,-0.0074522853366545405,0.06509333848953247,-0.12383335828781128,-0.018670426635395643,0.09861108660697937,-0.17043712735176086,-0.029377484647881147,0.10769504308700562,-0.21493306756019592,-0.03815739038432753,0.10635039210319519,-0.07924562692642212,-0.018835799722324964,0.15116119384765625,-0.08419805765151978,-0.02378568607414877,0.13009077310562134,-0.08364349603652954,-0.023589586792837736,0.10875913500785828,-0.07978576421737671,-0.02302313218856966,0.10981836915016174,-0.030111491680145264,-0.019960967777620908,0.15482306480407715,-0.042591094970703125,-0.020693084178816434,0.13680416345596313,-0.046228110790252686,-0.017956145061504003,0.11656326055526733,-0.04081922769546509,-0.017801906867276784,0.10816690325737,0.013267695903778076,-0.020626883907567617,0.15191435813903809,-0.004679858684539795,-0.018616910977613088,0.13574540615081787,-0.006654322147369385,-0.013694931706737634,0.11505258083343506,-0.001282811164855957,-0.013058949215661642,0.10410597920417786,0.050195395946502686,-0.021895214869033452,0.13923203945159912,0.034159302711486816,-0.0193913299127928,0.12652814388275146,0.03134512901306152,-0.013682570262204763,0.10908734798431396,0.035793185234069824,-0.010507208248924371
0.0,0.0,0.0,0.02642291784286499,-0.07337093353271484,-0.005060245914776829,0.06611025333404541,-0.12493008375167847,-0.014832656996716764,0.09940508008003235,-0.17245563864707947,-0.024395709092189577,0.10595908761024475,-0.21925842761993408,-0.03236974513011148,0.10515046119689941,-0.08657699823379517,-0.018058938140441683,0.15165925025939941,-0.08569765090942383,-0.02226029073672464,0.1315929889678955,-0.08520054817199707,-0.021078895012308863,0.11089637875556946,-0.0830376148223877,-0.01980655750112703,0.10863441228866577,-0.0368037223815918,-0.01974768115060499,0.15510523319244385,-0.04506438970565796,-0.019186723212172296,0.13829666376113892,-0.048725008964538574,-0.015192802230288294,0.11839497089385986,-0.04415374994277954,-0.014413187446464804,0.10722583532333374,0.007456183433532715,-0.020746973509361055,0.15060794353485107,-0.009260833263397217,-0.016666504720618036,0.13528066873550415,-0.010644733905792236,-0.01085257174300125,0.1157984733581543,-0.005299985408782959,-0.010232667604853418,0.10387477278709412,0.04515141248703003,-0.022297143171002176,0.13778191804885864,0.028806328773498535,-0.017340309152771738,0.12473815679550171,0.02588522434234619,-0.010904845947791841,0.10791516304016113,0.03001224994659424,-0.007948861623574999
0.0,0.0,0.0,0.0067403316497802734,-0.014160692691802979,-0.05769024825785607,0.029421985149383545,-0.006197154521942139,-0.08683538845870942,0.06293386220932007,0.010046958923339844,-0.10633346847389191,0.10071206092834473,0.013544142246246338,-0.12346278539989441,0.09579640626907349,0.03645604848861694,-0.06650143525693863,0.1544337272644043,0.016016483306884766,-0.09371962807271927,0.19339507818222046,0.0024158358573913574,-0.11277001015041321,0.22637653350830078,-0.004389762878417969,-0.1254406388768956,0.10468029975891113,0.041789472103118896,-0.048294674969653784,0.16706138849258423,0.01728612184524536,-0.07691102138851136,0.2108030915260315,0.004118382930755615,-0.09598820320461243,0.24765443801879883,-0.004841923713684082,-0.10851712188814133,0.10960859060287476,0.04031580686569214,-0.03392644635532349,0.1650533676147461,0.01841205358505249,-0.05859578809831589,0.2053673267364502,0.006581902503967285,-0.07320361993406266,0.239393413066864,-0.0010038018226623535,-0.0817433636555478,0.11430960893630981,0.034032225608825684,-0.024198085434179006,0.1576482057571411,0.019887685775756836,-0.043962676442603765,0.18774598836898804,0.010363757610321045,-0.055601641900281606,0.21272146701812744,0.0036742687225341797,-0.06271839550826996
0.0,0.0,0.0,-0.022552549839019775,-0.08084827661514282,0.0018881554218168617,-0.06377279758453369,-0.1342363953590393,-0.0014261091625158429,-0.10310477018356323,-0.17017245292663574,-0.005778556972167337,-0.11077451705932617,-0.20950621366500854,-0.009537043798140132,-0.11528360843658447,-0.09185415506362915,-0.0033113207233910202,-0.1557980179786682,-0.10120797157287598,-0.0082182072134529,-0.13374876976013184,-0.10359805822372437,-0.013292889858952606,-0.1118888258934021,-0.10119330883026123,-0.016147043372860992,-0.12011456489562988,-0.04456818103790283,-0.007000875476173007,-0.1494758129119873,-0.06369888782501221,-0.004449960592559421,-0.1298964023590088,-0.0687975287437439,-0.0041967069761668085,-0.11114084720611572,-0.06372833251953125,-0.007232179216465795,-0.1174585223197937,-0.003917813301086426,-0.010048399496248805,-0.14214468002319336,-0.026221752166748047,-0.0062452673943553805,-0.12634706497192383,-0.032371342182159424,-0.00028973915929242366,-0.10861843824386597,-0.028094947338104248,0.0004942265889766873,-0.11136949062347412,0.028578758239746094,-0.013027350235155666,-0.13276785612106323,0.007890582084655762,-0.007471794545075738,-0.11974233388900757,0.0024517178535461426,0.0020414140975262285,-0.10548478364944458,0.006207644939422607,0.007843009379335797
0.0,0.0,0.0,-0.01605886220932007,-0.07342439889907837,-0.00011202267396237531,-0.05488091707229614,-0.1265586018562317,-0.0013188758681246249,-0.09074831008911133,-0.16288518905639648,-0.003443369460543355,-0.09854412078857422,-0.1992584466934204,-0.0049184072346144525,-0.10986334085464478,-0.09013992547988892,0.0024188067249304446,-0.15220266580581665,-0.09730815887451172,-0.0017324280275681225,-0.1353815197944641,-0.09683430194854736,-0.0070289774381273595,-0.11430221796035767,-0.0946354866027832,-0.009747282653366884,-0.11668121814727783,-0.0426822304725647,0.0012172809287256392,-0.15230494737625122,-0.058290064334869385,0.0036305097814000042,-0.13548225164413452,-0.06115841865539551,0.0028408907304799946,-0.11600703001022339,-0.05841326713562012,0.00014976057664517484,-0.11566722393035889,-0.0005469918251037598,-4.0187118971690694e-05,-0.14383840560913086,-0.021440565586090088,0.0027236225500053557,-0.1310843825340271,-0.027126669883728027,0.006212166459048429,-0.11293548345565796,-0.024867653846740723,0.006443480443889538,-0.1092456579208374,0.0330045223236084,-0.0012863198577144352,-0.13306838274002075,0.010565340518951416,0.003205953812906781,-0.12145203351974487,0.0037831664085388184,0.010684495740318933,-0.10617780685424805,0.004813432693481445,0.015612482973123232
0.0,0.0,0.0,-0.00024831295013427734,-0.008632123470306396,-0.058838263355525555,0.014564454555511475,-0.005350708961486816,-0.09097754230383259,0.03757297992706299,0.004211127758026123,-0.11337772031906468,0.06849312782287598,0.0062874555587768555,-0.13424529155376774,0.08311188220977783,0.023470044136047363,-0.07314705123785359,0.13038229942321777,0.0055045485496521,-0.10137011130932194,0.16356056928634644,-0.005696535110473633,-0.12247671952131611,0.1929059624671936,-0.01210629940032959,-0.13702181001785618,0.09444171190261841,0.02885502576828003,-0.053701285474332394,0.14739394187927246,0.006016731262207031,-0.08201017250898701,0.18495649099349976,-0.00349348783493042,-0.10161106308582646,0.21822792291641235,-0.010105490684509277,-0.11559417118910176,0.10078299045562744,0.029816627502441406,-0.03741062080148083,0.14819610118865967,0.01121675968170166,-0.06001036261800152,0.18208259344100952,0.00299680233001709,-0.07344281693580967,0.21130335330963135,-0.0032352805137634277,-0.08237843980673176,0.10431879758834839,0.027228713035583496,-0.025804044880302968,0.14068078994750977,0.01487654447555542,-0.042566679619582715,0.16636615991592407,0.007071137428283691,-0.05233168249610287,0.1872648000717163,0.0006198883056640625,-0.05922625606540066
0.0,0.0,0.0,0.001624464988708496,-0.02259141206741333,-0.057108657860467815,0.021239757537841797,-0.017980217933654785,-0.08630994936198988,0.05127131938934326,0.002771139144897461,-0.10533384462566175,0.08806508779525757,0.008360445499420166,-0.12243899186820784,0.08283203840255737,0.025092601776123047,-0.07324148198337355,0.13525670766830444,0.006055474281311035,-0.10269726296634474,0.17214560508728027,-0.007190108299255371,-0.1222058483001689,0.20314395427703857,-0.014070689678192139,-0.13455121448011198,0.09443837404251099,0.038262903690338135,-0.054413812660882854,0.15342336893081665,0.013653576374053955,-0.083163919353197,0.19595485925674438,-0.0004987120628356934,-0.09973766883582869,0.23102617263793945,-0.010276496410369873,-0.11058265944690504,0.10126835107803345,0.04272794723510742,-0.03898486351342001,0.15371227264404297,0.01974642276763916,-0.06385850390167036,0.19306081533432007,0.004523217678070068,-0.07645397862167158,0.22583520412445068,-0.005472123622894287,-0.08358552535743513,0.10519969463348389,0.04056668281555176,-0.0279181473490695,0.14713376760482788,0.025915205478668213,-0.04794207816691198,0.1771140694618225,0.014651060104370117,-0.058429727756688976,0.20115447044372559,0.005681931972503662,-0.06452969690532484
0.0,0.0,0.0,0.0007524490356445312,-0.02437525987625122,-0.055719800198055225,0.018466532230377197,-0.023022055625915527,-0.08785217990872951,0.04945129156112671,-0.0023425817489624023,-0.11001388719079586,0.0852324366569519,0.006203651428222656,-0.1304569019913444,0.0807565450668335,0.020246505737304688,-0.08132489016053768,0.13321036100387573,0.0013222694396972656,-0.11227665832040401,0.1685141921043396,-0.01140516996383667,-0.1319862230658302,0.1986061930656433,-0.01692378520965576,-0.1447311713337669,0.09312319755554199,0.037256062030792236,-0.06452719857690425,0.15623056888580322,0.013396978378295898,-0.09577190121409984,0.1978590488433838,0.0006192326545715332,-0.11327337464091869,0.2320292592048645,-0.008225858211517334,-0.12492202957866283,0.10067009925842285,0.04444628953933716,-0.05010082563159557,0.15695691108703613,0.019873499870300293,-0.0760436131596336,0.19582051038742065,0.006649494171142578,-0.08882266273496242,0.22717547416687012,-0.0021636486053466797,-0.09643718590734096,0.10512560606002808,0.043395817279815674,-0.03974323337671848,0.14920800924301147,0.023929297924041748,-0.06006531407830806,0.1790209412574768,0.011113286018371582,-0.07059630742070766,0.20214730501174927,0.0018987059593200684,-0.07713533183333965
0.0,0.0,0.0,0.002576589584350586,-0.021270751953125,-0.05308147249984074,0.021808147430419922,-0.016149163246154785,-0.08040461419390965,0.052597641944885254,0.004364073276519775,-0.0986031490402155,0.08841830492019653,0.008713185787200928,-0.11482334612178136,0.08523249626159668,0.027277231216430664,-0.06594669549035359,0.13681650161743164,0.0051451921463012695,-0.09322490273284245,0.1720089316368103,-0.008904695510864258,-0.1123108762340479,0.2012224793434143,-0.016379714012145996,-0.12463129787015248,0.09695780277252197,0.04037892818450928,-0.04887293754386235,0.15714764595031738,0.01688706874847412,-0.0748822736577921,0.19796687364578247,0.004646003246307373,-0.09154975144433308,0.23186802864074707,-0.004531979560852051,-0.10298960386084843,0.10328996181488037,0.04510015249252319,-0.035023366196625716,0.15761303901672363,0.024683594703674316,-0.05688772080706883,0.19462502002716064,0.01457434892654419,-0.06939761070775319,0.22519171237945557,0.006511211395263672,-0.07706036893891621,0.10639345645904541,0.0432816743850708,-0.02532867631184388,0.15032535791397095,0.031000256538391113,-0.04232027484344769,0.17899316549301147,0.02272331714630127,-0.05185033856200505,0.20193660259246826,0.016619980335235596,-0.05776597662138272
0.0,0.0,0.0,0.0034136176109313965,-0.025041162967681885,-0.05934709132213811,0.023804545402526855,-0.021854281425476074,-0.08946122423310499,0.0558660626411438,-0.0032706260681152344,-0.1087974627365611,0.09407192468643188,0.0006021857261657715,-0.1258286778678439,0.08460533618927002,0.024873197078704834,-0.07397561714549283,0.14018243551254272,0.00089263916015625,-0.1017825473894618,0.17701518535614014,-0.01305478811264038,-0.1201589722980998,0.20777714252471924,-0.0196419358253479,-0.13228159592051725,0.09784185886383057,0.03804415464401245,-0.0535894726266406,0.1583041548728943,0.007728695869445801,-0.08201886162657956,0.19886279106140137,-0.007924020290374756,-0.09883982137341718,0.23212677240371704,-0.018254995346069336,-0.11029812142749051,0.10545963048934937,0.04190635681152344,-0.03663659662504415,0.15918457508087158,0.01529759168624878,-0.06071079716582517,0.19600409269332886,0.0017942190170288086,-0.0731863622416995,0.22661149501800537,-0.005917072296142578,-0.0807619933833621,0.11090517044067383,0.03993493318557739,-0.024281080891682905,0.1547895073890686,0.02391231060028076,-0.04350036204357366,0.18383759260177612,0.013608872890472412,-0.05429455459614019,0.20759397745132446,0.007854580879211426,-0.06115805551905851
0.0,0.0,0.0,0.005844533443450928,-0.03206413984298706,-0.05063666546821466,0.026829540729522705,-0.03419196605682373,-0.07723612854361406,0.059675395488739014,-0.013720154762268066,-0.0948560587513434,0.09728968143463135,-0.006589114665985107,-0.11048543969273439,0.09218209981918335,0.009626567363739014,-0.06606826702237001,0.1458815336227417,-0.0131911039352417,-0.09149590650677553,0.18008315563201904,-0.02665466070175171,-0.10851853111863008,0.20975637435913086,-0.032945454120635986,-0.11984542528271547,0.1035834550857544,0.026150047779083252,-0.04986025909066072,0.16587108373641968,0.0005956292152404785,-0.075604317282437,0.2055533528327942,-0.012510478496551514,-0.09093492249131074,0.23855304718017578,-0.021420538425445557,-0.10139418164372316,0.1086808443069458,0.03210550546646118,-0.036399082784651426,0.16456574201583862,0.008504390716552734,-0.05810361871600023,0.2020750641822815,-0.004404723644256592,-0.07001991340994707,0.23348337411880493,-0.012988626956939697,-0.07743460456013551,0.11053818464279175,0.03073638677597046,-0.026837329884170202,0.1547762155532837,0.013570964336395264,-0.044242636804579405,0.18369728326797485,0.001434922218322754,-0.0540165133225905,0.2068190574645996,-0.007426440715789795,-0.060172741805313734
0.0,0.0,0.0,-0.020505964756011963,-0.08249223232269287,0.0013069789472126558,-0.0624089241027832,-0.13807517290115356,-3.430973291074224e-05,-0.09980332851409912,-0.1746571660041809,-0.001999807931753139,-0.10876566171646118,-0.2121959924697876,-0.003996916968645792,-0.1257820725440979,-0.10217416286468506,0.0005952412227259174,-0.12568938732147217,-0.10981917381286621,-0.0003417189384720132,-0.10123211145401001,-0.09957915544509888,-0.006159139719130735,-0.08798575401306152,-0.08868283033370972,-0.011142950892718773,-0.13296902179718018,-0.05413252115249634,-0.0028615674621335074,-0.1297275424003601,-0.06941342353820801,0.002444616829706092,-0.10834109783172607,-0.06736356019973755,-0.0008406582440159127,-0.09386533498764038,-0.05724519491195679,-0.0073444670217952535,-0.12837058305740356,-0.011633872985839844,-0.005112834662469368,-0.13001704216003418,-0.031155824661254883,-0.0015075666981658742,-0.11126720905303955,-0.03148984909057617,0.0006423681822695926,-0.09541445970535278,-0.021763384342193604,-0.001293960531512539,-0.11919045448303223,0.02352243661880493,-0.007132158536734323,-0.12594014406204224,0.0055814385414123535,-0.003862907333569865,-0.10860055685043335,0.005282163619995117,0.004159321155128737,-0.09388017654418945,0.012088775634765625,0.009192676827041169
0.0,0.0,0.0,-0.02755105495452881,-0.0731041431427002,0.0016425077445845204,-0.0680837631225586,-0.13450652360916138,-0.0013881963569630784,-0.10507756471633911,-0.18153786659240723,-0.005143362785126726,-0.11819440126419067,-0.22648698091506958,-0.00858399061336712,-0.11950260400772095,-0.09187841415405273,-0.004224061722304384,-0.16567805409431458,-0.08520257472991943,-0.007032050973172943,-0.1473289430141449,-0.07681792974472046,-0.009847725497927229,-0.12592273950576782,-0.07440704107284546,-0.011653096171464483,-0.12412968277931213,-0.04015171527862549,-0.007961395884301226,-0.1649596095085144,-0.03907608985900879,-0.004714419355984489,-0.14709141850471497,-0.034927308559417725,-0.0034766634818126363,-0.1267484724521637,-0.03367042541503906,-0.005903970672186176,-0.12232714891433716,0.005982518196105957,-0.010892219597842256,-0.15800708532333374,0.0004925131797790527,-0.00824894079789118,-0.1433561146259308,0.001092076301574707,-0.0019105427091901106,-0.1241227388381958,0.003108799457550049,-0.0004837981142529202,-0.11751404404640198,0.045756518840789795,-0.013517237956072847,-0.14981937408447266,0.03198254108428955,-0.009860516282166998,-0.13651880621910095,0.032044410705566406,0.0001258546507258984,-0.11978524923324585,0.034605443477630615,0.0067850148879031735
0.0,0.0,0.0,-0.02391749620437622,-0.07566803693771362,-0.000922721446871666,-0.06313508749008179,-0.14004606008529663,-0.004523746596563516,-0.09948486089706421,-0.1899101734161377,-0.008107884248632846,-0.11121201515197754,-0.23653388023376465,-0.01110514944596952,-0.11063164472579956,-0.0961032509803772,-0.004478578848678527,-0.16162481904029846,-0.09310799837112427,-0.007920172458428798,-0.14348512887954712,-0.08560562133789062,-0.01122094636960691,-0.12101584672927856,-0.08348250389099121,-0.013165019845504222,-0.11750650405883789,-0.04479151964187622,-0.006670931281436143,-0.16297712922096252,-0.04848068952560425,-0.003873654568482099,-0.14627781510353088,-0.04387795925140381,-0.0033858303650355914,-0.1257653534412384,-0.04154545068740845,-0.006202805248934684,-0.11793595552444458,6.967782974243164e-05,-0.008438548466104923,-0.155564546585083,-0.010260403156280518,-0.0059721762518472055,-0.14261764287948608,-0.009082376956939697,-0.0001626703742965141,-0.12368768453598022,-0.006742894649505615,0.0010752673988156936,-0.11426776647567749,0.03718531131744385,-0.010159655867058692,-0.1467689871788025,0.01928466558456421,-0.006519980655897317,-0.13447171449661255,0.019839584827423096,0.0030292142909877917,-0.1178857684135437,0.0232088565826416,0.00932560635552937
0.0,0.0,0.0,-0.022670626640319824,-0.07195204496383667,-0.002256351171669113,-0.06055104732513428,-0.1345338225364685,-0.006355238959800946,-0.09702253341674805,-0.17956769466400146,-0.010544530928742635,-0.10818338394165039,-0.2246834635734558,-0.014203064956378686,-0.11297151446342468,-0.09176671504974365,-0.003984234642845141,-0.15757089853286743,-0.08395075798034668,-0.00898485246361469,-0.14023920893669128,-0.0757988691329956,-0.014372152157735574,-0.11908507347106934,-0.07575881481170654,-0.01775835535736059,-0.11931458115577698,-0.04111909866333008,-0.005986399364334094,-0.1589832305908203,-0.04081225395202637,-0.004615750045191991,-0.14256799221038818,-0.036092281341552734,-0.005007771656524884,-0.12265139818191528,-0.036268532276153564,-0.0079120517453668,-0.11859610676765442,0.0029895901679992676,-0.007856872745465981,-0.1523924469947815,-0.0030676722526550293,-0.00711645500050162,-0.1389710009098053,-0.0016762018203735352,-0.0014941123059508676,-0.12026748061180115,-0.0011098980903625488,0.0003738220279081439,-0.11456185579299927,0.04003041982650757,-0.009891314313423383,-0.14487534761428833,0.025839507579803467,-0.007256366659563529,-0.13346239924430847,0.027384519577026367,0.0022465604146453266,-0.11787304282188416,0.029974043369293213,0.009048672511565936
0.0,0.0,0.0,-0.024341344833374023,-0.07660669088363647,0.00039146202759998694,-0.06383472681045532,-0.13680732250213623,-0.0028173479702864324,-0.10235336422920227,-0.1830849051475525,-0.006348207451829735,-0.11459648609161377,-0.22879445552825928,-0.009281052135357681,-0.11896178126335144,-0.08703291416168213,-0.00120577283525658,-0.16038945317268372,-0.09022313356399536,-0.0011630169800092016,-0.14176315069198608,-0.08933287858963013,-0.0031042202361468707,-0.12173929810523987,-0.08645254373550415,-0.004607326209971729,-0.12351179122924805,-0.03779321908950806,-0.003179171214306775,-0.16102024912834167,-0.047925472259521484,0.0038319843835588063,-0.14424526691436768,-0.0523257851600647,0.004508530396541532,-0.12580400705337524,-0.04959273338317871,0.0008891595309059586,-0.12098100781440735,0.004146218299865723,-0.004279244084337774,-0.1564215123653412,-0.0111846923828125,0.002163184715008315,-0.14333266019821167,-0.018053054809570312,0.007249437413683113,-0.12611085176467896,-0.0154876708984375,0.007033995028158602,-0.1151975691318512,0.03851306438446045,-0.005194279689768377,-0.1492975354194641,0.01754021644592285,0.0014212811612914766,-0.13969138264656067,0.01056051254272461,0.011342600129118141,-0.1254136562347412,0.012913823127746582,0.017338293745687183
0.0,0.0,0.0,-0.02309274673461914,-0.07864797115325928,0.000434447938408411,-0.061651647090911865,-0.1383839249610901,-0.0030580966704807366,-0.10030189156532288,-0.18239659070968628,-0.007046745900931128,-0.11179682612419128,-0.22819054126739502,-0.010470721681537398,-0.11957550048828125,-0.08737266063690186,-0.001911371873626777,-0.1598931849002838,-0.09031921625137329,-0.0031006867503098334,-0.14106681942939758,-0.09021013975143433,-0.005695112791778811,-0.12104523181915283,-0.08776527643203735,-0.007335966263832816,-0.12384137511253357,-0.03619354963302612,-0.003874942704038986,-0.16056960821151733,-0.047244906425476074,0.0017748546815194999,-0.1431352198123932,-0.052323997020721436,0.002617307429266802,-0.12424400448799133,-0.05032414197921753,-0.00032447119888878717,-0.12045404314994812,0.006570756435394287,-0.004958487392338284,-0.15468701720237732,-0.008889317512512207,0.0006048115464576398,-0.14112883806228638,-0.016634583473205566,0.0059669112815239345,-0.12322568893432617,-0.015132486820220947,0.006330293792364827,-0.11321920156478882,0.040830254554748535,-0.005857222058745393,-0.1449027955532074,0.020038247108459473,0.0005065973527447198,-0.13513034582138062,0.01185065507888794,0.010542233663676015,-0.1208396852016449,0.012849807739257812,0.016907648372528783
0.0,0.0,0.0,-0.022777676582336426,-0.07544445991516113,-0.0012996177484065896,-0.059773385524749756,-0.1364915370941162,-0.004983965709504545,-0.09666270017623901,-0.182212233543396,-0.008931901707944334,-0.10812786221504211,-0.22930008172988892,-0.012134826212820471,-0.11718979477882385,-0.0852665901184082,-8.108347723201348e-05,-0.1567823886871338,-0.08565568923950195,-0.0009042541442223495,-0.13763099908828735,-0.0836976170539856,-0.003942694917020262,-0.11678048968315125,-0.08158022165298462,-0.006132008909878195,-0.12244173884391785,-0.036334991455078125,-0.00165509798720187,-0.15798240900039673,-0.04420804977416992,0.00437651348144108,-0.14125210046768188,-0.04613536596298218,0.003971211675855457,-0.12215214967727661,-0.04389786720275879,1.905178211281111e-05,-0.1199154257774353,0.005322873592376709,-0.002773420355913103,-0.15230867266654968,-0.00903010368347168,0.002847437344792425,-0.13925117254257202,-0.013304948806762695,0.0076953122097283,-0.12158310413360596,-0.010899126529693604,0.0077199140268593425,-0.11359849572181702,0.03956139087677002,-0.0040048159953922635,-0.14509931206703186,0.019647419452667236,0.002019360725137531,-0.13544222712516785,0.014592289924621582,0.011728724062743723,-0.12109535932540894,0.01689159870147705,0.017854553245308935
0.0,0.0,0.0,-0.01857858896255493,-0.07327675819396973,-0.0031522594076243138,-0.05746495723724365,-0.13541370630264282,-0.007654714645877192,-0.09457963705062866,-0.18039238452911377,-0.01202825900731952,-0.10441592335700989,-0.22783589363098145,-0.015774930609449456,-0.1135733425617218,-0.08704739809036255,-0.0022421875186857676,-0.15469342470169067,-0.08517372608184814,-0.004912219258084605,-0.1376444399356842,-0.08230280876159668,-0.009074332905992577,-0.11673572659492493,-0.08121687173843384,-0.011887649787649224,-0.1196124255657196,-0.03747844696044922,-0.0032054272164252495,-0.15616917610168457,-0.04383605718612671,0.000649795910749873,-0.1404605209827423,-0.044738054275512695,-0.00019038017530803586,-0.12157472968101501,-0.04264014959335327,-0.0039344655965116715,-0.11739033460617065,0.004932880401611328,-0.003997258158459971,-0.15004628896713257,-0.008668065071105957,-0.0006003395105373954,-0.13736042380332947,-0.01202237606048584,0.003525402381956866,-0.11972823739051819,-0.010139763355255127,0.003609810475200703,-0.1110912561416626,0.039000511169433594,-0.004988109940722296,-0.1419716775417328,0.020203471183776855,-0.0009123225613159036,-0.13119840621948242,0.0170285701751709,0.007611902182862451,-0.1162504255771637,0.01893705129623413,0.013156014712468078
0.0,0.0,0.0,-0.028939127922058105,-0.0893709659576416,-0.002879770918326585,-0.07301098108291626,-0.15192782878875732,-0.008596821202473848,-0.11754199862480164,-0.1981068253517151,-0.01492761492593786,-0.13246867060661316,-0.24976509809494019,-0.01981851503117582,-0.13416466116905212,-0.08133196830749512,-0.003917281961577146,-0.1850849986076355,-0.09132194519042969,-0.010175332872705667,-0.162278413772583,-0.09736770391464233,-0.01634048156304857,-0.13755011558532715,-0.09656959772109985,-0.019533908440308778,-0.13742929697036743,-0.025234997272491455,-0.005366876235740392,-0.18259969353675842,-0.04670506715774536,-0.0034400226814170765,-0.16335806250572205,-0.055980026721954346,-0.00429415188594362,-0.14148741960525513,-0.05362313985824585,-0.007903041763739793,-0.13306733965873718,0.02057415246963501,-0.006729229333387821,-0.169784814119339,-0.00572359561920166,-0.0029053482958545374,-0.15523090958595276,-0.014163017272949219,0.0032790159075091196,-0.1355903148651123,-0.010950565338134766,0.004374265225095542,-0.1254718005657196,0.05637228488922119,-0.008380229099230974,-0.1589985191822052,0.028612196445465088,-0.0016455189125110792,-0.1461336612701416,0.02107679843902588,0.009792271555824072,-0.12849333882331848,0.025210976600646973,0.017104174496097357
0.0,0.0,0.0,-0.016622960567474365,-0.08658182621002197,-0.008222115210685388,-0.05892312526702881,-0.15282613039016724,-0.013520486637446538,-0.10110169649124146,-0.20145636796951294,-0.018230523898694173,-0.11534857749938965,-0.25234508514404297,-0.02146529963562216,-0.12966987490653992,-0.0878227949142456,-0.0016265521836089647,-0.16991499066352844,-0.0942118763923645,-0.005713812525812045,-0.14635002613067627,-0.09538072347640991,-0.011964126474651948,-0.12326943874359131,-0.09439164400100708,-0.01614501884529318,-0.13525372743606567,-0.029795289039611816,-2.3849294905176066e-05,-0.168603777885437,-0.0468636155128479,0.004041890629139289,-0.1493755280971527,-0.051682233810424805,0.0026188681521830404,-0.12959018349647522,-0.04943281412124634,-0.0020441603692802346,-0.13000118732452393,0.01815587282180786,0.0008047632445027375,-0.1576889455318451,-0.006201267242431641,0.004483934972938641,-0.1436801552772522,-0.012645244598388672,0.008281000905242308,-0.12561652064323425,-0.009843111038208008,0.00770676370387946,-0.12022686004638672,0.054586946964263916,0.0009086933141020381,-0.14759650826454163,0.029456675052642822,0.0057811108571854675,-0.13644948601722717,0.023623406887054443,0.014544418097045764,-0.12122711539268494,0.025405943393707275,0.020045083031561717
0.0,0.0,0.0,-0.015123188495635986,-0.0878952145576477,-0.00868478065508782,-0.0571436882019043,-0.1534937024116516,-0.013217135538937441,-0.09647440910339355,-0.20376545190811157,-0.016519960222424857,-0.10903552174568176,-0.255523681640625,-0.018254576457323424,-0.12609389424324036,-0.08741092681884766,-0.0006590597649420715,-0.1635856032371521,-0.0986483097076416,0.00015123463258248648,-0.14250749349594116,-0.1023370623588562,-0.0025553826444166816,-0.12192776799201965,-0.10126930475234985,-0.004939890673043124,-0.1319449245929718,-0.030620574951171875,0.002392395658759483,-0.16665741801261902,-0.05064964294433594,0.010787385309455999,-0.14949068427085876,-0.058885931968688965,0.01045729571801246,-0.13021284341812134,-0.05617344379425049,0.005920455584643491,-0.12634652853012085,0.014963984489440918,0.005112271549521097,-0.15710055828094482,-0.011004269123077393,0.013011614585636266,-0.14472699165344238,-0.020562589168548584,0.01649493517201961,-0.1278586983680725,-0.018691837787628174,0.014705540405927309,-0.11485645174980164,0.047840416431427,0.007111021576790222,-0.1426326036453247,0.0220029354095459,0.015217622535644182,-0.1339283287525177,0.01413118839263916,0.024226600097833284,-0.1205386221408844,0.015909135341644287,0.02901167215627254
0.0,0.0,0.0,-0.015283584594726562,-0.0870521068572998,-0.006828561418423362,-0.05547565221786499,-0.152391254901886,-0.010768173721352525,-0.0971606969833374,-0.1996256709098816,-0.013780810397783227,-0.10986381769180298,-0.25014448165893555,-0.015519702334621854,-0.12401196360588074,-0.08817404508590698,0.0005100630873684509,-0.16078221797943115,-0.09112095832824707,0.0009761689065825863,-0.13968747854232788,-0.09121906757354736,-0.002181641517871924,-0.11902669072151184,-0.08954393863677979,-0.004940169390955873,-0.1296350657939911,-0.03144484758377075,0.002345600870704345,-0.16436386108398438,-0.04339408874511719,0.01035608305343061,-0.146340012550354,-0.04800248146057129,0.00959327305414348,-0.12661880254745483,-0.04618728160858154,0.004863534129491143,-0.12446734309196472,0.014401257038116455,0.004051406408926539,-0.15470463037490845,-0.004362225532531738,0.011536340701660208,-0.1417607069015503,-0.011130094528198242,0.015213776852270655,-0.1242968738079071,-0.009901463985443115,0.013697561349054865,-0.11376193165779114,0.04903358221054077,0.005171868956914238,-0.1410731077194214,0.02949744462966919,0.013080806943854384,-0.13152644038200378,0.023289918899536133,0.022360891576191477,-0.11758407950401306,0.02378326654434204,0.027530212427755885
0.0,0.0,0.0,-0.01831763982772827,-0.08641314506530762,-0.007917247516267878,-0.058379411697387695,-0.15027278661727905,-0.01300404853110848,-0.09935837984085083,-0.19685286283493042,-0.016964877759271246,-0.11296093463897705,-0.2450578212738037,-0.01951250321155129,-0.12520620226860046,-0.08504420518875122,-0.0066585571404331745,-0.16657420992851257,-0.09074020385742188,-0.009228459363036734,-0.14797484874725342,-0.09346729516983032,-0.01251592467462359,-0.12645748257637024,-0.09337812662124634,-0.014793314774685484,-0.1303105652332306,-0.029063761234283447,-0.005017008436077219,-0.1679587960243225,-0.04503887891769409,-8.876485673425805e-05,-0.15119540691375732,-0.05135464668273926,0.00017207935878360558,-0.1312543749809265,-0.05082517862319946,-0.0035055112458550752,-0.12499895691871643,0.016389012336730957,-0.003445362010204178,-0.15535509586334229,-0.005388319492340088,0.0008338209226010918,-0.14267724752426147,-0.013329029083251953,0.005449157870209831,-0.1248052716255188,-0.012087702751159668,0.00506618359202804,-0.11497053503990173,0.05157953500747681,-0.0024526585258328737,-0.14113444089889526,0.029225528240203857,0.002466394762343782,-0.1307305097579956,0.021638810634613037,0.011303748200482744,-0.11590099334716797,0.022376954555511475,0.016637438173241037
0.0,0.0,0.0,-0.01748901605606079,-0.08667635917663574,-0.005308151818027795,-0.05893605947494507,-0.1505810022354126,-0.008914916883369983,-0.09910672903060913,-0.1983925700187683,-0.011724060508569778,-0.1125122606754303,-0.24728888273239136,-0.013319526906272472,-0.12579530477523804,-0.08890533447265625,-0.0017287295685690651,-0.16693350672721863,-0.08825546503067017,-0.001482239449543954,-0.14664006233215332,-0.08725076913833618,-0.004048400665780605,-0.1253596842288971,-0.08471924066543579,-0.006157672139963211,-0.1313856542110443,-0.03403526544570923,-0.000374596527692006,-0.1669723391532898,-0.040687620639801025,0.007848009359875618,-0.14986222982406616,-0.04539477825164795,0.007936645191946923,-0.1306488811969757,-0.04460763931274414,0.003458453467899858,-0.1270541548728943,0.01114952564239502,0.0011557138150948276,-0.15649768710136414,-0.004074573516845703,0.008244029139021336,-0.1434699296951294,-0.010899186134338379,0.012032406297365128,-0.12622889876365662,-0.00949716567993164,0.010537530188301503,-0.11784476041793823,0.04554009437561035,0.002288811732867657,-0.1439361274242401,0.02647387981414795,0.009056351971665322,-0.1332014501094818,0.021021664142608643,0.01781356696490377,-0.11875036358833313,0.02241349220275879,0.022774379593172966
0.0,0.0,0.0,-0.02397066354751587,-0.08518362045288086,-0.005421214632796989,-0.0660473108291626,-0.14954644441604614,-0.010429311439501987,-0.10575050115585327,-0.19765061140060425,-0.014994514070558296,-0.11748853325843811,-0.24760329723358154,-0.018162366829919563,-0.13189369440078735,-0.08600640296936035,-0.003236262722047911,-0.16764932870864868,-0.09374547004699707,-0.005733517825710521,-0.14615881443023682,-0.09393441677093506,-0.010372994363414989,-0.12388738989830017,-0.09100663661956787,-0.013688341610240684,-0.1368817687034607,-0.028943300247192383,-0.0031783291028020244,-0.1704559624195099,-0.04800361394882202,0.0014747213450121421,-0.1513962745666504,-0.05211746692657471,0.0007258747232938845,-0.1311151683330536,-0.047450363636016846,-0.0033771022112247806,-0.1316378116607666,0.018022358417510986,-0.0030826683045503955,-0.16139277815818787,-0.005876779556274414,0.001729673111704244,-0.14664462208747864,-0.011832058429718018,0.006291667103660359,-0.12798422574996948,-0.007545173168182373,0.005961550038200869,-0.12204131484031677,0.05410194396972656,-0.003396565688881026,-0.14899754524230957,0.029168784618377686,0.0027754158823611874,-0.13683190941810608,0.02357327938079834,0.012554828181755795,-0.121217280626297,0.026676416397094727,0.018514459125590577
0.0,0.0,0.0,-0.02370530366897583,-0.08378875255584717,-0.005397007900874939,-0.0633966326713562,-0.144758939743042,-0.010769702594380703,-0.10053521394729614,-0.1936955451965332,-0.016066885653536644,-0.11389458179473877,-0.2413942813873291,-0.02017698540131363,-0.12945231795310974,-0.08560949563980103,-0.0028731279146185784,-0.1697545051574707,-0.08941501379013062,-0.007280272066246596,-0.1476261019706726,-0.08883237838745117,-0.013657000016074505,-0.1246383786201477,-0.08661246299743652,-0.01776290043036255,-0.13357406854629517,-0.030357778072357178,-0.003111756274130073,-0.1686663031578064,-0.04363435506820679,-0.000524515095285949,-0.14935815334320068,-0.04793602228164673,-0.002433077765282121,-0.1286218762397766,-0.04605025053024292,-0.006970770757298794,-0.1286792755126953,0.016316533088684082,-0.0035216951348147063,-0.15996789932250977,-0.00442427396774292,-0.0009449202754794328,-0.14659377932548523,-0.01006537675857544,0.003273495372731361,-0.1282748281955719,-0.006725192070007324,0.003545232948262367,-0.12006956338882446,0.05207473039627075,-0.004374009191643324,-0.14972436428070068,0.027746260166168213,1.6741758180671695e-05,-0.1390300989151001,0.022610366344451904,0.009607551519174251,-0.12344464659690857,0.025633692741394043,0.01606750385125366
0.0,0.0,0.0,-0.019668281078338623,-0.08212417364120483,-0.007078359855523075,-0.05897367000579834,-0.14497113227844238,-0.012870539931764569,-0.09798234701156616,-0.19246602058410645,-0.018209755441358055,-0.11081981658935547,-0.24148768186569214,-0.022420773303320374,-0.1255210041999817,-0.08667242527008057,-0.00616991801392075,-0.1664983332157135,-0.09034311771392822,-0.011251913404276337,-0.144295334815979,-0.08938741683959961,-0.017488084754159416,-0.12093779444694519,-0.0873979926109314,-0.021486284231951203,-0.12958699464797974,-0.03241574764251709,-0.0055987737348282,-0.16469255089759827,-0.04453080892562866,-0.003472295377587642,-0.14543986320495605,-0.048932433128356934,-0.004842990098705258,-0.12469619512557983,-0.04708266258239746,-0.009011112174203362,-0.12475565075874329,0.013090729713439941,-0.005262294339200224,-0.15548884868621826,-0.005660653114318848,-0.0032415800003313677,-0.14114749431610107,-0.011533081531524658,0.0010780000386780841,-0.12230721116065979,-0.008865714073181152,0.0014111976863837583,-0.11607825756072998,0.04881405830383301,-0.005485921187510456,-0.14583641290664673,0.026385843753814697,-0.0018354396076851742,-0.13497328758239746,0.019972920417785645,0.007170903941432272,-0.11942324042320251,0.021530091762542725,0.013228865319678818
0.0,0.0,0.0,-0.016020655632019043,-0.08528649806976318,-0.006407224592084759,-0.057812631130218506,-0.14733028411865234,-0.010444866512234086,-0.09651678800582886,-0.194433331489563,-0.013746720757598752,-0.10775822401046753,-0.2435021996498108,-0.015848423373217457,-0.12041816115379333,-0.08566045761108398,-0.004617155548448437,-0.16096818447113037,-0.09090965986251831,-0.007528903447354907,-0.14020735025405884,-0.09189420938491821,-0.011871039886290902,-0.11766389012336731,-0.0899733304977417,-0.01472224576425063,-0.12617158889770508,-0.033215224742889404,-0.003181881057361835,-0.15898030996322632,-0.04401862621307373,0.0012957680548701944,-0.1404794156551361,-0.050747036933898926,0.0006186801285643639,-0.12097007036209106,-0.050222694873809814,-0.003534573382030004,-0.12221458554267883,0.01038748025894165,-0.0018302051073710857,-0.15121468901634216,-0.006951868534088135,0.002681365916242129,-0.13768038153648376,-0.014827072620391846,0.006777841578905708,-0.1204080581665039,-0.013547718524932861,0.006188415437673456,-0.11395686864852905,0.04328429698944092,-0.0009846399959947405,-0.14148199558258057,0.024470031261444092,0.004271608758454448,-0.13071617484092712,0.017628848552703857,0.0128781068881203,-0.11558189988136292,0.018947482109069824,0.018125404584889537
0.0,0.0,0.0,-0.01636803150177002,-0.08349525928497314,-0.0071702739831067674,-0.05701810121536255,-0.14566892385482788,-0.011763600227610027,-0.09563881158828735,-0.1925644874572754,-0.015789004569128906,-0.10537329316139221,-0.24211639165878296,-0.018574053948000824,-0.1212039589881897,-0.08359992504119873,-0.004032679894194757,-0.16111043095588684,-0.08699268102645874,-0.008134026606754219,-0.14115595817565918,-0.08640176057815552,-0.013347842325643455,-0.11946803331375122,-0.08604872226715088,-0.016852524657920753,-0.12602683901786804,-0.028977930545806885,-0.0031156247157611006,-0.16013860702514648,-0.04062706232070923,-0.00014462488140054575,-0.14210665225982666,-0.0443035364151001,-0.0011091142103083484,-0.12317529320716858,-0.04383498430252075,-0.00504531857110635,-0.1206173300743103,0.015758752822875977,-0.0026306831885136717,-0.14846625924110413,-0.0035364627838134766,-0.00011308464560499942,-0.1356930434703827,-0.009088218212127686,0.0037852259676895983,-0.11927193403244019,-0.00745922327041626,0.003646032358332718,-0.11129739880561829,0.04979991912841797,-0.0027037328716374986,-0.13775241374969482,0.029131948947906494,0.0014225162424139626,-0.12724637985229492,0.02427583932876587,0.009994281860812748,-0.11296814680099487,0.025562584400177002,0.015430827098711575
0.0,0.0,0.0,-0.012940943241119385,-0.08079349994659424,-0.009457231186246418,-0.05595308542251587,-0.1433718204498291,-0.014390665724789642,-0.09452736377716064,-0.18984955549240112,-0.01783600418261244,-0.10385197401046753,-0.23918378353118896,-0.020036102890884422,-0.11675989627838135,-0.07704424858093262,-0.007765046939169906,-0.16017013788223267,-0.08522260189056396,-0.011538374856030487,-0.14164891839027405,-0.09016609191894531,-0.015551601223563694,-0.12018740177154541,-0.09161555767059326,-0.01797340592733576,-0.12348109483718872,-0.02340906858444214,-0.004892335891639732,-0.15975233912467957,-0.03885149955749512,-0.0008839035070593582,-0.14324674010276794,-0.046891093254089355,-0.0006496332133281157,-0.1249265968799591,-0.046835243701934814,-0.003881693271836184,-0.11921590566635132,0.020299196243286133,-0.0025988823398108707,-0.14970862865447998,-0.002650737762451172,0.0013681632337068095,-0.13794559240341187,-0.012006700038909912,0.004886905044401146,-0.12201336026191711,-0.01198488473892212,0.004090279188091017,-0.11038309335708618,0.05165135860443115,-0.001013597276909195,-0.13970008492469788,0.029527783393859863,0.0038112887051795497,-0.13066279888153076,0.022145748138427734,0.011289565205657937,-0.1172545850276947,0.022473275661468506,0.015499496214175679
0.0,0.0,0.0,-0.01397329568862915,-0.08076035976409912,-0.00933577021565668,-0.054102420806884766,-0.14250266551971436,-0.014627790022458953,-0.09253191947937012,-0.18962228298187256,-0.018561101462509555,-0.10463443398475647,-0.23910248279571533,-0.021136767174866122,-0.11918646097183228,-0.07941854000091553,-0.004332736078467292,-0.16097232699394226,-0.08585488796234131,-0.005019918959405345,-0.14413413405418396,-0.088298499584198,-0.007501332033243102,-0.12344047427177429,-0.08915096521377563,-0.009406836647357864,-0.125151127576828,-0.027428150177001953,-0.0009559664198235396,-0.16026148200035095,-0.04095655679702759,0.0058470285126901445,-0.1452435553073883,-0.0479353666305542,0.006278479527864533,-0.1264616847038269,-0.0480647087097168,0.002662634533081132,-0.1207103431224823,0.015165150165557861,0.0020281046723908958,-0.14985278248786926,-0.0057239532470703125,0.008200533744130212,-0.13870149850845337,-0.013795316219329834,0.011393360849652368,-0.12236854434013367,-0.013315320014953613,0.009839709904227334,-0.11214286088943481,0.046118855476379395,0.004276362303826886,-0.139195054769516,0.024945557117462158,0.010239701774153787,-0.13066118955612183,0.018086493015289307,0.017484736684892255,-0.1173420250415802,0.018312156200408936,0.021380786840055066
0.0,0.0,0.0,-0.03999984264373779,-0.0920121967792511,0.005041938580745864,-0.08157587051391602,-0.15309181809425354,3.8942838784805645e-05,-0.12508457899093628,-0.20490378141403198,-0.0077284231519456625,-0.1416553258895874,-0.2578015774488449,-0.016230404536997867,-0.1577204167842865,-0.08642813563346863,-0.0025128158012535096,-0.18175703287124634,-0.09412595629692078,-0.007729189164763284,-0.15491729974746704,-0.08894273638725281,-0.01703330145386417,-0.1293882131576538,-0.08205604553222656,-0.023507075544273448,-0.1655675172805786,-0.02498343586921692,-0.009407011952077937,-0.18551304936408997,-0.045445531606674194,-0.006928615897720647,-0.16353875398635864,-0.0494866669178009,-0.011063032012259555,-0.13617372512817383,-0.04496985673904419,-0.0181470012029763,-0.16071340441703796,0.026508957147598267,-0.01454358657059629,-0.18106824159622192,0.007005810737609863,-0.012408033173358035,-0.15939825773239136,0.004638671875,-0.008430607776915622,-0.13016557693481445,0.010110437870025635,-0.00906046123412807,-0.15195590257644653,0.0666094422340393,-0.019224792878901553,-0.17915672063827515,0.05390441417694092,-0.015867274414574695,-0.16492611169815063,0.05283665657043457,-0.005430490404194188,-0.14425209164619446,0.05574244260787964,0.0017836069019381284
0.0,0.0,0.0,-0.040925800800323486,-0.09332099556922913,-0.00022138794076198565,-0.08731812238693237,-0.15366271138191223,-0.00564804023371579,-0.13190114498138428,-0.20676299929618835,-0.012835423948779123,-0.1441836953163147,-0.26545198261737823,-0.02065483249963762,-0.17004764080047607,-0.07701244950294495,0.001441977431461794,-0.19501248002052307,-0.07830935716629028,-0.0020904455078536444,-0.17560148239135742,-0.07469457387924194,-0.011562455932214277,-0.15768778324127197,-0.06996375322341919,-0.018731344046607035,-0.1711476445198059,-0.011776447296142578,-0.002999088980793374,-0.20127266645431519,-0.025866180658340454,-0.00318879193866195,-0.18784359097480774,-0.03521957993507385,-0.011612263063504713,-0.1656475067138672,-0.03731098771095276,-0.020958913045539873,-0.1624436378479004,0.03726068139076233,-0.006203198360815065,-0.19525793194770813,0.02290204167366028,-0.00570455242188217,-0.1854049265384674,0.017514407634735107,-0.004418662304594534,-0.16384947299957275,0.017636805772781372,-0.0061954767653489284,-0.150617778301239,0.07274091243743896,-0.009469836505665796,-0.18410325050354004,0.06299251317977905,-0.005861603210284727,-0.1799095869064331,0.05859076976776123,0.00399048996849416,-0.16850721836090088,0.05676215887069702,0.010724204105720503
0.0,0.0,0.0,-0.03822183609008789,-0.09310510754585266,-0.0005264226467005528,-0.08306437730789185,-0.15494081377983093,-0.007624331000599227,-0.12594616413116455,-0.21026694774627686,-0.01659748943090733,-0.13551253080368042,-0.2698453515768051,-0.02692192660212811,-0.16202843189239502,-0.07959422469139099,-0.008970012492838464,-0.17418920993804932,-0.06926080584526062,-0.01788242959916886,-0.14954352378845215,-0.05957487225532532,-0.029529540404084287,-0.12807679176330566,-0.053912192583084106,-0.037694162293675504,-0.16331684589385986,-0.012623846530914307,-0.014925255044701657,-0.18041467666625977,-0.01828661561012268,-0.01992373967111405,-0.15876781940460205,-0.023448526859283447,-0.027184371441009603,-0.1319596767425537,-0.02494823932647705,-0.035069985851052365,-0.1545688509941101,0.03919196128845215,-0.019272655784490667,-0.1725255846977234,0.03242936730384827,-0.0252268915766507,-0.14942365884780884,0.033096373081207275,-0.02349329793393906,-0.12060874700546265,0.03572589159011841,-0.02335030080318745,-0.14329767227172852,0.07810389995574951,-0.023392974003556333,-0.1638697385787964,0.07432711124420166,-0.026344208582642636,-0.1462029218673706,0.07428407669067383,-0.01782192529678639,-0.12488728761672974,0.07364332675933838,-0.010570450290444455
0.0,0.0,0.0,-0.031028807163238525,-0.0959344208240509,-0.002442200148266238,-0.07664358615875244,-0.1631777584552765,-0.007656254751395863,-0.11936700344085693,-0.21955633163452148,-0.014755635002416057,-0.1267467737197876,-0.28054486215114594,-0.022927634829443377,-0.1675180196762085,-0.09725400805473328,0.003546269199091512,-0.2163885235786438,-0.1209179162979126,0.0037956876291218578,-0.22420674562454224,-0.13042709231376648,-0.0018201138049107612,-0.22650903463363647,-0.13646307587623596,-0.007986437009435576,-0.1723802089691162,-0.03234517574310303,-0.00037691378781801177,-0.20884203910827637,-0.053298354148864746,0.0014886261739093243,-0.20237386226654053,-0.06495600938796997,-0.004144984708887023,-0.18888217210769653,-0.07080364227294922,-0.011258245857220572,-0.16509056091308594,0.021443456411361694,-0.0036046239005145253,-0.19803285598754883,0.0038802921772003174,-0.0025970520840701283,-0.1889936923980713,-0.003317326307296753,0.0004883999314415632,-0.17063426971435547,-0.005386024713516235,0.00011879947453508066,-0.15282034873962402,0.06324425339698792,-0.007299621535253209,-0.18487364053726196,0.052033841609954834,-0.004874012844425124,-0.17885518074035645,0.04683348536491394,0.00391732860191496,-0.16483092308044434,0.04485407471656799,0.01033039070500763
0.0,0.0,0.0,-0.03816300630569458,-0.0975511372089386,-0.002699968249277873,-0.08240306377410889,-0.1616988480091095,-0.008287051769645615,-0.1230238676071167,-0.2157531976699829,-0.015075714404435558,-0.13426101207733154,-0.2721256613731384,-0.0214918154130892,-0.16897642612457275,-0.08637282252311707,-0.0032737816988692714,-0.20172768831253052,-0.1228705644607544,-0.003271116719322009,-0.18276244401931763,-0.13203728199005127,-0.007611654310228033,-0.16234874725341797,-0.13140612840652466,-0.012184909621925755,-0.17090928554534912,-0.024177491664886475,-0.005533078762443466,-0.19000554084777832,-0.06329450011253357,-0.0006039741171726121,-0.17032897472381592,-0.07579842209815979,-0.002952634899617834,-0.145766019821167,-0.0738319456577301,-0.009082340712399883,-0.15976709127426147,0.02528911828994751,-0.006973080414088173,-0.17767620086669922,-0.011136531829833984,-0.0033567134130016996,-0.15936428308486938,-0.01898247003555298,-0.00020701249441756886,-0.1338137984275818,-0.0131930410861969,-0.0017217290193975998,-0.14545154571533203,0.06100773811340332,-0.008684340010137959,-0.165260910987854,0.0353999137878418,-0.005209893065245552,-0.15084165334701538,0.028721481561660767,0.002847543840555744,-0.1303843855857849,0.030117273330688477,0.008138734770266609
0.0,0.0,0.0,-0.043632686138153076,-0.09620130062103271,0.0024243577578175746,-0.09102600812911987,-0.15891537070274353,-0.0013899350809793987,-0.13212382793426514,-0.21532656252384186,-0.008356041441757611,-0.14332711696624756,-0.27373647689819336,-0.0154559464930486,-0.1757596731185913,-0.0848264992237091,0.009670357053082057,-0.2169148325920105,-0.11981874704360962,0.011151533407073089,-0.20162397623062134,-0.13448363542556763,0.005510391966353723,-0.18432140350341797,-0.13935932517051697,2.8426612161069897e-05,-0.17649036645889282,-0.023944973945617676,0.0046030416348088465,-0.20846575498580933,-0.06539148092269897,0.011059299875896045,-0.19273030757904053,-0.0837821364402771,0.007172547579656907,-0.1698448657989502,-0.08592584729194641,8.07169277408093e-05,-0.16509419679641724,0.02401512861251831,0.00010545393944028092,-0.19295459985733032,-0.016509205102920532,0.00725101523185856,-0.17707109451293945,-0.028803467750549316,0.011298719626765319,-0.15277040004730225,-0.0261152982711792,0.00969432743350751,-0.1507493257522583,0.05838260054588318,-0.004685494749892882,-0.17800390720367432,0.030789464712142944,0.0033333427933115445,-0.16603142023086548,0.021031737327575684,0.013975115326147147,-0.1470261812210083,0.021754026412963867,0.020369284619491168
0.0,0.0,0.0,-0.037631213665008545,-0.089286208152771,-0.0052143196924276936,-0.08332574367523193,-0.15285813808441162,-0.011055782565350114,-0.12292593717575073,-0.20760537683963776,-0.018538550601775228,-0.13244658708572388,-0.26414451003074646,-0.026225057558590947,-0.1671726107597351,-0.0771949291229248,0.0009244691930092586,-0.19596564769744873,-0.10409799218177795,-0.00031343679872009034,-0.18213140964508057,-0.11531558632850647,-0.007611743302518903,-0.16812443733215332,-0.1226738691329956,-0.014821703673774778,-0.16757577657699585,-0.018814504146575928,-0.0016426962217934715,-0.1814557909965515,-0.0496329665184021,-0.00012154213324322427,-0.16195404529571533,-0.06215062737464905,-0.005659914703542768,-0.13982504606246948,-0.06375977396965027,-0.013038798363382398,-0.1550946831703186,0.027712911367416382,-0.004161945672208844,-0.1675025224685669,-0.0031572282314300537,-0.004086319019521056,-0.1486297845840454,-0.00937679409980774,-0.0026233262731381046,-0.12471902370452881,-0.005476802587509155,-0.004062865988785802,-0.1399337649345398,0.06150946021080017,-0.0073632017126925575,-0.15630793571472168,0.04002654552459717,-0.005814242770398437,-0.14161378145217896,0.035145193338394165,0.0017041585990540398,-0.12184131145477295,0.03643214702606201,0.007099925878023328
0.0,0.0,0.0,0.0387444794178009,-0.041229188442230225,-0.056764608243980774,0.096373051404953,-0.039141952991485596,-0.07915099895981825,0.15183576941490173,-0.027026891708374023,-0.08902976102618254,0.20194467902183533,-0.029531419277191162,-0.09886948205021895,0.15719053149223328,0.04133450984954834,-0.06835720128802336,0.23605814576148987,-0.009062707424163818,-0.08839754946021117,0.2868153750896454,-0.04273742437362671,-0.10460114664820708,0.3235844075679779,-0.06471097469329834,-0.11549294180659331,0.15461918711662292,0.06124711036682129,-0.04499720967797316,0.23823782801628113,0.0080375075340271,-0.061646403739729294,0.2968275845050812,-0.029754221439361572,-0.0755500439503578,0.33734509348869324,-0.06491488218307495,-0.0870491210320381,0.14886364340782166,0.0575067400932312,-0.02382266148416079,0.22660818696022034,0.013306498527526855,-0.04384727961806334,0.2830587327480316,-0.025801897048950195,-0.05880474112419165,0.3217867910861969,-0.056838393211364746,-0.06807747669009245,0.14266768097877502,0.03722411394119263,-0.005723385600873598,0.20662358403205872,0.007266581058502197,-0.024898217985906967,0.2509249746799469,-0.01606529951095581,-0.03524386323479689,0.2794189155101776,-0.03750652074813843,-0.04105295054105795
0.0,0.0,0.0,0.049773067235946655,-0.031655073165893555,-0.026031001087062577,0.11206430196762085,-0.027827918529510498,-0.04354764389597676,0.16651928424835205,-0.023045897483825684,-0.05614152791702054,0.2149113416671753,-0.03601330518722534,-0.07117900493346951,0.14862549304962158,0.05050396919250488,-0.057135174598329286,0.2367762327194214,0.010380268096923828,-0.08299605789386533,0.28895115852355957,-0.02546626329421997,-0.10147729011976026,0.3269164562225342,-0.0532534122467041,-0.11358545961581967,0.13426494598388672,0.06439173221588135,-0.05557690801822446,0.23281222581863403,0.02625119686126709,-0.07832924517595075,0.2926792502403259,-0.016469299793243408,-0.09318625422918103,0.3339272141456604,-0.052412450313568115,-0.10574607047044537,0.11709040403366089,0.05033034086227417,-0.05405429246627591,0.20850986242294312,0.029171288013458252,-0.07967593016826413,0.26843148469924927,-0.007651150226593018,-0.09494435283147595,0.3087395429611206,-0.03869795799255371,-0.10484142097436688,0.10239958763122559,0.016104698181152344,-0.05270328986250661,0.1688460111618042,0.009701371192932129,-0.07814913484060071,0.21413493156433105,-0.0026956796646118164,-0.08965174349748395,0.24676847457885742,-0.015841126441955566,-0.0963887447377374
0.0,0.0,0.0,0.03482159972190857,-0.04506808519363403,-0.051033369068065326,0.0949956476688385,-0.04807502031326294,-0.07422138265148703,0.154575377702713,-0.03446197509765625,-0.08534507713095252,0.20388010144233704,-0.03274369239807129,-0.0959206770993859,0.11729171872138977,0.025738835334777832,-0.08345234653727118,0.20672151446342468,-0.004899144172668457,-0.11154312900082175,0.2644156515598297,-0.03213214874267578,-0.12828097007052008,0.3058144152164459,-0.056216299533843994,-0.13769227525965277,0.11760571599006653,0.05513715744018555,-0.06370686999336783,0.21088990569114685,0.019039034843444824,-0.08837295583263938,0.27197137475013733,-0.01870274543762207,-0.09948407373205725,0.3119949400424957,-0.05418968200683594,-0.10766600332037513,0.11773928999900818,0.060514211654663086,-0.045082906994977634,0.2017691433429718,0.037538230419158936,-0.07265276721493308,0.25966426730155945,0.0003414154052734375,-0.08709296098724906,0.2979649007320404,-0.03524118661880493,-0.09435674807802741,0.1185201108455658,0.050464093685150146,-0.028254640091219585,0.18319907784461975,0.04027837514877319,-0.0524842206277043,0.22854569554328918,0.020449936389923096,-0.06368536016718451,0.2584668695926666,-0.0020342469215393066,-0.06943740955368582
0.0,0.0,0.0,0.036154985427856445,-0.039499640464782715,-0.04738877661222318,0.0948333740234375,-0.04081523418426514,-0.06654832459682325,0.15241068601608276,-0.02955693006515503,-0.0755985970019708,0.20081812143325806,-0.028402328491210938,-0.08387495524877409,0.12303447723388672,0.03397315740585327,-0.05925948492878774,0.20184016227722168,0.007254600524902344,-0.08284262515300611,0.2504081726074219,-0.024933278560638428,-0.0989796737551103,0.28301990032196045,-0.054116249084472656,-0.10756877012246946,0.12135088443756104,0.05930376052856445,-0.040630652975977455,0.20446056127548218,0.026859760284423828,-0.05950385279649595,0.2579704523086548,-0.013390839099884033,-0.07085483468765119,0.291068434715271,-0.05106711387634277,-0.07900609023565153,0.1200372576713562,0.06291055679321289,-0.024643876996577774,0.1957433819770813,0.03934961557388306,-0.04798276669973234,0.24619686603546143,0.0009002685546875,-0.0629703844308267,0.2791869044303894,-0.032451748847961426,-0.0706390137195001,0.11919212341308594,0.05322939157485962,-0.010694064606667553,0.18079638481140137,0.04098445177078247,-0.03148312441700796,0.22043192386627197,0.020082175731658936,-0.04182949982279638,0.24628448486328125,-0.0015579462051391602,-0.04709128610485891
0.0,0.0,0.0,-0.027148425579071045,-0.10698574781417847,-0.007003659856998468,-0.06883031129837036,-0.1755320429801941,-0.014583778110825563,-0.10965782403945923,-0.23064863681793213,-0.021013433588230157,-0.11943554878234863,-0.28585630655288696,-0.024238450927221322,-0.1528499722480774,-0.09213721752166748,-0.010024304044925714,-0.1846175193786621,-0.15596526861190796,-0.0135356127373214,-0.15411537885665894,-0.1584128737449646,-0.017043848065220857,-0.13198500871658325,-0.14294743537902832,-0.01894459734626963,-0.1633031964302063,-0.034526944160461426,-0.007550158081137681,-0.18396806716918945,-0.10297894477844238,-0.00031970232681288735,-0.1589963436126709,-0.11135178804397583,0.002644906510106182,-0.1412147879600525,-0.0985034704208374,-0.0002526880505300255,-0.1593693494796753,0.009516537189483643,-0.004835105509990001,-0.1792202591896057,-0.05548578500747681,0.003338918313822603,-0.15969330072402954,-0.06344258785247803,0.011307918923414206,-0.14074254035949707,-0.049829304218292236,0.01191558362028644,-0.1507354974746704,0.038363873958587646,-0.0027114953934486152,-0.1708027720451355,-0.01285552978515625,0.006307316935128426,-0.1549505591392517,-0.021105587482452393,0.01765033555260942,-0.1378294825553894,-0.012832462787628174,0.02410877821079538
0.0,0.0,0.0,-0.013454258441925049,-0.10129326581954956,-0.013990177155896788,-0.05325037240982056,-0.17536956071853638,-0.02171349556879676,-0.09462690353393555,-0.23331403732299805,-0.026038915233179694,-0.10240262746810913,-0.2913566827774048,-0.027598971815272932,-0.13647907972335815,-0.10239416360855103,-0.019071379990741377,-0.17839103937149048,-0.1460614800453186,-0.023053476901218062,-0.15323007106781006,-0.15257978439331055,-0.024841437430545454,-0.12864530086517334,-0.1471591591835022,-0.025348579825326567,-0.14833104610443115,-0.04465913772583008,-0.012511662521824007,-0.17713892459869385,-0.09896987676620483,-0.009481404290959006,-0.15377044677734375,-0.10862427949905396,-0.007773146813228493,-0.13222193717956543,-0.10075879096984863,-0.00981466317312396,-0.14585983753204346,-0.0015857219696044922,-0.0058004617108551315,-0.16974782943725586,-0.05809319019317627,-0.0029332145000395826,-0.15133821964263916,-0.06686586141586304,0.0018282966106610843,-0.13165956735610962,-0.057966411113739014,0.002175550593570108,-0.13750189542770386,0.02733379602432251,0.00021492844684445345,-0.1602124571800232,-0.021144211292266846,0.002968436025589938,-0.14455604553222656,-0.028250277042388916,0.010143141879275674,-0.12715685367584229,-0.022132039070129395,0.014915284386411543
0.0,0.0,0.0,-0.012133657932281494,-0.10107254981994629,-0.011959632354177074,-0.05154621601104736,-0.1776251196861267,-0.01982081537911995,-0.09212011098861694,-0.23908507823944092,-0.024531135762430267,-0.09850907325744629,-0.2975192070007324,-0.027274763638473587,-0.12610918283462524,-0.11141538619995117,-0.021730529571271973,-0.17791497707366943,-0.1536959409713745,-0.025127998048759537,-0.1589711308479309,-0.1615126132965088,-0.02594777425596817,-0.13734781742095947,-0.1603538990020752,-0.02606849228808983,-0.14007359743118286,-0.05336946249008179,-0.015856201256013946,-0.17323029041290283,-0.10273706912994385,-0.011153751479781704,-0.1495775580406189,-0.11179322004318237,-0.007595274558610754,-0.1266046166419983,-0.10513967275619507,-0.009193636903859215,-0.1407637596130371,-0.007658779621124268,-0.009378274398244457,-0.16793370246887207,-0.05970168113708496,-0.004061843695438938,-0.149084210395813,-0.06813037395477295,0.0027822261132826043,-0.1284949779510498,-0.05992162227630615,0.0034991589297135306,-0.1357477307319641,0.023824870586395264,-0.0035300338252852725,-0.16181212663650513,-0.021886169910430908,0.0012531076014568043,-0.14586800336837769,-0.029026329517364502,0.009783972559176846,-0.1281718611717224,-0.02234750986099243,0.01484398128619091
0.0,0.0,0.0,-0.008971810340881348,-0.09875518083572388,-0.012146098434413943,-0.04866093397140503,-0.17493146657943726,-0.019370164617384944,-0.08977746963500977,-0.23113656044006348,-0.023875640600408587,-0.09886729717254639,-0.2898283004760742,-0.027827864407981906,-0.1263751983642578,-0.1124887466430664,-0.016652809351171527,-0.1742050051689148,-0.15601849555969238,-0.01675138053246883,-0.18489766120910645,-0.18102997541427612,-0.016563665016974483,-0.18667733669281006,-0.19742852449417114,-0.017755027755583797,-0.1414574384689331,-0.05339336395263672,-0.011306058510626826,-0.16838675737380981,-0.10480701923370361,-0.0054613010840967036,-0.1469101905822754,-0.11575579643249512,-0.000558553100518111,-0.1259218454360962,-0.1093822717666626,-0.0010392012889042235,-0.1390618085861206,-0.003150463104248047,-0.005579572531814847,-0.16306829452514648,-0.05745363235473633,0.0001223782776378357,-0.14492183923721313,-0.06776577234268188,0.00736917612380239,-0.12496453523635864,-0.06091111898422241,0.007922814332459893,-0.13095742464065552,0.03414064645767212,-0.0006302885128661728,-0.1514551043510437,-0.008704900741577148,0.003638776124034848,-0.13691312074661255,-0.020167768001556396,0.01049512635222527,-0.12080228328704834,-0.017450571060180664,0.013834863074634995
0.0,0.0,0.0,-0.011498332023620605,-0.05330035090446472,-0.0005889214814978061,-0.036216020584106445,-0.09643369913101196,-0.0033910452627914367,-0.05833059549331665,-0.12999391555786133,-0.006436485215775889,-0.06200110912322998,-0.16396644711494446,-0.009138254333041829,-0.08280009031295776,-0.0686788558959961,-0.0013717567787843166,-0.10746049880981445,-0.06787443161010742,-0.0026358362526970325,-0.09333515167236328,-0.06384286284446716,-0.00554431637351982,-0.07823294401168823,-0.06240984797477722,-0.0077448486124502836,-0.08806031942367554,-0.031363219022750854,-0.0029132779461669145,-0.10873138904571533,-0.037089377641677856,0.000790913821443695,-0.09435528516769409,-0.03544256091117859,0.0012238757910800757,-0.08017843961715698,-0.033047229051589966,-0.0006398472476156769,-0.086234450340271,0.0027540922164916992,-0.0041154039797710595,-0.1031569242477417,-0.007895708084106445,-0.0008886504226701675,-0.09137314558029175,-0.008509159088134766,0.0020960633403284135,-0.07851791381835938,-0.006257474422454834,0.0020653003587050023,-0.08068591356277466,0.030935227870941162,-0.005270914058886689,-0.09474313259124756,0.018099665641784668,-0.0015636703471990643,-0.08414775133132935,0.017025530338287354,0.004595244884736616,-0.07351893186569214,0.018819212913513184,0.008595806662238914
0.0,0.0,0.0,-0.015146315097808838,-0.05247068405151367,0.0019428333005144793,-0.04089075326919556,-0.09534192085266113,-0.0006382082385734122,-0.06343179941177368,-0.13071277737617493,-0.004002692879343073,-0.06742513179779053,-0.16438734531402588,-0.0071741535823584,-0.083720862865448,-0.06873860955238342,-0.0013482139941096705,-0.11235517263412476,-0.06866878271102905,-0.0023404152627826136,-0.09890782833099365,-0.0642470121383667,-0.004309876592063944,-0.08304405212402344,-0.06309577822685242,-0.005631529961878101,-0.087921142578125,-0.03146469593048096,-0.0040090221475601595,-0.11341923475265503,-0.03704845905303955,-0.0001221354207281422,-0.09949696063995361,-0.03528371453285217,0.0014090179436117012,-0.0848243236541748,-0.033641546964645386,0.00031502966589513903,-0.08638644218444824,0.0033999085426330566,-0.006028208651745359,-0.10821211338043213,-0.00663149356842041,-0.0020442688867241543,-0.09653347730636597,-0.00797802209854126,0.0019419640273063976,-0.08270120620727539,-0.006445109844207764,0.002354058666920622,-0.08187985420227051,0.0328519344329834,-0.0077566255379259985,-0.10043787956237793,0.019887208938598633,-0.002832203407937328,-0.08991962671279907,0.017864704132080078,0.004300051132982929,-0.07818949222564697,0.019396662712097168,0.008747363227254112
0.0,0.0,0.0,0.02360856533050537,-0.032430171966552734,-0.021505846675299978,0.056302547454833984,-0.03603643178939819,-0.03009525410439906,0.08639031648635864,-0.026417672634124756,-0.034609884988331174,0.1107872724533081,-0.02321070432662964,-0.038256083648466443,0.07233601808547974,-0.006543874740600586,-0.02741152703370986,0.11626166105270386,-0.0169905424118042,-0.04158112503197131,0.14658737182617188,-0.029702425003051758,-0.05086432866361079,0.1678960919380188,-0.04152947664260864,-0.055680916677975034,0.07072705030441284,0.01328730583190918,-0.020431981455349302,0.11294394731521606,-0.0002720355987548828,-0.03271751202251849,0.14455127716064453,-0.0185890793800354,-0.038725690018200254,0.16540014743804932,-0.03601104021072388,-0.041955635916256284,0.06933975219726562,0.023732781410217285,-0.015082093920373296,0.10772091150283813,0.012868523597717285,-0.02861685029771266,0.13505738973617554,-0.0067757368087768555,-0.034232751499676084,0.1535981297492981,-0.024791717529296875,-0.03571704871561465,0.06774085760116577,0.02747666835784912,-0.01096068791654048,0.10077351331710815,0.020609557628631592,-0.022270916994475698,0.12286657094955444,0.008115410804748535,-0.025761499102973318,0.13796603679656982,-0.004873514175415039,-0.02624875776078639
0.0,0.0,0.0,0.020049095153808594,-0.03653746843338013,-0.02147024069917336,0.053198039531707764,-0.04969722032546997,-0.03173959200275078,0.0829305648803711,-0.046947598457336426,-0.03693328370344773,0.10496222972869873,-0.04766649007797241,-0.04127803389918938,0.06428450345993042,-0.013742506504058838,-0.0396683061589016,0.11184459924697876,-0.01642608642578125,-0.05423299168241158,0.14192253351211548,-0.02878260612487793,-0.062088127629877476,0.1638178825378418,-0.039108216762542725,-0.06608113591563836,0.06604528427124023,0.01040196418762207,-0.03257226143968239,0.12006264925003052,-0.0013772845268249512,-0.046520001636864095,0.15946030616760254,-0.020466744899749756,-0.05209268574607506,0.1876121163368225,-0.037139296531677246,-0.05512894262564316,0.06857872009277344,0.023462355136871338,-0.02575607170355454,0.1161080002784729,0.011786162853240967,-0.0389244997967495,0.14827150106430054,-0.00828462839126587,-0.043991036163689046,0.17085939645767212,-0.027521610260009766,-0.04561772887599602,0.07038122415542603,0.02804630994796753,-0.01992452834737435,0.10640347003936768,0.018729805946350098,-0.031396746086002736,0.130695641040802,0.004651427268981934,-0.03512135838163033,0.14810550212860107,-0.009054899215698242,-0.035901288883806615
0.0,0.0,0.0,0.02149564027786255,-0.03895413875579834,-0.024599520058895763,0.0553775429725647,-0.05227106809616089,-0.03715624430921238,0.08824366331100464,-0.04694491624832153,-0.04410599315312069,0.11269831657409668,-0.04635995626449585,-0.05014896163489979,0.06838840246200562,-0.01862931251525879,-0.04565939822938603,0.12134766578674316,-0.028627395629882812,-0.06369071597006482,0.15582197904586792,-0.04380530118942261,-0.07339151346829098,0.180087149143219,-0.05655580759048462,-0.07804760480072659,0.06968247890472412,0.007739007472991943,-0.037159969599510845,0.12600409984588623,-0.007618427276611328,-0.05273198479559582,0.1654323935508728,-0.030358731746673584,-0.05804832422878903,0.19038361310958862,-0.05045628547668457,-0.060599503608013805,0.07097107172012329,0.02227085828781128,-0.029089819209243473,0.12004244327545166,0.004619002342224121,-0.044319903047348674,0.15292632579803467,-0.020616650581359863,-0.049075362773205455,0.17302638292312622,-0.042459845542907715,-0.04983875298645657,0.07143330574035645,0.02800387144088745,-0.022067503572966274,0.11137545108795166,0.012143373489379883,-0.03423875340964955,0.1372508406639099,-0.006371140480041504,-0.03716315472271603,0.15337663888931274,-0.023575961589813232,-0.037078907282616314
0.0,0.0,0.0,-0.015433430671691895,-0.0527721643447876,0.0017691445479357526,-0.04140549898147583,-0.09472233057022095,-0.0007815242336874917,-0.0640268325805664,-0.1293589174747467,-0.004099140764381559,-0.06855744123458862,-0.16248780488967896,-0.00728873431792465,-0.08493912220001221,-0.0673571527004242,-0.0012718960700368598,-0.11393243074417114,-0.06547439098358154,-0.002547582966442974,-0.10082924365997314,-0.060845375061035156,-0.005277595372106703,-0.08532577753067017,-0.05985268950462341,-0.007140573934819372,-0.08905833959579468,-0.030321478843688965,-0.003786791005339296,-0.11380660533905029,-0.03505045175552368,-8.74132213368739e-06,-0.10044187307357788,-0.033122241497039795,0.0009138894326241598,-0.08586066961288452,-0.03175675868988037,-0.0005051016399448827,-0.08746016025543213,0.004135012626647949,-0.005646557902153404,-0.10734152793884277,-0.005737662315368652,-0.001269493839870961,-0.09668213129043579,-0.006551504135131836,0.0023940767802486107,-0.08342725038528442,-0.005125820636749268,0.0025942068256625817,-0.08299708366394043,0.0331650972366333,-0.007307573110963972,-0.09966808557510376,0.020313501358032227,-0.0019154511449670508,-0.09012848138809204,0.018323838710784912,0.0050752541225591585,-0.0792548656463623,0.019166409969329834,0.009486533346418469
0.0,0.0,0.0,0.022199034690856934,-0.04239541292190552,-0.01996893534492017,0.05685955286026001,-0.054401516914367676,-0.030075469110713016,0.08889442682266235,-0.04737740755081177,-0.035686367247805606,0.11419135332107544,-0.04580265283584595,-0.04083335870932103,0.0685320496559143,-0.02005898952484131,-0.03977885941098691,0.1177666187286377,-0.029520928859710693,-0.05564419278930188,0.14960157871246338,-0.0438801646232605,-0.06460383633206845,0.17284423112869263,-0.05549502372741699,-0.06945663789342404,0.06839019060134888,0.008401334285736084,-0.034148429576859485,0.12266278266906738,-0.009311199188232422,-0.04801439965198995,0.16018301248550415,-0.031094253063201904,-0.053345968071923267,0.185305655002594,-0.04999589920043945,-0.05656562844346524,0.06801986694335938,0.025301992893218994,-0.028718725834593783,0.11690747737884521,0.006730139255523682,-0.041755640004382144,0.14801406860351562,-0.01714622974395752,-0.04521961608956815,0.16840684413909912,-0.03827047348022461,-0.04606354335378171,0.06679368019104004,0.03259938955307007,-0.02423740090857507,0.10555911064147949,0.015240490436553955,-0.03560238802860738,0.1294674277305603,-0.003222167491912842,-0.03801475564073087,0.1450088620185852,-0.01953887939453125,-0.03791855001877309
0.0,0.0,0.0,0.02402794361114502,-0.022714674472808838,-0.025058851362306234,0.0584678053855896,-0.022759556770324707,-0.03268284981055891,0.08996373414993286,-0.0169755220413208,-0.035378365562397596,0.11518776416778564,-0.015497744083404541,-0.03688108061357176,0.07592189311981201,0.00360715389251709,-0.020281652704912778,0.11744493246078491,-0.008782684803009033,-0.030678595201212522,0.14622831344604492,-0.024227797985076904,-0.03904417787595427,0.16681700944900513,-0.03716474771499634,-0.044050882355410215,0.07362192869186401,0.016011714935302734,-0.01053518128498232,0.11558055877685547,-0.0003426671028137207,-0.020381475583750364,0.14849519729614258,-0.020168781280517578,-0.02795830068095362,0.17218458652496338,-0.03789466619491577,-0.03262622912331259,0.07133525609970093,0.019665122032165527,-0.003058392805147525,0.10981142520904541,0.007899463176727295,-0.014032859140175935,0.13763397932052612,-0.012498974800109863,-0.020599896804529783,0.15782088041305542,-0.029792487621307373,-0.023218341888028737,0.06938093900680542,0.017359375953674316,0.002650352409940604,0.10173451900482178,0.009811937808990479,-0.007578366686690208,0.12376004457473755,-0.0028116703033447266,-0.012032050424355623,0.13982385396957397,-0.014530420303344727,-0.013359482185083982
0.0,0.0,0.0,-0.0008236169815063477,-0.03253072500228882,-0.04632460078476974,0.015288233757019043,-0.04179257154464722,-0.07058921208857605,0.04348611831665039,-0.036032915115356445,-0.0871058826732547,0.07547634840011597,-0.04162389039993286,-0.10229643186806747,0.07853978872299194,-0.013716638088226318,-0.05775202935813972,0.12271887063980103,-0.045755207538604736,-0.08279686918734619,0.15073025226593018,-0.06345546245574951,-0.10030500343321869,0.17541372776031494,-0.07473105192184448,-0.11196943870066711,0.09304332733154297,0.004355967044830322,-0.04372420287012169,0.14314287900924683,-0.03130418062210083,-0.06753992786883423,0.17622172832489014,-0.05413973331451416,-0.08228280147790024,0.20365393161773682,-0.07201963663101196,-0.0926259209799678,0.10036963224411011,0.014875829219818115,-0.03262282287954399,0.14633506536483765,-0.013688325881958008,-0.05267124375580856,0.17767232656478882,-0.03229475021362305,-0.06306306770323822,0.20486068725585938,-0.04639095067977905,-0.06971554210661957,0.10295093059539795,0.018652737140655518,-0.025097566975942343,0.13840824365615845,0.0028527379035949707,-0.04052132493137428,0.1631367802619934,-0.00673830509185791,-0.0482451294946582,0.184492826461792,-0.013906121253967285,-0.053161693124762266
0.0,0.0,0.0,-0.005808234214782715,-0.07826679944992065,-0.0032160048764211524,-0.035427629947662354,-0.13194173574447632,-0.006450753372163831,-0.06337517499923706,-0.16860538721084595,-0.009680694147945701,-0.0638425350189209,-0.2020413875579834,-0.01284524630010253,-0.0988854169845581,-0.0979430079460144,-0.005165073268116771,-0.0904545783996582,-0.10962265729904175,-0.008652700290085136,-0.068911612033844,-0.09967529773712158,-0.014890925206245242,-0.05783259868621826,-0.08748853206634521,-0.02001557982713109,-0.10776782035827637,-0.052056849002838135,-0.006288774956018983,-0.09478014707565308,-0.07152038812637329,-0.002578832387925445,-0.07463181018829346,-0.06688594818115234,-0.004854161471129714,-0.06391727924346924,-0.05505037307739258,-0.010922121062876045,-0.10423046350479126,-0.011838674545288086,-0.006873350769282638,-0.09497106075286865,-0.034125328063964844,-0.005064263187350093,-0.07820063829421997,-0.031752049922943115,-0.0038569585345697988,-0.06777364015579224,-0.020110368728637695,-0.006528645001353084,-0.0961909294128418,0.021041274070739746,-0.0076357933618140805,-0.08923500776290894,0.0009365677833557129,-0.0056451160386217225,-0.07483410835266113,0.0013356208801269531,-0.0004627666827303756,-0.06671833992004395,0.00974726676940918,0.0019857020191835772
0.0,0.0,0.0,-0.0034219026565551758,-0.07206660509109497,-0.008174077796290646,-0.032668232917785645,-0.12293308973312378,-0.012804516779731046,-0.06242859363555908,-0.15822318196296692,-0.01642221044982506,-0.06442886590957642,-0.19482848048210144,-0.019914198855410348,-0.09753131866455078,-0.0878143310546875,-0.007003820689867268,-0.08879804611206055,-0.09426093101501465,-0.010588525051723252,-0.06646734476089478,-0.08498668670654297,-0.017500503177295457,-0.05437880754470825,-0.07470703125,-0.023469994033227692,-0.10359376668930054,-0.04066359996795654,-0.006308387222240697,-0.09036403894424438,-0.05365020036697388,-0.0034348594048125847,-0.06922036409378052,-0.0503658652305603,-0.00745474519441558,-0.057943880558013916,-0.041731953620910645,-0.014794711212168465,-0.09686893224716187,-0.000573575496673584,-0.005620036928455363,-0.08696222305297852,-0.015044569969177246,-0.0063775705196960075,-0.06957858800888062,-0.01527249813079834,-0.007555633040617238,-0.05833989381790161,-0.008058905601501465,-0.011344329642604123,-0.08642983436584473,0.03053992986679077,-0.0053434667200846775,-0.07860749959945679,0.018527567386627197,-0.005937109424273501,-0.06311249732971191,0.017689645290374756,-0.0025296601955844267,-0.05281937122344971,0.0216788649559021,-0.0011365047679348095
0.0,0.0,0.0,-0.003555774688720703,-0.07551050186157227,-0.004286119586780046,-0.03195840120315552,-0.13098299503326416,-0.006269768684163068,-0.05866527557373047,-0.1706993281841278,-0.00752426671142814,-0.05978482961654663,-0.2058177888393402,-0.008813741023644184,-0.09418302774429321,-0.10470151901245117,-0.005743231496765588,-0.08551579713821411,-0.10907196998596191,-0.005740153009995197,-0.06404721736907959,-0.0976938009262085,-0.009112314659162735,-0.05281329154968262,-0.08786368370056152,-0.012951588596209263,-0.1015748381614685,-0.058768272399902344,-0.00618906213249204,-0.08664137125015259,-0.06701678037643433,0.00013463351596953999,-0.06592470407485962,-0.0603824257850647,-0.0019229620117613422,-0.05603295564651489,-0.051089465618133545,-0.008762995119198536,-0.09623187780380249,-0.017170608043670654,-0.005920268001958107,-0.0856204628944397,-0.02604055404663086,-0.004091093654736255,-0.0680922269821167,-0.024039804935455322,-0.004371060862197851,-0.058346331119537354,-0.01605069637298584,-0.008362813259466861,-0.08676445484161377,0.01675623655319214,-0.00565205548237202,-0.07875275611877441,0.009596407413482666,-0.0047363330265426384,-0.0635337233543396,0.010151922702789307,-0.000542939745812987,-0.05509674549102783,0.015102565288543701,0.0009277265747158481
0.0,0.0,0.0,-0.02072805166244507,-0.05717456340789795,0.0013830981554718846,-0.05206751823425293,-0.10655319690704346,-0.0023837346013380056,-0.08072227239608765,-0.14761406183242798,-0.007094564185265995,-0.08765584230422974,-0.18706393241882324,-0.012356902275953985,-0.08181208372116089,-0.0768325924873352,-0.010524414283011652,-0.13305062055587769,-0.07887935638427734,-0.01538872512874434,-0.1316351294517517,-0.07536286115646362,-0.01755941825804541,-0.1225385069847107,-0.07425153255462646,-0.018480455306146837,-0.0853838324546814,-0.039001286029815674,-0.014212449815843797,-0.13274788856506348,-0.04529011249542236,-0.015197703418110109,-0.1224556565284729,-0.04350632429122925,-0.01345051991638968,-0.10645973682403564,-0.042643606662750244,-0.01397511995283196,-0.08514541387557983,-0.0046422481536865234,-0.016834031593774057,-0.1272639036178589,-0.01570647954940796,-0.016852319043849207,-0.11712217330932617,-0.015694856643676758,-0.009920736578081346,-0.10093265771865845,-0.014219284057617188,-0.006835050218526817,-0.0838998556137085,0.02575242519378662,-0.019196390908930994,-0.11989593505859375,0.010256409645080566,-0.017540903565262056,-0.11280149221420288,0.007712900638580322,-0.009370072548065878,-0.09985977411270142,0.009021997451782227,-0.0039008406817657715
0.0,0.0,0.0,-0.023510515689849854,-0.059290170669555664,0.0019359891082473268,-0.05401724576950073,-0.10945844650268555,-0.0025187495850644837,-0.08229821920394897,-0.15188664197921753,-0.008267248537080718,-0.08923077583312988,-0.190047025680542,-0.014541007134752704,-0.08783024549484253,-0.07817322015762329,-0.010507566410737468,-0.1375654935836792,-0.08160865306854248,-0.017294254641669227,-0.12994444370269775,-0.07840150594711304,-0.02162835050715728,-0.1164824366569519,-0.07698410749435425,-0.023604667301910354,-0.09082448482513428,-0.040460407733917236,-0.014907668832378818,-0.137312114238739,-0.049180686473846436,-0.016557205956118537,-0.12584030628204346,-0.04846876859664917,-0.015398818555908633,-0.10934776067733765,-0.04739469289779663,-0.016355144347684814,-0.08979088068008423,-0.00612252950668335,-0.01835797403349204,-0.13093101978302002,-0.019659459590911865,-0.018635988723175956,-0.12001180648803711,-0.020413100719451904,-0.011881783161001636,-0.10342299938201904,-0.018619954586029053,-0.00885470819069667,-0.08744168281555176,0.024288415908813477,-0.021565307419436408,-0.12414902448654175,0.006855487823486328,-0.01955613170160575,-0.11670833826065063,0.004304051399230957,-0.010701531100707484,-0.10328704118728638,0.006654858589172363,-0.00471492532982154
0.0,0.0,0.0,-0.023748457431793213,-0.058995723724365234,0.002368606331813794,-0.053925514221191406,-0.10917872190475464,-0.002562996062394518,-0.08034604787826538,-0.15125435590744019,-0.008798937375601668,-0.0867006778717041,-0.1884835958480835,-0.015346787932273287,-0.08595478534698486,-0.07590043544769287,-0.013451384442802805,-0.13592904806137085,-0.08411198854446411,-0.02281385107612266,-0.1266307830810547,-0.08509743213653564,-0.028322506758328814,-0.11039751768112183,-0.08396798372268677,-0.0303449333337511,-0.08949971199035645,-0.038477540016174316,-0.018470320912953753,-0.1376584768295288,-0.051754772663116455,-0.021269040244575876,-0.12574917078018188,-0.05431473255157471,-0.019769087496158022,-0.10889500379562378,-0.053222715854644775,-0.020483290838953394,-0.08889102935791016,-0.005028724670410156,-0.022584052818771738,-0.1320928931236267,-0.021862566471099854,-0.023638539078589815,-0.12151652574539185,-0.024900734424591064,-0.01619977137720241,-0.1054147481918335,-0.02292788028717041,-0.01266391115909471,-0.08699125051498413,0.023847520351409912,-0.026450887384768862,-0.1252683401107788,0.0037373900413513184,-0.024686941939350504,-0.11830461025238037,-0.00018471479415893555,-0.01537803846126451,-0.10560822486877441,0.002984285354614258,-0.0091714282212223
0.0,0.0,0.0,-0.019941985607147217,-0.05919593572616577,0.002351520282864783,-0.04748302698135376,-0.10727065801620483,-0.0016179723407176994,-0.07298433780670166,-0.14835059642791748,-0.007043981759160545,-0.07827448844909668,-0.18679285049438477,-0.012611809952467468,-0.0825040340423584,-0.07930904626846313,-0.005464021416663911,-0.1276777982711792,-0.08253693580627441,-0.01191659534564593,-0.11535441875457764,-0.07971656322479248,-0.016710138714223888,-0.0975838303565979,-0.07814055681228638,-0.01874970348766425,-0.08668172359466553,-0.04254955053329468,-0.009347421882957008,-0.12851285934448242,-0.0506860613822937,-0.009789806625157382,-0.11543786525726318,-0.050278425216674805,-0.00925785100302079,-0.09885239601135254,-0.04953634738922119,-0.010703167712598827,-0.08658730983734131,-0.008869826793670654,-0.012622750198751476,-0.12265819311141968,-0.022054612636566162,-0.01205318590840676,-0.11106657981872559,-0.022780418395996094,-0.006256770642757203,-0.09533309936523438,-0.021088898181915283,-0.003934397196680095,-0.0846409797668457,0.020450234413146973,-0.015624821020573165,-0.1169927716255188,0.001346886157989502,-0.013033560311704662,-0.10773724317550659,-0.0005758404731750488,-0.004569331484198358,-0.09403324127197266,0.002591550350189209,0.0012292877563240268
0.0,0.0,0.0,-0.013480573892593384,-0.04567408561706543,-0.0015766907323726542,-0.04022303223609924,-0.08749911189079285,-0.004606818345246566,-0.06472906470298767,-0.11655282974243164,-0.007573908225504411,-0.07107341289520264,-0.14796343445777893,-0.010504385952708972,-0.07560256123542786,-0.06392699480056763,-0.006363734633533014,-0.10633528232574463,-0.05176812410354614,-0.011005866837558997,-0.09518113732337952,-0.043545544147491455,-0.014357169655022872,-0.08079546689987183,-0.0457802414894104,-0.016407423217652095,-0.07945689558982849,-0.02817016839981079,-0.008474574920592559,-0.1077394187450409,-0.02075737714767456,-0.009463022027967227,-0.09532445669174194,-0.0149422287940979,-0.008904618707356704,-0.08069559931755066,-0.01767963171005249,-0.009858601291535152,-0.07746848464012146,0.004695773124694824,-0.010474279087839378,-0.10258540511131287,0.007511496543884277,-0.012609260653016818,-0.09154537320137024,0.010521292686462402,-0.008932368394789947,-0.0777181088924408,0.008016049861907959,-0.007280134160874141,-0.07273048162460327,0.03332394361495972,-0.012312439766583694,-0.09406635165214539,0.030549228191375732,-0.01311490175580765,-0.08345159888267517,0.0328332781791687,-0.0075943065181949265,-0.07089495658874512,0.03183281421661377,-0.003304521350992573
0.0,0.0,0.0,-0.010483026504516602,-0.044982731342315674,-0.002604197506372863,-0.03547561168670654,-0.08778107166290283,-0.00565608384138816,-0.05826142430305481,-0.11739128828048706,-0.008563509937887126,-0.0612887442111969,-0.14904659986495972,-0.011443841066722804,-0.07537201046943665,-0.060716092586517334,-0.00427090682140463,-0.10312080383300781,-0.05271649360656738,-0.007537664641206199,-0.09425511956214905,-0.04335892200469971,-0.01074760014242404,-0.0823417603969574,-0.04332631826400757,-0.013100453448061877,-0.07896941900253296,-0.02460777759552002,-0.005728991963480645,-0.10669395327568054,-0.02042829990386963,-0.006143608391796285,-0.09499630331993103,-0.013806700706481934,-0.006489260383461648,-0.08110424876213074,-0.01594066619873047,-0.007854825612668925,-0.07642927765846252,0.0068274736404418945,-0.007125174422328406,-0.10219034552574158,0.006665945053100586,-0.009393891115252906,-0.09107768535614014,0.009089112281799316,-0.007076204084371263,-0.07707709074020386,0.0063397884368896484,-0.0059510029671239195,-0.07063302397727966,0.033164918422698975,-0.008384966087107593,-0.09164288640022278,0.027652263641357422,-0.009584898856048518,-0.08179357647895813,0.02970677614212036,-0.004852328710769349,-0.06939968466758728,0.028828918933868408,-0.0009318796503814397
0.0,0.0,0.0,-0.013867408037185669,-0.0440598726272583,-0.0010986317536918477,-0.03949475288391113,-0.08518463373184204,-0.0038890703470570998,-0.06177428364753723,-0.11664777994155884,-0.006789467752085443,-0.06603625416755676,-0.1478222906589508,-0.0096200462320013,-0.07409819960594177,-0.06143119931221008,-0.004006100807444568,-0.10488525032997131,-0.05444520711898804,-0.007392114017264362,-0.09515789151191711,-0.045943260192871094,-0.010585237283365245,-0.0817444920539856,-0.04582697153091431,-0.0126415910088582,-0.07885712385177612,-0.027242541313171387,-0.005680992256955619,-0.1080332100391388,-0.02351522445678711,-0.005713579233841415,-0.09676966071128845,-0.01705491542816162,-0.005940020538972135,-0.08272337913513184,-0.018265068531036377,-0.00734336999069285,-0.07890620827674866,0.0035170316696166992,-0.007143541693793054,-0.10466670989990234,0.0034503936767578125,-0.007907932613150592,-0.09468844532966614,0.006670534610748291,-0.004806874774502035,-0.08108583092689514,0.005453646183013916,-0.0035307782125784115,-0.07611611485481262,0.03019922971725464,-0.008490374300734516,-0.09801959991455078,0.024013161659240723,-0.007919532235817428,-0.08892679214477539,0.026976406574249268,-0.0023315609322054343,-0.07704249024391174,0.027175307273864746,0.001907530135369484
0.0,0.0,0.0,-0.012135535478591919,-0.04304546117782593,-0.0023418895581208687,-0.03844532370567322,-0.08304533362388611,-0.005169234718888305,-0.05944889783859253,-0.1128101646900177,-0.008301325157045625,-0.06369990110397339,-0.1432965099811554,-0.011412913925706647,-0.06853064894676208,-0.060151636600494385,-0.0049534384307854396,-0.10011604428291321,-0.05153059959411621,-0.01063570288544824,-0.09247758984565735,-0.041914284229278564,-0.014810123495518468,-0.07983112335205078,-0.04137450456619263,-0.01719346737092664,-0.07282426953315735,-0.02724701166152954,-0.007061952274053596,-0.10512766242027283,-0.021967709064483643,-0.009960278883337281,-0.09520977735519409,-0.014416217803955078,-0.01082074550515344,-0.08082488179206848,-0.016295313835144043,-0.011919657714425824,-0.07257470488548279,0.0031437277793884277,-0.00940990076935222,-0.1024867594242096,0.005245983600616455,-0.01358172485208442,-0.09297263622283936,0.008814871311187744,-0.010991851813852094,-0.0786290168762207,0.005358755588531494,-0.009085000507294438,-0.06954550743103027,0.029938995838165283,-0.011707936428248189,-0.09387296438217163,0.026046454906463623,-0.014190488509594701,-0.08565446734428406,0.028728365898132324,-0.009638799369096063,-0.07302084565162659,0.027219116687774658,-0.005586388535558484
0.0,0.0,0.0,-0.013576388359069824,-0.04584169387817383,-0.0011449226051176709,-0.03939768671989441,-0.08504241704940796,-0.004420169197356216,-0.061003267765045166,-0.11485499143600464,-0.008033056777303926,-0.06621310114860535,-0.14553934335708618,-0.011591818217521421,-0.07208630442619324,-0.06324154138565063,-0.00633650602433633,-0.1035725474357605,-0.053551673889160156,-0.011843994293695204,-0.09276273846626282,-0.04698285460472107,-0.01568508430976223,-0.07792097330093384,-0.04876476526260376,-0.017851284738963358,-0.07506424188613892,-0.029265880584716797,-0.008995917659586183,-0.10594114661216736,-0.024679839611053467,-0.01116209387440037,-0.09359690546989441,-0.01955193281173706,-0.011029098216777555,-0.0786750316619873,-0.02183842658996582,-0.01168904084373068,-0.0737403929233551,0.002516448497772217,-0.011570627834981195,-0.1012643575668335,0.0028743743896484375,-0.014455877278333418,-0.09054964780807495,0.005179166793823242,-0.01062580480832409,-0.07669037580490112,0.002638399600982666,-0.008348924141710512,-0.0696096420288086,0.030849218368530273,-0.014018579420035593,-0.09198155999183655,0.02460944652557373,-0.015363445539360754,-0.08197188377380371,0.025974035263061523,-0.009773785282259695,-0.0697685182094574,0.02518773078918457,-0.005142000072037689
0.0,0.0,0.0,-0.011534005403518677,-0.04549229145050049,-0.001748655470365179,-0.0352787971496582,-0.08601436018943787,-0.0050661421979754095,-0.057207316160202026,-0.11547648906707764,-0.00852116641057421,-0.0625649094581604,-0.14635536074638367,-0.011918061193355811,-0.06914171576499939,-0.06404650211334229,-0.006044765249171746,-0.10059341788291931,-0.0552503764629364,-0.010532442260810626,-0.0906457006931305,-0.047473758459091187,-0.013789111528822673,-0.07688304781913757,-0.048735618591308594,-0.015841435421535266,-0.07286697626113892,-0.030548006296157837,-0.007999626700112117,-0.1026010513305664,-0.02553623914718628,-0.009751342948803199,-0.09088107943534851,-0.019499659538269043,-0.009795025702842963,-0.07663723826408386,-0.021876633167266846,-0.010683230836221469,-0.07212555408477783,9.924173355102539e-05,-0.009852940928468001,-0.09788888692855835,0.0021773576736450195,-0.011966435950526488,-0.08738809823989868,0.005081832408905029,-0.008420210112163318,-0.07393249869346619,0.002240896224975586,-0.006559632964709294,-0.06836184859275818,0.02726799249649048,-0.011642352458366645,-0.08882302045822144,0.02463078498840332,-0.012357242185899509,-0.07905206084251404,0.02620875835418701,-0.007221394464650643,-0.0672796368598938,0.024119198322296143,-0.00308126282347132
0.0,0.0,0.0,-0.012898474931716919,-0.0434747040271759,-0.00132110788685047,-0.038295894861221313,-0.08091947436332703,-0.00431558947742694,-0.059657126665115356,-0.11058288812637329,-0.007609462288327151,-0.06382036209106445,-0.1422797441482544,-0.01077804986119979,-0.07217207551002502,-0.06050914525985718,-0.0031660028427165088,-0.1007748544216156,-0.050853461027145386,-0.007602652457661563,-0.09076526761054993,-0.04308527708053589,-0.011303322312540942,-0.07697793841362,-0.0443892776966095,-0.013540486727960044,-0.07562655210494995,-0.02744501829147339,-0.005155319736457997,-0.10382607579231262,-0.02043500542640686,-0.006668230907179051,-0.09209644794464111,-0.014450252056121826,-0.007158547097004586,-0.07798799872398376,-0.01738560199737549,-0.008095599633760386,-0.0746353268623352,0.003592073917388916,-0.007222490307993823,-0.09926247596740723,0.007612049579620361,-0.009318776351518565,-0.08901405334472656,0.010284960269927979,-0.006627808713473016,-0.0758281946182251,0.006646454334259033,-0.0050815864625644025,-0.07056871056556702,0.031017839908599854,-0.00922317702055686,-0.08992788195610046,0.029367029666900635,-0.009615203288502627,-0.08030804991722107,0.03123706579208374,-0.004805514046109849,-0.06871944665908813,0.02928870916366577,-0.0007868126077834603
0.0,0.0,0.0,-0.013675451278686523,-0.04342958331108093,-0.0012068128215325657,-0.03913676738739014,-0.08122161030769348,-0.004078712919930894,-0.061900168657302856,-0.10943886637687683,-0.007307848567347008,-0.06655153632164001,-0.14047366380691528,-0.010329070640931803,-0.07172086834907532,-0.0627322793006897,-0.0013909326169816438,-0.10161763429641724,-0.052269309759140015,-0.0056148387028081,-0.09133076667785645,-0.043738722801208496,-0.009458753420243937,-0.0777481198310852,-0.04519432783126831,-0.01174069955034085,-0.07570192217826843,-0.031228095293045044,-0.0032498435119343583,-0.10329756140708923,-0.02314859628677368,-0.004422617750446278,-0.09150338172912598,-0.016314387321472168,-0.005345978448371369,-0.07809099555015564,-0.018893510103225708,-0.0065988475924534384,-0.07595387101173401,-0.0014624595642089844,-0.005236869352142293,-0.10010910034179688,0.0023166537284851074,-0.006915589003096301,-0.0899503231048584,0.005933821201324463,-0.0044178531041545455,-0.07720884680747986,0.003052234649658203,-0.003022345621342737,-0.0738421082496643,0.025356411933898926,-0.007159208553115803,-0.09436309337615967,0.022886037826538086,-0.007287721289525706,-0.08448883891105652,0.025664985179901123,-0.0023570627907467667,-0.07273659110069275,0.024307072162628174,0.0018526933619575914
0.0,0.0,0.0,-0.015197575092315674,-0.0446564257144928,-0.00020547650109747906,-0.04282236099243164,-0.08114367723464966,-0.0027325192151614885,-0.06480520963668823,-0.10985040664672852,-0.005710220584834502,-0.06812945008277893,-0.14149081707000732,-0.00858341172915189,-0.07561752200126648,-0.06033104658126831,-0.002684976129049943,-0.10363656282424927,-0.04803690314292908,-0.006720485786164687,-0.09250503778457642,-0.041304826736450195,-0.010487649744565175,-0.0779280960559845,-0.04309356212615967,-0.012801611950809644,-0.07904523611068726,-0.02743646502494812,-0.004928728254700587,-0.10479903221130371,-0.01898130774497986,-0.0050863704329380255,-0.0921938419342041,-0.01367977261543274,-0.0051557264907309275,-0.07816249132156372,-0.01666247844696045,-0.00621833062377064,-0.07774832844734192,0.003919839859008789,-0.007085055267626927,-0.09977412223815918,0.007062077522277832,-0.007757569352353499,-0.0890219509601593,0.009293913841247559,-0.004938381878847764,-0.07626485824584961,0.005969047546386719,-0.0038692950421967964,-0.07366573810577393,0.03161746263504028,-0.00910305806081979,-0.09008124470710754,0.02811366319656372,-0.008341591960007833,-0.07965368032455444,0.0293084979057312,-0.0032536796445050697,-0.0684945285320282,0.02802884578704834,0.0006786735228239138
0.0,0.0,0.0,-0.011081814765930176,-0.06614542007446289,0.0013192784930993184,-0.03479200601577759,-0.11544853448867798,-0.00043130404498015196,-0.0574493408203125,-0.14967691898345947,-0.0024298753165226117,-0.06104642152786255,-0.18072903156280518,-0.004583650738425149,-0.09368187189102173,-0.08095765113830566,-0.005673670679755105,-0.0884556770324707,-0.08820492029190063,-0.007455840710974826,-0.06948179006576538,-0.07953494787216187,-0.012274149809456958,-0.057999610900878906,-0.06934285163879395,-0.0164830535691749,-0.10156440734863281,-0.04043388366699219,-0.008436483335174216,-0.09365206956863403,-0.05405706167221069,-0.004096919209189309,-0.07673799991607666,-0.05038052797317505,-0.0049629467580984965,-0.06508487462997437,-0.04173821210861206,-0.009597271684981479,-0.09878808259963989,-0.005590379238128662,-0.00992144365278591,-0.09420973062515259,-0.020522654056549072,-0.007264912132598056,-0.07926708459854126,-0.018721818923950195,-0.004619456366128816,-0.06674540042877197,-0.010844230651855469,-0.005999031015164746,-0.09274327754974365,0.022673368453979492,-0.011225602593697204,-0.09027987718582153,0.009208142757415771,-0.009432967756367816,-0.0757489800453186,0.009940683841705322,-0.003717844378627433,-0.0647689700126648,0.015320122241973877,-0.0003180420067678824
0.0,0.0,0.0,-0.009778618812561035,-0.06717950105667114,-0.0003273405352999248,-0.0329168438911438,-0.11385142803192139,-0.0022635355169811078,-0.056013405323028564,-0.14484339952468872,-0.00448900578049205,-0.060409486293792725,-0.17540836334228516,-0.006669561150197012,-0.09237772226333618,-0.07434916496276855,-0.0019040796949454375,-0.0845596194267273,-0.08258289098739624,-0.0048611729915180035,-0.06434547901153564,-0.0749962329864502,-0.012049343674156887,-0.05299407243728638,-0.0641372799873352,-0.017938460460577232,-0.09917712211608887,-0.03293043375015259,-0.004051477885518295,-0.08864784240722656,-0.04787629842758179,-0.0012275535889827438,-0.0709039568901062,-0.044901251792907715,-0.004596065967056973,-0.05996030569076538,-0.03550976514816284,-0.010515397651765568,-0.09541642665863037,0.0016978979110717773,-0.005512165608529074,-0.08799999952316284,-0.015973925590515137,-0.004328646002981884,-0.0732346773147583,-0.015154123306274414,-0.003502207579735739,-0.06209230422973633,-0.006699085235595703,-0.005550964506987555,-0.08822053670883179,0.02929365634918213,-0.006945939971778614,-0.08277779817581177,0.012213587760925293,-0.006091736028615458,-0.06857794523239136,0.011951446533203125,-0.0014374884820469447,-0.05854380130767822,0.017611801624298096,0.001467394638162034
0.0,0.0,0.0,-0.012508094310760498,-0.0682796835899353,-2.5348110732181794e-05,-0.03717130422592163,-0.11571073532104492,-0.002898364555669275,-0.06251686811447144,-0.150581955909729,-0.006069032004681674,-0.06747061014175415,-0.18349230289459229,-0.008873692708668557,-0.0976751446723938,-0.07677340507507324,-0.0025759069198940665,-0.09322249889373779,-0.09179067611694336,-0.004589423532245007,-0.07165664434432983,-0.08456629514694214,-0.00982803571468338,-0.05946183204650879,-0.07406479120254517,-0.014208691189644185,-0.10356897115707397,-0.03557008504867554,-0.004720778665152636,-0.09557336568832397,-0.05545586347579956,-0.0007609471745055885,-0.07728052139282227,-0.05338263511657715,-0.0024024171238963277,-0.06552505493164062,-0.04419928789138794,-0.007351370057669726,-0.09868049621582031,-0.0009894967079162598,-0.006038154936042872,-0.09420865774154663,-0.021963298320770264,-0.003737138579246846,-0.07912588119506836,-0.021854162216186523,-0.0017523824885685713,-0.06683099269866943,-0.013434290885925293,-0.0033495351622079284,-0.09063589572906494,0.025963187217712402,-0.00721247493719801,-0.08848464488983154,0.008601784706115723,-0.005237944419143048,-0.07434505224227905,0.007913827896118164,0.00037712842959791715,-0.06329584121704102,0.01305389404296875,0.0038199918394710153
0.0,0.0,0.0,-0.013411521911621094,-0.0650789737701416,-0.0002975251582526539,-0.03837716579437256,-0.11234837770462036,-0.0030249210131430004,-0.06302517652511597,-0.14608734846115112,-0.005623047664862213,-0.06689858436584473,-0.17766964435577393,-0.008149105548959312,-0.09678888320922852,-0.07573604583740234,-0.007619316648792562,-0.09226316213607788,-0.08197557926177979,-0.008533207193117676,-0.07251858711242676,-0.07491034269332886,-0.012105766177278099,-0.060472726821899414,-0.06608456373214722,-0.015575771644812164,-0.10338443517684937,-0.03472471237182617,-0.009557104162972507,-0.09521263837814331,-0.048427045345306396,-0.004481056198578415,-0.07822215557098389,-0.04674726724624634,-0.00490037627155715,-0.06648492813110352,-0.03898417949676514,-0.009518345311384735,-0.09934377670288086,0.00027239322662353516,-0.01016865899423891,-0.09448814392089844,-0.015686869621276855,-0.007192884530972776,-0.08000326156616211,-0.015783607959747314,-0.004865308716993866,-0.06771308183670044,-0.008943140506744385,-0.0067190196887665365,-0.09208405017852783,0.028777480125427246,-0.01065257979194456,-0.08953797817230225,0.014001846313476562,-0.008932808838885364,-0.07538461685180664,0.012908458709716797,-0.003627920016747055,-0.06451225280761719,0.016793012619018555,-0.0006515523592085515
0.0,0.0,0.0,-0.009437024593353271,-0.06820738315582275,-0.0012119088669564348,-0.033383309841156006,-0.11560934782028198,-0.00384022445634713,-0.06005239486694336,-0.14863598346710205,-0.006301586155153416,-0.06705379486083984,-0.1793268322944641,-0.008447644405372046,-0.09378689527511597,-0.07961618900299072,-0.004176513862169884,-0.08990424871444702,-0.08913558721542358,-0.00584379407793989,-0.0686832070350647,-0.0798148512840271,-0.010798288613862894,-0.057012736797332764,-0.06898093223571777,-0.015023478411443136,-0.10019159317016602,-0.03891944885253906,-0.0055380455333065015,-0.0910683274269104,-0.053711771965026855,-0.0005279125644150895,-0.0729714035987854,-0.049947381019592285,-0.0021389109197329503,-0.06231623888015747,-0.04058670997619629,-0.007470485858924292,-0.09577959775924683,-0.00483471155166626,-0.006021435011483334,-0.08965981006622314,-0.022088944911956787,-0.0032951776984404546,-0.07469749450683594,-0.020212113857269287,-0.0016763195044617873,-0.06368798017501831,-0.011303722858428955,-0.00379144806631615,-0.08850836753845215,0.022466301918029785,-0.006443915061957739,-0.08494913578033447,0.005981326103210449,-0.00468666861981859,-0.0709918737411499,0.006904721260070801,0.000625842320893355,-0.06080973148345947,0.012695908546447754,0.003749041480638482
0.0,0.0,0.0,-0.01267331838607788,-0.06606006622314453,-0.0016637099484455575,-0.037406086921691895,-0.11428534984588623,-0.004864817559393941,-0.06287038326263428,-0.14760857820510864,-0.007998413480493127,-0.06649219989776611,-0.17954117059707642,-0.010939727611514627,-0.09570544958114624,-0.07563161849975586,-0.006269099730673133,-0.09042894840240479,-0.08817261457443237,-0.008899532332691251,-0.07010334730148315,-0.08165323734283447,-0.014237347133132516,-0.058327317237854004,-0.07186263799667358,-0.018755858838233053,-0.10048162937164307,-0.0336727499961853,-0.007955639697286188,-0.09389227628707886,-0.052791595458984375,-0.005076123010042011,-0.07677388191223145,-0.052065253257751465,-0.007227476294758617,-0.06515336036682129,-0.043731868267059326,-0.012713217250677644,-0.09546339511871338,0.00030112266540527344,-0.008763547129603921,-0.09339821338653564,-0.018730998039245605,-0.007548356037261783,-0.07925212383270264,-0.019191086292266846,-0.00578467089650303,-0.06744855642318726,-0.011647641658782959,-0.007565752211633026,-0.08807474374771118,0.0267675518989563,-0.009555801823410093,-0.0886373519897461,0.010849952697753906,-0.008246762752207815,-0.07476550340652466,0.009548366069793701,-0.0027546401411768784,-0.06357443332672119,0.014318227767944336,0.00035652717491529984
0.0,0.0,0.0,-0.010815799236297607,-0.06706160306930542,-0.000523310503126595,-0.035920798778533936,-0.11279416084289551,-0.003178454934754882,-0.06069540977478027,-0.14486122131347656,-0.006017638369598899,-0.0664321780204773,-0.17445367574691772,-0.008912865071692977,-0.0922965407371521,-0.07784026861190796,-0.007782184983739171,-0.08621448278427124,-0.08479595184326172,-0.010516065172055278,-0.0663037896156311,-0.07838398218154907,-0.015338074415126357,-0.05444139242172241,-0.06998467445373535,-0.019509536213377032,-0.09842240810394287,-0.03604137897491455,-0.01020807493398479,-0.08919930458068848,-0.048701584339141846,-0.007529820780405316,-0.07156670093536377,-0.04708397388458252,-0.009024943224289927,-0.06014364957809448,-0.0391770601272583,-0.014240068382719073,-0.09405267238616943,-0.0007620453834533691,-0.011499816551008735,-0.08893430233001709,-0.013989448547363281,-0.010620600543120418,-0.07383054494857788,-0.014105618000030518,-0.008310267700949225,-0.06182307004928589,-0.0069748759269714355,-0.009927834383347545,-0.0869365930557251,0.02766704559326172,-0.012723913415470633,-0.08413982391357422,0.016671061515808105,-0.012351853772202048,-0.0697178840637207,0.015081942081451416,-0.007112252525189433,-0.05874413251876831,0.018975794315338135,-0.004174169617840562
0.0,0.0,0.0,-0.010123968124389648,-0.06869637966156006,0.00011495269487227233,-0.035470545291900635,-0.11437278985977173,-0.0018784969136902419,-0.05857551097869873,-0.14749878644943237,-0.0041881143837088075,-0.06323164701461792,-0.17748630046844482,-0.006496675850343081,-0.09175246953964233,-0.07905137538909912,-0.006049168833982321,-0.08472490310668945,-0.08883035182952881,-0.007350749874007079,-0.06472140550613403,-0.0823138952255249,-0.01102642442796764,-0.05327492952346802,-0.07328528165817261,-0.014518880357485386,-0.09864020347595215,-0.037970542907714844,-0.008446536099057766,-0.08711808919906616,-0.05281096696853638,-0.0036071846983247724,-0.06914526224136353,-0.05122804641723633,-0.004382460450273129,-0.058271825313568115,-0.042485177516937256,-0.009515822937231633,-0.09418684244155884,-0.002482593059539795,-0.009658985843401524,-0.08631861209869385,-0.017778396606445312,-0.006961403021108481,-0.07098472118377686,-0.017631053924560547,-0.0045873746997529,-0.05984640121459961,-0.009408950805664062,-0.006610783354830119,-0.08669883012771606,0.026628196239471436,-0.010781566684585187,-0.08126872777938843,0.013428747653961182,-0.00894711453233299,-0.06715482473373413,0.011773884296417236,-0.003479078251388046,-0.05731332302093506,0.0167464017868042,-0.0007254702062198248
0.0,0.0,0.0,0.0006633400917053223,-0.025911271572113037,-0.04375868833020036,0.015658795833587646,-0.029095172882080078,-0.06749975478604142,0.039257943630218506,-0.01819688081741333,-0.08417463099911515,0.06473499536514282,-0.022565066814422607,-0.09957805073216264,0.06985104084014893,0.0008429884910583496,-0.05456292799070184,0.11075091361999512,-0.014052808284759521,-0.07879523730233018,0.14070171117782593,-0.02329432964324951,-0.09568687325671021,0.1657252311706543,-0.028131186962127686,-0.10672294145777528,0.07932668924331665,0.012996673583984375,-0.042439801454094095,0.12335151433944702,-0.005592465400695801,-0.06660350954487626,0.15624815225601196,-0.015004515647888184,-0.08145752346470658,0.18428504467010498,-0.02148038148880005,-0.09098344838574235,0.08479392528533936,0.020099222660064697,-0.03319123557164971,0.12532049417495728,0.0025652647018432617,-0.052872987299707574,0.1542978286743164,-0.005932807922363281,-0.06215571409418885,0.17992395162582397,-0.01123267412185669,-0.06742055511429612,0.08758240938186646,0.02238452434539795,-0.027645826175358934,0.11914825439453125,0.011396706104278564,-0.042658196597841425,0.1413712501525879,0.0058746337890625,-0.0499521995182306,0.16055244207382202,0.002872645854949951,-0.05413179641917054
0.0,0.0,0.0,0.006701409816741943,-0.022043466567993164,-0.034535567443668924,0.02606022357940674,-0.02157115936279297,-0.052772871386110864,0.04849743843078613,-0.01051861047744751,-0.0658258192053438,0.07350987195968628,-0.012374281883239746,-0.077737874518931,0.07871729135513306,0.004235982894897461,-0.03900629950672396,0.11980950832366943,-0.0013551712036132812,-0.05842921433955439,0.14924579858779907,-0.005266427993774414,-0.07285685015827426,0.17379063367843628,-0.006250262260437012,-0.08237853569895037,0.08427345752716064,0.014182507991790771,-0.03061796462148436,0.12853819131851196,0.006730377674102783,-0.050603336822092615,0.16260462999343872,0.0041547417640686035,-0.06448376102358111,0.19153672456741333,0.0031366348266601562,-0.0733210585823656,0.08610576391220093,0.021330058574676514,-0.024760035034120165,0.1271952986717224,0.01729649305343628,-0.0417075037768484,0.15734297037124634,0.0159948468208313,-0.05114084033280619,0.18345904350280762,0.01594001054763794,-0.0562711685708166,0.08493316173553467,0.02588444948196411,-0.021809538062512956,0.11759078502655029,0.025477886199951172,-0.0353663779607416,0.14227086305618286,0.025786161422729492,-0.0422461584022642,0.1629992127418518,0.027033627033233643,-0.04587332455426463
0.0,0.0,0.0,-0.012939274311065674,-0.06619524955749512,-0.00025146217871707677,-0.03796553611755371,-0.11203742027282715,-0.002093813197866723,-0.060738444328308105,-0.14354658126831055,-0.0040900416692650765,-0.06561893224716187,-0.1725935935974121,-0.0058086922412670106,-0.09735071659088135,-0.07232844829559326,-0.0029857436215436906,-0.09064048528671265,-0.08709579706192017,-0.004404735567227647,-0.07113224267959595,-0.08017003536224365,-0.00964481784235005,-0.060719847679138184,-0.06970018148422241,-0.014342666885063693,-0.10187101364135742,-0.030867278575897217,-0.004986505305573985,-0.09290510416030884,-0.05125927925109863,-0.0007650778765722066,-0.07589644193649292,-0.049349188804626465,-0.0030231250470436066,-0.06599920988082886,-0.040377020835876465,-0.008507663665518805,-0.09591615200042725,0.003056347370147705,-0.00609374912659888,-0.09109264612197876,-0.018363595008850098,-0.003751790432438895,-0.0767754316329956,-0.017496883869171143,-0.0027891425901955813,-0.06612098217010498,-0.0093613862991333,-0.005221700111583516,-0.08747869729995728,0.029037892818450928,-0.007084701957360551,-0.0853114128112793,0.010849356651306152,-0.0055598288794911355,-0.07167637348175049,0.011844277381896973,-0.0008307266302338689,-0.06178015470504761,0.017973482608795166,0.0018143347211250216
0.0,0.0,0.0,-0.0017230510711669922,-0.11878901720046997,-0.004475652538921793,-0.03139287233352661,-0.1999674141407013,-0.001304213605571647,-0.05459094047546387,-0.2638142704963684,0.0015844407531133697,-0.05682125687599182,-0.31913724541664124,0.004499928727064173,-0.15495014190673828,-0.12937068939208984,0.017977491188112538,-0.14860203862190247,-0.15582546591758728,0.031440619546238224,-0.11379340291023254,-0.1489175260066986,0.030380325558844845,-0.09046971797943115,-0.1338770091533661,0.026408123019400875,-0.1662580370903015,-0.05067777633666992,0.019632565024558346,-0.15511155128479004,-0.0776328444480896,0.042344741690222065,-0.12395623326301575,-0.07859259843826294,0.03728532807833318,-0.09940400719642639,-0.06783336400985718,0.024872647765342037,-0.15539395809173584,0.018135368824005127,0.02163964340395097,-0.1517764925956726,-3.421306610107422e-05,0.032835465091530125,-0.12543407082557678,-0.0001296401023864746,0.02387151883846883,-0.10052606463432312,0.010703086853027344,0.01106013281202678,-0.1373423933982849,0.06810390949249268,0.02382455410367612,-0.13253113627433777,0.07441598176956177,0.027470324355427067,-0.10924923419952393,0.07935845851898193,0.02801123278147344,-0.0865856409072876,0.08673620223999023,0.026125781405035298
0.0,0.0,0.0,-0.046214282512664795,-0.11895352602005005,-0.0016617775515825883,-0.1012454628944397,-0.2128087878227234,-0.01559516699921204,-0.15025264024734497,-0.29420751333236694,-0.031238035354128613,-0.16193172335624695,-0.37031102180480957,-0.04584315704118325,-0.19208373129367828,-0.12853437662124634,-0.01546826405387236,-0.26772667467594147,-0.14322853088378906,-0.027718328926077618,-0.23455271124839783,-0.14579206705093384,-0.03773862408410622,-0.19914685189723969,-0.14283841848373413,-0.04264229075919701,-0.19835737347602844,-0.04813498258590698,-0.02148593129526688,-0.26737426221370697,-0.07724452018737793,-0.022508454564324154,-0.23847205936908722,-0.08448851108551025,-0.022518546375742687,-0.2055477350950241,-0.07770377397537231,-0.025528135764709248,-0.19409207999706268,0.022118806838989258,-0.026581623646727337,-0.25748446583747864,-0.012406766414642334,-0.0229954170615585,-0.23540782928466797,-0.01878988742828369,-0.012331441100052132,-0.20463521778583527,-0.012420654296875,-0.008638312164059414,-0.18670654296875,0.07881444692611694,-0.03178821043979241,-0.24465075135231018,0.04688745737075806,-0.023181385415902866,-0.2249968945980072,0.04129546880722046,-0.005532278734555973,-0.1986122876405716,0.046432673931121826,0.006443223395088182
0.0,0.0,0.0,-0.04574394226074219,-0.14462965726852417,-0.0009481529312438397,-0.10579138994216919,-0.24534913897514343,-0.010415970017504605,-0.16334235668182373,-0.3291654586791992,-0.021572049376857194,-0.17821082472801208,-0.4107571840286255,-0.03160040792573682,-0.24859949946403503,-0.1574069857597351,0.0011480171044127019,-0.26743845641613007,-0.20760267972946167,0.0001411947552583115,-0.22397640347480774,-0.19827723503112793,-0.011118073617410573,-0.19294185936450958,-0.17930597066879272,-0.02137660388399354,-0.25901246070861816,-0.0614924430847168,-0.003334010155242595,-0.265409380197525,-0.11935383081436157,0.007414208124089328,-0.22522978484630585,-0.12036162614822388,0.0034586806825132044,-0.19442026317119598,-0.10400480031967163,-0.006722151902806672,-0.24692994356155396,0.019771814346313477,-0.006293181465309772,-0.26163196563720703,-0.037666499614715576,0.0020992726596773537,-0.22650478780269623,-0.04220712184906006,0.008052329863119212,-0.1916344165802002,-0.02723991870880127,0.00586033645521411,-0.22946327924728394,0.08380740880966187,-0.009267490026843461,-0.24705873429775238,0.03920090198516846,-0.0022156211969672768,-0.21329252421855927,0.03341323137283325,0.012646203259635058,-0.18118174374103546,0.039328575134277344,0.022619070815551368
0.0,0.0,0.0,-0.04204535484313965,-0.1469101905822754,-0.0035016022990532747,-0.10048454999923706,-0.2484765648841858,-0.013410522453028761,-0.15804991126060486,-0.3297730088233948,-0.02312341969414433,-0.17159724235534668,-0.40775179862976074,-0.030855958200532996,-0.2425559014081955,-0.15903544425964355,-0.00693113621278485,-0.2577936202287674,-0.21659988164901733,-0.005462772063452803,-0.21214906871318817,-0.20888429880142212,-0.011838852278430068,-0.18308262526988983,-0.18778622150421143,-0.018360894955236517,-0.2522467374801636,-0.06714111566543579,-0.009077692254919612,-0.2601507753133774,-0.13522839546203613,0.005391336195629037,-0.22215032577514648,-0.1383766531944275,0.005723984130185045,-0.19436068832874298,-0.11922210454940796,-0.0027997531830408207,-0.23956865072250366,0.011134982109069824,-0.009423913284678065,-0.25501784682273865,-0.05436450242996216,0.002752829958211578,-0.22373086214065552,-0.05936598777770996,0.010953041874330438,-0.19331489503383636,-0.04222661256790161,0.00877220571086923,-0.22284077107906342,0.07170027494430542,-0.009827505647677981,-0.24660596251487732,0.017547607421875,0.0013231219821534523,-0.22023695707321167,0.01047438383102417,0.017573961206238664,-0.19350676238536835,0.0191308856010437,0.02687192816333095
0.0,0.0,0.0,-0.04459962248802185,-0.14786207675933838,-0.0011563795193509918,-0.1008036732673645,-0.2490634322166443,-0.012988600115612314,-0.15780934691429138,-0.33286750316619873,-0.025006970557704733,-0.17055320739746094,-0.4137219786643982,-0.03541843237294273,-0.2361171841621399,-0.1568414568901062,-0.011823472733929918,-0.2642990052700043,-0.20409464836120605,-0.01177844328744726,-0.22135859727859497,-0.19555896520614624,-0.017737411129608915,-0.18934489786624908,-0.1751003861427307,-0.023531496691838072,-0.2483023703098297,-0.06218516826629639,-0.015687931496039198,-0.2637585699558258,-0.12172430753707886,-0.0019250175024794203,-0.22744403779506683,-0.12209159135818481,-0.0005838964640574318,-0.19773614406585693,-0.1039736270904541,-0.008317063729599283,-0.23863545060157776,0.019451618194580078,-0.017251022327080534,-0.26020780205726624,-0.039431869983673096,-0.004099409262970255,-0.23069247603416443,-0.042239606380462646,0.005134941377356483,-0.1977207362651825,-0.02576923370361328,0.0032481956953702706,-0.22331058979034424,0.0837024450302124,-0.018733930009737776,-0.248363196849823,0.03861492872238159,-0.006914940829709337,-0.2202596366405487,0.03367173671722412,0.009716836568578913,-0.19108669459819794,0.04179590940475464,0.019417453390225603
0.0,0.0,0.0,-0.041858553886413574,-0.14620566368103027,-0.004130123877125413,-0.09445303678512573,-0.2492334246635437,-0.015801869561123283,-0.15167579054832458,-0.3289550542831421,-0.02808817871396485,-0.16662272810935974,-0.4068383574485779,-0.0386758504856104,-0.2340785264968872,-0.1613544225692749,-0.0068672138686949324,-0.2506909668445587,-0.20707052946090698,-0.011551677477704914,-0.20754055678844452,-0.1943780779838562,-0.022659721081303985,-0.17709118127822876,-0.16932779550552368,-0.031034114067601593,-0.24877820909023285,-0.06899499893188477,-0.010263034370886714,-0.25507909059524536,-0.12236809730529785,-0.002167863766821654,-0.21734800934791565,-0.12139326333999634,-0.005678487704294355,-0.18769106268882751,-0.1025395393371582,-0.014888876346098812,-0.2415928840637207,0.01102215051651001,-0.012271700655269058,-0.25402697920799255,-0.04264020919799805,-0.004226860352950723,-0.22269651293754578,-0.04429733753204346,0.0026873629585182357,-0.19008535146713257,-0.02645087242126465,0.001295987753969996,-0.22809934616088867,0.07636517286300659,-0.014649263811456592,-0.24416756629943848,0.03192943334579468,-0.0067887727591866565,-0.21498587727546692,0.029235243797302246,0.008632154906941025,-0.1869419813156128,0.039697110652923584,0.01897639013345298
0.0,0.0,0.0,-0.05551350116729736,-0.14322978258132935,0.009614349581624992,-0.11323943734169006,-0.24341195821762085,0.0022830686125416833,-0.16953927278518677,-0.3257093131542206,-0.008413246594045631,-0.18652591109275818,-0.40115034580230713,-0.01877154292878913,-0.24764636158943176,-0.16060078144073486,-0.0007014656380306405,-0.2681957185268402,-0.19459235668182373,-0.002047352021236293,-0.2264416664838791,-0.18319284915924072,-0.010181969724271767,-0.19029700756072998,-0.16368067264556885,-0.016654805041525833,-0.26308801770210266,-0.06864273548126221,-0.010162620566461555,-0.2738655209541321,-0.11128008365631104,0.0003170871700604039,-0.23606577515602112,-0.107962965965271,-0.0012551651975627465,-0.2001403272151947,-0.09098750352859497,-0.008944100461576454,-0.25617989897727966,0.01206141710281372,-0.016381934977744095,-0.2754700183868408,-0.03354990482330322,-0.005259135964934103,-0.2424386739730835,-0.03524297475814819,0.003969245829011925,-0.20340397953987122,-0.020456671714782715,0.0040285403433699685,-0.24126559495925903,0.07836145162582397,-0.02176539669153499,-0.27031025290489197,0.04193621873855591,-0.01132233603266286,-0.24165961146354675,0.035821378231048584,0.006859247345801123,-0.20886608958244324,0.042098164558410645,0.01951719006183339
0.0,0.0,0.0,-0.040678590536117554,-0.1433773636817932,-0.0008476261657932582,-0.09366527199745178,-0.24614804983139038,-0.009483279814318735,-0.15165355801582336,-0.323661208152771,-0.01900530435641201,-0.1659669280052185,-0.39607536792755127,-0.02673397787411602,-0.23210689425468445,-0.1679997444152832,-0.0037410218877056423,-0.24721762537956238,-0.208077073097229,-0.006820485149816591,-0.20220360159873962,-0.19050055742263794,-0.016120849331215936,-0.17138075828552246,-0.16394078731536865,-0.023577513327197153,-0.24744461476802826,-0.07620495557785034,-0.00819698829700144,-0.249744713306427,-0.12144738435745239,0.0019267986851474461,-0.21098679304122925,-0.11602663993835449,-0.00040960231244469014,-0.18334418535232544,-0.09738612174987793,-0.009301205319658834,-0.23873354494571686,0.0019876956939697266,-0.01096427921702059,-0.2430063933134079,-0.04154914617538452,-0.0017774595556119266,-0.2112865447998047,-0.0413435697555542,0.004562587788953465,-0.18116062879562378,-0.02359592914581299,0.002272802716746014,-0.22207011282444,0.06630825996398926,-0.01394317966450842,-0.23134861886501312,0.03350174427032471,-0.006272087027625162,-0.20125213265419006,0.033917784690856934,0.007782862833394688,-0.173984557390213,0.045304059982299805,0.01703769139449207
0.0,0.0,0.0,-0.046484798192977905,-0.14937251806259155,0.0039999881391139525,-0.1016705334186554,-0.25205039978027344,-0.002867188946837018,-0.15911483764648438,-0.329021692276001,-0.011969108543851803,-0.17341363430023193,-0.40133368968963623,-0.02032332908318324,-0.239802747964859,-0.16376638412475586,0.0019261038959683674,-0.2535646855831146,-0.20479220151901245,-0.0005590127567103309,-0.21232041716575623,-0.19113051891326904,-0.012408861368456314,-0.18293970823287964,-0.16911029815673828,-0.021919021792271565,-0.25097112357616425,-0.06845474243164062,-0.004847815203973482,-0.2563919425010681,-0.11699068546295166,0.005089581534704735,-0.2198009192943573,-0.11509889364242554,0.00039659731366725737,-0.1905413568019867,-0.09968322515487671,-0.009875214136698673,-0.24043139815330505,0.011987149715423584,-0.009323823675075005,-0.2540925443172455,-0.03567534685134888,-0.0003206888814730746,-0.22270122170448303,-0.03828936815261841,0.005581945237210562,-0.18949216604232788,-0.02371269464492798,0.00357361422895508,-0.2236352562904358,0.07709509134292603,-0.013365445136585663,-0.24212586879730225,0.038906216621398926,-0.004941204972126911,-0.21382948756217957,0.03486645221710205,0.01102781813635545,-0.1854468286037445,0.04199308156967163,0.02198900427713113
0.0,0.0,0.0,-0.049671471118927,-0.14767783880233765,0.011087173552695617,-0.10424506664276123,-0.24910539388656616,0.005793427073840007,-0.16166606545448303,-0.3290427029132843,-0.0023524046843164115,-0.17993921041488647,-0.4036799371242523,-0.010022132700797215,-0.23389095067977905,-0.161105215549469,0.0033396188667751403,-0.261781707406044,-0.1978105902671814,0.0029998933463133426,-0.22302204370498657,-0.1894969642162323,-0.005223122468706265,-0.1912902295589447,-0.17205429077148438,-0.01164010823380579,-0.24861948192119598,-0.07251548767089844,-0.0057531423368715195,-0.26872333884239197,-0.12008857727050781,0.007595557676140174,-0.2352997213602066,-0.12151730060577393,0.007225991183403835,-0.20200616121292114,-0.10849601030349731,-0.0006650084830113201,-0.24357300996780396,0.00485605001449585,-0.011895665942248002,-0.2696997672319412,-0.0455668568611145,0.0009145417865141781,-0.24013715982437134,-0.047703325748443604,0.010629226410273418,-0.2034928798675537,-0.033590614795684814,0.010107822672907218,-0.2316092550754547,0.0680316686630249,-0.01696160812538494,-0.2662774622440338,0.029787063598632812,-0.0050863130451404,-0.2405308037996292,0.027998149394989014,0.013560923704389438,-0.20962277054786682,0.037101805210113525,0.025654349432770118
0.0,0.0,0.0,-0.04249227046966553,-0.1436946988105774,0.006645117810009538,-0.0939909815788269,-0.24335339665412903,0.0001592591398065224,-0.15012890100479126,-0.3219205141067505,-0.00858504286220807,-0.16656342148780823,-0.3952675461769104,-0.01665127424708146,-0.22150415182113647,-0.17097628116607666,-0.00026828046607363376,-0.24921154975891113,-0.20771858096122742,-0.0006493322034231142,-0.2109737992286682,-0.19917705655097961,-0.008698147332282247,-0.18028005957603455,-0.1819113790988922,-0.015125256573767842,-0.23505310714244843,-0.08139914274215698,-0.0072282176297022716,-0.2567029148340225,-0.13162875175476074,0.006256240809349833,-0.22414207458496094,-0.134346604347229,0.005996277013807116,-0.19216689467430115,-0.11949628591537476,-0.0020041790157421246,-0.22829101979732513,-0.003058493137359619,-0.01151965798995036,-0.2536868751049042,-0.0513455867767334,0.0014286616752059444,-0.22600364685058594,-0.05601423978805542,0.010336216928450881,-0.19142764806747437,-0.041092634201049805,0.008987265096990882,-0.2152249813079834,0.06178015470504761,-0.01519975027254361,-0.24516673386096954,0.024795472621917725,-0.0032697718888385907,-0.22180354595184326,0.020671546459197998,0.014308678375570594,-0.19351229071617126,0.029671669006347656,0.025216658057658492
0.0,0.0,0.0,-0.04386097192764282,-0.14443832635879517,0.0103738580453836,-0.09724962711334229,-0.2439514398574829,0.0065365179996632605,-0.1521972119808197,-0.3218740224838257,-9.084158064354142e-05,-0.16668063402175903,-0.39187732338905334,-0.006310317423597667,-0.22301796078681946,-0.16867321729660034,0.006564754768803027,-0.24815990030765533,-0.1965290606021881,0.006602853312685397,-0.21204522252082825,-0.1827007532119751,-0.0026550383683598966,-0.18241345882415771,-0.16567924618721008,-0.010077295583144519,-0.23738372325897217,-0.08080315589904785,-0.0017143215429342717,-0.2575854957103729,-0.12317115068435669,0.011838111336871293,-0.22665485739707947,-0.12143468856811523,0.011097005810185578,-0.19569021463394165,-0.10886490345001221,0.0032199344221197634,-0.23267614841461182,-0.004634380340576172,-0.0072702409144795865,-0.2577417641878128,-0.0525936484336853,0.005655878930880931,-0.2313978374004364,-0.05202746391296387,0.014837592150612977,-0.1976112425327301,-0.03715634346008301,0.01436032472138038,-0.22151625156402588,0.05710303783416748,-0.012002966124967429,-0.25250670313835144,0.01800227165222168,7.989598252322594e-05,-0.2291761040687561,0.016956627368927002,0.018101773466511872,-0.20126405358314514,0.025819778442382812,0.02985821967904201
0.0,0.0,0.0,-0.044371992349624634,-0.14188826084136963,0.00851203649203569,-0.09519988298416138,-0.23835426568984985,0.0034282920778849757,-0.14886808395385742,-0.3139972388744354,-0.004849552559747394,-0.16804683208465576,-0.38156381249427795,-0.012118020477785763,-0.2143743932247162,-0.17253804206848145,0.005685749546543661,-0.2516708970069885,-0.20171496272087097,0.006077237044380013,-0.21470075845718384,-0.19083568453788757,-0.0008677728810226881,-0.18333947658538818,-0.1757364571094513,-0.006761682136996683,-0.2301865518093109,-0.08596181869506836,-0.0031767977970531547,-0.25571537017822266,-0.12637871503829956,0.007990567562089268,-0.2233409881591797,-0.12572282552719116,0.006717986510054175,-0.1931706964969635,-0.11230587959289551,-0.0010156671387022698,-0.22722771763801575,-0.00770038366317749,-0.009663817855610546,-0.2529115378856659,-0.05355781316757202,0.0019549269591578877,-0.22676658630371094,-0.05473750829696655,0.011964426924393479,-0.19488292932510376,-0.03897613286972046,0.01216290852885038,-0.21718212962150574,0.05809265375137329,-0.015654553110792335,-0.24701157212257385,0.016423344612121582,-0.003911530050530132,-0.2245027720928192,0.013962030410766602,0.014891491820023361,-0.19783082604408264,0.024675309658050537,0.027172065888450447
0.0,0.0,0.0,-0.04485589265823364,-0.13883191347122192,0.004395831587018506,-0.09733864665031433,-0.23276874423027039,-0.0027045863901804523,-0.15145662426948547,-0.30808693170547485,-0.012305459728239043,-0.16826379299163818,-0.3803750276565552,-0.021472810556886657,-0.21738454699516296,-0.1518879532814026,0.0030362740869094296,-0.23849178850650787,-0.18202278017997742,-0.0014063038618843393,-0.20086124539375305,-0.17130526900291443,-0.014687685085235103,-0.17037203907966614,-0.15507805347442627,-0.024849894245861037,-0.23111718893051147,-0.06572186946868896,-0.003819101745037301,-0.24671198427677155,-0.10586535930633545,0.004919444887192981,-0.21539464592933655,-0.10601639747619629,0.000588859292903976,-0.18463122844696045,-0.09333080053329468,-0.009298148354289992,-0.22522607445716858,0.00855112075805664,-0.008909062271712287,-0.24710966646671295,-0.033863067626953125,-0.001189871247632368,-0.22005674242973328,-0.036018192768096924,0.005340178707839982,-0.18633928894996643,-0.023926258087158203,0.0041077129787225886,-0.21269011497497559,0.06890124082565308,-0.013570139905212386,-0.23995843529701233,0.03705298900604248,-0.0057908438833038645,-0.21606945991516113,0.03395181894302368,0.010318347463609712,-0.1880367398262024,0.04010498523712158,0.0213381249701996
0.0,0.0,0.0,-0.04513806104660034,-0.13703736662864685,0.003981796651501668,-0.10020464658737183,-0.22972780466079712,-0.0015889801090764877,-0.1547897458076477,-0.29831576347351074,-0.009093823284487712,-0.16774839162826538,-0.3657629191875458,-0.015353495628218639,-0.22538042068481445,-0.15111634135246277,0.0016577528783869866,-0.24549736082553864,-0.18532705307006836,0.0015792284155082825,-0.20624521374702454,-0.17435070872306824,-0.006094659586082685,-0.17713329195976257,-0.155441552400589,-0.012622572854738223,-0.23600029945373535,-0.06606799364089966,-0.004210273642669904,-0.250337153673172,-0.11475026607513428,0.007085366732795251,-0.21631473302841187,-0.11356252431869507,0.0065635229455125454,-0.18729010224342346,-0.09772533178329468,-6.6697532332682385e-06,-0.22645017504692078,0.006810963153839111,-0.00805685892758845,-0.24604350328445435,-0.0418393611907959,0.0037061766249877337,-0.21778416633605957,-0.043851613998413086,0.012253441474754823,-0.18591246008872986,-0.028272509574890137,0.012053636460919392,-0.21000975370407104,0.06608253717422485,-0.011785284989159095,-0.23442375659942627,0.028742492198944092,4.450249221576996e-06,-0.21147972345352173,0.0235176682472229,0.016611480712313664,-0.186152845621109,0.03039926290512085,0.02744607590081216
0.0,0.0,0.0,-0.04182165861129761,-0.13736388087272644,0.0006533779278896645,-0.09257227182388306,-0.22961363196372986,-0.0058789154090419515,-0.1476554572582245,-0.2944773733615875,-0.013219995288594077,-0.1605466604232788,-0.3619697093963623,-0.01963358452026398,-0.2174813151359558,-0.14960482716560364,-0.00421858751629145,-0.22996675968170166,-0.17597806453704834,-0.0045141571708455785,-0.19202834367752075,-0.16646400094032288,-0.011469702100797008,-0.1633877456188202,-0.14907270669937134,-0.01771853757504971,-0.23029595613479614,-0.06207478046417236,-0.008457882194264243,-0.23778751492500305,-0.10218769311904907,0.002073930944831659,-0.2055530846118927,-0.10152935981750488,0.0009909554110407726,-0.17700204253196716,-0.08670270442962646,-0.006298039904280017,-0.222116157412529,0.012237548828125,-0.01044260976318867,-0.23467549681663513,-0.0260545015335083,-0.00031441582082436526,-0.20717093348503113,-0.028029918670654297,0.0066990858368143336,-0.1756311058998108,-0.013946712017059326,0.005254447130070616,-0.20581814646720886,0.07314753532409668,-0.012519446066065143,-0.22037529945373535,0.04697996377944946,-0.004158179140134166,-0.19442886114120483,0.04291367530822754,0.009939427623109509,-0.1678391695022583,0.04937553405761719,0.019289850392894436
0.0,0.0,0.0,-0.039262592792510986,-0.13072454929351807,0.0009864679736324433,-0.08771869540214539,-0.22228941321372986,-0.006816914611192715,-0.1379847228527069,-0.2880617678165436,-0.016340612739952576,-0.1589156687259674,-0.35202479362487793,-0.02520460386637069,-0.20961952209472656,-0.14055579900741577,-0.005229730465146076,-0.22229857742786407,-0.1803739368915558,-0.010238849864038002,-0.18291467428207397,-0.1719726324081421,-0.022528820977242958,-0.15543082356452942,-0.15389156341552734,-0.03215691571000434,-0.22013366222381592,-0.05451798439025879,-0.010915554434689057,-0.22464285790920258,-0.10288822650909424,-0.0026201296864769574,-0.19096046686172485,-0.10184329748153687,-0.005837371878953945,-0.16291970014572144,-0.08412522077560425,-0.014961045541497242,-0.2100244164466858,0.018965721130371094,-0.014885439843567383,-0.22203992307186127,-0.024681150913238525,-0.006377209284039509,-0.19386518001556396,-0.02773916721343994,0.0006147792877868596,-0.1629512906074524,-0.013796985149383545,-0.0008652458350866254,-0.19395673274993896,0.07847857475280762,-0.018915762499602806,-0.20938840508460999,0.04856818914413452,-0.010518983312579167,-0.1842029094696045,0.04329204559326172,0.004249564531562555,-0.15809044241905212,0.04967528581619263,0.013606023668614853
0.0,0.0,0.0,0.08447396755218506,0.02633845806121826,-0.008890971705454831,0.15347853302955627,0.05055433511734009,-0.032555045724052434,0.21097353100776672,0.048753440380096436,-0.05915137210502053,0.25664931535720825,0.03970968723297119,-0.08778063783063317,0.12399575114250183,0.15967196226119995,-0.043589303434032445,0.19106170535087585,0.1297760009765625,-0.08165368267907525,0.226899653673172,0.08426868915557861,-0.11076950857057,0.2518681287765503,0.05350857973098755,-0.12939209321154976,0.08754187822341919,0.15140610933303833,-0.0606368651391449,0.15831038355827332,0.10236287117004395,-0.09203053095950509,0.19409650564193726,0.06256598234176636,-0.10951766201867486,0.21195358037948608,0.03879058361053467,-0.12365573474778557,0.05156034231185913,0.11603838205337524,-0.0786499811114254,0.11829584836959839,0.08964270353317261,-0.1109688190521183,0.15359154343605042,0.058093488216400146,-0.11843737790002251,0.17170032858848572,0.035777747631073,-0.12281779029979134,0.021707266569137573,0.06603348255157471,-0.0969464836420002,0.06369408965110779,0.0540919303894043,-0.12493489512814904,0.09204664826393127,0.03835862874984741,-0.1278724429906788,0.11319202184677124,0.025769591331481934,-0.12779144027842904
0.0,0.0,0.0,-0.04328092932701111,-0.13006591796875,0.00629452810893838,-0.09503957629203796,-0.21390441060066223,0.0010733790396812992,-0.14923161268234253,-0.2823549509048462,-0.005641422613607006,-0.17002400755882263,-0.34452247619628906,-0.010978531937198,-0.2063065767288208,-0.13004839420318604,-0.0008018500237625403,-0.2428557574748993,-0.1723099946975708,0.002006741094319864,-0.20613813400268555,-0.1683272123336792,-0.0013636275260608954,-0.17506703734397888,-0.15487885475158691,-0.00423966292952116,-0.21882662177085876,-0.04841810464859009,-0.005367627746508674,-0.24277302622795105,-0.10174745321273804,0.012787800368769808,-0.2127978503704071,-0.10606825351715088,0.0176214027152497,-0.18515107035636902,-0.09488224983215332,0.012695145879789038,-0.21298831701278687,0.022144556045532227,-0.007591785310850696,-0.23800480365753174,-0.031829893589019775,0.010862724942072077,-0.21352800726890564,-0.03686875104904175,0.022761474450035735,-0.18334725499153137,-0.023924946784973145,0.022419189189477606,-0.20110422372817993,0.0771552324295044,-0.009501210327343301,-0.23219546675682068,0.03632915019989014,0.007732187949969216,-0.2123260200023651,0.029914379119873047,0.026170791213317557,-0.1874006688594818,0.03570669889450073,0.036411353473468466
