0.0,0.0,0.0,-0.05304741859436035,-0.048287034034729004,-0.019635100290827268,-0.092384934425354,-0.11735910177230835,-0.04036934897368383,-0.11215311288833618,-0.1831514835357666,-0.057085452974490636,-0.13191863894462585,-0.23773181438446045,-0.07394216433232259,-0.05765402317047119,-0.135542631149292,-0.0664929397410674,-0.051446735858917236,-0.25670695304870605,-0.09334414675896596,-0.04754519462585449,-0.32479414343833923,-0.10159137323563527,-0.04269230365753174,-0.3752487301826477,-0.10431602820818853,-0.011032164096832275,-0.13343274593353271,-0.06781847998564672,-0.009956657886505127,-0.26817941665649414,-0.09397952482169103,-0.009946465492248535,-0.34456053376197815,-0.10020406767790746,-0.009710133075714111,-0.39962029457092285,-0.10259957090084981,0.028562963008880615,-0.1317610740661621,-0.06830931678479146,0.02714383602142334,-0.2610852122306824,-0.09075968936150502,0.025666534900665283,-0.33412498235702515,-0.09645319208567571,0.023798227310180664,-0.3895173966884613,-0.09780000373785924,0.061056435108184814,-0.1300109624862671,-0.06878052130406331,0.05706125497817993,-0.2290937900543213,-0.08593174293702077,0.05348622798919678,-0.2845798432826996,-0.08939618840878438,0.04920375347137451,-0.3307651877403259,-0.08942087218230199
0.0,0.0,0.0,-0.05298483371734619,-0.047531068325042725,-0.024402992385830657,-0.09205007553100586,-0.11434513330459595,-0.048794921073522346,-0.1111108660697937,-0.1793258786201477,-0.06768001947125413,-0.13097786903381348,-0.2355022430419922,-0.08625170174559571,-0.05298340320587158,-0.1286199688911438,-0.07590779993256547,-0.04574316740036011,-0.25030893087387085,-0.10406319383105256,-0.04077726602554321,-0.31831634044647217,-0.11179840895852067,-0.03440898656845093,-0.3669810891151428,-0.11370271775444962,-0.005288600921630859,-0.1234668493270874,-0.07531126919707276,-0.0015506744384765625,-0.25977861881256104,-0.10478300932368256,-0.0014060139656066895,-0.33718380331993103,-0.1107544187041185,-0.00035506486892700195,-0.39096128940582275,-0.11203395161351182,0.03457283973693848,-0.12135481834411621,-0.07371516111811616,0.03421288728713989,-0.24903583526611328,-0.0973870191307924,0.033405303955078125,-0.3244081139564514,-0.10163571271618821,0.03378927707672119,-0.38162165880203247,-0.10158256772479035,0.06599527597427368,-0.1197628378868103,-0.07246440235098817,0.06496047973632812,-0.22036761045455933,-0.08901209715327241,0.06099522113800049,-0.27525967359542847,-0.09043060574254014,0.057123541831970215,-0.3197803497314453,-0.0888420823546312
0.0,0.0,0.0,-0.05089437961578369,-0.053009629249572754,-0.026627417685972432,-0.08804917335510254,-0.12401121854782104,-0.05271278697489379,-0.10406213998794556,-0.19237613677978516,-0.07236663255332587,-0.11723393201828003,-0.2549816966056824,-0.0914715379798281,-0.04320889711380005,-0.13932371139526367,-0.08350393924354194,-0.033141493797302246,-0.260073184967041,-0.11225052926181434,-0.025362908840179443,-0.32997870445251465,-0.11884249004958747,-0.018147528171539307,-0.38131487369537354,-0.11965273323892234,0.006671786308288574,-0.132036030292511,-0.08015836033462165,0.013547658920288086,-0.2698547840118408,-0.11134819689630149,0.014401853084564209,-0.34876370429992676,-0.11571520570157645,0.014703094959259033,-0.4034000039100647,-0.11541775617240546,0.04618173837661743,-0.12851721048355103,-0.07527436319230674,0.048310160636901855,-0.2583838701248169,-0.10089647028087256,0.04742097854614258,-0.3361440896987915,-0.10442056510089515,0.04624736309051514,-0.3941015303134918,-0.10302882644771216,0.07551509141921997,-0.12563413381576538,-0.07052211466668723,0.07725179195404053,-0.22866958379745483,-0.08736485991119025,0.07435882091522217,-0.28582513332366943,-0.0882240832173693,0.07122182846069336,-0.3328738808631897,-0.08593178543685553
0.0,0.0,0.0,0.0030717849731445312,-0.05271869897842407,-0.02116986817121358,-0.008891403675079346,-0.09069418907165527,-0.03598811557888837,-0.038899362087249756,-0.11045998334884644,-0.04462889289855809,-0.05849814414978027,-0.13578534126281738,-0.052404642909763766,-0.03640294075012207,-0.049292683601379395,-0.04905002644657941,-0.0961502194404602,-0.06149369478225708,-0.06219702294468732,-0.12349656224250793,-0.06759440898895264,-0.06610971024632306,-0.14322921633720398,-0.07486879825592041,-0.06759198090433927,-0.046173691749572754,-0.009452641010284424,-0.04228951117396207,-0.10941505432128906,-0.028720378875732422,-0.0572321497499928,-0.1389877200126648,-0.0417788028717041,-0.06035698285698743,-0.15718868374824524,-0.05169248580932617,-0.062087238639591646,-0.05427616834640503,0.016796529293060303,-0.03478997653722615,-0.10714390873908997,-0.0008469820022583008,-0.046474204272030306,-0.1345580816268921,-0.015636086463928223,-0.046769064724443865,-0.1534932553768158,-0.0279005765914917,-0.046063114762304735,-0.060835301876068115,0.03126251697540283,-0.02792682206630559,-0.09876158833503723,0.016451716423034668,-0.03489241456985326,-0.11720135807991028,0.0034173130989074707,-0.033760660201309634,-0.13088321685791016,-0.009367823600769043,-0.032317635476587725
0.0,0.0,0.0,-0.050566911697387695,-0.054531216621398926,-0.02705449930367365,-0.08693534135818481,-0.12628692388534546,-0.05293541348514452,-0.10161703824996948,-0.19468504190444946,-0.07206578872141733,-0.1122388243675232,-0.25774407386779785,-0.09071275911269083,-0.040662407875061035,-0.1434069275856018,-0.08452897838292017,-0.030160367488861084,-0.26677727699279785,-0.11349259636340037,-0.021814346313476562,-0.33656537532806396,-0.12070350668368235,-0.013660252094268799,-0.3880006670951843,-0.12194076499876871,0.009399175643920898,-0.13627898693084717,-0.0802908497208108,0.01600867509841919,-0.2746559977531433,-0.11209950915512934,0.017633914947509766,-0.3531879186630249,-0.1173597606175889,0.018957197666168213,-0.40796786546707153,-0.11757371894059077,0.04836684465408325,-0.13333630561828613,-0.07433612964091196,0.05012446641921997,-0.2630079984664917,-0.09975269756255045,0.05054396390914917,-0.34072408080101013,-0.1039337324255456,0.05089545249938965,-0.39900049567222595,-0.10313223621783152,0.07666349411010742,-0.1313309669494629,-0.0684771495216836,0.07754981517791748,-0.2333722710609436,-0.08511822245058909,0.07527387142181396,-0.2902429401874542,-0.08625866047081843,0.07317620515823364,-0.33713260293006897,-0.08417212537464991
0.0,0.0,0.0,-0.049091219902038574,-0.05505567789077759,-0.027658537738901146,-0.08469265699386597,-0.12918955087661743,-0.05376759428618527,-0.09991782903671265,-0.20051205158233643,-0.07300196472642995,-0.11232751607894897,-0.26389890909194946,-0.09152327362535573,-0.038873255252838135,-0.1429106593132019,-0.08547569695947743,-0.027736186981201172,-0.2657749652862549,-0.11294821534393407,-0.019798576831817627,-0.33564549684524536,-0.11865405622957326,-0.011978685855865479,-0.38740646839141846,-0.11921324465511418,0.012189626693725586,-0.13496923446655273,-0.08061526600359059,0.018747806549072266,-0.2749446630477905,-0.11104284111497975,0.019579827785491943,-0.35379666090011597,-0.11504232022998906,0.02096688747406006,-0.4083714783191681,-0.11484562490223027,0.052204132080078125,-0.13267695903778076,-0.07384230826137639,0.05387073755264282,-0.2644500732421875,-0.0977518323445139,0.053753793239593506,-0.3410978317260742,-0.10034482810733891,0.05370211601257324,-0.39762744307518005,-0.0989207017803011,0.08144420385360718,-0.13224852085113525,-0.06739042583940602,0.08047819137573242,-0.23561036586761475,-0.08266682807443715,0.07640421390533447,-0.29307007789611816,-0.08302009735344029,0.07268399000167847,-0.34007975459098816,-0.08075781796215153
0.0,0.0,0.0,-0.050125956535339355,-0.05102860927581787,-0.02400573548959528,-0.08472234010696411,-0.12334322929382324,-0.04648605940030848,-0.1003614068031311,-0.19152206182479858,-0.06313315984891688,-0.11264747381210327,-0.2515411376953125,-0.07961268183873926,-0.04404306411743164,-0.1383766531944275,-0.07606813517497812,-0.03085094690322876,-0.2627362608909607,-0.10261319783614908,-0.022206246852874756,-0.3313460052013397,-0.10887236354039942,-0.014266490936279297,-0.38039976358413696,-0.10952165928767954,0.00577157735824585,-0.1319105625152588,-0.0739661252229098,0.01445239782333374,-0.2689923048019409,-0.10234689173387324,0.016801118850708008,-0.3472088873386383,-0.10772634503530298,0.018776118755340576,-0.40194281935691833,-0.10834503379749094,0.04593914747238159,-0.12831449508666992,-0.07048616764234339,0.04962402582168579,-0.2583518624305725,-0.09327062425302302,0.05066019296646118,-0.3354654312133789,-0.0982895886628512,0.051497459411621094,-0.3942596912384033,-0.09855805543350016,0.075350821018219,-0.1256880760192871,-0.06706904080795084,0.0784565806388855,-0.2284950613975525,-0.082904869887102,0.07749021053314209,-0.2844737768173218,-0.08475249466584955,0.07555621862411499,-0.3308645784854889,-0.08325331864045893
0.0,0.0,0.0,-0.04936927556991577,-0.052232980728149414,-0.02656617922116311,-0.0860741138458252,-0.12202495336532593,-0.05261009906757863,-0.10082286596298218,-0.18878799676895142,-0.07200632219542058,-0.11014878749847412,-0.24973928928375244,-0.09107144897211583,-0.041766464710235596,-0.1349644660949707,-0.08585114007223638,-0.031070172786712646,-0.25750041007995605,-0.11409058397043736,-0.023422956466674805,-0.32742321491241455,-0.1204582599305013,-0.016387760639190674,-0.3783198595046997,-0.12114528541792424,0.00844430923461914,-0.12752801179885864,-0.08168599729765447,0.013702690601348877,-0.26669490337371826,-0.11229737078178914,0.014481902122497559,-0.34513795375823975,-0.11706414793957265,0.01570051908493042,-0.3988608121871948,-0.11725895827044042,0.047543227672576904,-0.12427496910095215,-0.07548827653158696,0.04711347818374634,-0.25396430492401123,-0.0998816711210111,0.046087563037872314,-0.33123689889907837,-0.10382248436440022,0.04542773962020874,-0.3879106640815735,-0.10326585893858464,0.07591867446899414,-0.12218219041824341,-0.06932166939009221,0.07549285888671875,-0.22415423393249512,-0.08557116960514577,0.07270056009292603,-0.2807123064994812,-0.08664329325188191,0.07062792778015137,-0.32659846544265747,-0.08476477091539891
0.0,0.0,0.0,-0.04993486404418945,-0.053214430809020996,-0.027346877634030875,-0.08658677339553833,-0.12601321935653687,-0.05305380585740238,-0.10088962316513062,-0.19533634185791016,-0.07165384876678615,-0.11022013425827026,-0.26024091243743896,-0.08942037659834057,-0.042355477809906006,-0.1383514404296875,-0.08720988619278103,-0.030676186084747314,-0.26268428564071655,-0.11591138529728084,-0.021752774715423584,-0.33236581087112427,-0.12173315721700817,-0.013388514518737793,-0.38401034474372864,-0.12171327161739498,0.00909566879272461,-0.13171392679214478,-0.08221266257713467,0.016868174076080322,-0.2719816565513611,-0.11313509035061031,0.018393993377685547,-0.349788099527359,-0.1160686670536819,0.019064784049987793,-0.4032353162765503,-0.11452241080949932,0.04969942569732666,-0.13036388158798218,-0.07531484055469662,0.051528751850128174,-0.2619262933731079,-0.09961881327579647,0.05022913217544556,-0.33823245763778687,-0.10085738289306789,0.048790574073791504,-0.3949877917766571,-0.09782358843038708,0.07915997505187988,-0.13082271814346313,-0.068673683583242,0.07880467176437378,-0.23377883434295654,-0.08409403848598629,0.0746539831161499,-0.2907949686050415,-0.08362278181265026,0.07070451974868774,-0.337826132774353,-0.0802022798652473
0.0,0.0,0.0,-0.05001711845397949,-0.05551612377166748,-0.02636107855123271,-0.08668750524520874,-0.12857943773269653,-0.051718896782219304,-0.10134130716323853,-0.19801533222198486,-0.07034826890212287,-0.1112821102142334,-0.2616317868232727,-0.08807826653701056,-0.04021722078323364,-0.14180397987365723,-0.08497033134680976,-0.02889460325241089,-0.266247034072876,-0.11327681556922187,-0.020192086696624756,-0.33551010489463806,-0.11870673165303458,-0.011716127395629883,-0.38670578598976135,-0.11847766355258216,0.01030033826828003,-0.13401371240615845,-0.08054554328900565,0.01742374897003174,-0.27428916096687317,-0.1119114370701908,0.019013941287994385,-0.3521904945373535,-0.11483642325383414,0.02003622055053711,-0.40535616874694824,-0.11314920202475776,0.04995262622833252,-0.13097399473190308,-0.0743174167035221,0.05247443914413452,-0.26282644271850586,-0.09961569920760383,0.051300883293151855,-0.3385917544364929,-0.1010532440302967,0.05019956827163696,-0.3943292796611786,-0.09779744461756934,0.07907241582870483,-0.12904614210128784,-0.06821217254382361,0.07997012138366699,-0.23267775774002075,-0.08428682998400916,0.07530361413955688,-0.28886187076568604,-0.08373240247946967,0.070656418800354,-0.3339654207229614,-0.08006240293961753
0.0,0.0,0.0,-0.04892963171005249,-0.055240631103515625,-0.02493730048792031,-0.08412390947341919,-0.1277226209640503,-0.04913031357483533,-0.09855300188064575,-0.19550108909606934,-0.06672487083034184,-0.10869967937469482,-0.2564418911933899,-0.08358405950622227,-0.04050511121749878,-0.13728982210159302,-0.0839913976486173,-0.029500842094421387,-0.2603819966316223,-0.11206748011665013,-0.021325767040252686,-0.3290103077888489,-0.1178041366036382,-0.013649523258209229,-0.3792501986026764,-0.117703382402226,0.009767293930053711,-0.12963199615478516,-0.0799330291445699,0.016244947910308838,-0.2674093246459961,-0.11047456833676961,0.01719743013381958,-0.3444240689277649,-0.1133652669485059,0.017255067825317383,-0.39645853638648987,-0.11172243627862599,0.049119532108306885,-0.1276566982269287,-0.07392063412027028,0.04958921670913696,-0.25692057609558105,-0.09792985442237523,0.04813790321350098,-0.33256995677948,-0.09954149696187642,0.04655414819717407,-0.38805755972862244,-0.09677304747657445,0.07746928930282593,-0.12759482860565186,-0.06795604202108052,0.07643276453018188,-0.22843670845031738,-0.08320609900312093,0.07208704948425293,-0.284773051738739,-0.08281708928899434,0.06804054975509644,-0.330272912979126,-0.07948427322463658
0.0,0.0,0.0,-0.048977017402648926,-0.053634464740753174,-0.029061939907947476,-0.08455538749694824,-0.12556779384613037,-0.05513209697393506,-0.09848189353942871,-0.19504696130752563,-0.07374060001758664,-0.10764318704605103,-0.2580580711364746,-0.09145749208120435,-0.0381854772567749,-0.1398301124572754,-0.08633159693864911,-0.02848494052886963,-0.2616070806980133,-0.11325911280302137,-0.021568357944488525,-0.3291822075843811,-0.11858474311021894,-0.014689922332763672,-0.3792434632778168,-0.11868673410801023,0.01141345500946045,-0.13312894105911255,-0.07961477932123273,0.01618170738220215,-0.2696422338485718,-0.10922230627922147,0.015989840030670166,-0.3455255329608917,-0.1121487900295648,0.016428649425506592,-0.39755040407180786,-0.11101208475021451,0.049115538597106934,-0.1311655044555664,-0.07102904316572278,0.04849594831466675,-0.25895771384239197,-0.09405247714904874,0.04632270336151123,-0.33328938484191895,-0.09563062932876676,0.04503375291824341,-0.3875916600227356,-0.09344402548460096,0.0759274959564209,-0.1304861307144165,-0.0628660231509599,0.07296967506408691,-0.22964930534362793,-0.07745427486089795,0.0668799877166748,-0.28486859798431396,-0.07731158879188627,0.061872899532318115,-0.32897600531578064,-0.07459360953954786
0.0,0.0,0.0,-0.048059821128845215,-0.05216950178146362,-0.026501873726417102,-0.0846090316772461,-0.1216745376586914,-0.05265554248767046,-0.09843945503234863,-0.18748217821121216,-0.07193513422684816,-0.10537755489349365,-0.24775540828704834,-0.09047977834420351,-0.036378324031829834,-0.13275080919265747,-0.08694082706647066,-0.027185142040252686,-0.25509291887283325,-0.1143891236134067,-0.0203932523727417,-0.3234439492225647,-0.11937382280306963,-0.014505863189697266,-0.37245631217956543,-0.11905456542449144,0.012133121490478516,-0.12476760149002075,-0.08247811555342821,0.01673603057861328,-0.26458728313446045,-0.11341386496501116,0.016251087188720703,-0.3401958644390106,-0.11665316879229692,0.016398966312408447,-0.39072537422180176,-0.11554017126040605,0.04927694797515869,-0.1224181056022644,-0.07587418913321642,0.04858893156051636,-0.2519293427467346,-0.0999334624357715,0.04676520824432373,-0.32587599754333496,-0.10202206879334597,0.04578590393066406,-0.3793458044528961,-0.10006072580294756,0.07622396945953369,-0.12119448184967041,-0.06938153713421968,0.07519769668579102,-0.22477728128433228,-0.08504275440650133,0.07081961631774902,-0.2806270122528076,-0.0851043558068767,0.06730484962463379,-0.3253987431526184,-0.08244269549327043
0.0,0.0,0.0,-0.04870462417602539,-0.051648080348968506,-0.027536934292342607,-0.08308058977127075,-0.12391722202301025,-0.05376876709463829,-0.095583975315094,-0.19191038608551025,-0.07276475620868439,-0.10444313287734985,-0.2536473274230957,-0.09102748525741333,-0.03745180368423462,-0.13212370872497559,-0.08859814149739975,-0.026875436305999756,-0.2557106018066406,-0.11687229020002121,-0.019596576690673828,-0.32511061429977417,-0.12239339393975968,-0.012823343276977539,-0.37527161836624146,-0.12224888247850174,0.01190119981765747,-0.12384498119354248,-0.08361356151702637,0.0192452073097229,-0.2625761032104492,-0.11536618513467545,0.01943451166152954,-0.34067970514297485,-0.11846323502662415,0.019693195819854736,-0.3938951790332794,-0.11685300809743637,0.05001997947692871,-0.1216273307800293,-0.07654587370755905,0.052052199840545654,-0.2506282329559326,-0.10111317974927658,0.0507546067237854,-0.3258489966392517,-0.10228789789083237,0.05026727914810181,-0.38128042221069336,-0.09926112932565445,0.07723033428192139,-0.12164753675460815,-0.069707164591577,0.07792454957962036,-0.22448807954788208,-0.08510613632800812,0.07387137413024902,-0.2815669775009155,-0.08428842020633454,0.07097631692886353,-0.32733410596847534,-0.08075726968648667
0.0,0.0,0.0,-0.048205018043518066,-0.05646425485610962,-0.02776477862928317,-0.08230936527252197,-0.13307470083236694,-0.05346328769658015,-0.09365212917327881,-0.20498478412628174,-0.0715576895031731,-0.10285419225692749,-0.2673015594482422,-0.08836324889991687,-0.03225129842758179,-0.14239805936813354,-0.08805617322061465,-0.021892428398132324,-0.263893723487854,-0.11353791882131503,-0.015053153038024902,-0.33202844858169556,-0.11680291970107959,-0.009446501731872559,-0.3823138177394867,-0.11572409798238681,0.016590893268585205,-0.13449549674987793,-0.0818343647274773,0.020708441734313965,-0.2752830386161804,-0.11099423100088046,0.02080714702606201,-0.35080909729003906,-0.11290312190387652,0.021452009677886963,-0.4021329879760742,-0.11129779000614093,0.05373430252075195,-0.13343876600265503,-0.07328585912321017,0.05144554376602173,-0.2652304172515869,-0.09686766941879199,0.05021655559539795,-0.3408353328704834,-0.09953103591535495,0.049985647201538086,-0.3967035114765167,-0.09817753364179538,0.0802733302116394,-0.1339418888092041,-0.06480437149141238,0.0776551365852356,-0.2386823296546936,-0.07932982225749896,0.07203775644302368,-0.2953138053417206,-0.07954248417947696,0.06722646951675415,-0.3412855267524719,-0.0775124915394585
0.0,0.0,0.0,-0.046160995960235596,-0.051247239112854004,-0.030071041256505282,-0.07948511838912964,-0.1225009560585022,-0.056520837068873675,-0.09100061655044556,-0.1893378496170044,-0.07489281770618561,-0.09489977359771729,-0.2506706118583679,-0.09236771491201523,-0.030987679958343506,-0.13577914237976074,-0.0910567331019223,-0.01902949810028076,-0.25749439001083374,-0.11737727996738556,-0.012544393539428711,-0.3288891613483429,-0.12154701229961518,-0.007603108882904053,-0.3798862099647522,-0.1209133404198468,0.016995131969451904,-0.12590163946151733,-0.08407582220466736,0.024411022663116455,-0.26413077116012573,-0.1145843553248227,0.024893879890441895,-0.3426583409309387,-0.11931042251022461,0.026023685932159424,-0.39624372124671936,-0.11944423493774536,0.05347234010696411,-0.12377721071243286,-0.0746622594896138,0.05325758457183838,-0.2529900074005127,-0.0991741779151738,0.05150800943374634,-0.32964280247688293,-0.10410802689226273,0.051240503787994385,-0.385369211435318,-0.10432140406997803,0.078921377658844,-0.12403029203414917,-0.06530614075096253,0.07623821496963501,-0.227882981300354,-0.08170016732843521,0.0713127851486206,-0.2831468880176544,-0.08333456394107941,0.06782728433609009,-0.32649746537208557,-0.08193680521877411
0.0,0.0,0.0,-0.04892057180404663,-0.05364304780960083,-0.03009530821551465,-0.08374029397964478,-0.12927192449569702,-0.056854606733814705,-0.09471958875656128,-0.20131635665893555,-0.07571586699892663,-0.10247665643692017,-0.2645379900932312,-0.09324764938761376,-0.03240853548049927,-0.13850361108779907,-0.0898973989646592,-0.02197355031967163,-0.26325488090515137,-0.1163329008381524,-0.014870405197143555,-0.33342573046684265,-0.12030613155771874,-0.00871121883392334,-0.38452839851379395,-0.11964627088715218,0.016952216625213623,-0.13077503442764282,-0.0831624615352311,0.02246302366256714,-0.2734867334365845,-0.11266410084177636,0.022587299346923828,-0.35114026069641113,-0.115313721017138,0.023384451866149902,-0.4042074680328369,-0.11433401437212609,0.0553971529006958,-0.13047564029693604,-0.07435343892981194,0.054775774478912354,-0.26369988918304443,-0.09795918049027108,0.053797900676727295,-0.34032899141311646,-0.10104759515930795,0.05357104539871216,-0.3974055051803589,-0.10021812202145242,0.08364313840866089,-0.13241910934448242,-0.06590155245472573,0.08055800199508667,-0.23861241340637207,-0.08121638478447579,0.07508265972137451,-0.2957858443260193,-0.08199132712294244,0.0706753134727478,-0.3426358103752136,-0.08028333367516183
0.0,0.0,0.0,-0.04982328414916992,-0.053252458572387695,-0.031703343392191385,-0.08299052715301514,-0.1288561224937439,-0.05852030754166648,-0.09029603004455566,-0.20219117403030396,-0.07713652938681648,-0.0958092212677002,-0.26643478870391846,-0.09431306809264228,-0.02728903293609619,-0.13578051328659058,-0.09172106325703666,-0.015378236770629883,-0.2639004588127136,-0.11892527878361747,-0.007140755653381348,-0.33445650339126587,-0.12308151066380546,0.0006401538848876953,-0.38716602325439453,-0.12258692622262046,0.022160828113555908,-0.12673842906951904,-0.08426953643637702,0.031040191650390625,-0.2715960741043091,-0.11545084953385398,0.03278660774230957,-0.3501262664794922,-0.11818785011845634,0.03455895185470581,-0.40447312593460083,-0.11699809670525596,0.060980379581451416,-0.12547314167022705,-0.07498335629778907,0.06517058610916138,-0.2601547837257385,-0.09999362170773551,0.06501168012619019,-0.3371359705924988,-0.10223418265658424,0.06504946947097778,-0.39459508657455444,-0.10026460677462623,0.08934634923934937,-0.1266012191772461,-0.06632043957787559,0.09152346849441528,-0.23354291915893555,-0.08302438050585792,0.0874474048614502,-0.29057228565216064,-0.08404598921614692,0.08355629444122314,-0.33725088834762573,-0.08204734116869972
0.0,0.0,0.0,-0.04830300807952881,-0.057364821434020996,-0.03388721899687336,-0.08185291290283203,-0.13429725170135498,-0.06247678802906559,-0.08927202224731445,-0.2092234492301941,-0.08294879676400707,-0.09240031242370605,-0.2768169641494751,-0.10210467906295345,-0.022184312343597412,-0.1420884132385254,-0.09457680614291714,-0.009895920753479004,-0.2748885154724121,-0.1232290122061877,-0.0010225176811218262,-0.3462722897529602,-0.1280067417174487,0.007728993892669678,-0.39993348717689514,-0.12802961499988125,0.02734774351119995,-0.13330072164535522,-0.08662685038148449,0.036035358905792236,-0.2838709354400635,-0.11849587441979931,0.03801339864730835,-0.3635486662387848,-0.12144186379014538,0.03983938694000244,-0.41856637597084045,-0.12105037303268001,0.0650063157081604,-0.1316838264465332,-0.07710865171252773,0.06938999891281128,-0.2716639041900635,-0.10301861943303631,0.06852889060974121,-0.3486872911453247,-0.10543974520265148,0.06814771890640259,-0.4061571955680847,-0.1040789935141711,0.09223783016204834,-0.1323704719543457,-0.06846471907197521,0.09442496299743652,-0.24106013774871826,-0.08626797826587246,0.09044814109802246,-0.2992650866508484,-0.08800410510598705,0.08667844533920288,-0.347531259059906,-0.0869148004203944
0.0,0.0,0.0,-0.0491943359375,-0.05923587083816528,-0.03153666345203732,-0.08193099498748779,-0.1379069685935974,-0.059559723863252145,-0.08905249834060669,-0.21174007654190063,-0.07881967214668606,-0.09394794702529907,-0.27785491943359375,-0.09666332838857983,-0.029342472553253174,-0.14043545722961426,-0.09746132282341335,-0.01648610830307007,-0.26682108640670776,-0.12546829370582913,-0.00723499059677124,-0.3370206952095032,-0.12895445016945217,0.0006194710731506348,-0.38872408866882324,-0.1275386908444247,0.021501004695892334,-0.1291576623916626,-0.09022705493296002,0.031381845474243164,-0.27375274896621704,-0.123050438741096,0.03362166881561279,-0.3541545867919922,-0.12556276706779812,0.035463690757751465,-0.40953025221824646,-0.12380023537004803,0.060992300510406494,-0.12624043226242065,-0.08058334378326748,0.06581556797027588,-0.2617429494857788,-0.1069761463793597,0.06617099046707153,-0.3411867320537567,-0.1090707132014117,0.06635600328445435,-0.39973214268684387,-0.10669184712494229,0.08938157558441162,-0.12620270252227783,-0.07116878269041393,0.09154075384140015,-0.23498249053955078,-0.08853459594572399,0.08766239881515503,-0.2938497066497803,-0.08915055034483288,0.08455687761306763,-0.34140145778656006,-0.08663776008213375
0.0,0.0,0.0,-0.04900270700454712,-0.05805927515029907,-0.032818948421429184,-0.08214646577835083,-0.13670438528060913,-0.060969451013754394,-0.09011685848236084,-0.2118198275566101,-0.08048503244275906,-0.09417778253555298,-0.27858811616897583,-0.09845153385753491,-0.027178943157196045,-0.1443501114845276,-0.09518201792592862,-0.013740956783294678,-0.2709084153175354,-0.12237192833776334,-0.004600703716278076,-0.341347336769104,-0.12576402122135022,0.0023868680000305176,-0.3933594822883606,-0.12452571237439969,0.02309781312942505,-0.1336788535118103,-0.08705505127067426,0.0323261022567749,-0.2791721820831299,-0.11825631702298978,0.034214019775390625,-0.3577883243560791,-0.1206879630124078,0.035679519176483154,-0.41175365447998047,-0.11923991287107327,0.06191146373748779,-0.13099819421768188,-0.07678566271419385,0.06493109464645386,-0.26649075746536255,-0.10196298504228452,0.06579148769378662,-0.3449915051460266,-0.10468621695394376,0.06650632619857788,-0.4035229980945587,-0.10326562965268948,0.08979403972625732,-0.13118278980255127,-0.0669923141037927,0.09036779403686523,-0.23847609758377075,-0.08344137066955426,0.08708053827285767,-0.29596370458602905,-0.0842226236497865,0.08415067195892334,-0.3429672122001648,-0.08223360175247052
0.0,0.0,0.0,-0.0498652458190918,-0.05507969856262207,-0.031247328314648826,-0.08325278759002686,-0.12907874584197998,-0.05961236478732701,-0.0909731388092041,-0.20019429922103882,-0.07931022467063542,-0.09459495544433594,-0.2662101984024048,-0.09766071410821553,-0.03095942735671997,-0.1329641342163086,-0.0984801736657488,-0.0183943510055542,-0.26008450984954834,-0.1268190902654993,-0.009390532970428467,-0.3307456076145172,-0.13030964257167454,-0.0022786855697631836,-0.3822307586669922,-0.12867325665401097,0.019311189651489258,-0.12248021364212036,-0.09112319471286412,0.02889150381088257,-0.26624596118927,-0.12449877830194112,0.030750751495361328,-0.3459300994873047,-0.12685217084334965,0.032021164894104004,-0.399550199508667,-0.12467055888818379,0.05793482065200806,-0.11942976713180542,-0.0812195700590479,0.06156051158905029,-0.254150390625,-0.10768311591790791,0.062172770500183105,-0.3326180577278137,-0.10921692969249364,0.06282597780227661,-0.38966885209083557,-0.10630679996656056,0.08526724576950073,-0.11918270587921143,-0.0714599800293314,0.08795672655105591,-0.22662687301635742,-0.08881884934352513,0.08558529615402222,-0.2846061587333679,-0.08906094105886098,0.08392107486724854,-0.3310093283653259,-0.08613827200578328
0.0,0.0,0.0,-0.04625982046127319,-0.058209359645843506,-0.030266039426674496,-0.07906186580657959,-0.1341126561164856,-0.05710901727830375,-0.08744639158248901,-0.20848143100738525,-0.07611641323124374,-0.09114688634872437,-0.27488404512405396,-0.09344630723749603,-0.024702787399291992,-0.14170747995376587,-0.08981052076374496,-0.011378049850463867,-0.26751548051834106,-0.11627471482311691,-0.00258636474609375,-0.33669671416282654,-0.11970318144117797,0.005047440528869629,-0.38903358578681946,-0.11859829759155716,0.023272335529327393,-0.13128530979156494,-0.08258341288124527,0.03234422206878662,-0.27537620067596436,-0.11284463142906631,0.03515124320983887,-0.3519695997238159,-0.11429064756189788,0.03785926103591919,-0.4049533009529114,-0.1121873263076445,0.06046617031097412,-0.1279139518737793,-0.0734239373162886,0.06542235612869263,-0.2622110843658447,-0.09793444013153518,0.06711798906326294,-0.33727753162384033,-0.09909144824301208,0.06879013776779175,-0.39308324456214905,-0.0963128659680983,0.08789318799972534,-0.12654966115951538,-0.06470678036962951,0.09098249673843384,-0.23208916187286377,-0.08029631560598816,0.08747023344039917,-0.28800129890441895,-0.07997325098072494,0.08412379026412964,-0.33372700214385986,-0.07705611770903076
0.0,0.0,0.0,-0.047955214977264404,-0.05919092893600464,-0.02972567616433608,-0.08170056343078613,-0.13581305742263794,-0.0563658883276652,-0.09018677473068237,-0.20936620235443115,-0.07541147223145472,-0.09067457914352417,-0.2751268148422241,-0.0931138952675532,-0.02504551410675049,-0.14645707607269287,-0.08960352441699015,-0.012377321720123291,-0.27267175912857056,-0.11442858329445826,-0.0030897855758666992,-0.3424738645553589,-0.11677069565684306,0.004888594150543213,-0.394292950630188,-0.11553606739670741,0.02313542366027832,-0.13580310344696045,-0.08249708613783824,0.030528128147125244,-0.2785312533378601,-0.11202526441246974,0.03323179483413696,-0.35609152913093567,-0.11524207493693339,0.03638803958892822,-0.41055965423583984,-0.11517343273789393,0.05958765745162964,-0.13208234310150146,-0.07303472211987483,0.06259894371032715,-0.2656726837158203,-0.09713391563326823,0.06411391496658325,-0.34183961153030396,-0.10139859071404445,0.06586575508117676,-0.3990821838378906,-0.10171246877343165,0.08556932210922241,-0.13037335872650146,-0.06371881416470515,0.08626896142959595,-0.23522865772247314,-0.07983188679844844,0.08363980054855347,-0.2919008135795593,-0.08188686123520839,0.08165901899337769,-0.3383125960826874,-0.08140375813872325
0.0,0.0,0.0,-0.048367857933044434,-0.05668586492538452,-0.03210819585507352,-0.08173227310180664,-0.13207632303237915,-0.05946569962685544,-0.09009653329849243,-0.2069278359413147,-0.0783704824585243,-0.09615486860275269,-0.2732689380645752,-0.09551394058649976,-0.029079914093017578,-0.13823598623275757,-0.09236551894133527,-0.01438593864440918,-0.2655186057090759,-0.11829711569731671,-0.004091501235961914,-0.33288443088531494,-0.11993756218140561,0.004834771156311035,-0.3829920291900635,-0.11745337469761807,0.02015209197998047,-0.12796974182128906,-0.08446730001156766,0.032328009605407715,-0.27201414108276367,-0.11567279769366223,0.03568458557128906,-0.3487967550754547,-0.11688216103499371,0.03751957416534424,-0.4020009934902191,-0.11421421243136365,0.058768630027770996,-0.12536847591400146,-0.07463186307137448,0.06670933961868286,-0.25914251804351807,-0.09943454040472943,0.06747442483901978,-0.333694726228714,-0.09925798399632413,0.06790292263031006,-0.3887864053249359,-0.09533043278639752,0.08688569068908691,-0.1262933611869812,-0.06544905228798825,0.09030401706695557,-0.2319774031639099,-0.0819860704082771,0.08670943975448608,-0.2872118651866913,-0.08177372141068417,0.08371907472610474,-0.3315030634403229,-0.07855968250220258
0.0,0.0,0.0,-0.04810994863510132,-0.05933409929275513,-0.029986588704307593,-0.08176112174987793,-0.13572126626968384,-0.056899208995421446,-0.0889209508895874,-0.20923346281051636,-0.0755915906754332,-0.08995771408081055,-0.27554231882095337,-0.09246191796930603,-0.02653402090072632,-0.14411115646362305,-0.09258146253498367,-0.011800706386566162,-0.2702483534812927,-0.1176394638148146,-0.0024930238723754883,-0.3391810655593872,-0.11894264486702255,0.004671633243560791,-0.39037609100341797,-0.11630918500097565,0.022347867488861084,-0.13318228721618652,-0.08469781694086365,0.03141528367996216,-0.2792555093765259,-0.11381560978563598,0.03461790084838867,-0.3549790382385254,-0.1140899848666983,0.037396788597106934,-0.4065391719341278,-0.11121203419836334,0.060000836849212646,-0.12938863039016724,-0.07436310914429001,0.06269848346710205,-0.26569122076034546,-0.09778254148634247,0.06401550769805908,-0.3408527374267578,-0.09870230075987152,0.06551992893218994,-0.39643704891204834,-0.09609400150450043,0.08766460418701172,-0.12750244140625,-0.06425723848017029,0.08752286434173584,-0.2334047555923462,-0.07914328244598678,0.08328956365585327,-0.2890956997871399,-0.07876812336118988,0.07960182428359985,-0.334266722202301,-0.07597458777101807
0.0,0.0,0.0,-0.04580289125442505,-0.060665130615234375,-0.03100147194085423,-0.07638639211654663,-0.13789480924606323,-0.058250895727852026,-0.08238250017166138,-0.21402186155319214,-0.07774752660510842,-0.08178097009658813,-0.2828666567802429,-0.096413183052519,-0.019009530544281006,-0.14647763967514038,-0.09036397470948998,-0.005381286144256592,-0.2734639048576355,-0.11638508274076287,0.003881096839904785,-0.3450920283794403,-0.12078701986787621,0.01245737075805664,-0.39929404854774475,-0.1212094379853994,0.029323816299438477,-0.1365412473678589,-0.0821772320461065,0.03742259740829468,-0.2795511484146118,-0.11046535803792779,0.03970152139663696,-0.35811901092529297,-0.11369183196542565,0.040884554386138916,-0.412775456905365,-0.11442379935500924,0.0648648738861084,-0.13399642705917358,-0.07177149786470238,0.06867420673370361,-0.26634883880615234,-0.09532430305002038,0.06904935836791992,-0.34303179383277893,-0.0995092569184095,0.06841403245925903,-0.4006939232349396,-0.10037669821498696,0.08993154764175415,-0.13347941637039185,-0.061726438839414755,0.08937609195709229,-0.23653942346572876,-0.07870725079295937,0.08435851335525513,-0.29514801502227783,-0.08136533482787911,0.0795789361000061,-0.34431540966033936,-0.08150904907701317
0.0,0.0,0.0,-0.02520430088043213,-0.034971654415130615,-0.00864503070086542,-0.04022186994552612,-0.08036500215530396,-0.017318267406228216,-0.04629391431808472,-0.11931091547012329,-0.02412978004038635,-0.051899075508117676,-0.15052640438079834,-0.031083194569948347,-0.023523271083831787,-0.09218341112136841,-0.030676974014642866,-0.01755392551422119,-0.16074854135513306,-0.042492944778206976,-0.01356571912765503,-0.20016521215438843,-0.04512364047885242,-0.009769201278686523,-0.22721505165100098,-0.045296881378892095,0.0023491382598876953,-0.08578062057495117,-0.03188219669580761,0.004633903503417969,-0.1651504635810852,-0.04379801827788654,0.0053331851959228516,-0.20995768904685974,-0.047044325650933416,0.006014466285705566,-0.23962953686714172,-0.04815978932500187,0.0243455171585083,-0.08292233943939209,-0.03249900791168514,0.024291157722473145,-0.1579970121383667,-0.04359253871560398,0.02281290292739868,-0.20245319604873657,-0.04824774342894855,0.021256327629089355,-0.23427417874336243,-0.04992186281204525,0.04175013303756714,-0.08083844184875488,-0.03289522606253925,0.04063481092453003,-0.13962149620056152,-0.040863163800242575,0.03680151700973511,-0.17244648933410645,-0.042545650185349615,0.03246164321899414,-0.19820618629455566,-0.04259977492809597
0.0,0.0,0.0,-0.023636221885681152,-0.03450113534927368,-0.011421428785086007,-0.038294076919555664,-0.07911384105682373,-0.022240591958523126,-0.046253979206085205,-0.11542457342147827,-0.030371712312460275,-0.05265235900878906,-0.14737629890441895,-0.03920743593609366,-0.021908283233642578,-0.08873313665390015,-0.03865593278443846,-0.017855405807495117,-0.15613901615142822,-0.05204509550368819,-0.014660418033599854,-0.1974133849143982,-0.05575084665453467,-0.011016428470611572,-0.22714951634407043,-0.05699634531176123,0.004568994045257568,-0.08167195320129395,-0.03922942632472548,0.005534172058105469,-0.16175919771194458,-0.05351557561790976,0.005208611488342285,-0.209427148103714,-0.05910082885658774,0.005091488361358643,-0.2420307695865631,-0.06207161375916037,0.02646559476852417,-0.0798230767250061,-0.03869698548352751,0.024477660655975342,-0.15682852268218994,-0.05191690826451811,0.021611154079437256,-0.2032128870487213,-0.05861351618206534,0.019299983978271484,-0.23649579286575317,-0.061863578647733064,0.042595624923706055,-0.08059591054916382,-0.037904515654206605,0.03851252794265747,-0.13898581266403198,-0.04817232096231017,0.034394025802612305,-0.1723915934562683,-0.051411427349210115,0.030456960201263428,-0.1978001594543457,-0.05266205945646796
0.0,0.0,0.0,-0.027318477630615234,-0.033604323863983154,-0.0123860364168209,-0.04353898763656616,-0.08103638887405396,-0.02287015815668525,-0.04891103506088257,-0.12161093950271606,-0.030575349306992905,-0.05347937345504761,-0.15471690893173218,-0.038178758075765984,-0.023209869861602783,-0.09132272005081177,-0.036818468323282616,-0.01684439182281494,-0.16012799739837646,-0.05065488194518508,-0.012411057949066162,-0.2024167776107788,-0.05471376453929366,-0.00827711820602417,-0.23231589794158936,-0.055626550069383995,0.0036133527755737305,-0.0847826600074768,-0.03602448975139083,0.007845938205718994,-0.16299200057983398,-0.05066973467760505,0.009404897689819336,-0.2110218107700348,-0.05476855238371314,0.01071023941040039,-0.2442740797996521,-0.05581427862339439,0.026149630546569824,-0.08109116554260254,-0.03457663332515182,0.026086509227752686,-0.15313595533370972,-0.047303726276687996,0.024406075477600098,-0.19907408952713013,-0.05167971303158225,0.023187100887298584,-0.23205465078353882,-0.052508329352669136,0.04315727949142456,-0.07821714878082275,-0.033116684606604,0.04077357053756714,-0.13755011558532715,-0.04140425597720565,0.03520691394805908,-0.1711331009864807,-0.04238195841603698,0.030441462993621826,-0.19595706462860107,-0.04152259354882659
0.0,0.0,0.0,-0.02845233678817749,-0.03225886821746826,-0.012212048795255726,-0.04658305644989014,-0.07781213521957397,-0.022803533401521747,-0.05408048629760742,-0.11745285987854004,-0.0306127588713494,-0.06037217378616333,-0.14957255125045776,-0.03783527347091109,-0.02817058563232422,-0.08371120691299438,-0.036710083063873356,-0.021828293800354004,-0.15506088733673096,-0.05009910422209174,-0.017572641372680664,-0.19553431868553162,-0.0526973191166249,-0.014516830444335938,-0.22319987416267395,-0.0522913854086724,-0.0005155801773071289,-0.07836848497390747,-0.03609436335805327,0.003245532512664795,-0.15855318307876587,-0.04976736339572341,0.003882288932800293,-0.20381087064743042,-0.05213494556787879,0.0033665895462036133,-0.23334631323814392,-0.05186708229425818,0.022990167140960693,-0.07747453451156616,-0.035012069668802326,0.02192699909210205,-0.1508791446685791,-0.04668046119454772,0.020031273365020752,-0.19513514637947083,-0.049369237896236484,0.017769336700439453,-0.2267637848854065,-0.04912677365187079,0.04130798578262329,-0.07864046096801758,-0.03406589808705718,0.039858222007751465,-0.1359845995903015,-0.04192076208833129,0.03657621145248413,-0.16780942678451538,-0.042398608800205295,0.03238910436630249,-0.1928730309009552,-0.04104102360847861
0.0,0.0,0.0,-0.024031639099121094,-0.03471100330352783,-0.009177654382655831,-0.034880638122558594,-0.07958638668060303,-0.016973915842244836,-0.03702819347381592,-0.1159595251083374,-0.022242102173040124,-0.035051822662353516,-0.14641976356506348,-0.02820195011503479,-0.021951138973236084,-0.0855100154876709,-0.033520981070468636,-0.016933143138885498,-0.1530405879020691,-0.04408979355997822,-0.012676477432250977,-0.19323089718818665,-0.045636005100677224,-0.008234202861785889,-0.21973198652267456,-0.045475396660039635,0.002904951572418213,-0.07834440469741821,-0.03440450071997425,0.0069672465324401855,-0.15661537647247314,-0.046450334933469506,0.009108960628509521,-0.20308458805084229,-0.05068602353043339,0.009395480155944824,-0.2338222861289978,-0.05257428005046627,0.023812830448150635,-0.07527375221252441,-0.034214484837720605,0.024472296237945557,-0.14949119091033936,-0.0457523161143758,0.02502363920211792,-0.1949971318244934,-0.052350814786622735,0.02521425485610962,-0.22784826159477234,-0.05556010767526409,0.03946489095687866,-0.07386577129364014,-0.033471863117883416,0.03782975673675537,-0.13368827104568481,-0.04249740332073948,0.035231947898864746,-0.1685999631881714,-0.04558558702177784,0.03271263837814331,-0.19464778900146484,-0.04680437907285473
0.0,0.0,0.0,-0.028436124324798584,-0.03512853384017944,-0.00972032132527545,-0.04484272003173828,-0.08118510246276855,-0.019005406228515653,-0.05004072189331055,-0.12066435813903809,-0.0263222451784344,-0.05401909351348877,-0.15408462285995483,-0.033451042649957685,-0.028677523136138916,-0.08873391151428223,-0.03161938819071963,-0.022165119647979736,-0.1581364870071411,-0.04457633155367091,-0.01719200611114502,-0.19854730367660522,-0.047676693228694944,-0.01262962818145752,-0.2264413833618164,-0.047986495820495634,-0.00160294771194458,-0.08192414045333862,-0.03290134626409724,0.0020716190338134766,-0.1609923243522644,-0.04700936335107997,0.004777729511260986,-0.20765161514282227,-0.0514587942042084,0.006860911846160889,-0.23962706327438354,-0.05283050942203715,0.02169930934906006,-0.07776874303817749,-0.03370451885244563,0.02105891704559326,-0.1514531373977661,-0.04680494177124217,0.021466851234436035,-0.1978074610233307,-0.052140418020698576,0.02185767889022827,-0.23231112957000732,-0.05367945837757304,0.040429532527923584,-0.0744779109954834,-0.03424730482480243,0.0380825400352478,-0.13288843631744385,-0.0435385215558739,0.035495102405548096,-0.1674431562423706,-0.04552422049424365,0.03290903568267822,-0.1951543688774109,-0.045337739912483244
0.0,0.0,0.0,-0.027926206588745117,-0.03775066137313843,-0.009892068478105642,-0.04573708772659302,-0.08583754301071167,-0.019389030198393442,-0.05155974626541138,-0.12830311059951782,-0.026992135356007196,-0.055509090423583984,-0.16275471448898315,-0.034108522022901155,-0.027225077152252197,-0.09433013200759888,-0.0315207230400425,-0.020000696182250977,-0.16455066204071045,-0.04410491385572968,-0.015187382698059082,-0.20398443937301636,-0.04653919735067902,-0.010275542736053467,-0.23194319009780884,-0.04649966457003174,-0.00021600723266601562,-0.0879819393157959,-0.03260633968823967,0.0040013790130615234,-0.16833889484405518,-0.045472639287648775,0.005818665027618408,-0.21325504779815674,-0.04797122501843987,0.007628083229064941,-0.2436647117137909,-0.04831443973892746,0.02327704429626465,-0.08480435609817505,-0.033433652157722094,0.023619771003723145,-0.1602334976196289,-0.04499225937837181,0.023036479949951172,-0.2048282027244568,-0.04840851822012482,0.02293485403060913,-0.23769474029541016,-0.04903768994921265,0.04254317283630371,-0.08217322826385498,-0.034359036619601824,0.041207194328308105,-0.14056652784347534,-0.04231953122728882,0.03810387849807739,-0.17374441027641296,-0.04361432665103493,0.03487473726272583,-0.20059752464294434,-0.043262122805057146
0.0,0.0,0.0,-0.027696728706359863,-0.03527343273162842,-0.007093406091748022,-0.04398620128631592,-0.08214110136032104,-0.014403967927513861,-0.04837316274642944,-0.12199103832244873,-0.020273925545929217,-0.04987567663192749,-0.15335038304328918,-0.025687848958490633,-0.025369644165039062,-0.09279823303222656,-0.02727837841522529,-0.017645537853240967,-0.16277635097503662,-0.03828268106591537,-0.012762129306793213,-0.20284205675125122,-0.039514727699874186,-0.00966256856918335,-0.2286539077758789,-0.03841513376247718,-4.738569259643555e-05,-0.08685475587844849,-0.029049986782787585,0.0048757195472717285,-0.16527262330055237,-0.041703861016152644,0.0071280598640441895,-0.2098638415336609,-0.04385591651809051,0.0074593424797058105,-0.2384793758392334,-0.04321037213814094,0.022058546543121338,-0.08312219381332397,-0.030417978572963023,0.0221824049949646,-0.15611684322357178,-0.041161712068436884,0.022289633750915527,-0.19880369305610657,-0.04415643568646743,0.021549105644226074,-0.2288699746131897,-0.04409490506660774,0.04004967212677002,-0.07890206575393677,-0.03165397401463821,0.039346158504486084,-0.13336509466171265,-0.03869599084865882,0.0371549129486084,-0.16604086756706238,-0.039686091053603434,0.03383326530456543,-0.19158902764320374,-0.03875507022750213
0.0,0.0,0.0,-0.02669757604598999,-0.034973204135894775,-0.007397062719668668,-0.04243803024291992,-0.08086681365966797,-0.015178052817340415,-0.048741698265075684,-0.12028765678405762,-0.02186914357995562,-0.05287295579910278,-0.1523851752281189,-0.028349515159483474,-0.02355170249938965,-0.09695863723754883,-0.025261474882121604,-0.017606735229492188,-0.16247814893722534,-0.03640711132144503,-0.01340329647064209,-0.20138788223266602,-0.03877342689489893,-0.009963274002075195,-0.22831222414970398,-0.03893098432278208,0.0013689994812011719,-0.0915256142616272,-0.027670519535298865,0.005793273448944092,-0.16797733306884766,-0.040076715980525535,0.007869422435760498,-0.2119857668876648,-0.04346136200880579,0.008875489234924316,-0.24187308549880981,-0.04418729815339617,0.022785842418670654,-0.08629012107849121,-0.029808972139711898,0.02377849817276001,-0.1581118106842041,-0.04122545022224955,0.02417755126953125,-0.20111382007598877,-0.045453814898486655,0.02410709857940674,-0.23237407207489014,-0.04642931941604189,0.0404583215713501,-0.07970327138900757,-0.03182980987882189,0.04113566875457764,-0.1355501413345337,-0.03994072798347048,0.039153218269348145,-0.1690196394920349,-0.04158047038769297,0.03607213497161865,-0.19614648818969727,-0.04127685922836832
0.0,0.0,0.0,-0.02428567409515381,-0.03612399101257324,-0.008328971191346568,-0.04019588232040405,-0.08356726169586182,-0.016691235563754958,-0.04776257276535034,-0.12436580657958984,-0.023253082967400474,-0.05316340923309326,-0.15708720684051514,-0.029265526420473975,-0.023848295211791992,-0.09096676111221313,-0.03029916223049156,-0.017019689083099365,-0.16008135676383972,-0.04141343172550194,-0.012358665466308594,-0.19866281747817993,-0.04258042361497871,-0.007969498634338379,-0.22503221035003662,-0.04175468321800224,0.0017750859260559082,-0.0848817229270935,-0.03155144836664192,0.005930125713348389,-0.16537335515022278,-0.04413537468671791,0.007796823978424072,-0.20906534790992737,-0.04600516121745102,0.009014010429382324,-0.23800057172775269,-0.04566505338907234,0.02365821599960327,-0.0820164680480957,-0.03227968674063675,0.02442169189453125,-0.15694808959960938,-0.04350846048355095,0.023943603038787842,-0.19989365339279175,-0.04668427418828003,0.022892534732818604,-0.2314104437828064,-0.04695573236703865,0.0408245325088501,-0.08004969358444214,-0.03288436841130249,0.0410306453704834,-0.1365678906440735,-0.04055835094213478,0.0379638671875,-0.16921615600585938,-0.04180625241160385,0.03367769718170166,-0.1956358551979065,-0.041360852978229445
0.0,0.0,0.0,-0.02367955446243286,-0.03720080852508545,-0.005472697916066416,-0.034383535385131836,-0.08410584926605225,-0.011241732298022278,-0.03461897373199463,-0.12220358848571777,-0.015476608781701096,-0.03246605396270752,-0.15139013528823853,-0.01968529926854945,-0.02174091339111328,-0.09264254570007324,-0.02668804036695338,-0.01597893238067627,-0.16022321581840515,-0.03686897935587741,-0.011825501918792725,-0.19900372624397278,-0.03778191017228938,-0.008002519607543945,-0.22496533393859863,-0.03686941521484233,0.003053605556488037,-0.08584564924240112,-0.029101316949909695,0.00616610050201416,-0.1660493016242981,-0.04128516199309207,0.007992982864379883,-0.21223336458206177,-0.044114218226259716,0.008615553379058838,-0.24310296773910522,-0.04442876311261035,0.024055182933807373,-0.08214503526687622,-0.030763219243472584,0.023847579956054688,-0.15639448165893555,-0.04261382775623179,0.023133933544158936,-0.20144414901733398,-0.04758063810188151,0.02166670560836792,-0.2337016463279724,-0.04880926119405604,0.0404927134513855,-0.07900106906890869,-0.0318360190303979,0.040618836879730225,-0.13642597198486328,-0.0405296544941125,0.037413954734802246,-0.17059892416000366,-0.04275068002063609,0.033242762088775635,-0.19694292545318604,-0.04285693647581912
0.0,0.0,0.0,-0.025410711765289307,-0.033618807792663574,-0.008989406391512134,-0.04005223512649536,-0.07737195491790771,-0.01873315741820214,-0.046183645725250244,-0.11670976877212524,-0.026430326155852057,-0.049740731716156006,-0.1510835886001587,-0.03430039492947934,-0.020332634449005127,-0.09106838703155518,-0.034948926992248275,-0.015116989612579346,-0.16019582748413086,-0.046687633372377135,-0.012233078479766846,-0.2011556327342987,-0.048473783410619475,-0.008804619312286377,-0.2305278182029724,-0.048374962634872176,0.005306601524353027,-0.08554410934448242,-0.035619948632549026,0.007622420787811279,-0.1674945056438446,-0.04890940023167012,0.007243096828460693,-0.21339702606201172,-0.05146787745458958,0.007388591766357422,-0.2449401319026947,-0.05202874971134541,0.026781916618347168,-0.08276903629302979,-0.03520257455808995,0.026842713356018066,-0.1587235927581787,-0.04600638208491681,0.02535194158554077,-0.2036963701248169,-0.04863299114210484,0.024107754230499268,-0.23676267266273499,-0.049062897093127944,0.04326152801513672,-0.07996457815170288,-0.03466211689216969,0.043199241161346436,-0.1371203064918518,-0.041358199543784835,0.0400238037109375,-0.17121624946594238,-0.04160911274654744,0.03603726625442505,-0.19804248213768005,-0.04086350706918118
0.0,0.0,0.0,-0.02501678466796875,-0.03355872631072998,-0.009707236397520802,-0.04056394100189209,-0.07767021656036377,-0.019969884972528718,-0.04678666591644287,-0.11695224046707153,-0.028227795581774018,-0.04968041181564331,-0.15140539407730103,-0.03649151205594947,-0.01723170280456543,-0.08876872062683105,-0.03414415448482444,-0.013841569423675537,-0.15557217597961426,-0.045345115210370324,-0.011139988899230957,-0.19524887204170227,-0.04690113171513488,-0.007742345333099365,-0.22418490052223206,-0.04682401075537612,0.00879526138305664,-0.08335304260253906,-0.034538111384467385,0.009995818138122559,-0.1625363826751709,-0.047203290011243126,0.009695172309875488,-0.20881855487823486,-0.050056538279608986,0.009639263153076172,-0.24185124039649963,-0.05112719416196754,0.030207157135009766,-0.08129417896270752,-0.0338497261660855,0.02837526798248291,-0.1553838849067688,-0.04429093256171157,0.025717079639434814,-0.19975271821022034,-0.04736654340799262,0.02326333522796631,-0.23292070627212524,-0.04833390444095542,0.04641050100326538,-0.0799914002418518,-0.033162857140855095,0.04317295551300049,-0.13814949989318848,-0.03984641164119651,0.038762688636779785,-0.1725594699382782,-0.04054454594428947,0.03430831432342529,-0.20027261972427368,-0.04018919795329978
0.0,0.0,0.0,-0.019756436347961426,-0.03406935930252075,-0.00808196712035425,-0.03179436922073364,-0.0792379379272461,-0.017441043739502504,-0.03907972574234009,-0.1183510422706604,-0.024742342640941217,-0.041926681995391846,-0.15152966976165771,-0.03320256259042509,-0.010071039199829102,-0.08779668807983398,-0.03541445370513685,-0.006269693374633789,-0.15433913469314575,-0.045136615743224695,-0.0029671192169189453,-0.19272375106811523,-0.046398252358024195,0.0009104013442993164,-0.22018462419509888,-0.046697374542539194,0.0145951509475708,-0.08042711019515991,-0.03657937433320768,0.01699519157409668,-0.16141831874847412,-0.047914613147561624,0.01757723093032837,-0.20746907591819763,-0.05140774707991369,0.017072677612304688,-0.23939841985702515,-0.05354587372142561,0.03389972448348999,-0.07749736309051514,-0.03612352918583639,0.03487873077392578,-0.15369367599487305,-0.046923205365722254,0.033138811588287354,-0.19763660430908203,-0.0521738046010185,0.031152188777923584,-0.228948712348938,-0.0550216362972904,0.04742312431335449,-0.07631903886795044,-0.03508038457233198,0.04807150363922119,-0.13487040996551514,-0.04433017234999426,0.04501807689666748,-0.1686953902244568,-0.04693634818989523,0.04092073440551758,-0.19398587942123413,-0.04798633243638761
0.0,0.0,0.0,-0.011935055255889893,-0.033901095390319824,-0.003412753179389938,-0.015022456645965576,-0.08012974262237549,-0.008247477071080311,-0.013837635517120361,-0.11889076232910156,-0.011399152757320508,-0.011873066425323486,-0.14993774890899658,-0.015372208388242825,-0.005751967430114746,-0.08374738693237305,-0.02928771457979451,-0.001983821392059326,-0.1498236060142517,-0.03700447648176919,0.0007231831550598145,-0.18727558851242065,-0.036526495659444436,0.003184974193572998,-0.2129562497138977,-0.03546640470037232,0.015850305557250977,-0.07880789041519165,-0.031475355917308434,0.017908036708831787,-0.15721958875656128,-0.04071304395208131,0.01829075813293457,-0.2011806070804596,-0.04188721820125352,0.016483783721923828,-0.23098313808441162,-0.042126668685767754,0.0332636833190918,-0.07831990718841553,-0.031976519221160515,0.034707844257354736,-0.15259289741516113,-0.040430953794810875,0.03354907035827637,-0.19443154335021973,-0.043575545841548546,0.031208932399749756,-0.22482699155807495,-0.04500380724081765,0.045651257038116455,-0.07928919792175293,-0.03162625252613793,0.047859370708465576,-0.1351415514945984,-0.03922349035153161,0.04611247777938843,-0.1687920093536377,-0.04091186642060052,0.042742252349853516,-0.19487670063972473,-0.04125416471967469
0.0,0.0,0.0,0.00824064016342163,-0.03166157007217407,0.0005301646145809968,0.018600404262542725,-0.07399433851242065,-0.0011778522908869604,0.027013957500457764,-0.11209052801132202,-0.002168653432484291,0.0285567045211792,-0.14145022630691528,-0.004284670476074837,0.012262165546417236,-0.08633410930633545,-0.02059858654832425,0.015189290046691895,-0.15327298641204834,-0.028825871546025894,0.016732513904571533,-0.19263681769371033,-0.029879022289271973,0.017265021800994873,-0.21899867057800293,-0.029501613129134796,0.0207139253616333,-0.08521246910095215,-0.024905862186308525,0.023955345153808594,-0.1632019281387329,-0.034901630033012054,0.025462627410888672,-0.2091304063796997,-0.037457235057111404,0.024363219738006592,-0.2407967448234558,-0.03832823400592389,0.025772690773010254,-0.08750945329666138,-0.027859039504285477,0.030066072940826416,-0.16297292709350586,-0.038382593441959045,0.030449271202087402,-0.20527422428131104,-0.04284301762675824,0.02908259630203247,-0.23480165004730225,-0.04417242472266736,0.02790665626525879,-0.08976495265960693,-0.029552018169518135,0.03678351640701294,-0.14817672967910767,-0.038745243001933716,0.0402340292930603,-0.1828404664993286,-0.04163130735253873,0.0417976975440979,-0.2100980281829834,-0.042322482813354156
0.0,0.0,0.0,-0.028015315532684326,-0.03461575508117676,-0.011291951300357539,-0.043829262256622314,-0.08038872480392456,-0.021672386104022223,-0.048145949840545654,-0.12039273977279663,-0.029169285097871978,-0.05071026086807251,-0.15382790565490723,-0.03616478609458085,-0.0222015380859375,-0.09099823236465454,-0.03806622641697999,-0.012740135192871094,-0.16304588317871094,-0.05001678260580178,-0.007369041442871094,-0.2033039629459381,-0.050777870589648444,-0.0028550028800964355,-0.23062556982040405,-0.049379363083993155,0.005466282367706299,-0.08344036340713501,-0.03744968714729424,0.011848270893096924,-0.16655489802360535,-0.05108499469772454,0.013531386852264404,-0.21140211820602417,-0.05205954554096337,0.015037298202514648,-0.24126338958740234,-0.05066818686739083,0.028238534927368164,-0.07924938201904297,-0.035943537378464896,0.030247926712036133,-0.1568356156349182,-0.04759447964445229,0.02907407283782959,-0.20042335987091064,-0.048613413596307,0.028584420680999756,-0.2316851019859314,-0.04714713933483239,0.04539281129837036,-0.07614630460739136,-0.03440730961576577,0.04519563913345337,-0.13650113344192505,-0.04192048626557465,0.041996657848358154,-0.16869106888771057,-0.041246767515097815,0.03899413347244263,-0.19374996423721313,-0.039046737724696357
0.0,0.0,0.0,0.0012473464012145996,-0.029767990112304688,-0.002935295008207106,0.010683774948120117,-0.07399934530258179,-0.006246217308650159,0.019739270210266113,-0.11133438348770142,-0.007478854401121282,0.02252042293548584,-0.14035600423812866,-0.009403746357271814,0.007585585117340088,-0.0768921971321106,-0.02796616755993142,0.011153340339660645,-0.14432066679000854,-0.035731037860820436,0.013703405857086182,-0.18246951699256897,-0.03541424662441983,0.015002667903900146,-0.20626050233840942,-0.034086266314695024,0.01953256130218506,-0.07294648885726929,-0.029237549534151697,0.020734667778015137,-0.1502014398574829,-0.037776613390157365,0.020420432090759277,-0.19030898809432983,-0.037599226242015504,0.017637133598327637,-0.2145071029663086,-0.03674019665093198,0.029832005500793457,-0.0739278793334961,-0.029023252209732675,0.031813085079193115,-0.1477251648902893,-0.03612876847953572,0.030790209770202637,-0.1878231167793274,-0.0372625792083241,0.02878648042678833,-0.2151719331741333,-0.03731506109804883,0.03810983896255493,-0.0763823390007019,-0.02804265894562974,0.042058587074279785,-0.13194012641906738,-0.0345554703530766,0.0413815975189209,-0.16392958164215088,-0.035500297105024003,0.03961026668548584,-0.18792849779129028,-0.035212268835017824
0.0,0.0,0.0,-0.021959960460662842,-0.03389871120452881,-0.009579507177765123,-0.03522086143493652,-0.0799681544303894,-0.01993956278085207,-0.04058569669723511,-0.1198534369468689,-0.02802716056823229,-0.0437660813331604,-0.15390276908874512,-0.036548113925451986,-0.012821853160858154,-0.08721733093261719,-0.03552608798264956,-0.007316708564758301,-0.15533506870269775,-0.04647567356943583,-0.004376709461212158,-0.1939510703086853,-0.048198054088349096,-0.0012281537055969238,-0.22161835432052612,-0.04834317277192568,0.012260675430297852,-0.08051109313964844,-0.03571180487989878,0.015388071537017822,-0.1608371138572693,-0.04832818592905497,0.014634907245635986,-0.20631390810012817,-0.05134203518747782,0.0139579176902771,-0.23850569128990173,-0.0525249973964641,0.03254258632659912,-0.0782550573348999,-0.03461069102406,0.03217071294784546,-0.15359479188919067,-0.04486092041253542,0.029801905155181885,-0.1978139877319336,-0.04842421646236872,0.027740657329559326,-0.23051822185516357,-0.04991374398588633,0.047680437564849854,-0.0772135853767395,-0.033364987475867025,0.04468941688537598,-0.13506025075912476,-0.03993097553967928,0.040119826793670654,-0.1691473126411438,-0.040876528723234884,0.035775184631347656,-0.1958610713481903,-0.0409116097819755
0.0,0.0,0.0,-0.024673163890838623,-0.03532141447067261,-0.011461863082868007,-0.039485812187194824,-0.08050715923309326,-0.02239423689715281,-0.04459238052368164,-0.12058788537979126,-0.030805806417983916,-0.04633438587188721,-0.15645861625671387,-0.039492714007419494,-0.016390502452850342,-0.09040844440460205,-0.037682900925201324,-0.010728061199188232,-0.1582791805267334,-0.05055424829296484,-0.0072234272956848145,-0.1991671621799469,-0.05378447358779326,-0.003379523754119873,-0.22938919067382812,-0.054689838339609054,0.00985187292098999,-0.08356046676635742,-0.03707751889995947,0.01304394006729126,-0.1635693907737732,-0.05081479509643927,0.012284159660339355,-0.21080952882766724,-0.05434886624388113,0.011741816997528076,-0.244279146194458,-0.05566853915624037,0.03141617774963379,-0.0810999870300293,-0.035461603452485946,0.030443131923675537,-0.15570318698883057,-0.04670475309066191,0.027595043182373047,-0.2010093629360199,-0.05049680804185286,0.02536904811859131,-0.23479175567626953,-0.051815393169444945,0.04762965440750122,-0.08032834529876709,-0.03392777105144873,0.04376429319381714,-0.13589411973953247,-0.04155116041473761,0.03895008563995361,-0.1701703667640686,-0.04307141040734663,0.034642696380615234,-0.19767802953720093,-0.043151649435085204
0.0,0.0,0.0,-0.022290945053100586,-0.0347023606300354,-0.009281622224008856,-0.03496748208999634,-0.08022785186767578,-0.019619718172108946,-0.04110020399093628,-0.12032604217529297,-0.0277801304836629,-0.04513436555862427,-0.15510666370391846,-0.03649454934195262,-0.01214069128036499,-0.09133416414260864,-0.035901330389535246,-0.005219638347625732,-0.16016900539398193,-0.04671583695009929,-0.001099228858947754,-0.19912543892860413,-0.04804736746147853,0.0032053589820861816,-0.22608068585395813,-0.047869019188439665,0.01325148344039917,-0.08367574214935303,-0.03631227461293918,0.016730427742004395,-0.1648990511894226,-0.04870444534019214,0.017297208309173584,-0.2096654772758484,-0.0514547526617406,0.017321109771728516,-0.24101337790489197,-0.05251663548544627,0.03371840715408325,-0.08021801710128784,-0.035379365064656554,0.0333484411239624,-0.15633398294448853,-0.04584772510126811,0.03183799982070923,-0.19986194372177124,-0.049431275554454146,0.030317187309265137,-0.2319934368133545,-0.05088837815121394,0.04872715473175049,-0.07835233211517334,-0.03421463815168124,0.047748684883117676,-0.13757002353668213,-0.041061323114192305,0.044505953788757324,-0.17186832427978516,-0.04200532285169345,0.040744245052337646,-0.19889891147613525,-0.042029291369473754
0.0,0.0,0.0,-0.019437313079833984,-0.02949345111846924,-0.011083360782961904,-0.028491556644439697,-0.07629406452178955,-0.020592732376556455,-0.0299949049949646,-0.1168891191482544,-0.026752559489708005,-0.02916574478149414,-0.14846163988113403,-0.033870473525624334,-0.008011102676391602,-0.07797330617904663,-0.04067633303175455,-0.0029817819595336914,-0.14710652828216553,-0.04934445025692469,-0.0003345012664794922,-0.1854601502418518,-0.049566701076130926,0.002455472946166992,-0.21120214462280273,-0.04912893103728777,0.016581296920776367,-0.07305407524108887,-0.038775708547930776,0.019065260887145996,-0.15310561656951904,-0.0479665287054587,0.0182228684425354,-0.19593119621276855,-0.04965206237802988,0.015488922595977783,-0.2240947186946869,-0.05073832350144869,0.035752952098846436,-0.07365548610687256,-0.03502091767559534,0.03345441818237305,-0.14756876230239868,-0.04181404041419512,0.030981361865997314,-0.18936002254486084,-0.04538850115905291,0.027959346771240234,-0.21862423419952393,-0.0481794327713061,0.048840463161468506,-0.07666349411010742,-0.031129946953754484,0.04478442668914795,-0.13130134344100952,-0.03699369358191973,0.04076874256134033,-0.1632746458053589,-0.038809403798680364,0.03620421886444092,-0.1866186261177063,-0.03990511970887667
0.0,0.0,0.0,-0.024499356746673584,-0.03325599431991577,-0.01283705967732196,-0.0387730598449707,-0.07624125480651855,-0.024825238504190494,-0.044221699237823486,-0.11427825689315796,-0.03412358544089322,-0.047246336936950684,-0.14804822206497192,-0.04381275630809789,-0.017670631408691406,-0.08928447961807251,-0.040178821303625156,-0.010020256042480469,-0.15440231561660767,-0.05424940667368894,-0.005941271781921387,-0.19480767846107483,-0.058241502263326694,-0.002896547317504883,-0.22463953495025635,-0.05950757569887166,0.00877314805984497,-0.08163958787918091,-0.039861929484386494,0.012998044490814209,-0.15944308042526245,-0.05498247674920087,0.013753116130828857,-0.2064533829689026,-0.05983195907690053,0.014143228530883789,-0.2397785782814026,-0.06207430816509252,0.03070312738418579,-0.07753139734268188,-0.038609468259592106,0.03396332263946533,-0.15154409408569336,-0.05165150842883115,0.034123361110687256,-0.19698497653007507,-0.056704138287086536,0.03326749801635742,-0.23037540912628174,-0.058700309016485264,0.047258198261260986,-0.07528805732727051,-0.03735992766239171,0.04784935712814331,-0.1334429383277893,-0.0468848244033051,0.04545098543167114,-0.1679021120071411,-0.049031806059856464,0.04244887828826904,-0.19464173913002014,-0.04930235154249196
0.0,0.0,0.0,-0.022433459758758545,-0.0337178111076355,-0.009414879004971954,-0.03420597314834595,-0.07799547910690308,-0.01966370116503713,-0.039578378200531006,-0.11549884080886841,-0.02768505025239465,-0.043080031871795654,-0.14817476272583008,-0.036452208045439694,-0.01287221908569336,-0.0880005955696106,-0.03607445615859506,-0.005547940731048584,-0.15499407052993774,-0.04704481768937585,-0.0011553168296813965,-0.19419795274734497,-0.04862150955529687,0.0026800036430358887,-0.22081875801086426,-0.04853191632361886,0.01238393783569336,-0.07826417684555054,-0.036786564025597546,0.017238736152648926,-0.15965265035629272,-0.04918651688428399,0.018964529037475586,-0.20682397484779358,-0.05255356464119432,0.019063711166381836,-0.23833459615707397,-0.05412894520493028,0.03273850679397583,-0.07326948642730713,-0.0361545275482702,0.0340237021446228,-0.1495661735534668,-0.04699373278351304,0.03443783521652222,-0.19546964764595032,-0.051551942113356564,0.03405851125717163,-0.2280440330505371,-0.053743902924971554,0.04795295000076294,-0.07047033309936523,-0.03520293566914079,0.046955883502960205,-0.1315222978591919,-0.04297507959933755,0.0441896915435791,-0.16621404886245728,-0.04444012824030397,0.040981292724609375,-0.19196903705596924,-0.044782899651246044
0.0,0.0,0.0,-0.02058202028274536,-0.034140825271606445,-0.008792086561228984,-0.03180116415023804,-0.08282089233398438,-0.018523818870093578,-0.036073505878448486,-0.12406933307647705,-0.025780660157110447,-0.0383567214012146,-0.15803027153015137,-0.03413005085756993,-0.008437275886535645,-0.0872642993927002,-0.03847492771318173,-0.0024453401565551758,-0.1559218168258667,-0.047609116007592434,0.0014920830726623535,-0.19527456164360046,-0.04810057493021702,0.005391061305999756,-0.22391259670257568,-0.048135398943927044,0.016314268112182617,-0.07885468006134033,-0.038718539346959346,0.01966911554336548,-0.15996462106704712,-0.04954516800215458,0.020213961601257324,-0.20704713463783264,-0.05273835273554539,0.020067036151885986,-0.24101129174232483,-0.055223639179970974,0.03562730550765991,-0.07548141479492188,-0.03700952144434666,0.03657907247543335,-0.15215229988098145,-0.04661192284991955,0.034659624099731445,-0.19709861278533936,-0.05169162439277386,0.03197813034057617,-0.2295580506324768,-0.05514601530602192,0.04951375722885132,-0.07418221235275269,-0.03480189578702664,0.049301981925964355,-0.13365894556045532,-0.04276810871532177,0.04596221446990967,-0.1686645746231079,-0.045411366094853634,0.041896164417266846,-0.19507566094398499,-0.04709189297726368
0.0,0.0,0.0,-0.02473074197769165,-0.031660258769989014,-0.013385631156949351,-0.03844618797302246,-0.07420945167541504,-0.02566412558206732,-0.041542887687683105,-0.1120445728302002,-0.03496327531882937,-0.041964828968048096,-0.14584070444107056,-0.04443954212018664,-0.015213489532470703,-0.08293819427490234,-0.041046745156733344,-0.005765438079833984,-0.14916956424713135,-0.054375461315600226,-0.0005000829696655273,-0.19084566831588745,-0.05735056010433848,0.0032962560653686523,-0.22082775831222534,-0.05803841633149798,0.010632872581481934,-0.074668288230896,-0.04031013605543787,0.017705678939819336,-0.15365689992904663,-0.05521350262114222,0.019755244255065918,-0.20166945457458496,-0.0593324592466038,0.020476698875427246,-0.23452776670455933,-0.06101864857026751,0.031386494636535645,-0.07080084085464478,-0.038582473074881385,0.035226285457611084,-0.14463543891906738,-0.05125219283053095,0.03662121295928955,-0.1898965835571289,-0.0559004312510174,0.037035226821899414,-0.22234386205673218,-0.057702678268639396,0.04710698127746582,-0.06892842054367065,-0.036918028270689796,0.04821139574050903,-0.1265200972557068,-0.04602136743613894,0.046193063259124756,-0.16089904308319092,-0.04812969175526316,0.04344457387924194,-0.1873832643032074,-0.048559713190285514
0.0,0.0,0.0,0.004984855651855469,-0.026650667190551758,-0.003984702405169571,0.013483643531799316,-0.07359236478805542,-0.008770211719557608,0.022438526153564453,-0.1125909686088562,-0.011670096897169913,0.02860260009765625,-0.1427990198135376,-0.01556799665896591,0.015665829181671143,-0.08297985792160034,-0.029013646886333788,0.020174503326416016,-0.1503717303276062,-0.03900517349003252,0.02286708354949951,-0.1928156614303589,-0.041118452445253695,0.024093449115753174,-0.22322630882263184,-0.04144113336561617,0.025131940841674805,-0.07711189985275269,-0.030088894188985194,0.027925968170166016,-0.15205222368240356,-0.041140852615818346,0.030161499977111816,-0.19700390100479126,-0.04195386742113527,0.028401732444763184,-0.22822856903076172,-0.04152766440866884,0.031055986881256104,-0.07548606395721436,-0.029853170857414568,0.03563112020492554,-0.14705491065979004,-0.039718976364120806,0.036551058292388916,-0.19057485461235046,-0.03956322197674211,0.03547412157058716,-0.22284424304962158,-0.0375820343649238,0.03400301933288574,-0.07518666982650757,-0.02878463652788099,0.039581239223480225,-0.13204771280288696,-0.03631274227856096,0.04161924123764038,-0.16759955883026123,-0.03579424147365984,0.04155069589614868,-0.19376838207244873,-0.033778661981806124
0.0,0.0,0.0,-0.017636895179748535,-0.03673875331878662,-0.007103617327267386,-0.026180803775787354,-0.08359837532043457,-0.015255440982038238,-0.02991950511932373,-0.12357521057128906,-0.021378244297558524,-0.030276596546173096,-0.15694862604141235,-0.028814042942578055,-0.004066050052642822,-0.09071248769760132,-0.034406173067146995,0.0003504157066345215,-0.15858423709869385,-0.043243940012509086,0.0033692121505737305,-0.1968195140361786,-0.04408952875619576,0.00681304931640625,-0.22410714626312256,-0.044281008677536704,0.020239293575286865,-0.08300662040710449,-0.03575362546926186,0.022823870182037354,-0.1659630537033081,-0.04615452794914887,0.02313554286956787,-0.2127172350883484,-0.049719675468260505,0.02179926633834839,-0.24449771642684937,-0.05221537782436059,0.03838765621185303,-0.0803423523902893,-0.03524647934919045,0.03958970308303833,-0.15934056043624878,-0.04505066855436013,0.03847581148147583,-0.20578032732009888,-0.0502472026515548,0.03613764047622681,-0.238724946975708,-0.05344128517990754,0.05024212598800659,-0.07970863580703735,-0.03408348097091363,0.05279064178466797,-0.13989275693893433,-0.042814950482899405,0.0514756441116333,-0.17455041408538818,-0.045263188915306785,0.04858750104904175,-0.2004239559173584,-0.04637248723393128
0.0,0.0,0.0,-0.02295398712158203,-0.03366851806640625,-0.016205543167878034,-0.037255167961120605,-0.0804482102394104,-0.03158267725257957,-0.041303813457489014,-0.12182021141052246,-0.04344856876878822,-0.04083526134490967,-0.15986895561218262,-0.055426587797690274,-0.00909966230392456,-0.08500885963439941,-0.0503131313994416,0.0010041594505310059,-0.16116690635681152,-0.06806972760706032,0.006880581378936768,-0.20903795957565308,-0.07325764138250435,0.012027978897094727,-0.2445363998413086,-0.07505487788467491,0.018731117248535156,-0.07558542490005493,-0.048816306032229306,0.02718144655227661,-0.1649804711341858,-0.06693515319376075,0.028902649879455566,-0.21931904554367065,-0.07125203449277961,0.029265403747558594,-0.25658828020095825,-0.07298820603637779,0.041224777698516846,-0.07329154014587402,-0.04616189140825355,0.04682803153991699,-0.1568976640701294,-0.06087471310048187,0.04712337255477905,-0.2090473771095276,-0.06452653694896782,0.04725337028503418,-0.24776262044906616,-0.0654595508053788,0.058306753635406494,-0.07354414463043213,-0.04380666974930847,0.06022244691848755,-0.13832104206085205,-0.05365735802798355,0.058917999267578125,-0.178402841091156,-0.054637806005764844,0.05668538808822632,-0.2105976939201355,-0.05407789859919632
0.0,0.0,0.0,-0.025739431381225586,-0.036812663078308105,-0.02272265034655163,-0.04220551252365112,-0.08921098709106445,-0.04342345151046345,-0.04449284076690674,-0.1387510895729065,-0.05911071973780224,-0.04282194375991821,-0.18312489986419678,-0.07437259334066937,-0.008680224418640137,-0.08128547668457031,-0.06481897461155484,0.0030408501625061035,-0.15947115421295166,-0.08685467022398541,0.01035374402999878,-0.20702582597732544,-0.09379290419558117,0.01644420623779297,-0.24330663681030273,-0.0966186337445123,0.023503005504608154,-0.07227075099945068,-0.06089310350755284,0.03495579957962036,-0.1642354130744934,-0.08219676094988415,0.03809702396392822,-0.21833491325378418,-0.08598461377361843,0.03895193338394165,-0.25630372762680054,-0.0883653052423341,0.049547016620635986,-0.07020652294158936,-0.055876504657064174,0.0579492449760437,-0.1572554111480713,-0.0729992129180772,0.058155715465545654,-0.2083243727684021,-0.07518625634649823,0.056954801082611084,-0.24726802110671997,-0.07580777632931301,0.06888794898986816,-0.07100731134414673,-0.05166313054898808,0.07443034648895264,-0.13918471336364746,-0.06285167115667889,0.07314634323120117,-0.1801673173904419,-0.06385162847975323,0.07095080614089966,-0.2142263650894165,-0.06396716463306973
0.0,0.0,0.0,-0.02442079782485962,-0.03538721799850464,-0.022925685897760673,-0.040807247161865234,-0.08628696203231812,-0.043678846016817374,-0.0439453125,-0.13244932889938354,-0.05953288804023771,-0.040770113468170166,-0.17462295293807983,-0.07522438819735555,-0.0062105655670166016,-0.08026504516601562,-0.06321119125216512,0.003531813621520996,-0.15946877002716064,-0.08479577656119375,0.010285496711730957,-0.208534836769104,-0.09262155349581747,0.016858816146850586,-0.2459125518798828,-0.09644891674845724,0.023800551891326904,-0.06969267129898071,-0.05926725621550588,0.03409457206726074,-0.1613674759864807,-0.07974417860835104,0.03763359785079956,-0.2166156768798828,-0.08496278877585439,0.039646804332733154,-0.25501304864883423,-0.08852059747307806,0.0474851131439209,-0.06650996208190918,-0.05418771113484411,0.0549662709236145,-0.15137672424316406,-0.0703799610885909,0.0566178560256958,-0.20376521348953247,-0.07421541567175893,0.05771583318710327,-0.24321776628494263,-0.07641837354033498,0.06514722108840942,-0.0663420557975769,-0.04993518422573118,0.0693008303642273,-0.13000363111495972,-0.060952521667175574,0.06929850578308105,-0.1704971194267273,-0.06263289953797369,0.0684860348701477,-0.2034551501274109,-0.06332406009762792
0.0,0.0,0.0,-0.028473496437072754,-0.0354195237159729,-0.022869552017674266,-0.046664535999298096,-0.0870165228843689,-0.04334039659939748,-0.04927092790603638,-0.133076012134552,-0.05829405085884076,-0.04600924253463745,-0.17566674947738647,-0.07279470236741048,-0.015099823474884033,-0.07600492238998413,-0.06827018828831655,-0.004898726940155029,-0.15581351518630981,-0.09006284596167546,0.0009517073631286621,-0.20428597927093506,-0.09593552024804097,0.00573807954788208,-0.23978137969970703,-0.09783088834725362,0.015873491764068604,-0.06689655780792236,-0.06433728011094075,0.026575088500976562,-0.1601579785346985,-0.0873311948939417,0.028563857078552246,-0.21527808904647827,-0.09153676451884252,0.0295221209526062,-0.2524988055229187,-0.09326664777241689,0.041316866874694824,-0.06597685813903809,-0.05901245446644765,0.049406588077545166,-0.1545180082321167,-0.07762691797457677,0.049918532371520996,-0.20774739980697632,-0.0808764961525057,0.04986691474914551,-0.2475682497024536,-0.08140299143038732,0.06043839454650879,-0.06825029850006104,-0.05412863241277677,0.06466549634933472,-0.14128321409225464,-0.06697723688326818,0.0632510781288147,-0.18480068445205688,-0.0687295314832781,0.06131863594055176,-0.21911859512329102,-0.06866688700161916
0.0,0.0,0.0,-0.02740931510925293,-0.03711891174316406,-0.023671119245193495,-0.044818222522735596,-0.08861541748046875,-0.04512458364894201,-0.04705888032913208,-0.13603025674819946,-0.061047737257979406,-0.04410147666931152,-0.1795634627342224,-0.07652562926938344,-0.011029183864593506,-0.07823830842971802,-0.06839517574240972,0.00032442808151245117,-0.15822690725326538,-0.09066502075125982,0.007177770137786865,-0.20649343729019165,-0.09708062629630376,0.012848615646362305,-0.2428390383720398,-0.09943016688754369,0.021251559257507324,-0.06885087490081787,-0.06392127345731069,0.03166007995605469,-0.16116195917129517,-0.0861196524970751,0.03321850299835205,-0.21624696254730225,-0.0901169485919695,0.03327536582946777,-0.2535788416862488,-0.09242350678374578,0.04674142599105835,-0.06737291812896729,-0.058093734788201346,0.05415743589401245,-0.15430361032485962,-0.0761466778390627,0.05350041389465332,-0.20651942491531372,-0.07883890043427755,0.05192667245864868,-0.24572503566741943,-0.079679705905221,0.06547987461090088,-0.06959784030914307,-0.052911971467040075,0.07022452354431152,-0.137609601020813,-0.06512889336278249,0.06886231899261475,-0.17818069458007812,-0.06649379502465536,0.06709438562393188,-0.21170377731323242,-0.06666112016370107
0.0,0.0,0.0,-0.02315998077392578,-0.03469496965408325,-0.024275214283818514,-0.038102686405181885,-0.08656829595565796,-0.0467963655135577,-0.04288369417190552,-0.13463950157165527,-0.06462247191285542,-0.03899472951889038,-0.17906814813613892,-0.08353448925828388,-0.0018041729927062988,-0.07467234134674072,-0.06729582963799885,0.007811546325683594,-0.1594666838645935,-0.0903170955023711,0.014497160911560059,-0.21292823553085327,-0.10048774151420048,0.020984649658203125,-0.2532983422279358,-0.10658856747960499,0.027465760707855225,-0.06516075134277344,-0.06423343984698704,0.03681826591491699,-0.16237211227416992,-0.08497542409514836,0.03846180438995361,-0.22039616107940674,-0.0931627404532378,0.03799086809158325,-0.26067185401916504,-0.10011787234162739,0.050285160541534424,-0.06385886669158936,-0.05970719350790432,0.0585627555847168,-0.15386444330215454,-0.07662276445245197,0.0570225715637207,-0.20940017700195312,-0.08295796333169392,0.054973602294921875,-0.2508179545402527,-0.08800097076510838,0.0665709376335144,-0.06582599878311157,-0.05595561383580616,0.07398641109466553,-0.13555747270584106,-0.0689918425521796,0.07250058650970459,-0.17894083261489868,-0.07175424216603687,0.0692065954208374,-0.21200335025787354,-0.07369096843814305
0.0,0.0,0.0,-0.0250205397605896,-0.033610522747039795,-0.025082235325157853,-0.04051315784454346,-0.08297234773635864,-0.04785003616291306,-0.0437505841255188,-0.12769633531570435,-0.06535404651242516,-0.03978675603866577,-0.16963255405426025,-0.08331375299769661,-0.007280588150024414,-0.07326889038085938,-0.0699860575683715,0.0028652548789978027,-0.15378153324127197,-0.09432319282370827,0.00915670394897461,-0.2048250436782837,-0.10416193782168648,0.014918982982635498,-0.24385857582092285,-0.10930102049189827,0.022498488426208496,-0.06429451704025269,-0.06649014084416649,0.030540823936462402,-0.15828335285186768,-0.0899619954712989,0.031650662422180176,-0.21640163660049438,-0.09730262785035393,0.03175997734069824,-0.25706952810287476,-0.10232225536185524,0.04642361402511597,-0.06329363584518433,-0.061727234263003083,0.053524136543273926,-0.14980977773666382,-0.08107682048159859,0.05293220281600952,-0.20473456382751465,-0.0861761245020034,0.05254405736923218,-0.24633288383483887,-0.08896380393582604,0.06422591209411621,-0.06615644693374634,-0.057752703417122575,0.06912243366241455,-0.13372379541397095,-0.07153898953276894,0.06803858280181885,-0.1763349175453186,-0.07381534307080528,0.06626325845718384,-0.21004587411880493,-0.07468073545771858
0.0,0.0,0.0,-0.026685714721679688,-0.03585296869277954,-0.024145735525308964,-0.04371845722198486,-0.08845585584640503,-0.04567578072172296,-0.0463024377822876,-0.1355610489845276,-0.06146598244529855,-0.04338306188583374,-0.17940080165863037,-0.07704911763292444,-0.011926770210266113,-0.07850390672683716,-0.07041765386682641,-0.0014033913612365723,-0.15807974338531494,-0.0935035013638128,0.0048143863677978516,-0.20693635940551758,-0.10074428851228845,0.009807348251342773,-0.243194580078125,-0.10363907749277246,0.019521057605743408,-0.06942832469940186,-0.06598642850738656,0.029584109783172607,-0.16254007816314697,-0.0893199258528341,0.03220784664154053,-0.21894454956054688,-0.09439038122516763,0.033101022243499756,-0.2574070692062378,-0.09717594469410074,0.04453939199447632,-0.06760811805725098,-0.06018911684375894,0.05127197504043579,-0.15465891361236572,-0.07917584116083276,0.05223238468170166,-0.2084956169128418,-0.08326595658880365,0.05243861675262451,-0.24906033277511597,-0.08484247709137094,0.06295585632324219,-0.06907904148101807,-0.054952722140370724,0.06684821844100952,-0.1375415325164795,-0.06834836686473977,0.06569540500640869,-0.17923426628112793,-0.07083752388578546,0.06401997804641724,-0.21274864673614502,-0.07159238690954339
0.0,0.0,0.0,-0.02622675895690918,-0.035041213035583496,-0.023282795414473867,-0.042243361473083496,-0.08652085065841675,-0.044501529276516294,-0.044888079166412354,-0.1332923173904419,-0.06044897922888026,-0.04453003406524658,-0.1757298707962036,-0.07608798259511218,-0.010419487953186035,-0.07345998287200928,-0.06793219709410891,0.0003013014793395996,-0.154638409614563,-0.08943192029013858,0.007785439491271973,-0.20256197452545166,-0.0955564465524219,0.014511585235595703,-0.23892754316329956,-0.09816387408986316,0.021030902862548828,-0.06461161375045776,-0.06397230291381106,0.03117847442626953,-0.15863919258117676,-0.08571833485379443,0.03463703393936157,-0.21261394023895264,-0.0898506280185245,0.03647881746292114,-0.24986672401428223,-0.09246534222378955,0.04641968011856079,-0.06336051225662231,-0.05859969669594989,0.053756773471832275,-0.15143251419067383,-0.0761884462238811,0.05458545684814453,-0.20327657461166382,-0.07905488574519381,0.054306209087371826,-0.24255621433258057,-0.08023136967435107,0.06565314531326294,-0.06568759679794312,-0.05391912648096309,0.06998330354690552,-0.13401371240615845,-0.06612949186578021,0.06934022903442383,-0.17600882053375244,-0.06786059701457248,0.06776821613311768,-0.21020561456680298,-0.06843436622634158
0.0,0.0,0.0,-0.03060448169708252,-0.03362005949020386,-0.023611230966139374,-0.0495755672454834,-0.08456194400787354,-0.0447691680905109,-0.05183607339859009,-0.13229966163635254,-0.06045314316122585,-0.04937160015106201,-0.17508572340011597,-0.07600118611424023,-0.017175674438476562,-0.06783550977706909,-0.06869436446993404,-0.005087912082672119,-0.15145105123519897,-0.0919307062443977,0.0017583966255187988,-0.19894760847091675,-0.09956714902489239,0.0077658891677856445,-0.23420125246047974,-0.10283640418617779,0.015209674835205078,-0.06155496835708618,-0.0648088047322517,0.026159942150115967,-0.15412181615829468,-0.08641813341944271,0.027844250202178955,-0.20838075876235962,-0.08994909022419506,0.027709007263183594,-0.2438809871673584,-0.09245271627275997,0.04097539186477661,-0.06192094087600708,-0.059974543940711555,0.04934936761856079,-0.1485755443572998,-0.07798665408461147,0.04806298017501831,-0.1999940276145935,-0.08047558013765865,0.04635882377624512,-0.23823964595794678,-0.08154851589767986,0.06064122915267944,-0.06495088338851929,-0.055875405859637794,0.06545555591583252,-0.1323663592338562,-0.06893536840050274,0.06374597549438477,-0.1715192198753357,-0.07070510480969006,0.06161600351333618,-0.20319205522537231,-0.07134642843573147
0.0,0.0,0.0,-0.021960437297821045,-0.030263066291809082,-0.02823003179531014,-0.03668355941772461,-0.07992172241210938,-0.052070787019538045,-0.04135000705718994,-0.12585210800170898,-0.07021761856179154,-0.037701189517974854,-0.1674930453300476,-0.08896452359061158,-0.0022389888763427734,-0.07421767711639404,-0.07128330490689194,0.005897939205169678,-0.15640151500701904,-0.09489896319012558,0.01225811243057251,-0.2098616361618042,-0.10502813181977189,0.01870739459991455,-0.2502443790435791,-0.1109855713615886,0.02598518133163452,-0.06398862600326538,-0.06649913809399521,0.03387802839279175,-0.15961122512817383,-0.0896983461747638,0.035405874252319336,-0.21970999240875244,-0.09885339609484589,0.034900546073913574,-0.2615179419517517,-0.1055478768716327,0.04812818765640259,-0.06314945220947266,-0.06042095816831505,0.0557364821434021,-0.15262913703918457,-0.079452181078004,0.05563056468963623,-0.209223210811615,-0.08595960757832444,0.0545879602432251,-0.2502298355102539,-0.09007539025645173,0.06386256217956543,-0.06730842590332031,-0.055363727576541066,0.07064646482467651,-0.1371104121208191,-0.06984112582306778,0.07061541080474854,-0.18125039339065552,-0.07316928527455246,0.06889396905899048,-0.21393823623657227,-0.07492290607790864
0.0,0.0,0.0,-0.028795957565307617,-0.03448295593261719,-0.02466690585825404,-0.04687082767486572,-0.08391374349594116,-0.04709298395428618,-0.049095332622528076,-0.13036662340164185,-0.06374938272747954,-0.04786580801010132,-0.17337661981582642,-0.08034891121897658,-0.013745367527008057,-0.07052487134933472,-0.07206839554820021,-0.0037177205085754395,-0.1529245376586914,-0.09496846281800231,0.001823723316192627,-0.20212680101394653,-0.1021083840063568,0.006865799427032471,-0.2392791509628296,-0.10505016379866561,0.01741647720336914,-0.06330865621566772,-0.06718602263245543,0.026326119899749756,-0.15681254863739014,-0.0902525358727928,0.0273129940032959,-0.212360680103302,-0.0950442873767372,0.027382969856262207,-0.25001591444015503,-0.09799086534295043,0.04204899072647095,-0.06406670808792114,-0.06074579664382895,0.04919993877410889,-0.15011996030807495,-0.0793584906390663,0.04853290319442749,-0.20374321937561035,-0.08304754131350478,0.04717665910720825,-0.24408835172653198,-0.08466825866017302,0.06068331003189087,-0.06845277547836304,-0.054869389616584385,0.06464636325836182,-0.1365407109260559,-0.06736576043877562,0.06330984830856323,-0.17794764041900635,-0.06924948328051528,0.061407268047332764,-0.21153676509857178,-0.06992798530373534
0.0,0.0,0.0,-0.022372961044311523,-0.035517096519470215,-0.020425965351265063,-0.036814987659454346,-0.08542501926422119,-0.040896571514409175,-0.04004037380218506,-0.13002938032150269,-0.05696375602225601,-0.037909746170043945,-0.171139657497406,-0.07354455747942268,-0.005682110786437988,-0.07585567235946655,-0.06366710671524345,0.004496395587921143,-0.15561676025390625,-0.08447742023805915,0.010691821575164795,-0.20650100708007812,-0.09188599446157752,0.01682823896408081,-0.24500751495361328,-0.09559178659061729,0.023266196250915527,-0.06391239166259766,-0.06117484280208885,0.03360903263092041,-0.1587868332862854,-0.08153485813478767,0.0360264778137207,-0.2159557342529297,-0.08724705436567604,0.03708928823471069,-0.2554613947868347,-0.09127974071840583,0.04665195941925049,-0.06058543920516968,-0.05682389372329055,0.05506223440170288,-0.14809650182724,-0.07246223398784934,0.056432247161865234,-0.20160460472106934,-0.0760154531274253,0.05729442834854126,-0.24150198698043823,-0.07820077547172843,0.06445878744125366,-0.06156742572784424,-0.05294574731330215,0.07045012712478638,-0.1284886598587036,-0.06312237986664115,0.07062268257141113,-0.17067980766296387,-0.06354794957975685,0.06966418027877808,-0.20407354831695557,-0.0634870336327964
0.0,0.0,0.0,-0.02014821767807007,-0.034812748432159424,-0.02345711229168046,-0.03448951244354248,-0.08423870801925659,-0.04567604189537633,-0.03926897048950195,-0.12959438562393188,-0.06310025652669538,-0.037267327308654785,-0.1718372106552124,-0.08177252163909543,0.00037795305252075195,-0.08014893531799316,-0.06644287010453809,0.009660065174102783,-0.1581072211265564,-0.08707143416427243,0.016606569290161133,-0.20865005254745483,-0.09546860357545484,0.023474514484405518,-0.24806642532348633,-0.10068409194968808,0.028719425201416016,-0.06716263294219971,-0.06340631892703641,0.037869930267333984,-0.1623629331588745,-0.08305061658643353,0.04041486978530884,-0.21969473361968994,-0.09142304261945355,0.03958791494369507,-0.2601795196533203,-0.09845704635404218,0.05069154500961304,-0.06430321931838989,-0.05855653485082257,0.058737993240356445,-0.15432339906692505,-0.07526100477002728,0.05849820375442505,-0.20916593074798584,-0.08286895653031934,0.05592501163482666,-0.24888873100280762,-0.08849620124124158,0.0655062198638916,-0.06759834289550781,-0.054188304150329714,0.07307702302932739,-0.13700765371322632,-0.06806089779161084,0.07318770885467529,-0.18145161867141724,-0.07239185323737729,0.0703890323638916,-0.21478700637817383,-0.07536636343024838
0.0,0.0,0.0,-0.028377830982208252,-0.03448694944381714,-0.023716094139132338,-0.04702192544937134,-0.08447027206420898,-0.044468296858582335,-0.04908168315887451,-0.12988543510437012,-0.0596750883190964,-0.04565399885177612,-0.17133104801177979,-0.07430534640243991,-0.0153886079788208,-0.0769197940826416,-0.0676903260677193,-0.002812683582305908,-0.15539807081222534,-0.09036986360243304,0.0036437511444091797,-0.20277518033981323,-0.0969322008817528,0.00890815258026123,-0.2372065782546997,-0.09893696585587008,0.01647043228149414,-0.06820160150527954,-0.06312155553987964,0.029599785804748535,-0.1599026918411255,-0.08623730966738208,0.03156358003616333,-0.21384000778198242,-0.08974286744287951,0.03165125846862793,-0.24975824356079102,-0.09056801179340823,0.04224056005477905,-0.06641203165054321,-0.05747863480738147,0.05125361680984497,-0.15383869409561157,-0.07591631838968738,0.05123072862625122,-0.2048097848892212,-0.07770121673038943,0.05049556493759155,-0.24281620979309082,-0.07698297331026538,0.0613173246383667,-0.06782233715057373,-0.05252218449405177,0.0665203332901001,-0.137875497341156,-0.06495455482891543,0.06507885456085205,-0.1777704954147339,-0.06573324480942233,0.06317126750946045,-0.2102290391921997,-0.06481334397486194
0.0,0.0,0.0,-0.023875892162322998,-0.03406304121017456,-0.022985969608669166,-0.03909116983413696,-0.08616691827774048,-0.043771472698097114,-0.043088674545288086,-0.13270443677902222,-0.05912197095716465,-0.04046887159347534,-0.17538422346115112,-0.07435043988192547,-0.007359683513641357,-0.07368981838226318,-0.0674889766928004,0.0020592808723449707,-0.15260976552963257,-0.08884721336329449,0.0075789690017700195,-0.20253825187683105,-0.0954951727148341,0.013167738914489746,-0.24069786071777344,-0.0985258453842448,0.02285712957382202,-0.06371164321899414,-0.06340019491875637,0.03285551071166992,-0.158158540725708,-0.08571150985920895,0.0343167781829834,-0.21439415216445923,-0.0908749186750697,0.034832537174224854,-0.25335949659347534,-0.0936810829993533,0.04732459783554077,-0.06310802698135376,-0.05766461131537426,0.0540163516998291,-0.1504097580909729,-0.07491586444342602,0.05448877811431885,-0.20413464307785034,-0.07824672845566738,0.054593801498413086,-0.24453729391098022,-0.0795320430156039,0.0653688907623291,-0.06689202785491943,-0.05257289571130741,0.06808251142501831,-0.13323086500167847,-0.06417118844950664,0.0666155219078064,-0.17513763904571533,-0.06560932186806667,0.06476789712905884,-0.20880424976348877,-0.06577901629174221
0.0,0.0,0.0,-0.021890223026275635,-0.033255815505981445,-0.022993619655252928,-0.034500718116760254,-0.08560943603515625,-0.04474259271192693,-0.03628242015838623,-0.13320446014404297,-0.06147492035198354,-0.03079855442047119,-0.17405152320861816,-0.07947632773685598,-0.0007216930389404297,-0.07246345281600952,-0.06873419984150075,0.010293960571289062,-0.1549391746520996,-0.09035980059671544,0.01753842830657959,-0.20666247606277466,-0.09907748653459691,0.02507072687149048,-0.24610191583633423,-0.10424125297832632,0.028789818286895752,-0.061380863189697266,-0.06549888207483434,0.04021543264389038,-0.15766030550003052,-0.08428681000042104,0.042626798152923584,-0.2170088291168213,-0.09081194653082036,0.04184943437576294,-0.25900471210479736,-0.09673521025943899,0.05200117826461792,-0.06040579080581665,-0.060335707952262396,0.06028091907501221,-0.15171504020690918,-0.07564359261560583,0.05854827165603638,-0.20696943998336792,-0.0809917236762061,0.056013524532318115,-0.24690794944763184,-0.08559205486345434,0.06833523511886597,-0.06401121616363525,-0.05572202904987478,0.07440376281738281,-0.1352267861366272,-0.06765896930265569,0.07203781604766846,-0.17780059576034546,-0.06978601320552968,0.0679316520690918,-0.2086268663406372,-0.07135401769447469
0.0,0.0,0.0,-0.025131404399871826,-0.03387856483459473,-0.02389163231357827,-0.0412600040435791,-0.08416223526000977,-0.045165664384811066,-0.045104801654815674,-0.13099801540374756,-0.061100854406802796,-0.043738484382629395,-0.17382419109344482,-0.0770273868541409,-0.007818877696990967,-0.07631832361221313,-0.06718253238007321,0.002288818359375,-0.15660488605499268,-0.08930799258753552,0.008598685264587402,-0.2064799666404724,-0.09719105703636899,0.014759361743927002,-0.24409359693527222,-0.10087075723215833,0.02246546745300293,-0.06740450859069824,-0.06263647122189298,0.03211575746536255,-0.1600884199142456,-0.08404620630547299,0.03455781936645508,-0.21700602769851685,-0.08938181294008984,0.035594820976257324,-0.25582438707351685,-0.09288653625056043,0.04615527391433716,-0.06703007221221924,-0.05670912830039754,0.0538097620010376,-0.15283626317977905,-0.07382386816546216,0.05479532480239868,-0.20680981874465942,-0.07781179142996564,0.05507880449295044,-0.2466651201248169,-0.07981496943041577,0.06346321105957031,-0.07023149728775024,-0.051503802518098496,0.06886833906173706,-0.13655000925064087,-0.0630186040501286,0.06875097751617432,-0.17835533618927002,-0.064638449678867,0.06769120693206787,-0.21127349138259888,-0.06517600161835446
0.0,0.0,0.0,-0.027315795421600342,-0.03462463617324829,-0.022766349309520706,-0.045635104179382324,-0.08488065004348755,-0.04299961536510466,-0.04795670509338379,-0.13165658712387085,-0.05779209493978499,-0.044021010398864746,-0.17384469509124756,-0.07200158893449782,-0.012524604797363281,-0.07689094543457031,-0.06571989267452238,-0.0023732781410217285,-0.15415316820144653,-0.08593351899965285,0.003346264362335205,-0.20067131519317627,-0.09096953778846739,0.008297622203826904,-0.23511064052581787,-0.09252092003210066,0.01837259531021118,-0.06863534450531006,-0.06088260694725989,0.027676641941070557,-0.15892809629440308,-0.08144274860008238,0.029920578002929688,-0.2110244631767273,-0.08464999257905959,0.03145068883895874,-0.24698221683502197,-0.08630334346874236,0.04300642013549805,-0.06812125444412231,-0.05463671072705267,0.04960179328918457,-0.1518438458442688,-0.07075391470773695,0.05019795894622803,-0.2017282247543335,-0.07296986638887404,0.050421953201293945,-0.2394886016845703,-0.0735536789832878,0.06123918294906616,-0.07027935981750488,-0.04900458216054915,0.06358128786087036,-0.1384243369102478,-0.05970094486458777,0.06234484910964966,-0.17852509021759033,-0.06075859203322409,0.060945332050323486,-0.21089553833007812,-0.060715348863439544
0.0,0.0,0.0,-0.02323704957962036,-0.03182405233383179,-0.023697017917406527,-0.0380743145942688,-0.07987093925476074,-0.04444874566234347,-0.039894819259643555,-0.122530996799469,-0.05987098928726908,-0.03498959541320801,-0.16202211380004883,-0.07517178099788424,-0.007372438907623291,-0.07361394166946411,-0.06607337039149996,0.0045204758644104,-0.14511680603027344,-0.08796445768512484,0.011907100677490234,-0.19215059280395508,-0.09547190111316439,0.01859647035598755,-0.22776544094085693,-0.098999341243875,0.021713435649871826,-0.06259340047836304,-0.061862764174115625,0.03446543216705322,-0.1478421688079834,-0.08405597996152636,0.038697898387908936,-0.20122003555297852,-0.0894400526229262,0.04180830717086792,-0.2380576729774475,-0.09238019328750369,0.04485726356506348,-0.05958324670791626,-0.05644288402236697,0.05457663536071777,-0.14102602005004883,-0.0741401065532088,0.05732625722885132,-0.19179415702819824,-0.0777964044753432,0.060123562812805176,-0.22997748851776123,-0.07910265516675707,0.061682283878326416,-0.060408830642700195,-0.05170955624617335,0.06818830966949463,-0.1253286600112915,-0.06404177587665316,0.06971472501754761,-0.16641765832901,-0.06599186103976962,0.07091766595840454,-0.198652982711792,-0.06632268917001483
0.0,0.0,0.0,-0.026906371116638184,-0.03450721502304077,-0.021975433662809962,-0.042054951190948486,-0.08477377891540527,-0.041029393881835574,-0.04202347993850708,-0.12947899103164673,-0.0546828026178261,-0.03796464204788208,-0.16961252689361572,-0.06804152971533739,-0.010513782501220703,-0.07460051774978638,-0.0640228877070328,0.0006925463676452637,-0.14975029230117798,-0.08524603045014345,0.007614850997924805,-0.19406646490097046,-0.09187619781521761,0.013921499252319336,-0.2270585298538208,-0.09436817115572893,0.018689870834350586,-0.06629741191864014,-0.059950050175466174,0.029843032360076904,-0.15359079837799072,-0.0806317145231148,0.033370375633239746,-0.20462316274642944,-0.08427869176892244,0.035874783992767334,-0.23935317993164062,-0.0859548265340706,0.04230886697769165,-0.06452387571334839,-0.054713186085500354,0.05075186491012573,-0.1459609866142273,-0.07157965397862398,0.05227726697921753,-0.19448089599609375,-0.07418051010397875,0.053707659244537354,-0.23165196180343628,-0.07455320304659807,0.05976670980453491,-0.06542849540710449,-0.050060339480914706,0.06620550155639648,-0.12859225273132324,-0.06175715497163736,0.06627082824707031,-0.16586071252822876,-0.0630022401216408,0.0660933256149292,-0.19633430242538452,-0.06265727824000322
0.0,0.0,0.0,-0.030064642429351807,-0.03190797567367554,-0.022023516504972918,-0.047326862812042236,-0.08316165208816528,-0.04018738752505158,-0.047997474670410156,-0.1284022331237793,-0.05269232651492928,-0.044106364250183105,-0.16947269439697266,-0.06484034171602104,-0.019805312156677246,-0.06973123550415039,-0.0635880183269677,-0.006318271160125732,-0.14430618286132812,-0.08414902797242974,0.00048601627349853516,-0.18835198879241943,-0.0903713133027253,0.005767703056335449,-0.2210313081741333,-0.0924474697401223,0.009971022605895996,-0.06294804811477661,-0.05916782727739189,0.023368537425994873,-0.14810484647750854,-0.07924688866636131,0.026592731475830078,-0.19876480102539062,-0.0827625121762452,0.028591513633728027,-0.23388296365737915,-0.08426452687284325,0.03481340408325195,-0.06271696090698242,-0.053657314537971956,0.04415488243103027,-0.14287644624710083,-0.07005414625903938,0.04531329870223999,-0.190432608127594,-0.07244736960431908,0.046253085136413574,-0.2269803285598755,-0.07261120787164543,0.05375218391418457,-0.0656241774559021,-0.048649891077488405,0.059917330741882324,-0.1302608847618103,-0.06001201531192635,0.059608519077301025,-0.1656932830810547,-0.06092310583493088,0.05904895067214966,-0.1941329836845398,-0.06038008144399498
0.0,0.0,0.0,-0.026759982109069824,-0.030764460563659668,-0.02153127923541831,-0.04093295335769653,-0.07728254795074463,-0.03966734096341895,-0.04088670015335083,-0.11923104524612427,-0.05265210479431914,-0.03884720802307129,-0.15733617544174194,-0.06537533834510612,-0.012141168117523193,-0.070107102394104,-0.060770991294916143,-0.0015850067138671875,-0.13886910676956177,-0.08207594886356162,0.004036307334899902,-0.18085193634033203,-0.08960067018800544,0.0077931880950927734,-0.21201306581497192,-0.09256780430608558,0.01531219482421875,-0.06326121091842651,-0.0568665406101303,0.02546060085296631,-0.143099844455719,-0.07764262244039344,0.02788364887237549,-0.19220376014709473,-0.08225629761749076,0.028359174728393555,-0.22621530294418335,-0.08444351240926551,0.03750330209732056,-0.062188029289245605,-0.052110585420663824,0.046307504177093506,-0.13694244623184204,-0.06916434600883292,0.04767817258834839,-0.183840811252594,-0.07288092657857703,0.048155784606933594,-0.21988677978515625,-0.07379091069036292,0.0536230206489563,-0.06325876712799072,-0.04790548890763091,0.060889601707458496,-0.12434959411621094,-0.05988666698270606,0.061279356479644775,-0.16112899780273438,-0.06201422870093154,0.06064194440841675,-0.1906735897064209,-0.06222817212277221
0.0,0.0,0.0,-0.02563166618347168,-0.0333787202835083,-0.019788682135597924,-0.037729740142822266,-0.08063530921936035,-0.037818804058090905,-0.037087440490722656,-0.12278187274932861,-0.05093575608994172,-0.03648936748504639,-0.16124087572097778,-0.06389201399947808,-0.013001680374145508,-0.0640343427658081,-0.060523807677284935,0.0025824308395385742,-0.13366132974624634,-0.08031921056176827,0.010277926921844482,-0.17425209283828735,-0.0857323702898185,0.016115903854370117,-0.2037367820739746,-0.08721233126784966,0.01425313949584961,-0.05422055721282959,-0.05742653426791833,0.031175613403320312,-0.13414305448532104,-0.07646105405952142,0.03619176149368286,-0.18190449476242065,-0.07894799080754922,0.038591980934143066,-0.21341943740844727,-0.0798902061309974,0.03734618425369263,-0.051199376583099365,-0.0532643344726722,0.05072516202926636,-0.1272088885307312,-0.06928732213641808,0.053662121295928955,-0.17266297340393066,-0.07127796826030419,0.05549341440200806,-0.2063734531402588,-0.07131880489255593,0.055686771869659424,-0.05159163475036621,-0.049475598755137185,0.06519019603729248,-0.11325538158416748,-0.06060750004913018,0.06685864925384521,-0.1482124924659729,-0.061383433314816216,0.06748741865158081,-0.1760609745979309,-0.060957204225317696
0.0,0.0,0.0,-0.026755213737487793,-0.028456449508666992,-0.02250843629923338,-0.0411381721496582,-0.0742502212524414,-0.04216420971539492,-0.04086482524871826,-0.1150769591331482,-0.056213855228691045,-0.03750044107437134,-0.15164685249328613,-0.0702578755536365,-0.016256630420684814,-0.05747878551483154,-0.06744929724123949,-0.0004063248634338379,-0.12667006254196167,-0.08911346965220446,0.008089959621429443,-0.16716617345809937,-0.09556214087393755,0.014503955841064453,-0.1971580982208252,-0.09771112673666948,0.011105120182037354,-0.048390984535217285,-0.06347298198130602,0.028199851512908936,-0.13031435012817383,-0.0837267818370151,0.03291618824005127,-0.17754900455474854,-0.08629004978325838,0.03522038459777832,-0.2086176872253418,-0.08743447386410708,0.03466379642486572,-0.046260714530944824,-0.058457739136486,0.04909169673919678,-0.12339818477630615,-0.07541080885317797,0.05132853984832764,-0.1687929630279541,-0.07735641621735567,0.052439332008361816,-0.20293855667114258,-0.07747847162869448,0.05288279056549072,-0.047556519508361816,-0.054004385552673284,0.06279098987579346,-0.11001569032669067,-0.06633680634882921,0.06449234485626221,-0.14477574825286865,-0.06769019686367983,0.06497174501419067,-0.172541081905365,-0.06764211081650728
0.0,0.0,0.0,-0.022128164768218994,-0.028365671634674072,-0.022082027935411475,-0.03408694267272949,-0.07147717475891113,-0.04177156552019312,-0.034993112087249756,-0.11248421669006348,-0.056658615314390204,-0.03258776664733887,-0.1485598087310791,-0.07186230733337595,-0.0062811970710754395,-0.060075223445892334,-0.06293281629028513,0.004854559898376465,-0.12937134504318237,-0.08482765122595026,0.012834012508392334,-0.17067503929138184,-0.09330527945699885,0.01992708444595337,-0.20233279466629028,-0.09746218188944056,0.019896864891052246,-0.052047908306121826,-0.0599017152124901,0.031940579414367676,-0.13319063186645508,-0.08115467890443995,0.036547183990478516,-0.18160170316696167,-0.08668584092798426,0.039633870124816895,-0.21555817127227783,-0.09012435837927057,0.041664958000183105,-0.050940752029418945,-0.05587587966861918,0.05262112617492676,-0.12543994188308716,-0.07367399796190455,0.05408954620361328,-0.17176920175552368,-0.07745423629226877,0.055305540561676025,-0.2072487473487854,-0.0789430038565655,0.05782055854797363,-0.05344575643539429,-0.05254342123213007,0.06632131338119507,-0.1109609603881836,-0.0649753780597706,0.06713998317718506,-0.14726370573043823,-0.06692860736789896,0.06692421436309814,-0.1759079098701477,-0.06741758152189448
0.0,0.0,0.0,-0.027309060096740723,-0.02972710132598877,-0.020462816610034906,-0.042251527309417725,-0.07646530866622925,-0.03864087726086041,-0.043635427951812744,-0.11815828084945679,-0.051906464650329553,-0.04267317056655884,-0.15673619508743286,-0.06516242588966747,-0.016902506351470947,-0.06232947111129761,-0.06083357523291966,-0.0033176541328430176,-0.13115131855010986,-0.08079784925192257,0.004084289073944092,-0.17174243927001953,-0.08710076476543804,0.010049045085906982,-0.20302021503448486,-0.08952501232832333,0.010391414165496826,-0.05395728349685669,-0.057887883885797464,0.02589040994644165,-0.1347070336341858,-0.07730363871067425,0.030489563941955566,-0.1832258105278015,-0.08113956268041989,0.03325760364532471,-0.2170884609222412,-0.083226604416069,0.03383338451385498,-0.05245506763458252,-0.05385506342261692,0.04663825035095215,-0.1298319697380066,-0.06994700248449703,0.04861438274383545,-0.17551833391189575,-0.07239444370478054,0.04942840337753296,-0.210410475730896,-0.07282217408626934,0.05224311351776123,-0.05486196279525757,-0.050290921731885874,0.06138104200363159,-0.11859077215194702,-0.061791369720396006,0.06259113550186157,-0.15391600131988525,-0.06284523571937939,0.06270331144332886,-0.1820744276046753,-0.06254692192285916
0.0,0.0,0.0,-0.027081429958343506,-0.03131359815597534,-0.019857264977190425,-0.04115241765975952,-0.08011037111282349,-0.037173544910046985,-0.041887104511260986,-0.12195616960525513,-0.04971919387230628,-0.040882647037506104,-0.1597210168838501,-0.06207898065099471,-0.01638585329055786,-0.06804639101028442,-0.0587545204127764,-0.0025913119316101074,-0.1365429162979126,-0.07885151162395232,0.005408585071563721,-0.1765155792236328,-0.08501971318969481,0.012252569198608398,-0.20624279975891113,-0.08703478976735823,0.011440515518188477,-0.05899608135223389,-0.05602734341869109,0.02669757604598999,-0.14035069942474365,-0.07482035264024489,0.031604230403900146,-0.18725520372390747,-0.07751886352548354,0.03449469804763794,-0.21817272901535034,-0.07833327903995269,0.034928083419799805,-0.056128084659576416,-0.05251268848428481,0.046700477600097656,-0.13359612226486206,-0.06843457176933043,0.049167096614837646,-0.17795532941818237,-0.07038726463565581,0.050528883934020996,-0.21094125509262085,-0.07003145470866912,0.05321085453033447,-0.05623596906661987,-0.0494985002244448,0.0615842342376709,-0.11889958381652832,-0.06072680085549109,0.06306183338165283,-0.15291684865951538,-0.061571037318799426,0.06325876712799072,-0.1800636649131775,-0.06089431970963233
0.0,0.0,0.0,-0.026246368885040283,-0.030540406703948975,-0.024414522226031465,-0.040450990200042725,-0.07662713527679443,-0.04450380022364442,-0.041218340396881104,-0.11775791645050049,-0.05897026474314515,-0.03829425573348999,-0.15601468086242676,-0.07336267049151246,-0.011829376220703125,-0.06412249803543091,-0.06750821287470643,0.0006799697875976562,-0.13570058345794678,-0.09024885262089555,0.008738696575164795,-0.17808932065963745,-0.09786807710963075,0.0149344801902771,-0.20954126119613647,-0.10079436714487855,0.01634085178375244,-0.05567359924316406,-0.06308385695057694,0.02869117259979248,-0.13817262649536133,-0.08555854077177827,0.03262561559677124,-0.18762123584747314,-0.0897589843972284,0.034917473793029785,-0.2208765149116516,-0.09164386207896058,0.03962153196334839,-0.054841041564941406,-0.05790344218450372,0.049920618534088135,-0.13288676738739014,-0.07703205163317506,0.05074787139892578,-0.17991948127746582,-0.07983694190817658,0.051535606384277344,-0.21490806341171265,-0.079956546078499,0.05691605806350708,-0.05805879831314087,-0.05352633784251992,0.06516045331954956,-0.12052792310714722,-0.06724205578404252,0.06531345844268799,-0.1567477583885193,-0.06909250433283631,0.06501203775405884,-0.18466109037399292,-0.06906667316990678
0.0,0.0,0.0,-0.028353512287139893,-0.02599114179611206,-0.026076916010865148,-0.04398143291473389,-0.07080918550491333,-0.048945489676484044,-0.04613149166107178,-0.11417770385742188,-0.0661223822848882,-0.044786274433135986,-0.15442943572998047,-0.08401163608003515,-0.01636439561843872,-0.05520814657211304,-0.07308818340469259,-0.004807949066162109,-0.12627965211868286,-0.09862537622619527,0.0008876323699951172,-0.1679823398590088,-0.10926041692663091,0.0067375898361206055,-0.1997441053390503,-0.11461850941348928,0.011482596397399902,-0.04777264595031738,-0.0691194081323232,0.02482086420059204,-0.13046586513519287,-0.09244983583856481,0.027928054332733154,-0.17987287044525146,-0.09818170905280965,0.030155479907989502,-0.21378350257873535,-0.1022106403129186,0.035221993923187256,-0.0473824143409729,-0.06440021038223165,0.0479353666305542,-0.12723791599273682,-0.08453267008233922,0.0476798415184021,-0.17602813243865967,-0.08847762584854024,0.04698067903518677,-0.21330899000167847,-0.09021806657482045,0.05390352010726929,-0.050746917724609375,-0.06050138861108678,0.06291157007217407,-0.11602294445037842,-0.07594277650285619,0.06271493434906006,-0.1549438238143921,-0.07904242664743322,0.06130629777908325,-0.18504518270492554,-0.08033852964807409
0.0,0.0,0.0,-0.022704780101776123,-0.030636072158813477,-0.02240744273132833,-0.034514784812927246,-0.07572990655899048,-0.04200019168622049,-0.03329777717590332,-0.11697357892990112,-0.05665366577870401,-0.028452575206756592,-0.1550702452659607,-0.071191428629227,-0.006845951080322266,-0.06928384304046631,-0.06218555423385652,0.0074048638343811035,-0.13781481981277466,-0.08388089987403902,0.015561938285827637,-0.18119704723358154,-0.091622716215916,0.022286713123321533,-0.21300244331359863,-0.0951123819030002,0.020414650440216064,-0.05915111303329468,-0.05882862064010652,0.03561633825302124,-0.13985717296600342,-0.0798032120145038,0.04116034507751465,-0.18958455324172974,-0.08462093624240907,0.04458826780319214,-0.22364211082458496,-0.08728038373357805,0.04288393259048462,-0.05522942543029785,-0.054641938237018906,0.05585348606109619,-0.1316186785697937,-0.07183210405475648,0.05905658006668091,-0.17870992422103882,-0.07486571970350298,0.06155437231063843,-0.2144681215286255,-0.07568271311885866,0.05993694067001343,-0.0544966459274292,-0.051177757260866485,0.06898689270019531,-0.1165008544921875,-0.06324178579217943,0.07112783193588257,-0.15491801500320435,-0.06486674251920732,0.07223004102706909,-0.18515151739120483,-0.06493203940755876
0.0,0.0,0.0,-0.026309549808502197,-0.029184043407440186,-0.02525519643213414,-0.04041862487792969,-0.07537800073623657,-0.047380408907791605,-0.04093843698501587,-0.11688089370727539,-0.06349189084257745,-0.03931206464767456,-0.1556132435798645,-0.07971801858629846,-0.014029741287231445,-0.05902022123336792,-0.0722311685630288,-0.0006838440895080566,-0.13010907173156738,-0.09637191396441125,0.007464408874511719,-0.17178738117218018,-0.10495262097801827,0.014362871646881104,-0.20342481136322021,-0.10876230400290154,0.01407468318939209,-0.05009269714355469,-0.06816400837387704,0.0281524658203125,-0.13298755884170532,-0.09160957735266351,0.03197759389877319,-0.18244719505310059,-0.09583933156218194,0.033545494079589844,-0.21595072746276855,-0.09799687069143914,0.037425458431243896,-0.04891204833984375,-0.063219773287436,0.05033165216445923,-0.12806034088134766,-0.08325445901837014,0.051771700382232666,-0.17548227310180664,-0.08584136020626687,0.05196934938430786,-0.21117955446243286,-0.08601220201935433,0.05524688959121704,-0.05204802751541138,-0.0590056801983323,0.0645301342010498,-0.11553710699081421,-0.0739549199887719,0.06562989950180054,-0.1533614993095398,-0.07626934599365853,0.06566250324249268,-0.18294930458068848,-0.0766077737161126
0.0,0.0,0.0,-0.021669864654541016,-0.025619149208068848,-0.02506929453758744,-0.03262990713119507,-0.066536545753479,-0.04745912555901555,-0.03343123197555542,-0.10400086641311646,-0.06504861269442586,-0.03178292512893677,-0.13442426919937134,-0.08348941061942128,-0.005919694900512695,-0.04692608118057251,-0.0686764717504218,0.009084343910217285,-0.11387991905212402,-0.0935342312261298,0.015087664127349854,-0.15421181917190552,-0.10480238501278905,0.01973336935043335,-0.18420839309692383,-0.1110186279222205,0.019463837146759033,-0.03840988874435425,-0.06553385410754231,0.03620338439941406,-0.11530417203903198,-0.08842305843083409,0.03931218385696411,-0.16363346576690674,-0.0956021696731284,0.03948652744293213,-0.1974133849143982,-0.1007613242074683,0.04112422466278076,-0.036553800106048584,-0.061616383533163344,0.05698573589324951,-0.10887420177459717,-0.08029207591263798,0.05849933624267578,-0.15657472610473633,-0.08492905650584248,0.05905634164810181,-0.19286423921585083,-0.08788783852307347,0.05817681550979614,-0.0374029278755188,-0.0586809926137164,0.06919163465499878,-0.09655416011810303,-0.0724436939164832,0.07117527723312378,-0.13421952724456787,-0.07508171353785542,0.07180172204971313,-0.16374510526657104,-0.07652112845627812
0.0,0.0,0.0,-0.02758049964904785,-0.011615216732025146,-0.024807006240266105,-0.044217467308044434,-0.03998321294784546,-0.04410219763256862,-0.054334282875061035,-0.07309043407440186,-0.0587845799777682,-0.05650174617767334,-0.10585075616836548,-0.07473281224109485,-0.022163212299346924,-0.03240001201629639,-0.06404844869710757,-0.01619124412536621,-0.08650952577590942,-0.08649683196880176,-0.011024117469787598,-0.12173926830291748,-0.0973031093630965,-0.005598127841949463,-0.1492871642112732,-0.10364723403789355,0.002312779426574707,-0.028124511241912842,-0.06019333575703456,0.012882530689239502,-0.08961868286132812,-0.08095968712903812,0.016618967056274414,-0.13085925579071045,-0.08936886687614276,0.018260955810546875,-0.1637887954711914,-0.09594547201730563,0.02469456195831299,-0.02558267116546631,-0.05581549380757167,0.035454750061035156,-0.08400028944015503,-0.07368286152221515,0.03747075796127319,-0.12536263465881348,-0.08078673680164172,0.03687131404876709,-0.15943294763565063,-0.08531282295324161,0.0427241325378418,-0.023977816104888916,-0.05235247512199237,0.0512470006942749,-0.07327800989151001,-0.06626378198005511,0.05365973711013794,-0.10573452711105347,-0.0714004432115729,0.05299973487854004,-0.1324107050895691,-0.07488125015832736
0.0,0.0,0.0,-0.023393869400024414,-0.01213604211807251,-0.02245557295971423,-0.035174012184143066,-0.04446876049041748,-0.04077085281603843,-0.03888654708862305,-0.07957017421722412,-0.05496895114772826,-0.036917269229888916,-0.10904192924499512,-0.07059947575324088,-0.016811370849609375,-0.03257948160171509,-0.05993597756021529,-0.009340763092041016,-0.09114772081375122,-0.08237385923855811,-0.0031108856201171875,-0.1269230842590332,-0.09334923501008063,0.0017693042755126953,-0.1556221842765808,-0.09986218239062339,0.00845712423324585,-0.02696293592453003,-0.05756884242289573,0.019501090049743652,-0.09516966342926025,-0.07880458409779578,0.022697508335113525,-0.13981616497039795,-0.08680831069939643,0.022764384746551514,-0.1740623116493225,-0.09310394699566871,0.03170478343963623,-0.02589172124862671,-0.05472210968726188,0.04345381259918213,-0.0894242525100708,-0.07368284637921363,0.0443534255027771,-0.13549590110778809,-0.07976163352721244,0.043338239192962646,-0.17418479919433594,-0.08337646896832496,0.050360798835754395,-0.02746868133544922,-0.05260093311660796,0.06009554862976074,-0.0812222957611084,-0.06697904492610007,0.0610387921333313,-0.11679786443710327,-0.0704638081311515,0.0594138503074646,-0.14561498165130615,-0.0726450922607711
0.0,0.0,0.0,-0.016358792781829834,-0.02568119764328003,-0.025545066864616217,-0.024521231651306152,-0.06404823064804077,-0.04778424342108423,-0.02321523427963257,-0.0998120903968811,-0.06458426703644449,-0.017851710319519043,-0.1320684552192688,-0.08214745362234765,-0.0008362531661987305,-0.05278468132019043,-0.06863656331730539,0.010488748550415039,-0.11709880828857422,-0.09047527302933389,0.01873999834060669,-0.1599789261817932,-0.0990461005730694,0.025485098361968994,-0.19405102729797363,-0.10396496643257791,0.02340531349182129,-0.040069639682769775,-0.06476866145563775,0.03832155466079712,-0.11783826351165771,-0.08670798380804712,0.044196248054504395,-0.16923338174819946,-0.09419174184036905,0.045263707637786865,-0.20705676078796387,-0.09952544112635309,0.04364180564880371,-0.03668028116226196,-0.0596508054895466,0.05803436040878296,-0.11015462875366211,-0.07839255471659357,0.06262075901031494,-0.15937870740890503,-0.08429677476120645,0.0634186863899231,-0.19559776782989502,-0.08767985244227106,0.058766186237335205,-0.04010772705078125,-0.05524791468811685,0.06930214166641235,-0.09808671474456787,-0.06984211941195184,0.0723770260810852,-0.13852214813232422,-0.07363551546765024,0.07170236110687256,-0.16905653476715088,-0.07567940344048196
0.0,0.0,0.0,-0.025328516960144043,-0.01888328790664673,-0.027637549966399888,-0.04136735200881958,-0.04510599374771118,-0.05229886557144425,-0.04544258117675781,-0.06883746385574341,-0.07181918556970857,-0.04434901475906372,-0.08949154615402222,-0.09267086471599839,-0.027319371700286865,-0.012816369533538818,-0.07697855617088578,-0.016178488731384277,-0.07083982229232788,-0.1056030460743358,-0.009152829647064209,-0.10652554035186768,-0.11927454109472535,-0.004511356353759766,-0.13441622257232666,-0.12703496898693345,-0.002868473529815674,-0.007116198539733887,-0.073922894254153,0.012498438358306885,-0.07553523778915405,-0.10001943941396974,0.015874266624450684,-0.1203048825263977,-0.1075566553620746,0.015118956565856934,-0.15320426225662231,-0.11353076930326722,0.02024531364440918,-0.006064057350158691,-0.0703588717727115,0.033523380756378174,-0.06864690780639648,-0.09347174997610352,0.03540521860122681,-0.11631345748901367,-0.09882973070425294,0.035391271114349365,-0.15395820140838623,-0.10220573033375047,0.039369165897369385,-0.0076906681060791016,-0.06782386387867234,0.047673940658569336,-0.059768855571746826,-0.08530663634819291,0.047981202602386475,-0.09710520505905151,-0.08928663219494126,0.046524763107299805,-0.12695914506912231,-0.09215080673975251
0.0,0.0,0.0,-0.024036824703216553,-0.01747918128967285,-0.023675615122144222,-0.037856340408325195,-0.05455136299133301,-0.04240405761224508,-0.04201817512512207,-0.0926550030708313,-0.05685705148202658,-0.0378914475440979,-0.12491029500961304,-0.07206082918268919,-0.013414978981018066,-0.043471336364746094,-0.06014812566859007,-0.002901434898376465,-0.10007745027542114,-0.08213327654225111,0.003994584083557129,-0.13669955730438232,-0.0924450887046504,0.009681403636932373,-0.16593211889266968,-0.09849559344870329,0.012883305549621582,-0.03933846950531006,-0.05687761508447409,0.026890099048614502,-0.10383361577987671,-0.0777402354083705,0.03208202123641968,-0.14889925718307495,-0.08574317969900846,0.034140825271606445,-0.18255972862243652,-0.09187514909130812,0.03552335500717163,-0.03830641508102417,-0.05317860298377752,0.048566222190856934,-0.09956485033035278,-0.07137189634663343,0.05056750774383545,-0.14548122882843018,-0.0783350823126483,0.05028790235519409,-0.1830804944038391,-0.082662521084373,0.05273693799972534,-0.038910865783691406,-0.05039846353751898,0.0629953145980835,-0.089397132396698,-0.0647528228960681,0.06489241123199463,-0.12539583444595337,-0.0697698129020381,0.06455427408218384,-0.15485131740570068,-0.07293256201369047
0.0,0.0,0.0,-0.027049899101257324,-0.021699368953704834,-0.02583545634043105,-0.041990697383880615,-0.055141329765319824,-0.04830225558471568,-0.043671369552612305,-0.08833497762680054,-0.06553429366540797,-0.042842984199523926,-0.11849796772003174,-0.08346780390930064,-0.018718481063842773,-0.03588402271270752,-0.07085193695020564,-0.004610002040863037,-0.0964459776878357,-0.09696132691097148,0.002695024013519287,-0.13347798585891724,-0.10911972822141536,0.008595645427703857,-0.16102242469787598,-0.11582034827661403,0.009376764297485352,-0.03067803382873535,-0.06736950577688106,0.025050997734069824,-0.10070157051086426,-0.09026674927663692,0.029079854488372803,-0.1438363790512085,-0.09609838576507457,0.029941439628601074,-0.1731765866279602,-0.10070265830945857,0.03312462568283081,-0.031050682067871094,-0.06358155609559901,0.0474933385848999,-0.09645730257034302,-0.08355839551877864,0.04956328868865967,-0.1402580738067627,-0.08792097867917903,0.05006897449493408,-0.17425698041915894,-0.0905295834083546,0.05087435245513916,-0.03467369079589844,-0.060765940709828214,0.06036418676376343,-0.08894705772399902,-0.07608350367736705,0.06155818700790405,-0.12276220321655273,-0.07957275213193782,0.06043511629104614,-0.14905518293380737,-0.08170506359529384
0.0,0.0,0.0,-0.026712000370025635,-0.02371424436569214,-0.0264271465328747,-0.04165077209472656,-0.05757015943527222,-0.04929763127241671,-0.044509708881378174,-0.0900108814239502,-0.06644958678756296,-0.04198956489562988,-0.11592608690261841,-0.08472931806121409,-0.017709732055664062,-0.031532227993011475,-0.07572481457267344,-0.007560551166534424,-0.09480243921279907,-0.1016113129643017,-0.0024670958518981934,-0.13402575254440308,-0.11298084680114329,0.0024271607398986816,-0.1636013388633728,-0.11917954359326899,0.009602367877960205,-0.02294015884399414,-0.07166538808618128,0.021723926067352295,-0.09765374660491943,-0.09601663474116862,0.023720741271972656,-0.14582562446594238,-0.10201548460994303,0.023906052112579346,-0.1798112988471985,-0.10626978848252833,0.03260612487792969,-0.021894216537475586,-0.06666281495366633,0.04454308748245239,-0.09351223707199097,-0.08754038486753046,0.04496723413467407,-0.14303940534591675,-0.09137328390155375,0.044484853744506836,-0.1809844970703125,-0.0930615482119137,0.049731433391571045,-0.026001393795013428,-0.062430829295259116,0.05768406391143799,-0.08818405866622925,-0.07826679621015131,0.057734131813049316,-0.12767791748046875,-0.08099987033877909,0.05681025981903076,-0.15714430809020996,-0.08212689731393397
0.0,0.0,0.0,-0.020387351512908936,-0.0215492844581604,-0.02859936859170631,-0.027099430561065674,-0.056322693824768066,-0.052621169199149165,-0.023731887340545654,-0.08745819330215454,-0.06999738719026283,-0.018125057220458984,-0.11394894123077393,-0.08864774759570793,-0.013275504112243652,-0.02951633930206299,-0.08194922860423759,-0.004353940486907959,-0.09190958738327026,-0.10732972826520637,0.0010067224502563477,-0.1344204545021057,-0.11708452757159904,0.005487799644470215,-0.16899126768112183,-0.12285308744470314,0.01056814193725586,-0.020299673080444336,-0.07737408037940696,0.022715628147125244,-0.09740328788757324,-0.10367853399078086,0.024573326110839844,-0.1479933261871338,-0.11096964981118873,0.024273276329040527,-0.18461549282073975,-0.11640093680183128,0.032339513301849365,-0.02028787136077881,-0.0713792314724131,0.043943703174591064,-0.09216022491455078,-0.09357192571918205,0.04460346698760986,-0.1424749493598938,-0.09824598785201744,0.04362642765045166,-0.18124324083328247,-0.10095054115812019,0.04952418804168701,-0.026159226894378662,-0.06620248611728385,0.056535422801971436,-0.08375358581542969,-0.08294711466590599,0.05775630474090576,-0.1221390962600708,-0.08677108045379356,0.05726516246795654,-0.15216809511184692,-0.08924886043826774
0.0,0.0,0.0,-0.01332712173461914,-0.01845461130142212,-0.020198001259032594,-0.01238715648651123,-0.05582922697067261,-0.03664098746425282,-0.005806148052215576,-0.09229987859725952,-0.048285261460605966,0.0028467178344726562,-0.12306791543960571,-0.0615232742512859,-0.006291210651397705,-0.0404437780380249,-0.06274608216530453,-0.0008441805839538574,-0.10673463344573975,-0.0815033285999931,0.0036264657974243164,-0.14834576845169067,-0.08859378538376461,0.00852656364440918,-0.18186640739440918,-0.09319496593720089,0.013029634952545166,-0.028237462043762207,-0.06035041875487934,0.023073673248291016,-0.10695993900299072,-0.08105172655827175,0.024787843227386475,-0.1574205756187439,-0.08884243361002575,0.024683058261871338,-0.19587260484695435,-0.09526976636892925,0.031491875648498535,-0.024149179458618164,-0.056229863979879724,0.043990492820739746,-0.09476476907730103,-0.07491137526280056,0.04449969530105591,-0.14662295579910278,-0.08145233682638775,0.04233306646347046,-0.18777167797088623,-0.08560385993963848,0.046709656715393066,-0.026564836502075195,-0.052131444879833566,0.0571172833442688,-0.08356350660324097,-0.06689659199959408,0.059250712394714355,-0.12306386232376099,-0.07111895523316036,0.05804252624511719,-0.15383380651474,-0.0739545866037048
0.0,0.0,0.0,-0.02384018898010254,-0.02008301019668579,-0.02361493707479667,-0.034765660762786865,-0.05428731441497803,-0.04260760881783199,-0.036297380924224854,-0.08940112590789795,-0.05655636229397487,-0.033032000064849854,-0.11875879764556885,-0.0713425275015993,-0.015859365463256836,-0.03614997863769531,-0.06482199543000888,-0.00878375768661499,-0.09948092699050903,-0.08756013178111743,-0.0038620829582214355,-0.13773328065872192,-0.09724245183946323,0.0012693405151367188,-0.16730821132659912,-0.10242011361600589,0.009392738342285156,-0.028641343116760254,-0.061107225351349825,0.017874956130981445,-0.10236072540283203,-0.08302295916558933,0.019723713397979736,-0.14841145277023315,-0.08866226636649799,0.020996928215026855,-0.1813376545906067,-0.0924490835595293,0.03149467706680298,-0.02870696783065796,-0.05681258776070308,0.041694462299346924,-0.09828388690948486,-0.07602269165994358,0.041736900806427,-0.1459050178527832,-0.07987154238702487,0.04120689630508423,-0.18335086107254028,-0.08113410287381839,0.04847532510757446,-0.034552156925201416,-0.05322268941284847,0.05578988790512085,-0.09346020221710205,-0.06790972464563083,0.056332290172576904,-0.13080638647079468,-0.07061915808202457,0.05533725023269653,-0.15987390279769897,-0.07147682421685886
0.0,0.0,0.0,-0.016584336757659912,-0.017673015594482422,-0.02392585857849383,-0.022598206996917725,-0.047728776931762695,-0.04436094223599696,-0.02248281240463257,-0.07520300149917603,-0.059638629696181056,-0.019788920879364014,-0.09936541318893433,-0.07668698488812709,-0.018164515495300293,-0.024098694324493408,-0.07027748136859202,-0.01480168104171753,-0.08263123035430908,-0.09164430855851435,-0.010448575019836426,-0.12137371301651001,-0.10047551899295115,-0.0062642693519592285,-0.15234851837158203,-0.1061269706402328,0.0018001198768615723,-0.013096332550048828,-0.06716985910277629,0.008231163024902344,-0.08474445343017578,-0.09040734826665187,0.009190857410430908,-0.13352304697036743,-0.09961081205945277,0.007588803768157959,-0.17143231630325317,-0.1074334224973228,0.0215684175491333,-0.010397076606750488,-0.06228042303662562,0.02818751335144043,-0.07671064138412476,-0.08224046885113978,0.028158187866210938,-0.1263035535812378,-0.08827714531760478,0.024672091007232666,-0.1645016074180603,-0.09263873010020518,0.03857612609863281,-0.013036787509918213,-0.057898643455317256,0.04311347007751465,-0.0687098503112793,-0.07375559120517039,0.04306173324584961,-0.10627341270446777,-0.07795961855988764,0.03960883617401123,-0.13540053367614746,-0.08119790910821223
0.0,0.0,0.0,-0.024076998233795166,-0.01805192232131958,-0.026486527545571903,-0.035459160804748535,-0.057933032512664795,-0.04724289513957558,-0.03372424840927124,-0.09721881151199341,-0.06191592328083573,-0.028175711631774902,-0.13005781173706055,-0.07757711820137558,-0.014578580856323242,-0.04229438304901123,-0.07266893647444306,-0.005116581916809082,-0.10619324445724487,-0.09674505553972779,0.0025389790534973145,-0.14515459537506104,-0.10697073153984604,0.009858965873718262,-0.1757122278213501,-0.11281479559671936,0.011759459972381592,-0.03474688529968262,-0.06771696768534241,0.025395095348358154,-0.10846483707427979,-0.09064332060349045,0.030410945415496826,-0.1571425199508667,-0.097691078109861,0.032509803771972656,-0.19220876693725586,-0.10320314429533539,0.034887611865997314,-0.03359699249267578,-0.061748158557534794,0.049279987812042236,-0.10211414098739624,-0.08202819190752564,0.051470398902893066,-0.1511121392250061,-0.08761828802359162,0.051634788513183594,-0.1899029016494751,-0.0907839130593544,0.05273270606994629,-0.03576064109802246,-0.05651239342820702,0.06419169902801514,-0.0912218689918518,-0.0722740482522255,0.06677013635635376,-0.12882566452026367,-0.07640953026545105,0.06693071126937866,-0.15811902284622192,-0.0787951018644577
0.0,0.0,0.0,-0.025502264499664307,-0.027641773223876953,-0.02700657166013798,-0.03826916217803955,-0.06748044490814209,-0.05033917121062359,-0.03654158115386963,-0.10345983505249023,-0.06753334916601261,-0.030957281589508057,-0.13707929849624634,-0.08490470565328678,-0.013712763786315918,-0.047144293785095215,-0.07791182912359318,0.0003730654716491699,-0.11319178342819214,-0.10435045279035648,0.009233295917510986,-0.15331977605819702,-0.114250449011422,0.015417814254760742,-0.18372642993927002,-0.11899442739257893,0.013361036777496338,-0.03839594125747681,-0.07356597996721348,0.02969890832901001,-0.11533743143081665,-0.099382122526265,0.034070611000061035,-0.16493022441864014,-0.10450035847196659,0.03457176685333252,-0.1989850401878357,-0.10742375768194279,0.03560823202133179,-0.03641098737716675,-0.06833164162407002,0.0505295991897583,-0.10884147882461548,-0.09040733195314488,0.05219721794128418,-0.15802139043807983,-0.0939678973651894,0.051988065242767334,-0.19552820920944214,-0.09500738001833042,0.05171012878417969,-0.039110779762268066,-0.06386081642875752,0.06142956018447876,-0.09784239530563354,-0.08058590955505451,0.06358438730239868,-0.1371973156929016,-0.08417279041776737,0.06388747692108154,-0.1677446961402893,-0.0855324692226418
0.0,0.0,0.0,0.057259559631347656,-0.04645949602127075,-0.009973315898491819,0.10402274131774902,-0.11297810077667236,-0.025356014635576685,0.14082109928131104,-0.16865050792694092,-0.03739424553157278,0.17633259296417236,-0.19449937343597412,-0.05180514734627195,0.058380305767059326,-0.1456419825553894,-0.057437402572645624,0.05278855562210083,-0.2609733045101166,-0.07711473983169981,0.05181533098220825,-0.3279423117637634,-0.08549663555265852,0.049763500690460205,-0.3818105161190033,-0.09091784190775343,0.013995170593261719,-0.14717745780944824,-0.0626697702372212,0.014332056045532227,-0.2764856815338135,-0.08279211949945875,0.016726016998291016,-0.3524693250656128,-0.09066639971376844,0.019265949726104736,-0.40550386905670166,-0.09693564605356642,-0.02549123764038086,-0.14781326055526733,-0.06546744089962431,-0.02296978235244751,-0.26871615648269653,-0.08176859598995634,-0.016949117183685303,-0.3393390476703644,-0.0886099426114697,-0.010972201824188232,-0.39009368419647217,-0.09366478156687208,-0.05869603157043457,-0.14550530910491943,-0.06747148316742368,-0.056152164936065674,-0.2350902557373047,-0.08137966078163572,-0.052686989307403564,-0.286920428276062,-0.08602013569714018,-0.04753810167312622,-0.3296949565410614,-0.0887775657737393
0.0,0.0,0.0,0.05831491947174072,-0.047523677349090576,-0.00824008408012844,0.1103164553642273,-0.1093597412109375,-0.02244260433140255,0.14935678243637085,-0.16519427299499512,-0.03405899639251686,0.18483179807662964,-0.19414329528808594,-0.04865202019932724,0.06945449113845825,-0.14997172355651855,-0.051261839373140106,0.06473547220230103,-0.2660187780857086,-0.07121859948161102,0.06382119655609131,-0.33170071244239807,-0.08185301433327652,0.06290870904922485,-0.38501447439193726,-0.08900641362193085,0.025640130043029785,-0.14993596076965332,-0.0581241966319368,0.027922511100769043,-0.280697762966156,-0.07703198204758621,0.03187018632888794,-0.3578435182571411,-0.08685584823611237,0.0358920693397522,-0.4142772853374481,-0.09577604095461822,-0.013924837112426758,-0.14948952198028564,-0.06273457120182968,-0.00794130563735962,-0.27188846468925476,-0.07890656302693344,-0.0014859437942504883,-0.3427633047103882,-0.08619097332480408,0.005195975303649902,-0.39543646574020386,-0.09239873002293564,-0.04889863729476929,-0.14800095558166504,-0.06651480208161331,-0.042973220348358154,-0.23982036113739014,-0.08020674149516083,-0.03668403625488281,-0.2900090217590332,-0.08431788991215683,-0.029335379600524902,-0.3317902684211731,-0.08735359172347046
0.0,0.0,0.0,0.05984663963317871,-0.05249965190887451,-0.0070520596784433565,0.11039996147155762,-0.11992102861404419,-0.02131615245909302,0.1473156213760376,-0.17699003219604492,-0.03393153326780407,0.18408727645874023,-0.20393526554107666,-0.04977221267492382,0.06795722246170044,-0.15987586975097656,-0.04857801499039738,0.06114351749420166,-0.2777376174926758,-0.06979431064993946,0.0591738224029541,-0.3466035723686218,-0.08169081660182087,0.0569491982460022,-0.4023761749267578,-0.08984077574879734,0.022927522659301758,-0.15792328119277954,-0.05756202565700619,0.023016631603240967,-0.2886489927768707,-0.07875896098286717,0.024951457977294922,-0.3684144616127014,-0.09052490296036808,0.02740919589996338,-0.4268215000629425,-0.10019176306397526,-0.0186958909034729,-0.15457850694656372,-0.06445135029227345,-0.012603521347045898,-0.27802833914756775,-0.08284906150967686,-0.007292628288269043,-0.35192251205444336,-0.09170846494109242,-0.0015742182731628418,-0.4073200821876526,-0.09850165100962727,-0.05570518970489502,-0.15028667449951172,-0.07039854528576939,-0.051001548767089844,-0.2413686215877533,-0.08670297863156406,-0.0463828444480896,-0.29480451345443726,-0.09210797997386067,-0.040761709213256836,-0.3407207429409027,-0.09545024337441532
0.0,0.0,0.0,0.05431705713272095,-0.041404128074645996,-0.009269381158514278,0.10624688863754272,-0.10207915306091309,-0.02148657220648076,0.13656675815582275,-0.16433179378509521,-0.030432922050817268,0.16404485702514648,-0.2076050341129303,-0.042119634554250496,0.07324254512786865,-0.1409561038017273,-0.047893175140483635,0.06576031446456909,-0.25669312477111816,-0.06605883802519585,0.0607069730758667,-0.3164515495300293,-0.07477593536721017,0.05779612064361572,-0.36190956830978394,-0.08026993389473702,0.0310094952583313,-0.13872981071472168,-0.0528562378440931,0.029906749725341797,-0.2677687406539917,-0.06974998976336266,0.027846872806549072,-0.33587178587913513,-0.07752275581703927,0.027749240398406982,-0.3818064332008362,-0.08469385768519189,-0.008108258247375488,-0.1378011703491211,-0.05602631087647225,-0.003819108009338379,-0.2600889503955841,-0.07161965335951592,-0.0030781030654907227,-0.3255766034126282,-0.0768849712167814,-0.0005765557289123535,-0.37297964096069336,-0.08113213743315484,-0.043665409088134766,-0.13755714893341064,-0.058378723666532295,-0.03762638568878174,-0.2321261763572693,-0.07322172190295007,-0.03533637523651123,-0.2808552384376526,-0.07719781364546563,-0.03160375356674194,-0.32239025831222534,-0.07932284589157845
0.0,0.0,0.0,0.05665016174316406,-0.04042363166809082,-0.009064058419570031,0.11058658361434937,-0.10196560621261597,-0.02207449229459435,0.14009827375411987,-0.16446131467819214,-0.0315451208690849,0.16824305057525635,-0.2065410315990448,-0.04388644138376385,0.08019894361495972,-0.1352561116218567,-0.05237271228830487,0.0694231390953064,-0.2506837248802185,-0.07114770973126561,0.06294763088226318,-0.31174135208129883,-0.0792373042742458,0.05896556377410889,-0.3583211302757263,-0.08443302625815541,0.037863731384277344,-0.13120979070663452,-0.05757842177550465,0.036075055599212646,-0.2597825229167938,-0.07550367677609593,0.034851908683776855,-0.329792320728302,-0.08337579632203251,0.035154759883880615,-0.377860426902771,-0.09137752616803319,-0.0007812976837158203,-0.13075435161590576,-0.0604740899244991,0.0034636259078979492,-0.2530536949634552,-0.0769385468403545,0.004674255847930908,-0.3205035924911499,-0.08180547470252186,0.007317245006561279,-0.36980491876602173,-0.08620753103892476,-0.036727964878082275,-0.1326836347579956,-0.06239262187878758,-0.03089749813079834,-0.22927325963974,-0.07774326169888646,-0.02847510576248169,-0.2797766923904419,-0.08174067700307042,-0.024940013885498047,-0.32386013865470886,-0.0842661705056873
0.0,0.0,0.0,0.05558931827545166,-0.04035758972167969,-0.00966270351663212,0.10811084508895874,-0.09968501329421997,-0.02215892346456627,0.1381375789642334,-0.16127347946166992,-0.0311286029393969,0.16397953033447266,-0.20367145538330078,-0.04279813067868332,0.07507824897766113,-0.13459867238998413,-0.049111510532647173,0.06751549243927002,-0.2496640682220459,-0.06645527006939034,0.06302756071090698,-0.3100506663322449,-0.07459567757204155,0.06007730960845947,-0.3562232255935669,-0.07983966441705803,0.03252911567687988,-0.13224714994430542,-0.053396171795874636,0.030894815921783447,-0.26091718673706055,-0.06998857380703072,0.029637157917022705,-0.32923057675361633,-0.07803506674125771,0.02900630235671997,-0.3749640882015228,-0.08556353570774178,-0.006422102451324463,-0.13202780485153198,-0.055640037077218096,-0.0024025440216064453,-0.25393247604370117,-0.07048771055296044,-0.0008442401885986328,-0.31972962617874146,-0.07606102796152214,0.0009863972663879395,-0.36661282181739807,-0.08071063728883843,-0.041039466857910156,-0.13279640674591064,-0.05705549092844109,-0.03530740737915039,-0.22727584838867188,-0.07145262034490685,-0.032340049743652344,-0.27698928117752075,-0.07586074145391564,-0.028622567653656006,-0.3193739950656891,-0.07844466986015419
0.0,0.0,0.0,0.05537307262420654,-0.03914976119995117,-0.010473480031699012,0.10887885093688965,-0.0989539623260498,-0.023203913637310336,0.1394701600074768,-0.1610768437385559,-0.03219636394909031,0.16555052995681763,-0.20380818843841553,-0.04385517775347836,0.07622891664505005,-0.13199949264526367,-0.05034328862360127,0.0686640739440918,-0.2471981942653656,-0.06816681712201245,0.06366801261901855,-0.30812063813209534,-0.07641496747067578,0.060339272022247314,-0.35455602407455444,-0.08173066615393765,0.034246087074279785,-0.12954604625701904,-0.054379774772435496,0.032423198223114014,-0.2587130665779114,-0.07177500664523251,0.030309617519378662,-0.3271234631538391,-0.08005745946696408,0.02917766571044922,-0.37285274267196655,-0.08755433797171719,-0.004556536674499512,-0.1300792694091797,-0.05642924695542462,-0.0008211135864257812,-0.25261569023132324,-0.07201271741917736,5.316734313964844e-05,-0.3188040256500244,-0.07779988884261257,0.0015143752098083496,-0.3660467863082886,-0.08243081211379177,-0.03966414928436279,-0.13219904899597168,-0.0577032776110471,-0.03419005870819092,-0.22677257657051086,-0.07285391032031185,-0.03166085481643677,-0.27664315700531006,-0.07774101435473568,-0.028071880340576172,-0.3192731738090515,-0.0805643448167146
0.0,0.0,0.0,0.054910898208618164,-0.03872805833816528,-0.010797012308533027,0.1078568696975708,-0.0985558032989502,-0.024101294288332298,0.13721036911010742,-0.1598597764968872,-0.0336480826976846,0.16364336013793945,-0.2023029327392578,-0.045911946976477935,0.07539218664169312,-0.13191097974777222,-0.05191304319530232,0.06688708066940308,-0.24574875831604004,-0.07060378947287305,0.0624353289604187,-0.30659252405166626,-0.07910904445677502,0.0599980354309082,-0.35271841287612915,-0.08453643479376538,0.03367006778717041,-0.12830036878585815,-0.056111165964896514,0.03182399272918701,-0.25600796937942505,-0.07417793729334576,0.031108319759368896,-0.32504159212112427,-0.08244848408728345,0.03181403875350952,-0.3717650771141052,-0.09016008087425931,-0.0042806267738342285,-0.1276659369468689,-0.05829305731683476,-0.0010349154472351074,-0.24902752041816711,-0.07462550112038357,0.0004443526268005371,-0.3154207170009613,-0.08011163928538068,0.0030876994132995605,-0.36304789781570435,-0.08453709044485791,-0.038799822330474854,-0.12912189960479736,-0.059738976592118576,-0.03320765495300293,-0.223131000995636,-0.07522814133196576,-0.030422747135162354,-0.27354496717453003,-0.07993916579514249,-0.026637613773345947,-0.31678399443626404,-0.08270298846989377
0.0,0.0,0.0,0.05301898717880249,-0.042803406715393066,-0.006949106396795912,0.10476964712142944,-0.10277199745178223,-0.01921199464953105,0.13478976488113403,-0.1637496054172516,-0.028665533454777403,0.16034722328186035,-0.2069641649723053,-0.041035998778106375,0.0754658579826355,-0.13357090950012207,-0.049564689563275977,0.06700801849365234,-0.2504270076751709,-0.06853255646085898,0.061232686042785645,-0.3114812970161438,-0.07739741371727149,0.05803835391998291,-0.3573617935180664,-0.08282207714176337,0.03309440612792969,-0.13194984197616577,-0.05608660371756713,0.03149336576461792,-0.26201876997947693,-0.07379903660869758,0.029578030109405518,-0.3319050073623657,-0.08124122040128867,0.030002713203430176,-0.3789498209953308,-0.08797891454553763,-0.0061827898025512695,-0.1317386031150818,-0.06055151687717597,-0.000701904296875,-0.2555088996887207,-0.07651587592220466,-0.00025975704193115234,-0.32224351167678833,-0.08157119171476523,0.0023059844970703125,-0.3704819977283478,-0.08573242293453376,-0.04193377494812012,-0.13255178928375244,-0.06395889090156714,-0.03507685661315918,-0.22634029388427734,-0.07891347275829474,-0.031121671199798584,-0.2756670117378235,-0.08305168168401877,-0.02525484561920166,-0.31756362318992615,-0.08539041148281257
0.0,0.0,0.0,0.05398815870285034,-0.042455196380615234,-0.00784843381214273,0.10617899894714355,-0.10036647319793701,-0.02056335158366096,0.1354997754096985,-0.16030848026275635,-0.030193070542992473,0.15958797931671143,-0.20560947060585022,-0.042610834014595866,0.07607227563858032,-0.1330859661102295,-0.0504552299501313,0.06825238466262817,-0.24980080127716064,-0.0696982430638684,0.06257009506225586,-0.3113013505935669,-0.07880128793138397,0.05836063623428345,-0.35791850090026855,-0.08436972520965469,0.03341013193130493,-0.13026916980743408,-0.056337984872044444,0.032212913036346436,-0.2605172395706177,-0.07474944613593948,0.029809176921844482,-0.32908520102500916,-0.08233966551441085,0.02873694896697998,-0.37460148334503174,-0.0891236724676503,-0.005890190601348877,-0.13002580404281616,-0.06015044323820007,-0.0007778406143188477,-0.2532329559326172,-0.0762636499823941,0.0001583099365234375,-0.3194248676300049,-0.08094934992212188,0.0023151636123657227,-0.36650437116622925,-0.08474454156774414,-0.0411607027053833,-0.13094335794448853,-0.06300486497300994,-0.0352475643157959,-0.22563719749450684,-0.07793451718706024,-0.03176748752593994,-0.2751839756965637,-0.08179969958680999,-0.02703535556793213,-0.31660735607147217,-0.0838693218650235
0.0,0.0,0.0,0.05468618869781494,-0.04393500089645386,-0.007293470576581029,0.10583019256591797,-0.10289490222930908,-0.019699552934792308,0.13530093431472778,-0.16485702991485596,-0.029138957988646297,0.16104334592819214,-0.210066556930542,-0.041329163965013294,0.07633590698242188,-0.1364036202430725,-0.04868935039284494,0.06885862350463867,-0.25308966636657715,-0.06756193926575449,0.06313377618789673,-0.31359824538230896,-0.07643904527666834,0.059365034103393555,-0.3595921993255615,-0.08189275106432703,0.034640491008758545,-0.13394349813461304,-0.05456812670471933,0.032405853271484375,-0.26515084505081177,-0.07193118324520853,0.030347764492034912,-0.33371108770370483,-0.07886585583927896,0.03027099370956421,-0.37926656007766724,-0.08541981866600779,-0.004317641258239746,-0.13339918851852417,-0.05846968283894327,-0.00018924474716186523,-0.25656643509864807,-0.07395483544113901,0.0011116862297058105,-0.3215785324573517,-0.07779040923359659,0.004471898078918457,-0.36809831857681274,-0.08115418246033457,-0.03990286588668823,-0.1335936188697815,-0.061421543266799716,-0.034456849098205566,-0.22775498032569885,-0.07576037934067514,-0.03078514337539673,-0.2766478657722473,-0.07892889520170954,-0.025181472301483154,-0.31785476207733154,-0.08061013361456659
0.0,0.0,0.0,0.054087817668914795,-0.043346941471099854,-0.007071164229268678,0.10558909177780151,-0.10162597894668579,-0.019382648428285965,0.13471293449401855,-0.16428819298744202,-0.028786948209012397,0.16116857528686523,-0.20873332023620605,-0.041076625024283775,0.07791078090667725,-0.13557970523834229,-0.04816279772421206,0.06972140073776245,-0.2522485554218292,-0.06660539868971194,0.06291043758392334,-0.31180721521377563,-0.07558620933195437,0.05873996019363403,-0.35664165019989014,-0.08111482325693453,0.035757243633270264,-0.13301748037338257,-0.05375238720079745,0.03266626596450806,-0.2625741958618164,-0.07031082574030245,0.0301857590675354,-0.33107244968414307,-0.07718342009683932,0.029796242713928223,-0.3769819140434265,-0.08414638254543627,-0.0035068392753601074,-0.13277143239974976,-0.05727869111796702,-0.0001265406608581543,-0.2554250657558441,-0.07207840893169726,0.0003153681755065918,-0.31975269317626953,-0.07546708199879015,0.0033707022666931152,-0.3655153512954712,-0.07881238523622836,-0.039345502853393555,-0.13397616147994995,-0.05983564842244471,-0.03436630964279175,-0.22968897223472595,-0.07342695656915987,-0.031156063079833984,-0.27786141633987427,-0.07601262841125811,-0.02566814422607422,-0.3176840543746948,-0.07743177029987658
0.0,0.0,0.0,0.05517387390136719,-0.040689051151275635,-0.007272368274700014,0.1067771315574646,-0.0996198058128357,-0.018909834303032724,0.13597160577774048,-0.16191977262496948,-0.02735228834308323,0.16289013624191284,-0.20416483283042908,-0.03864300062514481,0.07981610298156738,-0.1328258514404297,-0.04729797875143227,0.07054108381271362,-0.24817517399787903,-0.06466698830581841,0.06398993730545044,-0.3075699508190155,-0.07267821019149956,0.05962938070297241,-0.3526208698749542,-0.07777102475620445,0.03790915012359619,-0.1316605806350708,-0.052372550569545595,0.035102903842926025,-0.2605939507484436,-0.06821758484102425,0.03294163942337036,-0.3266407251358032,-0.07515969311453041,0.03207242488861084,-0.3704066276550293,-0.08225376342989144,-0.0010092854499816895,-0.1320595145225525,-0.05530438756204781,0.0028063058853149414,-0.2538500726222992,-0.06982849722362694,0.003232598304748535,-0.31739240884780884,-0.07395923321701225,0.005175292491912842,-0.36296337842941284,-0.07788045143343147,-0.0366058349609375,-0.13317525386810303,-0.05720702742792305,-0.031115055084228516,-0.2273796796798706,-0.07120321875072655,-0.0284806489944458,-0.27531448006629944,-0.0746695119664782,-0.024139583110809326,-0.3164823651313782,-0.07676958476759133
0.0,0.0,0.0,0.05164778232574463,-0.04075378179550171,-0.003023970084168326,0.10615712404251099,-0.10928511619567871,-0.012295170830466162,0.14551246166229248,-0.1625537872314453,-0.01981753777144135,0.18151897192001343,-0.18940365314483643,-0.031291774617411505,0.09772300720214844,-0.12571114301681519,-0.04713826547739686,0.10785889625549316,-0.24056124687194824,-0.0671758606600541,0.11391192674636841,-0.30628982186317444,-0.07700990434167565,0.12045371532440186,-0.3574691116809845,-0.08413969274041833,0.06195741891860962,-0.12391823530197144,-0.057205460177637946,0.08006542921066284,-0.25591710209846497,-0.0764994576143998,0.08837270736694336,-0.3299267292022705,-0.08582318122861565,0.097187340259552,-0.3810230791568756,-0.09473780091283501,0.021324515342712402,-0.12699168920516968,-0.06471930737970055,0.040052056312561035,-0.24932348728179932,-0.08342869873521508,0.049929141998291016,-0.3169653117656708,-0.08965236242292107,0.061837971210479736,-0.3656838536262512,-0.09497732217786492,-0.022083580493927002,-0.1355251669883728,-0.07063973243711175,-0.00520479679107666,-0.22419947385787964,-0.08860519077060403,0.004576563835144043,-0.27121078968048096,-0.09332476850030602,0.01688176393508911,-0.3110164403915405,-0.09647984351394356
0.0,0.0,0.0,0.053477704524993896,-0.03376471996307373,-0.008744547491055243,0.10856997966766357,-0.09719336032867432,-0.021418939692061656,0.1507350206375122,-0.14630287885665894,-0.030575651091616862,0.1882535219192505,-0.16939294338226318,-0.0436621470126326,0.10159152746200562,-0.11024856567382812,-0.05662028246847939,0.11309528350830078,-0.22411316633224487,-0.07613276818124604,0.12057369947433472,-0.29043805599212646,-0.0853234914812262,0.12963688373565674,-0.3392711281776428,-0.09222013631192993,0.06420499086380005,-0.10864049196243286,-0.06253560760347199,0.08345896005630493,-0.2346923053264618,-0.08295342454044174,0.09475970268249512,-0.31088316440582275,-0.09302406140891861,0.10447049140930176,-0.3633498549461365,-0.10304346063463043,0.024580180644989014,-0.11390042304992676,-0.06530668714372467,0.044230103492736816,-0.2303754687309265,-0.08179559686509918,0.05428791046142578,-0.29371774196624756,-0.08452741184560608,0.06423914432525635,-0.33439016342163086,-0.08790984132615876,-0.015208244323730469,-0.1274402141571045,-0.06710729875890564,0.006196916103363037,-0.21591830253601074,-0.08100014307824921,0.018742144107818604,-0.2604200541973114,-0.08212167152492356,0.03137773275375366,-0.2945137023925781,-0.08327644446222138
0.0,0.0,0.0,0.05617409944534302,-0.027627289295196533,0.002675119157657946,0.11264830827713013,-0.07997089624404907,-0.0039588154072305315,0.15124690532684326,-0.12012827396392822,-0.010338805314376032,0.180164635181427,-0.14593476057052612,-0.020991272922827875,0.12278789281845093,-0.10428404808044434,-0.03828528307028023,0.1437981128692627,-0.2158898413181305,-0.05642185143776146,0.15071189403533936,-0.27690431475639343,-0.06681278876610008,0.15860068798065186,-0.3207891285419464,-0.07410700402803627,0.08892929553985596,-0.1063528060913086,-0.050436714362575685,0.11798346042633057,-0.23179888725280762,-0.06771116487331597,0.12864840030670166,-0.30373191833496094,-0.07650615803547112,0.13782024383544922,-0.3545268774032593,-0.08540525816030708,0.049813926219940186,-0.1162145733833313,-0.05965374566264359,0.0768669843673706,-0.232747882604599,-0.0757371910626432,0.08827197551727295,-0.29724740982055664,-0.07842532328911034,0.09969019889831543,-0.3405243754386902,-0.0816007085854551,0.0072942376136779785,-0.13359695672988892,-0.0672603451425573,0.03227728605270386,-0.22220146656036377,-0.08144385151214806,0.04551428556442261,-0.2689538896083832,-0.08177763007230965,0.05906766653060913,-0.3053291440010071,-0.082072263282015
0.0,0.0,0.0,0.05407285690307617,-0.04252856969833374,-0.004288911081978597,0.1070481538772583,-0.10857754945755005,-0.014247469797858514,0.1406841278076172,-0.16801762580871582,-0.022318547785410203,0.17445671558380127,-0.19683873653411865,-0.03381313961757115,0.08628380298614502,-0.13342362642288208,-0.04496100378049306,0.09113180637359619,-0.2522088289260864,-0.0640281086863368,0.09572291374206543,-0.31804317235946655,-0.07337330487383298,0.10118907690048218,-0.3694292902946472,-0.0800864046515315,0.049645304679870605,-0.13471758365631104,-0.05382654276503018,0.06322872638702393,-0.26637929677963257,-0.07155785915268353,0.07112383842468262,-0.3390459418296814,-0.08070539143694333,0.07954919338226318,-0.38996753096580505,-0.08941062745464734,0.011147022247314453,-0.13721740245819092,-0.0604350177646964,0.025372564792633057,-0.2590283751487732,-0.07752782312048367,0.03396099805831909,-0.3262941241264343,-0.08488406446588925,0.04408913850784302,-0.37543827295303345,-0.09102010932577542,-0.028034687042236328,-0.140974760055542,-0.06569861826313428,-0.016020536422729492,-0.22987589240074158,-0.08266237583769254,-0.0083656907081604,-0.27836349606513977,-0.08863042500627927,0.001221776008605957,-0.32092994451522827,-0.09266965296877316
0.0,0.0,0.0,0.056352853775024414,-0.03548640012741089,-0.0072941237502526235,0.1094287633895874,-0.10368061065673828,-0.018706490043623347,0.14551621675491333,-0.16244113445281982,-0.027577549908382792,0.18033313751220703,-0.1888946294784546,-0.04035241225741615,0.0928577184677124,-0.12344557046890259,-0.04892321372411956,0.09698772430419922,-0.24028348922729492,-0.06832559848211517,0.1013985276222229,-0.3066699802875519,-0.07855356926105728,0.10803055763244629,-0.35901522636413574,-0.08626532996080627,0.0551796555519104,-0.12595301866531372,-0.056326188836319346,0.06720417737960815,-0.2542545795440674,-0.07498951697729339,0.07466965913772583,-0.33197683095932007,-0.08688788557432403,0.08178704977035522,-0.3877469003200531,-0.09836247259758224,0.016643047332763672,-0.1304580569267273,-0.06104299122474899,0.028530478477478027,-0.24950823187828064,-0.0772989138402771,0.03625750541687012,-0.316834032535553,-0.08397116208456268,0.04580587148666382,-0.36495426297187805,-0.09037290954969635,-0.022246062755584717,-0.1390567421913147,-0.0648181855120491,-0.007599890232086182,-0.22840464115142822,-0.0798110261001419,0.001763761043548584,-0.27598699927330017,-0.08390744471929779,0.013741612434387207,-0.31695693731307983,-0.0872725739517044
0.0,0.0,0.0,0.056524574756622314,-0.03744226694107056,-0.006088192980392648,0.11117339134216309,-0.10602807998657227,-0.01714309718052931,0.1485949158668518,-0.16353297233581543,-0.02578664425353594,0.1820412278175354,-0.19280391931533813,-0.038456393811507894,0.09517192840576172,-0.1251329779624939,-0.04994377348165102,0.10061699151992798,-0.24335268139839172,-0.06930918845872469,0.10562074184417725,-0.3115980625152588,-0.07998024526576586,0.11285150051116943,-0.3650147318840027,-0.0882186651561696,0.05666506290435791,-0.12546700239181519,-0.058078663829370214,0.07046490907669067,-0.25534242391586304,-0.07845993939380236,0.07909494638442993,-0.33510518074035645,-0.09221464994887896,0.08693337440490723,-0.39245834946632385,-0.10508940968255587,0.017682969570159912,-0.12937110662460327,-0.06291785690526552,0.03139853477478027,-0.24951303005218506,-0.07955916825275011,0.04089301824569702,-0.3190521001815796,-0.08665674779157229,0.05122727155685425,-0.36868369579315186,-0.09356715384463854,-0.021087348461151123,-0.13838589191436768,-0.06663795414905138,-0.005039095878601074,-0.22898954153060913,-0.08137726638059206,0.00579458475112915,-0.27764591574668884,-0.08512895408610888,0.018490374088287354,-0.3195503056049347,-0.08845178637246676
0.0,0.0,0.0,0.05447244644165039,-0.03712064027786255,-0.006353882752005546,0.10732823610305786,-0.10540938377380371,-0.01752876225451061,0.14330416917800903,-0.16327661275863647,-0.02605696875194141,0.17796927690505981,-0.18897515535354614,-0.038196803215537756,0.09000742435455322,-0.1215219497680664,-0.0504889759753091,0.09760802984237671,-0.23935270309448242,-0.06985169384220669,0.10251104831695557,-0.3056713342666626,-0.07937796148994991,0.10859692096710205,-0.35781487822532654,-0.08664423707464763,0.05313146114349365,-0.12128996849060059,-0.05839530486205646,0.06866651773452759,-0.25330495834350586,-0.07784369322994777,0.07685059309005737,-0.3299580216407776,-0.08917104187944958,0.08441609144210815,-0.38473060727119446,-0.10014868262747356,0.014591217041015625,-0.12518370151519775,-0.06334402892330715,0.029325544834136963,-0.24788731336593628,-0.0804872635338647,0.03836691379547119,-0.31561464071273804,-0.08664470646122524,0.04876697063446045,-0.36471110582351685,-0.09269638839701244,-0.024726569652557373,-0.13429415225982666,-0.06713052574137279,-0.009032905101776123,-0.22504624724388123,-0.08333807173708507,0.0007101297378540039,-0.2735009789466858,-0.08763460550049373,0.012653470039367676,-0.31601136922836304,-0.09112811568716594
0.0,0.0,0.0,0.05588209629058838,-0.03752446174621582,-0.008629045576661554,0.11146771907806396,-0.10418105125427246,-0.02066122939518067,0.14807265996932983,-0.16299164295196533,-0.029762722679286924,0.18440943956375122,-0.18745946884155273,-0.04210082640579316,0.08706367015838623,-0.12505334615707397,-0.05033808773091408,0.09552043676376343,-0.24265319108963013,-0.0704924893908796,0.10176974534988403,-0.30949288606643677,-0.08062798356345269,0.10850417613983154,-0.3622918128967285,-0.08789885615637871,0.04798346757888794,-0.12845492362976074,-0.0573103410535154,0.06503880023956299,-0.2575623393058777,-0.0765107405715284,0.07501649856567383,-0.33364811539649963,-0.08748529677918526,0.08383232355117798,-0.38759246468544006,-0.09765025054743859,0.00903540849685669,-0.13360273838043213,-0.061989670746832815,0.025437235832214355,-0.2530573308467865,-0.07892031794121834,0.03635072708129883,-0.3218079209327698,-0.08649020468524071,0.04790699481964111,-0.3717407286167145,-0.09308360343506905,-0.028884589672088623,-0.14147335290908813,-0.0657450762920675,-0.01463097333908081,-0.23068594932556152,-0.08160560404589745,-0.005562901496887207,-0.2794986665248871,-0.08681234543850991,0.005579650402069092,-0.3220100998878479,-0.09065445339015099
0.0,0.0,0.0,0.05428314208984375,-0.041243135929107666,-0.0072061891695867075,0.10846811532974243,-0.10953927040100098,-0.01813706681415539,0.1433599591255188,-0.16954928636550903,-0.026495679470748712,0.17806637287139893,-0.19703716039657593,-0.03800371401295166,0.0834270715713501,-0.1309753656387329,-0.047822133827061464,0.0894126296043396,-0.2472681999206543,-0.067145721244664,0.09434682130813599,-0.31291812658309937,-0.07682703547462921,0.09969526529312134,-0.36552366614341736,-0.0838558089016388,0.045702219009399414,-0.13324040174484253,-0.05529733114227753,0.05971992015838623,-0.2609822154045105,-0.07361810021385651,0.06784611940383911,-0.336189866065979,-0.08411512635931473,0.07503849267959595,-0.39063867926597595,-0.09397181980595093,0.007378816604614258,-0.1375407576560974,-0.06050647534713249,0.021423399448394775,-0.2565910816192627,-0.07727516554579239,0.03094959259033203,-0.32453975081443787,-0.08504928015455704,0.041146814823150635,-0.3752744793891907,-0.09179373197540741,-0.030548274517059326,-0.1443101167678833,-0.06469425671085816,-0.01754140853881836,-0.23223698139190674,-0.08113709949240189,-0.009257853031158447,-0.28094714879989624,-0.08698295913919907,0.0005550980567932129,-0.3245112895965576,-0.09119270108923416
0.0,0.0,0.0,0.05447190999984741,-0.04204916954040527,-0.005696764069448079,0.10817408561706543,-0.11017864942550659,-0.01655184090400752,0.14185070991516113,-0.1717405915260315,-0.024932220431814756,0.17634397745132446,-0.19935578107833862,-0.03667425908411559,0.08594399690628052,-0.1272202730178833,-0.0479885058876377,0.08989417552947998,-0.24488121271133423,-0.06685487352574881,0.094044029712677,-0.3099600672721863,-0.07613700799907264,0.09835618734359741,-0.36227691173553467,-0.08280255072082099,0.0464397668838501,-0.1285114884376526,-0.056093549209485616,0.05977219343185425,-0.26042860746383667,-0.07303136758769568,0.06695568561553955,-0.33466845750808716,-0.08192651145423469,0.07326680421829224,-0.38780346512794495,-0.09078826181853827,0.0064105987548828125,-0.1321811079978943,-0.06179307945335921,0.0215909481048584,-0.25221678614616394,-0.07795792244638022,0.03074491024017334,-0.3206062614917755,-0.0851642283078533,0.04015105962753296,-0.37109941244125366,-0.09153022043670234,-0.032878100872039795,-0.13810348510742188,-0.066202411281715,-0.019451260566711426,-0.22520816326141357,-0.08210002802575644,-0.01142120361328125,-0.2738304138183594,-0.08747790925468024,-0.002230226993560791,-0.31667160987854004,-0.0914404409405094
0.0,0.0,0.0,0.054088294506073,-0.04163086414337158,-0.006004862637311703,0.10722684860229492,-0.10963588953018188,-0.016162147895485646,0.14184945821762085,-0.17001008987426758,-0.023968272061139828,0.1759803295135498,-0.19901877641677856,-0.03519432634213615,0.08518040180206299,-0.12678933143615723,-0.046406623126060254,0.09234285354614258,-0.244007408618927,-0.06591461986401725,0.09788411855697632,-0.3101952373981476,-0.07605320602753807,0.10383379459381104,-0.36203667521476746,-0.08334965646365333,0.046970486640930176,-0.12704825401306152,-0.05446689963439155,0.06244182586669922,-0.25569823384284973,-0.07224852979281593,0.07111513614654541,-0.330312579870224,-0.08237121641734291,0.07916009426116943,-0.38300830125808716,-0.0920949617038076,0.00787365436553955,-0.1300492286682129,-0.06036861255863357,0.023732304573059082,-0.24885863065719604,-0.07680432885983635,0.033810973167419434,-0.3163204491138458,-0.0842763894806211,0.0449027419090271,-0.3655766546726227,-0.09085552036860634,-0.03102332353591919,-0.13605254888534546,-0.06513876110413719,-0.01705223321914673,-0.2242492437362671,-0.081255410016567,-0.008436858654022217,-0.27221181988716125,-0.08660923332074333,0.002185642719268799,-0.31362587213516235,-0.09052751600840736
0.0,0.0,0.0,0.05379807949066162,-0.040624380111694336,-0.006242633871583081,0.10729151964187622,-0.10931611061096191,-0.017064936999080516,0.14235490560531616,-0.1702936887741089,-0.025310226324794627,0.1764204502105713,-0.19917583465576172,-0.03724999966084752,0.08884096145629883,-0.1252266764640808,-0.04857386516392026,0.09420263767242432,-0.24444955587387085,-0.06746920438468251,0.09815216064453125,-0.3108656406402588,-0.07708341123521123,0.10354071855545044,-0.3634260892868042,-0.0843406269139031,0.05075490474700928,-0.12524151802062988,-0.05664249004781041,0.06485509872436523,-0.2587393522262573,-0.07387716563403401,0.07211732864379883,-0.3362683057785034,-0.08402220400035176,0.07823467254638672,-0.3918011784553528,-0.09436755122601781,0.0109444260597229,-0.12861251831054688,-0.06207861991584096,0.02527797222137451,-0.2529447674751282,-0.07752628864705358,0.03373682498931885,-0.320990651845932,-0.08318126441895757,0.04354691505432129,-0.3703842759132385,-0.08921573551356587,-0.02938687801361084,-0.13673299551010132,-0.06648231537997518,-0.014625191688537598,-0.22863531112670898,-0.08165962489306722,-0.0055217742919921875,-0.2768588066101074,-0.08553464205920491,0.005891084671020508,-0.31884312629699707,-0.08886795731246266
0.0,0.0,0.0,0.05450105667114258,-0.04105722904205322,-0.004873977516378858,0.10682487487792969,-0.11098086833953857,-0.014752309311713674,0.142645001411438,-0.17210859060287476,-0.022367343780185678,0.17676126956939697,-0.2004910111427307,-0.03373036580958555,0.0886307954788208,-0.1253454089164734,-0.046666127171899774,0.0953744649887085,-0.24540656805038452,-0.06529775309243391,0.09992492198944092,-0.31142231822013855,-0.07487993734755705,0.10570847988128662,-0.3632696568965912,-0.08212294476905058,0.05118834972381592,-0.1251833438873291,-0.055012219127799966,0.065915048122406,-0.2571133077144623,-0.07178183692374418,0.07344657182693481,-0.3335393965244293,-0.08117165463843534,0.08015316724777222,-0.38773682713508606,-0.09107231396117399,0.011502385139465332,-0.12877297401428223,-0.060853265699531534,0.02643650770187378,-0.25080180168151855,-0.07594836550631712,0.03506523370742798,-0.31839314103126526,-0.08160084533372114,0.04545235633850098,-0.3674567937850952,-0.08773858147540281,-0.02914530038833618,-0.13626611232757568,-0.0655821045009155,-0.015131235122680664,-0.22654393315315247,-0.08064170974173734,-0.006543338298797607,-0.274254709482193,-0.0849295486775894,0.004747569561004639,-0.31500256061553955,-0.08866312402167509
0.0,0.0,0.0,0.05435258150100708,-0.04029184579849243,-0.006836555246898968,0.106376051902771,-0.10956341028213501,-0.018041514605918962,0.14093941450119019,-0.16917437314987183,-0.026725235209504206,0.1749306321144104,-0.1961280107498169,-0.03904098346892937,0.08755320310592651,-0.12339174747467041,-0.0490586616105233,0.0934610366821289,-0.23962152004241943,-0.06899523809615715,0.09897065162658691,-0.3058936595916748,-0.07984601035777672,0.10468602180480957,-0.3584631383419037,-0.08791913911763771,0.049286484718322754,-0.12320631742477417,-0.05726266726914986,0.06330704689025879,-0.2529867887496948,-0.07599040940467461,0.07220643758773804,-0.331836462020874,-0.08766031339828118,0.07911044359207153,-0.388265460729599,-0.09891551807586296,0.009786605834960938,-0.1263921856880188,-0.06294031515781029,0.024199366569519043,-0.24619761109352112,-0.07971151992742165,0.03432947397232056,-0.31561875343322754,-0.08749304041329964,0.04501450061798096,-0.36595624685287476,-0.09477759972278221,-0.03009098768234253,-0.13382267951965332,-0.06751206591788872,-0.016923964023590088,-0.2232593595981598,-0.08385351374808891,-0.007950007915496826,-0.2727356255054474,-0.08926930353108986,0.0033821463584899902,-0.31573721766471863,-0.09363278076116188
0.0,0.0,0.0,0.05288863182067871,-0.04151439666748047,-0.005667552818032107,0.10645508766174316,-0.10809391736984253,-0.016961421817960343,0.1427220106124878,-0.1686948537826538,-0.0257037226114889,0.17681151628494263,-0.1988992691040039,-0.038431329653086266,0.09218519926071167,-0.12544357776641846,-0.0509567800913473,0.09929913282394409,-0.2451784610748291,-0.0700079891834875,0.10379904508590698,-0.3106878399848938,-0.07985149510246714,0.10980004072189331,-0.3619026243686676,-0.0873775798831602,0.05472111701965332,-0.12336105108261108,-0.05923784337979754,0.06834214925765991,-0.2565547227859497,-0.07606538571459254,0.07637858390808105,-0.3326790928840637,-0.08547743596178492,0.08316075801849365,-0.38693100214004517,-0.09586128778797587,0.01496356725692749,-0.12524765729904175,-0.06471537984949549,0.028840720653533936,-0.24867773056030273,-0.07942474819761713,0.037445247173309326,-0.3163979649543762,-0.08470524288755854,0.0474429726600647,-0.36493751406669617,-0.09110588766676386,-0.02591651678085327,-0.13151007890701294,-0.069127554074349,-0.012386202812194824,-0.22291046380996704,-0.08414455689531763,-0.003738999366760254,-0.2712854743003845,-0.08842216618401011,0.007533431053161621,-0.3121752142906189,-0.09238769300323924
0.0,0.0,0.0,0.05339539051055908,-0.04091286659240723,-0.006978527333416196,0.10546272993087769,-0.11042213439941406,-0.018596787627615186,0.13987845182418823,-0.1716727614402771,-0.02765245797840521,0.1742551326751709,-0.20045149326324463,-0.04037671598402426,0.0901985764503479,-0.1269512176513672,-0.04938373031822607,0.09602963924407959,-0.24335956573486328,-0.06943608510104582,0.10074853897094727,-0.3088483512401581,-0.08041003036109373,0.1058310866355896,-0.36088335514068604,-0.0883681594094412,0.051741957664489746,-0.1260560154914856,-0.05736475872603819,0.06509673595428467,-0.25582945346832275,-0.07553136783448622,0.07349568605422974,-0.334295392036438,-0.0868258370718138,0.08015894889831543,-0.39071738719940186,-0.09796320336667463,0.012066781520843506,-0.12880480289459229,-0.06288347082940504,0.02590256929397583,-0.24812954664230347,-0.07899122374860212,0.035609304904937744,-0.31754183769226074,-0.08669417786208555,0.046149611473083496,-0.36796456575393677,-0.09408988493291304,-0.02785658836364746,-0.13546550273895264,-0.06733224230615065,-0.014779865741729736,-0.22579964995384216,-0.08310500967112944,-0.006461799144744873,-0.27549904584884644,-0.08851915287581846,0.004400670528411865,-0.3184788227081299,-0.09296207564679548
0.0,0.0,0.0,0.05484914779663086,-0.038795411586761475,-0.004273726134368161,0.10823893547058105,-0.10719126462936401,-0.014100893861421326,0.14360332489013672,-0.16913169622421265,-0.021858575283356885,0.17669302225112915,-0.20097249746322632,-0.033505147783824185,0.09290647506713867,-0.12665492296218872,-0.047296451865502576,0.10021364688873291,-0.24748915433883667,-0.06596084543950198,0.1052316427230835,-0.313819944858551,-0.07563638546950457,0.11155164241790771,-0.3660479784011841,-0.08309126505143283,0.05586439371109009,-0.12626749277114868,-0.056184282987185696,0.07036221027374268,-0.25917723774909973,-0.07373522826916812,0.07821393013000488,-0.3354959785938263,-0.08403090992457507,0.08473759889602661,-0.38998010754585266,-0.094576111524173,0.016361773014068604,-0.12900269031524658,-0.06225009494907496,0.02990412712097168,-0.251859575510025,-0.07747313985116122,0.03854537010192871,-0.3196512758731842,-0.08341114082820056,0.04882305860519409,-0.36908864974975586,-0.08990923175103305,-0.024436593055725098,-0.135822594165802,-0.06715059885270236,-0.010464310646057129,-0.22564759850502014,-0.08213659980780719,-0.0016446113586425781,-0.27403026819229126,-0.08653239765650866,0.010017931461334229,-0.31600016355514526,-0.09044757345206378
0.0,0.0,0.0,0.05437612533569336,-0.04042351245880127,-0.004492178644742495,0.106170654296875,-0.1084555983543396,-0.014936335935946232,0.14301657676696777,-0.1676269769668579,-0.023243475325163132,0.1769617199897766,-0.19765526056289673,-0.03539346679275823,0.09196269512176514,-0.12429165840148926,-0.04810628070658041,0.10018295049667358,-0.24224740266799927,-0.06733667253678632,0.10594052076339722,-0.3081786632537842,-0.0773661151451428,0.11289674043655396,-0.36044740676879883,-0.08505434691136671,0.055165648460388184,-0.12381935119628906,-0.05705751999443365,0.07021510601043701,-0.25552886724472046,-0.07513871192162824,0.07877886295318604,-0.3322548270225525,-0.08583580105727506,0.08635210990905762,-0.3868129253387451,-0.09685053824609113,0.01599907875061035,-0.12740105390548706,-0.06318327932780576,0.030565381050109863,-0.24971109628677368,-0.07888493835156751,0.03997695446014404,-0.31812870502471924,-0.08495053052132917,0.05089151859283447,-0.3673391044139862,-0.09157382845109296,-0.024462878704071045,-0.13548517227172852,-0.06814645379012418,-0.009997129440307617,-0.22547319531440735,-0.08362713604396177,-0.0004061460494995117,-0.27430447936058044,-0.08829230218356443,0.012009203433990479,-0.31635934114456177,-0.09240734725421262
0.0,0.0,0.0,0.05412578582763672,-0.03861641883850098,-0.004711362149237175,0.10493719577789307,-0.10761082172393799,-0.01546907386523344,0.13884317874908447,-0.1677224040031433,-0.02386796156656601,0.1724700927734375,-0.19611823558807373,-0.03594405072522022,0.08911788463592529,-0.12593698501586914,-0.0496653975803838,0.09817922115325928,-0.24209439754486084,-0.06980683523011066,0.10329073667526245,-0.3073557913303375,-0.07994408773970463,0.10778456926345825,-0.358642578125,-0.08714929836582996,0.05079090595245361,-0.12590646743774414,-0.05856711658429958,0.06704491376876831,-0.25576359033584595,-0.07755486535620548,0.07541394233703613,-0.331594318151474,-0.0882868381102071,0.08281344175338745,-0.3852483034133911,-0.09861621874165394,0.01083439588546753,-0.12820583581924438,-0.06462752687525608,0.028087258338928223,-0.2471727728843689,-0.08145421611857273,0.03838318586349487,-0.3140939474105835,-0.08813587444615223,0.04938715696334839,-0.36261069774627686,-0.09443529563736774,-0.030035018920898438,-0.13335955142974854,-0.06927840280127384,-0.014461338520050049,-0.2225731909275055,-0.08548787849736073,-0.004646003246307373,-0.26996296644210815,-0.09007482844185688,0.007709920406341553,-0.3115474581718445,-0.0936494456489072
0.0,0.0,0.0,0.05487293004989624,-0.0382843017578125,-0.006237386985802118,0.10784757137298584,-0.10574805736541748,-0.017721805981480543,0.14244836568832397,-0.1634170413017273,-0.026838002986394827,0.17666226625442505,-0.19112354516983032,-0.03970493402250952,0.09355604648590088,-0.1220320463180542,-0.049661714843594496,0.10305130481719971,-0.23635390400886536,-0.07033974703320212,0.10805583000183105,-0.30189985036849976,-0.08159485485323614,0.11243736743927002,-0.3538876473903656,-0.08965656932362265,0.05516630411148071,-0.12142127752304077,-0.05828980009921736,0.07286661863327026,-0.24999216198921204,-0.07734181012877173,0.08190047740936279,-0.327963650226593,-0.08885540839203543,0.08911627531051636,-0.3842715322971344,-0.1000694635129804,0.014985978603363037,-0.12514197826385498,-0.06433361794718451,0.03388237953186035,-0.24393129348754883,-0.08101665254601187,0.04478955268859863,-0.3119886517524719,-0.08778321769007391,0.05592656135559082,-0.361376017332077,-0.09448561843403525,-0.02585887908935547,-0.13395845890045166,-0.06920418914326376,-0.008582472801208496,-0.22294622659683228,-0.08507279332646078,0.002394258975982666,-0.2714650630950928,-0.08943298485048956,0.015262186527252197,-0.31346389651298523,-0.09313354667195028
0.0,0.0,0.0,0.052657485008239746,-0.03667187690734863,-0.005949017853971839,0.1064838171005249,-0.1029096245765686,-0.01645098699399483,0.1410071849822998,-0.16157501935958862,-0.02435959948369515,0.17491763830184937,-0.18855488300323486,-0.035824288410630345,0.09186059236526489,-0.1202353835105896,-0.0486386388368274,0.10140448808670044,-0.23358184099197388,-0.06824635414549363,0.10748946666717529,-0.2987237274646759,-0.07851414827772629,0.11344456672668457,-0.3495158553123474,-0.08602650163837922,0.053672969341278076,-0.12022531032562256,-0.056938283873286366,0.0716213583946228,-0.24862611293792725,-0.07520186601349366,0.08125823736190796,-0.32401683926582336,-0.08578595964380753,0.08962661027908325,-0.37785354256629944,-0.09592108873793137,0.01396322250366211,-0.12369006872177124,-0.06266859619089615,0.03155452013015747,-0.24192827939987183,-0.07938214836784852,0.04247826337814331,-0.3090514540672302,-0.08647670297094834,0.05419182777404785,-0.35835468769073486,-0.09295973627039444,-0.02649223804473877,-0.1313554048538208,-0.06712722478577149,-0.010802149772644043,-0.2195006012916565,-0.08350824264952195,-0.0010166764259338379,-0.26738813519477844,-0.08850497452684891,0.01144254207611084,-0.3092702627182007,-0.09229404924580109
0.0,0.0,0.0,0.055196285247802734,-0.04103291034698486,-0.0029445748808978323,0.10653913021087646,-0.10774588584899902,-0.012503775026202035,0.14133507013320923,-0.1671971082687378,-0.02043875605195744,0.17535018920898438,-0.19466787576675415,-0.03223604820996506,0.09273183345794678,-0.12677574157714844,-0.04407615326672776,0.10246723890304565,-0.2417064607143402,-0.06278275065451844,0.10744017362594604,-0.3056914210319519,-0.07272803895503266,0.11238276958465576,-0.35592105984687805,-0.07998354100018723,0.055498361587524414,-0.12469267845153809,-0.05356422923833115,0.07133251428604126,-0.2548530101776123,-0.06961955987244828,0.07959258556365967,-0.3294737935066223,-0.07888151817351563,0.08673280477523804,-0.38236522674560547,-0.08881157748728974,0.015540659427642822,-0.12585365772247314,-0.06053573005229218,0.032112300395965576,-0.24634182453155518,-0.07522716485291703,0.04158514738082886,-0.3123937249183655,-0.08053190373212082,0.05226784944534302,-0.35969334840774536,-0.08644468449383957,-0.025664567947387695,-0.13070017099380493,-0.06622109674245102,-0.010273516178131104,-0.22095048427581787,-0.0810110282185672,-0.0006544589996337891,-0.26832085847854614,-0.08482001088887436,0.011383771896362305,-0.30815306305885315,-0.08814214282065613
0.0,0.0,0.0,0.05485391616821289,-0.040939152240753174,-0.003930378526881384,0.10632753372192383,-0.11022889614105225,-0.014390383203014778,0.14285403490066528,-0.16879957914352417,-0.022996045005008625,0.17733615636825562,-0.19708746671676636,-0.03527910011677449,0.09130072593688965,-0.12406730651855469,-0.04713940369753544,0.10184580087661743,-0.24031716585159302,-0.0667804752555341,0.10753458738327026,-0.30521732568740845,-0.07708940404324238,0.11306935548782349,-0.3569992780685425,-0.08470473187832539,0.05462384223937988,-0.1231117844581604,-0.05652155849008267,0.07134050130844116,-0.2541348934173584,-0.07427039491800969,0.08043432235717773,-0.33103206753730774,-0.08463342982201283,0.0877036452293396,-0.38553738594055176,-0.09548990922836964,0.015252292156219482,-0.12638694047927856,-0.063217905637309,0.03242158889770508,-0.24833154678344727,-0.0787024472918958,0.042516112327575684,-0.31531286239624023,-0.08441591012148564,0.05308455228805542,-0.3628005087375641,-0.09081706154017155,-0.025503933429718018,-0.13417285680770874,-0.06871627765564625,-0.009362518787384033,-0.22342514991760254,-0.08411939936546986,0.0012798905372619629,-0.2719856798648834,-0.08864315348534291,0.013924777507781982,-0.3134205937385559,-0.09269702928929036
0.0,0.0,0.0,0.054679691791534424,-0.0384523868560791,-0.006325472200243709,0.10749685764312744,-0.10572159290313721,-0.01766096899095082,0.14388960599899292,-0.16442644596099854,-0.026711800189643142,0.1780097484588623,-0.1936001181602478,-0.039650230722456214,0.09472304582595825,-0.12102246284484863,-0.04888016642811799,0.10331392288208008,-0.23603272438049316,-0.06867923127296471,0.10870349407196045,-0.30152684450149536,-0.0793487830627253,0.11563301086425781,-0.35341256856918335,-0.08727698312881493,0.056980133056640625,-0.12040787935256958,-0.05693448247197175,0.07342708110809326,-0.24973410367965698,-0.07496284978273415,0.08234035968780518,-0.32743412256240845,-0.08583480404499078,0.09032601118087769,-0.38298678398132324,-0.09697836922290826,0.017663419246673584,-0.12473785877227783,-0.06240242259386086,0.033100664615631104,-0.245284765958786,-0.07785396562698388,0.04266566038131714,-0.31428423523902893,-0.08368502097013497,0.05341541767120361,-0.36312854290008545,-0.08995721028926873,-0.02219182252883911,-0.13448184728622437,-0.06692541675451302,-0.005554795265197754,-0.22534918785095215,-0.08157092617633843,0.005126535892486572,-0.27498018741607666,-0.08564015017631554,0.017689526081085205,-0.31673121452331543,-0.08929964439752602
0.0,0.0,0.0,0.05363452434539795,-0.04055672883987427,-0.005805379484623785,0.1056361198425293,-0.10919755697250366,-0.01699193730655324,0.1419435739517212,-0.16661542654037476,-0.02591471537652623,0.1769578456878662,-0.19427698850631714,-0.03858336597386014,0.09470230340957642,-0.12177342176437378,-0.04812691524329793,0.10304510593414307,-0.23509186506271362,-0.06800474017563474,0.10816478729248047,-0.30015599727630615,-0.07883927017155301,0.11378705501556396,-0.35219821333885193,-0.08672157466116559,0.05731463432312012,-0.12168020009994507,-0.05653647497001302,0.0737423300743103,-0.2497994601726532,-0.07426732569637906,0.08308827877044678,-0.3266811668872833,-0.08461177140179288,0.09040272235870361,-0.3813794255256653,-0.09527151077690732,0.01763021945953369,-0.12590473890304565,-0.062465442118078585,0.03442877531051636,-0.24466681480407715,-0.07773431181612622,0.04533576965332031,-0.3109557628631592,-0.08326818585100781,0.05644744634628296,-0.35731416940689087,-0.08933336078825604,-0.02280789613723755,-0.1344051957130432,-0.06738952338400495,-0.006466865539550781,-0.22506481409072876,-0.08220405667725217,0.004081428050994873,-0.2738025486469269,-0.08619457274380338,0.016517460346221924,-0.31473830342292786,-0.08969502687159192
0.0,0.0,0.0,0.05428028106689453,-0.03919672966003418,-0.005107773121890702,0.10700684785842896,-0.10668540000915527,-0.015877097499069848,0.1428602933883667,-0.1655316948890686,-0.024398293000158944,0.1772671937942505,-0.19376683235168457,-0.03669631074040858,0.09270364046096802,-0.12101179361343384,-0.049089871000942864,0.10244762897491455,-0.23679351806640625,-0.0691076178368899,0.10802954435348511,-0.3023810386657715,-0.07944698969691721,0.11359602212905884,-0.35429224371910095,-0.08697559277385203,0.055856525897979736,-0.11958974599838257,-0.057917609464821496,0.07315504550933838,-0.2516559958457947,-0.07624374667972056,0.08185768127441406,-0.3289601802825928,-0.08648992667764155,0.08875787258148193,-0.38348716497421265,-0.09697303513854472,0.016477644443511963,-0.1227840781211853,-0.06405379216044871,0.03398573398590088,-0.2447124719619751,-0.08017161081403223,0.04402768611907959,-0.3121163845062256,-0.08572255412906138,0.05449676513671875,-0.3599943220615387,-0.09166387806504694,-0.02421504259109497,-0.13084012269973755,-0.06900209526389567,-0.008098304271697998,-0.2218063473701477,-0.0845274884518954,0.0023470520973205566,-0.2704162001609802,-0.08859741280644862,0.014665424823760986,-0.3116559386253357,-0.09212066571086375
0.0,0.0,0.0,0.02850407361984253,-0.021083354949951172,-0.0051353156526587895,0.05598205327987671,-0.05538100004196167,-0.012201226032992452,0.07301771640777588,-0.0863182544708252,-0.017709760643263905,0.08786875009536743,-0.1066787838935852,-0.02505710227014646,0.03770017623901367,-0.07008099555969238,-0.029912861711999028,0.03660231828689575,-0.1312781572341919,-0.0417237120640479,0.036070168018341064,-0.16762569546699524,-0.04758810875537023,0.03558570146560669,-0.19744333624839783,-0.05150672671916112,0.0160103440284729,-0.07006275653839111,-0.03370229033352956,0.018267035484313965,-0.13972532749176025,-0.04512238008501157,0.018915534019470215,-0.18150374293327332,-0.05111509067537412,0.020467042922973633,-0.2123454511165619,-0.05642745149852857,-0.005049228668212891,-0.07101279497146606,-0.036282538152953236,-0.00014907121658325195,-0.13612020015716553,-0.0467346559238635,0.0015854239463806152,-0.17590022087097168,-0.05190842849733457,0.004042625427246094,-0.20584669709205627,-0.056007600106021016,-0.024917244911193848,-0.07278633117675781,-0.038305519796629994,-0.01969623565673828,-0.12133851647377014,-0.04808668670775518,-0.0164681077003479,-0.14950907230377197,-0.05213040364505872,-0.013059020042419434,-0.17360615730285645,-0.05496248481394872
0.0,0.0,0.0,0.028595566749572754,-0.027380943298339844,-0.0027169331288590115,0.05520349740982056,-0.06406766176223755,-0.009487779329965917,0.0719144344329834,-0.09643310308456421,-0.015029418732474653,0.08573681116104126,-0.11808621883392334,-0.022506147142003385,0.03771156072616577,-0.07718485593795776,-0.029491425942133276,0.034372925758361816,-0.1429746150970459,-0.04167945821161112,0.03187251091003418,-0.18000584840774536,-0.047537343095491735,0.02939528226852417,-0.20897862315177917,-0.05100490663523516,0.015109539031982422,-0.0751042366027832,-0.03444032509202799,0.015519976615905762,-0.14868059754371643,-0.046062113236139623,0.015010237693786621,-0.1914767026901245,-0.051124246309946386,0.014965176582336426,-0.22180312871932983,-0.05540549520726046,-0.006993651390075684,-0.07483148574829102,-0.03805801038021883,-0.0035817623138427734,-0.14361244440078735,-0.04826396841878733,-0.0024596452713012695,-0.18496987223625183,-0.05229979146594843,-0.0008115172386169434,-0.21565526723861694,-0.055383773039530126,-0.028207123279571533,-0.07548379898071289,-0.04089833189124903,-0.024052202701568604,-0.12856152653694153,-0.050103215019653646,-0.021232426166534424,-0.15769878029823303,-0.05291954938645205,-0.018058180809020996,-0.18235915899276733,-0.05468282241697153
0.0,0.0,0.0,0.030686259269714355,-0.025480449199676514,-0.002883386881258332,0.059135496616363525,-0.06254243850708008,-0.009309150827284896,0.07705909013748169,-0.09413641691207886,-0.014542737593110644,0.0923835039138794,-0.1141347885131836,-0.0216562222588621,0.040785253047943115,-0.07438713312149048,-0.02832336871808394,0.04019731283187866,-0.1385307013988495,-0.03980408756917342,0.03937089443206787,-0.17586544156074524,-0.04549699424689635,0.038390278816223145,-0.20640182495117188,-0.049245705445464694,0.01813662052154541,-0.07313156127929688,-0.03316335528081282,0.019894182682037354,-0.14592009782791138,-0.0442466117340885,0.01996380090713501,-0.18954992294311523,-0.049762563397344195,0.020651042461395264,-0.22166040539741516,-0.05482215209787711,-0.0037485361099243164,-0.07400017976760864,-0.036603508134540164,0.001217484474182129,-0.14308470487594604,-0.046599147458728396,0.0029123425483703613,-0.18387550115585327,-0.050796525170262896,0.005144655704498291,-0.21488553285598755,-0.054274560501035296,-0.024412214756011963,-0.07613515853881836,-0.03929518311208113,-0.018828153610229492,-0.12850147485733032,-0.04846737309282645,-0.015426337718963623,-0.1569136381149292,-0.05141716225927695,-0.011699438095092773,-0.18100953102111816,-0.05346499158924445
0.0,0.0,0.0,0.029842734336853027,-0.02073460817337036,-0.006466763937247322,0.05905693769454956,-0.055405378341674805,-0.013996067834419534,0.07783550024032593,-0.0859115719795227,-0.01904769279561691,0.09334814548492432,-0.10509878396987915,-0.025788320605975912,0.04113149642944336,-0.06756842136383057,-0.031179966782552526,0.03870368003845215,-0.1291215419769287,-0.041626716410142706,0.03741413354873657,-0.1660493016242981,-0.046581225847226904,0.03657501935958862,-0.19546657800674438,-0.04975670800111942,0.018604040145874023,-0.06673038005828857,-0.03323921785257511,0.020897984504699707,-0.1401384472846985,-0.04325824082396679,0.022254109382629395,-0.18253517150878906,-0.048207128797990606,0.022610127925872803,-0.21275916695594788,-0.05273637027047329,-0.0023623108863830566,-0.06829315423965454,-0.03377334997556858,0.0023187994956970215,-0.13610878586769104,-0.04202779606483631,0.005036711692810059,-0.17395740747451782,-0.04445010647676639,0.00700986385345459,-0.20130687952041626,-0.04653046504162006,-0.021895170211791992,-0.07207012176513672,-0.03391355127595119,-0.01587200164794922,-0.12483108043670654,-0.040631311391813085,-0.011810779571533203,-0.1525663435459137,-0.04149056450031452,-0.008734822273254395,-0.17605572938919067,-0.04205071405075245
0.0,0.0,0.0,0.030242204666137695,-0.020921528339385986,-0.005521071589370763,0.05978363752365112,-0.055662333965301514,-0.012636973037203347,0.0787501335144043,-0.0857311487197876,-0.017592289930959737,0.09436535835266113,-0.1049952507019043,-0.024218795335670507,0.04248899221420288,-0.06664025783538818,-0.031286939493199384,0.04192072153091431,-0.12835335731506348,-0.04281471993662933,0.04150503873825073,-0.16545793414115906,-0.04826195862032989,0.04170846939086914,-0.19541975855827332,-0.05172476868965248,0.020377278327941895,-0.06592458486557007,-0.034290592632075345,0.023960232734680176,-0.13899528980255127,-0.04551688533165077,0.024958670139312744,-0.18229231238365173,-0.05082352410890678,0.02645772695541382,-0.2132081389427185,-0.05547898586728195,-0.0011082291603088379,-0.06783366203308105,-0.03577688287832359,0.004434347152709961,-0.13654518127441406,-0.045579675099631345,0.0067476630210876465,-0.17618390917778015,-0.04871526684500793,0.009426295757293701,-0.2048758864402771,-0.05105910029151062,-0.02168935537338257,-0.07216674089431763,-0.03670946087576965,-0.015049338340759277,-0.12484431266784668,-0.0449437605951033,-0.011400401592254639,-0.153303861618042,-0.046656485161562955,-0.007922708988189697,-0.1773066222667694,-0.04762407343723396
0.0,0.0,0.0,0.03105640411376953,-0.018361330032348633,-0.006331706554725258,0.06060868501663208,-0.05039304494857788,-0.013769022324218838,0.08015304803848267,-0.07863730192184448,-0.018879991159870713,0.09549754858016968,-0.09862059354782104,-0.0260509253899599,0.04695075750350952,-0.06248211860656738,-0.030701549858882515,0.04729098081588745,-0.12432384490966797,-0.040528236092164605,0.047934114933013916,-0.16009733080863953,-0.045402040840222924,0.049541354179382324,-0.1880231499671936,-0.048784377188518135,0.02485102415084839,-0.06125998497009277,-0.03280806741221198,0.03159421682357788,-0.13120490312576294,-0.04158779060943374,0.035247087478637695,-0.17153704166412354,-0.04584329775078544,0.03723710775375366,-0.19986611604690552,-0.05035025081141242,0.003606557846069336,-0.06290596723556519,-0.033422773839070885,0.012031853199005127,-0.12600922584533691,-0.040205525369479744,0.01682126522064209,-0.16043657064437866,-0.04128065160019645,0.020788133144378662,-0.1845124363899231,-0.043001176924541085,-0.016584575176239014,-0.06720560789108276,-0.033746501566007225,-0.007716953754425049,-0.11681187152862549,-0.03938067159159431,-0.0028477907180786133,-0.14242565631866455,-0.03904964974625358,0.0011435151100158691,-0.163628488779068,-0.03911487212879905
0.0,0.0,0.0,0.03162121772766113,-0.01698935031890869,-0.006275101116742121,0.061941444873809814,-0.04874294996261597,-0.014296686760033595,0.08126813173294067,-0.07725000381469727,-0.01996645193442248,0.09676551818847656,-0.097525954246521,-0.027737856394494997,0.048178911209106445,-0.06097990274429321,-0.03158772040053748,0.04824274778366089,-0.12004798650741577,-0.042329162842477785,0.04938244819641113,-0.15661045908927917,-0.04829221639677428,0.05134457349777222,-0.18585819005966187,-0.05267182785912894,0.0266038179397583,-0.05988490581512451,-0.03436625052138709,0.03347790241241455,-0.12727481126785278,-0.044529531634296404,0.03775829076766968,-0.169300377368927,-0.05061563525244139,0.04021883010864258,-0.2009536623954773,-0.05658217567845725,0.005270957946777344,-0.062049031257629395,-0.035415817535366045,0.01282203197479248,-0.12343060970306396,-0.043458361661876665,0.01790440082550049,-0.15869855880737305,-0.04541228014871024,0.021842479705810547,-0.18470123410224915,-0.047894966340507494,-0.015795767307281494,-0.06786030530929565,-0.03604386795207404,-0.008242964744567871,-0.11400610208511353,-0.04251211557432555,-0.0037131309509277344,-0.1383318305015564,-0.04222248915478133,0.0001767277717590332,-0.15977340936660767,-0.042387947923387514
0.0,0.0,0.0,0.031332552433013916,-0.019687116146087646,-0.004752864467157281,0.060576796531677246,-0.05308878421783447,-0.011517303867442763,0.0803382396697998,-0.08158743381500244,-0.0163036313487126,0.0960199236869812,-0.10090100765228271,-0.023035933135254538,0.048071205615997314,-0.062013328075408936,-0.0277571704817845,0.04812633991241455,-0.12246841192245483,-0.037765323056085265,0.04861593246459961,-0.1590326428413391,-0.043387218250138915,0.05026125907897949,-0.18858060240745544,-0.04742446063290373,0.025982797145843506,-0.06078386306762695,-0.03104909217189089,0.03323721885681152,-0.1295543909072876,-0.04057688160072104,0.037098586559295654,-0.17167070508003235,-0.046356941444976485,0.03965729475021362,-0.20286399126052856,-0.05181630222330824,0.003983199596405029,-0.06381601095199585,-0.03276517508755461,0.012511253356933594,-0.12655025720596313,-0.04070475591550604,0.017877578735351562,-0.1635107696056366,-0.04333915455470816,0.02248591184616089,-0.19132989645004272,-0.04594907803664938,-0.017540335655212402,-0.0703277587890625,-0.033930404914720214,-0.008997201919555664,-0.11834007501602173,-0.04054957522283331,-0.004343867301940918,-0.14357268810272217,-0.040763574524028456,-1.436471939086914e-05,-0.16574722528457642,-0.041049643291337645
0.0,0.0,0.0,0.032464027404785156,-0.019222140312194824,-0.004653064427380116,0.06435590982437134,-0.05150115489959717,-0.012055404843245299,0.08503919839859009,-0.080441415309906,-0.017633732767258437,0.10085123777389526,-0.10192334651947021,-0.02546942828730181,0.05195993185043335,-0.060472726821899414,-0.030551229031239302,0.05325806140899658,-0.12451964616775513,-0.04215658119455412,0.053210318088531494,-0.1616535782814026,-0.04865498504177168,0.054534852504730225,-0.19096317887306213,-0.053185936422501356,0.02913987636566162,-0.05926543474197388,-0.03454937449232176,0.03689301013946533,-0.13261157274246216,-0.04512125289574698,0.03967469930648804,-0.17538297176361084,-0.05135112664238051,0.04188859462738037,-0.20654278993606567,-0.05748913100496367,0.007091403007507324,-0.06253337860107422,-0.03686415439978674,0.014983952045440674,-0.12974125146865845,-0.04566562584177092,0.0194205641746521,-0.16839879751205444,-0.048265271247778685,0.023912549018859863,-0.19652438163757324,-0.051175561161194594,-0.01396256685256958,-0.06994801759719849,-0.03864697030321196,-0.005059540271759033,-0.12161022424697876,-0.045818321765814574,-0.0002187490463256836,-0.14891397953033447,-0.04627122393385008,0.0048659443855285645,-0.17174676060676575,-0.04699577054515913
0.0,0.0,0.0,0.03151017427444458,-0.017901062965393066,-0.003663906755120294,0.06269073486328125,-0.048231661319732666,-0.011024569787279503,0.0826217532157898,-0.07555556297302246,-0.016899659924403565,0.0984986424446106,-0.09559595584869385,-0.02504098943640365,0.05109906196594238,-0.05537676811218262,-0.03041767484714164,0.05546194314956665,-0.11671626567840576,-0.042509311504856484,0.05619943141937256,-0.15227985382080078,-0.04922834194471015,0.05737614631652832,-0.18016159534454346,-0.05382255620528831,0.029309093952178955,-0.05498164892196655,-0.0352681332008995,0.03935062885284424,-0.12466877698898315,-0.04663272357751502,0.04274660348892212,-0.1665768027305603,-0.05327783308197631,0.045092880725860596,-0.19759690761566162,-0.05957191220690383,0.007732689380645752,-0.058597445487976074,-0.038392850823894875,0.01794266700744629,-0.1225249171257019,-0.047898715056673424,0.023019254207611084,-0.16015708446502686,-0.050980260290399926,0.02790367603302002,-0.18847864866256714,-0.054254555769459145,-0.013107478618621826,-0.06623774766921997,-0.040848476506964104,-0.004272341728210449,-0.11392509937286377,-0.048851201005474465,0.000786125659942627,-0.13986551761627197,-0.04984126395751609,0.0059323906898498535,-0.1626719832420349,-0.05096374980379714
0.0,0.0,0.0,0.02973538637161255,-0.015077531337738037,-0.005959223581044171,0.05938684940338135,-0.044155001640319824,-0.01324480781102011,0.07880836725234985,-0.0703398585319519,-0.01857717158043215,0.09579378366470337,-0.08917754888534546,-0.026087746114967558,0.04971367120742798,-0.056110501289367676,-0.028073353783724997,0.05074620246887207,-0.11278349161148071,-0.037980550990937445,0.05187708139419556,-0.14723420143127441,-0.043765736834643576,0.05443233251571655,-0.17429739236831665,-0.048070361928580496,0.02839869260787964,-0.05466979742050171,-0.03079081149542162,0.03601616621017456,-0.11894124746322632,-0.03962344871604273,0.04089277982711792,-0.15897101163864136,-0.04543733419620821,0.04442864656448364,-0.1888524293899536,-0.051472714261649344,0.007154107093811035,-0.05643719434738159,-0.0321193505986912,0.016067922115325928,-0.11504489183425903,-0.039695711897252295,0.021649420261383057,-0.1501949429512024,-0.04227673457705805,0.02663242816925049,-0.17604860663414001,-0.04532350795113871,-0.013299643993377686,-0.06194591522216797,-0.033064214603541586,-0.004880547523498535,-0.1067245602607727,-0.039843963549969885,0.0001112818717956543,-0.1314370036125183,-0.040459936575530264,0.0045806169509887695,-0.15242639183998108,-0.041336780504821036
0.0,0.0,0.0,0.030882954597473145,-0.018852174282073975,-0.0042688377517379195,0.061773061752319336,-0.05027669668197632,-0.011798794971696225,0.08147484064102173,-0.07689636945724487,-0.017568860793403474,0.09732174873352051,-0.0965302586555481,-0.025520595380953637,0.048965394496917725,-0.054954588413238525,-0.03130045405953297,0.050914108753204346,-0.1164427399635315,-0.043238865801981774,0.052132487297058105,-0.15284520387649536,-0.04965546972482571,0.05391585826873779,-0.18124327063560486,-0.05408841244309315,0.02676236629486084,-0.05321061611175537,-0.035905341276816216,0.03551781177520752,-0.12501102685928345,-0.04747634626357922,0.038873374462127686,-0.1692158281803131,-0.05363717547982105,0.041201233863830566,-0.20110273361206055,-0.05946226663320431,0.004743635654449463,-0.05641579627990723,-0.038791651496580926,0.014637470245361328,-0.12201887369155884,-0.04839213810294041,0.01991933584213257,-0.16124355792999268,-0.05057552702157864,0.02505594491958618,-0.18943259119987488,-0.05299190304606327,-0.0167885422706604,-0.06429266929626465,-0.04106282688110241,-0.007893204689025879,-0.11387038230895996,-0.048739897677592126,-0.0020571351051330566,-0.14076954126358032,-0.048853567460469094,0.0037255287170410156,-0.16317203640937805,-0.04922375700800785
0.0,0.0,0.0,0.031137287616729736,-0.017405211925506592,-0.006171225068705155,0.06133204698562622,-0.04848957061767578,-0.013563997542100026,0.0815170407295227,-0.07567733526229858,-0.018732043413059785,0.09711623191833496,-0.09481430053710938,-0.02592114960922487,0.04888826608657837,-0.05806267261505127,-0.029485563246147706,0.05068790912628174,-0.11556088924407959,-0.04038013747109659,0.05177652835845947,-0.15200859308242798,-0.04659692427291162,0.05342990159988403,-0.1813030242919922,-0.05101836329473741,0.027580738067626953,-0.056471824645996094,-0.032249367294447495,0.035590171813964844,-0.12318909168243408,-0.042697711346285416,0.039413511753082275,-0.16433531045913696,-0.0488945156909395,0.04144948720932007,-0.19464221596717834,-0.054644933400290086,0.00621408224105835,-0.05901223421096802,-0.03352949625028856,0.014841735363006592,-0.12109160423278809,-0.04206340244187601,0.019921422004699707,-0.15770357847213745,-0.0442037754334379,0.024024248123168945,-0.1845495104789734,-0.046482859609263016,-0.014930009841918945,-0.06545150279998779,-0.03443829199446924,-0.0062403082847595215,-0.11365967988967896,-0.041444676426785065,-0.0011321306228637695,-0.13886189460754395,-0.04147164380325563,0.0036597251892089844,-0.16067028045654297,-0.04165371364130266
0.0,0.0,0.0,0.031107604503631592,-0.016827762126922607,-0.006055674389735088,0.060941457748413086,-0.04805725812911987,-0.013943592426166163,0.08128893375396729,-0.07452207803726196,-0.019467260096952543,0.09750020503997803,-0.092898428440094,-0.027043202300355063,0.04925352334976196,-0.05626070499420166,-0.03156821556834899,0.051398277282714844,-0.1161620020866394,-0.042161141861960516,0.05294078588485718,-0.1524302363395691,-0.04780937113313399,0.05472207069396973,-0.1810581088066101,-0.05172089241890632,0.027689099311828613,-0.05389779806137085,-0.03404677786378585,0.03613656759262085,-0.12165194749832153,-0.04390775166897498,0.040557920932769775,-0.1620427966117859,-0.049162243832633123,0.04263758659362793,-0.1918075680732727,-0.05439177655129157,0.006136536598205566,-0.05659753084182739,-0.03483393915443145,0.015572130680084229,-0.11877816915512085,-0.04274163894800864,0.0213506817817688,-0.15474170446395874,-0.04421605669407569,0.025359749794006348,-0.18094372749328613,-0.046146010388419256,-0.01482844352722168,-0.06372720003128052,-0.035147530366465674,-0.004594743251800537,-0.11186379194259644,-0.04156405605821334,0.0006476044654846191,-0.13657647371292114,-0.04094902553109847,0.0044918060302734375,-0.15738338232040405,-0.04070580132751189
0.0,0.0,0.0,0.03136491775512695,-0.01933354139328003,-0.00489789087722059,0.06295603513717651,-0.05213654041290283,-0.012175756305698116,0.08385211229324341,-0.08124136924743652,-0.01759303713614102,0.10045015811920166,-0.10242605209350586,-0.02514226155752297,0.05194056034088135,-0.05988001823425293,-0.030257189445439536,0.055222392082214355,-0.12071704864501953,-0.041928643159810264,0.05572974681854248,-0.15671437978744507,-0.04827703329199906,0.057224929332733154,-0.18533474206924438,-0.05262445452088471,0.029873311519622803,-0.058510661125183105,-0.03396695273393746,0.0384334921836853,-0.12955522537231445,-0.045398516379538734,0.04164618253707886,-0.17174887657165527,-0.05198358910555001,0.04404747486114502,-0.20272216200828552,-0.05804984810227509,0.007945001125335693,-0.06190425157546997,-0.03603556918377038,0.01711338758468628,-0.1276269555091858,-0.04563362690085526,0.02222156524658203,-0.1652628779411316,-0.04840848016018029,0.026750802993774414,-0.1928873360157013,-0.05107731538290139,-0.013356626033782959,-0.06941664218902588,-0.037509815566483695,-0.0035399794578552246,-0.12011808156967163,-0.04510566013330575,0.0017000436782836914,-0.14600884914398193,-0.04558732526773568,0.00657498836517334,-0.16787850856781006,-0.046093420855942924
0.0,0.0,0.0,0.031753599643707275,-0.020027220249176025,-0.003826675061146201,0.06377238035202026,-0.053736746311187744,-0.01028768002056557,0.08435899019241333,-0.08389067649841309,-0.0154013617988773,0.1002349853515625,-0.1047666072845459,-0.022710799528295578,0.05254560708999634,-0.06197822093963623,-0.02822999405675608,0.055551350116729736,-0.1235508918762207,-0.04013071331196505,0.05562180280685425,-0.1597554087638855,-0.04696916165762621,0.056788086891174316,-0.18870168924331665,-0.05179733159952837,0.03094106912612915,-0.061746418476104736,-0.03292555856519419,0.038941383361816406,-0.13100814819335938,-0.04487568262034136,0.041903138160705566,-0.17380395531654358,-0.0525648159068175,0.04400050640106201,-0.20627257227897644,-0.059469082681471885,0.009392082691192627,-0.06468218564987183,-0.03602090972476679,0.016563475131988525,-0.1293121576309204,-0.04629517096095759,0.020865976810455322,-0.16879314184188843,-0.05066687735729891,0.0249902606010437,-0.19893717765808105,-0.05457947152667719,-0.011552751064300537,-0.07125306129455566,-0.03849860402756411,-0.0034338831901550293,-0.1211969256401062,-0.047243208913142265,0.0011797547340393066,-0.1490817666053772,-0.04944041120820719,0.0062618255615234375,-0.17350614070892334,-0.05127190920525271
0.0,0.0,0.0,0.029185354709625244,-0.019456148147583008,-0.00390711676808575,0.06009197235107422,-0.053851306438446045,-0.010636149612390788,0.07985544204711914,-0.08274215459823608,-0.01593731780084351,0.0962265133857727,-0.10205602645874023,-0.022941167173111232,0.04558706283569336,-0.062413156032562256,-0.030054467436992915,0.04951387643814087,-0.12275195121765137,-0.042574691292965205,0.05135709047317505,-0.15871798992156982,-0.04873869445654133,0.052682340145111084,-0.1882610321044922,-0.05300192784997204,0.02569669485092163,-0.06200963258743286,-0.035346339163505824,0.034341514110565186,-0.13238853216171265,-0.04728438582750538,0.03681027889251709,-0.1740725040435791,-0.05309808876844624,0.03911846876144409,-0.2050500512123108,-0.05851968255373219,0.004662036895751953,-0.0643775463104248,-0.039404718843424114,0.015216469764709473,-0.12937217950820923,-0.050935129341804775,0.019382238388061523,-0.1697363257408142,-0.05575918656321743,0.023482441902160645,-0.20130783319473267,-0.05977666628094891,-0.016609489917755127,-0.06983911991119385,-0.042702237782203945,-0.008208096027374268,-0.11753934621810913,-0.05362003546687344,-0.0034470558166503906,-0.14602982997894287,-0.057594163981401714,0.0012462735176086426,-0.17153072357177734,-0.060564270881140025
0.0,0.0,0.0,0.030448317527770996,-0.018789827823638916,-0.0039830559141549315,0.06075829267501831,-0.05078327655792236,-0.011140701568088218,0.08005541563034058,-0.07972472906112671,-0.016695816276929065,0.0970085859298706,-0.09764266014099121,-0.024337424172422573,0.04838275909423828,-0.05753624439239502,-0.029230885414740726,0.051100969314575195,-0.11868840456008911,-0.040567295832893535,0.05221480131149292,-0.15469509363174438,-0.046564681662580654,0.053746163845062256,-0.18327564001083374,-0.05069504512693612,0.02671074867248535,-0.056317031383514404,-0.03350049464251725,0.034764885902404785,-0.12645727396011353,-0.044615818394682094,0.03784662485122681,-0.16865819692611694,-0.05058414323475091,0.04033184051513672,-0.19963407516479492,-0.05606755076195924,0.004989445209503174,-0.05918020009994507,-0.03616810051943986,0.014498651027679443,-0.12396591901779175,-0.045658963008186504,0.019605696201324463,-0.1616758108139038,-0.04828380255248277,0.024457812309265137,-0.18913280963897705,-0.05076053945567338,-0.01611912250518799,-0.06592518091201782,-0.03816983310725419,-0.007411777973175049,-0.11629855632781982,-0.046172140373251125,-0.0017275214195251465,-0.1429142951965332,-0.04699099270846574,0.003929495811462402,-0.1653538942337036,-0.047609979493877574
0.0,0.0,0.0,0.029901504516601562,-0.02020019292831421,-0.0032800691169381224,0.06140035390853882,-0.0524788498878479,-0.00964221045977176,0.08198314905166626,-0.08050501346588135,-0.014688411398294576,0.09827315807342529,-0.09917789697647095,-0.021719169473710664,0.04792594909667969,-0.058545053005218506,-0.02825890355414451,0.05164027214050293,-0.12055820226669312,-0.040073892703714975,0.0526694655418396,-0.157548725605011,-0.04633559905594886,0.05423939228057861,-0.1879105567932129,-0.05061374851173461,0.02658146619796753,-0.057663142681121826,-0.03333293520516456,0.03625655174255371,-0.12884914875030518,-0.0448520133704573,0.03912806510925293,-0.17254593968391418,-0.05129093923276962,0.04152548313140869,-0.2060369849205017,-0.05716379605835975,0.005396544933319092,-0.06120097637176514,-0.03690136097973884,0.01521289348602295,-0.12622541189193726,-0.04698472343987525,0.019297122955322266,-0.16662701964378357,-0.05066957571214736,0.023285388946533203,-0.19817280769348145,-0.05388967939323486,-0.015394330024719238,-0.06913036108016968,-0.03980746366685928,-0.006354153156280518,-0.11926275491714478,-0.04816423230475486,-0.0015578269958496094,-0.14762049913406372,-0.04987177126711906,0.003281712532043457,-0.17276376485824585,-0.05128896482891143
0.0,0.0,0.0,0.030788660049438477,-0.02010929584503174,-0.004897157554042408,0.06291091442108154,-0.05207931995391846,-0.012390989236992667,0.08315408229827881,-0.07893025875091553,-0.018115230262738535,0.09903019666671753,-0.09982317686080933,-0.02592258377419121,0.05008143186569214,-0.05926811695098877,-0.03141872061834938,0.05314689874649048,-0.12023895978927612,-0.043969894186121294,0.053958892822265625,-0.15719449520111084,-0.05087591929779656,0.05571281909942627,-0.18741309642791748,-0.055638509229284594,0.0277785062789917,-0.05818319320678711,-0.03577286227093346,0.03710991144180298,-0.1287044882774353,-0.048419112697702715,0.0405082106590271,-0.1735323667526245,-0.05604190228925354,0.04337042570114136,-0.2076428234577179,-0.0628307223175586,0.00616532564163208,-0.061689555644989014,-0.038485372797113726,0.016239523887634277,-0.12749415636062622,-0.04952811671839363,0.021495282649993896,-0.16826748847961426,-0.05389117671595223,0.026524722576141357,-0.19939911365509033,-0.057558233276468584,-0.014664053916931152,-0.06988555192947388,-0.04055872036562569,-0.00490337610244751,-0.12093812227249146,-0.04972645862446434,0.0006244182586669922,-0.14960432052612305,-0.051760180280071566,0.0063277482986450195,-0.17465412616729736,-0.053359957769972155
0.0,0.0,0.0,0.029900312423706055,-0.017591476440429688,-0.005755531031812922,0.060438692569732666,-0.04995226860046387,-0.013562812365766064,0.08099454641342163,-0.07625961303710938,-0.019177856750960842,0.0989273190498352,-0.09454745054244995,-0.026824775047774807,0.04698115587234497,-0.05783003568649292,-0.03173902154731323,0.0490877628326416,-0.11725842952728271,-0.043129666604276196,0.04923141002655029,-0.154060959815979,-0.049361548282380596,0.0497363805770874,-0.18278157711029053,-0.053594923474069134,0.0246657133102417,-0.056038618087768555,-0.034922911681409374,0.03159046173095703,-0.12521278858184814,-0.045016578294511334,0.034531474113464355,-0.16711708903312683,-0.05048463762569,0.03650027513504028,-0.1973072588443756,-0.056040807523007885,0.002569437026977539,-0.05823785066604614,-0.03657555104064514,0.011699438095092773,-0.12186121940612793,-0.04491941899823715,0.016151130199432373,-0.15884602069854736,-0.047129141993995205,0.019850850105285645,-0.18596798181533813,-0.04975068838166763,-0.018475711345672607,-0.06400209665298462,-0.03773688048886825,-0.010374307632446289,-0.11291635036468506,-0.0451835346298175,-0.005481064319610596,-0.13998818397521973,-0.04579677329229881,-0.0011339783668518066,-0.16327732801437378,-0.046494717605586544
0.0,0.0,0.0,0.03115248680114746,-0.018182694911956787,-0.004837797682585077,0.06314992904663086,-0.050158798694610596,-0.012469203404934959,0.08362644910812378,-0.07929390668869019,-0.01826698259249504,0.10013222694396973,-0.09960412979125977,-0.026342743269951896,0.04992932081222534,-0.05839133262634277,-0.031790015481265144,0.05217260122299194,-0.12207227945327759,-0.043418423466237144,0.05250406265258789,-0.15877920389175415,-0.04942792766526516,0.05373501777648926,-0.18777787685394287,-0.05363553129866894,0.027578115463256836,-0.058132708072662354,-0.035822549097092704,0.03511214256286621,-0.13154512643814087,-0.046421741328986244,0.037898898124694824,-0.1733589768409729,-0.05217709504798229,0.04035615921020508,-0.20362424850463867,-0.05803503953650768,0.005609035491943359,-0.06115216016769409,-0.038184051595480994,0.0146750807762146,-0.12809282541275024,-0.04706208520367916,0.01886284351348877,-0.1652059257030487,-0.049399891130478935,0.023168861865997314,-0.19226205348968506,-0.052231312922986106,-0.015669643878936768,-0.06770819425582886,-0.03998488672807987,-0.007541775703430176,-0.11787521839141846,-0.04737921916678722,-0.002786099910736084,-0.1441570520401001,-0.04797904305890377,0.0019592642784118652,-0.16642308235168457,-0.04886647053793247
0.0,0.0,0.0,0.030370056629180908,-0.016981005668640137,-0.005017743378786577,0.06060749292373657,-0.04999220371246338,-0.01280451466134025,0.08062487840652466,-0.07762753963470459,-0.018517167240290178,0.09891539812088013,-0.09624534845352173,-0.026159797727970613,0.04862743616104126,-0.05895256996154785,-0.031460062533525956,0.05087292194366455,-0.11895543336868286,-0.04356467810264064,0.05140608549118042,-0.1559317708015442,-0.04993259248128368,0.05196887254714966,-0.18502533435821533,-0.05404557746639682,0.026436030864715576,-0.05906468629837036,-0.035226416706947816,0.034283339977264404,-0.13004261255264282,-0.04710493323197795,0.03708481788635254,-0.17282545566558838,-0.053152614205984605,0.038643717765808105,-0.20308762788772583,-0.058382757872252,0.004041075706481934,-0.06230050325393677,-0.03735793095817996,0.013230979442596436,-0.12843775749206543,-0.047124617665915025,0.01754206418991089,-0.16657507419586182,-0.04934400406470729,0.021055877208709717,-0.19379645586013794,-0.051282756894735826,-0.018054664134979248,-0.06852453947067261,-0.03886066836109592,-0.009344279766082764,-0.11909854412078857,-0.04687801089873744,-0.004044294357299805,-0.1465926170349121,-0.04741323825707866,0.0008122920989990234,-0.16993394494056702,-0.047628500431684984
0.0,0.0,0.0,0.03234130144119263,-0.015564978122711182,-0.006957466797125278,0.06164109706878662,-0.04732280969619751,-0.015425870743733583,0.081798255443573,-0.07538294792175293,-0.02154436017308825,0.09892040491104126,-0.09503388404846191,-0.029692100909691987,0.04953467845916748,-0.058387935161590576,-0.03184687401090258,0.05076879262924194,-0.11839854717254639,-0.042632312131267724,0.052202701568603516,-0.1547371745109558,-0.04827429409061068,0.05504047870635986,-0.1827111542224884,-0.05238889585171336,0.02733510732650757,-0.057909488677978516,-0.03428142200146311,0.03483903408050537,-0.12567442655563354,-0.04444727356467837,0.040457308292388916,-0.16679298877716064,-0.050035872114044366,0.044567644596099854,-0.1967753767967224,-0.05568616519604319,0.005785644054412842,-0.060635924339294434,-0.03517549539838427,0.014252185821533203,-0.12294679880142212,-0.04298593903813952,0.019941210746765137,-0.15724271535873413,-0.04420698116455668,0.025258660316467285,-0.18202227354049683,-0.046203408938986,-0.014429211616516113,-0.06619662046432495,-0.035809133750539957,-0.0062233805656433105,-0.11443120241165161,-0.04212027470503443,-0.0011050105094909668,-0.13888895511627197,-0.041675247800689874,0.003871142864227295,-0.15945130586624146,-0.04172582606707209
0.0,0.0,0.0,0.03196674585342407,-0.0144461989402771,-0.006828112040324186,0.06349444389343262,-0.04349064826965332,-0.015345615313066219,0.08364081382751465,-0.07041454315185547,-0.02141016905815718,0.09869956970214844,-0.08982521295547485,-0.029434757285429214,0.047867417335510254,-0.05415922403335571,-0.03363156502754805,0.051819562911987305,-0.11416667699813843,-0.04524882321865675,0.053802430629730225,-0.15046310424804688,-0.0513631310096514,0.05580800771713257,-0.179507315158844,-0.05538288687975523,0.025534391403198242,-0.054292500019073486,-0.03598844444067595,0.035581886768341064,-0.12332284450531006,-0.04688313787491438,0.04117840528488159,-0.16498655080795288,-0.05255478432090399,0.044316232204437256,-0.1951647698879242,-0.05787855198295233,0.0045899152755737305,-0.05868655443191528,-0.036633996271206115,0.015518546104431152,-0.12206542491912842,-0.04491243322999594,0.022433996200561523,-0.15718191862106323,-0.046480977886034225,0.02770853042602539,-0.1819952130317688,-0.048343418144298766,-0.01515108346939087,-0.06648284196853638,-0.03692352210791228,-0.004306197166442871,-0.11513155698776245,-0.04328442549021361,0.0021030306816101074,-0.13986587524414062,-0.04285571908266661,0.007198631763458252,-0.1602940857410431,-0.042711259775472854
0.0,0.0,0.0,0.03125441074371338,-0.01641911268234253,-0.005706580172450515,0.06124919652938843,-0.048293232917785645,-0.013699630557717057,0.08092552423477173,-0.07663148641586304,-0.019419849201263162,0.0985029935836792,-0.09589701890945435,-0.027120171397150727,0.04806160926818848,-0.057484567165374756,-0.03173751598519203,0.049322426319122314,-0.11694729328155518,-0.04307413315695641,0.049817800521850586,-0.15367770195007324,-0.04898501029533264,0.05062830448150635,-0.1827225685119629,-0.0529737046949279,0.02609807252883911,-0.057009220123291016,-0.034867475091637345,0.03344756364822388,-0.12673592567443848,-0.04551393008154747,0.037000179290771484,-0.168275386095047,-0.0509057848743808,0.039175570011138916,-0.1978575587272644,-0.05600522300523636,0.0044654011726379395,-0.060017287731170654,-0.03636292210143921,0.013387084007263184,-0.1236802339553833,-0.0449458903662574,0.01867997646331787,-0.1602708399295807,-0.04661514079493401,0.023105263710021973,-0.1868773102760315,-0.048598157524288865,-0.016750216484069824,-0.06621909141540527,-0.03735094731968758,-0.008765041828155518,-0.1147264838218689,-0.04447949147147057,-0.003986656665802002,-0.1403416395187378,-0.044329112677992555,0.0003972649574279785,-0.1624748408794403,-0.04430271899622795
0.0,0.0,0.0,0.030232787132263184,-0.018869400024414062,-0.004529263505808956,0.05971217155456543,-0.053094565868377686,-0.011784181611709243,0.07930344343185425,-0.08276766538619995,-0.017111197726897842,0.09673470258712769,-0.1003727912902832,-0.024340667443446762,0.046683311462402344,-0.06021690368652344,-0.0295108860899731,0.047473013401031494,-0.12210488319396973,-0.04052941748695815,0.047119855880737305,-0.15906304121017456,-0.046468133719734794,0.04723995923995972,-0.1875680685043335,-0.050458899380736,0.023910045623779297,-0.059389352798461914,-0.03322873884635413,0.030287981033325195,-0.13085180521011353,-0.04362557330923522,0.03290212154388428,-0.1730632483959198,-0.049127547683291084,0.034436583518981934,-0.20343905687332153,-0.054276420416407234,0.0016350746154785156,-0.06211310625076294,-0.03539238745170081,0.010028421878814697,-0.1279338002204895,-0.04383950928049529,0.014081418514251709,-0.16599035263061523,-0.04608864212232078,0.01740407943725586,-0.19420725107192993,-0.0483887853642031,-0.019434034824371338,-0.0678289532661438,-0.03698104495006049,-0.012110233306884766,-0.11814707517623901,-0.044058891626171715,-0.007760941982269287,-0.1455155611038208,-0.04455691451030219,-0.0036731362342834473,-0.1690637469291687,-0.04498489821153129
0.0,0.0,0.0,0.02962714433670044,-0.017800629138946533,-0.006495910244183278,0.05845177173614502,-0.047760069370269775,-0.014359721461431718,0.0780414342880249,-0.07355958223342896,-0.01974234312226031,0.09355849027633667,-0.09474754333496094,-0.026922901639835572,0.04537755250930786,-0.05682462453842163,-0.03097920260776732,0.046196162700653076,-0.1148492693901062,-0.04176907568623278,0.04650062322616577,-0.1513722538948059,-0.047628830665843225,0.04730957746505737,-0.1793012022972107,-0.05163148372818682,0.024436891078948975,-0.053604066371917725,-0.03316818504978869,0.03011167049407959,-0.12091195583343506,-0.04279098987032626,0.03329235315322876,-0.1612977385520935,-0.047622836673753,0.03590470552444458,-0.1900404691696167,-0.05265341281344149,0.0035229921340942383,-0.05542117357254028,-0.03391772463371012,0.011064708232879639,-0.11745345592498779,-0.04160610913683627,0.015160679817199707,-0.15338939428329468,-0.04252719833900187,0.019068241119384766,-0.17919570207595825,-0.04419554724742625,-0.01673668622970581,-0.06172829866409302,-0.03433998256375048,-0.010267376899719238,-0.10942071676254272,-0.0406614388470814,-0.006087243556976318,-0.13504689931869507,-0.04011121719528887,-0.0019943714141845703,-0.15680497884750366,-0.040010429466263986
0.0,0.0,0.0,0.0314103364944458,-0.01580125093460083,-0.007765490156991461,0.06160008907318115,-0.04551136493682861,-0.0160281505113673,0.0822058916091919,-0.07268410921096802,-0.021692631361467818,0.09764963388442993,-0.09347343444824219,-0.0294813137179446,0.049277305603027344,-0.05491816997528076,-0.03229199309406994,0.05035066604614258,-0.11323302984237671,-0.0421744431978297,0.05146700143814087,-0.1483420729637146,-0.04751954932270763,0.054252564907073975,-0.17526990175247192,-0.05162225250659702,0.0266878604888916,-0.053027331829071045,-0.03383940417824505,0.03274160623550415,-0.11961013078689575,-0.04273871291933773,0.0380818247795105,-0.1593361496925354,-0.04787838418541668,0.0418318510055542,-0.18821051716804504,-0.0537687126225066,0.0050356388092041016,-0.05520129203796387,-0.03389919508753536,0.013095557689666748,-0.1157602071762085,-0.04085364524780033,0.01887655258178711,-0.14978402853012085,-0.04235603619871853,0.023879051208496094,-0.174065500497818,-0.04498121846972225,-0.014435052871704102,-0.06087833642959595,-0.03377264697609661,-0.0075370073318481445,-0.10734957456588745,-0.039805206996781806,-0.0031796693801879883,-0.13255977630615234,-0.03991391469298122,0.0008690357208251953,-0.15315335988998413,-0.040642894399745444
0.0,0.0,0.0,0.029665470123291016,-0.015088379383087158,-0.008742623546165618,0.05894827842712402,-0.04514068365097046,-0.017378978014928492,0.0794183611869812,-0.0713467001914978,-0.023529525429946574,0.09650290012359619,-0.08990836143493652,-0.03174535888527075,0.04741436243057251,-0.05079847574234009,-0.03311663451884428,0.04945385456085205,-0.10736352205276489,-0.043963484049779566,0.05142313241958618,-0.14173436164855957,-0.04971376764867941,0.05459392070770264,-0.1684173047542572,-0.05399368289206663,0.02590954303741455,-0.04948824644088745,-0.034642502249223384,0.03212481737136841,-0.11346942186355591,-0.0438788678059403,0.037103235721588135,-0.15318292379379272,-0.04896759945247808,0.04038441181182861,-0.1816004514694214,-0.05481666657422224,0.005151033401489258,-0.05243051052093506,-0.035015686930162104,0.012079179286956787,-0.11090141534805298,-0.04267859417293707,0.017681002616882324,-0.14522260427474976,-0.044957123280507716,0.02255558967590332,-0.16918331384658813,-0.04810587647650877,-0.014063894748687744,-0.058653295040130615,-0.03532828721497694,-0.0077697038650512695,-0.10318917036056519,-0.042541805238467845,-0.003254115581512451,-0.12856537103652954,-0.043816227049571665,0.0009014010429382324,-0.14896178245544434,-0.045354384512645396
0.0,0.0,0.0,0.03148776292800903,-0.01614457368850708,-0.00683424078276218,0.061182260513305664,-0.04749780893325806,-0.015164443909878145,0.0809088945388794,-0.0748133659362793,-0.02114438513642014,0.09785854816436768,-0.09623879194259644,-0.029318491615111242,0.048831403255462646,-0.054399728775024414,-0.03360739598398865,0.05057579278945923,-0.11328136920928955,-0.04496542239909829,0.05157071352005005,-0.1494002342224121,-0.051041575766856084,0.05380403995513916,-0.1785339117050171,-0.055620739854628454,0.0271875262260437,-0.05176585912704468,-0.03646057347183884,0.03436213731765747,-0.12038218975067139,-0.04743881026631058,0.03806948661804199,-0.161590576171875,-0.05431483934050263,0.04062765836715698,-0.1921268105506897,-0.06129710996871651,0.0058113932609558105,-0.05403536558151245,-0.03751471141701401,0.012376010417938232,-0.11670053005218506,-0.04640814537530602,0.017157554626464844,-0.15364587306976318,-0.04926310727720917,0.021682918071746826,-0.1811685562133789,-0.052822808421904455,-0.014606595039367676,-0.060651540756225586,-0.03814538816338242,-0.009492993354797363,-0.10828065872192383,-0.04572544122462929,-0.00546795129776001,-0.13340920209884644,-0.04655048871761025,-0.0011870861053466797,-0.1556476354598999,-0.04785175497060479
0.0,0.0,0.0,0.029758870601654053,-0.016430258750915527,-0.008365591687450546,0.05792421102523804,-0.04706704616546631,-0.01714620243508591,0.07775980234146118,-0.07420217990875244,-0.02322453323502316,0.09545159339904785,-0.09365004301071167,-0.031332215925047535,0.04556208848953247,-0.05172950029373169,-0.033220915754625935,0.04638272523880005,-0.11075782775878906,-0.04362841572363152,0.04724389314651489,-0.14635956287384033,-0.04921122517187371,0.04929161071777344,-0.17381775379180908,-0.05333749081690087,0.023325860500335693,-0.04773980379104614,-0.03454628463585152,0.029024243354797363,-0.11592113971710205,-0.04351765911776795,0.03311437368392944,-0.1563352346420288,-0.048254045357296604,0.035685181617736816,-0.18524092435836792,-0.05382358532149567,0.001934051513671875,-0.0497247576713562,-0.03451191883284821,0.009974420070648193,-0.1120714545249939,-0.04170599829156174,0.014554083347320557,-0.14665812253952026,-0.04240858431656136,0.01841604709625244,-0.17107021808624268,-0.044368329157421726,-0.017473459243774414,-0.05660128593444824,-0.034336427857468266,-0.010431766510009766,-0.10440468788146973,-0.04061247657735123,-0.005963265895843506,-0.12955260276794434,-0.040090857704470295,-0.002460181713104248,-0.1497265100479126,-0.04025123517710938
0.0,0.0,0.0,0.029925823211669922,-0.01816391944885254,-0.007127324726827311,0.059246182441711426,-0.04953795671463013,-0.015314723041303324,0.07917290925979614,-0.07791876792907715,-0.02111498513484733,0.09558159112930298,-0.09780466556549072,-0.028980326515085864,0.04702800512313843,-0.05648636817932129,-0.032126542788393664,0.047611236572265625,-0.11299347877502441,-0.043077435952074694,0.04826468229293823,-0.14888453483581543,-0.049070265751726794,0.05045056343078613,-0.177498459815979,-0.0536624199267699,0.025971651077270508,-0.05366075038909912,-0.0347344993170573,0.03142017126083374,-0.12105685472488403,-0.04479195983374851,0.03526872396469116,-0.1621088981628418,-0.05072743506396549,0.03831225633621216,-0.19195306301116943,-0.05702211023534076,0.004665672779083252,-0.05551809072494507,-0.03585013807976978,0.01042485237121582,-0.11890566349029541,-0.0447711503621413,0.015193402767181396,-0.15571194887161255,-0.047287040066368746,0.019591987133026123,-0.18252772092819214,-0.05032908232177036,-0.015905916690826416,-0.061262667179107666,-0.03661571131313579,-0.010486245155334473,-0.11011821031570435,-0.04496076018775241,-0.006244003772735596,-0.13723421096801758,-0.04617162109578388,-0.0018327832221984863,-0.16017961502075195,-0.047389254581577944
0.0,0.0,0.0,0.02970951795578003,-0.018359243869781494,-0.005879747211608333,0.05923652648925781,-0.04984557628631592,-0.013875866304758233,0.07746469974517822,-0.0781669020652771,-0.019954448561790628,0.093117356300354,-0.09897762537002563,-0.02787321991813485,0.04497575759887695,-0.054731786251068115,-0.0312737487216026,0.046199917793273926,-0.11505204439163208,-0.04365193098378484,0.045783936977386475,-0.15200775861740112,-0.050219655032876176,0.04568767547607422,-0.18100357055664062,-0.05441258474779431,0.022788286209106445,-0.05229759216308594,-0.034679647531035585,0.028875768184661865,-0.1225593090057373,-0.045576095577004594,0.03173571825027466,-0.16544783115386963,-0.05108476429772679,0.03422892093658447,-0.1964593529701233,-0.05660489946198766,0.001141190528869629,-0.05478775501251221,-0.03690025209975545,0.0089493989944458,-0.12055569887161255,-0.046597447242263,0.0128745436668396,-0.15919440984725952,-0.04943738504839246,0.016374528408050537,-0.1875094771385193,-0.052129086102965516,-0.018899500370025635,-0.06176960468292236,-0.038672339167121095,-0.011752903461456299,-0.11236792802810669,-0.04732927307081525,-0.006417989730834961,-0.14128726720809937,-0.049164984371188325,-0.0015025138854980469,-0.165907621383667,-0.05059413611483876
0.0,0.0,0.0,0.030102968215942383,-0.017810463905334473,-0.007646008169956531,0.05846208333969116,-0.05027663707733154,-0.01536732563630494,0.07805800437927246,-0.07851815223693848,-0.020498075763441648,0.09407925605773926,-0.09757435321807861,-0.02744895895824584,0.045122385025024414,-0.05624455213546753,-0.029666318799115743,0.04485088586807251,-0.11336469650268555,-0.03900919040546569,0.044751882553100586,-0.1485794186592102,-0.04425956984863433,0.046173930168151855,-0.1766064167022705,-0.048215384836055364,0.022981226444244385,-0.05337327718734741,-0.03117924300835284,0.028090953826904297,-0.11925715208053589,-0.038591495956040944,0.032270729541778564,-0.15910321474075317,-0.043167918230153646,0.035246849060058594,-0.18898481130599976,-0.048628433848477925,0.0017122626304626465,-0.05518496036529541,-0.03145456245050582,0.009248495101928711,-0.11546146869659424,-0.03760900279388579,0.014149248600006104,-0.15013551712036133,-0.03904340347156676,0.018433809280395508,-0.17627578973770142,-0.04149217089519652,-0.01799190044403076,-0.061067938804626465,-0.031597568894483175,-0.01069486141204834,-0.10783267021179199,-0.037207409049131,-0.0063481926918029785,-0.13271069526672363,-0.037062927390195455,-0.0024843215942382812,-0.15368252992630005,-0.03750638967261466
0.0,0.0,0.0,0.030760467052459717,-0.017894089221954346,-0.0075129204609183375,0.05999159812927246,-0.05134689807891846,-0.01577353050864616,0.08007490634918213,-0.07980364561080933,-0.02144956348396221,0.09682971239089966,-0.10030436515808105,-0.02906515022672096,0.0468176007270813,-0.057325899600982666,-0.031953675131568104,0.04787147045135498,-0.11710387468338013,-0.04244967682219425,0.048143863677978516,-0.15370535850524902,-0.04816736040569225,0.04950857162475586,-0.1820833683013916,-0.052266170661219746,0.024103105068206787,-0.05453526973724365,-0.03373507169938961,0.029393255710601807,-0.12291216850280762,-0.04277248440242687,0.033370137214660645,-0.16375058889389038,-0.047806197236546666,0.03609013557434082,-0.19307315349578857,-0.05332991985536495,0.0022941231727600098,-0.05692774057388306,-0.03416810689426342,0.009745895862579346,-0.12083816528320312,-0.04145223034478107,0.014949381351470947,-0.1568705439567566,-0.04332066832042614,0.019580423831939697,-0.18308913707733154,-0.04588651416755596,-0.01730823516845703,-0.06347453594207764,-0.03434924913502613,-0.010426819324493408,-0.11244404315948486,-0.040797186474570424,-0.005849599838256836,-0.13882553577423096,-0.04117563871599117,-0.0013391375541687012,-0.16047561168670654,-0.04186378924108425
0.0,0.0,0.0,0.03100687265396118,-0.017277777194976807,-0.007540147537213215,0.06009930372238159,-0.04990673065185547,-0.01629401675410236,0.07902312278747559,-0.07918745279312134,-0.0225107812041756,0.09480166435241699,-0.09920316934585571,-0.030612259423207888,0.042656123638153076,-0.0526578426361084,-0.03363995372302497,0.04668295383453369,-0.11371344327926636,-0.04601845636017288,0.04827165603637695,-0.15371984243392944,-0.05288832007892097,0.04903125762939453,-0.18460649251937866,-0.05744549750335182,0.0197942852973938,-0.05137258768081665,-0.035920002749037394,0.027119696140289307,-0.1209757924079895,-0.04721723615176643,0.030928194522857666,-0.1661611795425415,-0.05366545661337341,0.033639729022979736,-0.19949877262115479,-0.05985795079715217,-0.0010254979133605957,-0.0550113320350647,-0.036775318225693354,0.006981313228607178,-0.11996257305145264,-0.04544808833844627,0.011592447757720947,-0.15834355354309082,-0.04797978444941009,0.01570606231689453,-0.1867709755897522,-0.05079963549025024,-0.019666433334350586,-0.06259876489639282,-0.03740357725865806,-0.012565851211547852,-0.11206358671188354,-0.04422690465099777,-0.008035719394683838,-0.13986366987228394,-0.04480217888004745,-0.0038127899169921875,-0.1634453535079956,-0.04569205387480224
0.0,0.0,0.0,0.030292749404907227,-0.01779007911682129,-0.00869854282409932,0.059358835220336914,-0.05115652084350586,-0.018324494583616513,0.07790333032608032,-0.08045321702957153,-0.02506847142995383,0.09336841106414795,-0.10278540849685669,-0.033716200141320485,0.04227912425994873,-0.055707693099975586,-0.037364064006219166,0.04499179124832153,-0.11779212951660156,-0.05055874794543769,0.04526400566101074,-0.15833985805511475,-0.05738212749184157,0.04520058631896973,-0.1900116205215454,-0.06154509469688918,0.01908552646636963,-0.05342662334442139,-0.03906878292382743,0.026148676872253418,-0.12642204761505127,-0.051086807845244664,0.029531359672546387,-0.1721895933151245,-0.057139964995990056,0.03144723176956177,-0.20490437746047974,-0.06264087766231086,-0.0018445253372192383,-0.05679994821548462,-0.03923649549306418,0.00691676139831543,-0.12486124038696289,-0.0484542234224179,0.011602342128753662,-0.164112389087677,-0.050695674715647954,0.01493769884109497,-0.19234073162078857,-0.05288909211576964,-0.02086573839187622,-0.06478923559188843,-0.03917398512185599,-0.011667370796203613,-0.1169666051864624,-0.04641261532724883,-0.0059607625007629395,-0.14566946029663086,-0.046883275954137105,-0.0017423033714294434,-0.16957497596740723,-0.04736079111517455
0.0,0.0,0.0,0.03225576877593994,-0.01633387804031372,-0.007914209552559726,0.06198960542678833,-0.048120856285095215,-0.01687109172389256,0.08074826002120972,-0.07762163877487183,-0.023477772996280066,0.09541177749633789,-0.0983934998512268,-0.03220623061105954,0.04459172487258911,-0.051685333251953125,-0.03377206698105084,0.047375500202178955,-0.11342763900756836,-0.04607521444604146,0.04841691255569458,-0.15279346704483032,-0.05355465859219777,0.04981803894042969,-0.18462687730789185,-0.05899135470435368,0.021742165088653564,-0.049857497215270996,-0.03637568727180707,0.029853999614715576,-0.11928015947341919,-0.04784229472324597,0.03410601615905762,-0.16562002897262573,-0.05571235045835721,0.03698241710662842,-0.20148956775665283,-0.06342969909355389,0.0007172226905822754,-0.053707659244537354,-0.03748942613646733,0.009537994861602783,-0.11869877576828003,-0.04681240841791379,0.014766335487365723,-0.1587647795677185,-0.05108503326818692,0.019152462482452393,-0.18900072574615479,-0.05544631257698285,-0.017685353755950928,-0.062399327754974365,-0.03837154880211102,-0.009815752506256104,-0.11217761039733887,-0.046035283059332244,-0.005035340785980225,-0.1408824324607849,-0.047819976509067885,-0.0007423162460327148,-0.1648644208908081,-0.04986444935247647
0.0,0.0,0.0,0.030888378620147705,-0.017151713371276855,-0.008446626840758142,0.059445858001708984,-0.04977315664291382,-0.01736557624362689,0.07794392108917236,-0.07817965745925903,-0.023264225116598425,0.09164738655090332,-0.10120248794555664,-0.031049409425484953,0.04484522342681885,-0.05681341886520386,-0.035596185839402494,0.04569119215011597,-0.11625593900680542,-0.04651313788317424,0.04682302474975586,-0.15285533666610718,-0.05207528314613086,0.04844331741333008,-0.18083465099334717,-0.055966933733451185,0.022929251194000244,-0.05383068323135376,-0.03662275663636905,0.028249144554138184,-0.12271380424499512,-0.04648123077176791,0.03279769420623779,-0.16285544633865356,-0.051361688888299284,0.03539383411407471,-0.1913394033908844,-0.05669149152063113,0.0019994378089904785,-0.05549222230911255,-0.036003717696893034,0.008605599403381348,-0.11844766139984131,-0.043518090164887724,0.013694941997528076,-0.15294867753982544,-0.044495543009269056,0.017622828483581543,-0.17729878425598145,-0.04638471967600566,-0.017335236072540283,-0.06144839525222778,-0.035173421269881544,-0.01061248779296875,-0.10969382524490356,-0.04130818462990504,-0.0062064528465271,-0.13494551181793213,-0.04094755045198184,-0.0027167797088623047,-0.1557469367980957,-0.04114516592644435
0.0,0.0,0.0,-0.02671012282371521,-0.03122931718826294,-0.01236497941069814,-0.04291802644729614,-0.07452642917633057,-0.0225733309482834,-0.046177953481674194,-0.11246764659881592,-0.02964669982545587,-0.04817137122154236,-0.14486294984817505,-0.03590183849089357,-0.027128010988235474,-0.07669568061828613,-0.03681387896292421,-0.01684531569480896,-0.14110630750656128,-0.04979073772781106,-0.011503159999847412,-0.17740464210510254,-0.05198420355670663,-0.007987648248672485,-0.202117919921875,-0.05129531542413446,-0.0019651949405670166,-0.06986349821090698,-0.03553063566439363,0.005421638488769531,-0.14332783222198486,-0.049760842273165906,0.0073327720165252686,-0.18443629145622253,-0.05158516163580629,0.007842004299163818,-0.21227118372917175,-0.05065819392554971,0.019718259572982788,-0.06690573692321777,-0.03372948388211938,0.02317950129508972,-0.13552075624465942,-0.04567784587495538,0.023871153593063354,-0.17594480514526367,-0.047268287787368024,0.023584038019180298,-0.20571070909500122,-0.04601788292281839,0.03677228093147278,-0.06539231538772583,-0.03200553129070016,0.03767368197441101,-0.12010842561721802,-0.03982598851077768,0.03593096137046814,-0.14985883235931396,-0.03977277646415445,0.03381195664405823,-0.17324477434158325,-0.037899365225960935
0.0,0.0,0.0,-0.024515867233276367,-0.031289100646972656,-0.009989504643158398,-0.03986084461212158,-0.07492458820343018,-0.0189161346633,-0.04329359531402588,-0.11119014024734497,-0.025168017425016842,-0.04654264450073242,-0.13976573944091797,-0.031017773725466213,-0.02815231680870056,-0.07225573062896729,-0.034883157290892086,-0.020478904247283936,-0.13980531692504883,-0.048043184854464016,-0.015283346176147461,-0.17822444438934326,-0.05128467915244528,-0.011251509189605713,-0.20487946271896362,-0.05130191234536596,-0.003721177577972412,-0.06530517339706421,-0.035002709307150326,0.0028755664825439453,-0.13858556747436523,-0.049402796604113064,0.005318939685821533,-0.18355673551559448,-0.05275280860848852,0.005880504846572876,-0.2142733931541443,-0.052914981671051464,0.017556846141815186,-0.0636376142501831,-0.03432826039977499,0.019435077905654907,-0.13175851106643677,-0.046207339443640194,0.019714325666427612,-0.1749509572982788,-0.049081389733032665,0.018902301788330078,-0.2066340446472168,-0.048678097255901775,0.03429222106933594,-0.06451088190078735,-0.03349300561137625,0.034423112869262695,-0.1208375096321106,-0.041140885033087216,0.03244560956954956,-0.15214866399765015,-0.04105823574252554,0.030128955841064453,-0.17572349309921265,-0.039170951523260555
0.0,0.0,0.0,-0.02514815330505371,-0.031317174434661865,-0.011651235940117743,-0.03995832800865173,-0.07478022575378418,-0.021128192851502803,-0.04241132736206055,-0.11134642362594604,-0.027612293446619418,-0.04251229763031006,-0.14169257879257202,-0.03350140743907204,-0.02529233694076538,-0.07348918914794922,-0.03645507090743294,-0.01763516664505005,-0.13804882764816284,-0.049569817567427066,-0.013293474912643433,-0.1756303906440735,-0.052255763048489,-0.009564131498336792,-0.20234936475753784,-0.05206740864570847,-0.0008921027183532715,-0.06547397375106812,-0.03576820188220253,0.006246745586395264,-0.13802826404571533,-0.05046948635037651,0.007650911808013916,-0.181293785572052,-0.05295222842152825,0.00802794098854065,-0.2112116813659668,-0.05245541998203507,0.020231187343597412,-0.0633135437965393,-0.03452946090157738,0.023046761751174927,-0.13191074132919312,-0.047233844483454135,0.02215549349784851,-0.1735079288482666,-0.04960499920900574,0.02050626277923584,-0.20472857356071472,-0.0485987386947464,0.03681778907775879,-0.0636950135231018,-0.03329573416169396,0.03756248950958252,-0.11921286582946777,-0.04184114032443276,0.03562086820602417,-0.1503005027770996,-0.042322838986475375,0.03324759006500244,-0.17470496892929077,-0.04070816033538094
0.0,0.0,0.0,-0.02543628215789795,-0.03131890296936035,-0.011982379685914424,-0.040883928537368774,-0.07459938526153564,-0.021965191904282477,-0.043428242206573486,-0.1128394603729248,-0.029294748995280173,-0.044482529163360596,-0.14630430936813354,-0.03615080306289187,-0.024977684020996094,-0.07633763551712036,-0.034653653595423606,-0.01729711890220642,-0.13736402988433838,-0.04815822953340998,-0.012568920850753784,-0.1736431121826172,-0.05196156838891497,-0.008194774389266968,-0.20005005598068237,-0.052948457393622306,-0.0007461607456207275,-0.06967473030090332,-0.03434826547262659,0.005652040243148804,-0.139562726020813,-0.04825430477020731,0.007780522108078003,-0.18100088834762573,-0.051339165512299445,0.009575247764587402,-0.2101779580116272,-0.05208799356577387,0.02053743600845337,-0.06684726476669312,-0.03380444759485712,0.023044198751449585,-0.13418102264404297,-0.045409889165139106,0.023940205574035645,-0.17440754175186157,-0.04788000250217905,0.02484998106956482,-0.20498687028884888,-0.047885836306786445,0.03780239820480347,-0.06544917821884155,-0.03351926917192927,0.03852665424346924,-0.119701087474823,-0.04176988566277018,0.03785651922225952,-0.1506827473640442,-0.042931863311505225,0.037430644035339355,-0.17613881826400757,-0.04238137343881121
0.0,0.0,0.0,-0.02486950159072876,-0.030759871006011963,-0.012292633248982554,-0.03994244337081909,-0.07552945613861084,-0.02243545134228242,-0.042188674211502075,-0.11359179019927979,-0.02931193303924573,-0.04308995604515076,-0.1450430154800415,-0.03557656001907361,-0.026019632816314697,-0.07303529977798462,-0.03847000789505017,-0.01839059591293335,-0.13607603311538696,-0.05234263133865369,-0.013476848602294922,-0.17326587438583374,-0.0555806238637544,-0.008990198373794556,-0.19913250207901,-0.05594533350926412,-0.0008046627044677734,-0.06666380167007446,-0.03788984981041921,0.005533009767532349,-0.13704168796539307,-0.05295439106088651,0.007150501012802124,-0.17977404594421387,-0.055756248949585085,0.008216828107833862,-0.2090168595314026,-0.05588058796387685,0.021029919385910034,-0.0656004548072815,-0.036807861594972735,0.022809654474258423,-0.13331621885299683,-0.04962571751934064,0.022767961025238037,-0.17476952075958252,-0.05249508884411824,0.022506922483444214,-0.20615646243095398,-0.05234471005064023,0.0383068323135376,-0.06623423099517822,-0.03580074798923505,0.03759723901748657,-0.12177926301956177,-0.045026515095052844,0.03549617528915405,-0.15371173620224,-0.046368416814623004,0.03354376554489136,-0.1792474389076233,-0.045652319161710864
0.0,0.0,0.0,-0.023215562105178833,-0.02876150608062744,-0.013397088872302731,-0.03316149115562439,-0.07053512334823608,-0.023220948541570863,-0.026929587125778198,-0.10429543256759644,-0.029045035729218682,-0.02021309733390808,-0.1313246488571167,-0.03458396498303529,-0.024729162454605103,-0.0664491057395935,-0.04191233743171807,-0.015497863292694092,-0.12833452224731445,-0.05619732443432923,-0.010309547185897827,-0.16777902841567993,-0.060596180746365746,-0.006344407796859741,-0.19656896591186523,-0.06189461950402375,0.0002085268497467041,-0.05881696939468384,-0.04045035842995759,0.007373690605163574,-0.1277557611465454,-0.05505761284570809,0.01018872857093811,-0.1729283332824707,-0.059364823291112145,0.011493295431137085,-0.20427677035331726,-0.061058813372660836,0.021517693996429443,-0.057278454303741455,-0.03805435974340554,0.024814873933792114,-0.12309384346008301,-0.05070514012317773,0.0268571674823761,-0.16557097434997559,-0.054952585736323556,0.027549713850021362,-0.19732409715652466,-0.056121723393012246,0.037713319063186646,-0.05920523405075073,-0.03560523841719743,0.03724154829978943,-0.11370688676834106,-0.04485210556726571,0.03494921326637268,-0.14578402042388916,-0.04623576406579133,0.03302755951881409,-0.17048686742782593,-0.04579601217250939
0.0,0.0,0.0,-0.023896247148513794,-0.02936941385269165,-0.012905308585487774,-0.03461405634880066,-0.07337433099746704,-0.022154965977989605,-0.028317004442214966,-0.10979187488555908,-0.027634372543417385,-0.022023171186447144,-0.13709551095962524,-0.03259584454806941,-0.026088833808898926,-0.06684190034866333,-0.03896042479189532,-0.017011642456054688,-0.13143634796142578,-0.0526892632058491,-0.011648207902908325,-0.17118436098098755,-0.05658326072605746,-0.0072491466999053955,-0.19967925548553467,-0.05753790361794131,-0.000705331563949585,-0.060261428356170654,-0.03757376743467944,0.006467968225479126,-0.13182181119918823,-0.05201930699857371,0.008738726377487183,-0.1767953634262085,-0.05563665701063769,0.010695278644561768,-0.20742499828338623,-0.0565461158564915,0.02093052864074707,-0.059550702571868896,-0.03551481811317103,0.022593677043914795,-0.12644094228744507,-0.047887341659389904,0.023124098777770996,-0.16965943574905396,-0.05152340007933276,0.023492276668548584,-0.20168253779411316,-0.052032788824163845,0.03755861520767212,-0.0614088773727417,-0.03353071359904902,0.037750065326690674,-0.11594116687774658,-0.0423832811227669,0.03565096855163574,-0.14668941497802734,-0.04356092734249728,0.03407090902328491,-0.17017590999603271,-0.042885748278223446
0.0,0.0,0.0,-0.02526181936264038,-0.031146466732025146,-0.012420572208796443,-0.04008731245994568,-0.07630521059036255,-0.022028306367431583,-0.04065132141113281,-0.11400902271270752,-0.028228331225548686,-0.03975266218185425,-0.143976628780365,-0.03381299773100466,-0.024982839822769165,-0.0734182596206665,-0.03823185512665361,-0.01589798927307129,-0.13707011938095093,-0.05181332478169054,-0.010382622480392456,-0.1748117208480835,-0.05509209433439821,-0.005868077278137207,-0.20125353336334229,-0.055498668792282047,0.0003854036331176758,-0.06637382507324219,-0.03727891469243616,0.008125275373458862,-0.13704723119735718,-0.051800304892097415,0.010507643222808838,-0.17997103929519653,-0.05459531569722742,0.011995941400527954,-0.20933270454406738,-0.05471250960472673,0.0217115581035614,-0.06454479694366455,-0.035789182277952136,0.024955302476882935,-0.13157755136489868,-0.04837711701038927,0.02574661374092102,-0.17308968305587769,-0.0515227782154426,0.02572283148765564,-0.20405632257461548,-0.0515755730295524,0.038033753633499146,-0.06465142965316772,-0.03433612907174677,0.038778334856033325,-0.11854463815689087,-0.043419910463128986,0.03755035996437073,-0.1491161584854126,-0.044631020965610446,0.03618183732032776,-0.1730670928955078,-0.04379524836186022
0.0,0.0,0.0,-0.02344253659248352,-0.030694544315338135,-0.012299791369518864,-0.03722250461578369,-0.07652473449707031,-0.021940637770971883,-0.03864559531211853,-0.11447745561599731,-0.028121484834632504,-0.03886774182319641,-0.14578163623809814,-0.03391911501058065,-0.02176135778427124,-0.07266193628311157,-0.038809199277243245,-0.014030009508132935,-0.13535231351852417,-0.052280359361252415,-0.008911758661270142,-0.17266744375228882,-0.055917840842089284,-0.0040454864501953125,-0.19981902837753296,-0.05684686118730031,0.0032160580158233643,-0.06603807210922241,-0.03737070078023397,0.0090484619140625,-0.1371585726737976,-0.051492501441321004,0.010662257671356201,-0.17883896827697754,-0.05439436102279149,0.01213797926902771,-0.2072615623474121,-0.05500561038025342,0.025066643953323364,-0.06507068872451782,-0.035229877028545964,0.027065366506576538,-0.13286250829696655,-0.04665884787209951,0.027444809675216675,-0.174333393573761,-0.04953281620510541,0.027944058179855347,-0.2058296799659729,-0.049951624516329396,0.04211261868476868,-0.0664592981338501,-0.033230755869230855,0.042095333337783813,-0.12002807855606079,-0.04132054785259687,0.04022380709648132,-0.15059596300125122,-0.042673644069513905,0.03901657462120056,-0.17571687698364258,-0.042394698057255376
0.0,0.0,0.0,-0.02059510350227356,-0.024139046669006348,0.0068065243795274455,-0.03911477327346802,-0.044405460357666016,0.015865417572086926,-0.058479487895965576,-0.06995588541030884,0.02230570502800333,-0.07365429401397705,-0.08692562580108643,0.02802051082474577,-0.049939125776290894,-0.036995112895965576,0.030218823256319638,-0.08667948842048645,-0.04500925540924072,0.0349792916349827,-0.11042585968971252,-0.04984933137893677,0.0322612863056122,-0.12803423404693604,-0.05357658863067627,0.029327493535703297,-0.04549431800842285,-0.041132211685180664,0.026339590924209233,-0.0866197943687439,-0.044380009174346924,0.03067808449489462,-0.1135682463645935,-0.047907233238220215,0.020963738115852948,-0.13540393114089966,-0.04770690202713013,0.012192210557287808,-0.03828611969947815,-0.0461881160736084,0.021546265485113736,-0.07490622997283936,-0.055019915103912354,0.021299828218644734,-0.10258904099464417,-0.05945771932601929,0.010321121106272813,-0.12393969297409058,-0.058132052421569824,0.0021792251173167188,-0.0257875919342041,-0.054273247718811035,0.017414478959864255,-0.045926839113235474,-0.07518899440765381,0.01667407751304495,-0.06260359287261963,-0.08606761693954468,0.012774989383643742,-0.07863584160804749,-0.0913190245628357,0.009532309512024995
0.0,0.0,0.0,-0.026807457208633423,-0.028058290481567383,-0.013165390559692014,-0.045459866523742676,-0.06901198625564575,-0.024504032426733602,-0.04858773946762085,-0.10636508464813232,-0.03246110908057176,-0.04927539825439453,-0.1395779848098755,-0.040055299618501294,-0.03247132897377014,-0.06487953662872314,-0.03994469202424966,-0.022593170404434204,-0.1306166648864746,-0.05460760972763978,-0.01654312014579773,-0.16844016313552856,-0.059152858772534955,-0.01101905107498169,-0.19547909498214722,-0.0600789398637005,-0.005706459283828735,-0.058728575706481934,-0.03935941539074861,0.0015822350978851318,-0.1316099762916565,-0.05336242399479829,0.005567967891693115,-0.1763957142829895,-0.05824212215210878,0.008204877376556396,-0.20837709307670593,-0.0603921063926407,0.018092840909957886,-0.05598568916320801,-0.03792307756211244,0.02062833309173584,-0.12495261430740356,-0.049544493177194227,0.02293241024017334,-0.16717588901519775,-0.05377665019895517,0.02401748299598694,-0.1985827088356018,-0.05529675117995225,0.037015557289123535,-0.05597198009490967,-0.03645626313354455,0.0366174578666687,-0.10926556587219238,-0.045439782061833967,0.036634981632232666,-0.13995355367660522,-0.047195131399888623,0.03722745180130005,-0.1637309193611145,-0.04688309363390886
0.0,0.0,0.0,-0.02645602822303772,-0.02604132890701294,-0.013133047502918771,-0.0443548858165741,-0.06590110063552856,-0.02467487415341907,-0.04779917001724243,-0.10444295406341553,-0.032432284560485414,-0.047055214643478394,-0.13628405332565308,-0.04012839531569057,-0.03045511245727539,-0.05743205547332764,-0.042633653041406205,-0.021185964345932007,-0.12383806705474854,-0.057550836708827546,-0.014328330755233765,-0.1614813208580017,-0.06267457118300968,-0.00785374641418457,-0.1881018579006195,-0.0639797564413982,-0.004050076007843018,-0.053250133991241455,-0.04178043862847858,0.0029751956462860107,-0.1264246106147766,-0.05584827845959239,0.006421804428100586,-0.17154517769813538,-0.06123052945403629,0.008346468210220337,-0.2027929723262787,-0.06392785569696002,0.01975730061531067,-0.051810264587402344,-0.03959751164583736,0.022148340940475464,-0.1206369400024414,-0.05117451434998088,0.024343401193618774,-0.16241568326950073,-0.05577990820674472,0.025140464305877686,-0.19176840782165527,-0.05798783561257892,0.0379924476146698,-0.05248624086380005,-0.03718407860068851,0.03804764151573181,-0.10222291946411133,-0.04652578791646533,0.03875264525413513,-0.13007277250289917,-0.048187755402608445,0.03944021463394165,-0.15038281679153442,-0.048010073956533006
0.0,0.0,0.0,-0.008388817310333252,-0.044080495834350586,0.011498688900857701,-0.02196905016899109,-0.07222265005111694,0.02428879048117949,-0.038618266582489014,-0.09449571371078491,0.03396166879126383,-0.052051037549972534,-0.10571670532226562,0.04251323658415629,-0.031691163778305054,-0.05893772840499878,0.041234780283659234,-0.0669766366481781,-0.06308329105377197,0.050154265197008385,-0.08974626660346985,-0.06274992227554321,0.04781626182982279,-0.10904699563980103,-0.062263548374176025,0.04444766062685801,-0.037059277296066284,-0.039179861545562744,0.036290176393478646,-0.07588362693786621,-0.04158502817153931,0.04570799339005305,-0.10066038370132446,-0.04201787710189819,0.035059858294218316,-0.12112778425216675,-0.04219162464141846,0.02436793986150576,-0.04233527183532715,-0.022407114505767822,0.030710404919474854,-0.07504463195800781,-0.025494098663330078,0.03614045325109316,-0.1023111343383789,-0.027881324291229248,0.025648633198827042,-0.12236443161964417,-0.0298195481300354,0.01605413313397719,-0.04324135184288025,-0.009900569915771484,0.025956992240637078,-0.07097825407981873,-0.011976003646850586,0.02939660678991629,-0.09089991450309753,-0.012499034404754639,0.026888868020861878,-0.10787755250930786,-0.0159146785736084,0.02353783901223494
0.0,0.0,0.0,-0.04194536805152893,-0.044875264167785645,-0.021982332981064445,-0.06958940625190735,-0.10826629400253296,-0.04134066990657104,-0.07793274521827698,-0.16628670692443848,-0.055471254802181846,-0.07943853735923767,-0.2213578224182129,-0.06876447266979469,-0.04458162188529968,-0.0938267707824707,-0.06903731293125404,-0.038505345582962036,-0.20222681760787964,-0.09298926807089103,-0.03338715434074402,-0.26126426458358765,-0.0983904696170832,-0.027220815420150757,-0.3053634762763977,-0.09940628922624839,-0.0031127333641052246,-0.0863189697265625,-0.06755477405233634,-0.0007732808589935303,-0.20649099349975586,-0.0932305849258448,-0.002103060483932495,-0.27407336235046387,-0.09726864314718497,-0.0032767653465270996,-0.32012802362442017,-0.09818540728731406,0.031435221433639526,-0.0892379879951477,-0.06518944568081153,0.02561017870903015,-0.20387870073318481,-0.08677082724018348,0.020719289779663086,-0.26937806606292725,-0.09011370903892768,0.017383545637130737,-0.31923964619636536,-0.0899513757888819,0.05816301703453064,-0.09837514162063599,-0.06324763811273826,0.05081656575202942,-0.18568885326385498,-0.07916604197664512,0.04386815428733826,-0.23486673831939697,-0.08185122377319587,0.037902504205703735,-0.27610349655151367,-0.08198867208404792
0.0,0.0,0.0,-0.040873438119888306,-0.04386943578720093,-0.02074376995022309,-0.06828436255455017,-0.10657864809036255,-0.0393232585703851,-0.07742759585380554,-0.16507470607757568,-0.05315811502094281,-0.07770800590515137,-0.21889829635620117,-0.06663075777049077,-0.04311707615852356,-0.0986320972442627,-0.06603058370108617,-0.03746727108955383,-0.20237946510314941,-0.08966143371815694,-0.031761616468429565,-0.26109009981155396,-0.09568013938422215,-0.025138944387435913,-0.3048369884490967,-0.09716508480067265,-0.0038339197635650635,-0.09060633182525635,-0.06497653516287816,0.00010892748832702637,-0.20770913362503052,-0.09010367038006795,0.0005959570407867432,-0.27407416701316833,-0.09461218806262028,0.0006820857524871826,-0.32069307565689087,-0.09585639776940358,0.02945050597190857,-0.09063977003097534,-0.06298777403588307,0.027263790369033813,-0.20206820964813232,-0.08413243236298573,0.02349996566772461,-0.26584166288375854,-0.08713216277117741,0.020830243825912476,-0.316547155380249,-0.08668087365384114,0.0555015504360199,-0.09534311294555664,-0.061341933331442,0.05160215497016907,-0.18416714668273926,-0.07695536257977498,0.044885724782943726,-0.23132461309432983,-0.07851927669997227,0.038738399744033813,-0.27081358432769775,-0.07759238722081196
0.0,0.0,0.0,-0.03673014044761658,-0.04723048210144043,-0.015431895239210291,-0.06066414713859558,-0.11179351806640625,-0.0302356866578819,-0.06738752126693726,-0.16742831468582153,-0.04147194823429601,-0.0696212649345398,-0.21801912784576416,-0.05262907346889989,-0.04054361581802368,-0.10776960849761963,-0.0554725167732002,-0.03513041138648987,-0.20588117837905884,-0.07636505117819326,-0.029697269201278687,-0.26318901777267456,-0.08172777047560231,-0.023638218641281128,-0.3065059781074524,-0.08316168686554448,-0.002938896417617798,-0.1009221076965332,-0.056088884679532214,-0.0009226500988006592,-0.2124040126800537,-0.0773536314646961,-5.1528215408325195e-05,-0.2757880687713623,-0.0819794436375858,0.0008365511894226074,-0.3207286596298218,-0.08390951654121892,0.02927696704864502,-0.10066157579421997,-0.055599508194184466,0.02410110831260681,-0.20627933740615845,-0.07367758950397985,0.020664483308792114,-0.2671845853328705,-0.0774582376162769,0.018312186002731323,-0.31505799293518066,-0.0781223674695255,0.05474194884300232,-0.1034315824508667,-0.055167665092206164,0.04761651158332825,-0.1872115135192871,-0.06798663487837331,0.04068833589553833,-0.23314306139945984,-0.06952451666996495,0.03496238589286804,-0.2718859910964966,-0.06917886933491246
0.0,0.0,0.0,-0.0370154082775116,-0.04631119966506958,-0.01664785571396976,-0.06125432252883911,-0.10998660326004028,-0.03163230136037498,-0.06903693079948425,-0.16529864072799683,-0.04255552306771904,-0.07269176840782166,-0.2146921157836914,-0.05246741041541725,-0.04362085461616516,-0.1018572449684143,-0.0557130509615007,-0.03723698854446411,-0.20025134086608887,-0.07558043763042122,-0.03180155158042908,-0.25397562980651855,-0.07895514085889488,-0.02574068307876587,-0.29318439960479736,-0.07847783431411415,-0.006908208131790161,-0.09305483102798462,-0.055656605362898404,-0.0033976733684539795,-0.20398437976837158,-0.07709601983428627,-0.002654552459716797,-0.26698821783065796,-0.08036894068122535,-0.0021784603595733643,-0.31078189611434937,-0.08047638550401359,0.025143593549728394,-0.0920296311378479,-0.05479004323483139,0.02178800106048584,-0.19734323024749756,-0.07333636000753074,0.019167929887771606,-0.25883233547210693,-0.07692102804780632,0.01672312617301941,-0.3065262734889984,-0.07667868301273018,0.05091169476509094,-0.0955914855003357,-0.05396962627769142,0.047742635011672974,-0.1772426962852478,-0.06747397497296959,0.04270783066749573,-0.22221839427947998,-0.06934815362096458,0.03748291730880737,-0.260212242603302,-0.0686352895200315
0.0,0.0,0.0,-0.03794896602630615,-0.046071767807006836,-0.017448023407521163,-0.0629335343837738,-0.1086849570274353,-0.03320493407434455,-0.0710071325302124,-0.16374075412750244,-0.04488437481111518,-0.07364732027053833,-0.21316242218017578,-0.056039872093858634,-0.045061469078063965,-0.10189557075500488,-0.05698481805509559,-0.038275688886642456,-0.19797831773757935,-0.0781392738956832,-0.03301835060119629,-0.25271958112716675,-0.08317278183883658,-0.027160823345184326,-0.292851984500885,-0.08394238211101523,-0.008101582527160645,-0.09344655275344849,-0.05694508410877219,-0.004400432109832764,-0.20167982578277588,-0.07883897282070151,-0.0031189322471618652,-0.26466262340545654,-0.0833226651687049,-0.00198325514793396,-0.3091849982738495,-0.0846518636483573,0.024541497230529785,-0.09193593263626099,-0.056104077472152625,0.022113800048828125,-0.19520771503448486,-0.07482334829753867,0.020157605409622192,-0.2564927637577057,-0.07862824804967872,0.01850128173828125,-0.3045150637626648,-0.07886195041126243,0.051103949546813965,-0.09475129842758179,-0.05539312071985236,0.046422719955444336,-0.17683815956115723,-0.06917345382160178,0.041261494159698486,-0.2226945161819458,-0.07116048641389838,0.03669297695159912,-0.26141178607940674,-0.07065924115365974
0.0,0.0,0.0,-0.0355415940284729,-0.04314839839935303,-0.018572572667565623,-0.0599554181098938,-0.1047857403755188,-0.03553989907022981,-0.06824249029159546,-0.15943372249603271,-0.04799506073113946,-0.07075092196464539,-0.20994260907173157,-0.060414060999121943,-0.03807419538497925,-0.09320187568664551,-0.06294173007127313,-0.03521963953971863,-0.19182074069976807,-0.08498547231074838,-0.030266225337982178,-0.24906855821609497,-0.09092728053447274,-0.023837655782699585,-0.2918742895126343,-0.09261252735969094,-0.001639723777770996,-0.08538717031478882,-0.06218305235024957,-0.0006005764007568359,-0.19557654857635498,-0.08474481110688714,-6.952881813049316e-05,-0.2603214681148529,-0.09004822378274469,0.0007280409336090088,-0.3057705760002136,-0.09256236260053186,0.029548734426498413,-0.08717048168182373,-0.060067854870524684,0.02327015995979309,-0.1908319592475891,-0.07880736147281198,0.019537657499313354,-0.25319018959999084,-0.08314518635388879,0.017552942037582397,-0.301861047744751,-0.08436431740638284,0.05405396223068237,-0.09445345401763916,-0.05814179782983331,0.04593271017074585,-0.17783331871032715,-0.07174477731105355,0.03759407997131348,-0.22465163469314575,-0.0737430826317933,0.031163811683654785,-0.26305216550827026,-0.07378988717910318
0.0,0.0,0.0,-0.035273849964141846,-0.04393237829208374,-0.017872482126744416,-0.05954626202583313,-0.10515695810317993,-0.034366070812733795,-0.06743291020393372,-0.15915298461914062,-0.046738769447596695,-0.06879398226737976,-0.2091425657272339,-0.05894011590460124,-0.0391029417514801,-0.09611666202545166,-0.059518318211825516,-0.03477546572685242,-0.19228380918502808,-0.08153381530025783,-0.029447078704833984,-0.24905699491500854,-0.08788551721552196,-0.023105740547180176,-0.2918907403945923,-0.08973533246496501,-0.00267869234085083,-0.08770918846130371,-0.05892137024381938,0.00012189149856567383,-0.19715958833694458,-0.0807636934874374,0.0010374188423156738,-0.26165592670440674,-0.08603599253872218,0.0019659698009490967,-0.30733346939086914,-0.08856363925913158,0.029000073671340942,-0.08858048915863037,-0.05719531658867183,0.024470359086990356,-0.1917242407798767,-0.07545461837032619,0.020757973194122314,-0.2539987564086914,-0.07967984262684169,0.01852300763130188,-0.3025965094566345,-0.08076034072616878,0.05428233742713928,-0.09464246034622192,-0.05567723098972621,0.046555668115615845,-0.17785656452178955,-0.06851336691358867,0.03836122155189514,-0.2244497835636139,-0.0701489034650642,0.03169021010398865,-0.2631095051765442,-0.06997961137274089
0.0,0.0,0.0,-0.03683894872665405,-0.04393726587295532,-0.018310700182283313,-0.06074237823486328,-0.10574185848236084,-0.034082176734173686,-0.06797933578491211,-0.16113269329071045,-0.045462182362044246,-0.07135570049285889,-0.21036666631698608,-0.05626275261160174,-0.04406493902206421,-0.094851553440094,-0.057306929130518824,-0.03673136234283447,-0.19078469276428223,-0.07869560514804164,-0.030205458402633667,-0.24446800351142883,-0.08400886004086772,-0.022776007652282715,-0.28369665145874023,-0.08503636961098948,-0.00687021017074585,-0.08647406101226807,-0.056745960016215236,-0.0022426247596740723,-0.19442421197891235,-0.07845377420302668,0.0007579028606414795,-0.2563076317310333,-0.08298459147330561,0.003526747226715088,-0.29966145753860474,-0.08460113649483958,0.025564879179000854,-0.08510994911193848,-0.05557322372909823,0.024126827716827393,-0.18707913160324097,-0.07457390670892039,0.023512721061706543,-0.24726510047912598,-0.07885813211318293,0.02311396598815918,-0.29474496841430664,-0.07962809746381083,0.0516054630279541,-0.08881378173828125,-0.054567440051997096,0.04792988300323486,-0.1688096523284912,-0.06923441087123194,0.04319372773170471,-0.212570458650589,-0.07191365455504695,0.03868719935417175,-0.24973145127296448,-0.07204327230569163
0.0,0.0,0.0,-0.03338506817817688,-0.045621395111083984,-0.018410734110529958,-0.05553245544433594,-0.10911685228347778,-0.03525506074076468,-0.06327712535858154,-0.1646304726600647,-0.047721398272569715,-0.06556418538093567,-0.21487358212471008,-0.06015617887025648,-0.03512561321258545,-0.1006002426147461,-0.062002049037273466,-0.029781430959701538,-0.1988682746887207,-0.08399629334455305,-0.02389967441558838,-0.2553861737251282,-0.08980500439649397,-0.017183363437652588,-0.29772865772247314,-0.09127407262569243,0.0009274482727050781,-0.09089690446853638,-0.06119257325774008,0.0041856467723846436,-0.20130449533462524,-0.08393782863860899,0.005257993936538696,-0.2656887471675873,-0.08898834625726515,0.006062954664230347,-0.3106575608253479,-0.09094761798625761,0.032059669494628906,-0.0902065634727478,-0.05914311970120245,0.02907097339630127,-0.19382119178771973,-0.0782516125822621,0.02577868103981018,-0.2561771869659424,-0.08273409793620878,0.02392411231994629,-0.30438053607940674,-0.08367624620443159,0.05671960115432739,-0.09456044435501099,-0.057247166731412946,0.051819801330566406,-0.17578083276748657,-0.07082763055806929,0.04450172185897827,-0.22268182039260864,-0.07282666603570753,0.038516879081726074,-0.26129305362701416,-0.07272281239276701
0.0,0.0,0.0,-0.035425037145614624,-0.04847872257232666,-0.01684690843696046,-0.05761227011680603,-0.11290913820266724,-0.03171703796262193,-0.06387028098106384,-0.1686837077140808,-0.04282087664479661,-0.06476926803588867,-0.21808499097824097,-0.053429337398952725,-0.04036411643028259,-0.10214728116989136,-0.054903218703216794,-0.0323808491230011,-0.19970613718032837,-0.07564448024506021,-0.025836259126663208,-0.2546166181564331,-0.08058612252945352,-0.019348055124282837,-0.2956140637397766,-0.08138150181049753,-0.004225403070449829,-0.09257960319519043,-0.05515055935258317,0.0015838444232940674,-0.2019694447517395,-0.07707814331526208,0.004217565059661865,-0.26523512601852417,-0.08204511757368493,0.005617976188659668,-0.3102143108844757,-0.08367820288414407,0.027490347623825073,-0.0906987190246582,-0.054634446458763364,0.026862263679504395,-0.19618016481399536,-0.07372638787502694,0.025633424520492554,-0.25723910331726074,-0.07820420916551996,0.02401110529899597,-0.3056603670120239,-0.07882525231117654,0.05308142304420471,-0.09417068958282471,-0.054195476876444104,0.05105617642402649,-0.1766541600227356,-0.06833612378115106,0.04641386866569519,-0.22196409106254578,-0.07059405203337121,0.04183194041252136,-0.260391503572464,-0.07031177933687616
0.0,0.0,0.0,-0.03562706708908081,-0.04492241144180298,-0.018653683515140074,-0.059212714433670044,-0.10723304748535156,-0.03469201564962532,-0.06693750619888306,-0.16266804933547974,-0.046224348397799986,-0.06990933418273926,-0.21263760328292847,-0.05718998253519203,-0.042949795722961426,-0.0950549840927124,-0.05887259558016922,-0.03547230362892151,-0.19027400016784668,-0.08129857495600845,-0.02911338210105896,-0.24492540955543518,-0.08719944223935272,-0.02155780792236328,-0.28534120321273804,-0.08835355207497742,-0.00580260157585144,-0.08707320690155029,-0.05807752922351028,-0.0008132755756378174,-0.19523602724075317,-0.08112220481211807,0.0022897720336914062,-0.2579083740711212,-0.08562382325703766,0.005649298429489136,-0.3020422160625458,-0.08680647626692917,0.026499062776565552,-0.08670926094055176,-0.056590352358171,0.02536633610725403,-0.1883564591407776,-0.07618754372174408,0.025067150592803955,-0.2479369342327118,-0.07955785855824615,0.025085777044296265,-0.29557305574417114,-0.07925755545670654,0.05230230093002319,-0.0917554497718811,-0.055338688345500486,0.04925352334976196,-0.17122501134872437,-0.06944894805724289,0.044113725423812866,-0.21448147296905518,-0.07100076988513138,0.03899720311164856,-0.25161945819854736,-0.07009764030749466
0.0,0.0,0.0,-0.037559330463409424,-0.04439491033554077,-0.01851629110195141,-0.0619717538356781,-0.10435426235198975,-0.03484663197912674,-0.06935319304466248,-0.15860199928283691,-0.04669619182266693,-0.06829223036766052,-0.20943623781204224,-0.057874361222166826,-0.04257410764694214,-0.0923393964767456,-0.060378259216923524,-0.03372153639793396,-0.1876482367515564,-0.08342791179337006,-0.02693629264831543,-0.2431177794933319,-0.08959232846416931,-0.020270615816116333,-0.2843097448348999,-0.09076214412369232,-0.006534278392791748,-0.0842098593711853,-0.0594557655803154,0.0016290843486785889,-0.19434839487075806,-0.08271418342508774,0.005228191614151001,-0.2567393481731415,-0.08660534599937897,0.007282227277755737,-0.30097419023513794,-0.08744805136837464,0.02551865577697754,-0.08428013324737549,-0.05774792486943703,0.027354329824447632,-0.18762463331222534,-0.07674357870735626,0.027400881052017212,-0.2467983365058899,-0.07854748347916107,0.027033716440200806,-0.2943173348903656,-0.07733113149322968,0.05119332671165466,-0.0893281102180481,-0.05641384253420334,0.05045923590660095,-0.17114698886871338,-0.06946678290285568,0.04585954546928406,-0.21306675672531128,-0.06960245052494507,0.04043984413146973,-0.24790677428245544,-0.06778054515041809
0.0,0.0,0.0,-0.0364246666431427,-0.04399406909942627,-0.019255260303745025,-0.05973139405250549,-0.10591965913772583,-0.03583038069320654,-0.06592822074890137,-0.16108453273773193,-0.04745463125420546,-0.06731757521629333,-0.21201324462890625,-0.058623878583440536,-0.04136720299720764,-0.09080040454864502,-0.06321314565850233,-0.034549862146377563,-0.18870455026626587,-0.08461006574345564,-0.028995037078857422,-0.24487906694412231,-0.08954390726996397,-0.022787809371948242,-0.2867240905761719,-0.09026388667536711,-0.004874557256698608,-0.08174020051956177,-0.061401898339519256,-0.00011479854583740234,-0.1908087134361267,-0.08369358472538924,0.0004928410053253174,-0.25505155324935913,-0.08780632011605238,0.0011141002178192139,-0.2997063398361206,-0.08909704379750227,0.026763916015625,-0.08285236358642578,-0.05836572341633772,0.023626655340194702,-0.18628966808319092,-0.07666455052805876,0.020980119705200195,-0.2487686276435852,-0.08019619278622603,0.018904060125350952,-0.2971494793891907,-0.08058465860796904,0.05128958821296692,-0.08991110324859619,-0.05551539577556586,0.04622432589530945,-0.17194032669067383,-0.06832135312272047,0.039801061153411865,-0.21636688709259033,-0.06961782865239119,0.03410148620605469,-0.25283241271972656,-0.06904465548706984
0.0,0.0,0.0,-0.03569033741950989,-0.04468822479248047,-0.020067821641933214,-0.05884793400764465,-0.1063838005065918,-0.03719509338356186,-0.06579616665840149,-0.16174572706222534,-0.04941643719888855,-0.06708669662475586,-0.2128739356994629,-0.06116508637882401,-0.03893741965293884,-0.09232109785079956,-0.06431894322253395,-0.03132283687591553,-0.19003242254257202,-0.08627900799132515,-0.02504199743270874,-0.2463901937007904,-0.09146514852858711,-0.018789172172546387,-0.2886730432510376,-0.09234599341965843,-0.002545475959777832,-0.08228009939193726,-0.0625379191837423,0.0026569664478302,-0.19076478481292725,-0.08616345693684746,0.0034321844577789307,-0.2558504343032837,-0.09098293950177361,0.003583550453186035,-0.30169054865837097,-0.09255754520512749,0.028939545154571533,-0.08281207084655762,-0.05956040640689064,0.02683284878730774,-0.18601953983306885,-0.07931261082507302,0.023939281702041626,-0.24968624114990234,-0.08352419306851555,0.021701186895370483,-0.29964518547058105,-0.08412058224297692,0.05337029695510864,-0.0900033712387085,-0.05681474452234436,0.04825526475906372,-0.1723303198814392,-0.07100060155011345,0.04064783453941345,-0.21824610233306885,-0.07296379973508049,0.034087806940078735,-0.2557758688926697,-0.07265676875926186
0.0,0.0,0.0,-0.03540611267089844,-0.04547393321990967,-0.01888361920401138,-0.057694822549819946,-0.10830867290496826,-0.035100484013405264,-0.06355345249176025,-0.16321104764938354,-0.046485645443048895,-0.06508710980415344,-0.21261709928512573,-0.05725038957580608,-0.04099351167678833,-0.09267383813858032,-0.06256891202911419,-0.03220200538635254,-0.18717002868652344,-0.08435061734899563,-0.026339590549468994,-0.24183470010757446,-0.08930701923355144,-0.020182311534881592,-0.2816773056983948,-0.0898138002751736,-0.004292517900466919,-0.08202743530273438,-0.06138139006480259,0.001955568790435791,-0.1895676851272583,-0.08433098506912273,0.0031615793704986572,-0.25312530994415283,-0.08813286733612102,0.004019379615783691,-0.2964493930339813,-0.0887633652685551,0.027890145778656006,-0.08153426647186279,-0.05919841465338749,0.027312248945236206,-0.1852283477783203,-0.07853496980651897,0.02507328987121582,-0.24663624167442322,-0.0821786166427998,0.02305588126182556,-0.29372692108154297,-0.08214241427167934,0.05303847789764404,-0.08758634328842163,-0.05713874635085148,0.04953128099441528,-0.1689382791519165,-0.07124997836336178,0.0437699556350708,-0.21380126476287842,-0.0732352600692181,0.03843557834625244,-0.2505156397819519,-0.07270349723085445
0.0,0.0,0.0,-0.03305947780609131,-0.04377192258834839,-0.019015394791569662,-0.054321229457855225,-0.10445588827133179,-0.03578960587045188,-0.061605364084243774,-0.16016143560409546,-0.047461040958371115,-0.06317716836929321,-0.2106156349182129,-0.05891763855477805,-0.03464388847351074,-0.09148889780044556,-0.06519306515118117,-0.02902880311012268,-0.19000238180160522,-0.08498571877142425,-0.02459201216697693,-0.24621665477752686,-0.08821090374847884,-0.018199414014816284,-0.28728389739990234,-0.08823926810881133,1.4632940292358398e-05,-0.08156657218933105,-0.06303495232721801,0.0037024319171905518,-0.19380027055740356,-0.08541972254177566,0.003204435110092163,-0.25715261697769165,-0.08913493220468993,0.0030617117881774902,-0.29977354407310486,-0.09003210131784911,0.029891759157180786,-0.08251029253005981,-0.059089329734053564,0.026322245597839355,-0.18720752000808716,-0.07780905131956573,0.021652698516845703,-0.24903589487075806,-0.08099180524012084,0.018956512212753296,-0.2952554225921631,-0.08102658455034728,0.05323672294616699,-0.08878093957901001,-0.055142772093024206,0.04674816131591797,-0.17176038026809692,-0.06850798492094512,0.0388205349445343,-0.21789288520812988,-0.06980279152056212,0.032587677240371704,-0.25381848216056824,-0.06913989846369262
0.0,0.0,0.0,-0.02842724323272705,-0.045145630836486816,-0.01712487025882936,-0.04417872428894043,-0.10735446214675903,-0.031811300131938225,-0.04634210467338562,-0.15922266244888306,-0.041141706916949516,-0.0442107617855072,-0.20444947481155396,-0.050658039215466744,-0.034107059240341187,-0.09731525182723999,-0.06388475320067144,-0.02620917558670044,-0.19005215167999268,-0.08410697749581075,-0.02135634422302246,-0.24497836828231812,-0.08867949566569067,-0.01567980647087097,-0.2830963134765625,-0.08947350403990484,-0.000383526086807251,-0.0837322473526001,-0.06264610907759405,0.005358278751373291,-0.19152617454528809,-0.08613721600498891,0.007127851247787476,-0.25435134768486023,-0.09200435450997091,0.008228868246078491,-0.29679715633392334,-0.09391153177942968,0.029847055673599243,-0.08098191022872925,-0.059466160300633675,0.02926170825958252,-0.1827847957611084,-0.07967717519726492,0.027919501066207886,-0.2443745732307434,-0.08611585519041753,0.02683010697364807,-0.29077208042144775,-0.0879714595409844,0.05373981595039368,-0.08479934930801392,-0.05580699390496946,0.04900601506233215,-0.16410225629806519,-0.07105951330389715,0.043909281492233276,-0.20907366275787354,-0.07447143963303304,0.04023420810699463,-0.24405395984649658,-0.07511607876744009
0.0,0.0,0.0,-0.03543141484260559,-0.04461669921875,-0.018016029215115026,-0.05780154466629028,-0.10509419441223145,-0.03350470407928796,-0.06384092569351196,-0.15891551971435547,-0.044402306965249494,-0.0644625723361969,-0.20778369903564453,-0.05452046736206384,-0.0414980947971344,-0.09123408794403076,-0.059736779025453046,-0.0323127806186676,-0.18678134679794312,-0.07999465062345834,-0.02630212903022766,-0.24068039655685425,-0.08377416624750467,-0.0204542875289917,-0.27968111634254456,-0.08352375223364206,-0.005458861589431763,-0.08129960298538208,-0.05842054828132959,0.0012305676937103271,-0.18761074542999268,-0.07961961819853158,0.0025000274181365967,-0.25025272369384766,-0.08276596858229013,0.0030267536640167236,-0.2932596802711487,-0.08313148661579461,0.02635788917541504,-0.0811566710472107,-0.05609425722684236,0.02528280019760132,-0.18291127681732178,-0.0734962020727572,0.023121654987335205,-0.243685781955719,-0.0765036512824473,0.020868569612503052,-0.29016727209091187,-0.07636133774246545,0.05138227343559265,-0.08671033382415771,-0.05393837957705827,0.04786911606788635,-0.16727399826049805,-0.06630976690973611,0.042794495820999146,-0.21172970533370972,-0.06772162213053079,0.03785225749015808,-0.2483198046684265,-0.06701757951702447
