0.0,0.0,0.0,0.04003936052322388,0.0315781831741333,-0.007853582638318812,0.07002341747283936,0.08662551641464233,-0.01861273138504771,0.08270257711410522,0.1377354860305786,-0.027729990097697055,0.08356714248657227,0.1818639039993286,-0.036732200670059,0.06698483228683472,0.0965225100517273,-0.04052892340999392,0.06094491481781006,0.1887052059173584,-0.05913789211493281,0.05330592393875122,0.23925483226776123,-0.06420575095992831,0.04615747928619385,0.27610474824905396,-0.06515111787896899,0.03663915395736694,0.09656578302383423,-0.04496439187508372,0.03411686420440674,0.19578063488006592,-0.06272142394166735,0.02842104434967041,0.2509414553642273,-0.0667883904157236,0.023155927658081055,0.2918012738227844,-0.06806471957546023,0.004684627056121826,0.09631085395812988,-0.04848273112159518,0.005442500114440918,0.19018667936325073,-0.06285794838052539,0.0020752549171447754,0.24497097730636597,-0.0656555892406061,-0.0008075833320617676,0.2851649522781372,-0.06577324135881213,-0.02651047706604004,0.09606552124023438,-0.05166600658279208,-0.022836804389953613,0.16966360807418823,-0.06245145587902812,-0.022642135620117188,0.21227383613586426,-0.06387155516725329,-0.022412896156311035,0.24571353197097778,-0.06314293308835772
0.0,0.0,0.0,0.0403667688369751,0.03232407569885254,-0.008851314665889731,0.0710483193397522,0.08998221158981323,-0.02000278956643342,0.08386236429214478,0.14391380548477173,-0.0290500891899228,0.08418458700180054,0.18976545333862305,-0.03778741858354806,0.06492090225219727,0.09922981262207031,-0.043455656388914576,0.05872344970703125,0.1927308440208435,-0.06151856831661462,0.052713096141815186,0.2440813183784485,-0.06531354389539956,0.04759889841079712,0.2815459966659546,-0.06533374986997842,0.035162508487701416,0.09990108013153076,-0.04679289809814691,0.03220611810684204,0.20206868648529053,-0.06453219405761956,0.026673078536987305,0.2577914595603943,-0.06706998101822137,0.02174067497253418,0.297682523727417,-0.06722705415836572,0.004071295261383057,0.1007084846496582,-0.0492452194487214,0.00441741943359375,0.19785946607589722,-0.06365868798843621,0.0010294318199157715,0.25389575958251953,-0.0663372387682557,-0.0014210939407348633,0.2941102385520935,-0.0662263145243287,-0.026057422161102295,0.1018635630607605,-0.05138476542583703,-0.023497283458709717,0.17949515581130981,-0.06269473187080621,-0.023203015327453613,0.22456401586532593,-0.0653086116110444,-0.022791564464569092,0.25953400135040283,-0.06539278082004785
0.0,0.0,0.0,0.03387165069580078,0.032972753047943115,-0.014725465433464535,0.06046950817108154,0.08475762605667114,-0.031031757699118145,0.07148802280426025,0.13143736124038696,-0.04480125393138934,0.06499338150024414,0.17750871181488037,-0.05885401006208468,0.0406152606010437,0.08384370803833008,-0.0557375402318101,0.04272961616516113,0.17109441757202148,-0.08045196543799449,0.039500892162323,0.22580957412719727,-0.08917539577351619,0.0338512659072876,0.2650289535522461,-0.09326963137255717,0.00749969482421875,0.07777494192123413,-0.05948504816161204,0.012152373790740967,0.18256837129592896,-0.08541338901387263,0.010552048683166504,0.24406707286834717,-0.09471126656399775,0.009113788604736328,0.28706037998199463,-0.10055490593777705,-0.022718071937561035,0.07667577266693115,-0.06240401055084277,-0.01508939266204834,0.17743933200836182,-0.08723855029212046,-0.013597428798675537,0.23509681224822998,-0.0940983892546754,-0.011658668518066406,0.27901577949523926,-0.09608849148617793,-0.04867309331893921,0.07842075824737549,-0.06510990868674327,-0.042426347732543945,0.16174322366714478,-0.08566223095522929,-0.03925514221191406,0.207561194896698,-0.0908349529968362,-0.03609633445739746,0.24243104457855225,-0.09244068722592402
0.0,0.0,0.0,0.03758293390274048,0.0331534743309021,-0.011365312349216339,0.06773000955581665,0.08775538206100464,-0.023872556362466213,0.07887792587280273,0.13709944486618042,-0.0344273133316797,0.0741921067237854,0.18254095315933228,-0.044593302730636,0.05106908082962036,0.09637188911437988,-0.042528743121938106,0.046812236309051514,0.18705546855926514,-0.062361853394822475,0.043009936809539795,0.2382158637046814,-0.06788568032176912,0.03760010004043579,0.27579909563064575,-0.0695774985590738,0.017625749111175537,0.0941421389579773,-0.045983916346148845,0.019030332565307617,0.19661015272140503,-0.06567531657607972,0.01499861478805542,0.2530308961868286,-0.07100463492067277,0.010192036628723145,0.2931116819381714,-0.07350064647586763,-0.01253420114517212,0.09373122453689575,-0.04916930404694497,-0.006843924522399902,0.19131511449813843,-0.06781463158519685,-0.00870966911315918,0.24473780393600464,-0.07233629954250276,-0.00974351167678833,0.28581351041793823,-0.0729591382780832,-0.039411842823028564,0.09542888402938843,-0.05206697640211999,-0.03368788957595825,0.17402863502502441,-0.06793208253772676,-0.03240823745727539,0.21749824285507202,-0.07167119366319596,-0.030533194541931152,0.2528541684150696,-0.072089141432361
0.0,0.0,0.0,0.029176652431488037,0.030931949615478516,-0.013324121239476128,0.055893540382385254,0.08630108833312988,-0.02703498140244953,0.0720931887626648,0.13633155822753906,-0.03882926166325085,0.0710916519165039,0.18351244926452637,-0.05134696349769108,0.03924590349197388,0.09904706478118896,-0.04405407816439144,0.041078150272369385,0.18518131971359253,-0.06269892514019482,0.04062002897262573,0.23587429523468018,-0.06860906839638226,0.03824037313461304,0.2739256024360657,-0.07147181988029949,0.012048184871673584,0.09401524066925049,-0.04788893670111172,0.016796588897705078,0.19327110052108765,-0.07003440916805737,0.01528400182723999,0.2523610591888428,-0.07804048270254604,0.01566559076309204,0.2933133840560913,-0.08218429446487896,-0.01451808214187622,0.09044182300567627,-0.05145215451984875,-0.010247409343719482,0.18609768152236938,-0.07326874345808498,-0.010752737522125244,0.24186336994171143,-0.07916888058453075,-0.009713828563690186,0.28386300802230835,-0.08011515647440426,-0.04066801071166992,0.08823555707931519,-0.05495370760827534,-0.04011291265487671,0.16717791557312012,-0.07434436887770168,-0.040056467056274414,0.21369493007659912,-0.07927252561121456,-0.039048612117767334,0.2506974935531616,-0.08006313652067654
0.0,0.0,0.0,0.037091970443725586,0.036347925662994385,-0.01195803839538101,0.06448853015899658,0.09186583757400513,-0.026122268250322378,0.0743820071220398,0.13988429307937622,-0.0383887085673571,0.06920850276947021,0.18597662448883057,-0.05077148411247734,0.0440024733543396,0.09984511137008667,-0.04617095175955299,0.043317973613739014,0.18645888566970825,-0.06841478679153923,0.04033768177032471,0.2389013171195984,-0.0766463521477938,0.03598177433013916,0.2776998281478882,-0.08028706345531944,0.011367380619049072,0.09531354904174805,-0.05069593522522453,0.014573454856872559,0.1981668472290039,-0.07229653928253654,0.011704683303833008,0.2583036422729492,-0.07997361752960686,0.009391605854034424,0.3007175922393799,-0.08457444790575508,-0.01831948757171631,0.09287285804748535,-0.05477136183354858,-0.012085318565368652,0.19114267826080322,-0.07506808075878624,-0.012964189052581787,0.2468227744102478,-0.08071638081047539,-0.013231039047241211,0.28890103101730347,-0.08229448083612922,-0.04495203495025635,0.09225344657897949,-0.05870691496703628,-0.03900271654129028,0.17193859815597534,-0.07586546424601082,-0.03702622652053833,0.2170161008834839,-0.0799628365394831,-0.03512728214263916,0.2519252896308899,-0.08080308321688179
0.0,0.0,0.0,0.02118748426437378,0.034727632999420166,-0.01319421457524328,0.04270434379577637,0.09042191505432129,-0.0274674333858016,0.05820012092590332,0.1397019624710083,-0.03946547026212244,0.05747431516647339,0.1858203411102295,-0.05248367602403192,0.03223896026611328,0.09871429204940796,-0.04935232738430528,0.03437250852584839,0.1869017481803894,-0.06959057787830858,0.03320115804672241,0.23976057767868042,-0.07665208915646105,0.030031979084014893,0.2802339792251587,-0.08027140984709291,0.008354902267456055,0.08926093578338623,-0.05334483648116617,0.011261224746704102,0.1925298571586609,-0.07768669167931108,0.009967923164367676,0.25409263372421265,-0.08659407684977083,0.010545909404754639,0.29765820503234863,-0.09147136846954851,-0.015140295028686523,0.08368068933486938,-0.05647065679008989,-0.011942565441131592,0.1839420199394226,-0.07962942311937837,-0.012577831745147705,0.2413448691368103,-0.08511166463072328,-0.011757731437683105,0.2839541435241699,-0.08563097754890947,-0.03810328245162964,0.08117800951004028,-0.05943072030718355,-0.040210723876953125,0.1631665825843811,-0.07869894991095094,-0.04155850410461426,0.2111486792564392,-0.08269220779116182,-0.042065203189849854,0.24781715869903564,-0.08295300791437654
0.0,0.0,0.0,0.03870189189910889,0.0309373140335083,-0.01199321107611695,0.06997400522232056,0.08686542510986328,-0.023721605852699668,0.08150291442871094,0.13770925998687744,-0.03281428882525006,0.078197181224823,0.18097180128097534,-0.041426917851424605,0.05936074256896973,0.09322482347488403,-0.04455701479361096,0.05219191312789917,0.184279203414917,-0.06330133074567357,0.0468822717666626,0.23449057340621948,-0.06841146791026631,0.04193633794784546,0.2719973921775818,-0.06972002828166524,0.02696859836578369,0.09195101261138916,-0.046612846047139556,0.024524927139282227,0.19059056043624878,-0.06498784416959325,0.0194169282913208,0.24676072597503662,-0.06968490624473134,0.01447683572769165,0.28918713331222534,-0.07160755837008992,-0.004018843173980713,0.09106528759002686,-0.048057975560880095,-0.0012230277061462402,0.1835801601409912,-0.06438658976600209,-0.0044065117835998535,0.23867303133010864,-0.06951533103034535,-0.006265878677368164,0.2807263135910034,-0.07114260488793889,-0.031931519508361816,0.09226101636886597,-0.049280541331029326,-0.027911841869354248,0.16385269165039062,-0.06345221990392247,-0.02740389108657837,0.20556461811065674,-0.06786961698577443,-0.026407718658447266,0.23958367109298706,-0.06914473915145436
0.0,0.0,0.0,0.035701870918273926,0.038482725620269775,-0.01598517776685071,0.06431633234024048,0.0895434021949768,-0.03258600824730706,0.07857757806777954,0.13695108890533447,-0.04679436602847886,0.07578963041305542,0.18333542346954346,-0.06162499630110574,0.039344966411590576,0.08827078342437744,-0.052320219513347865,0.04054379463195801,0.17150598764419556,-0.07492265471475434,0.03921908140182495,0.22617435455322266,-0.08410524198072267,0.03509390354156494,0.2681376338005066,-0.08924863853710008,0.008685171604156494,0.08202141523361206,-0.05549861856954408,0.012570083141326904,0.18451523780822754,-0.0800426937009604,0.012177646160125732,0.24783754348754883,-0.08929548778789353,0.012172222137451172,0.29168057441711426,-0.09539744624154878,-0.021387755870819092,0.08059549331665039,-0.05809866258161378,-0.015337765216827393,0.17914605140686035,-0.08100372919099641,-0.01297682523727417,0.235528826713562,-0.08566032716291261,-0.010744690895080566,0.2772447466850281,-0.08648373552816224,-0.04976153373718262,0.07983148097991943,-0.0610738433267386,-0.04783862829208374,0.15875178575515747,-0.0796556434895308,-0.04600340127944946,0.20462918281555176,-0.0825255251790793,-0.04407918453216553,0.23994559049606323,-0.08263326057451081
0.0,0.0,0.0,0.04301649332046509,0.029757678508758545,-0.013038734359298587,0.07546490430831909,0.08225828409194946,-0.027123092127595783,0.08678114414215088,0.13325399160385132,-0.03784039282575691,0.08657848834991455,0.17804253101348877,-0.04796977752224052,0.06316709518432617,0.08451604843139648,-0.054437019316111446,0.056600868701934814,0.18111348152160645,-0.07542458215132797,0.051660001277923584,0.23352760076522827,-0.07972180136815155,0.04735511541366577,0.27207088470458984,-0.08000652530566299,0.029327571392059326,0.08425313234329224,-0.05631893166676605,0.029339611530303955,0.19046050310134888,-0.07829365917817199,0.026035189628601074,0.24775421619415283,-0.08190687784329498,0.022743940353393555,0.288463294506073,-0.08268790730610931,-0.0020868778228759766,0.0868222713470459,-0.057205640164767146,0.003060460090637207,0.18488538265228271,-0.07554431298152053,0.00199127197265625,0.2413460612297058,-0.07904101201668823,0.0019332170486450195,0.2829335927963257,-0.07910753080025756,-0.029290318489074707,0.09172838926315308,-0.057857752231512904,-0.02384847402572632,0.1686425805091858,-0.07216350772753799,-0.022635340690612793,0.2122601866722107,-0.07560997494832122,-0.021383464336395264,0.24607551097869873,-0.0761782456316098
0.0,0.0,0.0,0.04367959499359131,0.03191232681274414,-0.012412320534423316,0.07549291849136353,0.08512777090072632,-0.025971626574829543,0.08605194091796875,0.1366843581199646,-0.036253865520194495,0.08575540781021118,0.18258774280548096,-0.04565975041194292,0.06309294700622559,0.08871394395828247,-0.051406275192931616,0.05771446228027344,0.18432670831680298,-0.07157955662412974,0.053442180156707764,0.23618489503860474,-0.07529774651928278,0.05021035671234131,0.2735711336135864,-0.07490877405805918,0.029350340366363525,0.08805006742477417,-0.05332218081755968,0.02906566858291626,0.19492048025131226,-0.07433584676189753,0.02604919672012329,0.25170814990997314,-0.07673822687073084,0.02336442470550537,0.29053354263305664,-0.07631735847397181,-0.0018113255500793457,0.09025442600250244,-0.05435971141858431,0.0025588274002075195,0.1880468726158142,-0.0722028200428042,0.0011203885078430176,0.24314773082733154,-0.07414470956726404,0.0007864236831665039,0.28262859582901,-0.07269609318180414,-0.02908235788345337,0.09370940923690796,-0.055156692574456656,-0.023913443088531494,0.17182505130767822,-0.06830692634983393,-0.02285081148147583,0.21396201848983765,-0.06985544011993738,-0.021451294422149658,0.245253324508667,-0.06884124473734232
0.0,0.0,0.0,0.04150962829589844,0.028367280960083008,-0.01528823289903869,0.07478141784667969,0.06715226173400879,-0.03401401553186645,0.08723485469818115,0.1106189489364624,-0.04977147195371856,0.08335608243942261,0.1572110652923584,-0.06531529042753448,0.06117284297943115,0.05631011724472046,-0.06146818686160316,0.059484660625457764,0.14806240797042847,-0.08765510383877029,0.05483120679855347,0.2011430859565735,-0.09633608821663131,0.048588693141937256,0.24158555269241333,-0.0998122012976097,0.02800595760345459,0.05211061239242554,-0.06513653609785308,0.02961897850036621,0.1613507866859436,-0.09339111957582702,0.026926279067993164,0.22132688760757446,-0.09890184465679397,0.02199035882949829,0.2648666501045227,-0.10107023183140029,-0.0034595131874084473,0.05496859550476074,-0.06791154954466094,0.0031847357749938965,0.15772700309753418,-0.09274386528763046,0.003518819808959961,0.21489548683166504,-0.09379697505268325,0.002174973487854004,0.25819337368011475,-0.09144349310430755,-0.03229731321334839,0.06097286939620972,-0.07070638898643722,-0.023255228996276855,0.1414472460746765,-0.08795258317026367,-0.019783854484558105,0.18652212619781494,-0.08813758853706588,-0.01828080415725708,0.2212299108505249,-0.08649534646305312
0.0,0.0,0.0,0.04777473211288452,0.027893424034118652,-0.011796688814740719,0.08412712812423706,0.08268487453460693,-0.02409697805074984,0.0976594090461731,0.1364295482635498,-0.033400637251418175,0.09569740295410156,0.18107569217681885,-0.042086207461636604,0.07443457841873169,0.09255504608154297,-0.04569768641619021,0.0711737871170044,0.18528014421463013,-0.06336622421173388,0.06746751070022583,0.23558682203292847,-0.06759047989277178,0.06383305788040161,0.2735435366630554,-0.068178516966384,0.042311906814575195,0.09347712993621826,-0.04787191484598452,0.04474228620529175,0.1929149031639099,-0.06537940089134509,0.042496681213378906,0.2485629916191101,-0.06896151338247591,0.039217233657836914,0.2901252508163452,-0.0702367473068648,0.010205626487731934,0.09546178579330444,-0.04902381558446223,0.015510141849517822,0.18798714876174927,-0.06341405693916613,0.016204655170440674,0.24239581823349,-0.06638392542032534,0.016134202480316162,0.282054603099823,-0.06683253977922732,-0.018992602825164795,0.09824472665786743,-0.050161183965485634,-0.010515689849853516,0.17273449897766113,-0.061074269157927574,-0.007326304912567139,0.21412646770477295,-0.06304687742618853,-0.006155192852020264,0.2461109757423401,-0.06297669295696551
0.0,0.0,0.0,0.08401963114738464,0.07154282927513123,-0.04806520544676118,0.12260082364082336,0.17154477536678314,-0.0913507168808394,0.12054279446601868,0.25986461341381073,-0.1205511962690764,0.09643217921257019,0.3380054086446762,-0.14870350562719636,0.06671455502510071,0.10644732415676117,-0.16969243191866212,0.042981892824172974,0.31632740795612335,-0.22398998343138032,0.030817240476608276,0.43492157757282257,-0.23592007660059267,0.017313331365585327,0.5233283191919327,-0.23791167639879518,-0.014294713735580444,0.08776339888572693,-0.1644229044833594,-0.02824920415878296,0.32263244688510895,-0.2213122596660071,-0.03555753827095032,0.46166081726551056,-0.23180781804708772,-0.04216104745864868,0.5626479536294937,-0.23614615701822572,-0.07982248067855835,0.08893440663814545,-0.1551528175988608,-0.08386662602424622,0.3136302977800369,-0.20381433271555238,-0.08738312125205994,0.4485013633966446,-0.21340004109529787,-0.08850082755088806,0.5514770299196243,-0.21467574440626436,-0.12516355514526367,0.10802802443504333,-0.1454743941941672,-0.12688469886779785,0.28258533775806427,-0.1838628252664023,-0.1250465214252472,0.38403864204883575,-0.19188938044695192,-0.12042444944381714,0.4655497819185257,-0.19348668061880403
0.0,0.0,0.0,0.08154532313346863,0.06847304105758667,-0.04884164074843511,0.1224205493927002,0.16629694402217865,-0.09296802470868215,0.12335759401321411,0.25254110991954803,-0.12360752413457021,0.10204404592514038,0.3305921405553818,-0.1534559432644187,0.06989511847496033,0.1078881174325943,-0.16691091696208105,0.047156840562820435,0.31556420028209686,-0.22094275096839056,0.03484243154525757,0.43075720965862274,-0.2332756225246726,0.020701736211776733,0.5167893022298813,-0.2356557402986823,-0.008944779634475708,0.09339633584022522,-0.16245538035815343,-0.023789942264556885,0.323570117354393,-0.21828404108470068,-0.03149223327636719,0.4587610810995102,-0.22930987218802557,-0.03797757625579834,0.5567862838506699,-0.2342064086574851,-0.07436290383338928,0.0953567773103714,-0.15446427504008398,-0.07646337151527405,0.3127232640981674,-0.20176206568663702,-0.08035784959793091,0.4438583701848984,-0.21161015371268377,-0.08176818490028381,0.5430929511785507,-0.21384571532195196,-0.12114375829696655,0.11349694430828094,-0.14652010837977514,-0.12028038501739502,0.2832825034856796,-0.18536467889731512,-0.11964204907417297,0.38174836337566376,-0.19471606651728735,-0.11641538143157959,0.46091310679912567,-0.19755823949759588
0.0,0.0,0.0,0.03399437665939331,-0.031006723642349243,-0.0550086252969777,0.03766179084777832,-0.03662869334220886,-0.09774286454739922,0.009727507829666138,-0.01982802152633667,-0.1321965545994317,-0.04333549737930298,-0.006233155727386475,-0.16925423747125024,-0.05991920828819275,-0.0199262797832489,-0.12554557031216973,-0.08512213826179504,0.10774010419845581,-0.1661916465145623,-0.09534481167793274,0.20958411693572998,-0.18638058906617516,-0.09622877836227417,0.2992914319038391,-0.19877907043519372,-0.11263784766197205,-0.03127700090408325,-0.11732714032950753,-0.12728479504585266,0.108377605676651,-0.1588422299009835,-0.12507548928260803,0.22913992404937744,-0.19072748130383843,-0.12512433528900146,0.337319552898407,-0.21945709889951104,-0.15059727430343628,-0.03665313124656677,-0.10638076966824883,-0.17988666892051697,0.061133742332458496,-0.14559488898339623,-0.18165022134780884,0.14778664708137512,-0.1757083327156579,-0.177584707736969,0.23998349905014038,-0.199853280244497,-0.17201021313667297,-0.03558570146560669,-0.09679496443095559,-0.22606760263442993,-0.017041295766830444,-0.13118649428906792,-0.2600758671760559,-0.011587053537368774,-0.15104761129441613,-0.2864465266466141,0.012005269527435303,-0.16729898160519951
0.0,0.0,0.0,0.077277272939682,0.06949645280838013,-0.05220947106852236,0.11767756938934326,0.16203461587429047,-0.09760454361810389,0.12006127834320068,0.24432335793972015,-0.1305290839590043,0.09238314628601074,0.3135421425104141,-0.16183110391273203,0.0613553524017334,0.09759299457073212,-0.1634979925073594,0.04156756401062012,0.30279628932476044,-0.22003512894286814,0.03126007318496704,0.4218262881040573,-0.23572454666270914,0.019662588834762573,0.5109571665525436,-0.24105427478923502,-0.018119066953659058,0.08522491157054901,-0.15681801056041422,-0.028781235218048096,0.3123001307249069,-0.2145226827777833,-0.031271904706954956,0.4495628923177719,-0.22649338161124888,-0.033234208822250366,0.5475575178861618,-0.2325636825479478,-0.08181613683700562,0.09097371995449066,-0.1475111476100892,-0.08509653806686401,0.3007858246564865,-0.19748941873683634,-0.08337989449501038,0.43032293021678925,-0.2053284428037614,-0.07969188690185547,0.5314565151929855,-0.20592040633334818,-0.12580549716949463,0.11044473946094513,-0.13906950568332377,-0.12448728084564209,0.26990513503551483,-0.1768634996332139,-0.11954784393310547,0.3661484867334366,-0.18362795626296702,-0.11169207096099854,0.44555138051509857,-0.18504820083751383
0.0,0.0,0.0,0.0648241639137268,0.023480400443077087,-0.08705727423955523,0.10071653127670288,0.06285624206066132,-0.15151632245112978,0.09677368402481079,0.10733391344547272,-0.1992402267031821,0.06733894348144531,0.13157756626605988,-0.2493616830878409,0.0188845694065094,0.024733200669288635,-0.1954710673861655,0.002156198024749756,0.1900201290845871,-0.24841739650298678,-0.010676860809326172,0.3020142465829849,-0.27243623550464235,-0.016401678323745728,0.3889727145433426,-0.2880947631173285,-0.046682894229888916,-0.0056444257497787476,-0.17159694846202456,-0.055507153272628784,0.1837039738893509,-0.22365825291205965,-0.06404820084571838,0.31675149500370026,-0.2566377561860236,-0.07177671790122986,0.41922779381275177,-0.2899440568261298,-0.09873861074447632,-0.023799464106559753,-0.14328736479808413,-0.11376044154167175,0.13972480595111847,-0.18965341563750826,-0.12028095126152039,0.2537240535020828,-0.2208393853478583,-0.11869606375694275,0.35234101116657257,-0.24892533238460146,-0.13856908679008484,-0.03391139209270477,-0.11860726441670977,-0.17187079787254333,0.05177803337574005,-0.16149650927116,-0.18915456533432007,0.10798461735248566,-0.18439546640445315,-0.20369523763656616,0.16700981557369232,-0.20446345623065554
0.0,0.0,0.0,0.07340565323829651,0.06681853532791138,-0.04932722313571958,0.11142870783805847,0.15334123373031616,-0.09283155439663915,0.10866662859916687,0.23127847909927368,-0.12504237381983785,0.08307763934135437,0.3032726049423218,-0.15550666539240865,0.055078208446502686,0.10007604956626892,-0.15286063639689473,0.03341761231422424,0.29888200759887695,-0.20727060226965932,0.023026347160339355,0.4132614731788635,-0.22373808412123708,0.011902779340744019,0.5004977583885193,-0.22980561344195394,-0.02317291498184204,0.08875890076160431,-0.14721202342082051,-0.03599622845649719,0.3086751401424408,-0.20193972675372152,-0.039480358362197876,0.44143080711364746,-0.21432451395560292,-0.04287159442901611,0.5368285179138184,-0.22114975242186574,-0.08550605177879333,0.09493036568164825,-0.13915483145285634,-0.09279519319534302,0.3006383180618286,-0.1875289031701186,-0.09006127715110779,0.4265875816345215,-0.19603786854315786,-0.08549800515174866,0.5237547159194946,-0.19731547920275716,-0.12919363379478455,0.11378428339958191,-0.13199898092318563,-0.12905308604240417,0.27089834213256836,-0.16765032200385122,-0.1230463981628418,0.36675870418548584,-0.17413253573943166,-0.11468449234962463,0.44493621587753296,-0.17574749378729848
0.0,0.0,0.0,-0.05968502163887024,-0.011947453022003174,-0.04349515846843133,-0.13978537917137146,-0.005642592906951904,-0.06572221851820359,-0.22351676225662231,0.013271540403366089,-0.07915106302971253,-0.29303091764450073,0.008590489625930786,-0.09348001963371644,-0.13645297288894653,0.0049477219581604,-0.09529484695667634,-0.16209957003593445,0.13046813011169434,-0.13089722282165894,-0.16846221685409546,0.22936302423477173,-0.14764776713127503,-0.1720544695854187,0.3154316544532776,-0.15730284041637788,-0.13704684376716614,-0.01979079842567444,-0.08501944578165421,-0.14593541622161865,0.1281641721725464,-0.12408980614418397,-0.14981067180633545,0.23797684907913208,-0.1524555671858252,-0.15581569075584412,0.33152395486831665,-0.17755924052471528,-0.13078665733337402,-0.04156684875488281,-0.07342177516693482,-0.15025335550308228,0.08777612447738647,-0.11456439531320939,-0.159134179353714,0.186769038438797,-0.14370171612972626,-0.1625206470489502,0.2794036865234375,-0.16459880656475434,-0.12115427851676941,-0.059328362345695496,-0.062464020018524025,-0.16101351380348206,0.002574741840362549,-0.0998771775412024,-0.1792973279953003,0.05439049005508423,-0.12034158295864472,-0.19619035720825195,0.11590337753295898,-0.13525497800583253
0.0,0.0,0.0,0.08743304014205933,-0.033846914768218994,-0.000584086929222849,0.15107271075248718,-0.08469265699386597,-0.005373216992950347,0.18122509121894836,-0.13210171461105347,-0.015111110931968597,0.17940238118171692,-0.16202038526535034,-0.025143557055628207,0.1533420979976654,-0.14518994092941284,0.006760850721263978,0.15884998440742493,-0.13435938954353333,-0.021347538395559695,0.13076147437095642,-0.059062182903289795,-0.042468103407657054,0.11206522583961487,0.01330423355102539,-0.04995822423580876,0.10308235883712769,-0.16879668831825256,-0.0004942998078263372,0.10470101237297058,-0.1519012451171875,-0.03110203409079304,0.07581979036331177,-0.07308506965637207,-0.04562177026156178,0.061956703662872314,0.0036742687225341797,-0.04669630417112103,0.05252242088317871,-0.18471336364746094,-0.009990304535961059,0.055658429861068726,-0.18483364582061768,-0.035709253339803126,0.03882420063018799,-0.1262841522693634,-0.03386464604619732,0.03099837899208069,-0.06506133079528809,-0.02287587599340668,0.0078316330909729,-0.192848801612854,-0.019440560429131892,0.011404842138290405,-0.21689215302467346,-0.03334798180941334,0.005844384431838989,-0.18929734826087952,-0.024659371762311366,0.006511956453323364,-0.1569870114326477,-0.010130806653535274
0.0,0.0,0.0,-0.04766005277633667,-0.05605772137641907,-0.024149143637714587,-0.10986295342445374,-0.08059564232826233,-0.027264538721738063,-0.18632152676582336,-0.0789763331413269,-0.024720780120787822,-0.2336442470550537,-0.07042977213859558,-0.02166428187638303,-0.18998098373413086,-0.11142483353614807,-0.049960605369506084,-0.23526570200920105,-0.003741353750228882,-0.06661631496399423,-0.24260270595550537,0.09779688715934753,-0.0691345516011097,-0.24398452043533325,0.1821708381175995,-0.06906909825056573,-0.20614877343177795,-0.13319265842437744,-0.04322630869000932,-0.23328223824501038,0.017174094915390015,-0.0743005234166958,-0.23466601967811584,0.132347971200943,-0.09564810575693627,-0.23809611797332764,0.22514399886131287,-0.10904885412901422,-0.20807161927223206,-0.13484309613704681,-0.03450766907781144,-0.24426260590553284,-0.0019278228282928467,-0.070292550639806,-0.2458331286907196,0.09615620970726013,-0.09538727583139917,-0.24781426787376404,0.18564674258232117,-0.10828750910013696,-0.20137086510658264,-0.12555769085884094,-0.024991290213165485,-0.2508920431137085,-0.08294251561164856,-0.06473895491808435,-0.27592408657073975,-0.049017637968063354,-0.08561412574499627,-0.3015667200088501,-0.0011384785175323486,-0.0948577332660534
0.0,0.0,0.0,0.08249780535697937,0.05872870981693268,-0.04096904592472583,0.12961265444755554,0.1561516970396042,-0.08051348673063785,0.13329437375068665,0.24298526346683502,-0.10756369130569965,0.10833701491355896,0.31153954565525055,-0.13413726733881504,0.08293527364730835,0.11539261043071747,-0.1532885973330167,0.062457531690597534,0.30926497280597687,-0.20113247083384067,0.04823184013366699,0.41682495176792145,-0.21236350582796604,0.034112393856048584,0.4974428564310074,-0.214792380201402,0.008223474025726318,0.10647667944431305,-0.15075909541803867,-0.00038245320320129395,0.31695787608623505,-0.19982119845110446,-0.010289311408996582,0.4408452659845352,-0.21057675229269535,-0.018978863954544067,0.5314567238092422,-0.21579625652987033,-0.05476066470146179,0.1092740148305893,-0.1436735932703641,-0.0526757538318634,0.3037623316049576,-0.1845565234299329,-0.05791017413139343,0.42444224655628204,-0.1957899128075269,-0.060497432947158813,0.5162967592477798,-0.20036321328836948,-0.10033842921257019,0.12388880550861359,-0.13606993304449588,-0.09724333882331848,0.2738405019044876,-0.1710876171465543,-0.09837821125984192,0.3610674887895584,-0.18123018192011386,-0.09814059734344482,0.4312334209680557,-0.1851586048479703
0.0,0.0,0.0,-0.028564512729644775,-0.017884910106658936,-0.03165777728611374,-0.07248502969741821,-0.020868957042694092,-0.0412977929478302,-0.12955445051193237,-0.008843779563903809,-0.044246315515579226,-0.1691018044948578,0.0018477439880371094,-0.047015111452878955,-0.17266687750816345,-0.06773239374160767,-0.05698797435218239,-0.20090773701667786,0.04234963655471802,-0.07392528236562157,-0.20489197969436646,0.14178723096847534,-0.08030137003117943,-0.2060898244380951,0.22828859090805054,-0.0829465422099247,-0.20403322577476501,-0.09853664040565491,-0.04759657338911438,-0.22600895166397095,0.03864729404449463,-0.07889500588828469,-0.2236711084842682,0.1533048152923584,-0.1059107664292469,-0.22240689396858215,0.24763023853302002,-0.12414878935271645,-0.22087785601615906,-0.11261019110679626,-0.035675581104101184,-0.2596355676651001,-0.0005672276020050049,-0.06804919571334267,-0.25731194019317627,0.09441059827804565,-0.09623093486482048,-0.2529605031013489,0.18226784467697144,-0.11300207257920647,-0.22652995586395264,-0.11397700011730194,-0.023620996183694842,-0.2812655568122864,-0.0876760184764862,-0.0598200331693306,-0.31781309843063354,-0.06782776117324829,-0.08169273615533257,-0.35353273153305054,-0.033772170543670654,-0.09387538165503884
0.0,0.0,0.0,0.007674992084503174,-0.018090754747390747,-0.05547002926186906,-0.01293867826461792,-0.003189980983734131,-0.08806397989110337,-0.058897316455841064,0.03591877222061157,-0.10908807292298661,-0.10645386576652527,0.056310057640075684,-0.1309365354450165,-0.09305498003959656,-0.011146336793899536,-0.11749989762620316,-0.11378476023674011,0.12381941080093384,-0.1496297292383133,-0.11806479096412659,0.21989727020263672,-0.16295050307826386,-0.11935651302337646,0.30197399854660034,-0.17177084311560975,-0.13069289922714233,-0.03974375128746033,-0.10250755622701035,-0.13972818851470947,0.12249869108200073,-0.1389505438478409,-0.13947978615760803,0.23536455631256104,-0.16485238298491822,-0.14127019047737122,0.3305814266204834,-0.18891377970294343,-0.15551850199699402,-0.058721959590911865,-0.08526224866227494,-0.1722429096698761,0.08616858720779419,-0.12210558578090058,-0.17203325033187866,0.18399715423583984,-0.1511258505256592,-0.17087745666503906,0.2752643823623657,-0.1742448233039795,-0.16989856958389282,-0.07070960104465485,-0.06967456116990434,-0.20912662148475647,0.0027256906032562256,-0.10893607362822877,-0.22268402576446533,0.048743367195129395,-0.13149787708834992,-0.23450380563735962,0.10222065448760986,-0.14796540364341126
0.0,0.0,0.0,0.053347259759902954,0.033817484974861145,-0.07772008853714851,0.07769647240638733,0.09055577218532562,-0.13710059004586128,0.07179781794548035,0.14913861453533173,-0.18024426477711586,0.055919915437698364,0.18893615901470184,-0.22457174735825447,0.01026463508605957,0.019560620188713074,-0.19678392785351662,-0.0016679465770721436,0.20012013614177704,-0.25282576459210304,-0.01319795846939087,0.3119878023862839,-0.275256720955781,-0.02431666851043701,0.39512263238430023,-0.28706305998127846,-0.054369568824768066,0.003629326820373535,-0.1788430340842524,-0.06806784868240356,0.21435825526714325,-0.23213217931549934,-0.07687592506408691,0.33947186172008514,-0.2544205762700358,-0.08498886227607727,0.4266993850469589,-0.27620637195866493,-0.1110454797744751,0.004150494933128357,-0.1563852258281031,-0.12651029229164124,0.19455952942371368,-0.20362454431813148,-0.12681666016578674,0.2991223782300949,-0.22386309283535866,-0.1255681812763214,0.3779137581586838,-0.24026174622338203,-0.15370413661003113,0.012345165014266968,-0.13766062038700966,-0.1781100332736969,0.12070332467556,-0.1772057093934336,-0.1941443383693695,0.16612859070301056,-0.19285776990216164,-0.21280083060264587,0.2105177491903305,-0.20562179165642647
0.0,0.0,0.0,0.01507192850112915,0.018577903509140015,-0.0806637576324647,0.013661324977874756,0.03611975908279419,-0.12673796177932672,-0.00844264030456543,0.06865319609642029,-0.15660270513126306,-0.02504563331604004,0.09867089986801147,-0.1847868061167901,-0.1045091450214386,-0.037195682525634766,-0.14290864230224543,-0.12054795026779175,0.11503899097442627,-0.18471179367134027,-0.12291756272315979,0.2210354506969452,-0.2036890483004754,-0.12230825424194336,0.3061957061290741,-0.21383474231788568,-0.15795573592185974,-0.05679813027381897,-0.11812959075996332,-0.16356930136680603,0.12194076180458069,-0.16518236161300592,-0.15904003381729126,0.24102994799613953,-0.19421775103637628,-0.15866851806640625,0.32822325825691223,-0.2174476331574624,-0.19347423315048218,-0.06044700741767883,-0.0923018401963418,-0.2158563733100891,0.0898924171924591,-0.13692853809425287,-0.21096813678741455,0.1922493875026703,-0.16565757454463892,-0.2049252688884735,0.2757929265499115,-0.1850234663588708,-0.21631723642349243,-0.05636942386627197,-0.07067822874614649,-0.26085224747657776,-0.0038666725158691406,-0.11415174068042688,-0.2952269911766052,0.016708940267562866,-0.13960442901679926,-0.3298911154270172,0.044767290353775024,-0.15683170617649012
0.0,0.0,0.0,0.039257586002349854,0.032551318407058716,-0.0810682974588417,0.0635836124420166,0.07231694459915161,-0.13786962403173675,0.05789536237716675,0.11952969431877136,-0.17906012905950774,0.04636877775192261,0.15634647011756897,-0.2192005194556259,-0.03821587562561035,0.005708098411560059,-0.17437904847975005,-0.049746304750442505,0.18549177050590515,-0.2232753313910507,-0.057638853788375854,0.29155251383781433,-0.2422691412102722,-0.060332149267196655,0.3732070028781891,-0.25206225885267486,-0.094908207654953,-0.010705217719078064,-0.15384839249963989,-0.09861233830451965,0.1932472288608551,-0.20439098550195922,-0.0971028208732605,0.31053826212882996,-0.2283948339354538,-0.09880965948104858,0.39222803711891174,-0.2504435755145096,-0.1390516757965088,-0.012040048837661743,-0.13070522023554076,-0.15590345859527588,0.159417062997818,-0.17898522092218627,-0.14967453479766846,0.26125237345695496,-0.2028889037501358,-0.1438116431236267,0.3397761881351471,-0.220249501599028,-0.17106780409812927,-0.00399664044380188,-0.11166370434875716,-0.20790618658065796,0.05377247929573059,-0.15589412821645965,-0.24563688039779663,0.07268989086151123,-0.17789384497518768,-0.2853012681007385,0.09912672638893127,-0.19453030599470367
0.0,0.0,0.0,0.03662550449371338,0.018808990716934204,-0.07434571527994649,0.04972285032272339,0.0383763313293457,-0.12229111784256474,0.03141224384307861,0.07077038288116455,-0.15483551466024892,0.00831514596939087,0.10187548398971558,-0.18713388585604207,-0.06399163603782654,-0.009359300136566162,-0.1500479503826,-0.06951063871383667,0.13651034235954285,-0.1904195173934795,-0.07530868053436279,0.23815032839775085,-0.2098396196321346,-0.07582983374595642,0.3211667239665985,-0.22154275321520345,-0.1198054850101471,-0.03213426470756531,-0.12821484350718038,-0.11813530325889587,0.13176104426383972,-0.1716468408063747,-0.11855143308639526,0.24853035807609558,-0.20042078935659902,-0.12308928370475769,0.3391583263874054,-0.2262575849250652,-0.1577223241329193,-0.04005742073059082,-0.10340309136665837,-0.17478322982788086,0.08603283762931824,-0.14289409660852925,-0.1753939986228943,0.17416992783546448,-0.17221856855906026,-0.17314445972442627,0.25336024165153503,-0.19556797289408223,-0.18128639459609985,-0.035707056522369385,-0.08166533702171819,-0.22231298685073853,0.007180064916610718,-0.11998534196175115,-0.2607300877571106,0.019605696201324463,-0.14435724162615315,-0.29760947823524475,0.041512876749038696,-0.16367220127142446
0.0,0.0,0.0,0.03966975212097168,0.037019312381744385,-0.08171207579687234,0.05999094247817993,0.07497838139533997,-0.13642932596519586,0.05023229122161865,0.12287753820419312,-0.17403209331348535,0.0410768985748291,0.15800487995147705,-0.21231159689739343,-0.041791290044784546,-0.0011181831359863281,-0.17525643232181665,-0.049610257148742676,0.1747705042362213,-0.22093005600288507,-0.05637231469154358,0.2838357388973236,-0.24122966947868463,-0.05833148956298828,0.3681163489818573,-0.2526907336981594,-0.09559774398803711,-0.020601719617843628,-0.15182009461238977,-0.0928320586681366,0.1831037700176239,-0.19823084893539544,-0.09064006805419922,0.3026526868343353,-0.22579555335357782,-0.09015551209449768,0.39029446244239807,-0.2513710570605099,-0.13494250178337097,-0.02004602551460266,-0.1246104476125538,-0.14295977354049683,0.15319114923477173,-0.16722153249099847,-0.13401100039482117,0.25467023253440857,-0.19179669144466516,-0.12613511085510254,0.3356493413448334,-0.21101349714115258,-0.16121801733970642,-0.009424299001693726,-0.10128946724250909,-0.20144334435462952,0.04965847730636597,-0.14030040922477838,-0.2366153597831726,0.0680185854434967,-0.15914727869346734,-0.2708035111427307,0.0950765609741211,-0.17400245490387078
0.0,0.0,0.0,-0.0258902907371521,0.006167352199554443,-0.05796654996424877,-0.08167719841003418,0.0166054368019104,-0.0868947180822488,-0.15309098362922668,0.035060614347457886,-0.10255233672410213,-0.21864241361618042,0.03566277027130127,-0.11883650449067318,-0.09670934081077576,0.004603832960128784,-0.11232372847348415,-0.08878645300865173,0.15867066383361816,-0.1457614126518365,-0.09050220251083374,0.2584983706474304,-0.16386499729901516,-0.09633952379226685,0.33766669034957886,-0.17589646306782925,-0.11603102087974548,-0.017616957426071167,-0.09382749077826702,-0.1065259575843811,0.15408414602279663,-0.12910410490781032,-0.10921049118041992,0.2687462568283081,-0.155956474216282,-0.11239081621170044,0.36154669523239136,-0.18171313133984768,-0.12992572784423828,-0.03309383988380432,-0.0735127749755975,-0.135979562997818,0.1211574375629425,-0.10883938250094616,-0.13499808311462402,0.2148749828338623,-0.13358577814847195,-0.1327304244041443,0.2971901297569275,-0.1542499187305566,-0.13699647784233093,-0.04275408387184143,-0.05546031248718464,-0.16378265619277954,0.04853922128677368,-0.08881528404504024,-0.16640371084213257,0.10150152444839478,-0.10378417846709453,-0.17111867666244507,0.154213547706604,-0.11585876074582302
0.0,0.0,0.0,0.06956493854522705,0.005340695381164551,-0.09554102351211213,0.10706120729446411,0.028319120407104492,-0.16517702569507264,0.0986596941947937,0.08054426312446594,-0.21657642056487703,0.07130873203277588,0.13465890288352966,-0.26814863910220765,0.04663616418838501,0.003988295793533325,-0.20133259226821565,0.048025310039520264,0.15654712915420532,-0.26967353453181886,0.03571295738220215,0.2564803659915924,-0.3009784602119794,0.028239846229553223,0.33301982283592224,-0.31966332425616883,-0.02798759937286377,0.0050987303256988525,-0.17765864064239167,-0.020914822816848755,0.17784616351127625,-0.23916950156234407,-0.01669415831565857,0.28748491406440735,-0.2609265827133527,-0.0027945637702941895,0.37975946068763733,-0.28080398668788575,-0.08842414617538452,0.0101470947265625,-0.15468507339500093,-0.0821276605129242,0.16405484080314636,-0.20983424117110872,-0.07429179549217224,0.2674715220928192,-0.22726915111087465,-0.05918145179748535,0.36010506749153137,-0.2413765870525708,-0.13252687454223633,0.02365744113922119,-0.1372067712738385,-0.13052618503570557,0.11524352431297302,-0.18346048225902223,-0.12490898370742798,0.18604201078414917,-0.2025648288919797,-0.11534792184829712,0.25364187359809875,-0.2174869262173047
0.0,0.0,0.0,0.06689321994781494,0.047869905829429626,-0.05740007880683606,0.10795754194259644,0.12189385294914246,-0.10817346471901601,0.11120975017547607,0.19949719309806824,-0.14717965323086446,0.09796637296676636,0.27624908089637756,-0.18437164026852315,0.05430871248245239,0.0770338773727417,-0.16458896297569936,0.0532759428024292,0.2670711278915405,-0.2251616616880483,0.045202821493148804,0.37960612773895264,-0.24634215730782216,0.03543540835380554,0.4638790488243103,-0.2563223292266912,-0.017790943384170532,0.07624682784080505,-0.15744735795612996,-0.008239388465881348,0.2865259349346161,-0.21604796249027913,-0.004718184471130371,0.41302812099456787,-0.22861832875366872,0.00035881996154785156,0.49915003776550293,-0.23799957830067342,-0.07541617751121521,0.09056657552719116,-0.14895165461655324,-0.0650184154510498,0.2812168002128601,-0.20163709420319265,-0.05579259991645813,0.39843422174453735,-0.21178159612770742,-0.046448975801467896,0.4854493737220764,-0.21626498300190633,-0.11779457330703735,0.11629876494407654,-0.1424345423614568,-0.11119985580444336,0.24692225456237793,-0.17991123098488515,-0.10113778710365295,0.334186851978302,-0.1893572856819219,-0.08901098370552063,0.40307724475860596,-0.19547787803765004
0.0,0.0,0.0,-0.10538142919540405,-0.010606855154037476,-0.021603651130135404,-0.2041325569152832,-0.017575174570083618,-0.02782883473628317,-0.2878786325454712,-0.011279106140136719,-0.030386192509467946,-0.35287734866142273,-0.013558417558670044,-0.034559059673483716,-0.1923198401927948,-0.044321030378341675,-0.028825746634538518,-0.20351356267929077,0.07243287563323975,-0.042476389342482435,-0.19761493802070618,0.16211652755737305,-0.05190114282959257,-0.19676926732063293,0.22783195972442627,-0.05928216853135382,-0.15968385338783264,-0.05029234290122986,-0.02548343853050028,-0.1597488522529602,0.09795010089874268,-0.04311351456635748,-0.15860456228256226,0.20001715421676636,-0.07008078672879492,-0.16295841336250305,0.2808493375778198,-0.09562799313061987,-0.12696462869644165,-0.050900161266326904,-0.02181980364912306,-0.13849350810050964,0.08520153164863586,-0.04349409022324835,-0.1412000060081482,0.17704331874847412,-0.06815633901351248,-0.1451769471168518,0.2555202841758728,-0.0880007071136788,-0.09495395421981812,-0.049605995416641235,-0.01793626860671793,-0.1213952898979187,0.032668620347976685,-0.03718159698837553,-0.12776020169258118,0.08527469635009766,-0.0488071700274304,-0.13776037096977234,0.14006775617599487,-0.058157216542895185
0.0,0.0,0.0,-0.10969629883766174,-0.03228023648262024,-0.010283080298904679,-0.2020241916179657,-0.0344906747341156,-0.0173253243756335,-0.2747664153575897,-0.01693025231361389,-0.026523261700276635,-0.3371049165725708,-0.014052033424377441,-0.03819193076014926,-0.20758333802223206,-0.011918187141418457,-0.012563773800138733,-0.2241157591342926,0.056060582399368286,-0.038479590226415894,-0.21760350465774536,0.11414608359336853,-0.05956634264111926,-0.2132699191570282,0.16681495308876038,-0.07437854017734935,-0.1711162030696869,-0.0007921457290649414,-0.021829198483828804,-0.1666305661201477,0.0995195209980011,-0.05535194780350139,-0.1537870466709137,0.18625524640083313,-0.08492617066622188,-0.1448163390159607,0.26466450095176697,-0.10667800660849025,-0.12977087497711182,0.011672556400299072,-0.032811192233566544,-0.1367875337600708,0.11010059714317322,-0.06800293679953029,-0.13153213262557983,0.19053664803504944,-0.08845981713056972,-0.12839660048484802,0.26115694642066956,-0.09997934605598857,-0.08715939521789551,0.02379968762397766,-0.04341991375804355,-0.1063905656337738,0.09977293014526367,-0.07178839053631236,-0.11042138934135437,0.15246674418449402,-0.08212169017315318,-0.11986494064331055,0.20391550660133362,-0.08734748270035197
0.0,0.0,0.0,0.08070898056030273,0.0605044811964035,-0.029497304562838167,0.12736260890960693,0.14900153875350952,-0.05992244892230758,0.13796347379684448,0.23167353868484497,-0.08228947930446395,0.13013744354248047,0.30534711480140686,-0.10330745540967712,0.09125518798828125,0.13183236122131348,-0.11565222554317245,0.08000713586807251,0.31235307455062866,-0.15710357539764175,0.07142651081085205,0.4083353281021118,-0.16721629314533004,0.06372058391571045,0.4814831018447876,-0.1690559458028389,0.02430623769760132,0.12813255190849304,-0.11622197144141921,0.02334672212600708,0.3279131054878235,-0.15821536593547592,0.01875033974647522,0.43719685077667236,-0.1655943315517021,0.01610696315765381,0.5164790153503418,-0.16816853695026168,-0.03376612067222595,0.13293439149856567,-0.11391582303157577,-0.025079399347305298,0.316845178604126,-0.14865874462238082,-0.023627549409866333,0.4224933981895447,-0.15354295783153304,-0.01929384469985962,0.5022491216659546,-0.1533168327104164,-0.07815834879875183,0.14536720514297485,-0.1115162517916275,-0.0685301423072815,0.2835196852684021,-0.13770506494155654,-0.06179666519165039,0.36287713050842285,-0.1418374102603508,-0.052258074283599854,0.42630112171173096,-0.14195918254962692
0.0,0.0,0.0,0.08441638946533203,0.0635114312171936,-0.029265728162194193,0.13642233610153198,0.15430960059165955,-0.057444008381629885,0.1518673300743103,0.2392634153366089,-0.07839954117086023,0.1448621153831482,0.31507769227027893,-0.09805699655559152,0.0948992371559143,0.13838693499565125,-0.10712310144450754,0.08510321378707886,0.3141377568244934,-0.14708655545260996,0.08009529113769531,0.40935659408569336,-0.15718134710338205,0.07533395290374756,0.4828107953071594,-0.15992186436202616,0.02691328525543213,0.13403013348579407,-0.10800592073943704,0.030275434255599976,0.3300553560256958,-0.14820724198367685,0.029314637184143066,0.4384727478027344,-0.1560251660063514,0.029187560081481934,0.5175114870071411,-0.16017348536994547,-0.03058713674545288,0.13737884163856506,-0.10688078621175379,-0.020065873861312866,0.31981146335601807,-0.14273510345962137,-0.014925062656402588,0.4225209951400757,-0.1485079325154075,-0.007959902286529541,0.49998950958251953,-0.14928899178054422,-0.07459086179733276,0.14720678329467773,-0.1058666504338035,-0.0631735622882843,0.285923033952713,-0.13529878327396005,-0.05385786294937134,0.3635045886039734,-0.14173869261291117,-0.04178762435913086,0.42531365156173706,-0.14366636642959207
0.0,0.0,0.0,0.08436408638954163,0.05673488974571228,-0.03102068819217152,0.13605394959449768,0.14427834749221802,-0.0622310063999123,0.15141043066978455,0.22696274518966675,-0.08527866594604916,0.14298483729362488,0.30104923248291016,-0.1066575928788609,0.09892734885215759,0.12240231037139893,-0.1148605256538815,0.08787772059440613,0.3010174036026001,-0.15779765538982815,0.07992890477180481,0.39620310068130493,-0.17011929147057003,0.07207110524177551,0.4705292582511902,-0.1738846658926434,0.031723350286483765,0.11770975589752197,-0.11508910946659512,0.03185927867889404,0.31888821721076965,-0.15694319300465054,0.027731865644454956,0.4295549988746643,-0.1651679932337231,0.025908738374710083,0.5113580822944641,-0.16945954255871243,-0.026677697896957397,0.12385439872741699,-0.11300929479412503,-0.0161171555519104,0.3103637099266052,-0.1485441833000607,-0.013550996780395508,0.4146355986595154,-0.15347093932442135,-0.007856220006942749,0.49378329515457153,-0.15378249280266232,-0.0718420147895813,0.13976788520812988,-0.1111349522333569,-0.05979546904563904,0.2785013020038605,-0.13861945860199398,-0.05226743221282959,0.3564963936805725,-0.1433227568130917,-0.04190966486930847,0.4194049835205078,-0.1443189292412228
0.0,0.0,0.0,0.08067989349365234,0.05871427059173584,-0.025810720340828652,0.13057470321655273,0.14608487486839294,-0.054196521581630464,0.1422818899154663,0.2310277819633484,-0.0765217244043157,0.13778024911880493,0.31213581562042236,-0.0972310602083013,0.0901792049407959,0.1279962658882141,-0.10526484990261054,0.08755552768707275,0.3138965368270874,-0.14731271559141135,0.0835334062576294,0.4116179347038269,-0.15774409467123007,0.07446473836898804,0.4852326512336731,-0.16062082344434714,0.02204716205596924,0.12666481733322144,-0.10887467110298132,0.028801143169403076,0.3321017026901245,-0.15456639224431967,0.027807235717773438,0.44372236728668213,-0.16327504807851767,0.023466914892196655,0.5225927233695984,-0.16708624357126212,-0.03599858283996582,0.13494813442230225,-0.11060304933927512,-0.021163761615753174,0.3240916132926941,-0.15166655177019095,-0.016054779291152954,0.42707645893096924,-0.1571351140155599,-0.013881146907806396,0.5043443441390991,-0.15639318519971823,-0.08105018734931946,0.14975643157958984,-0.11217811697862601,-0.06534811854362488,0.2892979085445404,-0.1451524048461721,-0.05667322874069214,0.3697434663772583,-0.15229368204019522,-0.04959613084793091,0.43486732244491577,-0.15418690437219595
0.0,0.0,0.0,0.08410939574241638,0.061328768730163574,-0.02920609716008471,0.1382412612438202,0.15273573994636536,-0.05854383300672339,0.15592989325523376,0.2380668818950653,-0.08030757125149535,0.14804813265800476,0.31449809670448303,-0.10068020041714476,0.09840068221092224,0.14479199051856995,-0.10932235236893462,0.09311935305595398,0.32042524218559265,-0.15100679363737868,0.0893947184085846,0.41626855731010437,-0.16175239350329207,0.08432397246360779,0.4890665113925934,-0.16431253220568465,0.03178355097770691,0.14064958691596985,-0.11036960597763823,0.03609803318977356,0.3354734480381012,-0.15279917981158064,0.034912049770355225,0.4445402920246124,-0.16130637194643782,0.033801883459091187,0.5229664146900177,-0.16470803882609175,-0.02571454644203186,0.14332830905914307,-0.10924812968502806,-0.012601494789123535,0.3241765797138214,-0.14651464488039778,-0.007303416728973389,0.42934057116508484,-0.15329802598486708,-0.0013294517993927002,0.507793515920639,-0.1537519004536705,-0.07058045268058777,0.15147602558135986,-0.10801591541300581,-0.05791524052619934,0.2910795211791992,-0.13817836906443404,-0.0492439866065979,0.36988750100135803,-0.14512640800009535,-0.03877308964729309,0.43174222111701965,-0.1465761419726448
0.0,0.0,0.0,0.0890224277973175,0.059122294187545776,-0.026341776561494612,0.1404806673526764,0.15602651238441467,-0.054076577734704756,0.15332350134849548,0.24727648496627808,-0.07459969745254114,0.1476362645626068,0.32551655173301697,-0.09443797097777917,0.10633584856987,0.14897599816322327,-0.11036554650640085,0.09874734282493591,0.33340397477149963,-0.1505471088108976,0.0919283926486969,0.43331214785575867,-0.15968463496541574,0.08357909321784973,0.5077489912509918,-0.16196320132588937,0.03651288151741028,0.14609506726264954,-0.1133840076742132,0.04022344946861267,0.34686675667762756,-0.1551051654038389,0.03954210877418518,0.45829638838768005,-0.16348018423890665,0.037811726331710815,0.5369285047054291,-0.1676958419499357,-0.023119628429412842,0.14731678366661072,-0.11367627904986932,-0.011676043272018433,0.3347545564174652,-0.1499358482775648,-0.006136596202850342,0.440911203622818,-0.15737663881158426,-0.0025703012943267822,0.5194845497608185,-0.1595340736327131,-0.0702035129070282,0.15432581305503845,-0.11360552833652093,-0.0594119131565094,0.2948213517665863,-0.14538695589875772,-0.051123619079589844,0.3790254294872284,-0.1551143892226179,-0.04452919960021973,0.44749531149864197,-0.15907963291978433
0.0,0.0,0.0,-0.027418434619903564,-0.01887860894203186,-0.007245066514798282,-0.061078399419784546,-0.013170957565307617,-0.007073479643651126,-0.08404102921485901,0.002237975597381592,-0.0060018938357018214,-0.10075202584266663,0.015043318271636963,-0.004841009559669374,-0.059716880321502686,0.007064163684844971,-0.005406383829750894,-0.08472108840942383,0.019755244255065918,-0.01038092601541507,-0.10103428363800049,0.02567291259765625,-0.013247020947375177,-0.11443933844566345,0.028622329235076904,-0.015154236401059507,-0.05393272638320923,0.024466753005981445,-0.00413754576314318,-0.07783770561218262,0.0341874361038208,-0.0086373579079293,-0.09564334154129028,0.03500723838806152,-0.012081718477048753,-0.11102756857872009,0.03213983774185181,-0.014551886762120603,-0.04551467299461365,0.037546515464782715,-0.003880891422369359,-0.06549343466758728,0.04413139820098877,-0.009537274422683595,-0.08092138171195984,0.04261600971221924,-0.01345225464049804,-0.09380066394805908,0.03810912370681763,-0.015539342010953305,-0.03562110662460327,0.0488361120223999,-0.004173037535139201,-0.05137735605239868,0.05821496248245239,-0.010051220128872274,-0.06435328722000122,0.058074891567230225,-0.013601315612532971,-0.07545849680900574,0.05479985475540161,-0.015574165093340753
0.0,0.0,0.0,-0.01992201805114746,0.021261394023895264,-0.003575730136482491,-0.026619285345077515,0.059306591749191284,-0.008364603155179395,-0.029595285654067993,0.09063836932182312,-0.012328275711162462,-0.03331911563873291,0.11247804760932922,-0.01722646155290164,-0.018908321857452393,0.06933978199958801,-0.0217452219211296,-0.018752753734588623,0.12123700976371765,-0.0310988521658615,-0.018299877643585205,0.1501288115978241,-0.03494748123817004,-0.0176849365234375,0.17285582423210144,-0.03708108165196933,-0.0039861202239990234,0.06917598843574524,-0.025136186041756048,-0.0028971433639526367,0.13053539395332336,-0.03524163761071719,-0.0025263428688049316,0.16843697428703308,-0.04009202145866908,-0.0030666589736938477,0.19561037421226501,-0.043385174357219114,0.011983871459960938,0.06831082701683044,-0.027733581372423544,0.013384580612182617,0.1288910210132599,-0.03758038231067218,0.013606905937194824,0.16713061928749084,-0.042675998293681516,0.013541162014007568,0.19419202208518982,-0.045299835734887495,0.02722996473312378,0.0673992931842804,-0.029738335170669927,0.026884377002716064,0.11715969443321228,-0.039265878730340376,0.0250856876373291,0.14853093028068542,-0.04370784782700099,0.022950410842895508,0.17317363619804382,-0.04582150303654231
0.0,0.0,0.0,-0.026773810386657715,0.016887426376342773,-0.005973945192351948,-0.039527714252471924,0.05313509702682495,-0.012918121467635046,-0.044039517641067505,0.08250170946121216,-0.018599557976529013,-0.048026710748672485,0.1013495922088623,-0.0259424590573758,-0.031592100858688354,0.06603741645812988,-0.02651872793893517,-0.028832733631134033,0.11697149276733398,-0.03732738579373063,-0.026974618434906006,0.1465592384338379,-0.04359988803724946,-0.025830447673797607,0.1712799072265625,-0.04793536971072854,-0.01237475872039795,0.06443989276885986,-0.029441329936787497,-0.010149061679840088,0.12521660327911377,-0.0402484268949479,-0.008853733539581299,0.1632280945777893,-0.04700108180503548,-0.008882343769073486,0.19160330295562744,-0.052710282902523886,0.006847083568572998,0.06254738569259644,-0.03133019367913903,0.007326364517211914,0.12058776617050171,-0.04149512882094086,0.007309675216674805,0.15615051984786987,-0.04634857485751809,0.006788074970245361,0.18215841054916382,-0.04965444217185677,0.024587929248809814,0.060313522815704346,-0.032807010512158286,0.024867773056030273,0.10587477684020996,-0.04170359606604279,0.023920118808746338,0.13242053985595703,-0.04427088360051812,0.0231325626373291,0.15312409400939941,-0.04571430693130196
0.0,0.0,0.0,-0.026427924633026123,0.021791160106658936,-0.003914575172394796,-0.044068992137908936,0.05742698907852173,-0.00975790907236962,-0.055409759283065796,0.08498191833496094,-0.01476133902165322,-0.06501373648643494,0.09804999828338623,-0.021663971325189157,-0.032987505197525024,0.06249874830245972,-0.0247916803562942,-0.02987605333328247,0.11346590518951416,-0.03483867653253703,-0.02756321430206299,0.14410996437072754,-0.040334049692184015,-0.026570558547973633,0.16963320970535278,-0.04444320135358004,-0.015382111072540283,0.05951112508773804,-0.02895265266838698,-0.010792911052703857,0.12267601490020752,-0.03923872493746905,-0.009009361267089844,0.16304481029510498,-0.046031728466779276,-0.008424520492553711,0.19265317916870117,-0.052383143534690424,0.0022361278533935547,0.05897551774978638,-0.03197618954423098,0.005033731460571289,0.12125402688980103,-0.04206159346345095,0.005400657653808594,0.1593247652053833,-0.047281328668624445,0.00488734245300293,0.18688273429870605,-0.051368240346938654,0.01890265941619873,0.060041069984436035,-0.03442370154503016,0.019783377647399902,0.1086733341217041,-0.043253783216506525,0.01818627119064331,0.1372862458229065,-0.04648536824229388,0.01581132411956787,0.16046345233917236,-0.049001354804069086
0.0,0.0,0.0,-0.023371726274490356,0.000980079174041748,-0.01015287239204099,-0.04267174005508423,0.029222160577774048,-0.028983304017287992,-0.05878981947898865,0.06077682971954346,-0.04786983106384923,-0.07571178674697876,0.08282876014709473,-0.06909326065431287,-0.018082141876220703,0.0350208580493927,-0.04654033083568265,-0.009760260581970215,0.09144020080566406,-0.0676186491931503,-0.007822513580322266,0.12077176570892334,-0.08158308614144971,-0.006581366062164307,0.14155244827270508,-0.0894127969826286,-0.0020515918731689453,0.04213562607765198,-0.05075360808621099,0.0009816884994506836,0.09818440675735474,-0.06697631228814771,-0.0008927583694458008,0.1290140151977539,-0.0700310056294029,-0.0006265044212341309,0.1494063138961792,-0.07281881172309568,0.012240111827850342,0.04725462198257446,-0.053508043029410146,0.012865722179412842,0.10095638036727905,-0.06695714194427183,0.009099185466766357,0.12907379865646362,-0.06257958311687162,0.007000088691711426,0.14687448740005493,-0.058865379282337926,0.024682819843292236,0.05234551429748535,-0.05719559613714864,0.02514582872390747,0.09876567125320435,-0.06395658452163389,0.02002471685409546,0.11978471279144287,-0.056679285802943014,0.01726818084716797,0.13259541988372803,-0.05129366342077901
0.0,0.0,0.0,-0.030416905879974365,-0.007812201976776123,0.0008826348914769966,-0.05845487117767334,-0.00029984116554260254,0.0008788295656447787,-0.07659286260604858,0.014828652143478394,0.00029087069402500276,-0.08958679437637329,0.025002390146255493,-0.00072730350233563,-0.06073799729347229,0.0045968592166900635,-0.004307487922906361,-0.08492711186408997,0.022763699293136597,-0.009575927107780657,-0.09896937012672424,0.031011074781417847,-0.013075920230894766,-0.11094692349433899,0.03532809019088745,-0.015827078781276427,-0.05434402823448181,0.014167994260787964,-0.008678329586237155,-0.07935339212417603,0.030714839696884155,-0.013917949459701262,-0.09606662392616272,0.03585752844810486,-0.018014753646403037,-0.1106560230255127,0.03664925694465637,-0.021455053649097167,-0.044815897941589355,0.024069994688034058,-0.013071571885793887,-0.06613802909851074,0.036659836769104004,-0.019641777909546576,-0.08310112357139587,0.038371503353118896,-0.024357758871465407,-0.09804335236549377,0.03700268268585205,-0.027863072640448294,-0.03342539072036743,0.03432318568229675,-0.01704820658937045,-0.04679647088050842,0.04740920662879944,-0.024601523242145262,-0.05821546912193298,0.052179932594299316,-0.028516685999184332,-0.06905117630958557,0.05487853288650513,-0.031232815644889556
0.0,0.0,0.0,0.023518800735473633,0.01824110746383667,-0.010272681868869427,0.03914362192153931,0.055031150579452515,-0.02610903341998494,0.04385495185852051,0.08682715892791748,-0.04253557246853745,0.04333925247192383,0.11272525787353516,-0.06173212748696244,0.025587022304534912,0.04525807499885559,-0.04528143924405015,0.024742424488067627,0.10929709672927856,-0.06772250232030785,0.023845255374908447,0.14553385972976685,-0.0824325933747474,0.023925185203552246,0.17016857862472534,-0.09023123529483712,0.0035284757614135742,0.04001930356025696,-0.04943638589908517,0.004917323589324951,0.110626220703125,-0.06684559133579171,0.00611722469329834,0.14961886405944824,-0.07014923092653191,0.007880032062530518,0.17690259218215942,-0.0727718278460685,-0.01379382610321045,0.03785496950149536,-0.052395942776698234,-0.010330677032470703,0.10434490442276001,-0.06850184795190728,-0.005667448043823242,0.1408213973045349,-0.06591178026725686,-0.0020909905433654785,0.16730564832687378,-0.062486021935242775,-0.027184128761291504,0.04013371467590332,-0.05628463548352158,-0.026280999183654785,0.09587633609771729,-0.06614506539632714,-0.020861923694610596,0.1259954571723938,-0.06114773374726212,-0.01686084270477295,0.14945095777511597,-0.05661297139455712
0.0,0.0,0.0,0.025056958198547363,0.01941019296646118,-0.003013265693880385,0.04466956853866577,0.05300632119178772,-0.01033485369043774,0.05126631259918213,0.08436381816864014,-0.016868743721715873,0.04963517189025879,0.109474778175354,-0.023588323641888564,0.04676854610443115,0.04835924506187439,-0.02811615136670298,0.04695761203765869,0.10750484466552734,-0.040674874235264724,0.04360002279281616,0.14104682207107544,-0.04580477406489081,0.03928971290588379,0.16724544763565063,-0.048169409532420104,0.02769327163696289,0.04616466164588928,-0.032828656632773345,0.029191911220550537,0.11304867267608643,-0.045133733798138564,0.02670547366142273,0.1516065001487732,-0.049393815595976776,0.02322101593017578,0.17971742153167725,-0.051658799548022216,0.006695419549942017,0.04688116908073425,-0.036259902317397064,0.00935402512550354,0.11025017499923706,-0.04620597292887396,0.007168322801589966,0.14687424898147583,-0.04909749855505652,0.005241274833679199,0.17313307523727417,-0.05033154939519591,-0.01280328631401062,0.04988628625869751,-0.03923959066378302,-0.012148648500442505,0.09845882654190063,-0.04673795555936522,-0.013391256332397461,0.12491405010223389,-0.04808110897647566,-0.01462295651435852,0.14581888914108276,-0.048334272254578536
0.0,0.0,0.0,0.030033409595489502,0.019992202520370483,-0.0017786008983193824,0.0484747588634491,0.05378749966621399,-0.010365061273546416,0.05175355076789856,0.0878455638885498,-0.018796286357314784,0.04790046811103821,0.11409533023834229,-0.028459048641593654,0.05293157696723938,0.053405821323394775,-0.030643160266549785,0.05062493681907654,0.10705900192260742,-0.04562681428876658,0.046439915895462036,0.14169979095458984,-0.05454221628394862,0.04247686266899109,0.16916847229003906,-0.060115678978831966,0.03420403599739075,0.04379695653915405,-0.03705944381442805,0.029084444046020508,0.10954433679580688,-0.050310044361026485,0.024892419576644897,0.15038102865219116,-0.054275031013162334,0.022162705659866333,0.18049001693725586,-0.05764407552567263,0.01369813084602356,0.03873199224472046,-0.04235389716711779,0.00909954309463501,0.10222125053405762,-0.05371414758053561,0.007622808218002319,0.14120173454284668,-0.05530025325504084,0.007094681262969971,0.1695399284362793,-0.05605016536799212,-0.005877763032913208,0.03708571195602417,-0.047397187722594936,-0.00784727931022644,0.08685696125030518,-0.054584904385478694,-0.007450968027114868,0.11790263652801514,-0.05414676554289599,-0.0068041980266571045,0.14188683032989502,-0.053653097523124416
0.0,0.0,0.0,0.021417468786239624,0.0224665105342865,-0.008548378744137608,0.033380329608917236,0.054800987243652344,-0.017355547086310708,0.03402352333068848,0.08261919021606445,-0.024414214105320298,0.03292393684387207,0.10533982515335083,-0.031873495117736184,0.033598124980926514,0.05699148774147034,-0.03293123169333967,0.0368003249168396,0.11274063587188721,-0.04707404671700033,0.037102580070495605,0.1453036069869995,-0.051869411752534234,0.03466010093688965,0.1700446605682373,-0.05385987161190542,0.015647023916244507,0.05576825141906738,-0.034966979906869256,0.017487704753875732,0.1169964075088501,-0.05036715118677648,0.015610545873641968,0.15468406677246094,-0.055989914373469674,0.011924505233764648,0.18227070569992065,-0.05864764823110136,-0.002218961715698242,0.05508419871330261,-0.0365189097681764,0.0023106634616851807,0.11485159397125244,-0.05057530550749334,0.0013526380062103271,0.1516208052635193,-0.05658321528227361,-0.000647127628326416,0.17912566661834717,-0.05884505881459745,-0.019787311553955078,0.055808186531066895,-0.0378640971937898,-0.018441617488861084,0.10229229927062988,-0.04949926658065351,-0.018508076667785645,0.13138407468795776,-0.05388834773094686,-0.019008517265319824,0.1549990177154541,-0.05561100392134222
0.0,0.0,0.0,0.020443260669708252,0.026013821363449097,-0.007238709548625266,0.030025184154510498,0.06023558974266052,-0.014898594649645602,0.029026567935943604,0.08867421746253967,-0.02098896372518233,0.026437699794769287,0.11141601204872131,-0.027764888661119258,0.02996683120727539,0.05705884099006653,-0.03291092272302798,0.03353393077850342,0.11393371224403381,-0.04668245668909243,0.03444486856460571,0.1470341980457306,-0.051057027833673274,0.032277047634124756,0.1721142828464508,-0.052928937779876506,0.012211769819259644,0.05470240116119385,-0.03564238752624682,0.016754955053329468,0.11750444769859314,-0.051020963298293864,0.01744195818901062,0.15637025237083435,-0.0568698367049425,0.015672296285629272,0.1845155656337738,-0.05991817842623881,-0.005852878093719482,0.052673518657684326,-0.03765477816960505,-0.0014820992946624756,0.11287829279899597,-0.052567450510474956,-0.0018227994441986084,0.15008947253227234,-0.05958818103573016,-0.0033357739448547363,0.17763754725456238,-0.06252070348164729,-0.024130672216415405,0.052084386348724365,-0.039176462398978984,-0.023804038763046265,0.09874865412712097,-0.05202638562223605,-0.024142682552337646,0.1278494894504547,-0.057275975303861415,-0.025048822164535522,0.1515667736530304,-0.05964148993990115
0.0,0.0,0.0,0.022277861833572388,0.0234469473361969,-0.007555851459251528,0.03620019555091858,0.060191065073013306,-0.015161685857670193,0.037913888692855835,0.09110668301582336,-0.021401527549819832,0.036762624979019165,0.11505940556526184,-0.027789316352205162,0.034155458211898804,0.05522659420967102,-0.02832914258141983,0.036305636167526245,0.1124277412891388,-0.040987652938561325,0.03543463349342346,0.14599290490150452,-0.04516203815837372,0.03237691521644592,0.17155608534812927,-0.04681586588521469,0.01642066240310669,0.054084450006484985,-0.031065973665313606,0.018507331609725952,0.11697569489479065,-0.04399088511963356,0.01676955819129944,0.15667250752449036,-0.04899911324282158,0.013025134801864624,0.18658563494682312,-0.05158792550464142,-0.0015874803066253662,0.05414700508117676,-0.03347404788036812,0.002095937728881836,0.11571374535560608,-0.04595800603528488,0.0006954669952392578,0.15384438633918762,-0.05185984934468735,-0.0009585320949554443,0.18292662501335144,-0.05436251054306496,-0.019791901111602783,0.05553123354911804,-0.03568242232103813,-0.01954755187034607,0.10146757960319519,-0.04610318432350624,-0.02089381217956543,0.12981387972831726,-0.05002888033886421,-0.02184009552001953,0.15310010313987732,-0.051744298290209656
0.0,0.0,0.0,-0.02871003746986389,0.010761469602584839,-0.008486910032338812,-0.05513247847557068,0.04024609923362732,-0.013002216125137522,-0.07630205154418945,0.06700992584228516,-0.015400027165419772,-0.09410721063613892,0.07938683032989502,-0.01901360345841141,-0.03343340754508972,0.05616477131843567,-0.02098845062614174,-0.03301718831062317,0.09898293018341064,-0.027716935852772906,-0.03241947293281555,0.12438488006591797,-0.032253424877531245,-0.03378647565841675,0.14603060483932495,-0.03624851932585926,-0.017942488193511963,0.05676698684692383,-0.02042995696724148,-0.010751932859420776,0.11045098304748535,-0.026904472390420153,-0.009394615888595581,0.14474713802337646,-0.03344231774867268,-0.008938312530517578,0.17187511920928955,-0.04043875565589161,-0.00534290075302124,0.055077314376831055,-0.019437148476249888,-0.002947986125946045,0.10504847764968872,-0.027103315348036006,-0.004567533731460571,0.13678067922592163,-0.03362896224320622,-0.005409449338912964,0.16096502542495728,-0.03932629829109402,0.0022384226322174072,0.0512736439704895,-0.01832773281098099,-0.0033551454544067383,0.08285611867904663,-0.025461542660600855,-0.008880048990249634,0.10386514663696289,-0.029467066059119418,-0.013392865657806396,0.1224285364151001,-0.03321718728006573
0.0,0.0,0.0,-0.02286401391029358,0.02361944317817688,-0.0056519174563067764,-0.045383572578430176,0.052971601486206055,-0.011503330579616389,-0.06446626782417297,0.07636299729347229,-0.016055584101595244,-0.08055400848388672,0.08940312266349792,-0.02173542618624147,-0.024566471576690674,0.05540645122528076,-0.026373433096923193,-0.02646121382713318,0.10327085852622986,-0.03584859907499727,-0.027193427085876465,0.13233253359794617,-0.03981826841703828,-0.028238028287887573,0.15644016861915588,-0.04263841748110231,-0.011242330074310303,0.052392661571502686,-0.029414123071946463,-0.005017280578613281,0.11465296149253845,-0.03994577020279344,-0.003786146640777588,0.15376022458076477,-0.04605541020504411,-0.00315701961517334,0.18340584635734558,-0.05148042008153375,0.0010197758674621582,0.05087858438491821,-0.031520899532951674,0.007519543170928955,0.11296424269676208,-0.04273682474962648,0.008739501237869263,0.15129432082176208,-0.048589401094831786,0.008967161178588867,0.18096408247947693,-0.052749727069057784,0.010248512029647827,0.0506628155708313,-0.0331193694459575,0.009652197360992432,0.09532204270362854,-0.04257749780885156,0.006857752799987793,0.12381109595298767,-0.046438999621786436,0.003981590270996094,0.1486208736896515,-0.04937038212887224
0.0,0.0,0.0,-0.01691216230392456,0.008420348167419434,-0.020298762988403496,-0.03590741753578186,0.023396074771881104,-0.03820484578247374,-0.05462607741355896,0.04567307233810425,-0.052924987670138535,-0.07313463091850281,0.06460624933242798,-0.06987123265500372,-0.014040499925613403,0.022776633501052856,-0.0609679080509693,-0.028520822525024414,0.05106478929519653,-0.0832450024747402,-0.044806599617004395,0.06357836723327637,-0.09705811068053549,-0.05989941954612732,0.07665854692459106,-0.10697819366689032,0.009594053030014038,0.026738464832305908,-0.06231970786686247,0.006221503019332886,0.07197529077529907,-0.08949347659583395,0.005480587482452393,0.10385572910308838,-0.10237309410806006,0.0009183287620544434,0.12468290328979492,-0.1127935282849819,0.029020041227340698,0.028190970420837402,-0.062280223514989075,0.0291825532913208,0.07172244787216187,-0.09100924506421393,0.02591913938522339,0.10288387537002563,-0.10046091004844016,0.020545482635498047,0.1278092861175537,-0.10600113197799033,0.042993128299713135,0.03172937035560608,-0.06248757689829176,0.04975855350494385,0.0564042329788208,-0.08743518665070837,0.050869762897491455,0.07945489883422852,-0.09463463797803229,0.048698484897613525,0.09983265399932861,-0.09947414770360297
0.0,0.0,0.0,0.026979506015777588,0.02602231502532959,-0.021220996651891255,0.05171769857406616,0.0615900456905365,-0.04610634376490452,0.06548535823822021,0.09058594703674316,-0.06683290158593991,0.07490354776382446,0.11279135942459106,-0.09128146772468426,0.03950768709182739,0.047063231468200684,-0.07604096238696911,0.03653693199157715,0.12824216485023499,-0.09726590817058423,0.031465768814086914,0.17031461000442505,-0.10920426403367856,0.028622984886169434,0.19849079847335815,-0.11611288194740155,0.014412462711334229,0.042142242193222046,-0.07426716541135647,0.013850033283233643,0.12658044695854187,-0.0904051006325517,0.012923479080200195,0.17233824729919434,-0.09477915023649075,0.012056589126586914,0.2023676037788391,-0.10092727248752453,-0.008037745952606201,0.04159465432167053,-0.06896916930759289,-0.008158385753631592,0.1227344274520874,-0.08267852817857602,-0.00357663631439209,0.164101243019104,-0.08160033230865338,-0.0011120438575744629,0.19060778617858887,-0.08269756441200116,-0.02720719575881958,0.04623335599899292,-0.06461658482635357,-0.027317345142364502,0.11169803142547607,-0.0744933203347955,-0.02308925986289978,0.14875805377960205,-0.069741533745173,-0.021824181079864502,0.17505672574043274,-0.06708707814300396
0.0,0.0,0.0,0.031009018421173096,0.019999444484710693,-0.012382661179344723,0.058825671672821045,0.05572044849395752,-0.035712859780232975,0.07389616966247559,0.0916019082069397,-0.05677018985215909,0.08375179767608643,0.12179544568061829,-0.08336954861943013,0.05305075645446777,0.05598384141921997,-0.07536139637295491,0.05138486623764038,0.13602128624916077,-0.0948321327573467,0.048983216285705566,0.18081903457641602,-0.1042262047535587,0.04559886455535889,0.21127694845199585,-0.10949264019791372,0.029086410999298096,0.0547792911529541,-0.07754399180475957,0.029406845569610596,0.13775968551635742,-0.09111921787325628,0.029169917106628418,0.187788724899292,-0.09332349449459798,0.027043402194976807,0.22184878587722778,-0.09953008145157582,0.00335848331451416,0.05643218755722046,-0.07521850168768651,0.004352271556854248,0.13639479875564575,-0.08498339653078801,0.009927451610565186,0.17883318662643433,-0.0843466773635555,0.012145280838012695,0.20799753069877625,-0.08792019933525808,-0.02128666639328003,0.061024218797683716,-0.07293977886502034,-0.018790513277053833,0.12608975172042847,-0.07791707962815053,-0.014409393072128296,0.16305536031723022,-0.07249193191591985,-0.013532429933547974,0.19150525331497192,-0.07167788147989995
0.0,0.0,0.0,0.03063914179801941,0.016355454921722412,-0.009802268210449938,0.05973127484321594,0.0533120334148407,-0.03341695978085113,0.07551994919776917,0.092335045337677,-0.05610683127085281,0.08210316300392151,0.12776139378547668,-0.08452760367433143,0.06205722689628601,0.056362688541412354,-0.07141058086196495,0.06437131762504578,0.13661399483680725,-0.09260294525662971,0.0612013041973114,0.18006029725074768,-0.10303685753385139,0.056103020906448364,0.21013954281806946,-0.10905697881023002,0.04128482937812805,0.05233791470527649,-0.0764519044641645,0.0413648784160614,0.1399323046207428,-0.09097322760860038,0.04103317856788635,0.1881926953792572,-0.09509640126267982,0.03843018412590027,0.21787872910499573,-0.10329869328776908,0.01405385136604309,0.05254465341567993,-0.07750049172679496,0.012734562158584595,0.1342877745628357,-0.08780794529954505,0.01510801911354065,0.17486628890037537,-0.09080108939448905,0.015116840600967407,0.20226863026618958,-0.09753338931838584,-0.013232886791229248,0.053769588470458984,-0.07831208347121787,-0.01185724139213562,0.12313953042030334,-0.08403370468656135,-0.010361462831497192,0.15943357348442078,-0.08195059685746742,-0.01056787371635437,0.1853848397731781,-0.08410928337613655
0.0,0.0,0.0,0.03852894902229309,0.025079071521759033,-0.010669032012913249,0.06283643841743469,0.06201982498168945,-0.024425668543074153,0.07210811972618103,0.09750837087631226,-0.037315171113107226,0.07386794686317444,0.12123450636863708,-0.05161250000247719,0.06381157040596008,0.04665657877922058,-0.03827238818058731,0.06089338660240173,0.12085604667663574,-0.05909231667766335,0.056855350732803345,0.16640537977218628,-0.07302715619454148,0.05146625638008118,0.20165538787841797,-0.08190369596132996,0.03486892580986023,0.0358196496963501,-0.044140845438334964,0.03445616364479065,0.12314438819885254,-0.06546688069948914,0.03250405192375183,0.17613154649734497,-0.07467495640167954,0.030019015073776245,0.21568280458450317,-0.0808391197527385,0.007037848234176636,0.03404250741004944,-0.049757625808808825,0.006760597229003906,0.1133263111114502,-0.06862798323282959,0.00811457633972168,0.16254079341888428,-0.07232318808684113,0.009207427501678467,0.1992340087890625,-0.07333540161499741,-0.016852349042892456,0.03712046146392822,-0.055867951264474414,-0.020625174045562744,0.08728498220443726,-0.06827811886915924,-0.017142534255981445,0.1192970871925354,-0.06850482513556244,-0.014352589845657349,0.14500993490219116,-0.06783921261677506
0.0,0.0,0.0,0.02643507719039917,0.012561142444610596,-0.014990719375362005,0.04892963171005249,0.036448657512664795,-0.03448662847762307,0.06120932102203369,0.061192065477371216,-0.052722930316974725,0.06962788105010986,0.08260497450828552,-0.07388607725982865,0.041695237159729004,0.016084939241409302,-0.05463003308062753,0.042951762676239014,0.08536207675933838,-0.07832513317947587,0.0411301851272583,0.12780731916427612,-0.09356661454324922,0.038819968700408936,0.16106265783309937,-0.10114842221622666,0.014540791511535645,0.013833612203598022,-0.05551046446447572,0.018784642219543457,0.09678339958190918,-0.07495063856725892,0.017630577087402344,0.14659792184829712,-0.08279574975853166,0.01659715175628662,0.18358570337295532,-0.08894932583456239,-0.009697377681732178,0.01653289794921875,-0.05468130052571496,-0.005946636199951172,0.09567609429359436,-0.07211719766740998,-0.0034294724464416504,0.14108771085739136,-0.07570156023388108,-0.0010938048362731934,0.175001859664917,-0.07709139153843125,-0.03257995843887329,0.023304224014282227,-0.054602909241964426,-0.029658019542694092,0.08136627078056335,-0.0652829141963025,-0.024115145206451416,0.11698079109191895,-0.06330578342561921,-0.021106183528900146,0.14577597379684448,-0.061365994964887705
0.0,0.0,0.0,0.009540021419525146,-0.022019922733306885,-0.018124886771914817,0.008640646934509277,-0.031597256660461426,-0.032753054967400885,-0.0015839338302612305,-0.01847955584526062,-0.04464586915659652,-0.005881369113922119,0.0036097168922424316,-0.05801287384915099,-0.016617119312286377,-0.05344581604003906,-0.04572964551138625,-0.02208167314529419,0.006893366575241089,-0.06678402142810569,-0.021585941314697266,0.05064207315444946,-0.0778308631687139,-0.02292722463607788,0.08433681726455688,-0.08192244636106238,-0.03447866439819336,-0.049623727798461914,-0.041989539733407355,-0.03345221281051636,0.022792339324951172,-0.06058556305455909,-0.029131948947906494,0.06992405652999878,-0.06764101701068626,-0.02496659755706787,0.10512322187423706,-0.07087762372779594,-0.04792886972427368,-0.03917372226715088,-0.03755188452291236,-0.04243248701095581,0.02947896718978882,-0.05425002144860969,-0.03347480297088623,0.07022565603256226,-0.05780224221038566,-0.025425851345062256,0.10364538431167603,-0.05735847445416198,-0.05906480550765991,-0.02445259690284729,-0.03387965725946174,-0.05819559097290039,0.025386452674865723,-0.044092831185338355,-0.05055898427963257,0.05709946155548096,-0.04288686158346877,-0.04463362693786621,0.0845528244972229,-0.03966773765372977
0.0,0.0,0.0,0.027263641357421875,0.010359376668930054,-0.013583859125390063,0.04799461364746094,0.030744820833206177,-0.03014143619151355,0.05593562126159668,0.05384364724159241,-0.044923142226650725,0.05812448263168335,0.07296040654182434,-0.0628694711944604,0.03657042980194092,0.02440813183784485,-0.050504349800064574,0.03842264413833618,0.09438017010688782,-0.07121899414272548,0.038018643856048584,0.13428953289985657,-0.08494999695034267,0.03813004493713379,0.16239139437675476,-0.09187429833622218,0.011751413345336914,0.02265182137489319,-0.05025661799521686,0.01738518476486206,0.09924259781837463,-0.06706062394590617,0.018882155418395996,0.1425916850566864,-0.07415182578773738,0.020051658153533936,0.17267194390296936,-0.07991879123659373,-0.009569764137268066,0.022530585527420044,-0.04805840242119075,-0.005185306072235107,0.09236142039299011,-0.062447623046352874,-0.0014046430587768555,0.13197287917137146,-0.06491563904495479,0.003107726573944092,0.1590128242969513,-0.0657364248058343,-0.028683602809906006,0.024726420640945435,-0.04647001314373256,-0.02893620729446411,0.07394614815711975,-0.05428965079994441,-0.027801573276519775,0.10233256220817566,-0.05192257899255992,-0.027236104011535645,0.12345358729362488,-0.049879607441141616
0.0,0.0,0.0,0.02707761526107788,0.01550281047821045,-0.014510885142954066,0.04653829336166382,0.04535949230194092,-0.034668159001739696,0.05513632297515869,0.07446622848510742,-0.051922027283580974,0.05981260538101196,0.09908151626586914,-0.0725080224510748,0.03943890333175659,0.03535860776901245,-0.06458775725332089,0.03867363929748535,0.10483968257904053,-0.0847802015778143,0.03513658046722412,0.1462840437889099,-0.09533470150199719,0.03205937147140503,0.173892080783844,-0.10114661630359478,0.012473464012145996,0.031962037086486816,-0.06476315882173367,0.01488196849822998,0.11064475774765015,-0.08109018977847882,0.014203011989593506,0.15434366464614868,-0.08483865883317776,0.013605833053588867,0.1822831630706787,-0.08961244698730297,-0.011941850185394287,0.031393349170684814,-0.06188544657197781,-0.007166087627410889,0.10575807094573975,-0.07498253163066693,-0.002950429916381836,0.14447104930877686,-0.07484661813941784,-0.0001080632209777832,0.16955697536468506,-0.07580388363567181,-0.03238552808761597,0.03425300121307373,-0.05951079752412625,-0.02786707878112793,0.09173768758773804,-0.06799773898092099,-0.023409664630889893,0.12512630224227905,-0.06478776063886471,-0.021310746669769287,0.14771848917007446,-0.06292253013816662
0.0,0.0,0.0,0.03359323740005493,0.011498093605041504,-0.015616096289960524,0.06030231714248657,0.048107028007507324,-0.0392060677652637,0.07202094793319702,0.09318995475769043,-0.0597971852069179,0.07954591512680054,0.1304449439048767,-0.08451824888041415,0.05182301998138428,0.05340009927749634,-0.07619855805685916,0.05478346347808838,0.13422679901123047,-0.10028463109782138,0.05413931608200073,0.18545836210250854,-0.11156730606606402,0.05175989866256714,0.22101259231567383,-0.11721647783568301,0.01992332935333252,0.0550992488861084,-0.07661772772124209,0.02574080228805542,0.14981144666671753,-0.09602981313517489,0.02632153034210205,0.2013847827911377,-0.09960769369652667,0.025159597396850586,0.23240673542022705,-0.10475413754036822,-0.008522868156433105,0.059014320373535156,-0.07330474510243334,-0.0014316439628601074,0.1470664143562317,-0.09009305640509524,0.0035166144371032715,0.19040614366531372,-0.0899383749013225,0.0061356425285339355,0.21728157997131348,-0.09084912642290988,-0.03116697072982788,0.06343990564346313,-0.0701031859164516,-0.02463310956954956,0.13100212812423706,-0.08159949883273043,-0.017960786819458008,0.16868895292282104,-0.07767380281737246,-0.014022886753082275,0.19420135021209717,-0.07527002944996752
0.0,0.0,0.0,0.036187827587127686,0.011336445808410645,-0.01684678265388584,0.06610143184661865,0.04501217603683472,-0.039110793858128545,0.07573282718658447,0.0857575535774231,-0.05898242735798931,0.07895469665527344,0.12235558032989502,-0.08203495213325596,0.054296255111694336,0.04592937231063843,-0.06997052499588108,0.05703437328338623,0.12355619668960571,-0.09624915489490604,0.0576779842376709,0.17015671730041504,-0.10907357850607013,0.05876129865646362,0.20533794164657593,-0.11468192854459858,0.021594107151031494,0.04816192388534546,-0.07080120512779331,0.028092503547668457,0.1405477523803711,-0.09321643331583118,0.03113943338394165,0.19009244441986084,-0.09696341970499134,0.033686935901641846,0.2236233353614807,-0.10000487336452579,-0.00746685266494751,0.05419951677322388,-0.06900661358173465,0.0017764568328857422,0.14349496364593506,-0.08976894536550617,0.00800102949142456,0.18695634603500366,-0.08830012300546741,0.012634038925170898,0.2155572772026062,-0.08572517254884815,-0.03135693073272705,0.06221044063568115,-0.06771077135141468,-0.023441791534423828,0.13089215755462646,-0.08184699633653736,-0.01651710271835327,0.1702362298965454,-0.07728980401094532,-0.012196958065032959,0.19856780767440796,-0.07269948640401935
0.0,0.0,0.0,0.03166073560714722,0.006589293479919434,-0.017173340757096867,0.0568469762802124,0.03252053260803223,-0.03691901101609574,0.06413370370864868,0.07295984029769897,-0.054089149673188786,0.06764644384384155,0.11446213722229004,-0.07429447232624398,0.041158318519592285,0.04723763465881348,-0.05761721937795983,0.04503375291824341,0.12156081199645996,-0.07957838683267937,0.04416853189468384,0.16040760278701782,-0.09169763534208641,0.04294973611831665,0.18245506286621094,-0.0975301733507763,0.012869298458099365,0.05160176753997803,-0.055608226199353794,0.018164455890655518,0.1282486915588379,-0.07355019657751427,0.018449246883392334,0.16595405340194702,-0.07886968760629998,0.01739025115966797,0.18700295686721802,-0.08330591975590096,-0.012067615985870361,0.05301058292388916,-0.05152486099740372,-0.005454301834106445,0.12096381187438965,-0.0665880089892994,-0.0031207799911499023,0.1512373685836792,-0.06783537029167519,-0.0014715790748596191,0.16912692785263062,-0.06769658832689629,-0.032485246658325195,0.0515708327293396,-0.04821123390337334,-0.029644787311553955,0.10264486074447632,-0.056127412457669834,-0.027861475944519043,0.12537336349487305,-0.05327557979961739,-0.02693551778793335,0.13932788372039795,-0.05086338727613793
0.0,0.0,0.0,0.01744025945663452,-0.0037694573402404785,-0.01086821567545826,0.024844348430633545,0.017788052558898926,-0.027482592242762394,0.01780790090560913,0.05866372585296631,-0.04257925480882818,0.014607012271881104,0.10374194383621216,-0.061985402110025234,0.01697862148284912,0.030446171760559082,-0.05549156546871359,0.012928664684295654,0.10560858249664307,-0.07259654134790594,0.014546692371368408,0.15548795461654663,-0.07956584424059088,0.013238966464996338,0.188349187374115,-0.08267618596832449,0.0013590455055236816,0.03446316719055176,-0.0572576734451502,-0.004436790943145752,0.11734557151794434,-0.07140856117288763,-0.0027376413345336914,0.17277562618255615,-0.07743738472740347,-0.001785874366760254,0.207172691822052,-0.08367263406793768,-0.01422196626663208,0.03641796112060547,-0.055758773091241665,-0.022886276245117188,0.11200368404388428,-0.06921247273962194,-0.023346781730651855,0.16066092252731323,-0.0744409996298998,-0.02137470245361328,0.19273555278778076,-0.07901361465732748,-0.026724517345428467,0.03564220666885376,-0.05360294014494116,-0.03442955017089844,0.09481364488601685,-0.0631756547121256,-0.03489696979522705,0.13365942239761353,-0.062038778069421596,-0.034521520137786865,0.16095399856567383,-0.061955219808027095
0.0,0.0,0.0,0.03455376625061035,0.013185322284698486,-0.021607778614736617,0.05983549356460571,0.03831338882446289,-0.044161989933229506,0.06924480199813843,0.07233577966690063,-0.06231797451374632,0.07789134979248047,0.10479867458343506,-0.08369972521660429,0.04706907272338867,0.034709155559539795,-0.07750337535736662,0.052012622356414795,0.11592859029769897,-0.10052803123591048,0.051596879959106445,0.17039626836776733,-0.1104134839236508,0.05030888319015503,0.20786309242248535,-0.11472728068230253,0.015697956085205078,0.03600507974624634,-0.07416772062180144,0.024477362632751465,0.12677001953125,-0.09211803937552077,0.026866495609283447,0.18402481079101562,-0.09530980849859816,0.02785968780517578,0.22102856636047363,-0.09981598669884306,-0.012340366840362549,0.03944665193557739,-0.0678479891478787,-0.003052651882171631,0.12393075227737427,-0.08406041527388197,0.0044075846672058105,0.17091119289398193,-0.08484719658491713,0.010504662990570068,0.20466822385787964,-0.08586633170244795,-0.03609645366668701,0.04389476776123047,-0.06222433561680418,-0.029942214488983154,0.10537219047546387,-0.07314664835331541,-0.02258247137069702,0.14441817998886108,-0.07027380133268935,-0.018028676509857178,0.17454195022583008,-0.0684888806402455
0.0,0.0,0.0,0.034409165382385254,0.010058760643005371,-0.014488778083546094,0.06132376194000244,0.044938743114471436,-0.035870393744630746,0.07243865728378296,0.09001433849334717,-0.055264318368358545,0.07707005739212036,0.12974786758422852,-0.07869712077729218,0.04931086301803589,0.05317169427871704,-0.06514657103173249,0.05263066291809082,0.12550228834152222,-0.08878176473729127,0.05141580104827881,0.16838598251342773,-0.10144075565688127,0.048583984375,0.19644969701766968,-0.10798553936831468,0.019477427005767822,0.055734336376190186,-0.06564902328602784,0.02222508192062378,0.14027845859527588,-0.08268004470221513,0.021840333938598633,0.18351984024047852,-0.08712737821690553,0.019625723361968994,0.20771992206573486,-0.09283596091620439,-0.007501363754272461,0.06054884195327759,-0.06320083700768464,-0.0030551552772521973,0.1378381848335266,-0.0783955287253093,-0.000601351261138916,0.17515116930007935,-0.07860186510436051,7.921457290649414e-05,0.1980142593383789,-0.07927539013974183,-0.02903050184249878,0.06419813632965088,-0.060989657423419885,-0.025387108325958252,0.12364232540130615,-0.07024320029370301,-0.02118682861328125,0.15377748012542725,-0.06611157023064607,-0.018789708614349365,0.17424935102462769,-0.06348367594830506
0.0,0.0,0.0,0.03222846984863281,0.00996309518814087,-0.016548944255163178,0.059164583683013916,0.04432988166809082,-0.04029935001378249,0.07315146923065186,0.08885371685028076,-0.06130870952253531,0.0813140869140625,0.1309993863105774,-0.08690239637141417,0.04951435327529907,0.04906052350997925,-0.07590709029679488,0.052163898944854736,0.1344902515411377,-0.09988937675004195,0.052084267139434814,0.1852206587791443,-0.11216372399573515,0.04986673593521118,0.21918833255767822,-0.11864921598677824,0.01932823657989502,0.05296427011489868,-0.07604310809617232,0.026964426040649414,0.14800292253494263,-0.0945799142027397,0.028042614459991455,0.1999131441116333,-0.09960302858596037,0.027815401554107666,0.233656644821167,-0.10607497542147826,-0.007760107517242432,0.05804038047790527,-0.07250339685921858,0.000576317310333252,0.14655053615570068,-0.0875434368753929,0.006851673126220703,0.19005203247070312,-0.08921193479542922,0.010941028594970703,0.21910518407821655,-0.0918541565442581,-0.029684364795684814,0.06204879283905029,-0.0693736165667076,-0.022976815700531006,0.12854909896850586,-0.07902188747172545,-0.01603609323501587,0.16619259119033813,-0.07586061357503127,-0.01171410083770752,0.19300055503845215,-0.07447576670890044
0.0,0.0,0.0,0.005376100540161133,-0.021298468112945557,-0.015093836888596002,0.0111122727394104,-0.04174381494522095,-0.02526217694573063,0.018828749656677246,-0.06491190195083618,-0.033806212201639596,0.023795008659362793,-0.08718740940093994,-0.042325995817705575,0.01685488224029541,-0.02070564031600952,-0.02551445919267792,0.013058841228485107,-0.024160563945770264,-0.03899586941294331,0.001042187213897705,-0.02699756622314453,-0.04802817101769108,-0.009972989559173584,-0.02714020013809204,-0.05269699911765713,0.013188719749450684,-0.007377982139587402,-0.022994751065894548,0.00019937753677368164,-0.013793349266052246,-0.037487216249033395,-0.017000436782836914,-0.0169905424118042,-0.044124931052252236,-0.030340194702148438,-0.017092585563659668,-0.04745538528256077,0.0118674635887146,0.004193723201751709,-0.02075509536258835,-0.003796517848968506,-0.004630982875823975,-0.0355028397887196,-0.020736634731292725,-0.010175526142120361,-0.03659894685439724,-0.034528136253356934,-0.012675702571868896,-0.03448117147378582,0.012671947479248047,0.011964917182922363,-0.019285881847068254,0.006469845771789551,0.005466341972351074,-0.029569290533586923,-0.0027585625648498535,0.002801060676574707,-0.0277814045100655,-0.010896265506744385,0.0006418228149414062,-0.02424223344020504
0.0,0.0,0.0,-0.007134199142456055,0.040541112422943115,-0.004916056982608552,-0.003365457057952881,0.07540500164031982,-0.012100141953112598,0.0023573637008666992,0.10429960489273071,-0.01890118000227403,0.004200160503387451,0.12916749715805054,-0.026819606769265647,-0.0031276941299438477,0.06502658128738403,-0.020789699155272956,0.00046437978744506836,0.11451894044876099,-0.03540034358519506,0.0023874640464782715,0.15300923585891724,-0.04472283785361242,0.0036469697952270508,0.18558138608932495,-0.05023207281845998,0.0077506303787231445,0.061090052127838135,-0.02388891716617536,0.010984539985656738,0.1150166392326355,-0.03707958896774244,0.0118788480758667,0.15699714422225952,-0.04432804648894262,0.011420369148254395,0.19397878646850586,-0.04943382506388616,0.019351840019226074,0.05327165126800537,-0.026758521321596618,0.023086071014404297,0.10142463445663452,-0.038316579061927314,0.021689295768737793,0.14297837018966675,-0.04306824271696996,0.018267512321472168,0.17817538976669312,-0.04591430117505979,0.031880080699920654,0.041810035705566406,-0.02949439500588369,0.03850048780441284,0.07492518424987793,-0.03837789734024,0.04075437784194946,0.10429364442825317,-0.041526538777532096,0.04121899604797363,0.130770742893219,-0.04371286695021581
0.0,0.0,0.0,-0.03353142738342285,0.014150470495223999,-0.011265991010574794,-0.06740683317184448,0.053826868534088135,-0.023926331416575408,-0.09515315294265747,0.08007597923278809,-0.03409907662948797,-0.12267756462097168,0.09133905172348022,-0.04746477374514768,-0.05741399526596069,0.07203412055969238,-0.04535935887774656,-0.05843085050582886,0.14444011449813843,-0.0637453689583225,-0.056951165199279785,0.19550126791000366,-0.07468367809137533,-0.055180490016937256,0.2355966567993164,-0.08224609935363958,-0.032244741916656494,0.07184064388275146,-0.04923275926789472,-0.03409487009048462,0.15314698219299316,-0.06636700475296209,-0.031684935092926025,0.21179848909378052,-0.07597241246780584,-0.030315816402435303,0.25657516717910767,-0.08423439854463766,-0.004864037036895752,0.0724521279335022,-0.05150811442813108,-0.006100356578826904,0.14644300937652588,-0.06611615860542486,-0.005282938480377197,0.1996593475341797,-0.06991046363195608,-0.006634533405303955,0.23790383338928223,-0.07288021290382574,0.022619128227233887,0.07547867298126221,-0.053557310939638114,0.02088022232055664,0.13437974452972412,-0.06569648230156133,0.01820427179336548,0.17435550689697266,-0.06654225730976293,0.01444309949874878,0.20585083961486816,-0.06663918936332891
0.0,0.0,0.0,-0.04144692420959473,0.025616496801376343,-0.006145531822614458,-0.07503533363342285,0.0698222815990448,-0.01512916856320956,-0.1039007306098938,0.09664639830589294,-0.022803273097299126,-0.13118749856948853,0.10777851939201355,-0.03311781589748719,-0.06403714418411255,0.09387049078941345,-0.029981492132566956,-0.05748319625854492,0.16883739829063416,-0.043761346534513024,-0.05284714698791504,0.2167523205280304,-0.05402934183242181,-0.05092775821685791,0.2544407546520233,-0.06206287075641015,-0.0376887321472168,0.08808633685112,-0.03484779228331902,-0.03299093246459961,0.16885629296302795,-0.048165392175935295,-0.031140625476837158,0.2230055034160614,-0.05880056326153138,-0.031261324882507324,0.2645803391933441,-0.068912249103807,-0.00855398178100586,0.08259734511375427,-0.03805936132433274,-0.00407564640045166,0.1557481586933136,-0.048899702773116616,-0.0010249614715576172,0.2011871635913849,-0.0520527475035415,-0.0015869140625,0.23241761326789856,-0.055394690529130486,0.019112706184387207,0.07826212048530579,-0.0409673452830539,0.02140069007873535,0.1363169252872467,-0.04923474793197968,0.02121812105178833,0.16822084784507751,-0.04841284458401063,0.018998682498931885,0.1926771104335785,-0.04801894356372216
0.0,0.0,0.0,-0.04042685031890869,0.01997077465057373,-0.010016345153673,-0.07598137855529785,0.059203386306762695,-0.020676699201686688,-0.10087037086486816,0.09123694896697998,-0.02916777573071272,-0.12600117921829224,0.11173558235168457,-0.040220646853668995,-0.061240434646606445,0.08898258209228516,-0.03463080778263361,-0.056882262229919434,0.16299891471862793,-0.05031156420253069,-0.05227231979370117,0.2119261622428894,-0.06103849663875849,-0.0494268536567688,0.2502185106277466,-0.06847567736647875,-0.03505629301071167,0.08431470394134521,-0.03764973088644297,-0.03108370304107666,0.16746193170547485,-0.05216812595270426,-0.028982341289520264,0.22403281927108765,-0.06259722142957003,-0.028512656688690186,0.2670978903770447,-0.07201531409762651,-0.007765829563140869,0.0809662938117981,-0.03943059846304209,-0.004347622394561768,0.15744143724441528,-0.051885238583309956,-0.0028095245361328125,0.20670175552368164,-0.05595441415451319,-0.00414586067199707,0.24125289916992188,-0.059345095153076954,0.019177377223968506,0.08145564794540405,-0.041068236078245945,0.020248830318450928,0.14160966873168945,-0.05082297205470354,0.018654942512512207,0.17771542072296143,-0.051159406746847935,0.01603454351425171,0.20550936460494995,-0.05121144905231745
0.0,0.0,0.0,-0.021812796592712402,0.03509551286697388,-0.011777034063499059,-0.03919309377670288,0.07713401317596436,-0.025230700184266652,-0.053471386432647705,0.11187386512756348,-0.03731838244632968,-0.07090121507644653,0.14098244905471802,-0.05185285214022883,-0.019311130046844482,0.08889591693878174,-0.031024670262496556,-0.017139673233032227,0.13867145776748657,-0.04764267060593852,-0.012845814228057861,0.17393410205841064,-0.05809140208796748,-0.010112226009368896,0.20387083292007446,-0.06525823849872836,0.0026208162307739258,0.07848519086837769,-0.03320342305735835,0.004979133605957031,0.13067322969436646,-0.04725318777994403,0.01073986291885376,0.16733574867248535,-0.05527921396927127,0.016682326793670654,0.20026540756225586,-0.06149565804437884,0.02126908302307129,0.0603598952293396,-0.03547744456366786,0.028781473636627197,0.10515576601028442,-0.04867634553150424,0.03462284803390503,0.13909107446670532,-0.05519060793952235,0.03990119695663452,0.17098784446716309,-0.060060165856640424,0.03586381673812866,0.03743046522140503,-0.037868484888832654,0.040577471256256104,0.05773746967315674,-0.04919989037946948,0.042231202125549316,0.07515281438827515,-0.05322959277467021,0.04338371753692627,0.0936899185180664,-0.056197825853388395
0.0,0.0,0.0,-0.04719454050064087,0.021029233932495117,-0.007410886884045453,-0.0724382996559143,0.07757449150085449,-0.015875285677921624,-0.08304506540298462,0.1295006275177002,-0.021079182811391206,-0.09671807289123535,0.16167891025543213,-0.02800845373452887,-0.060379624366760254,0.09111881256103516,-0.04901542719484553,-0.057310402393341064,0.17579436302185059,-0.06588985603333697,-0.05531024932861328,0.22282737493515015,-0.07060117851973757,-0.05327373743057251,0.25921690464019775,-0.0725278316068767,-0.026246249675750732,0.09235525131225586,-0.05132342334867701,-0.02670079469680786,0.18637937307357788,-0.07132991980792269,-0.028133809566497803,0.24102133512496948,-0.07690912317515597,-0.03006643056869507,0.2807382345199585,-0.07928595524312243,0.003946363925933838,0.09302979707717896,-0.051427999697935434,0.0002218484878540039,0.17991483211517334,-0.06777028571845278,-0.0029547810554504395,0.2329636812210083,-0.07497609984160647,-0.006224155426025391,0.2729431390762329,-0.07837860863686785,0.028136134147644043,0.09142923355102539,-0.05042785983563647,0.024235188961029053,0.1543460488319397,-0.06460724603415713,0.021548032760620117,0.191661536693573,-0.07131953369857058,0.018403053283691406,0.2214648723602295,-0.07455195318938479
0.0,0.0,0.0,-0.04982823133468628,0.02565586566925049,-0.012770548583887376,-0.07607191801071167,0.08458811044692993,-0.024184891143761433,-0.08750593662261963,0.13897794485092163,-0.03082608350547389,-0.10364001989364624,0.17293381690979004,-0.038064164230547703,-0.05804163217544556,0.09661221504211426,-0.058391993055067815,-0.05676239728927612,0.1844947338104248,-0.07658451155754165,-0.056345224380493164,0.23329663276672363,-0.08098004863592223,-0.05480468273162842,0.271199107170105,-0.08280456916423873,-0.022114276885986328,0.09997314214706421,-0.057092812964640416,-0.02657926082611084,0.19741278886795044,-0.07595425949426726,-0.03034263849258423,0.25302654504776,-0.07952001051040725,-0.03363192081451416,0.29578495025634766,-0.08134187118145064,0.007495880126953125,0.10252499580383301,-0.05352282629343108,0.0025322437286376953,0.19441282749176025,-0.0679072152170761,-0.003141343593597412,0.2460862398147583,-0.07384067133995131,-0.008629560470581055,0.28580963611602783,-0.07757574425073699,0.02914118766784668,0.10311859846115112,-0.04966039688321189,0.02549147605895996,0.1685362458229065,-0.061574102500401295,0.021231651306152344,0.20544546842575073,-0.06800325320097045,0.016910314559936523,0.23676687479019165,-0.07223481790157393
0.0,0.0,0.0,-0.04478943347930908,0.02070242166519165,-0.008598882053490797,-0.06855612993240356,0.07654273509979248,-0.018030265626009623,-0.07798433303833008,0.1283589005470276,-0.023956261855062166,-0.09045982360839844,0.16034311056137085,-0.031215083133872668,-0.0545954704284668,0.08738738298416138,-0.0506858213809096,-0.05066710710525513,0.17128801345825195,-0.06693211039572589,-0.04739272594451904,0.21632260084152222,-0.07092087557583682,-0.04444462060928345,0.25137776136398315,-0.07228230526715151,-0.021249055862426758,0.08722281455993652,-0.05174301778941981,-0.02022731304168701,0.18154430389404297,-0.07032444169789187,-0.020369231700897217,0.23486191034317017,-0.07446466228037707,-0.021565139293670654,0.2735077738761902,-0.07609192123680941,0.00763547420501709,0.087432861328125,-0.05057075461417071,0.0061509013175964355,0.17305338382720947,-0.06480958899527423,0.0043746232986450195,0.22333699464797974,-0.0698104037907683,0.0023912787437438965,0.26028913259506226,-0.07203668942719332,0.030557632446289062,0.08658713102340698,-0.04856650000482432,0.02792942523956299,0.14994210004806519,-0.06008155485659472,0.026413798332214355,0.1870172619819641,-0.06500820657282702,0.02484840154647827,0.2171064019203186,-0.06742466082840792
0.0,0.0,0.0,-0.04407048225402832,0.023787498474121094,-0.009344792977998395,-0.06559455394744873,0.07915079593658447,-0.019100735948512693,-0.07449448108673096,0.12963134050369263,-0.025385023147890706,-0.08918780088424683,0.15911251306533813,-0.0332240677039124,-0.05272454023361206,0.09106177091598511,-0.05132199736041798,-0.04714381694793701,0.17321079969406128,-0.0686399629871346,-0.04307061433792114,0.2191125750541687,-0.07320875586671605,-0.039693355560302734,0.2546449303627014,-0.07483659596843495,-0.018598198890686035,0.08947861194610596,-0.052659723029563565,-0.014941811561584473,0.18266570568084717,-0.07250320823592915,-0.013853967189788818,0.2360752820968628,-0.07716686935825123,-0.014908552169799805,0.27547401189804077,-0.07877571047944798,0.010893583297729492,0.08783400058746338,-0.05195332975787892,0.011513888835906982,0.1724720597267151,-0.06770910979909672,0.010949790477752686,0.22353452444076538,-0.07368014665050282,0.008854091167449951,0.26166850328445435,-0.07601270736856236,0.03435945510864258,0.08459025621414185,-0.05045843036575093,0.03379791975021362,0.14905667304992676,-0.06330167414350285,0.032880961894989014,0.18597370386123657,-0.06874041916532292,0.030796051025390625,0.2154388427734375,-0.0711540347496964
0.0,0.0,0.0,-0.04486215114593506,0.02245330810546875,-0.01117587212554838,-0.07718676328659058,0.07428312301635742,-0.026445047297400492,-0.10225975513458252,0.11905419826507568,-0.038605955728215235,-0.1323210597038269,0.133095383644104,-0.05278140802018072,-0.06248098611831665,0.0878763198852539,-0.05679091189138319,-0.05601292848587036,0.17570215463638306,-0.0761450876676264,-0.05093258619308472,0.2208365797996521,-0.08233090240590002,-0.04669457674026489,0.2548031806945801,-0.0852618565046015,-0.02860480546951294,0.08688414096832275,-0.05944741640321638,-0.026046276092529297,0.18571704626083374,-0.07815751928917791,-0.024118661880493164,0.23919677734375,-0.08280987043015386,-0.024176597595214844,0.2764108180999756,-0.0857472171270075,0.002437591552734375,0.08602714538574219,-0.06021140266291525,0.0018441081047058105,0.17736566066741943,-0.07424772281281378,0.000735163688659668,0.22991329431533813,-0.0796761487805071,-0.002327561378479004,0.2677684426307678,-0.08310014505021002,0.028145551681518555,0.08484023809432983,-0.060611115136069316,0.025986790657043457,0.15624088048934937,-0.07199062902562048,0.023741066455841064,0.19579797983169556,-0.07692863542668249,0.020768582820892334,0.22820967435836792,-0.08012194681994345
0.0,0.0,0.0,-0.049580395221710205,0.023602545261383057,-0.006388056036335854,-0.08109968900680542,0.08481931686401367,-0.016807897892100243,-0.10303390026092529,0.1361408233642578,-0.02565412497173014,-0.1301058530807495,0.15254652500152588,-0.03689888952325049,-0.06934481859207153,0.08937090635299683,-0.03996430052469435,-0.06375998258590698,0.17661654949188232,-0.058820621054870514,-0.05955535173416138,0.22587740421295166,-0.07002775458644095,-0.05507516860961914,0.2647191286087036,-0.07734103588412466,-0.03589898347854614,0.09202653169631958,-0.0452279867048091,-0.03343796730041504,0.1869664192199707,-0.06127568049381438,-0.032759904861450195,0.24381279945373535,-0.06941135315249625,-0.03184443712234497,0.28595566749572754,-0.07729979692052069,-0.004970431327819824,0.09390628337860107,-0.049176969509822754,-0.005071282386779785,0.18323111534118652,-0.06244682235668364,-0.0060884952545166016,0.235454261302948,-0.06725985644410315,-0.007096230983734131,0.27465832233428955,-0.07193347899268332,0.021227538585662842,0.09589588642120361,-0.052656990420324234,0.01870483160018921,0.16459029912948608,-0.06426331488440695,0.015282034873962402,0.2020472288131714,-0.06789050338814917,0.011726319789886475,0.23231124877929688,-0.0708499261553115
0.0,0.0,0.0,-0.048062682151794434,0.027525603771209717,-0.0067419542382936015,-0.08257901668548584,0.08775794506072998,-0.017649565116641952,-0.10243576765060425,0.1410919427871704,-0.026588469968316986,-0.12946683168411255,0.15797966718673706,-0.03754016965734763,-0.06827902793884277,0.09340894222259521,-0.04284709155666633,-0.06219303607940674,0.17960906028747559,-0.061206160337803794,-0.056974172592163086,0.2279127836227417,-0.07115921586859031,-0.05152535438537598,0.2657930254936218,-0.07733786314832969,-0.0337679386138916,0.09516924619674683,-0.04728198632705016,-0.030970215797424316,0.1903393268585205,-0.06329310149061484,-0.029039084911346436,0.2480582594871521,-0.07102999299871726,-0.027543246746063232,0.29145485162734985,-0.07817819178211494,-0.004009604454040527,0.09744483232498169,-0.04999434784161849,-0.0030228495597839355,0.18700969219207764,-0.06223989486801429,-0.00360947847366333,0.23828214406967163,-0.06701240897285743,-0.0043201446533203125,0.2762995958328247,-0.07161107868063255,0.020779192447662354,0.09968733787536621,-0.05227653518426223,0.01891094446182251,0.1677035689353943,-0.06224793404447837,0.0160064697265625,0.20356309413909912,-0.06537476390707297,0.0130501389503479,0.23287856578826904,-0.0681195727001409
0.0,0.0,0.0,-0.04764842987060547,0.025866329669952393,-0.008267592034526317,-0.07980376482009888,0.08573514223098755,-0.02020977842737004,-0.09910792112350464,0.13793325424194336,-0.02978599849272534,-0.12524545192718506,0.15657418966293335,-0.04147256570983693,-0.06403475999832153,0.09027349948883057,-0.04765993389416501,-0.05551767349243164,0.17814362049102783,-0.06571649792719647,-0.05062645673751831,0.22684752941131592,-0.07465416970778271,-0.04596787691116333,0.26561439037323,-0.08043137225437924,-0.028837502002716064,0.09112846851348877,-0.05130291017819211,-0.024463355541229248,0.1886301040649414,-0.06796340677071377,-0.02280259132385254,0.24486899375915527,-0.07549724760580823,-0.022326290607452393,0.287350594997406,-0.08246625247526929,0.0016325712203979492,0.09387439489364624,-0.053032148956544845,0.003079712390899658,0.18427115678787231,-0.06563974204588696,0.0018155574798583984,0.23483502864837646,-0.07089119437266156,4.589557647705078e-05,0.2725042700767517,-0.0758567381196098,0.026003241539001465,0.09698158502578735,-0.054341644375808684,0.025037407875061035,0.1652011275291443,-0.06482901456881329,0.022218763828277588,0.20132064819335938,-0.06878089937496945,0.01942896842956543,0.23123252391815186,-0.07224994930554196
0.0,0.0,0.0,-0.04694110155105591,0.026171505451202393,-0.008549590693495812,-0.07952439785003662,0.08493584394454956,-0.0215854729578715,-0.09979516267776489,0.13512134552001953,-0.032469746755145135,-0.12693673372268677,0.1549130082130432,-0.045577769266150536,-0.06268483400344849,0.0913049578666687,-0.050074608163617196,-0.05599808692932129,0.17872589826583862,-0.06945681302406603,-0.05121368169784546,0.22740823030471802,-0.0786497193441611,-0.0464322566986084,0.2658284902572632,-0.08440043507673556,-0.028471708297729492,0.09082043170928955,-0.054659684287093224,-0.02571558952331543,0.18842798471450806,-0.07305752961494738,-0.024402379989624023,0.24619698524475098,-0.08086590199329668,-0.023646235466003418,0.2904123067855835,-0.08772098003485018,0.00188368558883667,0.09150493144989014,-0.057425663904927315,0.001989603042602539,0.18189144134521484,-0.07141370801784808,-0.00017058849334716797,0.2341654896736145,-0.077192363427661,-0.002687215805053711,0.2738969326019287,-0.0822197916970473,0.02723836898803711,0.09260594844818115,-0.05981108276703173,0.026585280895233154,0.16278892755508423,-0.07154969601490313,0.02345341444015503,0.20149964094161987,-0.07631687550403887,0.020354151725769043,0.2334597110748291,-0.08024523137666995
0.0,0.0,0.0,-0.049304425716400146,0.026349544525146484,-0.0049506791033095965,-0.08280467987060547,0.08907312154769897,-0.01424862044903108,-0.10295546054840088,0.14293789863586426,-0.021790593592847074,-0.12983715534210205,0.15952807664871216,-0.031611071629846776,-0.06765508651733398,0.0943954586982727,-0.0418385283187277,-0.060590505599975586,0.18085485696792603,-0.05892873342188665,-0.05583071708679199,0.228823721408844,-0.067893279446686,-0.051271140575408936,0.26602840423583984,-0.07360050614031621,-0.03268074989318848,0.09591567516326904,-0.0465638988748438,-0.028705596923828125,0.1891128420829773,-0.06143193851264783,-0.026982605457305908,0.24693328142166138,-0.0682715752259142,-0.025630712509155273,0.2902216911315918,-0.07509673173579046,-0.002740621566772461,0.09763741493225098,-0.049400398238027776,-0.0010688304901123047,0.18459409475326538,-0.06048926870378324,-0.0020111799240112305,0.2366558313369751,-0.06489368314894506,-0.0034870505332946777,0.2758098244667053,-0.06959361369761297,0.021785438060760498,0.09917759895324707,-0.05167727331670591,0.020921528339385986,0.16818475723266602,-0.06114735241087743,0.017795681953430176,0.20486301183700562,-0.06437098021658727,0.01408451795578003,0.2343081831932068,-0.06739617670925924
0.0,0.0,0.0,-0.05063718557357788,0.03954732418060303,0.007128175804588466,-0.07509005069732666,0.10507708787918091,0.007839821269932656,-0.09083980321884155,0.156846284866333,0.0077291512770685245,-0.11300486326217651,0.17483234405517578,0.00544915487078157,-0.05947393178939819,0.15003782510757446,-0.009163032294985385,-0.04936152696609497,0.23493939638137817,-0.015595831917401881,-0.04293406009674072,0.2815017104148865,-0.02107430809157762,-0.037922680377960205,0.31898564100265503,-0.025615653032240004,-0.025597691535949707,0.1546396017074585,-0.016219139108237357,-0.01750248670578003,0.24782484769821167,-0.02177979798036489,-0.013644754886627197,0.3009616732597351,-0.027374794715818496,-0.011593461036682129,0.33941298723220825,-0.03313006834107313,0.004983723163604736,0.14991766214370728,-0.021341623747524352,0.00999683141708374,0.2351924180984497,-0.02559696325081262,0.011556148529052734,0.2845451235771179,-0.029775975281175704,0.012018144130706787,0.3207476735115051,-0.03417066858130369,0.030886471271514893,0.13764739036560059,-0.025125773632701964,0.03405594825744629,0.2042730450630188,-0.030018486091670127,0.03492385149002075,0.24156874418258667,-0.03183734417873296,0.03290247917175293,0.2723590135574341,-0.03315667063909444
0.0,0.0,0.0,-0.050746381282806396,0.03363633155822754,0.0024342987951881945,-0.07974302768707275,0.09268879890441895,-0.0004548617082122952,-0.0985749363899231,0.13918054103851318,-0.0030897029875718296,-0.12113064527511597,0.15542680025100708,-0.007909813729574555,-0.0629851222038269,0.13119083642959595,-0.020622424615075463,-0.05635988712310791,0.2171369194984436,-0.03088006546859967,-0.052017152309417725,0.2654889225959778,-0.037810018119861954,-0.047893524169921875,0.30441194772720337,-0.04278277402882802,-0.028679728507995605,0.13637453317642212,-0.0265940947658323,-0.024694859981536865,0.23037946224212646,-0.036271812228014344,-0.023182034492492676,0.28438591957092285,-0.04283158278231847,-0.0226784348487854,0.32266342639923096,-0.0486802140450977,0.0019199848175048828,0.13454848527908325,-0.030541051012923592,0.0038626790046691895,0.2206752896308899,-0.03769216483597981,0.0035349130630493164,0.270596444606781,-0.04191842844848859,0.002869248390197754,0.30658966302871704,-0.04570759629969823,0.027679622173309326,0.12652498483657837,-0.03341629525785672,0.028427302837371826,0.19272089004516602,-0.0393314266777538,0.029211223125457764,0.230157732963562,-0.04050051590566861,0.02763831615447998,0.26070934534072876,-0.041008377281477326
0.0,0.0,0.0,-0.05076885223388672,0.03677612543106079,0.0028599403290598957,-0.07820779085159302,0.09746816754341125,-0.00029982127439609485,-0.09586888551712036,0.14517280459403992,-0.0035667554052025707,-0.11867696046829224,0.16446301341056824,-0.009034845237195555,-0.062173426151275635,0.13924363255500793,-0.019143262137234274,-0.05390274524688721,0.22656992077827454,-0.029991512377321783,-0.04883253574371338,0.2762283384799957,-0.03723229766315228,-0.044097304344177246,0.3156100809574127,-0.0422565035564304,-0.027537524700164795,0.14352747797966003,-0.025883748386561933,-0.02380979061126709,0.2390517294406891,-0.0360389158172012,-0.022641122341156006,0.29560908675193787,-0.04291495606726414,-0.022920429706573486,0.33654841780662537,-0.04878997728651768,0.004035770893096924,0.14104589819908142,-0.03087519780224568,0.004444241523742676,0.2292863428592682,-0.03907078430479771,0.003314375877380371,0.2811791002750397,-0.044207516316831175,0.0019269585609436035,0.3188498914241791,-0.04836280569857365,0.031206846237182617,0.13229462504386902,-0.034694726769387785,0.030196070671081543,0.19967469573020935,-0.041837508980691496,0.028506040573120117,0.23755386471748352,-0.04405639619058377,0.024869024753570557,0.2681874930858612,-0.04520235136574513
0.0,0.0,0.0,-0.05157291889190674,0.037247300148010254,0.004570830204283283,-0.07759982347488403,0.0994635820388794,0.0030367454148283457,-0.0941704511642456,0.14844393730163574,0.001303583090884075,-0.11608171463012695,0.16676592826843262,-0.0027890309591391826,-0.059949636459350586,0.13907253742218018,-0.01807250495931001,-0.05052173137664795,0.22531622648239136,-0.02777002047678323,-0.045008301734924316,0.27437639236450195,-0.03399141732534261,-0.03978288173675537,0.3126264214515686,-0.038369989431704,-0.025753259658813477,0.14338171482086182,-0.02506088506361337,-0.020916640758514404,0.23881733417510986,-0.03461530659278722,-0.018888354301452637,0.29573971033096313,-0.04103218618711324,-0.017797470092773438,0.33664411306381226,-0.04648972157319875,0.0056876540184021,0.1400546431541443,-0.02997840423067899,0.007558166980743408,0.22741389274597168,-0.037926258928383305,0.007896780967712402,0.2790011167526245,-0.043024873770082905,0.007931232452392578,0.3161996603012085,-0.04704259190639348,0.03271794319152832,0.12981164455413818,-0.03348431963404508,0.032809317111968994,0.19695693254470825,-0.040605532414520695,0.03217339515686035,0.23463201522827148,-0.042890014535988286,0.029796481132507324,0.2651163339614868,-0.0440515935786614
0.0,0.0,0.0,-0.04667794704437256,0.03380289673805237,0.00277412993889925,-0.07253533601760864,0.09384340047836304,0.0003628412930822833,-0.08903628587722778,0.14106512069702148,-0.002094467086152463,-0.10768461227416992,0.16492325067520142,-0.007036376427294044,-0.05645185708999634,0.13525325059890747,-0.02096361635196331,-0.04536467790603638,0.22092294692993164,-0.031892796661139755,-0.039332807064056396,0.2711957097053528,-0.03851875817346695,-0.034152984619140625,0.3097100257873535,-0.04294515928197029,-0.023152828216552734,0.13813334703445435,-0.0278735735075486,-0.01589500904083252,0.23310613632202148,-0.03858284061718109,-0.012658953666687012,0.2899065613746643,-0.04504327258038643,-0.010973930358886719,0.3291548490524292,-0.05013785665798309,0.008297741413116455,0.1334381103515625,-0.0329758205072892,0.012264013290405273,0.22149449586868286,-0.04254848292040947,0.013759732246398926,0.2741549015045166,-0.047950440700532226,0.014398694038391113,0.3110276460647583,-0.05167067578005913,0.03625565767288208,0.12280511856079102,-0.036747174020291595,0.038328588008880615,0.19029992818832397,-0.04576864620614174,0.03855246305465698,0.22912126779556274,-0.048641906733990936,0.03675764799118042,0.2592068910598755,-0.04972722908425453
0.0,0.0,0.0,-0.04437541961669922,0.027046561241149902,-0.0026227842255792666,-0.0682716965675354,0.08468115329742432,-0.008042837370496159,-0.08445858955383301,0.13264036178588867,-0.012730224866729145,-0.10502934455871582,0.15426480770111084,-0.019826013472240334,-0.04831415414810181,0.1264786720275879,-0.0288620869334153,-0.039554595947265625,0.2089329957962036,-0.04125296684757984,-0.03413921594619751,0.2583245038986206,-0.04746140527383602,-0.02944815158843994,0.2955966591835022,-0.05144309985296047,-0.015835344791412354,0.12741011381149292,-0.03420273947374142,-0.009638011455535889,0.21955639123916626,-0.046917747583549385,-0.006888270378112793,0.27782130241394043,-0.05400174471394337,-0.006448805332183838,0.3189135193824768,-0.05901892098442829,0.014605998992919922,0.12216401100158691,-0.03795246395127094,0.017418980598449707,0.20760047435760498,-0.049243602779071693,0.017352402210235596,0.2616894245147705,-0.05657328652993954,0.015396654605865479,0.30014485120773315,-0.06131251144067562,0.04176455736160278,0.11139702796936035,-0.040694825228612785,0.042373061180114746,0.17711985111236572,-0.05160111921684063,0.04196524620056152,0.21742254495620728,-0.05629970493571079,0.03957623243331909,0.24929320812225342,-0.05855035397068775
0.0,0.0,0.0,-0.0465700626373291,0.03018474578857422,-0.0008752039783672672,-0.07182514667510986,0.09014496207237244,-0.005306749363526819,-0.08767986297607422,0.14045360684394836,-0.009037566595807789,-0.10851538181304932,0.1639041006565094,-0.0150278864811213,-0.054046034812927246,0.12736907601356506,-0.027353377305999516,-0.044489264488220215,0.21234586834907532,-0.04000522684408736,-0.03947138786315918,0.2632249891757965,-0.04671837132526946,-0.034474730491638184,0.302957147359848,-0.05109151940895629,-0.020788192749023438,0.1311657726764679,-0.0331713792319448,-0.014797508716583252,0.22590669989585876,-0.046274540239110706,-0.012228846549987793,0.2835654318332672,-0.05283733945442748,-0.010688543319702148,0.3244425356388092,-0.05745210986687255,0.010425150394439697,0.12780466675758362,-0.03723943721605849,0.012441873550415039,0.21471533179283142,-0.04858286794377875,0.012773334980010986,0.26695433259010315,-0.05380632098867011,0.01239323616027832,0.3044239580631256,-0.05690548312021804,0.0379602313041687,0.11842182278633118,-0.04023413103176665,0.03878319263458252,0.18521341681480408,-0.05054350685431075,0.038123130798339844,0.22434356808662415,-0.053585683220163105,0.035961925983428955,0.25508227944374084,-0.05445694666458678
0.0,0.0,0.0,-0.04409104585647583,0.031555116176605225,-0.003609194289751372,-0.06659179925918579,0.08929938077926636,-0.010622959919132313,-0.0842123031616211,0.13782882690429688,-0.016641713082648835,-0.10457319021224976,0.16495627164840698,-0.02480675406739863,-0.050410568714141846,0.13101720809936523,-0.03048401638851317,-0.041275084018707275,0.21655762195587158,-0.04401429124162348,-0.03496605157852173,0.26693207025527954,-0.051022232845284066,-0.02880316972732544,0.3048155903816223,-0.05519621945903452,-0.016546666622161865,0.13186168670654297,-0.03540190435931834,-0.009794652462005615,0.22720444202423096,-0.04849970094845446,-0.007279753684997559,0.2844407558441162,-0.05490783356115969,-0.006232261657714844,0.32439374923706055,-0.05933179832980784,0.015118181705474854,0.12597781419754028,-0.03891081489608439,0.01839691400527954,0.21410953998565674,-0.05022895090267809,0.017810940742492676,0.26644396781921387,-0.05573531739399584,0.0164223313331604,0.303019642829895,-0.05901511140153559,0.04249447584152222,0.11441755294799805,-0.041564719155289254,0.043071746826171875,0.18318480253219604,-0.05160614602253588,0.043228864669799805,0.2219092845916748,-0.05436499543473872,0.04219961166381836,0.2513160705566406,-0.05502608172581347
0.0,0.0,0.0,-0.05688369274139404,0.06937825679779053,0.012031966225563906,-0.09204065799713135,0.16219979524612427,0.009171679021179102,-0.12201711535453796,0.22531288862228394,0.0034928779223406536,-0.15853193402290344,0.24912607669830322,-0.0067593829135006445,-0.10297742486000061,0.21356117725372314,-0.027724455705524065,-0.09986093640327454,0.342613160610199,-0.04845290597403107,-0.09653633832931519,0.4209159016609192,-0.060190554371715166,-0.09396788477897644,0.4842239022254944,-0.06847762655341683,-0.07113108038902283,0.20565742254257202,-0.04593932222449837,-0.06378528475761414,0.3605852723121643,-0.06774271618449745,-0.060681313276290894,0.45084071159362793,-0.07942263375842629,-0.06208151578903198,0.5198403000831604,-0.08872268687808571,-0.02906113862991333,0.19230133295059204,-0.061328280380607225,-0.023375719785690308,0.3391795754432678,-0.08256239782893715,-0.02162197232246399,0.42501693964004517,-0.09126746248328743,-0.025982707738876343,0.49013668298721313,-0.09688672017180977,0.01986098289489746,0.1753096580505371,-0.07407445799434242,0.016927659511566162,0.29128265380859375,-0.09571840952956734,0.015032827854156494,0.3544734716415405,-0.10285394232595024,0.009531617164611816,0.40740102529525757,-0.10621746968352852
0.0,0.0,0.0,-0.06847357749938965,0.06276029348373413,-0.005229193547108935,-0.1121780276298523,0.16101670265197754,-0.020679920741656588,-0.14696615934371948,0.23822426795959473,-0.03506577556703405,-0.18957525491714478,0.27182257175445557,-0.05404511635873632,-0.0892443060874939,0.1989126205444336,-0.06446317007515745,-0.07340192794799805,0.34335625171661377,-0.09340248426173048,-0.06118941307067871,0.4296196699142456,-0.10699225386355238,-0.05119013786315918,0.49591678380966187,-0.11530734767887907,-0.035298049449920654,0.19251412153244019,-0.07732659002516584,-0.01827031373977661,0.359752357006073,-0.1064145358440669,-0.007679760456085205,0.4609699845314026,-0.12054614891980009,-0.004295706748962402,0.5335389375686646,-0.13025188615296202,0.01750648021697998,0.18130308389663696,-0.08716695179913359,0.027614116668701172,0.3370363712310791,-0.11206383427355604,0.03300708532333374,0.43204885721206665,-0.12534700503323393,0.0322604775428772,0.5011921525001526,-0.13376081159088926,0.06534183025360107,0.16703295707702637,-0.09521904756996946,0.06837540864944458,0.2836760878562927,-0.11775645037863569,0.07004839181900024,0.35200875997543335,-0.1270899938580783,0.06899714469909668,0.4089916944503784,-0.131984161042908
0.0,0.0,0.0,-0.07504618167877197,0.062462419271469116,-0.001021869305986911,-0.1173245906829834,0.16129377484321594,-0.012809162202756852,-0.14624682068824768,0.24492552876472473,-0.0242138413595967,-0.18517696857452393,0.2873895466327667,-0.0399448091047816,-0.09481465816497803,0.21398195624351501,-0.05320096033392474,-0.07814681529998779,0.3590340316295624,-0.07908244075952098,-0.0650712251663208,0.4436934292316437,-0.09129721316276118,-0.05453777313232422,0.5094129741191864,-0.09883343818364665,-0.04212123155593872,0.21000638604164124,-0.06656822207150981,-0.025137484073638916,0.3747524917125702,-0.09328669699607417,-0.015290021896362305,0.4747200906276703,-0.10665100457845256,-0.012256085872650146,0.5487169921398163,-0.11590979638276622,0.010820150375366211,0.19739577174186707,-0.07681055756984279,0.022813141345977783,0.3509270250797272,-0.10011691990075633,0.027146220207214355,0.44281670451164246,-0.1108729878324084,0.025272071361541748,0.5124474465847015,-0.11744997295318171,0.05999082326889038,0.17896267771720886,-0.08505953493295237,0.06463080644607544,0.29887285828590393,-0.10658446344314143,0.06600707769393921,0.366705983877182,-0.11385793628869578,0.0636148452758789,0.42504724860191345,-0.11697267385898158
0.0,0.0,0.0,-0.07191777229309082,0.06444227695465088,-0.0008741430031875552,-0.1113998293876648,0.1646803617477417,-0.01251846828048997,-0.13848045468330383,0.24727773666381836,-0.024178282325323153,-0.17658516764640808,0.289071261882782,-0.04011967868095212,-0.09577292203903198,0.21358412504196167,-0.052279734020288515,-0.07884562015533447,0.35588550567626953,-0.0798552939344006,-0.06629854440689087,0.4422803521156311,-0.09362402648216062,-0.05589628219604492,0.509127140045166,-0.10223700941091352,-0.04466211795806885,0.21168285608291626,-0.06655755728965573,-0.02752101421356201,0.37192708253860474,-0.09553798377996259,-0.01643890142440796,0.473508358001709,-0.11072339207416348,-0.011924266815185547,0.5478512048721313,-0.12111122996097379,0.007504940032958984,0.20019632577896118,-0.07786015511041455,0.01925837993621826,0.34776508808135986,-0.1027788379836636,0.02456367015838623,0.440687894821167,-0.11476463914399915,0.023268520832061768,0.5112577676773071,-0.12205105364805036,0.05743688344955444,0.18154442310333252,-0.08722668231015973,0.06226146221160889,0.29584449529647827,-0.10973344833141141,0.06430214643478394,0.3632414937019348,-0.11798212022071652,0.062238097190856934,0.4218246340751648,-0.12174975216871076
0.0,0.0,0.0,-0.07163769006729126,0.06658074259757996,0.002359766645582795,-0.11301442980766296,0.16712144017219543,-0.0072152576015867,-0.1417321264743805,0.24743667244911194,-0.017719875888673187,-0.18096792697906494,0.2856821119785309,-0.03273748965725076,-0.09568512439727783,0.21734562516212463,-0.046039674298612,-0.0823369026184082,0.3602123558521271,-0.07183460877999437,-0.07265585660934448,0.44594302773475647,-0.0848997010456003,-0.06389057636260986,0.5121541917324066,-0.09313631044491899,-0.048870980739593506,0.21279767155647278,-0.06191651137336862,-0.03554946184158325,0.3743225038051605,-0.08972938345536363,-0.02508866786956787,0.47782638669013977,-0.1046663595901407,-0.019138872623443604,0.5535641610622406,-0.11482229070529115,0.0007901787757873535,0.19860926270484924,-0.07478905455931795,0.009112000465393066,0.34703579545021057,-0.09900925295218599,0.014117658138275146,0.4405777156352997,-0.11062011109456193,0.013567745685577393,0.511422723531723,-0.11748946444853914,0.051039814949035645,0.17756488919258118,-0.08551588641270769,0.05462425947189331,0.2936556041240692,-0.1076376958356775,0.05683588981628418,0.36105290055274963,-0.1153700499401964,0.05631530284881592,0.419460266828537,-0.11874438809022081
0.0,0.0,0.0,-0.07195746898651123,0.06303673982620239,0.0009753450734990565,-0.11563321948051453,0.16221827268600464,-0.008896798025119779,-0.143866628408432,0.24157071113586426,-0.01940037602489042,-0.18286001682281494,0.27947139739990234,-0.034730528610992906,-0.09724938869476318,0.2108866572380066,-0.04655162723665285,-0.08342987298965454,0.34867292642593384,-0.07233033062820482,-0.07446002960205078,0.43339401483535767,-0.08629013331537294,-0.06533640623092651,0.4996557831764221,-0.09561871470813799,-0.049972593784332275,0.2067863941192627,-0.06217138947849321,-0.03738081455230713,0.3648999333381653,-0.08897056164150285,-0.02967047691345215,0.4649873375892639,-0.10446256877784776,-0.02477473020553589,0.5385043025016785,-0.11588314654235887,-3.707408905029297e-05,0.19400954246520996,-0.07504433872108507,0.006132781505584717,0.3412519693374634,-0.09939805151824999,0.009767413139343262,0.4321521520614624,-0.11203143479232835,0.009219944477081299,0.5017411112785339,-0.12019716681842851,0.04977983236312866,0.17477548122406006,-0.08579280706052828,0.052439987659454346,0.28718096017837524,-0.1085319864929204,0.05277615785598755,0.35377568006515503,-0.11740884663467455,0.050151824951171875,0.4118764400482178,-0.12202474953537035
0.0,0.0,0.0,-0.06959182024002075,0.0642542839050293,0.003244341103012971,-0.11307963728904724,0.16117876768112183,-0.005840673126627394,-0.14251932501792908,0.23697125911712646,-0.01621597401459951,-0.1823730170726776,0.2725820541381836,-0.031575338464577385,-0.09770303964614868,0.20620185136795044,-0.04367199308832426,-0.0838853120803833,0.34794479608535767,-0.0689382790740325,-0.07513725757598877,0.43482786417007446,-0.08304894856770773,-0.06658118963241577,0.5028331875801086,-0.09245296708901662,-0.051195621490478516,0.20329755544662476,-0.0600179261680438,-0.03690248727798462,0.36285269260406494,-0.08440233908255834,-0.029810190200805664,0.46237367391586304,-0.09824460886080999,-0.02545076608657837,0.533930242061615,-0.10897776625712652,-0.0016092658042907715,0.19198763370513916,-0.07373972378333349,0.0073795318603515625,0.339168906211853,-0.09556184105237264,0.010795652866363525,0.42896580696105957,-0.1057286723669364,0.009727001190185547,0.4963154196739197,-0.1127283289249732,0.048494696617126465,0.17365223169326782,-0.08547569207509298,0.05180490016937256,0.2868652939796448,-0.10625971994956274,0.05273723602294922,0.35303395986557007,-0.1132185473259284,0.05016058683395386,0.40980464220046997,-0.11667342625220556
0.0,0.0,0.0,-0.06592118740081787,0.06278499960899353,0.005885820696200028,-0.10928046703338623,0.15992844104766846,-0.0015638438285563439,-0.13846218585968018,0.2342672348022461,-0.010395237384294376,-0.17730426788330078,0.2670327425003052,-0.024498591339146003,-0.09398561716079712,0.19918489456176758,-0.04305759272531162,-0.08147001266479492,0.34084802865982056,-0.06613023034289967,-0.07292461395263672,0.42574214935302734,-0.0779956599231113,-0.06529885530471802,0.4912734031677246,-0.08600602499202381,-0.04829341173171997,0.19635266065597534,-0.05991772762492786,-0.03502249717712402,0.35650819540023804,-0.082225741958176,-0.028468012809753418,0.45324409008026123,-0.09465322843745838,-0.02515488862991333,0.5224701166152954,-0.1045888309831966,0.00042182207107543945,0.18586605787277222,-0.07365630022243153,0.007919490337371826,0.33334314823150635,-0.09417062452987324,0.01095360517501831,0.42226648330688477,-0.1042233576531757,0.00892186164855957,0.48983538150787354,-0.11146615645841251,0.04951834678649902,0.16857880353927612,-0.08496499261811863,0.052345991134643555,0.28144001960754395,-0.10495507172301899,0.05299520492553711,0.34545618295669556,-0.11159506640390049,0.049833059310913086,0.4006485939025879,-0.11513683400109898
0.0,0.0,0.0,-0.06505322456359863,0.06127667427062988,0.004807620929014433,-0.11019429564476013,0.1499195098876953,-0.0038510154323461165,-0.140344500541687,0.2168363332748413,-0.013531693568992864,-0.17672869563102722,0.24823671579360962,-0.02827720375226761,-0.09391069412231445,0.18376421928405762,-0.047461489527094614,-0.08497273921966553,0.32159143686294556,-0.07165593126283909,-0.07830554246902466,0.404299259185791,-0.08332061239944721,-0.07248145341873169,0.4678833484649658,-0.0907717890428188,-0.05022209882736206,0.17803293466567993,-0.0641156456755283,-0.039920032024383545,0.3347564935684204,-0.0881683550165775,-0.03460872173309326,0.4305051565170288,-0.10004745641218449,-0.03289157152175903,0.49921727180480957,-0.1091830752180698,-0.003011047840118408,0.16714388132095337,-0.07763231763111378,0.0031847357749938965,0.3131306767463684,-0.09930800863968159,0.005116701126098633,0.4015868902206421,-0.10890135386453892,0.001374661922454834,0.468780517578125,-0.11549986371265675,0.04501223564147949,0.1523118019104004,-0.08877292492853428,0.04796326160430908,0.26313459873199463,-0.10982351967560078,0.04785031080245972,0.32730919122695923,-0.11674481102691914,0.04397827386856079,0.38197463750839233,-0.12028604218231465
0.0,0.0,0.0,-0.0597454309463501,0.059289634227752686,0.003891442729113237,-0.10460588335990906,0.14820346236228943,-0.004975994989322885,-0.13603141903877258,0.21435680985450745,-0.014491446256684526,-0.17271634936332703,0.2426460087299347,-0.02945959096406625,-0.0894160270690918,0.18424025177955627,-0.049763652436482175,-0.0787622332572937,0.319661408662796,-0.07440679793809579,-0.07135212421417236,0.4025011956691742,-0.08694389735912011,-0.06540071964263916,0.4673024117946625,-0.09537174081062005,-0.046538710594177246,0.17623063921928406,-0.06644486164306329,-0.03627735376358032,0.3334325850009918,-0.09142829006169961,-0.03143751621246338,0.43180349469184875,-0.10428791766618417,-0.029965877532958984,0.5043241083621979,-0.11430570011590646,0.0003185272216796875,0.1629243791103363,-0.07981781934951471,0.006520092487335205,0.30965909361839294,-0.10338954900954889,0.009425818920135498,0.39858075976371765,-0.11335505073522256,0.00784081220626831,0.46489813923835754,-0.11974246328328775,0.048966169357299805,0.14688774943351746,-0.09074139123414682,0.0501859188079834,0.2601979076862335,-0.11339658772205041,0.04980891942977905,0.325601190328598,-0.12032643979047464,0.04600459337234497,0.38028857111930847,-0.1236737770364158
0.0,0.0,0.0,-0.06141960620880127,0.05550384521484375,0.0031905321140186516,-0.10782057046890259,0.14153900742530823,-0.00575706872936621,-0.13897424936294556,0.20722362399101257,-0.015302912311966566,-0.17476671934127808,0.23764386773109436,-0.029795027317817357,-0.09346508979797363,0.17969819903373718,-0.04852827729504838,-0.08337032794952393,0.3134423792362213,-0.07273120896738305,-0.07690083980560303,0.3943917453289032,-0.08486307130974069,-0.07099056243896484,0.4589179456233978,-0.09288648234527841,-0.04993391036987305,0.17393890023231506,-0.06489491926353708,-0.04066956043243408,0.3283861577510834,-0.0892432750932528,-0.036624372005462646,0.4244862496852875,-0.10159358100813165,-0.0346066951751709,0.49520573019981384,-0.11098957525413766,-0.0027954578399658203,0.162754625082016,-0.07822848575037256,0.0009018182754516602,0.3060021698474884,-0.10113005803745523,0.002926051616668701,0.39432498812675476,-0.11148567216318384,0.0015370845794677734,0.4608618915081024,-0.11817192749899164,0.04543721675872803,0.14840558171272278,-0.0892415912620379,0.04548954963684082,0.25727108120918274,-0.11171756403368249,0.04486936330795288,0.3214994966983795,-0.11934616135280862,0.04147958755493164,0.37593087553977966,-0.12311263846081033
0.0,0.0,0.0,-0.06355148553848267,0.05933770537376404,0.0035267816491568738,-0.10631150007247925,0.15198445320129395,-0.004723545433193976,-0.13516497611999512,0.22190076112747192,-0.013869982947767312,-0.17098861932754517,0.2557530999183655,-0.027914704558611447,-0.09484145045280457,0.18724888563156128,-0.046438868892551,-0.08395558595657349,0.3227396011352539,-0.07120797763502651,-0.0765540599822998,0.4052398204803467,-0.08319889734423214,-0.07015109062194824,0.46834176778793335,-0.09063746760523372,-0.050809264183044434,0.18127530813217163,-0.06260935197508388,-0.039906978607177734,0.3379283547401428,-0.08777489493525081,-0.03320944309234619,0.4358811378479004,-0.10068104396498256,-0.03043365478515625,0.5059238076210022,-0.10972159336245113,-0.003404676914215088,0.17002630233764648,-0.07589115182793194,0.004526913166046143,0.31496572494506836,-0.09889613817369991,0.007365107536315918,0.4049966335296631,-0.10991480926907116,0.004268050193786621,0.47231483459472656,-0.11653380821383053,0.04550141096115112,0.15427261590957642,-0.08685364554560238,0.048652827739715576,0.2661197781562805,-0.10844454894697719,0.048179805278778076,0.3311241865158081,-0.11598814259207302,0.043751657009124756,0.38553357124328613,-0.11952142397797161
0.0,0.0,0.0,-0.06230586767196655,0.055072933435440063,0.0039742357710039755,-0.10540774464607239,0.14408347010612488,-0.003439403683167086,-0.13233542442321777,0.21260163187980652,-0.011391648402657495,-0.1656121015548706,0.24523577094078064,-0.02402804171129702,-0.09279251098632812,0.18062534928321838,-0.045618399357643113,-0.0807296633720398,0.31475141644477844,-0.06810972032531737,-0.07265883684158325,0.39518049359321594,-0.07875219670518874,-0.06569021940231323,0.45791926980018616,-0.08560740885719298,-0.04803246259689331,0.17503789067268372,-0.06086133730992316,-0.035687148571014404,0.3306017816066742,-0.08376692918523787,-0.0301092267036438,0.4247759282588959,-0.09489297059759139,-0.02833491563796997,0.49330952763557434,-0.10315377948268889,-0.0010834336280822754,0.16404619812965393,-0.073017641281929,0.006140291690826416,0.30646398663520813,-0.09390744504913329,0.008123695850372314,0.3935337960720062,-0.10301339564308165,0.004750669002532959,0.45941033959388733,-0.10870049831851958,0.04563593864440918,0.1489819586277008,-0.08288638976797102,0.048164427280426025,0.2584756314754486,-0.10306069937929152,0.0483705997467041,0.3223739564418793,-0.10941666302665709,0.04532170295715332,0.37580636143684387,-0.11220504281505583
0.0,0.0,0.0,-0.06130528450012207,0.057027190923690796,0.0027072217583352653,-0.1010432243347168,0.15021950006484985,-0.005008497993678418,-0.1257379949092865,0.22209632396697998,-0.012972058049619761,-0.15910035371780396,0.2525877356529236,-0.025740408591211406,-0.09001410007476807,0.18671250343322754,-0.046719684518159,-0.07427161931991577,0.3192968964576721,-0.0696187720366126,-0.06391692161560059,0.3997446894645691,-0.08082881874519643,-0.05507844686508179,0.4623197913169861,-0.08811562813001927,-0.0466235876083374,0.17856067419052124,-0.06112065470892247,-0.02974069118499756,0.3325875401496887,-0.08386215872246083,-0.020454585552215576,0.4252625107765198,-0.09458759731727895,-0.01555633544921875,0.4918845295906067,-0.10285115546661672,-0.00019794702529907227,0.16619181632995605,-0.0725469992228156,0.010446906089782715,0.3100874423980713,-0.09331319040733632,0.016604840755462646,0.395333468914032,-0.10165167904573735,0.017330706119537354,0.4592658281326294,-0.10698870874124822,0.04671400785446167,0.15090662240982056,-0.08185021138864812,0.05269497632980347,0.26225268840789795,-0.10195436633306798,0.05506962537765503,0.32591456174850464,-0.1083315119810706,0.053479015827178955,0.3785187602043152,-0.11120401627498921
0.0,0.0,0.0,-0.058324992656707764,0.05525609850883484,0.0030724710228682284,-0.09815031290054321,0.1501932144165039,-0.004079461199900436,-0.1259641945362091,0.2222021222114563,-0.011193809201678562,-0.16097769141197205,0.2512392997741699,-0.023629319956263828,-0.08611732721328735,0.18464034795761108,-0.048873202046117115,-0.07422250509262085,0.3170109987258911,-0.07086953624125414,-0.0654759407043457,0.39857447147369385,-0.08171847566004686,-0.058560729026794434,0.4617207646369934,-0.08926317944165163,-0.04441344738006592,0.17742687463760376,-0.0627698610627263,-0.031082868576049805,0.3311108350753784,-0.08461269094582491,-0.023999810218811035,0.42466068267822266,-0.0958082984292119,-0.021287262439727783,0.49305057525634766,-0.10509026898976259,0.0012915730476379395,0.16512972116470337,-0.07310918821927004,0.008599817752838135,0.3085046410560608,-0.09368844433661394,0.013415813446044922,0.3945232629776001,-0.10264072670575075,0.0138014554977417,0.4582204818725586,-0.10878427430029802,0.04803502559661865,0.14943164587020874,-0.08102148874636583,0.050885140895843506,0.261178195476532,-0.10084616496201448,0.05263030529022217,0.3246605396270752,-0.10656911983128481,0.051132380962371826,0.3762935996055603,-0.10930819167729311
0.0,0.0,0.0,-0.06989818811416626,0.062365204095840454,0.006643045269090209,-0.107696533203125,0.1616838276386261,0.0014058434582757684,-0.12941694259643555,0.24145904183387756,-0.0044952067135390905,-0.16319358348846436,0.27797386050224304,-0.015321869827669587,-0.09529322385787964,0.20476773381233215,-0.0424201250596461,-0.07928162813186646,0.3412129580974579,-0.06387434010938975,-0.06829160451889038,0.42267128825187683,-0.07389435028271052,-0.058184802532196045,0.48526182770729065,-0.08038933431343409,-0.048589110374450684,0.20101681351661682,-0.05758897443847033,-0.033742547035217285,0.3585396707057953,-0.08061731462911936,-0.024986326694488525,0.45502516627311707,-0.09212957178787562,-0.019984066486358643,0.5253678858280182,-0.10033100699619624,0.00017017126083374023,0.1891399323940277,-0.06911288803057047,0.009003996849060059,0.33597293496131897,-0.08975206171707484,0.013160765171051025,0.42379680275917053,-0.09956904356912943,0.012625396251678467,0.4901838004589081,-0.10570692872242304,0.048835575580596924,0.17005255818367004,-0.07792547946409556,0.05364459753036499,0.2831331789493561,-0.09801239376501414,0.054755985736846924,0.3470490872859955,-0.1050053671522555,0.05287843942642212,0.4011918008327484,-0.10812985008196208
0.0,0.0,0.0,-0.06685823202133179,0.06402087211608887,0.005107815559377116,-0.10404735803604126,0.16294878721237183,-0.0019001564286824646,-0.12625432014465332,0.24105024337768555,-0.009637093920837003,-0.16000011563301086,0.2789919972419739,-0.021934713986347276,-0.0952346920967102,0.20184725522994995,-0.043583527025411684,-0.08076131343841553,0.3371286988258362,-0.06696070339960869,-0.0692293643951416,0.41887176036834717,-0.07799517717642601,-0.0589558482170105,0.48094528913497925,-0.08463442679924782,-0.04959297180175781,0.19686388969421387,-0.058466706242988664,-0.03574550151824951,0.35129231214523315,-0.08300611731095131,-0.02575075626373291,0.44827979803085327,-0.09524471667094048,-0.020185410976409912,0.5179846882820129,-0.10370622929615791,-0.0011731386184692383,0.18514418601989746,-0.0700776016382676,0.009302854537963867,0.32857149839401245,-0.09111719187779244,0.014120936393737793,0.41754209995269775,-0.10111610945744332,0.013557195663452148,0.48355937004089355,-0.10726490971131142,0.047575414180755615,0.16828864812850952,-0.07925310340208824,0.05268603563308716,0.2796386480331421,-0.09871586021466072,0.053666770458221436,0.3444103002548218,-0.10563828405422981,0.050842106342315674,0.3990829586982727,-0.10880174842161949
0.0,0.0,0.0,-0.06620681285858154,0.06000286340713501,0.0036272840633202463,-0.10449790954589844,0.15830397605895996,-0.003939461096827301,-0.1282559633255005,0.23483002185821533,-0.012171239260290179,-0.16297560930252075,0.27237755060195923,-0.025197653699372324,-0.09381693601608276,0.19598764181137085,-0.045650048780892405,-0.08040082454681396,0.3322673439979553,-0.06957958512351325,-0.07166218757629395,0.4148707389831543,-0.0813316541199427,-0.06371486186981201,0.477539598941803,-0.08858649306342414,-0.048172175884246826,0.19120579957962036,-0.06056151040241531,-0.03621029853820801,0.34501540660858154,-0.08436952405021003,-0.027934670448303223,0.4411088228225708,-0.09649082891986183,-0.023306608200073242,0.5101852416992188,-0.10521629326388648,-0.0001550912857055664,0.17950987815856934,-0.07242011152550987,0.007762312889099121,0.32211601734161377,-0.0933844061975222,0.011527955532073975,0.41079437732696533,-0.10327750318095497,0.010439455509185791,0.47704434394836426,-0.10962802790448478,0.0483400821685791,0.162764310836792,-0.08201970033690742,0.051394522190093994,0.273460328578949,-0.10194884859368614,0.05137211084365845,0.3391491174697876,-0.10892976694152168,0.04756343364715576,0.39452624320983887,-0.11224204175517372
0.0,0.0,0.0,-0.06651026010513306,0.06094801425933838,0.002492473011741936,-0.10409849882125854,0.16038620471954346,-0.006474221341406405,-0.12873798608779907,0.23982757329940796,-0.015167506162171662,-0.1647321581840515,0.2774086594581604,-0.028346256103461087,-0.09536850452423096,0.1939801573753357,-0.0524315039926222,-0.08175450563430786,0.33258122205734253,-0.07732796550924093,-0.07193368673324585,0.4150080680847168,-0.0878720793240717,-0.06394457817077637,0.4778101444244385,-0.09411818416053563,-0.04802429676055908,0.18962347507476807,-0.06667928279573232,-0.03504586219787598,0.3461960554122925,-0.09310766936475545,-0.02696913480758667,0.44209814071655273,-0.10448390872413427,-0.024326026439666748,0.5120879411697388,-0.11203575761253148,0.0013848543167114258,0.1785348653793335,-0.0774878773205927,0.010008156299591064,0.32493871450424194,-0.10031741739446431,0.01324087381362915,0.4123203754425049,-0.10961655409271032,0.010540008544921875,0.4780893921852112,-0.11493819833928853,0.04997986555099487,0.16206538677215576,-0.08592761934930593,0.05371367931365967,0.27657318115234375,-0.10728863508636266,0.05324298143386841,0.3425692319869995,-0.11478718252116948,0.048470377922058105,0.3986799716949463,-0.11808798344070226
0.0,0.0,0.0,0.04965949058532715,0.02984541654586792,-0.008554041112091681,0.08668744564056396,0.08887726068496704,-0.020755023421969554,0.10112321376800537,0.14814522862434387,-0.030546343611803195,0.10945850610733032,0.19408869743347168,-0.040628379868593356,0.07541859149932861,0.10236701369285583,-0.052765345858659884,0.0772584080696106,0.2069801688194275,-0.073679773794737,0.07504892349243164,0.2646932005882263,-0.07953058807763114,0.07252335548400879,0.3090953230857849,-0.08143836884411826,0.03942215442657471,0.10536202788352966,-0.05889559416684165,0.0462532639503479,0.21784329414367676,-0.08111777036103263,0.04733830690383911,0.2852841019630432,-0.08809806286009803,0.04729050397872925,0.3357250690460205,-0.09187439708622946,0.0035457611083984375,0.10776862502098083,-0.0631366956106092,0.012172877788543701,0.2124597430229187,-0.08239732562216773,0.013259649276733398,0.27671802043914795,-0.08964974312695517,0.013813197612762451,0.3254435658454895,-0.09310132889660849,-0.028333961963653564,0.10972219705581665,-0.06664485363873496,-0.020341694355010986,0.19199687242507935,-0.0833690973988439,-0.016861677169799805,0.23897355794906616,-0.08941925196560874,-0.015542387962341309,0.2774558663368225,-0.0921131136885549
0.0,0.0,0.0,0.05105370283126831,0.029281973838806152,-0.008991932622990362,0.08548092842102051,0.08777511119842529,-0.02197372553487753,0.09740692377090454,0.1476074755191803,-0.03225318541367983,0.10364037752151489,0.19605371356010437,-0.043342849366268865,0.07138240337371826,0.10415071249008179,-0.0547667538150165,0.07121521234512329,0.2065160870552063,-0.07762842079242205,0.06785637140274048,0.26420509815216064,-0.08572518279393648,0.06307214498519897,0.30836760997772217,-0.08882846882184481,0.03496372699737549,0.10499352216720581,-0.06047150319059824,0.03912675380706787,0.21570712327957153,-0.08407295694192385,0.03916507959365845,0.2825457453727722,-0.09263368894895052,0.03801065683364868,0.3333103060722351,-0.09723251511891817,-0.0010093450546264648,0.10547435283660889,-0.06411318679889177,0.00455629825592041,0.21104848384857178,-0.08401225706180071,0.00555652379989624,0.2743403911590576,-0.09180622001727556,0.006424248218536377,0.32332271337509155,-0.09548623313744997,-0.03223252296447754,0.10593196749687195,-0.0668640678151462,-0.02656477689743042,0.1879388391971588,-0.08390891005834078,-0.02375704050064087,0.23449021577835083,-0.08947625955184435,-0.022115051746368408,0.27293771505355835,-0.09141469945748781
0.0,0.0,0.0,0.04905420541763306,0.02326264977455139,-0.01277012046676873,0.08354747295379639,0.07877135276794434,-0.028519533986866463,0.09541833400726318,0.13663482666015625,-0.04077375162643193,0.10287874937057495,0.18366628885269165,-0.054076912293851365,0.06879770755767822,0.09335184097290039,-0.06229233224195241,0.06900084018707275,0.19653260707855225,-0.08696910966438054,0.06661200523376465,0.25434279441833496,-0.09545143921178578,0.06258028745651245,0.29854273796081543,-0.09873046208423375,0.03214752674102783,0.09512844681739807,-0.06659392494958638,0.036704957485198975,0.2068922519683838,-0.09242221195501088,0.03666871786117554,0.2747923731803894,-0.10183567036193608,0.03539550304412842,0.32688891887664795,-0.10684055317443608,-0.003078162670135498,0.0964403748512268,-0.06880270172160863,0.004259943962097168,0.20203351974487305,-0.09126556892198323,0.006259441375732422,0.2651933431625366,-0.10054585565131902,0.007863461971282959,0.3146403431892395,-0.10512101132673024,-0.033529698848724365,0.097796231508255,-0.07008254755538701,-0.027536451816558838,0.1762358546257019,-0.08997303474944829,-0.025619924068450928,0.22381478548049927,-0.09779408801597356,-0.024896323680877686,0.2647768259048462,-0.101293804536283
0.0,0.0,0.0,0.04899001121520996,0.02973729372024536,-0.010960087715290001,0.08151513338088989,0.08935132622718811,-0.024932476295731476,0.09255468845367432,0.14808478951454163,-0.0361562264846782,0.1009589433670044,0.19704928994178772,-0.04831322336067956,0.06724673509597778,0.10601401329040527,-0.05485446432103913,0.0658271312713623,0.20806625485420227,-0.07880724647512238,0.06143295764923096,0.2645508348941803,-0.0879913015054683,0.055969953536987305,0.30821534991264343,-0.0919195977734546,0.03153961896896362,0.10648864507675171,-0.05987886392941277,0.033878445625305176,0.21649834513664246,-0.0837076870488147,0.032885074615478516,0.2827719748020172,-0.09306551942100327,0.031446754932403564,0.33349671959877014,-0.09850721487273972,-0.0037633180618286133,0.10544770956039429,-0.06338156440725129,0.0006574392318725586,0.208672434091568,-0.08399957099427979,0.0014429092407226562,0.2719861567020416,-0.09326825716962617,0.0024425387382507324,0.322372704744339,-0.09829086491336625,-0.03520101308822632,0.1038656234741211,-0.06613397279252808,-0.03104984760284424,0.1826654076576233,-0.08474629798402589,-0.02919590473175049,0.2308250367641449,-0.09258697607984345,-0.027892112731933594,0.2728271782398224,-0.09644461104144852
0.0,0.0,0.0,0.04735380411148071,0.028922677040100098,-0.010548260607691873,0.07988995313644409,0.0868687629699707,-0.02343578877386676,0.08824729919433594,0.14610633254051208,-0.03357021565076934,0.09177988767623901,0.19375836849212646,-0.04394682551262008,0.0651315450668335,0.09936773777008057,-0.05049476454493629,0.06359928846359253,0.20231473445892334,-0.07176073322531806,0.058174848556518555,0.2586251497268677,-0.07837745229241477,0.05198383331298828,0.30128443241119385,-0.08033352027175056,0.029472947120666504,0.09923344850540161,-0.05503512600895988,0.031143367290496826,0.20955884456634521,-0.07716139087912666,0.027965068817138672,0.27581340074539185,-0.08521237651345359,0.024404942989349365,0.3266153335571289,-0.0891408962988578,-0.006126880645751953,0.09819895029067993,-0.05804362202522384,-0.0012270212173461914,0.2013167142868042,-0.07746296057936775,-0.0024697184562683105,0.264271080493927,-0.0858597500109397,-0.0033034682273864746,0.3127562999725342,-0.08954736272332298,-0.03851521015167236,0.0973624587059021,-0.0602666629337989,-0.03471410274505615,0.17796391248703003,-0.07720578143832313,-0.03329336643218994,0.22616833448410034,-0.08361098597285377,-0.03225255012512207,0.2667238712310791,-0.08597808013198005
0.0,0.0,0.0,0.04912543296813965,0.028505951166152954,-0.010537181808246032,0.08222925662994385,0.08949986100196838,-0.02457255107779588,0.09290677309036255,0.1499026119709015,-0.03543038090188588,0.09614205360412598,0.1976637840270996,-0.04728529771287526,0.06774431467056274,0.10037440061569214,-0.05988062714655484,0.06600213050842285,0.2052760124206543,-0.08347509970386113,0.06184452772140503,0.2623216509819031,-0.09115989675242986,0.05678355693817139,0.30592668056488037,-0.09400061686952199,0.031758010387420654,0.10038810968399048,-0.06431293656547155,0.0343589186668396,0.21372967958450317,-0.08782117982823934,0.03328448534011841,0.27989262342453003,-0.09547127207238759,0.03186124563217163,0.3291013240814209,-0.0998064594479331,-0.0035695433616638184,0.09978631138801575,-0.06665105541665639,0.000933229923248291,0.20581817626953125,-0.08672401478011693,0.001184701919555664,0.2687076926231384,-0.09482028504331197,0.002126157283782959,0.3169270157814026,-0.09909778257329549,-0.034391045570373535,0.09913033246994019,-0.06807997991759862,-0.03025209903717041,0.1807483434677124,-0.08632982691247548,-0.02853536605834961,0.22843456268310547,-0.0936438458176383,-0.026759207248687744,0.2685980200767517,-0.09715596755464162
0.0,0.0,0.0,0.04866522550582886,0.02542698383331299,-0.012347804670213236,0.08256769180297852,0.08455750346183777,-0.026523754288433565,0.09277892112731934,0.14447101950645447,-0.03733925363886215,0.09561097621917725,0.1916574239730835,-0.048826122944234385,0.06589400768280029,0.09617701172828674,-0.05677776253688194,0.06739646196365356,0.19976431131362915,-0.07986481330263473,0.06472498178482056,0.2562575340270996,-0.08785313955414153,0.06049692630767822,0.29956120252609253,-0.09091288438904144,0.029999732971191406,0.09712985157966614,-0.06059165141451217,0.034569382667541504,0.20843172073364258,-0.084097860668777,0.03478813171386719,0.27489417791366577,-0.09307700238096572,0.03381723165512085,0.3251209855079651,-0.09805171779262878,-0.004576742649078369,0.09769579768180847,-0.06270211032497741,0.001850724220275879,0.2011217474937439,-0.08319356134998657,0.002923130989074707,0.26444804668426514,-0.09262712887394287,0.0036382079124450684,0.31315451860427856,-0.09750777325498916,-0.03431892395019531,0.09912547469139099,-0.06406678101885177,-0.029381513595581055,0.17753726243972778,-0.08293853542673446,-0.027811110019683838,0.22523808479309082,-0.09099108568298675,-0.027135729789733887,0.2656921148300171,-0.09471593639719345
0.0,0.0,0.0,0.04854315519332886,0.034544169902801514,-0.010918423965591728,0.08263379335403442,0.09767568111419678,-0.02398347711564952,0.09464138746261597,0.15796715021133423,-0.03400608381630832,0.09945559501647949,0.20530468225479126,-0.044225851506013214,0.06780785322189331,0.10582044720649719,-0.05555647468568736,0.07016569375991821,0.21039384603500366,-0.07732605046035701,0.06740760803222656,0.2680267095565796,-0.08377556359769756,0.06390082836151123,0.31192445755004883,-0.08596994584800655,0.03240114450454712,0.10774457454681396,-0.060098479002732574,0.03839266300201416,0.21981579065322876,-0.08236300802232677,0.03789985179901123,0.28708434104919434,-0.089189662098903,0.0358160138130188,0.33642739057540894,-0.09294782435895854,-0.0020967721939086914,0.10844311118125916,-0.06290735161306316,0.006303131580352783,0.21169918775558472,-0.08233413702251369,0.007246196269989014,0.27510470151901245,-0.0899538010955041,0.007201492786407471,0.32265108823776245,-0.093789091765899,-0.03260523080825806,0.1088038980960846,-0.06516168868543559,-0.025907576084136963,0.18720722198486328,-0.08228644585611278,-0.02240198850631714,0.23357069492340088,-0.08906117683650905,-0.021148681640625,0.2716708779335022,-0.09238342052699977
0.0,0.0,0.0,0.04557901620864868,0.031644850969314575,-0.008551785268139156,0.07514655590057373,0.09194904565811157,-0.0210652197825425,0.08520686626434326,0.14944371581077576,-0.03088756418998173,0.08926230669021606,0.1941208839416504,-0.04142412870402268,0.058419227600097656,0.09707024693489075,-0.05547678797717026,0.0600016713142395,0.19702422618865967,-0.0777889224814885,0.05614691972732544,0.25238585472106934,-0.08505484043831757,0.05173379182815552,0.294344425201416,-0.08774397849316529,0.024717867374420166,0.0961952805519104,-0.061020299338053974,0.028776466846466064,0.20360183715820312,-0.08421210526699952,0.028583407402038574,0.2672901153564453,-0.0918156090306752,0.027939140796661377,0.315321683883667,-0.09585607378954819,-0.008197367191314697,0.0954628586769104,-0.06434274046893051,-0.001999795436859131,0.19628018140792847,-0.08409530251498154,-0.0013247132301330566,0.25755584239959717,-0.09170460283036164,-0.0006288290023803711,0.3040752410888672,-0.09535623668904236,-0.03628593683242798,0.09517300128936768,-0.06674032240385941,-0.031104981899261475,0.1724139153957367,-0.08396352409596375,-0.029005050659179688,0.2176227569580078,-0.09035428940529755,-0.028424203395843506,0.2549668550491333,-0.09322783678049973
0.0,0.0,0.0,0.0454067587852478,0.03174835443496704,-0.011727252850306513,0.07476937770843506,0.09212413430213928,-0.02495753845758486,0.08323854207992554,0.15021371841430664,-0.03514806448109198,0.0869559645652771,0.19660770893096924,-0.045641931580377104,0.05902057886123657,0.10108783841133118,-0.05408898262865591,0.05882859230041504,0.20011460781097412,-0.07517086981422949,0.054726362228393555,0.254732608795166,-0.08192233263142157,0.05076742172241211,0.2966099977493286,-0.08449185906536627,0.025241971015930176,0.1005752682685852,-0.05826316668279219,0.027895689010620117,0.20712071657180786,-0.07984622834808874,0.02703303098678589,0.27047550678253174,-0.08725882588512945,0.02583456039428711,0.31795138120651245,-0.09152212260849524,-0.007794857025146484,0.09930059313774109,-0.06079938902146864,-0.002735733985900879,0.19828647375106812,-0.07930348335392523,-0.0025237202644348145,0.25931990146636963,-0.08689850835688162,-0.002836942672729492,0.3055380582809448,-0.09090921549685049,-0.03674805164337158,0.09797874093055725,-0.06291943310387182,-0.03260904550552368,0.17366722226142883,-0.07914505420811224,-0.03074347972869873,0.21871095895767212,-0.0856146541107421,-0.030697882175445557,0.2560434937477112,-0.08885689346678305
0.0,0.0,0.0,0.04448282718658447,0.03675198554992676,-0.007389011931564937,0.07244908809661865,0.10019314289093018,-0.019675686162855754,0.07960182428359985,0.15837785601615906,-0.029778740507509838,0.08238327503204346,0.2046312689781189,-0.04043328682794822,0.05936914682388306,0.10693636536598206,-0.05394302974357856,0.055078864097595215,0.20701301097869873,-0.07591218049540771,0.04890567064285278,0.262717068195343,-0.08297952557816757,0.04288679361343384,0.30531567335128784,-0.08535974766030563,0.02661842107772827,0.10404253005981445,-0.05996352354898704,0.024870991706848145,0.2128196358680725,-0.08152882303014053,0.02017378807067871,0.2775425314903259,-0.0878939732433821,0.015947341918945312,0.3267739415168762,-0.09115074123158706,-0.007348358631134033,0.1004912257194519,-0.06373368496909393,-0.007188737392425537,0.2028178572654724,-0.08188215936436904,-0.009433150291442871,0.2636736035346985,-0.08741327668442977,-0.010720133781433105,0.3107224106788635,-0.08969901795401825,-0.03844720125198364,0.0970921516418457,-0.06668241615309967,-0.03766608238220215,0.1773427128791809,-0.08191029275670303,-0.03767383098602295,0.2244059443473816,-0.08651739652171386,-0.038420796394348145,0.2642924189567566,-0.08811444337382568
0.0,0.0,0.0,0.04905301332473755,0.032452672719955444,-0.008083224506407305,0.07999813556671143,0.09356671571731567,-0.020396718033879324,0.08746451139450073,0.15445256233215332,-0.02990951503190331,0.08981937170028687,0.20225656032562256,-0.040014797100155874,0.06207793951034546,0.10803315043449402,-0.054292102554171606,0.06015235185623169,0.20946383476257324,-0.07529366503032975,0.055764615535736084,0.26479077339172363,-0.08125380168232255,0.05091661214828491,0.30639928579330444,-0.08292611429962449,0.028435349464416504,0.10526147484779358,-0.05982493723305993,0.03063911199569702,0.2153456211090088,-0.08219909409555726,0.030010223388671875,0.27925848960876465,-0.0887002025035315,0.028280436992645264,0.32620710134506226,-0.09169473985704713,-0.005270123481750488,0.10185196995735168,-0.06320873389515214,-0.0024082064628601074,0.20647984743118286,-0.08169170955690674,-0.0035373568534851074,0.26810264587402344,-0.08806702236208253,-0.005541324615478516,0.3140430450439453,-0.09081287423643403,-0.035494983196258545,0.09811556339263916,-0.06570575127872758,-0.032495319843292236,0.17975318431854248,-0.08147927860292725,-0.03141021728515625,0.22613054513931274,-0.08654100189480118,-0.03226965665817261,0.2636188268661499,-0.08828130851063065
0.0,0.0,0.0,0.048995375633239746,0.029976874589920044,-0.009211221680942572,0.07971173524856567,0.09055164456367493,-0.022450486169162787,0.08701616525650024,0.14952167868614197,-0.03275746849269012,0.08933514356613159,0.19578352570533752,-0.043859008670750654,0.06538385152816772,0.10208109021186829,-0.055089067638817824,0.06027489900588989,0.20343169569969177,-0.07622338083476166,0.055404841899871826,0.25868698954582214,-0.08274351802558044,0.05001819133758545,0.30008432269096375,-0.08483227339476684,0.030343711376190186,0.09990239143371582,-0.06002325561732391,0.029553472995758057,0.21139124035835266,-0.08136842396945099,0.027711451053619385,0.27454230189323425,-0.08799374845713714,0.025118350982666016,0.32101646065711975,-0.09134720262974838,-0.004752159118652344,0.09712246060371399,-0.06275010851115326,-0.003865182399749756,0.20311155915260315,-0.08043136444777588,-0.00445246696472168,0.2626071274280548,-0.08662101623505691,-0.0051479339599609375,0.30812522768974304,-0.08965421465128998,-0.035762131214141846,0.09418109059333801,-0.06459695097893814,-0.03340071439743042,0.17479023337364197,-0.0801537483641539,-0.03269678354263306,0.22017142176628113,-0.08528569337815384,-0.03277444839477539,0.2588053047657013,-0.0872749909469519
0.0,0.0,0.0,0.04732024669647217,0.028390824794769287,-0.011177850796627808,0.07816725969314575,0.0869513750076294,-0.025493701829361726,0.08729773759841919,0.1434624195098877,-0.03673377810304146,0.09032905101776123,0.1906868815422058,-0.04863143516962509,0.06657618284225464,0.09945455193519592,-0.055893381966996,0.062478721141815186,0.19938063621520996,-0.07891775844876747,0.05791759490966797,0.25452113151550293,-0.08704016534869652,0.052697181701660156,0.2965966463088989,-0.0901234465677021,0.03230881690979004,0.09832954406738281,-0.0603048707384346,0.03126806020736694,0.20773828029632568,-0.083393352015662,0.028953492641448975,0.2710249423980713,-0.0914393606621502,0.025930821895599365,0.31841224431991577,-0.09557245103900414,-0.0023262500762939453,0.09647658467292786,-0.06291888086383324,-0.0010248422622680664,0.19927960634231567,-0.08230452416722756,-0.0016940832138061523,0.25953400135040283,-0.08974856315438728,-0.002618134021759033,0.30670416355133057,-0.09339281348769646,-0.03362554311752319,0.0940805971622467,-0.0648263338047741,-0.03106909990310669,0.17165839672088623,-0.08200700758283119,-0.03058338165283203,0.21730244159698486,-0.08831969825808983,-0.031005382537841797,0.2567453384399414,-0.09096839456145744
0.0,0.0,0.0,0.04340195655822754,0.025412321090698242,-0.012192588405071092,0.07292896509170532,0.07984653115272522,-0.02768561999624808,0.08222788572311401,0.1351141333580017,-0.039627008245645357,0.08600836992263794,0.18178781867027283,-0.052373793081699205,0.06584876775741577,0.08852404356002808,-0.05946455906456549,0.0633501410484314,0.18666043877601624,-0.08334421749538024,0.05844515562057495,0.2429090440273285,-0.09201617922013838,0.05297660827636719,0.28560391068458557,-0.09533227618163664,0.03086864948272705,0.08698180317878723,-0.0638285690111502,0.031200647354125977,0.1947719156742096,-0.08807097758477767,0.02922999858856201,0.2595221698284149,-0.0970224850935324,0.02710866928100586,0.3088625371456146,-0.10132427151626189,-0.0053168535232543945,0.0858306884765625,-0.06591104354089339,-0.0004678964614868164,0.18665161728858948,-0.0858893730801924,-0.0008391737937927246,0.24824044108390808,-0.09306557114547331,-0.0017369389533996582,0.29585251212120056,-0.09611828263228972,-0.03848135471343994,0.08542686700820923,-0.0671302789015158,-0.03339684009552002,0.16166964173316956,-0.08386354531472762,-0.03215682506561279,0.20725402235984802,-0.08840260292714675,-0.032897770404815674,0.24644437432289124,-0.0894003399772032
0.0,0.0,0.0,0.021762192249298096,0.01715835928916931,-0.00882632186218757,0.04124259948730469,0.044126808643341064,-0.023732393919971173,0.051326215267181396,0.06775087118148804,-0.03748417267158288,0.054949164390563965,0.08690312504768372,-0.05458367982461709,0.03797882795333862,0.043972164392471313,-0.04357717552736062,0.034176647663116455,0.08753496408462524,-0.05658185476019639,0.027582943439483643,0.11279261112213135,-0.06509061151697892,0.022127091884613037,0.1287192404270172,-0.07070723915055055,0.020151972770690918,0.040145546197891235,-0.04473671311095018,0.014109134674072266,0.0865374505519867,-0.053709730445888226,0.008083999156951904,0.11438721418380737,-0.05797389888718385,0.0036496520042419434,0.1300486922264099,-0.0641698240633275,0.0015628933906555176,0.036184221506118774,-0.043270327090766614,-0.005214095115661621,0.0768740177154541,-0.05039200553252954,-0.008232295513153076,0.10210072994232178,-0.051324158846881573,-0.009986519813537598,0.11823460459709167,-0.054088201313760464,-0.01599353551864624,0.03260385990142822,-0.04189372056677598,-0.02233031392097473,0.0634172260761261,-0.045935500353124326,-0.02467113733291626,0.08325135707855225,-0.04248698422267694,-0.025796830654144287,0.09763756394386292,-0.04145218425944108
0.0,0.0,0.0,0.0360054075717926,0.009553968906402588,-0.0033229969099863865,0.06170615553855896,0.03543385863304138,-0.009823736281390438,0.07428941130638123,0.06433930993080139,-0.01727729804187561,0.07969650626182556,0.08494648337364197,-0.025821186148817787,0.06370219588279724,0.025913149118423462,-0.0175862568554237,0.06363174319267273,0.08456861972808838,-0.03042557976513649,0.059377700090408325,0.11805969476699829,-0.03859540402262951,0.055489033460617065,0.14537662267684937,-0.043689187162812004,0.04333016276359558,0.01718553900718689,-0.023409500264818917,0.042972058057785034,0.0870196521282196,-0.03542407184212948,0.041426628828048706,0.12692591547966003,-0.04006038560837055,0.040971726179122925,0.159749835729599,-0.043823871308262596,0.022631317377090454,0.013547360897064209,-0.02940398968129898,0.02189210057258606,0.08175092935562134,-0.04170501931875492,0.022816449403762817,0.11991837620735168,-0.04361781805127407,0.023930102586746216,0.1510232388973236,-0.04383253260820652,0.003756970167160034,0.014907509088516235,-0.035723834776575814,0.003969132900238037,0.06638443470001221,-0.044242161804135094,0.008541911840438843,0.09975865483283997,-0.0444983984467342,0.012298375368118286,0.12795385718345642,-0.04395811586945797
0.0,0.0,0.0,0.03431200981140137,0.009510785341262817,-0.004498356295187023,0.06034332513809204,0.037361711263656616,-0.012028233421403911,0.07243525981903076,0.06849446892738342,-0.01989540019388869,0.07931625843048096,0.08976325392723083,-0.02876785331721976,0.06362313032150269,0.02951696515083313,-0.02326757208760455,0.06410890817642212,0.08977347612380981,-0.03718661823626235,0.05947965383529663,0.1245570182800293,-0.04545510866995528,0.05556279420852661,0.1511405110359192,-0.050459764239747074,0.04312896728515625,0.022189825773239136,-0.028650573728043582,0.044442594051361084,0.09424081444740295,-0.04173130476232245,0.04308116436004639,0.1344948410987854,-0.04681897097583487,0.04257094860076904,0.16567480564117432,-0.050755537388283756,0.02218848466873169,0.020585298538208008,-0.033891256240565326,0.022411048412322998,0.09046801924705505,-0.046697329071719196,0.02354586124420166,0.12819939851760864,-0.049172162351567295,0.02493804693222046,0.15727588534355164,-0.04978063636775687,0.0030356943607330322,0.023470520973205566,-0.03935149991269782,0.004660367965698242,0.07509568333625793,-0.04859262266512587,0.008713245391845703,0.10859546065330505,-0.04946659812088683,0.011780112981796265,0.13676458597183228,-0.04924471238012984
0.0,0.0,0.0,0.026255667209625244,0.018634557723999023,-0.008719521572544409,0.04790610074996948,0.05030539631843567,-0.02599947713102324,0.05672675371170044,0.07940152287483215,-0.04213742352808936,0.05924111604690552,0.09893786907196045,-0.061119945717706514,0.05140078067779541,0.040718793869018555,-0.05326013453091605,0.04938387870788574,0.10136869549751282,-0.07131611369337065,0.04474842548370361,0.1404089629650116,-0.0816856902071379,0.04011130332946777,0.1681136190891266,-0.0870870333143614,0.03171265125274658,0.03545352816581726,-0.05579751543487532,0.030419349670410156,0.10257011651992798,-0.06892418674911482,0.027163684368133545,0.1430368423461914,-0.07098591886247618,0.025604963302612305,0.17004543542861938,-0.0745089780517958,0.009725987911224365,0.03525751829147339,-0.0555141884812258,0.010705232620239258,0.0992673933506012,-0.06615313701118453,0.011790573596954346,0.1345045268535614,-0.06518836132968886,0.012844383716583252,0.15936562418937683,-0.06578999571289046,-0.012298047542572021,0.039035916328430176,-0.05526877008165343,-0.007174164056777954,0.09071201086044312,-0.062241150064124895,-0.0032810568809509277,0.12077316641807556,-0.058222761375560594,-0.000819087028503418,0.14443081617355347,-0.05602967552627547
0.0,0.0,0.0,0.03504997491836548,0.01291385293006897,-0.005762555086249677,0.061015963554382324,0.039898067712783813,-0.01386530362927374,0.07284808158874512,0.06828835606575012,-0.022404921622211305,0.0779120922088623,0.08784124255180359,-0.03183323462420162,0.06774193048477173,0.03103005886077881,-0.022116220937306252,0.06628966331481934,0.09069055318832397,-0.03744954560809788,0.0584263801574707,0.12449705600738525,-0.04666296337657627,0.05291485786437988,0.14900115132331848,-0.05175966341906246,0.04774510860443115,0.02228224277496338,-0.027002732650572625,0.045464158058166504,0.09389105439186096,-0.04048930798583683,0.041916489601135254,0.1329282820224762,-0.04509222824984249,0.040112853050231934,0.16249465942382812,-0.04833041821532902,0.0268518328666687,0.018866151571273804,-0.03231194932871517,0.02414548397064209,0.08976617455482483,-0.04559296687060055,0.02416229248046875,0.12708771228790283,-0.047479204283291665,0.024734020233154297,0.15613147616386414,-0.04724751730375942,0.0068299174308776855,0.02068766951560974,-0.03814249058180508,0.007454335689544678,0.0714559257030487,-0.04724405650907215,0.011224925518035889,0.10466623306274414,-0.04772134070211109,0.014112114906311035,0.13283222913742065,-0.04697682280951199
0.0,0.0,0.0,0.0360318124294281,0.010601311922073364,-0.008036473689998047,0.06129303574562073,0.037341803312301636,-0.017172079457367317,0.07437732815742493,0.07154613733291626,-0.026634056045139687,0.08221367001533508,0.09817609190940857,-0.03724268816264953,0.060587555170059204,0.021408289670944214,-0.021430868579471962,0.058645278215408325,0.08154761791229248,-0.03741128735097732,0.05692806839942932,0.11624026298522949,-0.0484952665105709,0.056150883436203,0.1440473198890686,-0.05557950951012458,0.03984895348548889,0.01488262414932251,-0.02609126821013774,0.03984275460243225,0.0850135087966919,-0.04156034059676017,0.04001811146736145,0.12480336427688599,-0.048851683659876244,0.040657371282577515,0.15713083744049072,-0.05416940145047988,0.019115179777145386,0.012590914964675903,-0.031433045788133995,0.018750101327896118,0.08085691928863525,-0.0472094192341217,0.02157488465309143,0.11825805902481079,-0.05074327804001655,0.024142354726791382,0.1486349105834961,-0.05141781262906875,-0.00041168928146362305,0.014649361371994019,-0.037461720331037895,-0.0003889501094818115,0.06272897124290466,-0.04907265297921981,0.00558510422706604,0.09594571590423584,-0.05085686214121665,0.010031014680862427,0.12510588765144348,-0.05093313000949706
0.0,0.0,0.0,0.04110664129257202,0.007366269826889038,-0.0035566160080406917,0.07023394107818604,0.02478039264678955,-0.010683593908083822,0.08667904138565063,0.052574366331100464,-0.019210004815590764,0.09808123111724854,0.07863637804985046,-0.02846369669748583,0.07738423347473145,0.002431720495223999,-0.012995277167988206,0.07711142301559448,0.0549834668636322,-0.02916928344382086,0.07334786653518677,0.09005659818649292,-0.041195012265575315,0.06953597068786621,0.11935558915138245,-0.04880153723968306,0.05810248851776123,-0.008267849683761597,-0.019611511016023542,0.0575486421585083,0.05585372447967529,-0.035151246571672345,0.05608731508255005,0.09629616141319275,-0.042672283584010984,0.0554506778717041,0.12984806299209595,-0.047918375218046094,0.03709053993225098,-0.013338178396224976,-0.027127036461365606,0.03684812784194946,0.05059519410133362,-0.042414139592779065,0.03864926099777222,0.08981582522392273,-0.0452366914690856,0.04042011499404907,0.12191793322563171,-0.045503388726842786,0.016055554151535034,-0.014166295528411865,-0.03516029902709761,0.017994552850723267,0.03387269377708435,-0.045828211689126874,0.02264106273651123,0.06724745035171509,-0.04690701478136816,0.02699357271194458,0.09587603807449341,-0.0464639250279788
0.0,0.0,0.0,0.02625173330307007,0.021182984113693237,-0.009447980409333923,0.04782360792160034,0.05286496877670288,-0.027008760457704284,0.05866861343383789,0.08541962504386902,-0.04378823164648793,0.06475865840911865,0.11162695288658142,-0.06358401451058171,0.049993693828582764,0.042538583278656006,-0.05155399042911313,0.05197983980178833,0.10299679636955261,-0.07019770864195607,0.046695590019226074,0.14160755276679993,-0.08102477315611623,0.040132105350494385,0.16839000582695007,-0.08662864539570592,0.03252226114273071,0.03525960445404053,-0.05376035693831227,0.03289288282394409,0.10307157039642334,-0.0666212734932401,0.03020864725112915,0.14647221565246582,-0.06881059679932378,0.02797245979309082,0.17453566193580627,-0.07267462435908101,0.012145698070526123,0.03328990936279297,-0.05353059593386433,0.013584613800048828,0.09716206789016724,-0.06360962960667393,0.015292108058929443,0.13464957475662231,-0.06305038902706883,0.016174733638763428,0.16130772233009338,-0.06417857829279683,-0.00947791337966919,0.035088300704956055,-0.053542773907850005,-0.00514453649520874,0.08712661266326904,-0.05967672515458844,-0.0013678669929504395,0.11737081408500671,-0.05629955950922749,0.0005805492401123047,0.14152637124061584,-0.05502533513850949
0.0,0.0,0.0,-0.018756508827209473,2.2113323211669922e-05,-0.005625775974493763,-0.033774763345718384,0.01285010576248169,-0.015073967125516674,-0.04489701986312866,0.036633968353271484,-0.0239183110709007,-0.050363004207611084,0.06220442056655884,-0.0350159378315027,-0.02669590711593628,-0.006303548812866211,-0.02853426053772523,-0.03397759795188904,0.03408399224281311,-0.039234221872192165,-0.03227663040161133,0.0621265172958374,-0.04662194192061975,-0.030726343393325806,0.07987579703330994,-0.05196226849804475,-0.008468955755233765,-0.0024375319480895996,-0.03255754053245141,-0.011784523725509644,0.04931825399398804,-0.04244653224597528,-0.010472029447555542,0.08324238657951355,-0.048043609556060574,-0.00878170132637024,0.10356315970420837,-0.054360185709100506,0.0065908730030059814,0.005211621522903442,-0.03522406234989717,0.00429573655128479,0.05604422092437744,-0.04390947982321336,0.003472954034805298,0.0868886411190033,-0.046150308992963573,0.004251271486282349,0.10497286915779114,-0.04957288965235307,0.01883697509765625,0.015420585870742798,-0.03776388704429223,0.018320679664611816,0.0586107075214386,-0.04680739059696748,0.016787707805633545,0.08286479115486145,-0.04704985484133317,0.01529550552368164,0.0982154905796051,-0.04773277133355691
0.0,0.0,0.0,-0.02108129858970642,-0.01556357741355896,-0.008609999122100476,-0.046950846910476685,-0.013755738735198975,-0.010999676922338608,-0.06517723202705383,-0.0018315017223358154,-0.012632947565990094,-0.07892367243766785,0.010654240846633911,-0.01432957794703782,-0.0576859712600708,0.01874479651451111,-0.008093613350766304,-0.08574023842811584,0.035905301570892334,-0.016559581423180703,-0.10585790872573853,0.04607149958610535,-0.022545552963393334,-0.12218725681304932,0.05187863111495972,-0.026258089730518464,-0.05513262748718262,0.03510779142379761,-0.008204618619757298,-0.08376678824424744,0.0528562068939209,-0.016494476387279633,-0.10510170459747314,0.061223745346069336,-0.02338169809617341,-0.12308633327484131,0.06505072116851807,-0.027685965562241677,-0.0483892560005188,0.04813653230667114,-0.00925439424999297,-0.074200838804245,0.06546628475189209,-0.01733832169510663,-0.09311911463737488,0.07213771343231201,-0.022776761243122223,-0.10886111855506897,0.07536488771438599,-0.025604673812168244,-0.03838777542114258,0.05874401330947876,-0.010913597570734623,-0.056964725255966187,0.0752028226852417,-0.018462148645895127,-0.07040750980377197,0.08162105083465576,-0.02198408466018975,-0.08278787136077881,0.08530431985855103,-0.023541609907525185
0.0,0.0,0.0,0.02641308307647705,0.03971588611602783,-0.011516963444481831,0.04007619619369507,0.09698730707168579,-0.02062764050049637,0.0429997444152832,0.1465829610824585,-0.027344815745781403,0.046572864055633545,0.18634572625160217,-0.03495498219115589,0.02962285280227661,0.09111160039901733,-0.036751659899781686,0.032540321350097656,0.16934692859649658,-0.051548062205146294,0.03225666284561157,0.21551474928855896,-0.05570098602754925,0.02759075164794922,0.24941933155059814,-0.05746491470916126,0.004213571548461914,0.08260959386825562,-0.039099769979547006,0.008190304040908813,0.1681765913963318,-0.0569937399922118,0.007811218500137329,0.2240588665008545,-0.06439902105910633,0.005278468132019043,0.265048623085022,-0.06819461503608082,-0.01844567060470581,0.07606178522109985,-0.04085895636660908,-0.015758484601974487,0.1591467261314392,-0.05972951495630596,-0.016458779573440552,0.21417105197906494,-0.06835770079476688,-0.01794186234474182,0.25606590509414673,-0.07126277157647465,-0.038965433835983276,0.07278904318809509,-0.04203655043227528,-0.0376967191696167,0.14229577779769897,-0.058695735722611886,-0.03723853826522827,0.18667486310005188,-0.06433116862161015,-0.038230061531066895,0.22238576412200928,-0.06593120315654133
0.0,0.0,0.0,0.03225746750831604,0.032025277614593506,-0.009134975632022702,0.05449250340461731,0.08693245053291321,-0.01800686157990583,0.06206485629081726,0.13459137082099915,-0.024635926259051644,0.06951025128364563,0.17089158296585083,-0.03115899897862562,0.052804023027420044,0.07975113391876221,-0.038951523972045266,0.04680702090263367,0.1599116027355194,-0.05589326880622991,0.04068019986152649,0.20491790771484375,-0.06071686409164556,0.034457772970199585,0.23950260877609253,-0.0623053763036836,0.02453950047492981,0.07477959990501404,-0.041832212728749596,0.02177789807319641,0.16205403208732605,-0.059089661014567696,0.017129093408584595,0.21392309665679932,-0.06465314365674146,0.012329041957855225,0.25387275218963623,-0.06754138357688078,-0.004341930150985718,0.07153269648551941,-0.04395357928920873,-0.004453420639038086,0.1541038155555725,-0.059333559495698296,-0.008680164813995361,0.20492497086524963,-0.06531004644681104,-0.01192513108253479,0.24396657943725586,-0.06771707571793684,-0.03220972418785095,0.0708003044128418,-0.0456759635334123,-0.03005555272102356,0.13605207204818726,-0.05879165269185194,-0.029879003763198853,0.17432236671447754,-0.0636287856822122,-0.029113739728927612,0.2065800130367279,-0.0656695816640962
0.0,0.0,0.0,0.03636288642883301,0.02847805619239807,-0.0067107248302988864,0.058349609375,0.08523508906364441,-0.016207603197216258,0.06420928239822388,0.13923996686935425,-0.023701495881795154,0.07169735431671143,0.18170437216758728,-0.031333475764512286,0.05771881341934204,0.08506512641906738,-0.040595512296675906,0.05027419328689575,0.16662254929542542,-0.057672284003018603,0.044413864612579346,0.2117449939250946,-0.06239269992303775,0.03963637351989746,0.24627140164375305,-0.06374196654152797,0.030102252960205078,0.08125141263008118,-0.044978640433072314,0.02541440725326538,0.17091432213783264,-0.062251567300080524,0.021943390369415283,0.22248467803001404,-0.06670280491900371,0.019589632749557495,0.2606166899204254,-0.06869868135046886,0.0010704994201660156,0.07772144675254822,-0.04812721854042934,-0.0004696846008300781,0.16425901651382446,-0.06194347089123653,-0.00192338228225708,0.21346503496170044,-0.0657843942005627,-0.002430051565170288,0.25084903836250305,-0.06734700446915554,-0.026967167854309082,0.07564714550971985,-0.05081085061621593,-0.026278823614120483,0.1422247290611267,-0.06285437887501644,-0.025469660758972168,0.1824015974998474,-0.06729650443386959,-0.024659186601638794,0.21672546863555908,-0.06922069882941173
0.0,0.0,0.0,-0.03028780221939087,-0.01534309983253479,-0.01513126165454537,-0.06801217794418335,-0.0030194520950317383,-0.021943479299892488,-0.09548813104629517,0.02113524079322815,-0.02630053412948996,-0.11308151483535767,0.041528552770614624,-0.031072306901563707,-0.0604170560836792,0.055376142263412476,-0.023445441842426362,-0.06700748205184937,0.11872673034667969,-0.036414464459170404,-0.07160183787345886,0.15989255905151367,-0.04618291322921664,-0.07332256436347961,0.19087767601013184,-0.051889249578465524,-0.04703804850578308,0.0672309398651123,-0.020883118257273736,-0.06602045893669128,0.11954441666603088,-0.030881938979376855,-0.0871710479259491,0.14934420585632324,-0.03817887742852122,-0.09938788414001465,0.1735610067844391,-0.04367871721123606,-0.03331384062767029,0.07628321647644043,-0.019208335772503915,-0.05075317621231079,0.12700220942497253,-0.029356661707510057,-0.06699219346046448,0.15997284650802612,-0.03424873714183718,-0.0739472508430481,0.1869560182094574,-0.03650789473985583,-0.019324958324432373,0.08534550666809082,-0.018345579028476777,-0.029185950756072998,0.1313416063785553,-0.028239802912224832,-0.04119223356246948,0.1636389195919037,-0.03135483105515391,-0.04877552390098572,0.1912243366241455,-0.03215767954324633
0.0,0.0,0.0,0.033864349126815796,0.03550007939338684,-0.008663348127115,0.05615678429603577,0.09553349018096924,-0.01845170764248394,0.06457731127738953,0.14870846271514893,-0.026020996477413405,0.0783815085887909,0.18626439571380615,-0.033611418884206046,0.05611768364906311,0.09024545550346375,-0.039809784125495185,0.049716025590896606,0.17198750376701355,-0.05654761401932262,0.043119221925735474,0.21673926711082458,-0.06088557301085018,0.03706899285316467,0.25113973021507263,-0.06215231327335857,0.028270095586776733,0.08521312475204468,-0.043179819565224875,0.02406904101371765,0.17581769824028015,-0.059762513469863165,0.018308550119400024,0.22714868187904358,-0.06459815634410404,0.012923598289489746,0.26652559638023376,-0.06732310188930057,-0.0005950629711151123,0.08087179064750671,-0.04571693597357296,-0.002602994441986084,0.16861438751220703,-0.06024209616701626,-0.00691184401512146,0.2184368073940277,-0.06595618112008594,-0.010035544633865356,0.2559356987476349,-0.06875545365731739,-0.02900412678718567,0.0786558985710144,-0.04782621024172329,-0.02842932939529419,0.14671635627746582,-0.05995143784205936,-0.028971105813980103,0.1857934594154358,-0.06512375755231403,-0.02897021174430847,0.21929433941841125,-0.06795337630431675
0.0,0.0,0.0,0.03257566690444946,0.034861087799072266,-0.009154927913002098,0.05291527509689331,0.09503200650215149,-0.019183088090173328,0.05989879369735718,0.1486646831035614,-0.026642179112783992,0.07044589519500732,0.1898927390575409,-0.03427271172022017,0.052995383739471436,0.08650904893875122,-0.04371740668629798,0.04625600576400757,0.1683032512664795,-0.059963665898791874,0.038641929626464844,0.21373045444488525,-0.06257935240482482,0.03225088119506836,0.2476925253868103,-0.06278773769354018,0.02484297752380371,0.08178257942199707,-0.046598318960420215,0.020717203617095947,0.17134574055671692,-0.06388407572721633,0.01481473445892334,0.22403717041015625,-0.06836410238956603,0.010335922241210938,0.26423269510269165,-0.07100990786766204,-0.004442006349563599,0.07861131429672241,-0.04840036853765639,-0.00506359338760376,0.16555532813072205,-0.06388332321857604,-0.00926634669303894,0.21672260761260986,-0.07011612131809386,-0.010982543230056763,0.2552323341369629,-0.07329321279739531,-0.03258919715881348,0.07693418860435486,-0.049594178791991794,-0.031240195035934448,0.14526110887527466,-0.06299998983358535,-0.031956106424331665,0.18461740016937256,-0.06905272230123671,-0.03136223554611206,0.21758002042770386,-0.07252227142070922
0.0,0.0,0.0,0.035603344440460205,0.03527840971946716,-0.00819927501663642,0.058788001537323,0.09317156672477722,-0.018224118754119445,0.07249534130096436,0.14556589722633362,-0.026107782974690963,0.09132426977157593,0.1795768439769745,-0.03416078026577907,0.05554836988449097,0.09147676825523376,-0.04110665480777698,0.05535000562667847,0.17197751998901367,-0.058054792240113784,0.05282682180404663,0.21677660942077637,-0.06276461343452411,0.04985624551773071,0.2508777976036072,-0.06441587071105914,0.028368830680847168,0.0889560878276825,-0.045566218450517226,0.025522708892822266,0.17693746089935303,-0.06302710483953433,0.021889805793762207,0.22876125574111938,-0.06841752539560275,0.018124788999557495,0.26638633012771606,-0.0715754912345119,-0.0007458329200744629,0.08440527319908142,-0.04909000034615474,-0.008589863777160645,0.1707409918308258,-0.06604054431602435,-0.015755116939544678,0.2212144136428833,-0.07335822145626025,-0.021556764841079712,0.2573145627975464,-0.0769465775339313,-0.028251290321350098,0.08064872026443481,-0.05189249898478465,-0.03990629315376282,0.14520731568336487,-0.0661528096644588,-0.04848775267601013,0.18187865614891052,-0.07229746739551501,-0.05531531572341919,0.212147057056427,-0.07567559044048267
0.0,0.0,0.0,0.035832613706588745,0.036177486181259155,-0.009092035182277414,0.05743035674095154,0.09472936391830444,-0.019443771280805322,0.06825879216194153,0.14760980010032654,-0.026960019432465288,0.08484157919883728,0.1824720799922943,-0.03448233608202145,0.055779725313186646,0.08866778016090393,-0.044338887967626306,0.054333120584487915,0.16985127329826355,-0.06267394352749989,0.051309674978256226,0.21719887852668762,-0.06870115775660679,0.047466784715652466,0.2535496652126312,-0.07125435996846363,0.027693837881088257,0.0848710834980011,-0.047946481444398614,0.02443358302116394,0.1754816770553589,-0.06650558341340229,0.020976513624191284,0.22946855425834656,-0.07307107228831455,0.01668781042098999,0.26971152424812317,-0.07707758475140736,-0.0021250247955322266,0.08090567588806152,-0.050300715901414605,-0.007465571165084839,0.17062672972679138,-0.06741136539773152,-0.012443512678146362,0.22266146540641785,-0.07558781880931065,-0.01704925298690796,0.26130226254463196,-0.08006846386984989,-0.02980712056159973,0.07775387167930603,-0.05191901553467915,-0.04108789563179016,0.13947302103042603,-0.0664709233124654,-0.048999935388565063,0.1762627363204956,-0.07357390452222035,-0.05599623918533325,0.2080688178539276,-0.07779839862183735
0.0,0.0,0.0,0.03480929136276245,0.035228729248046875,-0.007367209874146852,0.05598151683807373,0.09764960408210754,-0.016185651410424384,0.06509959697723389,0.15414342284202576,-0.023327614057862434,0.07810688018798828,0.19399303197860718,-0.03074879652639595,0.055883169174194336,0.09540185332298279,-0.03681065968056885,0.05350548028945923,0.17612817883491516,-0.05438673949619499,0.05037498474121094,0.22213312983512878,-0.06049194640299049,0.04806262254714966,0.2575817406177521,-0.06315722769876686,0.030117452144622803,0.09268686175346375,-0.041290574584209594,0.02618783712387085,0.181655615568161,-0.05919180518766609,0.023139595985412598,0.23541882634162903,-0.06537966883560387,0.02118515968322754,0.27577534317970276,-0.06885523057361809,0.001928865909576416,0.08828645944595337,-0.04507979831477371,-0.0019401311874389648,0.17627188563346863,-0.0609671332575914,-0.005514562129974365,0.2278444468975067,-0.06829338974138466,-0.008475780487060547,0.2664419114589691,-0.07213985628267494,-0.025996387004852295,0.08331534266471863,-0.04836469597002235,-0.032435834407806396,0.1460423767566681,-0.06222291371604172,-0.038342297077178955,0.18506306409835815,-0.06942942446848122,-0.04430502653121948,0.21871545910835266,-0.07366080290456978
0.0,0.0,0.0,0.03596252202987671,0.030528128147125244,-0.006571638337504737,0.056258320808410645,0.08892175555229187,-0.015402291375380628,0.06377536058425903,0.14374345541000366,-0.022141252118331067,0.07637250423431396,0.18414872884750366,-0.0294702355146228,0.054872095584869385,0.08847150206565857,-0.0394263588219701,0.05287158489227295,0.16676339507102966,-0.056722710314375036,0.04984128475189209,0.21267220377922058,-0.06294495466647732,0.047081589698791504,0.24845334887504578,-0.06537918600736248,0.029116272926330566,0.08454370498657227,-0.04368603083787548,0.025829017162322998,0.17176583409309387,-0.06027201044855701,0.022687315940856934,0.22423222661018372,-0.06608754250703441,0.02032184600830078,0.26369717717170715,-0.0693442210882722,0.0011223554611206055,0.08031019568443298,-0.04660565632877933,-0.000847160816192627,0.1649421751499176,-0.060634045335632436,-0.004003405570983887,0.2147558629512787,-0.06687946471868145,-0.006143033504486084,0.2519167363643646,-0.07011345628200161,-0.02654135227203369,0.07665860652923584,-0.04880741092858898,-0.029145479202270508,0.14257881045341492,-0.06079563352761852,-0.03178584575653076,0.18144026398658752,-0.06596923473773586,-0.03433603048324585,0.2143508493900299,-0.06854131672082531
0.0,0.0,0.0,0.035529255867004395,0.03281828761100769,-0.005090201521653626,0.05678027868270874,0.09364110231399536,-0.013247408220905754,0.06405264139175415,0.15013641119003296,-0.020091972561914417,0.07555621862411499,0.19303414225578308,-0.02733356623573968,0.05496793985366821,0.09657338261604309,-0.03648184730334947,0.05289667844772339,0.1764794886112213,-0.05196214957757661,0.049007952213287354,0.2202303111553192,-0.05689718692227075,0.045739591121673584,0.2546442449092865,-0.05884573726578424,0.03156846761703491,0.09295007586479187,-0.042303395705658886,0.02925175428390503,0.18112733960151672,-0.057424542742211315,0.026848912239074707,0.23290184140205383,-0.06220605342312524,0.025424838066101074,0.27263715863227844,-0.06515722467227647,0.004898667335510254,0.08807331323623657,-0.04693304120226571,0.0016583800315856934,0.17260095477104187,-0.059564088719326946,-0.0011749267578125,0.22300973534584045,-0.06493895991368959,-0.0025078952312469482,0.26240095496177673,-0.0683307398728914,-0.022193342447280884,0.08274522423744202,-0.051057704972464535,-0.022940009832382202,0.14838731288909912,-0.06206308050676057,-0.024522602558135986,0.18555089831352234,-0.06650967641397187,-0.02618163824081421,0.21704867482185364,-0.06907105936332414
0.0,0.0,0.0,0.03466549515724182,0.027251899242401123,-0.006176614001248026,0.05706736445426941,0.08317604660987854,-0.015456815048906947,0.06554856896400452,0.13640853762626648,-0.022904750689718867,0.07486644387245178,0.17513731122016907,-0.03079922942802682,0.05731382966041565,0.08515515923500061,-0.03958799390480294,0.05480155348777771,0.165198415517807,-0.05617079956815019,0.05058184266090393,0.21001139283180237,-0.06151020972416177,0.0465255081653595,0.24412688612937927,-0.06312076447889581,0.03200754523277283,0.08157733082771301,-0.044069931641075755,0.030471354722976685,0.1697634756565094,-0.05995901374504342,0.02704569697380066,0.22035416960716248,-0.06416753379986062,0.023410171270370483,0.2582242786884308,-0.06598344890758767,0.00399354100227356,0.07865437865257263,-0.04718869252488389,0.0036305487155914307,0.16330894827842712,-0.05955471171424165,0.0010757148265838623,0.21256306767463684,-0.0632549717871882,-0.0014043450355529785,0.25038740038871765,-0.06498667298242822,-0.02363935112953186,0.07656601071357727,-0.049828261867020274,-0.022653788328170776,0.1407308280467987,-0.060304504617903376,-0.023974955081939697,0.17841270565986633,-0.06361690609142556,-0.025915861129760742,0.2106023132801056,-0.06483746020481362
0.0,0.0,0.0,0.03477892279624939,0.03249683976173401,-0.0040698721274878835,0.057517796754837036,0.09126824140548706,-0.011695717388406024,0.0659089982509613,0.144670307636261,-0.018173688949659095,0.07514944672584534,0.1844184398651123,-0.02501792080850862,0.05478265881538391,0.0932953953742981,-0.03431522093863748,0.05247500538825989,0.17368125915527344,-0.050705235378458724,0.04899284243583679,0.2185441255569458,-0.056200403647139296,0.0457862913608551,0.2529032826423645,-0.058259300814583526,0.031966179609298706,0.09032571315765381,-0.039900001065447555,0.03092774748802185,0.1792086362838745,-0.055550724194958434,0.027712255716323853,0.23215675354003906,-0.06060018755646013,0.025308161973953247,0.27192163467407227,-0.06349141515941881,0.006221681833267212,0.08756822347640991,-0.04440271102042459,0.006245553493499756,0.1728682518005371,-0.05737306542845033,0.0044495463371276855,0.22482013702392578,-0.06263128288240694,0.0032737553119659424,0.26455456018447876,-0.06546322621555589,-0.020113229751586914,0.08540454506874084,-0.04833877824397348,-0.018349945545196533,0.15181219577789307,-0.0596157050892856,-0.01852172613143921,0.19140654802322388,-0.06429557122440599,-0.019048839807510376,0.2250218391418457,-0.06675321974010728
0.0,0.0,0.0,0.03573620319366455,0.0320892333984375,-0.0033875559172713565,0.05684161186218262,0.09078818559646606,-0.010653820326098185,0.06425553560256958,0.14401143789291382,-0.016864595440694075,0.07631343603134155,0.18291187286376953,-0.023661273968883734,0.05775803327560425,0.09617817401885986,-0.034606012952991705,0.05425840616226196,0.1741253137588501,-0.05084583858914016,0.04989957809448242,0.21798431873321533,-0.05622889797157882,0.0465429425239563,0.25174862146377563,-0.05838444407052634,0.03395611047744751,0.09243300557136536,-0.04085570896930335,0.03065669536590576,0.17913740873336792,-0.05691694418854354,0.02665621042251587,0.23144042491912842,-0.061957705271908026,0.023766517639160156,0.2708820700645447,-0.06481368045277236,0.006979852914810181,0.08746176958084106,-0.04596740703053115,0.004743248224258423,0.17121773958206177,-0.05956295828289626,0.0027928054332733154,0.22170722484588623,-0.06513708780474303,0.0019667744636535645,0.261902391910553,-0.06827373008198379,-0.020853757858276367,0.08181381225585938,-0.05038673008746741,-0.020959436893463135,0.14708054065704346,-0.06308214317030547,-0.020410984754562378,0.1868765950202942,-0.06882146696514724,-0.019812941551208496,0.22187775373458862,-0.07192771832413314
0.0,0.0,0.0,0.03752896189689636,0.03215470910072327,-0.0020285254259988506,0.06048622727394104,0.09173280000686646,-0.009838204682750984,0.06968620419502258,0.14624318480491638,-0.01687478166161327,0.08065959811210632,0.18795326352119446,-0.024448218607290073,0.060126692056655884,0.09914228320121765,-0.035755851157887264,0.056185394525527954,0.18177881836891174,-0.05185304287908821,0.0510002076625824,0.22739729285240173,-0.05688308630226402,0.04726722836494446,0.26249387860298157,-0.058436558433754726,0.035460978746414185,0.09465351700782776,-0.042570155897124096,0.032823771238327026,0.18811485171318054,-0.05771863538859634,0.028807908296585083,0.24111232161521912,-0.061654207148535534,0.02660563588142395,0.28081849217414856,-0.06365840587852745,0.0075952112674713135,0.08981761336326599,-0.047838845142109676,0.004744410514831543,0.18026253581047058,-0.059947759696228786,0.0024077296257019043,0.2315489947795868,-0.06402309689758567,0.0024484992027282715,0.27062228322029114,-0.0661401421212986,-0.02132117748260498,0.0849568247795105,-0.05229361061094551,-0.021607130765914917,0.15664449334144592,-0.06262269321916847,-0.021251559257507324,0.19581338763237,-0.0661025911950901,-0.018881529569625854,0.22827735543251038,-0.06756207797764091
0.0,0.0,0.0,0.037138789892196655,0.03807300329208374,-0.002455018471025028,0.05957290530204773,0.09946450591087341,-0.010569242770813503,0.06857481598854065,0.15283465385437012,-0.018065546649538078,0.07739409804344177,0.19505763053894043,-0.026010400625906982,0.057625263929367065,0.10543784499168396,-0.036036652523122825,0.05463525652885437,0.18918156623840332,-0.052648582506023445,0.05061313509941101,0.23380368947982788,-0.05760601257070164,0.04677358269691467,0.26830267906188965,-0.05922200624927143,0.0335594117641449,0.09998065233230591,-0.04319053609951595,0.03096410632133484,0.19532239437103271,-0.05950369780047993,0.02679535746574402,0.24842870235443115,-0.06406307314618687,0.022891193628311157,0.2881847620010376,-0.06632550899966816,0.005923241376876831,0.09325838088989258,-0.04889806454166035,0.003149658441543579,0.18619251251220703,-0.062165078717313804,0.0009514689445495605,0.23833709955215454,-0.06686834340079884,-0.0005441009998321533,0.2788350582122803,-0.06929598842843632,-0.023385971784591675,0.08591577410697937,-0.05382867624147991,-0.023054957389831543,0.15647149085998535,-0.06528072898372272,-0.0225924551486969,0.19661957025527954,-0.06949489657863239,-0.022021502256393433,0.23082208633422852,-0.07143425290568928
0.0,0.0,0.0,0.03678053617477417,0.034235864877700806,-0.00425377514413583,0.06093639135360718,0.09346652030944824,-0.012362597307330248,0.07111471891403198,0.1471070647239685,-0.019542567229038355,0.08043545484542847,0.1895744800567627,-0.02689869867838013,0.05743497610092163,0.09693214297294617,-0.03325703719831097,0.05675053596496582,0.1776103973388672,-0.04929578656530964,0.05454850196838379,0.22221267223358154,-0.05417003089762318,0.052868664264678955,0.2559860348701477,-0.05564875135398495,0.03294092416763306,0.09450069069862366,-0.03904697278714764,0.03237354755401611,0.1849609613418579,-0.05422706881738293,0.030185222625732422,0.237348735332489,-0.05832709724283802,0.02851921319961548,0.2762940526008606,-0.060302059894567606,0.005893111228942871,0.09120482206344604,-0.04394362846589672,0.005569905042648315,0.178419291973114,-0.05621297637200939,0.0040777623653411865,0.22953802347183228,-0.06044436970925915,0.0034804046154022217,0.26904726028442383,-0.06254095563865292,-0.02182909846305847,0.08703434467315674,-0.04833268726444828,-0.021219193935394287,0.1542729139328003,-0.05872442925549137,-0.0208246111869812,0.19452190399169922,-0.06253597120023358,-0.019931375980377197,0.22929173707962036,-0.06426684538102734
0.0,0.0,0.0,0.07795238494873047,0.04434540867805481,-0.019464206549230312,0.1292879581451416,0.147487610578537,-0.047773130836787914,0.14758318662643433,0.24893838167190552,-0.06830793306500027,0.17914146184921265,0.31762558221817017,-0.09006967082888195,0.1374800205230713,0.12204620242118835,-0.12225531474024365,0.13038086891174316,0.3022221326828003,-0.16815915391117642,0.12118256092071533,0.40485191345214844,-0.18166778669029782,0.11082267761230469,0.4807983636856079,-0.1853032974925668,0.07645553350448608,0.11424919962882996,-0.13025870606571743,0.07394629716873169,0.317202627658844,-0.17953325495392392,0.07016623020172119,0.43490803241729736,-0.19147154376179287,0.06604182720184326,0.5182984471321106,-0.19567325398594448,0.01282203197479248,0.11618652939796448,-0.13324276790291378,0.018635451793670654,0.3090459704399109,-0.17220505759388516,0.021080195903778076,0.41882556676864624,-0.181450334044996,0.024548351764678955,0.49772679805755615,-0.18349948212772915,-0.04664731025695801,0.12636277079582214,-0.1342352746453912,-0.034971922636032104,0.27401435375213623,-0.16377329513699124,-0.027616024017333984,0.36124444007873535,-0.1716481564965875,-0.021380901336669922,0.4317969083786011,-0.17383628770977566
0.0,0.0,0.0,0.07370275259017944,0.04714277386665344,-0.02316371506105952,0.12549805641174316,0.15192261338233948,-0.05509596845161013,0.14893025159835815,0.2506266236305237,-0.07887612810384326,0.18495172262191772,0.3165576457977295,-0.10440668990861468,0.13573598861694336,0.12458765506744385,-0.12916797926675372,0.12695813179016113,0.3002071976661682,-0.1762055509353786,0.12000805139541626,0.39747148752212524,-0.19122039308797412,0.1117786169052124,0.4707985520362854,-0.196884354260078,0.07643294334411621,0.11580595374107361,-0.13686727514516406,0.0741303563117981,0.31259530782699585,-0.18695721557389788,0.06927937269210815,0.4235561490058899,-0.19885276785146289,0.06472361087799072,0.5018045902252197,-0.2043168597484737,0.015621185302734375,0.11604899168014526,-0.13990527918588214,0.018641531467437744,0.30448830127716064,-0.1779917978311687,0.020160198211669922,0.41249239444732666,-0.1854915969635158,0.024724960327148438,0.49445807933807373,-0.18870015969525866,-0.039252132177352905,0.12445929646492004,-0.14174508085500293,-0.0328194797039032,0.2682092487812042,-0.17161155274163775,-0.028226017951965332,0.351409375667572,-0.1798456214929729,-0.022075355052947998,0.4185692071914673,-0.18390715649377398
0.0,0.0,0.0,0.0757913589477539,0.04467549920082092,-0.02339504901095779,0.12839901447296143,0.1527044177055359,-0.053035092165316655,0.15102684497833252,0.2569679021835327,-0.07436490859612377,0.18804395198822021,0.32100072503089905,-0.09725384469851406,0.13771194219589233,0.12338486313819885,-0.12552807535752208,0.1312960982322693,0.2967276871204376,-0.16972883846386821,0.12305307388305664,0.3937542736530304,-0.1825232138834849,0.11388611793518066,0.46578386425971985,-0.18661201800927074,0.07874667644500732,0.11675465106964111,-0.13144978191479595,0.07885873317718506,0.3079260289669037,-0.1784585794411555,0.07532751560211182,0.4198066294193268,-0.18904446866139324,0.07129043340682983,0.49848440289497375,-0.1937888493739024,0.01858985424041748,0.11915051937103271,-0.1329508056841746,0.02403712272644043,0.299054354429245,-0.1694842508040324,0.026229262351989746,0.4059411585330963,-0.17820950653180034,0.029645204544067383,0.48693832755088806,-0.1822515061102763,-0.036217182874679565,0.1300295889377594,-0.1332504531346217,-0.02821633219718933,0.26857730746269226,-0.16163627113922985,-0.02359825372695923,0.3486817181110382,-0.17066171075924785,-0.019884943962097168,0.4130961000919342,-0.17546483184918316
0.0,0.0,0.0,0.06669819355010986,0.05722683668136597,-0.01864906176945169,0.1126943826675415,0.16417410969734192,-0.04573876187225778,0.13401508331298828,0.26178279519081116,-0.06576709225794275,0.16569668054580688,0.33312636613845825,-0.08687244877239664,0.11829650402069092,0.14346426725387573,-0.11798436716219385,0.10546660423278809,0.3166438341140747,-0.16231279596706827,0.09389632940292358,0.4101787805557251,-0.1738154493274351,0.0826864242553711,0.4780037999153137,-0.17661802992245157,0.060135602951049805,0.1325327754020691,-0.12551036998650034,0.05287039279937744,0.32738345861434937,-0.17218380197903116,0.045887649059295654,0.4366549253463745,-0.18257019445320566,0.04151296615600586,0.5118772387504578,-0.18691404685398538,9.47713851928711e-06,0.1288837194442749,-0.12887450084110696,0.0006606578826904297,0.31430667638778687,-0.16674133166691263,-0.0013644695281982422,0.4194353222846985,-0.17656195685287912,-0.0014470219612121582,0.4980490207672119,-0.18040158376118143,-0.05669340491294861,0.13208910822868347,-0.13043329641243417,-0.050556451082229614,0.27463898062705994,-0.16183537766357858,-0.04748305678367615,0.35714471340179443,-0.17318851277252634,-0.04398438334465027,0.4254390001296997,-0.1788442932071348
0.0,0.0,0.0,0.07203012704849243,0.05522492527961731,-0.020405241501293858,0.12062442302703857,0.16481152176856995,-0.04726138639148303,0.1416066288948059,0.26537761092185974,-0.06729395615752765,0.17234641313552856,0.33900466561317444,-0.08796964513953753,0.12510418891906738,0.14526072144508362,-0.1118502013653142,0.11175334453582764,0.31719866394996643,-0.15159746932681628,0.1027686595916748,0.4105502665042877,-0.1611186407774312,0.0948798656463623,0.4802687466144562,-0.1634418510168416,0.0683509111404419,0.13442984223365784,-0.11850684064324923,0.06112098693847656,0.32769283652305603,-0.1610220216482503,0.055065929889678955,0.4363251030445099,-0.17067798900302478,0.05022186040878296,0.5135788023471832,-0.1753081523149831,0.009558022022247314,0.13219624757766724,-0.12140579449828692,0.00829780101776123,0.31609222292900085,-0.1546455465525014,0.007158339023590088,0.4218413531780243,-0.16366968977149554,0.007757306098937988,0.5020666420459747,-0.16815616118606158,-0.04549461603164673,0.1369400918483734,-0.12326260584291049,-0.03996837139129639,0.2785892188549042,-0.15085083174403735,-0.035882025957107544,0.3594643175601959,-0.16134986209567614,-0.03170779347419739,0.4275558292865753,-0.1671981953352315
0.0,0.0,0.0,0.07223480939865112,0.05427616834640503,-0.021161691381678338,0.12058210372924805,0.16342365741729736,-0.04867841592346167,0.14018452167510986,0.2650130093097687,-0.06942122346077895,0.16812825202941895,0.3429955244064331,-0.09062757259522414,0.12329798936843872,0.14489418268203735,-0.11250980114851927,0.11122220754623413,0.3171931505203247,-0.1528873956791017,0.10200881958007812,0.4102171063423157,-0.1624417967191789,0.09397536516189575,0.4804379940032959,-0.16496635144864058,0.06731557846069336,0.13503995537757874,-0.11927646315012908,0.06106191873550415,0.3279693126678467,-0.16255328720723128,0.0551643967628479,0.4365725517272949,-0.1723096883884523,0.05097991228103638,0.5150636434555054,-0.17718598908101058,0.00929349660873413,0.13284903764724731,-0.12252518451128935,0.00937420129776001,0.31635481119155884,-0.15672030216370558,0.007826626300811768,0.42031604051589966,-0.16565603679333663,0.008230268955230713,0.5000424981117249,-0.1701223022333238,-0.045272886753082275,0.13699263334274292,-0.1248599207988832,-0.03952521085739136,0.27635547518730164,-0.15389273232136702,-0.03584468364715576,0.35811465978622437,-0.16534639066372847,-0.03202083706855774,0.4281631112098694,-0.17189856535111403
0.0,0.0,0.0,0.07292890548706055,0.05309516191482544,-0.022453597740820896,0.11990195512771606,0.1630535125732422,-0.051254563958934796,0.13870638608932495,0.26609835028648376,-0.07263909745364572,0.1718098521232605,0.3399416208267212,-0.09506091940551187,0.12477660179138184,0.14182409644126892,-0.11816823947577859,0.1129845380783081,0.3128353953361511,-0.1596975373044529,0.10370093584060669,0.40640002489089966,-0.17089952993541146,0.09535926580429077,0.47628670930862427,-0.17403178382068063,0.06837093830108643,0.13202601671218872,-0.12439629155545617,0.0614476203918457,0.3240712285041809,-0.16701806056647683,0.054397761821746826,0.4329528212547302,-0.17664903867392923,0.04884672164916992,0.5086767077445984,-0.18146595823913003,0.009799838066101074,0.12915346026420593,-0.1265789614930668,0.007219851016998291,0.3115677237510681,-0.15888175833373452,0.005384325981140137,0.41639232635498047,-0.16698489058165933,0.006284058094024658,0.49443304538726807,-0.17122072446494485,-0.04447034001350403,0.13190984725952148,-0.12788898217826272,-0.04090583324432373,0.2745746970176697,-0.15420935022979165,-0.037540972232818604,0.35659968852996826,-0.16350460517554666,-0.032645583152770996,0.4236205220222473,-0.1687068091645756
0.0,0.0,0.0,0.06477212905883789,0.06166751682758331,-0.020225678701649485,0.10737454891204834,0.16885660588741302,-0.047508609612236796,0.12855863571166992,0.26781053841114044,-0.06800562249566156,0.16045284271240234,0.33828695118427277,-0.08940138774062234,0.11171585321426392,0.1426892727613449,-0.11270490394974786,0.09916484355926514,0.3123447448015213,-0.15685933189536172,0.0865984559059143,0.40408749878406525,-0.16904989736224252,0.07427644729614258,0.47093696892261505,-0.17221910612727243,0.05487179756164551,0.13203270733356476,-0.11962126301671105,0.04685473442077637,0.32118232548236847,-0.16545523064280587,0.03883814811706543,0.42842431366443634,-0.1763976450457676,0.03343266248703003,0.5018435269594193,-0.18105370657588082,-0.003587067127227783,0.12792770564556122,-0.12303897844697076,-0.0033656954765319824,0.307946041226387,-0.16046641128207284,-0.006710171699523926,0.4120064526796341,-0.17097021000529367,-0.007792353630065918,0.4886818081140518,-0.17503617065096932,-0.05887964367866516,0.1304192692041397,-0.12498396741295892,-0.054160237312316895,0.27038316428661346,-0.15520493047381478,-0.05175882577896118,0.3518405705690384,-0.16621296959067422,-0.04817262291908264,0.4180832654237747,-0.17167624192381936
0.0,0.0,0.0,0.06635838747024536,0.05907998979091644,-0.02158415344115383,0.10855203866958618,0.16632650792598724,-0.05026283141728527,0.12462663650512695,0.2667304128408432,-0.0716580043410886,0.15435677766799927,0.3388945609331131,-0.09393274438139088,0.11057841777801514,0.13647310435771942,-0.11790361654516346,0.09719377756118774,0.30895592272281647,-0.1606295744752515,0.08864730596542358,0.4001304656267166,-0.17208688360210544,0.08064079284667969,0.4681027680635452,-0.175316024837457,0.053679585456848145,0.12547726929187775,-0.12430860501285679,0.04740506410598755,0.3165906220674515,-0.1698482821559537,0.042488276958465576,0.42365027964115143,-0.18081531327720768,0.038776278495788574,0.4985883980989456,-0.185955513534509,-0.004901409149169922,0.12343351542949677,-0.1267267058467496,-0.0048705339431762695,0.30465610325336456,-0.1626442263698209,-0.006161391735076904,0.4086640626192093,-0.17248823147770054,-0.005204260349273682,0.48706991970539093,-0.17694440883155949,-0.05919069051742554,0.12904100120067596,-0.1279091874932874,-0.05422714352607727,0.26936183869838715,-0.15676920515056736,-0.050096720457077026,0.34991540014743805,-0.16725437742229587,-0.0452042818069458,0.4160913974046707,-0.17284018200393803
0.0,0.0,0.0,0.06710141897201538,0.0506393164396286,-0.019417120702826196,0.10901892185211182,0.14993564784526825,-0.04576139394220036,0.12603914737701416,0.24523304402828217,-0.06491314489420574,0.15851521492004395,0.3066592663526535,-0.08541700113590878,0.11775076389312744,0.11978484690189362,-0.11050497610148113,0.10647928714752197,0.2769254893064499,-0.15139371026333492,0.09988975524902344,0.36523424088954926,-0.16399770844753903,0.0931328535079956,0.4306800216436386,-0.1682813452559344,0.06403809785842896,0.11053939163684845,-0.11727281529482525,0.058603763580322266,0.2874406427145004,-0.16084529329117458,0.05403035879135132,0.3892395943403244,-0.17200045157250088,0.049800992012023926,0.4589143842458725,-0.1770132469015948,0.007951438426971436,0.10986940562725067,-0.12002766747053784,0.0085829496383667,0.277333602309227,-0.15396055448826473,0.008226156234741211,0.37575750052928925,-0.162849722989165,0.00968998670578003,0.448351725935936,-0.16667601335819882,-0.04382699728012085,0.11673106253147125,-0.12149377781923931,-0.038402825593948364,0.24537567794322968,-0.14889937508877438,-0.03371793031692505,0.32168303430080414,-0.15833623576935452,-0.028921306133270264,0.3839908689260483,-0.1630459414797656
0.0,0.0,0.0,0.060581982135772705,0.06169848144054413,-0.020771218849461093,0.09921717643737793,0.1627311408519745,-0.04644891658250572,0.11790519952774048,0.2554748058319092,-0.06563722008291961,0.14609253406524658,0.32736849784851074,-0.08516641372267486,0.1045425534248352,0.1311953067779541,-0.10604005718056442,0.0941879153251648,0.28851062059402466,-0.14742207938257934,0.0827033519744873,0.37687695026397705,-0.15908515864435913,0.07257938385009766,0.4436531066894531,-0.1628301929814029,0.05140280723571777,0.12078037858009338,-0.11264162921730758,0.046302199363708496,0.29829004406929016,-0.15543997698847534,0.037364184856414795,0.40152883529663086,-0.1664043408018756,0.03063201904296875,0.47574448585510254,-0.1721053462607074,-0.0038537979125976562,0.11817210912704468,-0.11628088766161682,-0.0022075772285461426,0.2877604365348816,-0.15085894280497314,-0.005215644836425781,0.38726121187210083,-0.1606467258316684,-0.007303416728973389,0.46222883462905884,-0.16524307840887786,-0.055012643337249756,0.12357264757156372,-0.11907456481281997,-0.049558281898498535,0.25216686725616455,-0.14766666704241516,-0.047594308853149414,0.32689720392227173,-0.1584171991926837,-0.045481085777282715,0.3892599940299988,-0.16431782060686828
0.0,0.0,0.0,0.06490159034729004,0.05158655345439911,-0.019948696448750525,0.10727566480636597,0.14722169935703278,-0.046003225921936064,0.12591278553009033,0.23836909234523773,-0.06551369625265124,0.15383028984069824,0.30597369372844696,-0.08557965952093127,0.11378949880599976,0.11959151923656464,-0.10373098003799441,0.10457754135131836,0.272296205163002,-0.14537654417688373,0.09399348497390747,0.3580119460821152,-0.1585907151096535,0.08343291282653809,0.42192839086055756,-0.1629118879430962,0.06025487184524536,0.11113379895687103,-0.11002017903263095,0.05570465326309204,0.2835855036973953,-0.15247954028779986,0.05008220672607422,0.3834409564733505,-0.16402460235292438,0.046175479888916016,0.45370350778102875,-0.1693680246465874,0.005216717720031738,0.10999979078769684,-0.11312566298181537,0.00821220874786377,0.27309058606624603,-0.14703128832513812,0.006637632846832275,0.36883555352687836,-0.15637930828268054,0.007122159004211426,0.44049154222011566,-0.1601618637436104,-0.04682183265686035,0.1150660365819931,-0.11512294012243274,-0.040130436420440674,0.23838944733142853,-0.14226342338258746,-0.03688889741897583,0.31310926377773285,-0.15164494115049365,-0.03308767080307007,0.37507133185863495,-0.15613714951211932
0.0,0.0,0.0,0.06549710035324097,0.04450158774852753,-0.02153685435285979,0.1085781455039978,0.14159725606441498,-0.04944843545189315,0.1266803741455078,0.2359168380498886,-0.07017906128993445,0.15924674272537231,0.2980857342481613,-0.09262295186152869,0.1194382905960083,0.11126060783863068,-0.11077621698012763,0.11044740676879883,0.2652294486761093,-0.15315095454087668,0.10124439001083374,0.35404299199581146,-0.16880226999154502,0.09132808446884155,0.42121265828609467,-0.17540916174283439,0.06756770610809326,0.10197816789150238,-0.11719183742633277,0.06250911951065063,0.2752356380224228,-0.16085737317433768,0.055027782917022705,0.37878988683223724,-0.17459469407430106,0.04850703477859497,0.4524867981672287,-0.18196696906915122,0.013497591018676758,0.101610466837883,-0.11961042254796439,0.01562786102294922,0.26835452020168304,-0.1532282021605056,0.013853609561920166,0.366499587893486,-0.1630940821730178,0.015169799327850342,0.43904469907283783,-0.1680243250690978,-0.03619849681854248,0.10932816565036774,-0.12096856653323584,-0.03065502643585205,0.2346547693014145,-0.14707530408730918,-0.027409374713897705,0.30963234603405,-0.15554840236535483,-0.0234832763671875,0.3702176660299301,-0.1599071410261672
0.0,0.0,0.0,0.06317931413650513,0.046450868248939514,-0.019953330903604183,0.1030353307723999,0.139863982796669,-0.04639494970376745,0.11919897794723511,0.23233269155025482,-0.06596125096018568,0.14939409494400024,0.29420410096645355,-0.0868768709891583,0.11148256063461304,0.11019311845302582,-0.10455836534436003,0.10371512174606323,0.26238520443439484,-0.14392944604094282,0.09682536125183105,0.35050825774669647,-0.15731585949595228,0.0898314118385315,0.41649989783763885,-0.16203292637999311,0.060046374797821045,0.10075770318508148,-0.11091751038964048,0.05387347936630249,0.272939071059227,-0.1508119347685124,0.048315584659576416,0.3745215982198715,-0.16177628368075148,0.043482184410095215,0.4447370022535324,-0.16682895451720015,0.0063149333000183105,0.09979788959026337,-0.11326571732695356,0.008513927459716797,0.26338405907154083,-0.1430812868469502,0.009034872055053711,0.3598617762327194,-0.15042864710028425,0.011274456977844238,0.42820535600185394,-0.15344046980078474,-0.043848633766174316,0.10658632218837738,-0.11461461514170423,-0.03775990009307861,0.23259328305721283,-0.13720392614538923,-0.03255438804626465,0.3076527565717697,-0.14269706040556684,-0.027014553546905518,0.3655881732702255,-0.14454896181757704
0.0,0.0,0.0,0.06221646070480347,0.05191953480243683,-0.019301145533120234,0.102306067943573,0.1505141258239746,-0.045715342471396525,0.11758333444595337,0.24369171261787415,-0.06594354585746487,0.14556127786636353,0.31185561418533325,-0.08679898009637554,0.1103142499923706,0.1192115843296051,-0.1066706322226878,0.1003602147102356,0.27222415804862976,-0.14612559900621136,0.09071701765060425,0.35579970479011536,-0.15658451543191632,0.08212405443191528,0.4177439510822296,-0.15981130228379925,0.05934739112854004,0.10775378346443176,-0.11442056224683483,0.05400818586349487,0.28015008568763733,-0.15778481886724194,0.04784858226776123,0.37789836525917053,-0.1685748092923518,0.04345047473907471,0.44752076268196106,-0.17358562276700695,0.0057582855224609375,0.10615840554237366,-0.11867435947993954,0.006779849529266357,0.27286794781684875,-0.15310914740899761,0.00496596097946167,0.3682233989238739,-0.1618749640975352,0.0057784318923950195,0.43965843319892883,-0.16576607451776226,-0.044148385524749756,0.11282745003700256,-0.1218938075099345,-0.03777879476547241,0.2396465241909027,-0.14940182791093548,-0.03359407186508179,0.31352779269218445,-0.1588513396773692,-0.02958381175994873,0.37299129366874695,-0.1638978414330836
0.0,0.0,0.0,0.06245577335357666,0.04944963753223419,-0.019681189597918092,0.10180485248565674,0.14890848100185394,-0.04478982129819542,0.11780214309692383,0.2436927706003189,-0.06356840992100388,0.14899742603302002,0.3090829402208328,-0.08313116842634827,0.11268383264541626,0.11741657555103302,-0.10308532828219086,0.10361826419830322,0.26803256571292877,-0.1413540583265558,0.09423172473907471,0.35150791704654694,-0.15234846288092285,0.08614242076873779,0.41404588520526886,-0.15604564958937317,0.06204402446746826,0.10656334459781647,-0.10995106065399796,0.057509005069732666,0.2754979878664017,-0.15126443320639282,0.051382243633270264,0.3730083853006363,-0.16269320660956055,0.047303974628448486,0.4424622803926468,-0.16845791453249603,0.00818699598312378,0.10518781840801239,-0.11342661494143158,0.00920867919921875,0.26734884083271027,-0.14657380098230988,0.007917642593383789,0.36246295273303986,-0.15662992411978394,0.009402155876159668,0.43410827219486237,-0.16155000442392975,-0.0420079231262207,0.11203689873218536,-0.1158713814032808,-0.03578829765319824,0.2365655153989792,-0.14297669047243744,-0.031115293502807617,0.30964066088199615,-0.15313773268587738,-0.025918662548065186,0.36897511780261993,-0.15867849105723053
0.0,0.0,0.0,0.05451703071594238,0.03868672251701355,-0.015645346019397266,0.08623862266540527,0.11695423722267151,-0.031773329127560146,0.09510552883148193,0.19075533747673035,-0.042916752744446285,0.10756713151931763,0.25042274594306946,-0.05435923149062205,0.08668863773345947,0.10952475666999817,-0.068724397916327,0.08280003070831299,0.22755375504493713,-0.09226830710841227,0.07300335168838501,0.28825125098228455,-0.09646789391709376,0.06641244888305664,0.33285048604011536,-0.0963917638845544,0.04291331768035889,0.10386720299720764,-0.07245041092110682,0.042673707008361816,0.22623786330223083,-0.09858579595757533,0.04004180431365967,0.2982470691204071,-0.10614300926400233,0.040229201316833496,0.349322646856308,-0.10960095782948542,-0.0014619827270507812,0.10131141543388367,-0.07392061908913661,0.0046814680099487305,0.21718624234199524,-0.09644799341631938,0.003669917583465576,0.29331037402153015,-0.10504290123654414,0.005526304244995117,0.34868481755256653,-0.10887181420994807,-0.043047189712524414,0.10230639576911926,-0.07419193943215419,-0.032030731439590454,0.19911029934883118,-0.09205682237816859,-0.027726680040359497,0.26021692156791687,-0.09668827464057017,-0.02378818392753601,0.31026336550712585,-0.09802465547991801
0.0,0.0,0.0,0.05792051553726196,0.036551862955093384,-0.01629566835680407,0.0891769528388977,0.118085116147995,-0.03364392618158263,0.09617102146148682,0.19890663027763367,-0.045892695584086596,0.1103089451789856,0.26253601908683777,-0.058232868709353625,0.09144413471221924,0.11019107699394226,-0.07366290191629332,0.08461874723434448,0.23712196946144104,-0.10056890795448226,0.07638227939605713,0.3061433732509613,-0.10710072765567702,0.0714157223701477,0.35949036478996277,-0.10811518380859297,0.04783761501312256,0.10652276873588562,-0.07724414268949431,0.044254958629608154,0.24409589171409607,-0.10516479114511412,0.041139066219329834,0.32435616850852966,-0.1133791531107704,0.041161179542541504,0.3824739158153534,-0.11691783616760176,0.0024383962154388428,0.10627976059913635,-0.07827334354141158,0.007096618413925171,0.23591449856758118,-0.10052144775607985,0.006898701190948486,0.31364741921424866,-0.10886927197196883,0.00880211591720581,0.369890958070755,-0.11244084189155501,-0.040306657552719116,0.10922697186470032,-0.07845199356296462,-0.03248322010040283,0.21139952540397644,-0.09618754188039702,-0.028545498847961426,0.27131029963493347,-0.1021799320957939,-0.024349570274353027,0.3193274438381195,-0.10423346111991805
0.0,0.0,0.0,0.05714619159698486,0.0375370979309082,-0.016604972142033603,0.09047520160675049,0.11493545770645142,-0.03407793405955317,0.10003268718719482,0.19027966260910034,-0.04641178164189341,0.11013233661651611,0.2524288296699524,-0.0587273566753197,0.08980995416641235,0.107333242893219,-0.07250104385917666,0.08597743511199951,0.2337183952331543,-0.09849794495409014,0.07687705755233765,0.29846352338790894,-0.10371571320598605,0.07085919380187988,0.3478521704673767,-0.10379629868572238,0.04560357332229614,0.10398280620574951,-0.075935642305069,0.04486650228500366,0.23572731018066406,-0.10342534172838214,0.042286038398742676,0.311798095703125,-0.11110864121025088,0.042878150939941406,0.3671676516532898,-0.11421143549983981,0.0005172491073608398,0.1040073037147522,-0.07692037809198382,0.007381796836853027,0.22710853815078735,-0.09975522297924044,0.0077689290046691895,0.3035484552383423,-0.10751155305212023,0.01066821813583374,0.3610817790031433,-0.11056155997817996,-0.04164862632751465,0.1072152853012085,-0.07692634600704196,-0.030672788619995117,0.2058582305908203,-0.09585033643548968,-0.026353776454925537,0.26524412631988525,-0.10086474854057315,-0.021564722061157227,0.3156129717826843,-0.10195172864501956
0.0,0.0,0.0,0.0572681725025177,0.04095759987831116,-0.011782002419465698,0.0912080705165863,0.12558218836784363,-0.02649041988723866,0.10103175044059753,0.20748355984687805,-0.03764243029826275,0.11542657017707825,0.2705829441547394,-0.049028895579510845,0.09650233387947083,0.12234017252922058,-0.06384610363119236,0.08729299902915955,0.2498287856578827,-0.08985311516397587,0.0774756371974945,0.320885568857193,-0.09634537228220097,0.07049521803855896,0.37482741475105286,-0.0974884850608646,0.05519339442253113,0.11774477362632751,-0.06971284725540272,0.05051806569099426,0.25939157605171204,-0.09743097402923695,0.04479512572288513,0.3437787592411041,-0.10556410231464497,0.041779011487960815,0.40602901577949524,-0.10860897579067341,0.010162204504013062,0.11483070254325867,-0.07340583183639637,0.014654844999313354,0.24879565834999084,-0.09581699200742833,0.01243928074836731,0.3308958113193512,-0.10462361552589527,0.011290311813354492,0.3921857178211212,-0.1082890404092609,-0.034093111753463745,0.11320343613624573,-0.0760995519983112,-0.02552434802055359,0.2154235541820526,-0.0946387273895084,-0.021924227476119995,0.2781018316745758,-0.1020177079068958,-0.0191650390625,0.33042290806770325,-0.10496345885866276
0.0,0.0,0.0,0.05668625235557556,0.034908175468444824,-0.014532887852681142,0.08982422947883606,0.11390000581741333,-0.0304994932477598,0.09987190365791321,0.19285905361175537,-0.04183785013009356,0.11522027850151062,0.25433361530303955,-0.05317923194814966,0.09347209334373474,0.1047484278678894,-0.06858086354185389,0.09083893895149231,0.22918999195098877,-0.09445180512119578,0.08308330178260803,0.2954126000404358,-0.10048362380911158,0.07855597138404846,0.34668558835983276,-0.10117400205780314,0.05038681626319885,0.10241091251373291,-0.07263024664570139,0.050457388162612915,0.2356584072113037,-0.09962760425258921,0.04808822274208069,0.31299322843551636,-0.1078925631110792,0.049231380224227905,0.36967647075653076,-0.11132406956602381,0.0053726136684417725,0.10347867012023926,-0.07417178667236612,0.01344144344329834,0.2295694351196289,-0.0963048315708761,0.014772295951843262,0.30541348457336426,-0.10446642852474497,0.018175572156906128,0.3613656163215637,-0.10767730093647288,-0.03659304976463318,0.10747778415679932,-0.07467644429851816,-0.024711817502975464,0.20615196228027344,-0.09260394937444971,-0.019786447286605835,0.2662859559059143,-0.09839434689928339,-0.015305519104003906,0.31611156463623047,-0.10005575186659144
0.0,0.0,0.0,0.057128578424453735,0.03500020503997803,-0.014395855129521351,0.09009703993797302,0.11169707775115967,-0.03150200820044802,0.09947463870048523,0.18828332424163818,-0.043825257331889134,0.11533823609352112,0.24873775243759155,-0.05617945244983957,0.0921998918056488,0.10005229711532593,-0.0708525178440027,0.08879324793815613,0.21893280744552612,-0.0963526216752939,0.0812542736530304,0.28413718938827515,-0.10175602859334276,0.07649537920951843,0.3338478207588196,-0.10181559598521517,0.04879602789878845,0.09795010089874268,-0.07505781179742144,0.048816531896591187,0.2277734875679016,-0.1017258909948282,0.04676350951194763,0.3030804991722107,-0.10852055227832125,0.04743281006813049,0.35625797510147095,-0.11068996018246935,0.0037266314029693604,0.0998619794845581,-0.07648402428702639,0.012057185173034668,0.22439724206924438,-0.09775811410025881,0.013929128646850586,0.29979759454727173,-0.10420397645310686,0.01765534281730652,0.3532939553260803,-0.10619929409102724,-0.03848770260810852,0.1040564775466919,-0.07683560228423403,-0.02712234854698181,0.2040647268295288,-0.09329038834647463,-0.021241843700408936,0.26465892791748047,-0.09745921915845202,-0.01539468765258789,0.31281453371047974,-0.09793859696463869
0.0,0.0,0.0,0.058055102825164795,0.034758955240249634,-0.014022793871845352,0.09029507637023926,0.11377930641174316,-0.029615765688504325,0.09781670570373535,0.19158786535263062,-0.04051886896559154,0.10860538482666016,0.2558271884918213,-0.051338371140445815,0.09216976165771484,0.10627633333206177,-0.06678918401667033,0.08641302585601807,0.22433167695999146,-0.0908429364390031,0.07731366157531738,0.28753364086151123,-0.09563573102423106,0.07174968719482422,0.3353469967842102,-0.09528796027370845,0.047942161560058594,0.10371130704879761,-0.07053458343216334,0.04601716995239258,0.23033756017684937,-0.09552726547190105,0.0428004264831543,0.30397123098373413,-0.10203934113451396,0.043431639671325684,0.35679906606674194,-0.10415184895464336,0.002019941806793213,0.10485392808914185,-0.07174043009945308,0.007268846035003662,0.22604674100875854,-0.09189666460224544,0.007333725690841675,0.3000689744949341,-0.09813781480261241,0.009862720966339111,0.3538548946380615,-0.10009155820080196,-0.04054906964302063,0.10901063680648804,-0.07189565549560939,-0.029572516679763794,0.20717120170593262,-0.08766403446861659,-0.024926602840423584,0.26706647872924805,-0.091238927347149,-0.020696312189102173,0.3154981732368469,-0.09127629945942317
0.0,0.0,0.0,0.05782917141914368,0.03632611036300659,-0.010980981931197675,0.0887317955493927,0.11627840995788574,-0.02592313901345733,0.0963611900806427,0.19551461935043335,-0.037016144551444086,0.11018046736717224,0.2597675323486328,-0.04873719305555824,0.08982881903648376,0.11329478025436401,-0.06629302219312194,0.08394482731819153,0.23686450719833374,-0.09098134056489471,0.07612881064414978,0.30462127923965454,-0.09646175668399337,0.07157930731773376,0.3564770817756653,-0.09652594343583587,0.048286110162734985,0.10947030782699585,-0.07179143891494277,0.047170490026474,0.2457558512687683,-0.09702671930949691,0.044270485639572144,0.324800968170166,-0.1037563593761206,0.04424634575843811,0.38120484352111816,-0.1057998301164389,0.003575056791305542,0.10830694437026978,-0.07435286656777862,0.011318683624267578,0.23881614208221436,-0.09439034626643661,0.012234479188919067,0.3169803023338318,-0.10103607789437774,0.014145195484161377,0.37315720319747925,-0.10317403689782623,-0.039702653884887695,0.1090431809425354,-0.07563985750834945,-0.028501957654953003,0.2125064730644226,-0.09145949647586349,-0.022963225841522217,0.27421116828918457,-0.09553894267241958,-0.018111079931259155,0.3237447738647461,-0.09575435385863784
0.0,0.0,0.0,0.058539003133773804,0.037063777446746826,-0.013300722474753002,0.0892094075679779,0.11629164218902588,-0.02922990732878361,0.09557315707206726,0.19524693489074707,-0.04057855346292172,0.11120733618736267,0.2570062279701233,-0.052305256957708934,0.08917602896690369,0.10851997137069702,-0.0692975837835661,0.08537635207176208,0.23000240325927734,-0.09551585652917538,0.077657550573349,0.2973031997680664,-0.10223323294013653,0.07313612103462219,0.34932762384414673,-0.1034009773382536,0.04542472958564758,0.10589629411697388,-0.0741382408985487,0.043948084115982056,0.23655956983566284,-0.10095281341165219,0.04154762625694275,0.31464290618896484,-0.10854621418803845,0.042092710733413696,0.3713538646697998,-0.11153841950982724,0.0003597438335418701,0.10571348667144775,-0.07627958246558819,0.007610827684402466,0.22947335243225098,-0.0976861734041563,0.009032577276229858,0.3061782717704773,-0.10462493636697445,0.011782735586166382,0.36258208751678467,-0.10717784055560742,-0.041992396116256714,0.10763949155807495,-0.07733913698285733,-0.031261175870895386,0.2053295373916626,-0.09442378022760067,-0.025660276412963867,0.26577919721603394,-0.09892585315793667,-0.02092912793159485,0.3153853416442871,-0.09968392738193188
0.0,0.0,0.0,0.05799660086631775,0.03760072588920593,-0.009905228014588374,0.08914324641227722,0.11839169263839722,-0.023455559830665607,0.09593835473060608,0.1979852318763733,-0.033420571680665034,0.10996463894844055,0.2594267725944519,-0.0437397152143717,0.09118887782096863,0.11874920129776001,-0.06312470286667349,0.08500489592552185,0.24287718534469604,-0.0871751919347048,0.07748851180076599,0.3118414878845215,-0.09199570267975332,0.07260730862617493,0.3640766143798828,-0.09173263758003714,0.05021461844444275,0.11455166339874268,-0.06891456394970419,0.04823979735374451,0.2523384690284729,-0.09484954326927664,0.04514482617378235,0.3322628140449524,-0.10144924521028997,0.044395118951797485,0.3904644846916199,-0.10323719828903677,0.006218075752258301,0.1129751205444336,-0.07204605787575247,0.011141091585159302,0.243547260761261,-0.0926903873640299,0.011161774396896362,0.321380615234375,-0.09974614679396154,0.012413769960403442,0.3781726360321045,-0.10192214846193792,-0.036760181188583374,0.11335116624832153,-0.07394082247793676,-0.02799329161643982,0.21694302558898926,-0.08963686376392843,-0.02374488115310669,0.275967538356781,-0.0941288411575556,-0.019799470901489258,0.3233388066291809,-0.09483205675661566
0.0,0.0,0.0,0.05710485577583313,0.0335637629032135,-0.014404761006574063,0.0899190604686737,0.1097244918346405,-0.029720696953575043,0.09806600213050842,0.18472906947135925,-0.040484848765174775,0.10731664299964905,0.24670621752738953,-0.05096692904595557,0.08944955468177795,0.10439953207969666,-0.06420471831921759,0.08566603064537048,0.22317591309547424,-0.08840831681851569,0.07660606503486633,0.2849753797054291,-0.09359970256451788,0.07059440016746521,0.33186426758766174,-0.09378844812277976,0.0459381639957428,0.10250559449195862,-0.06800343408946219,0.045486778020858765,0.22797396779060364,-0.09318858697776022,0.04272016882896423,0.2995551526546478,-0.10003376319770041,0.04352644085884094,0.3513239920139313,-0.10225025132064047,0.0010494887828826904,0.10310164093971252,-0.06960348352555457,0.008524447679519653,0.2211950123310089,-0.09028105005387488,0.0089549720287323,0.2933625876903534,-0.09620887353781882,0.011794954538345337,0.347466379404068,-0.09778623595599356,-0.04128101468086243,0.10597971081733704,-0.07029094114665213,-0.028476417064666748,0.2005179226398468,-0.08686750694874945,-0.02280735969543457,0.2581551969051361,-0.09013548061017218,-0.017453044652938843,0.3067387640476227,-0.08978429749373618
0.0,0.0,0.0,0.05872949957847595,0.037883758544921875,-0.008647506967292884,0.09024623036384583,0.11932176351547241,-0.02238205904524193,0.09783706068992615,0.19940096139907837,-0.03294954160611496,0.11230543255805969,0.26130712032318115,-0.044020512051986316,0.09496316313743591,0.12307220697402954,-0.06243611583869324,0.08797505497932434,0.24712246656417847,-0.08689034814398156,0.08041855692863464,0.31614112854003906,-0.09216025555889473,0.07560065388679504,0.36766254901885986,-0.09221050972502098,0.05510273575782776,0.11901044845581055,-0.06931854123632775,0.05184122920036316,0.2581544518470764,-0.09500230932991371,0.04765620827674866,0.339114248752594,-0.10133092934648857,0.045736879110336304,0.39744335412979126,-0.10309599424164162,0.011432468891143799,0.11625313758850098,-0.0735630028919445,0.015655726194381714,0.24947655200958252,-0.09421359831850395,0.015054255723953247,0.32791948318481445,-0.10102465832989083,0.014971882104873657,0.3849285840988159,-0.1032515400127636,-0.032188087701797485,0.11475270986557007,-0.07647059196989403,-0.02301308512687683,0.21952778100967407,-0.09269450689117775,-0.018895357847213745,0.2802540063858032,-0.09753380054991112,-0.016271322965621948,0.32909834384918213,-0.09853167916099892
0.0,0.0,0.0,0.05818018317222595,0.03406253457069397,-0.011392941051894923,0.09114673733711243,0.1119672954082489,-0.025980960862511893,0.0994584858417511,0.18869748711585999,-0.036552485363358755,0.11366698145866394,0.2497069537639618,-0.0473500269519036,0.09267905354499817,0.1103459894657135,-0.06412776960598876,0.08857503533363342,0.23191919922828674,-0.08837668253647735,0.08012136816978455,0.2980963885784149,-0.09373396291005065,0.07465669512748718,0.3494704067707062,-0.09391262038218429,0.0505085289478302,0.10722795128822327,-0.06908084108101775,0.04982832074165344,0.23894044756889343,-0.0943630973862355,0.04681733250617981,0.3154573142528534,-0.10113680018650939,0.0467245876789093,0.37132319808006287,-0.10320309950577666,0.006154507398605347,0.1074419915676117,-0.07135674013363769,0.013549745082855225,0.231338232755661,-0.0915254245566075,0.014747440814971924,0.30814096331596375,-0.09829382999407699,0.01759737730026245,0.3642697036266327,-0.1003886128829663,-0.03643319010734558,0.11009171605110168,-0.07246473087536742,-0.025123029947280884,0.21054872870445251,-0.08797403825985839,-0.019740045070648193,0.2696966230869293,-0.09185839845406463,-0.014906436204910278,0.3177504241466522,-0.09206097974049499
0.0,0.0,0.0,0.05758729577064514,0.041158527135849,-0.00835927990658547,0.08916744589805603,0.12395715713500977,-0.021980441598429934,0.09705671668052673,0.20381510257720947,-0.03276541219486262,0.10906574130058289,0.26546645164489746,-0.04421093822850253,0.09360566735267639,0.12905478477478027,-0.06059165806902911,0.0857062041759491,0.24980396032333374,-0.08590128408206965,0.07773461937904358,0.31898730993270874,-0.09282930330766703,0.07210424542427063,0.3713812232017517,-0.09444347159399058,0.05491623282432556,0.125166118144989,-0.0679611875249293,0.049150556325912476,0.26169079542160034,-0.09389088438285853,0.04239526391029358,0.34335869550704956,-0.1014602868391421,0.038117438554763794,0.4032900333404541,-0.10453842715753581,0.012005656957626343,0.12138217687606812,-0.07292743162645365,0.014470040798187256,0.25332313776016235,-0.09405980394615199,0.011976361274719238,0.332210898399353,-0.10203877971900965,0.010476499795913696,0.3904600143432617,-0.10538387434019114,-0.03173893690109253,0.1174657940864563,-0.07665512101186778,-0.024530678987503052,0.22041022777557373,-0.09402120993865992,-0.020782440900802612,0.28144901990890503,-0.10031371699108149,-0.018164604902267456,0.3315725326538086,-0.10255570100082423
0.0,0.0,0.0,0.05713397264480591,0.041610896587371826,-0.009971287753046454,0.08849775791168213,0.12643378973007202,-0.023738981876135767,0.09719514846801758,0.20826458930969238,-0.03447198467290491,0.11009353399276733,0.272055447101593,-0.04551464291250795,0.09281164407730103,0.12992513179779053,-0.058936457801223696,0.08609509468078613,0.25244998931884766,-0.08316151024735063,0.07745999097824097,0.320803165435791,-0.08903983952438921,0.07135862112045288,0.3719860911369324,-0.08982900502121538,0.05467581748962402,0.12682658433914185,-0.06505140634214968,0.050875306129455566,0.2632230520248413,-0.08951162518894762,0.045248329639434814,0.3433021903038025,-0.09573318781292528,0.04222095012664795,0.40169352293014526,-0.09796471865809053,0.01252242922782898,0.12305939197540283,-0.06919372053778261,0.015306800603866577,0.2543940544128418,-0.08900944860613436,0.012393444776535034,0.3316587805747986,-0.09608790250456423,0.010988295078277588,0.3876153230667114,-0.09899456025993913,-0.030335694551467896,0.11869215965270996,-0.07239621104633898,-0.023685991764068604,0.2203541398048401,-0.08844855399763674,-0.02061319351196289,0.27998143434524536,-0.09428381891882509,-0.017537415027618408,0.3285037875175476,-0.0964423117223987
0.0,0.0,0.0,0.057963788509368896,0.03806716203689575,-0.009930894153455938,0.08927959203720093,0.1172289252281189,-0.024140248449782575,0.09674590826034546,0.19470322132110596,-0.034991164135078634,0.10718506574630737,0.25664007663726807,-0.04653260521803304,0.09063798189163208,0.1197778582572937,-0.06273549832616254,0.0842965841293335,0.2426115870475769,-0.08706602491650983,0.0758051872253418,0.30921512842178345,-0.09238611199174329,0.0707133412361145,0.3599865436553955,-0.09257609434638425,0.04949939250946045,0.11593395471572876,-0.06892591007266446,0.045359015464782715,0.25007838010787964,-0.09428411014590665,0.04087430238723755,0.32761478424072266,-0.10076473690781995,0.03995156288146973,0.3830412030220032,-0.10254446454558774,0.005942225456237793,0.11236262321472168,-0.07253492661033079,0.011044502258300781,0.23962849378585815,-0.09271576293025419,0.010102510452270508,0.3157256841659546,-0.09905959703240796,0.01068839430809021,0.3712098002433777,-0.10097976811442777,-0.0360943078994751,0.1098405122756958,-0.0749394748381178,-0.02726694941520691,0.21033936738967896,-0.09093730189118787,-0.024025678634643555,0.27002954483032227,-0.09487179704223081,-0.02127358317375183,0.31868976354599,-0.09505793489728376
0.0,0.0,0.0,0.05786892771720886,0.03869345784187317,-0.013242042445710922,0.08973893523216248,0.1159680187702179,-0.027929450207523132,0.0973653495311737,0.19240698218345642,-0.038564671584538246,0.10623279213905334,0.25482985377311707,-0.04916368127720716,0.08997943997383118,0.11631783843040466,-0.06230639369147184,0.08532658219337463,0.2387852966785431,-0.08658373058693769,0.07666131854057312,0.302871972322464,-0.09225945622580412,0.0712023675441742,0.3516300618648529,-0.09272275567906263,0.04793950915336609,0.11375686526298523,-0.06659917981284025,0.047002941370010376,0.24212917685508728,-0.09115782082932355,0.04426690936088562,0.3164648115634918,-0.09840702713387373,0.044227153062820435,0.37018612027168274,-0.10127164871352079,0.003991246223449707,0.11305621266365051,-0.06875027418988111,0.009596794843673706,0.2323690950870514,-0.0888829425062454,0.009091198444366455,0.30613580346107483,-0.09610263706105115,0.010676920413970947,0.3611309230327606,-0.09902477712290647,-0.03805384039878845,0.11373308300971985,-0.069966894396714,-0.028939008712768555,0.2089613974094391,-0.08640198857443693,-0.025815099477767944,0.26497820019721985,-0.09050390572207334,-0.022392451763153076,0.31244364380836487,-0.09103214443581464
0.0,0.0,0.0,0.058046549558639526,0.038950562477111816,-0.012587128707536976,0.08891341090202332,0.117703378200531,-0.026598242611953538,0.09476765990257263,0.1960994005203247,-0.036856151686379235,0.10556206107139587,0.25925856828689575,-0.04685611234731368,0.09246322512626648,0.11781251430511475,-0.05907160373158149,0.08598175644874573,0.23999255895614624,-0.08316345469779662,0.07705578207969666,0.30536192655563354,-0.08938347505159072,0.07196822762489319,0.35632914304733276,-0.09039726810283355,0.0516376793384552,0.11586081981658936,-0.06349213378257446,0.04871973395347595,0.2456316351890564,-0.08766506569213561,0.04384860396385193,0.3210445046424866,-0.09512656138963393,0.042900651693344116,0.37693387269973755,-0.09819135771817855,0.00828695297241211,0.11546581983566284,-0.0659973766071289,0.012989163398742676,0.2370859980583191,-0.08536051170653991,0.010504871606826782,0.31004494428634644,-0.09263932661838226,0.010554134845733643,0.36419016122817993,-0.0955364550811737,-0.033908188343048096,0.11664074659347534,-0.067747301922509,-0.026305675506591797,0.21202975511550903,-0.08304405169315032,-0.023857295513153076,0.26822543144226074,-0.08762813316411666,-0.021045386791229248,0.3148844838142395,-0.0886438410145729
0.0,0.0,0.0,0.058160483837127686,0.03682678937911987,-0.012295619969108884,0.08949828147888184,0.11529535055160522,-0.02656906415973026,0.09713798761367798,0.1925044059753418,-0.037246573169568364,0.10826528072357178,0.25554847717285156,-0.04824318309579212,0.09274351596832275,0.11481887102127075,-0.060949742247203176,0.08710843324661255,0.2378377914428711,-0.08609659915123302,0.07830047607421875,0.30421024560928345,-0.09265862350616771,0.07306361198425293,0.35630983114242554,-0.0938231716052087,0.051030099391937256,0.1130179762840271,-0.06585611348305065,0.04905742406845093,0.244257390499115,-0.09152723794136364,0.044461727142333984,0.32158607244491577,-0.09969187473211605,0.04361063241958618,0.37968844175338745,-0.10306652580652553,0.007018923759460449,0.11220842599868774,-0.06870005970154125,0.013680338859558105,0.2358313798904419,-0.08972877209339458,0.012261629104614258,0.31196218729019165,-0.09777866994295437,0.012965798377990723,0.36875540018081665,-0.10087312703285534,-0.035332709550857544,0.11292630434036255,-0.07060198431167919,-0.025055617094039917,0.21042031049728394,-0.08746878748092968,-0.021788716316223145,0.2693102955818176,-0.09283399527225811,-0.01876571774482727,0.3180510997772217,-0.09420445506725628
0.0,0.0,0.0,0.05613720417022705,0.03732156753540039,-0.011744991349360134,0.08762472867965698,0.11508351564407349,-0.02662226318784633,0.09441155195236206,0.19141054153442383,-0.03755159623392501,0.10687857866287231,0.25163960456848145,-0.04900015092857757,0.08980011940002441,0.10970616340637207,-0.06560802034505286,0.08388537168502808,0.23097676038742065,-0.09087220154174247,0.07601863145828247,0.29763609170913696,-0.09715766034491935,0.07132863998413086,0.34859514236450195,-0.09809880278476157,0.04824709892272949,0.10599023103713989,-0.07100691221125999,0.045282840728759766,0.23723971843719482,-0.09756309113868156,0.04200547933578491,0.3147749900817871,-0.1054684924281446,0.04214000701904297,0.3713310956954956,-0.10850349388488212,0.0045088231563568115,0.10452640056610107,-0.07375677994855323,0.009658664464950562,0.22965461015701294,-0.09513236157067695,0.009318023920059204,0.30493640899658203,-0.10243041388162055,0.01102679967880249,0.3601383566856384,-0.10502120427258888,-0.03723672032356262,0.10537219047546387,-0.07536374352343955,-0.02842390537261963,0.20384198427200317,-0.09208672813542762,-0.024691104888916016,0.26172637939453125,-0.09648190013535896,-0.02144336700439453,0.3085208535194397,-0.09714573941596427
0.0,0.0,0.0,0.05742889642715454,0.03448212146759033,-0.009029719386433044,0.09042686223983765,0.11004024744033813,-0.022459349002872386,0.10036486387252808,0.18482178449630737,-0.032893020998869815,0.11408126354217529,0.2444843053817749,-0.043954409998093524,0.09301453828811646,0.11112499237060547,-0.059125520628128925,0.09057211875915527,0.2292662262916565,-0.08312485773507206,0.08445775508880615,0.2955477833747864,-0.08905814249459354,0.08059030771255493,0.3459048271179199,-0.08987281132880298,0.05304372310638428,0.110165536403656,-0.06584144790116397,0.05321627855300903,0.2401171326637268,-0.09110408682767002,0.050648033618927,0.31759750843048096,-0.09877675433102695,0.050550997257232666,0.3740087151527405,-0.10161438990775196,0.010545879602432251,0.10979652404785156,-0.07014634866658298,0.018069982528686523,0.23322153091430664,-0.09084611047450153,0.018540799617767334,0.3092694878578186,-0.09889946539345829,0.020054996013641357,0.3651047945022583,-0.10196636278573123,-0.03064584732055664,0.11043274402618408,-0.07313288409653751,-0.02039933204650879,0.20725089311599731,-0.08941246975604145,-0.016053318977355957,0.26548832654953003,-0.09452236850205509,-0.01253962516784668,0.31315261125564575,-0.09574947912636844
0.0,0.0,0.0,0.058112263679504395,0.03511953353881836,-0.01345020590298418,0.09120523929595947,0.11138927936553955,-0.028129922802975216,0.09888350963592529,0.18742960691452026,-0.038863907213738,0.10876220464706421,0.2492523193359375,-0.0497230837302709,0.09217613935470581,0.114449143409729,-0.0610329942958856,0.08895844221115112,0.2339516282081604,-0.08617648726277594,0.0817345380783081,0.29753637313842773,-0.09356402849726919,0.07761043310165405,0.3465666174888611,-0.09535108750634436,0.04992997646331787,0.11376971006393433,-0.0654481226759458,0.04946023225784302,0.23891419172286987,-0.09039905166201834,0.048015475273132324,0.31223994493484497,-0.09876146411471609,0.05002152919769287,0.36613577604293823,-0.10238531475835089,0.005862623453140259,0.1144595742225647,-0.06785387789778952,0.012711316347122192,0.23234736919403076,-0.08821729069524054,0.013508319854736328,0.3054487705230713,-0.09590105956368689,0.016951531171798706,0.36060070991516113,-0.09910056238942389,-0.03615930676460266,0.11644726991653442,-0.06941799318366293,-0.025129735469818115,0.21007704734802246,-0.08592286949925665,-0.020272642374038696,0.266670286655426,-0.09020165597968344,-0.015399724245071411,0.31509917974472046,-0.09082185720973257
0.0,0.0,0.0,0.0567205548286438,0.03947219252586365,-0.011881700930587158,0.08883851766586304,0.11500367522239685,-0.02527404691039692,0.09655159711837769,0.19029554724693298,-0.03467587496101032,0.10452628135681152,0.25038519501686096,-0.04413118700443874,0.08538180589675903,0.1213962733745575,-0.05962943027674328,0.0813063383102417,0.24154850840568542,-0.08055444176255833,0.07413750886917114,0.30567798018455505,-0.08281637842713963,0.069338858127594,0.3532136380672455,-0.08141210044681202,0.042080581188201904,0.11759969592094421,-0.06347394849120747,0.041900575160980225,0.24418583512306213,-0.08682340498029362,0.03957557678222656,0.31921377778053284,-0.09311852718650471,0.039466917514801025,0.37461015582084656,-0.09549243862687717,-0.0009199976921081543,0.11475148797035217,-0.06509132797776829,0.005550861358642578,0.23316779732704163,-0.0852856945520557,0.005313068628311157,0.3072340786457062,-0.0935675885802425,0.007017761468887329,0.362888365983963,-0.09713628257571827,-0.04071229696273804,0.11274942755699158,-0.06544280166684757,-0.031204551458358765,0.20816919207572937,-0.08244487757741581,-0.028311073780059814,0.26546451449394226,-0.08843612040340076,-0.025533080101013184,0.31487682461738586,-0.09048685545980106
0.0,0.0,0.0,0.05432310700416565,0.03898906707763672,-0.009948340501239272,0.0875268280506134,0.11671394109725952,-0.021907119337072345,0.09770211577415466,0.18899297714233398,-0.030252604070653888,0.10994777083396912,0.2453824281692505,-0.038852442312588664,0.0827166736125946,0.11799699068069458,-0.05565254043375489,0.08110931515693665,0.23718935251235962,-0.07656001697813508,0.07496747374534607,0.298767626285553,-0.07931621770893571,0.07037815451622009,0.3429359197616577,-0.07844885836874482,0.03959742188453674,0.11476683616638184,-0.06073064755236146,0.042535990476608276,0.23975569009780884,-0.08409014742409227,0.04163697361946106,0.3110143542289734,-0.09052670400177476,0.04180160164833069,0.3628041744232178,-0.09306668143307206,-0.0023609399795532227,0.11328482627868652,-0.0637789259437227,0.006765991449356079,0.23075991868972778,-0.08504220496450898,0.007162570953369141,0.30266034603118896,-0.09302114348446366,0.009191066026687622,0.35659104585647583,-0.09611916940247056,-0.04083073139190674,0.11302101612091064,-0.06531518350874421,-0.02762061357498169,0.2080005407333374,-0.08273475270306108,-0.022812187671661377,0.2635807991027832,-0.08735486518179414,-0.018467992544174194,0.3109346628189087,-0.08848568450247285
0.0,0.0,0.0,0.050594836473464966,0.04806166887283325,-0.010268641261774292,0.08101591467857361,0.12741589546203613,-0.02002656422408222,0.0871134102344513,0.19707369804382324,-0.026726686953026046,0.09659495949745178,0.2511383891105652,-0.033519446475821724,0.07250818610191345,0.12585192918777466,-0.049297876282054176,0.06725195050239563,0.2442203164100647,-0.06845851577671169,0.061339229345321655,0.3104701042175293,-0.07039077170045971,0.05647316575050354,0.35577452182769775,-0.06917653567941784,0.02721920609474182,0.11915123462677002,-0.05390144474657177,0.02654781937599182,0.24620604515075684,-0.07699476517589687,0.02667054533958435,0.32376301288604736,-0.0850443277493298,0.027983099222183228,0.37543022632598877,-0.08861507065446972,-0.01428753137588501,0.11474257707595825,-0.05695698745401501,-0.006553769111633301,0.23246991634368896,-0.07920009232910274,-0.003405630588531494,0.3104006052017212,-0.09066396541746258,0.0007891654968261719,0.3663879632949829,-0.09592546857746242,-0.04914367198944092,0.11249887943267822,-0.05855400077851414,-0.0385720431804657,0.20663678646087646,-0.07624370194824337,-0.03381955623626709,0.2643551826477051,-0.08287548608930706,-0.03058147430419922,0.31214314699172974,-0.08580061383398174
0.0,0.0,0.0,0.052778542041778564,0.04478812217712402,-0.010527685655404184,0.08464807271957397,0.12391310930252075,-0.021755337154615972,0.09181678295135498,0.19603997468948364,-0.030045428684104536,0.09860920906066895,0.25338900089263916,-0.03877356033598289,0.07766991853713989,0.1293708086013794,-0.051263188382733915,0.07209771871566772,0.24537795782089233,-0.07328734304581985,0.06555294990539551,0.3113994598388672,-0.07759930696164474,0.05972909927368164,0.35849255323410034,-0.07783857490693435,0.03445732593536377,0.12491846084594727,-0.05670860912476883,0.033277690410614014,0.2517004609107971,-0.08073553945695267,0.031294822692871094,0.3280492424964905,-0.08925162758504257,0.029559612274169922,0.3833087086677551,-0.09316670652304992,-0.007810086011886597,0.12015378475189209,-0.0606473809090744,-0.0023197531700134277,0.2402443289756775,-0.08303332831536636,-0.002923041582107544,0.3160622715950012,-0.09321404006158218,-0.0028746426105499268,0.3725437521934509,-0.09764333572064743,-0.04693400859832764,0.11531740427017212,-0.06331823523913727,-0.03598582744598389,0.2104644775390625,-0.08169804271136627,-0.03296494483947754,0.2679712772369385,-0.08795010056172714,-0.03177812695503235,0.31733840703964233,-0.09022599216376648
0.0,0.0,0.0,0.05995550751686096,0.04317194223403931,-0.012210280843760302,0.09390130639076233,0.12494605779647827,-0.025039746635343363,0.10264602303504944,0.20379358530044556,-0.034184844442393114,0.11001113057136536,0.2660330533981323,-0.043381654866720964,0.08716222643852234,0.13491970300674438,-0.058543098368431856,0.08021131157875061,0.25756514072418213,-0.08177565524795227,0.0727369487285614,0.32610058784484863,-0.08662935832956009,0.0672825276851654,0.3764393925666809,-0.08685011903264694,0.04263824224472046,0.13381224870681763,-0.06226427967169457,0.041060060262680054,0.2680532932281494,-0.08659045139768295,0.037443190813064575,0.34745198488235474,-0.09419335911491089,0.03570151329040527,0.4066953659057617,-0.09741325417974167,-0.0018375813961029053,0.13178008794784546,-0.06406356880881958,0.0043423473834991455,0.25705790519714355,-0.08514883110740357,0.004186481237411499,0.3333677053451538,-0.09469514826753311,0.005567759275436401,0.3906893730163574,-0.09911326060512238,-0.04281127452850342,0.1292763352394104,-0.06479972342469864,-0.033671170473098755,0.22525644302368164,-0.08223863432624512,-0.02968016266822815,0.2819713354110718,-0.08912997434356384,-0.026298433542251587,0.3310806155204773,-0.09188255409219437
0.0,0.0,0.0,0.0496428906917572,0.052491188049316406,-0.012620368471203847,0.07952073216438293,0.1362767219543457,-0.023889823315499825,0.0866764485836029,0.20732080936431885,-0.031964926479219,0.09341135621070862,0.2658243775367737,-0.04001832610165934,0.06771162152290344,0.1356598138809204,-0.053912578580735726,0.06224963068962097,0.2584962248802185,-0.07666066145694117,0.05621424317359924,0.32974737882614136,-0.08080666368996958,0.05048772692680359,0.37937867641448975,-0.08056143528020243,0.022090226411819458,0.12880933284759521,-0.05777508249676089,0.020937234163284302,0.26341140270233154,-0.08352687066590647,0.02104458212852478,0.34713852405548096,-0.09138735985553126,0.021890223026275635,0.4045723080635071,-0.09423130607402186,-0.019996851682662964,0.12489312887191772,-0.060520777908919854,-0.012537449598312378,0.25048089027404785,-0.08442578321492533,-0.008721500635147095,0.33257997035980225,-0.09503714597022395,-0.004797577857971191,0.3925932049751282,-0.09886378651654582,-0.056255042552948,0.12143135070800781,-0.06231914689934115,-0.047486573457717896,0.22295349836349487,-0.08147515213286738,-0.04250827431678772,0.2841440439224243,-0.08856532579457621,-0.03813374042510986,0.33425581455230713,-0.09114502227103571
