0.0,0.0,0.0,0.059482693672180176,-0.023085355758666992,-0.020203936344389994,0.11045825481414795,-0.06299704313278198,-0.04053644599617012,0.12303739786148071,-0.10977214574813843,-0.0631171031504918,0.08634370565414429,-0.1385539174079895,-0.08313778924048432,0.10245805978775024,-0.22078120708465576,-0.028162022551899035,0.133345365524292,-0.2560163140296936,-0.06799768792689331,0.13674235343933105,-0.2098240852355957,-0.09338130193055161,0.13010531663894653,-0.15791642665863037,-0.10513719307482727,0.05563497543334961,-0.23666170239448547,-0.037981947383289416,0.08663976192474365,-0.26366162300109863,-0.07752020793259629,0.09726345539093018,-0.20387130975723267,-0.0906916721373845,0.09934908151626587,-0.15426838397979736,-0.09243657576144226,0.009878575801849365,-0.23241481184959412,-0.051640940329437335,0.028500676155090332,-0.19648414850234985,-0.08503001319468506,0.030075669288635254,-0.1367264986038208,-0.0849403082042981,0.025533616542816162,-0.1105884313583374,-0.07752836631834992,-0.031525611877441406,-0.21278643608093262,-0.06833493845761307,-0.010680466890335083,-0.16802144050598145,-0.08294319497645386,-0.004203379154205322,-0.12463212013244629,-0.07670954751074799,-0.0031478404998779297,-0.111686110496521,-0.06876009093821533
0.0,0.0,0.0,0.05872863531112671,-0.013737320899963379,-0.021909175689941662,0.11324894428253174,-0.048362016677856445,-0.03950929852915408,0.13779407739639282,-0.08306467533111572,-0.05905379193616511,0.1142621636390686,-0.11793386936187744,-0.07534547361326815,0.10786134004592896,-0.210604727268219,-0.021137215446358937,0.14427804946899414,-0.23829180002212524,-0.06126547070932986,0.1506064534187317,-0.19290441274642944,-0.08884791495991351,0.1463179588317871,-0.14553773403167725,-0.10212312104893329,0.06427067518234253,-0.22991943359375,-0.029757483180290478,0.10064733028411865,-0.25271522998809814,-0.07108058991623523,0.11314809322357178,-0.18843841552734375,-0.08753040644121768,0.1142723560333252,-0.1365748643875122,-0.09026793601704242,0.020431935787200928,-0.22831487655639648,-0.04306778522921206,0.042502760887145996,-0.1815444827079773,-0.07994277241421344,0.039736390113830566,-0.11809724569320679,-0.08168773564291598,0.03206038475036621,-0.09327638149261475,-0.07319078060579898,-0.019683629274368286,-0.2091418206691742,-0.059456059958463925,0.0022019147872924805,-0.15339690446853638,-0.07805419924450518,0.0057280659675598145,-0.11062741279602051,-0.07408593061161639,0.004362523555755615,-0.10083192586898804,-0.06588117989493014
0.0,0.0,0.0,0.05795097351074219,-0.012915492057800293,-0.021950169556447463,0.11268675327301025,-0.04525858163833618,-0.04101355662257333,0.13616037368774414,-0.08037984371185303,-0.061527612709113555,0.10889053344726562,-0.11319953203201294,-0.07861094837696214,0.10881757736206055,-0.21102690696716309,-0.02766047892779966,0.14514189958572388,-0.23450621962547302,-0.06810521250278612,0.14610940217971802,-0.1833057403564453,-0.09455162202627321,0.13885629177093506,-0.13696300983428955,-0.1075160420468535,0.06521278619766235,-0.2331945300102234,-0.03655489077479501,0.09888112545013428,-0.24375781416893005,-0.07726517980606218,0.10599160194396973,-0.17935824394226074,-0.09166102772266527,0.10555052757263184,-0.13301265239715576,-0.09412589585096498,0.020612359046936035,-0.23254722356796265,-0.04965095510394235,0.03941512107849121,-0.17587292194366455,-0.08373699253112932,0.035601139068603516,-0.11592763662338257,-0.08328603123933931,0.029478907585144043,-0.09706515073776245,-0.07533700680048128,-0.019525885581970215,-0.21312731504440308,-0.06613519703657289,-0.0015462636947631836,-0.14954620599746704,-0.08264038627655168,0.0003104209899902344,-0.10836601257324219,-0.07812281613857408,-0.0013577938079833984,-0.10392433404922485,-0.07077974741966386
0.0,0.0,0.0,0.056309521198272705,-0.016250193119049072,-0.02237188462963502,0.1071825623512268,-0.04792910814285278,-0.042185746327547236,0.1300971508026123,-0.08315038681030273,-0.0633868316268007,0.10579806566238403,-0.11798977851867676,-0.08140958492508332,0.10560929775238037,-0.2106221318244934,-0.02744698171368043,0.13835275173187256,-0.23299327492713928,-0.06820638124695222,0.13822299242019653,-0.1820773482322693,-0.09487168882837693,0.13124805688858032,-0.13577532768249512,-0.10765787605991761,0.06231045722961426,-0.2325824499130249,-0.03580574338188569,0.0923348069190979,-0.24283811450004578,-0.07591909562101762,0.09854239225387573,-0.17927265167236328,-0.09009886179914872,0.09902900457382202,-0.1337948441505432,-0.09245419894209306,0.016795694828033447,-0.2325926423072815,-0.04847448338618676,0.03265726566314697,-0.18127518892288208,-0.08254766111126344,0.029647886753082275,-0.1211467981338501,-0.08206666652908723,0.02506321668624878,-0.0996236801147461,-0.07401965205421845,-0.025263965129852295,-0.21470683813095093,-0.06442083065262239,-0.009898275136947632,-0.15868628025054932,-0.08063925449600617,-0.006419867277145386,-0.11543822288513184,-0.07531784121742646,-0.005711644887924194,-0.10559219121932983,-0.06724302862635056
0.0,0.0,0.0,0.060053855180740356,-0.02015477418899536,-0.022709572258762023,0.10920986533164978,-0.051985740661621094,-0.040501681658795974,0.1289496123790741,-0.08574450016021729,-0.061420561316779754,0.11450609564781189,-0.1227726936340332,-0.0813258975179707,0.1047273576259613,-0.19491219520568848,-0.019243087190560004,0.12704047560691833,-0.24692532420158386,-0.05838651353435864,0.13624516129493713,-0.23458462953567505,-0.08732525402622571,0.14106473326683044,-0.1968821883201599,-0.10101269328909268,0.061423927545547485,-0.21299853920936584,-0.027226171958616874,0.08043834567070007,-0.27480754256248474,-0.0681219487817799,0.09938302636146545,-0.2556314468383789,-0.08955939257459988,0.11276480555534363,-0.2120000720024109,-0.09660884881334653,0.016038894653320312,-0.21399036049842834,-0.03975408667641034,0.025804370641708374,-0.22543004155158997,-0.08373741948919644,0.0305081307888031,-0.15351063013076782,-0.09090244913416257,0.03274992108345032,-0.08826392889022827,-0.08374774599390378,-0.0283358097076416,-0.19931644201278687,-0.05450599038915982,-0.01831725239753723,-0.20499300956726074,-0.08349777156429639,-0.01012524962425232,-0.15038633346557617,-0.08228142702894559,-0.00265619158744812,-0.10150730609893799,-0.07354618752317776
0.0,0.0,0.0,0.054985642433166504,-0.022588729858398438,-0.020898481096139676,0.10556721687316895,-0.05874752998352051,-0.03776554131042076,0.11908245086669922,-0.10495102405548096,-0.05616534241568161,0.09340745210647583,-0.14772158861160278,-0.07257914283405853,0.10340219736099243,-0.20857560634613037,-0.022426740462890393,0.1259523630142212,-0.2546878457069397,-0.055506699915042645,0.13244754076004028,-0.23636895418167114,-0.07863656916748596,0.13044100999832153,-0.1971469223499298,-0.08977823444735122,0.06092733144760132,-0.23003807663917542,-0.029626612748018033,0.08178740739822388,-0.27784764766693115,-0.06092067548166824,0.10008072853088379,-0.2502189874649048,-0.07596488037239624,0.10862773656845093,-0.21109190583229065,-0.08147907742392135,0.016004741191864014,-0.2284320592880249,-0.040473961467853314,0.028085291385650635,-0.21475493907928467,-0.0729679364813478,0.03460031747817993,-0.15292489528656006,-0.0774622533572824,0.0333215594291687,-0.10827386379241943,-0.07312255092989517,-0.0269414484500885,-0.20871475338935852,-0.05383945369254661,-0.011153370141983032,-0.18593257665634155,-0.07323784866463257,-0.003499925136566162,-0.1400640606880188,-0.0715852055801065,0.0005068182945251465,-0.10988962650299072,-0.0658997345818193
0.0,0.0,0.0,0.054951369762420654,-0.018994152545928955,-0.01961675557039655,0.10955101251602173,-0.0616036057472229,-0.03353660079382337,0.1274346113204956,-0.1085633635520935,-0.04958484592579282,0.10241585969924927,-0.14745545387268066,-0.06370626288197911,0.10439157485961914,-0.20204424858093262,-0.016807722772583134,0.13047516345977783,-0.25233274698257446,-0.05220703306339658,0.13860785961151123,-0.2387157380580902,-0.076943426306471,0.135944664478302,-0.19675296545028687,-0.08776027607463277,0.062195777893066406,-0.22578513622283936,-0.024035665120109684,0.08244764804840088,-0.2840394675731659,-0.05939550223492063,0.10088473558425903,-0.25669974088668823,-0.07604430514119542,0.10753774642944336,-0.2096913754940033,-0.0800084908559171,0.017902374267578125,-0.2268640398979187,-0.03538079830549634,0.030546844005584717,-0.22149711847305298,-0.07040917771600164,0.03716021776199341,-0.16024619340896606,-0.07525011795304692,0.035641610622406006,-0.11267811059951782,-0.06920708614133275,-0.02519381046295166,-0.210013747215271,-0.04912741380475438,-0.009500443935394287,-0.19223207235336304,-0.069833791728243,-0.0013228058815002441,-0.14689403772354126,-0.06824327903531469,0.003174722194671631,-0.11624383926391602,-0.06143751638673223
0.0,0.0,0.0,0.053082942962646484,-0.01974010467529297,-0.022203709965651797,0.10803014039993286,-0.06162416934967041,-0.03729198317796545,0.1232864260673523,-0.10742253065109253,-0.05336379449636297,0.09546202421188354,-0.14386922121047974,-0.06725428070694761,0.10454076528549194,-0.20036906003952026,-0.019699968433087633,0.1312708854675293,-0.2414928376674652,-0.05725018869907217,0.14087313413619995,-0.2345108985900879,-0.08359995301634626,0.14024144411087036,-0.202436625957489,-0.0960549097862895,0.06057631969451904,-0.22902780771255493,-0.02651099119157152,0.08142900466918945,-0.2752074897289276,-0.06505303647190885,0.09893655776977539,-0.24782097339630127,-0.08201722618014173,0.10531264543533325,-0.20550227165222168,-0.08551744188935118,0.015325784683227539,-0.23244708776474,-0.03792992424041586,0.028787434101104736,-0.1991986632347107,-0.07500898655325727,0.03272807598114014,-0.14169645309448242,-0.08008362915188627,0.03050386905670166,-0.10596036911010742,-0.073630062898701,-0.026568233966827393,-0.21563971042633057,-0.05225169475943403,-0.011052846908569336,-0.1706000566482544,-0.07321028973728971,-0.0059282779693603516,-0.13001489639282227,-0.0733793955650981,-0.0029827356338500977,-0.11436575651168823,-0.06796043928534345
0.0,0.0,0.0,0.05392032861709595,-0.00916355848312378,-0.03313107729749731,0.11127835512161255,-0.041058897972106934,-0.054669290192890685,0.13629961013793945,-0.07799959182739258,-0.07648779020505003,0.11142289638519287,-0.11373364925384521,-0.09541753248171858,0.11616915464401245,-0.18197059631347656,-0.022739624016452353,0.13853532075881958,-0.2229669690132141,-0.06317527160840086,0.14575070142745972,-0.22433042526245117,-0.0926953809042459,0.13817757368087769,-0.1966003179550171,-0.10742264554696135,0.07112663984298706,-0.21259674429893494,-0.026576231576967757,0.08433133363723755,-0.2613292336463928,-0.06866257206397108,0.09827917814254761,-0.2309366762638092,-0.08846498594479613,0.10264235734939575,-0.18538719415664673,-0.09352088288264326,0.02541506290435791,-0.21708717942237854,-0.03664142952160887,0.03315013647079468,-0.18996942043304443,-0.07709476665453963,0.03747594356536865,-0.135606050491333,-0.08440755621390394,0.03419548273086548,-0.10010629892349243,-0.07923951313691191,-0.018042951822280884,-0.19970500469207764,-0.05081394628481917,-0.003712266683578491,-0.1558910608291626,-0.0758012341042047,0.0025011003017425537,-0.11717283725738525,-0.07895952031807951,0.0049111247062683105,-0.1011117696762085,-0.07521345035033278
0.0,0.0,0.0,0.05526000261306763,0.0008167028427124023,-0.033509524001942737,0.11408478021621704,-0.025094568729400635,-0.05407003818379508,0.13955748081207275,-0.05933201313018799,-0.07446173338519202,0.11979079246520996,-0.10205668210983276,-0.09260427711831198,0.11619240045547485,-0.16245609521865845,-0.025690700321661097,0.1318124532699585,-0.21464002132415771,-0.06440329311715232,0.14607656002044678,-0.20341676473617554,-0.0924361473165618,0.15034401416778564,-0.1625317931175232,-0.10638044534550772,0.07286912202835083,-0.18853652477264404,-0.028946743740903003,0.08806288242340088,-0.2480449676513672,-0.07065793631898032,0.10519993305206299,-0.21071135997772217,-0.09145392237530814,0.11189073324203491,-0.15621018409729004,-0.09752931205855475,0.028079867362976074,-0.19125103950500488,-0.037802548541890246,0.03914904594421387,-0.18148136138916016,-0.07948368547783957,0.04446744918823242,-0.12349361181259155,-0.08883001415358649,0.04043424129486084,-0.08059495687484741,-0.08489719538317786,-0.016665756702423096,-0.17444705963134766,-0.05010588972197638,0.0018593072891235352,-0.1477489471435547,-0.07680247484074698,0.008184254169464111,-0.10672181844711304,-0.08028279749976264,0.00801938772201538,-0.0828850269317627,-0.07663585750685797
0.0,0.0,0.0,0.05996304750442505,-0.013665080070495605,-0.02287330301388124,0.11920392513275146,-0.04726535081863403,-0.04050574833436826,0.14419186115264893,-0.08041208982467651,-0.059747606608112847,0.11595302820205688,-0.110431969165802,-0.07595160985275129,0.11112505197525024,-0.2052624523639679,-0.018734239134033714,0.14121168851852417,-0.23686593770980835,-0.0545454361466966,0.15381085872650146,-0.20283344388008118,-0.08083756649776319,0.15441077947616577,-0.15510982275009155,-0.09439130509181837,0.06654995679855347,-0.22442609071731567,-0.027089858519872223,0.099315345287323,-0.2490755021572113,-0.06535805398507932,0.1165628433227539,-0.19356465339660645,-0.0823932179240785,0.11970633268356323,-0.1406734585762024,-0.08668173486276487,0.021610617637634277,-0.2227802276611328,-0.039955824705799614,0.047034382820129395,-0.18432748317718506,-0.07422688240094999,0.04614061117172241,-0.1254252791404724,-0.07626787954851011,0.036410748958587646,-0.09863138198852539,-0.06918626660390714,-0.02037447690963745,-0.20217984914779663,-0.05610817680044988,0.0067144036293029785,-0.15626084804534912,-0.07314217472358564,0.008481800556182861,-0.1190948486328125,-0.06892025107427457,0.0031275153160095215,-0.11184215545654297,-0.061477448883493935
0.0,0.0,0.0,0.06450802087783813,-0.002688288688659668,-0.021276378783340988,0.12565481662750244,-0.034181952476501465,-0.03611745104467445,0.14772289991378784,-0.06641322374343872,-0.05265456974780136,0.12132185697555542,-0.10119199752807617,-0.06698855176841789,0.12424522638320923,-0.17287510633468628,-0.019907606544848022,0.15250295400619507,-0.21465545892715454,-0.05688327342545563,0.16065609455108643,-0.1748812198638916,-0.08448302910005623,0.1587342619895935,-0.12458181381225586,-0.09852412507211739,0.08058077096939087,-0.19257277250289917,-0.0277260912237125,0.10719585418701172,-0.23398727178573608,-0.0644030065861898,0.12370836734771729,-0.17621582746505737,-0.08116617217933708,0.1281086802482605,-0.12094050645828247,-0.08626950696384483,0.0350341796875,-0.19525578618049622,-0.040068385901804504,0.05334806442260742,-0.17952030897140503,-0.07300180360948616,0.054546356201171875,-0.11939084529876709,-0.07533003554021889,0.04750537872314453,-0.08810490369796753,-0.0689361037341314,-0.008572638034820557,-0.1820051372051239,-0.055441392364855346,0.013313829898834229,-0.15136373043060303,-0.07169410005485588,0.017036855220794678,-0.11215698719024658,-0.06694558427011543,0.013700485229492188,-0.09852910041809082,-0.05935504451667839
0.0,0.0,0.0,0.07010245323181152,0.009497463703155518,-0.017730023089399083,0.13399749994277954,-0.014727473258972168,-0.029533467564334615,0.1563725471496582,-0.04239249229431152,-0.04327045691346143,0.1337239146232605,-0.08002609014511108,-0.05447760907148336,0.13528048992156982,-0.14907556772232056,-0.01780612704490636,0.15951228141784668,-0.19223177433013916,-0.05374881562923406,0.16539055109024048,-0.1464548110961914,-0.0814756446812055,0.16077697277069092,-0.091541588306427,-0.09612572130893682,0.09211158752441406,-0.17009800672531128,-0.027156905579914792,0.11585593223571777,-0.2176814079284668,-0.0629626059267423,0.12991899251937866,-0.15461045503616333,-0.08083587822650884,0.13182759284973145,-0.09550446271896362,-0.08755605605577443,0.04567909240722656,-0.17311722040176392,-0.040542389574994786,0.060307323932647705,-0.15662485361099243,-0.07287859854434942,0.05775749683380127,-0.09842252731323242,-0.07538703766797994,0.049414873123168945,-0.07174813747406006,-0.07003401157592748,-0.0012473464012145996,-0.15954720973968506,-0.05650106382702802,0.018934786319732666,-0.12788379192352295,-0.07388888982271169,0.019764244556427002,-0.09153705835342407,-0.069284833345165,0.01481407880783081,-0.08293658494949341,-0.06226501551603292
0.0,0.0,0.0,0.07110518217086792,0.008172750473022461,-0.024073137217044405,0.13365495204925537,-0.02102839946746826,-0.04215751985537963,0.15657615661621094,-0.04984837770462036,-0.061499674119829706,0.13652008771896362,-0.08778560161590576,-0.07751909668075996,0.13493865728378296,-0.16154783964157104,-0.027653228738188318,0.16334617137908936,-0.19349253177642822,-0.07169748122322517,0.1654973030090332,-0.14322298765182495,-0.10439429456818061,0.15861284732818604,-0.08991706371307373,-0.12143664831745582,0.08960694074630737,-0.18372884392738342,-0.03635700071680503,0.1201704740524292,-0.21501901745796204,-0.07989902819025474,0.13446247577667236,-0.148434579372406,-0.10047481978762107,0.13824224472045898,-0.09128087759017944,-0.10803263659107643,0.04286396503448486,-0.18567511439323425,-0.049805071451544336,0.06272673606872559,-0.1494678258895874,-0.08814207489120918,0.05705547332763672,-0.0897221565246582,-0.09017048800814109,0.04790383577346802,-0.06832605600357056,-0.08335433925020652,-0.000942528247833252,-0.17068475484848022,-0.06658244902718025,0.02034294605255127,-0.12127923965454102,-0.08664795035946327,0.01908332109451294,-0.08658331632614136,-0.0818583148204084,0.013869524002075195,-0.08525758981704712,-0.07427035296785789
0.0,0.0,0.0,0.06275588274002075,-0.004488527774810791,-0.02267121784316828,0.11950898170471191,-0.03719019889831543,-0.0405182622365885,0.14271342754364014,-0.06839680671691895,-0.05934587567972471,0.12804532051086426,-0.10622072219848633,-0.07507734075116446,0.11751002073287964,-0.18410974740982056,-0.025674975290172597,0.1496725082397461,-0.21059897541999817,-0.06535217985438635,0.1568129062652588,-0.1650661826133728,-0.0940640278153353,0.15332943201065063,-0.11484605073928833,-0.10850554779099753,0.07325708866119385,-0.204204261302948,-0.032882869987957974,0.10472595691680908,-0.22987043857574463,-0.07193507328557303,0.12087714672088623,-0.16841286420822144,-0.08894709572123816,0.12456679344177246,-0.11489987373352051,-0.09386380091237356,0.02752971649169922,-0.20466843247413635,-0.04445947408603956,0.04983651638031006,-0.16770035028457642,-0.07885627522992422,0.04939150810241699,-0.1089215874671936,-0.08035270944165518,0.040632784366607666,-0.08482664823532104,-0.07338380142974188,-0.01489722728729248,-0.18715310096740723,-0.05907950624751379,0.009260177612304688,-0.14209449291229248,-0.07722178921031286,0.013784170150756836,-0.10481113195419312,-0.0729858212165766,0.010017871856689453,-0.09845000505447388,-0.06533431336211493
0.0,0.0,0.0,0.06323480606079102,0.00047779083251953125,-0.024626454549235177,0.123851478099823,-0.030080139636993408,-0.04275755419055827,0.14877808094024658,-0.06027489900588989,-0.061530398415726495,0.1344219446182251,-0.10123395919799805,-0.07719426436941035,0.12182396650314331,-0.1715937852859497,-0.029674403580230546,0.154815673828125,-0.20731720328330994,-0.07173422558824427,0.1611042022705078,-0.16151219606399536,-0.10186745806257136,0.1577596664428711,-0.11044818162918091,-0.11704724861900218,0.07723128795623779,-0.19211557507514954,-0.036909660535258126,0.10951894521713257,-0.22863048315048218,-0.07830724700014002,0.12489968538284302,-0.16573596000671387,-0.09570903910915263,0.12906932830810547,-0.11035829782485962,-0.10074616803447611,0.03138488531112671,-0.1929319202899933,-0.04876319526354678,0.05405604839324951,-0.1606464385986328,-0.08572304828683741,0.050089240074157715,-0.10255348682403564,-0.08639284058133967,0.040090322494506836,-0.08095717430114746,-0.07841552628795512,-0.010873854160308838,-0.17749643325805664,-0.06381500347177393,0.015182733535766602,-0.13723158836364746,-0.08414838297883875,0.016208410263061523,-0.10041278600692749,-0.07910421325485117,0.01048433780670166,-0.09580576419830322,-0.07060385330240138
0.0,0.0,0.0,0.06137317419052124,-0.00734788179397583,-0.023484264010761535,0.12015742063522339,-0.04403644800186157,-0.04167129516062573,0.1412551999092102,-0.0818682312965393,-0.06059305414018468,0.11925852298736572,-0.12200605869293213,-0.07624339729008511,0.11409604549407959,-0.19507399201393127,-0.0249511305933936,0.15078920125961304,-0.21327084302902222,-0.0650393706506236,0.15771061182022095,-0.16035544872283936,-0.09407534121928052,0.15479373931884766,-0.11037921905517578,-0.10874793350157574,0.07068949937820435,-0.21515151858329773,-0.03244740560111836,0.10795462131500244,-0.23263335227966309,-0.07263095348534421,0.1238134503364563,-0.16610723733901978,-0.09004566490111188,0.12713974714279175,-0.11360067129135132,-0.09454603164849118,0.026083767414093018,-0.21409139037132263,-0.044321693921659744,0.05257606506347656,-0.1683567762374878,-0.07977202206311063,0.04769951105117798,-0.10541057586669922,-0.07994565784392194,0.03664308786392212,-0.08234268426895142,-0.0712336939519389,-0.014708876609802246,-0.19457277655601501,-0.05936457633433179,0.012737631797790527,-0.14310920238494873,-0.07709416418728665,0.013232231140136719,-0.10283464193344116,-0.07088018625435666,0.006423652172088623,-0.0975109338760376,-0.061545137757633483
0.0,0.0,0.0,0.06402117013931274,-0.0037337541580200195,-0.023421762255367184,0.12333506345748901,-0.036966025829315186,-0.0414625813489522,0.1481914520263672,-0.06945306062698364,-0.060402188194331075,0.1281929612159729,-0.10644775629043579,-0.07609537218266382,0.11574989557266235,-0.18830478191375732,-0.0246039160763587,0.151084303855896,-0.20587056875228882,-0.06534302209072962,0.1593698263168335,-0.15511637926101685,-0.0952674967473115,0.15676718950271606,-0.1037021279335022,-0.1105381545847024,0.07139688730239868,-0.2085760235786438,-0.03214376394205942,0.10683667659759521,-0.2241452932357788,-0.07332318995648279,0.12320536375045776,-0.15841108560562134,-0.09148049328976526,0.12735527753829956,-0.10568356513977051,-0.09662267540150538,0.026210486888885498,-0.20701399445533752,-0.04412654016667261,0.052649080753326416,-0.16310405731201172,-0.07979559127741709,0.049594342708587646,-0.1019100546836853,-0.07988913331681147,0.03860706090927124,-0.07936030626296997,-0.07145406280213251,-0.014991581439971924,-0.18772169947624207,-0.05938042302184954,0.011267006397247314,-0.13858699798583984,-0.07755897168570414,0.013583183288574219,-0.10017406940460205,-0.07169131909066095,0.007851123809814453,-0.09578019380569458,-0.06273215983563318
0.0,0.0,0.0,0.06595361232757568,0.0010974407196044922,-0.024068424677494704,0.12658923864364624,-0.031092166900634766,-0.04324807060325497,0.147203266620636,-0.06493353843688965,-0.06270356309974545,0.12414956092834473,-0.10117179155349731,-0.0787569044288432,0.11794430017471313,-0.18081462383270264,-0.03260398117268437,0.15335381031036377,-0.20189231634140015,-0.07420272213781232,0.16010290384292603,-0.1457371711730957,-0.10387261045539731,0.15517854690551758,-0.09409761428833008,-0.11906232518518323,0.07284390926361084,-0.20145902037620544,-0.04017246720755452,0.10913175344467163,-0.2199299931526184,-0.08044653964603299,0.12704682350158691,-0.1521027684211731,-0.09757731688583249,0.12976527214050293,-0.09934425354003906,-0.10309134257400387,0.026855528354644775,-0.1988348662853241,-0.051711296862009704,0.05286473035812378,-0.15195167064666748,-0.08565135878885144,0.05055367946624756,-0.09189891815185547,-0.0846068171914851,0.03842240571975708,-0.07308214902877808,-0.07661978734100217,-0.015099167823791504,-0.17820876836776733,-0.06659336221778744,0.01160961389541626,-0.12765789031982422,-0.08385734093749875,0.013418078422546387,-0.09204500913619995,-0.07731818986499661,0.005619823932647705,-0.09163743257522583,-0.06866241080129498
0.0,0.0,0.0,0.07210409641265869,-0.0006673932075500488,-0.02293125644487759,0.13407135009765625,-0.03273367881774902,-0.041246828736490215,0.15655303001403809,-0.06758171319961548,-0.06058481812638661,0.1329728364944458,-0.10251474380493164,-0.07663523510260006,0.12522315979003906,-0.18658918142318726,-0.02801025763315579,0.1623382568359375,-0.2070302963256836,-0.07003354385656735,0.16839182376861572,-0.15266060829162598,-0.10116247192186734,0.16303139925003052,-0.10155636072158813,-0.11753166571421048,0.08085757493972778,-0.20757824182510376,-0.036584035606807674,0.11955004930496216,-0.21989977359771729,-0.07856325164598843,0.13566452264785767,-0.1525067687034607,-0.09752073243421933,0.13762778043746948,-0.09727048873901367,-0.10393872216505429,0.03545522689819336,-0.20610535144805908,-0.04938626393837353,0.06188929080963135,-0.1463494896888733,-0.08468812063497921,0.05485469102859497,-0.09077262878417969,-0.08522852614683529,0.04238724708557129,-0.07336682081222534,-0.07764382764858624,-0.005810678005218506,-0.18605244159698486,-0.06562826886934658,0.02054840326309204,-0.12438434362411499,-0.08233673975033184,0.018647313117980957,-0.09105092287063599,-0.07634841755194088,0.011275708675384521,-0.09167206287384033,-0.06817226961416623
0.0,0.0,0.0,0.02627265453338623,-0.06907832622528076,-0.0029129794027085154,0.05650484561920166,-0.11612951755523682,-0.010090439875739321,0.07845395803451538,-0.14497631788253784,-0.0201287719580705,0.08859926462173462,-0.16315865516662598,-0.03002289339633535,0.10539138317108154,-0.09894084930419922,-0.003938810263889536,0.10581564903259277,-0.16064852476119995,-0.025435600725131735,0.08624064922332764,-0.16920709609985352,-0.04114918254049371,0.0733223557472229,-0.16051971912384033,-0.04918584070833276,0.10677093267440796,-0.07136476039886475,-0.012083219659643873,0.10712182521820068,-0.13005173206329346,-0.03175941325457643,0.08573192358016968,-0.1401190161705017,-0.04176397464902948,0.071338951587677,-0.13625943660736084,-0.04584489978583406,0.09861838817596436,-0.04118150472640991,-0.022132771385031447,0.09494537115097046,-0.08994185924530029,-0.0389192535701568,0.07500690221786499,-0.09931731224060059,-0.039467754137831434,0.06191575527191162,-0.09859806299209595,-0.036624966484623656,0.08283883333206177,-0.011124789714813232,-0.03284240357311319,0.08205938339233398,-0.04676318168640137,-0.04143779195578645,0.0711665153503418,-0.06118917465209961,-0.03836837999256204,0.06332671642303467,-0.06725287437438965,-0.03372760705383371
0.0,0.0,0.0,0.06874114274978638,0.001878201961517334,-0.019784323894469935,0.13260769844055176,-0.026274025440216064,-0.033239817270128924,0.1509861946105957,-0.06129175424575806,-0.04746942410716315,0.13015872240066528,-0.09938204288482666,-0.059733750321953494,0.12636983394622803,-0.1670873761177063,-0.024827912473170954,0.1551300287246704,-0.19840505719184875,-0.06042684058198233,0.16393113136291504,-0.15502583980560303,-0.08748481238731642,0.1642857789993286,-0.1038094162940979,-0.10192339683422347,0.08227723836898804,-0.18566226959228516,-0.033030306943743426,0.11078381538391113,-0.21769779920578003,-0.0673296954716136,0.13038688898086548,-0.16144639253616333,-0.08483651841530104,0.13793212175369263,-0.10704374313354492,-0.09234291131147643,0.03602874279022217,-0.18381911516189575,-0.04472625816711684,0.05443215370178223,-0.15654045343399048,-0.07669709438928862,0.054841578006744385,-0.10162883996963501,-0.08035085166343947,0.049014151096343994,-0.0738721489906311,-0.07625456715473433,-0.008088409900665283,-0.1664215326309204,-0.0588562283898284,0.015506565570831299,-0.13404005765914917,-0.07614102775701781,0.018636107444763184,-0.09841156005859375,-0.07175294125923415,0.016024529933929443,-0.08699929714202881,-0.06507125312933226
0.0,0.0,0.0,0.057927876710891724,-0.008605778217315674,-0.026257092677461458,0.10127237439155579,-0.04080146551132202,-0.04452607648860152,0.08953413367271423,-0.07341450452804565,-0.06318095567117865,0.05060124397277832,-0.08982670307159424,-0.0791117498506182,0.10285696387290955,-0.16421660780906677,-0.023384465448963,0.11658546328544617,-0.20849278569221497,-0.06449251117597754,0.10028484463691711,-0.17361944913864136,-0.09069765599857504,0.08398804068565369,-0.12791728973388672,-0.10248248519788916,0.05892542004585266,-0.18713819980621338,-0.028526960485088182,0.06736424565315247,-0.2334877848625183,-0.07116007300506766,0.05659249424934387,-0.1834709346294403,-0.08722631873975928,0.05283254384994507,-0.13463759422302246,-0.08879498633037741,0.016674965620040894,-0.1904362142086029,-0.03926057609211142,0.008450597524642944,-0.18780222535133362,-0.07590081783424552,0.006578415632247925,-0.13293907046318054,-0.08011439683328803,0.01585245132446289,-0.09679239988327026,-0.07365673276077445,-0.021560370922088623,-0.1779583990573883,-0.053018136494266344,-0.03122040629386902,-0.1684800088405609,-0.07166420909057791,-0.027958303689956665,-0.13189029693603516,-0.07079310955892737,-0.015217870473861694,-0.10970592498779297,-0.06551189961324866
0.0,0.0,0.0,0.05843654274940491,-0.009608566761016846,-0.021499575673242788,0.10612618923187256,-0.043732285499572754,-0.03642228022088645,0.09423071146011353,-0.07757622003555298,-0.05225708111991523,0.046685874462127686,-0.08611410856246948,-0.0658314056681597,0.09912306070327759,-0.166081964969635,-0.024911213292380552,0.1130642294883728,-0.20179793238639832,-0.06246609389652846,0.10326671600341797,-0.16601970791816711,-0.0863629557179415,0.09010332822799683,-0.12110546231269836,-0.0972197256969416,0.05427268147468567,-0.1897074580192566,-0.031821695713897924,0.0605795681476593,-0.21764123439788818,-0.06992220654954551,0.05730152130126953,-0.1664597988128662,-0.0827161200331652,0.05352911353111267,-0.11937466263771057,-0.08365788832177756,0.012871742248535156,-0.19059336185455322,-0.04311112090816138,0.008183896541595459,-0.16901850700378418,-0.07420275136699317,0.010043084621429443,-0.11241823434829712,-0.07533172294368384,0.015278935432434082,-0.07749950885772705,-0.06848479583730338,-0.023834705352783203,-0.17485550045967102,-0.057559685407778005,-0.029689550399780273,-0.14397603273391724,-0.07345976456870673,-0.024936050176620483,-0.10460168123245239,-0.07160589620341895,-0.014826059341430664,-0.08446037769317627,-0.06629315540065406
0.0,0.0,0.0,0.052854955196380615,-0.008077561855316162,-0.021405529463002892,0.09660837054252625,-0.037146031856536865,-0.037578556918809625,0.0976625382900238,-0.06656420230865479,-0.0549925344523885,0.06436404585838318,-0.08602780103683472,-0.07040010043353817,0.09574446082115173,-0.16127213835716248,-0.025527846300313684,0.1132403314113617,-0.19983968138694763,-0.06481440016002438,0.10662016272544861,-0.16424104571342468,-0.09068268933267376,0.09415236115455627,-0.11955106258392334,-0.102230843388746,0.05443960428237915,-0.18289360404014587,-0.03311895974845669,0.0658172070980072,-0.22571679949760437,-0.07242910214633724,0.06577262282371521,-0.17444494366645813,-0.0874770472285249,0.06274697184562683,-0.1256234049797058,-0.08965240069598934,0.01311841607093811,-0.18402808904647827,-0.04495638259620449,0.011254817247390747,-0.1736874282360077,-0.07892496534557125,0.013589441776275635,-0.11351040005683899,-0.0817077720996835,0.01697850227355957,-0.0758621096611023,-0.07510546990604183,-0.024988919496536255,-0.168771892786026,-0.05947451689214489,-0.027306348085403442,-0.1496087908744812,-0.07694045850009701,-0.021467268466949463,-0.10964065790176392,-0.07447506138057491,-0.013368308544158936,-0.08719700574874878,-0.06823998340339443
0.0,0.0,0.0,0.055657655000686646,-0.002130568027496338,-0.020621493164611593,0.10546529293060303,-0.040286362171173096,-0.03323566884191109,0.10476928949356079,-0.07539033889770508,-0.04649248317272736,0.06854245066642761,-0.09726053476333618,-0.05751753569037987,0.09495872259140015,-0.15286874771118164,-0.024457065094424024,0.11184769868850708,-0.1977594792842865,-0.061904817525459066,0.1062423586845398,-0.16314303874969482,-0.08539884508044793,0.0950080156326294,-0.11733818054199219,-0.09546980977447106,0.05414789915084839,-0.17760151624679565,-0.03110687777788712,0.0672038197517395,-0.2276005744934082,-0.07020960718782021,0.0674041211605072,-0.17713657021522522,-0.08454848796517922,0.06308430433273315,-0.12390047311782837,-0.08534651220233513,0.013188362121582031,-0.18025586009025574,-0.04201613709719254,0.012613862752914429,-0.17277660965919495,-0.07764458626897408,0.014390051364898682,-0.10977602005004883,-0.0825932171979673,0.01681727170944214,-0.06759095191955566,-0.07631690025718285,-0.023608505725860596,-0.1645583212375641,-0.05522303253800942,-0.02346283197402954,-0.1415301263332367,-0.07608847290666176,-0.017373591661453247,-0.09979206323623657,-0.07712584704549386,-0.010340869426727295,-0.07579177618026733,-0.07252880901486947
0.0,0.0,0.0,0.061081528663635254,-0.005308210849761963,-0.018720332723631827,0.1129271388053894,-0.04192483425140381,-0.030605148714556663,0.11643403768539429,-0.07923758029937744,-0.04411855359055039,0.0786026120185852,-0.10336196422576904,-0.05605431665159699,0.10367655754089355,-0.15675228834152222,-0.01866069827653405,0.11977028846740723,-0.20734649896621704,-0.054627925348057715,0.11447727680206299,-0.17298468947410583,-0.0789495112416887,0.10526299476623535,-0.1255168318748474,-0.09026599694468018,0.064899742603302,-0.1769702434539795,-0.026875283759608237,0.07936465740203857,-0.23291388154029846,-0.0642116816756868,0.07927745580673218,-0.18545112013816833,-0.08057816345669266,0.0746912956237793,-0.1331716775894165,-0.08390356619335648,0.023471295833587646,-0.17834794521331787,-0.039225343805327384,0.02322182059288025,-0.1893421709537506,-0.07440999914385316,0.024969488382339478,-0.12740787863731384,-0.08147655446506974,0.026904821395874023,-0.08051657676696777,-0.07717204112984177,-0.016132652759552002,-0.16432929039001465,-0.05363245699979302,-0.016298145055770874,-0.16215062141418457,-0.07402704675175187,-0.010858774185180664,-0.12188664078712463,-0.07523112018085953,-0.004891067743301392,-0.09160542488098145,-0.07128516603685853
0.0,0.0,0.0,0.05009523034095764,-0.008019089698791504,-0.0250021268338827,0.09803268313407898,-0.04391670227050781,-0.04145151308783568,0.09826871752738953,-0.08776193857192993,-0.057765736496534714,0.06638404726982117,-0.1204843521118164,-0.07180470905312575,0.0914512574672699,-0.16761741042137146,-0.02461619979747809,0.10841217637062073,-0.21270477771759033,-0.06431333652743376,0.10758933424949646,-0.17681145668029785,-0.09061662039765395,0.10021910071372986,-0.13035300374031067,-0.10248618505009688,0.05187326669692993,-0.1907130777835846,-0.02946093610533751,0.06832334399223328,-0.2370331883430481,-0.06897526166447676,0.07028070092201233,-0.18528026342391968,-0.08418130061635054,0.06861385703086853,-0.13991516828536987,-0.08572102270134963,0.009942382574081421,-0.193831205368042,-0.039159897035446534,0.013746112585067749,-0.1813376247882843,-0.07451861283787764,0.013675391674041748,-0.12044835090637207,-0.07617541334637679,0.015001058578491211,-0.0909116268157959,-0.0679298334480194,-0.02938702702522278,-0.18068590760231018,-0.05163912407168425,-0.026251882314682007,-0.15904831886291504,-0.06893131068953551,-0.022219479084014893,-0.11970579624176025,-0.06466288051613844,-0.017422109842300415,-0.10706603527069092,-0.05685514143713988
0.0,0.0,0.0,0.05352497100830078,-0.012678563594818115,-0.023382812931600938,0.0987110435962677,-0.04639291763305664,-0.03955438193625582,0.09813985228538513,-0.09134984016418457,-0.05585579034632815,0.06941288709640503,-0.12442135810852051,-0.06927338075584544,0.09418973326683044,-0.17497563362121582,-0.020998569398585687,0.11495915055274963,-0.21248143911361694,-0.059260545491639505,0.11070683598518372,-0.17466822266578674,-0.08507107031292094,0.10022059082984924,-0.1294885277748108,-0.09662732315010203,0.05481240153312683,-0.19960960745811462,-0.02592366021818293,0.07294055819511414,-0.239383727312088,-0.06298914384788645,0.07384690642356873,-0.19207054376602173,-0.07799733263200892,0.07091853022575378,-0.14773422479629517,-0.0798463581199087,0.0136641263961792,-0.20366141200065613,-0.03564655986374987,0.015592366456985474,-0.17968076467514038,-0.06829345804399622,0.015850543975830078,-0.12373971939086914,-0.0713307319278158,0.01775345206260681,-0.09548473358154297,-0.06460651588386668,-0.024992555379867554,-0.19045007228851318,-0.04815646466559542,-0.023774713277816772,-0.15957462787628174,-0.06355184894746913,-0.020174026489257812,-0.12355071306228638,-0.06048048493212832,-0.01506352424621582,-0.1127544641494751,-0.05381137710756434
0.0,0.0,0.0,0.05213296413421631,-0.008982837200164795,-0.022114175292387017,0.10475486516952515,-0.04770481586456299,-0.036241543399825105,0.11375802755355835,-0.09361302852630615,-0.0509759680504942,0.08218789100646973,-0.12743979692459106,-0.0638081253643179,0.09366226196289062,-0.17656463384628296,-0.01882441799594403,0.10911422967910767,-0.2165243923664093,-0.05567750047399045,0.1117638349533081,-0.182833731174469,-0.08126319657517911,0.10904496908187866,-0.1359575092792511,-0.09324782054378034,0.05405643582344055,-0.19684559106826782,-0.025193718182578095,0.07238897681236267,-0.2369735836982727,-0.06283674101783276,0.08064991235733032,-0.18829259276390076,-0.07942292551948071,0.08341282606124878,-0.1391926407814026,-0.08223345588399411,0.012135893106460571,-0.19714176654815674,-0.03600393320871831,0.019348859786987305,-0.17766103148460388,-0.0716458232278967,0.021550804376602173,-0.11787915229797363,-0.07642698000623227,0.022558629512786865,-0.08400630950927734,-0.06992941062404157,-0.027896881103515625,-0.17960792779922485,-0.04921510528279782,-0.017720162868499756,-0.15452060103416443,-0.06828832339002133,-0.01316690444946289,-0.11385953426361084,-0.0659048975582266,-0.010308533906936646,-0.09499675035476685,-0.05880222554756642
0.0,0.0,0.0,0.05909305810928345,-0.006379067897796631,-0.021268489473129648,0.11438888311386108,-0.04556459188461304,-0.035766451322103876,0.11981916427612305,-0.09962153434753418,-0.051192844920421976,0.08605790138244629,-0.140642911195755,-0.0649252111842884,0.10652118921279907,-0.17690414190292358,-0.01696359615829124,0.12583589553833008,-0.2143382430076599,-0.05199306707885398,0.1312282681465149,-0.17954382300376892,-0.07800020527150764,0.12992089986801147,-0.1322583556175232,-0.09100210916307105,0.0659242570400238,-0.19862854480743408,-0.02386693533566131,0.08777356147766113,-0.2381872832775116,-0.05848374467399253,0.10068988800048828,-0.1888638138771057,-0.07602686684634818,0.10451465845108032,-0.1391381323337555,-0.08107637118604316,0.023371636867523193,-0.1995294690132141,-0.034921529405380625,0.03419601917266846,-0.18657660484313965,-0.06777257721927299,0.03714296221733093,-0.12515079975128174,-0.07280512403752937,0.03477555513381958,-0.08839565515518188,-0.06770122300889625,-0.018270492553710938,-0.18260186910629272,-0.04839017491843833,-0.002513021230697632,-0.16189348697662354,-0.06616617243793144,0.004063606262207031,-0.11839592456817627,-0.06314443301465644,0.006004154682159424,-0.09596192836761475,-0.05619925137665405
0.0,0.0,0.0,0.06531256437301636,-0.021939575672149658,-0.01960568639000826,0.12156558036804199,-0.05997645854949951,-0.03278617138525419,0.13729524612426758,-0.10669350624084473,-0.047233916321005154,0.10275983810424805,-0.1382126808166504,-0.05963099325558119,0.09964609146118164,-0.19427555799484253,-0.014814259917642403,0.12644970417022705,-0.23006117343902588,-0.045977390804495144,0.13877689838409424,-0.1997450292110443,-0.06951752255221777,0.1439119577407837,-0.16102290153503418,-0.0822958419706481,0.06119409203529358,-0.21059152483940125,-0.022401233636941242,0.08993977308273315,-0.25102436542510986,-0.05399654010793142,0.10954427719116211,-0.2094992697238922,-0.06941957721969061,0.11851727962493896,-0.1679089069366455,-0.07471626947184973,0.021153301000595093,-0.20877006649971008,-0.03390287185570173,0.04192090034484863,-0.18245306611061096,-0.06671507606765203,0.04353252053260803,-0.12361234426498413,-0.06978668967744284,0.038415879011154175,-0.09224915504455566,-0.06350876341124945,-0.01733076572418213,-0.19128331542015076,-0.04794535363575392,0.006072282791137695,-0.15844273567199707,-0.06445652941724234,0.010333836078643799,-0.11780685186386108,-0.059886279949154186,0.007402271032333374,-0.1011614203453064,-0.05245314116140776
0.0,0.0,0.0,0.0575677752494812,-0.017969965934753418,-0.01757938495782696,0.107879638671875,-0.05007755756378174,-0.030906858732379305,0.1258765459060669,-0.09221208095550537,-0.045590561692989695,0.10168921947479248,-0.1297318935394287,-0.05929374030736767,0.09994471073150635,-0.1839594841003418,-0.020909706940329897,0.12150019407272339,-0.22233346104621887,-0.0519926965883144,0.13322758674621582,-0.20693761110305786,-0.07490538141635739,0.1410570740699768,-0.178713858127594,-0.08705709955600582,0.06078583002090454,-0.2056710124015808,-0.028942013969100344,0.08337283134460449,-0.25030946731567383,-0.06032575002816998,0.10062265396118164,-0.22111007571220398,-0.0756559454551109,0.10934954881668091,-0.18340516090393066,-0.0807821684232124,0.019031912088394165,-0.20688390731811523,-0.03984319127110325,0.031484007835388184,-0.1819191873073578,-0.07331313273814999,0.03639042377471924,-0.12318539619445801,-0.07799847505000912,0.03513583540916443,-0.08342790603637695,-0.07250005087760769,-0.021557748317718506,-0.19016191363334656,-0.05275012633708798,-0.005064487457275391,-0.1641102433204651,-0.07152126810458981,0.0010161399841308594,-0.12174570560455322,-0.0688306622853645,0.0018938183784484863,-0.09392887353897095,-0.062014249031818736
0.0,0.0,0.0,0.06937801837921143,-0.04036992788314819,-0.03132510984681858,0.1285712718963623,-0.09640860557556152,-0.056789540298211705,0.13817250728607178,-0.15972059965133667,-0.0840240536107899,0.10112375020980835,-0.20536577701568604,-0.10971107015751613,0.09017437696456909,-0.2632223963737488,-0.039146990127790104,0.11873108148574829,-0.3360578417778015,-0.08988557437800182,0.14351379871368408,-0.30866220593452454,-0.12430585602663768,0.16147977113723755,-0.25425565242767334,-0.1397276414408566,0.03625902533531189,-0.27189284563064575,-0.04778549129508747,0.06566417217254639,-0.35901373624801636,-0.09955846200131191,0.09712129831314087,-0.3169991970062256,-0.12164771238707317,0.11586958169937134,-0.25527554750442505,-0.12659031579636348,-0.017632603645324707,-0.2607642412185669,-0.06110268513106121,0.00631338357925415,-0.2672122120857239,-0.11361369917534603,0.01870766282081604,-0.18215972185134888,-0.11592282036684765,0.02122509479522705,-0.11595016717910767,-0.10300026515864147,-0.06993508338928223,-0.23294943571090698,-0.07744013199948085,-0.04641449451446533,-0.24012833833694458,-0.1061652866973759,-0.02853018045425415,-0.17919546365737915,-0.09719078669689907,-0.019953757524490356,-0.12990498542785645,-0.08235302249335064
0.0,0.0,0.0,0.07796323299407959,-0.03289073705673218,-0.023807742825226796,0.1359996199607849,-0.08368957042694092,-0.04145768955953599,0.14830070734024048,-0.1368342638015747,-0.0627461068392563,0.11551302671432495,-0.17351943254470825,-0.08264687583454133,0.12204617261886597,-0.2471529245376587,-0.020413489273266805,0.1524459719657898,-0.3080121874809265,-0.06756148413427354,0.16137975454330444,-0.2786610424518585,-0.10121559277780534,0.1614527702331543,-0.22459226846694946,-0.11644052640207292,0.0682486891746521,-0.271827757358551,-0.03091961257763387,0.10094282031059265,-0.3360421061515808,-0.0785861678481865,0.1160385012626648,-0.2884933650493622,-0.10145685747869493,0.11999005079269409,-0.22343146800994873,-0.10688374862678529,0.013984322547912598,-0.2749992609024048,-0.04680568278439523,0.03012216091156006,-0.25342437624931335,-0.0948140092254448,0.036749690771102905,-0.1727038025856018,-0.10362999812372209,0.037216365337371826,-0.10745948553085327,-0.09568311200149537,-0.038125693798065186,-0.2571447193622589,-0.06548012719161989,-0.018733501434326172,-0.23302572965621948,-0.09152868316181184,-0.008738040924072266,-0.17118340730667114,-0.08859291598804475,-0.004053086042404175,-0.12186020612716675,-0.0786024101138878
0.0,0.0,0.0,0.07265114784240723,-0.049181461334228516,-0.026101581665699314,0.11798211932182312,-0.11112111806869507,-0.04784676982743008,0.11274263262748718,-0.16425353288650513,-0.07313312395197613,0.07148858904838562,-0.18966293334960938,-0.09713097466809018,0.08685198426246643,-0.264590859413147,-0.023094290780846904,0.11067754030227661,-0.31758686900138855,-0.07280799551588757,0.11907336115837097,-0.2768932580947876,-0.10846065534931881,0.1209251880645752,-0.21282267570495605,-0.12425967856032116,0.03563809394836426,-0.2709779739379883,-0.03281955598575337,0.05837222933769226,-0.33115819096565247,-0.08371934099776013,0.07712134718894958,-0.2810940146446228,-0.10924780918938382,0.08568963408470154,-0.21474170684814453,-0.11652488811594708,-0.014152616262435913,-0.25680291652679443,-0.0482652428625272,-0.003054022789001465,-0.25838416814804077,-0.09774284614903195,0.014503061771392822,-0.1808186173439026,-0.10935701234919293,0.02338385581970215,-0.11373084783554077,-0.10363034709078534,-0.060205549001693726,-0.225874125957489,-0.06638622834068997,-0.04943147301673889,-0.23713535070419312,-0.09409719510657055,-0.02964964509010315,-0.1840837597846985,-0.0938558484492944,-0.01473948359489441,-0.13224154710769653,-0.08627255066019757
0.0,0.0,0.0,0.0608924925327301,-0.0461696982383728,-0.02583579271670544,0.10278517007827759,-0.12224674224853516,-0.04200828931864464,0.10166653990745544,-0.19246459007263184,-0.06071653328474724,0.07125872373580933,-0.2394493818283081,-0.0774988729470607,0.07109138369560242,-0.26189368963241577,-0.014550610628091931,0.08330217003822327,-0.3435392379760742,-0.05735091231402123,0.09490787982940674,-0.3284066915512085,-0.08673622943099701,0.09925961494445801,-0.27633124589920044,-0.09802959598239624,0.02177184820175171,-0.2649330496788025,-0.020642367374264836,0.03157055377960205,-0.3627816438674927,-0.061554570864998936,0.05010196566581726,-0.3338111639022827,-0.08034529275830948,0.0627877414226532,-0.278999388217926,-0.08336014784511292,-0.026272624731063843,-0.24851739406585693,-0.03274342529114449,-0.015059322118759155,-0.2793676257133484,-0.0800611648672458,0.0007284879684448242,-0.20525974035263062,-0.08785544074710572,0.008848696947097778,-0.13941043615341187,-0.0788135651462909,-0.07284486293792725,-0.21697735786437988,-0.046961114924513936,-0.05888304114341736,-0.24415123462677002,-0.07867572940524781,-0.038308143615722656,-0.19018220901489258,-0.07835977263387406,-0.023718982934951782,-0.13944607973098755,-0.06887842453654969
0.0,0.0,0.0,0.07156297564506531,-0.05322825908660889,-0.03097306272138667,0.11315664649009705,-0.11027669906616211,-0.059515873772397754,0.10610279440879822,-0.15475398302078247,-0.0907722849970014,0.056231558322906494,-0.16329950094223022,-0.12034006310750556,0.0794782042503357,-0.2801622152328491,-0.03476559637238097,0.09397196769714355,-0.3124096393585205,-0.08878610177089286,0.10062000155448914,-0.25322937965393066,-0.12714435799171042,0.1036427915096283,-0.1923809051513672,-0.1457722548966558,0.023273229598999023,-0.2777673602104187,-0.04500555141021323,0.03594452142715454,-0.3203412890434265,-0.10079093171407294,0.05246046185493469,-0.24845421314239502,-0.12414030624677252,0.06181776523590088,-0.17624682188034058,-0.12942223889876914,-0.03054952621459961,-0.2567523717880249,-0.06098900256802153,-0.026593923568725586,-0.24956351518630981,-0.11175465477754187,-0.009464681148529053,-0.16451847553253174,-0.11728607757140708,0.0012038350105285645,-0.10025858879089355,-0.10750906063367438,-0.07803767919540405,-0.21970915794372559,-0.08049519999076438,-0.07321161031723022,-0.2126196026802063,-0.1064363036875875,-0.05381396412849426,-0.15413296222686768,-0.10177590591956687,-0.03835815191268921,-0.10844135284423828,-0.09134571148206305
0.0,0.0,0.0,0.0735044777393341,-0.052267372608184814,-0.029669911627024703,0.11461830139160156,-0.11051779985427856,-0.05635698607966333,0.10492604970932007,-0.1570712924003601,-0.08593824974104791,0.05639728903770447,-0.17105168104171753,-0.11403474679991632,0.0828191339969635,-0.2779378890991211,-0.031183837939352088,0.09751486778259277,-0.3146151304244995,-0.08301286867663293,0.10535925626754761,-0.2580791115760803,-0.12007337531849771,0.11023378372192383,-0.1975504755973816,-0.13798636666342645,0.026413530111312866,-0.278289794921875,-0.04098849466845422,0.03894731402397156,-0.3200090527534485,-0.09475224188372522,0.05616846680641174,-0.25202029943466187,-0.1179625960330668,0.06638571619987488,-0.18136262893676758,-0.12335294953390985,-0.02762657403945923,-0.2593982219696045,-0.056588252101391845,-0.020268142223358154,-0.24825942516326904,-0.10713918230339914,-0.0030302703380584717,-0.16401433944702148,-0.11386609545752435,0.007548660039901733,-0.09885609149932861,-0.10473581871792703,-0.07492351531982422,-0.22357559204101562,-0.0754317613582316,-0.06587886810302734,-0.21256351470947266,-0.10212892762228876,-0.04601714015007019,-0.1527279019355774,-0.09865873030230432,-0.030767738819122314,-0.10511797666549683,-0.0887064086537066
0.0,0.0,0.0,0.0747644305229187,-0.045985519886016846,-0.018919936133258375,0.12936580181121826,-0.10461360216140747,-0.034566950736277136,0.14512532949447632,-0.16020315885543823,-0.054601375696890386,0.10753881931304932,-0.18846774101257324,-0.07270177149557355,0.10133099555969238,-0.2649570107460022,-0.010654462253384622,0.13226506114006042,-0.31974929571151733,-0.053078842101328405,0.14275246858596802,-0.27915430068969727,-0.08431023055099729,0.14629459381103516,-0.22188669443130493,-0.09855819934391263,0.05166932940483093,-0.2811053395271301,-0.021522381094925436,0.08724328875541687,-0.3368329405784607,-0.06440069222234968,0.10259479284286499,-0.2861858010292053,-0.08437592232012037,0.10725611448287964,-0.22529935836791992,-0.08841839128517393,0.0013467073440551758,-0.2778591513633728,-0.03752401911997083,0.024909287691116333,-0.25927281379699707,-0.07990784638904813,0.0323585569858551,-0.18295300006866455,-0.08628932082437757,0.03269574046134949,-0.1246761679649353,-0.07770302587532285,-0.04618149995803833,-0.2568212151527405,-0.05618975752376798,-0.022523045539855957,-0.23809480667114258,-0.07760197365068677,-0.00821077823638916,-0.18081164360046387,-0.07352629744791273,-0.0007217824459075928,-0.13512158393859863,-0.06349241429352048
0.0,0.0,0.0,0.06814703345298767,-0.035732150077819824,-0.028169761464937437,0.12406811118125916,-0.10419929027557373,-0.042604782671674,0.13899293541908264,-0.1784154772758484,-0.057456855715258826,0.1188642680644989,-0.23291122913360596,-0.07032701471541714,0.10719829797744751,-0.24115246534347534,-0.017010002450092543,0.12808439135551453,-0.3077954053878784,-0.05254411795829128,0.14600256085395813,-0.30358755588531494,-0.07730069109891247,0.15752890706062317,-0.2747947573661804,-0.0888832519361813,0.06110107898712158,-0.257892370223999,-0.0214812951693375,0.08588886260986328,-0.34440675377845764,-0.060176068038686026,0.11196619272232056,-0.3174956440925598,-0.0775583023736317,0.12717995047569275,-0.26920199394226074,-0.08103227713797878,0.013888925313949585,-0.2555301785469055,-0.03132652589772533,0.03464356064796448,-0.2675827741622925,-0.07962897518370937,0.04272070527076721,-0.19045227766036987,-0.08685514429305385,0.040286898612976074,-0.12689900398254395,-0.07736636796687435,-0.032492607831954956,-0.23778373003005981,-0.0433178255865414,-0.0068739354610443115,-0.2448553442955017,-0.07546547898743938,0.0019439160823822021,-0.18830132484436035,-0.0750624249288876,0.0022921860218048096,-0.14148461818695068,-0.0660326043674786
0.0,0.0,0.0,0.06742632389068604,-0.03594452142715454,-0.0305775804047812,0.12188857793807983,-0.10021108388900757,-0.048594132957362035,0.1305658221244812,-0.172440767288208,-0.0669352979933251,0.10755053162574768,-0.22721129655838013,-0.08281462356200109,0.10288539528846741,-0.246404230594635,-0.023717372638486722,0.1278788447380066,-0.3104952573776245,-0.06338086440911184,0.1462826132774353,-0.3004155158996582,-0.0909479977165688,0.15838658809661865,-0.265902578830719,-0.10377710774292837,0.054226309061050415,-0.26417046785354614,-0.028080173728369573,0.08181941509246826,-0.34183433651924133,-0.07081184252848516,0.10912707448005676,-0.3136356472969055,-0.08971170052637945,0.1239926815032959,-0.2641192078590393,-0.09369478091349492,0.0063935816287994385,-0.2606953978538513,-0.037965615240239003,0.0309370756149292,-0.26013463735580444,-0.08774622246374975,0.042354732751846313,-0.18318241834640503,-0.09511724576105962,0.04262003302574158,-0.11914283037185669,-0.08566683992495427,-0.03962910175323486,-0.2406432032585144,-0.05042546331634412,-0.010992318391799927,-0.23568570613861084,-0.08280375316491018,0.0012686848640441895,-0.17843222618103027,-0.0826571778928269,0.005652368068695068,-0.13145911693572998,-0.07368556871762166
0.0,0.0,0.0,0.09516268968582153,-0.02821725606918335,-0.02621336504741123,0.15145081281661987,-0.08376550674438477,-0.04991992041392734,0.15658390522003174,-0.13651341199874878,-0.07399592399521282,0.12845396995544434,-0.17852741479873657,-0.09504844844265392,0.12947383522987366,-0.2701478898525238,-0.046904461830095556,0.17848002910614014,-0.23864471912384033,-0.08711064457817486,0.18997466564178467,-0.16119474172592163,-0.11130656152887752,0.18554085493087769,-0.10480338335037231,-0.12320514619274547,0.07570803165435791,-0.27146095037460327,-0.05505768433137348,0.12352290749549866,-0.22332894802093506,-0.09470897018833568,0.14363455772399902,-0.134354829788208,-0.108536532520489,0.14590609073638916,-0.0783226490020752,-0.11360022276564052,0.018004029989242554,-0.24712646007537842,-0.0660282358519595,0.05632093548774719,-0.17283129692077637,-0.10199804454966,0.05853259563446045,-0.1013718843460083,-0.10173867493791988,0.050887227058410645,-0.07592529058456421,-0.0942824169985812,-0.0329669713973999,-0.20430195331573486,-0.07957518696709087,-0.0007629990577697754,-0.14502722024917603,-0.09500308185739925,0.012649714946746826,-0.10687965154647827,-0.0867024198166888,0.013259828090667725,-0.10003852844238281,-0.07735882550402096
0.0,0.0,0.0,0.0760498046875,-0.01764470338821411,-0.044797417044094345,0.1309577226638794,-0.030246853828430176,-0.09890266907160594,0.16904252767562866,-0.013515233993530273,-0.15344778102581813,0.1910455822944641,0.009119987487792969,-0.2033431569928439,0.12459176778793335,-0.30043697357177734,-0.08779902410452678,0.18639105558395386,-0.19045335054397583,-0.17595582109635188,0.19036966562271118,-0.05398470163345337,-0.2309041659230502,0.17667227983474731,0.057732582092285156,-0.2557752470368655,0.03912460803985596,-0.2956008017063141,-0.10259447646086528,0.09999561309814453,-0.15981388092041016,-0.18897961479370906,0.11521869897842407,-0.00442737340927124,-0.2132910977000506,0.11762171983718872,0.0964897871017456,-0.21439305347149684,-0.039801180362701416,-0.2469910979270935,-0.12379895549958064,0.018436431884765625,-0.07003682851791382,-0.18513232868855312,0.03109842538833618,0.025330543518066406,-0.179440830170563,0.031632423400878906,0.054825782775878906,-0.16241147023384883,-0.10284006595611572,-0.17486315965652466,-0.15056425732319667,-0.05415767431259155,-0.04044753313064575,-0.17376958233063533,-0.033093035221099854,0.010665297508239746,-0.1595552156562121,-0.025341808795928955,0.008767843246459961,-0.14271118146126582
0.0,0.0,0.0,0.10783272981643677,-0.021223843097686768,-0.05034247052788032,0.18628448247909546,-0.05505836009979248,-0.09723344829797043,0.21476155519485474,-0.0896446704864502,-0.1411221661877562,0.21316993236541748,-0.13110268115997314,-0.17613901582478775,0.16899961233139038,-0.3706698417663574,-0.07452448842047943,0.22991299629211426,-0.26350700855255127,-0.16331875708817734,0.2258073091506958,-0.12826287746429443,-0.2157291808438231,0.21597206592559814,-0.0297088623046875,-0.24037859228371872,0.08395791053771973,-0.3872559070587158,-0.08564348158358825,0.15634971857070923,-0.26710784435272217,-0.17019901064156784,0.16661757230758667,-0.11116421222686768,-0.1917457022976805,0.16781985759735107,-0.026646792888641357,-0.19125070062398208,-0.0006850361824035645,-0.34494975209236145,-0.10547627893208755,0.05590897798538208,-0.1699995994567871,-0.16858742025613083,0.06719410419464111,-0.0655624270439148,-0.16116038349389328,0.0666394829750061,-0.04922497272491455,-0.14456850674866928,-0.07246899604797363,-0.2705366611480713,-0.13166602340459121,-0.031620144844055176,-0.11496901512145996,-0.1618418582987715,-0.011146903038024902,-0.05483722686767578,-0.15364049759625686,-0.007391512393951416,-0.07171273231506348,-0.1411390790057112
0.0,0.0,0.0,-0.036262452602386475,-0.024746298789978027,-0.0899836489452639,-0.03292340040206909,-0.04468792676925659,-0.1520477005733767,0.006344616413116455,-0.028342127799987793,-0.19988577752249626,0.04217886924743652,-0.04536563158035278,-0.2428670146955767,0.06545227766036987,-0.22271469235420227,-0.13802831559317497,0.10556989908218384,-0.1321796476840973,-0.20905176489489463,0.1204519271850586,-0.03379034996032715,-0.2537908324493685,0.12374299764633179,0.039163827896118164,-0.2812811800731936,0.12173914909362793,-0.22110378742218018,-0.12583642392294792,0.181679368019104,-0.16779392957687378,-0.20099709122317222,0.19043385982513428,-0.05901503562927246,-0.2347319045557299,0.18159037828445435,0.030795514583587646,-0.2509270378841677,0.15774750709533691,-0.18768304586410522,-0.11958261518614677,0.2171303629875183,-0.13846120238304138,-0.18892297833102134,0.21766185760498047,-0.040503501892089844,-0.2061011114610949,0.20495766401290894,0.03252899646759033,-0.20863460688727287,0.17930364608764648,-0.13445234298706055,-0.11953490911858466,0.21974188089370728,-0.09140670299530029,-0.17455857186453727,0.21194571256637573,-0.022765517234802246,-0.18689200966494468,0.19970178604125977,0.027854859828948975,-0.18771579055922416
0.0,0.0,0.0,0.08501014113426208,0.01704704761505127,-0.044535573779427295,0.14769700169563293,0.006464362144470215,-0.08691512814053226,0.1675179898738861,-0.01841062307357788,-0.12759508958347965,0.12504246830940247,-0.07039928436279297,-0.16424397399910617,0.1757824718952179,-0.2428494691848755,-0.07473421862610508,0.21013829112052917,-0.20986786484718323,-0.1446375625420444,0.20034614205360413,-0.10970664024353027,-0.19344846179970432,0.17887887358665466,-0.02877962589263916,-0.21990013888367343,0.11001327633857727,-0.26699143648147583,-0.08656013777741123,0.1423254907131195,-0.23703688383102417,-0.16025733223446537,0.1474049985408783,-0.11981767416000366,-0.18998228779324222,0.14093169569969177,-0.022094666957855225,-0.19796722403057743,0.038140326738357544,-0.25082331895828247,-0.10359463116415668,0.06094750761985779,-0.16157597303390503,-0.15638472905644107,0.05713275074958801,-0.090298593044281,-0.1549440251875751,0.05048343539237976,-0.06184184551239014,-0.1441556142855518,-0.025349318981170654,-0.20098689198493958,-0.12641606500633884,-0.008421510457992554,-0.10211670398712158,-0.15360454490669895,-0.00029975175857543945,-0.06211555004119873,-0.14652202299126316,0.006449490785598755,-0.06140381097793579,-0.13607453575619388
0.0,0.0,0.0,0.05750593543052673,-0.014862477779388428,-0.055675770144176795,0.10639575123786926,-0.040677547454833984,-0.09403161610217126,0.11099222302436829,-0.06460648775100708,-0.1262450059756759,0.08990034461021423,-0.08606433868408203,-0.15274038816542657,0.08909294009208679,-0.29009178280830383,-0.06139540577979119,0.0909411609172821,-0.23848319053649902,-0.1213197922214988,0.06936970353126526,-0.1507241129875183,-0.1613615294799331,0.051611632108688354,-0.08566349744796753,-0.18086580837817223,0.01954314112663269,-0.3083341121673584,-0.05565465892405541,0.010210782289505005,-0.21173226833343506,-0.10920967812390359,0.0036372244358062744,-0.11978566646575928,-0.12719990218730004,0.003268301486968994,-0.06343114376068115,-0.12979383672328026,-0.04797548055648804,-0.28481292724609375,-0.057622692535829856,-0.05554404854774475,-0.16173690557479858,-0.09882637764067681,-0.045954495668411255,-0.09468209743499756,-0.0983674442276481,-0.03411099314689636,-0.06901931762695312,-0.08975223357529671,-0.10448434948921204,-0.2368760108947754,-0.06604102904648812,-0.10676583647727966,-0.13852757215499878,-0.09151507074685128,-0.08501240611076355,-0.0855029821395874,-0.09063742960543664,-0.0631774365901947,-0.07359862327575684,-0.08239069486708672
0.0,0.0,0.0,0.06237804889678955,0.007323861122131348,-0.03320605145456845,0.11351770162582397,1.0013580322265625e-05,-0.05793767260077054,0.13593751192092896,-0.013782262802124023,-0.0812219700372463,0.12146824598312378,-0.046740055084228516,-0.10116401524903829,0.13140034675598145,-0.19418618083000183,-0.043841978774095125,0.1374443769454956,-0.16563338041305542,-0.09157276363732869,0.12079668045043945,-0.10232210159301758,-0.12378905923726613,0.10702472925186157,-0.055702269077301025,-0.1392853132045513,0.08059149980545044,-0.21778976917266846,-0.047271309659505434,0.0791587233543396,-0.1715511679649353,-0.09478113265397603,0.07244336605072021,-0.09216779470443726,-0.11379708559873158,0.06876945495605469,-0.03634434938430786,-0.11940988363387639,0.02833348512649536,-0.21621200442314148,-0.055291882023835726,0.018897533416748047,-0.1547589898109436,-0.09620031179549748,0.020413994789123535,-0.08308839797973633,-0.10119071812989766,0.026368319988250732,-0.03727233409881592,-0.09596832306745107,-0.018607914447784424,-0.19703719019889832,-0.066949675098682,-0.02731943130493164,-0.1406361162662506,-0.08986531408193166,-0.02096778154373169,-0.08592277765274048,-0.09058176191213185,-0.008326828479766846,-0.049352049827575684,-0.085515009478355
0.0,0.0,0.0,0.06586384773254395,0.0023238658905029297,-0.029682144479483696,0.11556941270828247,-0.00842052698135376,-0.053855240301817986,0.12641185522079468,-0.03035259246826172,-0.07789916540834341,0.09895843267440796,-0.05548959970474243,-0.09993755068036947,0.12938237190246582,-0.1989511251449585,-0.03789513553831014,0.13474184274673462,-0.17759686708450317,-0.08145147557708654,0.12118476629257202,-0.11474353075027466,-0.11190604414197836,0.11018377542495728,-0.0646677017211914,-0.12684512134048376,0.07987511157989502,-0.21999025344848633,-0.043101791249245736,0.0770108699798584,-0.17965614795684814,-0.08548553283664617,0.07068705558776855,-0.10098779201507568,-0.10352230067703161,0.06715947389602661,-0.043554067611694336,-0.10954118515703115,0.02794244885444641,-0.21654990315437317,-0.05236491184088621,0.019160419702529907,-0.1748495101928711,-0.08879885073158178,0.020194798707962036,-0.1035725474357605,-0.09291495378467474,0.025735169649124146,-0.052853167057037354,-0.08796124155971441,-0.020011961460113525,-0.19733932614326477,-0.06491214032623205,-0.029052376747131348,-0.16797754168510437,-0.08386362339708242,-0.022144794464111328,-0.11523902416229248,-0.08134430642578039,-0.009693145751953125,-0.07441473007202148,-0.0746667533681098
0.0,0.0,0.0,0.04842960834503174,-0.03159743547439575,-0.03156497312758688,0.09370040893554688,-0.09155735373497009,-0.055221974682552855,0.11066573858261108,-0.13242557644844055,-0.07637045888279204,0.10722124576568604,-0.1221148669719696,-0.09799245355699782,0.10570603609085083,-0.13075953722000122,-0.0501048488733602,0.11652183532714844,-0.18229332566261292,-0.09474065510605101,0.13411039113998413,-0.17265266180038452,-0.1280917560872865,0.14590543508529663,-0.1395615041255951,-0.14842604456518416,0.08929139375686646,-0.11599558591842651,-0.053846113216621916,0.09619849920272827,-0.1850014328956604,-0.09881338832948927,0.0996963381767273,-0.17566293478012085,-0.11994731782053236,0.09823232889175415,-0.15020596981048584,-0.12958343682859663,0.06062883138656616,-0.09555569291114807,-0.06095924956773047,0.053164899349212646,-0.15538936853408813,-0.09883937595461134,0.042091429233551025,-0.12096560001373291,-0.09653065709446196,0.03664129972457886,-0.08432596921920776,-0.08773989586208586,0.029668092727661133,-0.07327508926391602,-0.07128178684089903,0.020835191011428833,-0.1263515055179596,-0.09520525841091398,0.01566407084465027,-0.1067645251750946,-0.0901061257538629,0.013675898313522339,-0.08218410611152649,-0.08156063763473753
0.0,0.0,0.0,0.05830654501914978,0.015462696552276611,-0.026588469562568662,0.11960557103157043,-0.0075806379318237305,-0.04161008056763649,0.13493111729621887,-0.03986576199531555,-0.05639689770106315,0.11031505465507507,-0.07838428020477295,-0.06964029353622436,0.11361750960350037,-0.11531984806060791,-0.030191525635757444,0.1283152997493744,-0.16561490297317505,-0.07079165410760879,0.13840124011039734,-0.13697582483291626,-0.09941993635658264,0.1391017735004425,-0.09304314851760864,-0.11450969409708023,0.078814297914505,-0.1440487802028656,-0.03685538080100059,0.10320404171943665,-0.21028202772140503,-0.08367048930887222,0.11465790867805481,-0.16446518898010254,-0.10692380350593567,0.11561623215675354,-0.11738869547843933,-0.11468153428796768,0.03521665930747986,-0.15399274230003357,-0.04708954673770904,0.053982287645339966,-0.1634047031402588,-0.09344233554367065,0.04138723015785217,-0.09165751934051514,-0.09403061103586197,0.02803400158882141,-0.05339917540550232,-0.08274795841936111,-0.011095881462097168,-0.14660361409187317,-0.05966548231009483,0.008591115474700928,-0.1349669098854065,-0.09011888485912323,0.005379050970077515,-0.08550691604614258,-0.0853426976180458,-0.0016026198863983154,-0.06562209129333496,-0.07470918428663254
0.0,0.0,0.0,0.06268683075904846,0.008416831493377686,-0.017493115037012785,0.12976309657096863,-0.017122209072113037,-0.02572456677191326,0.14856991171836853,-0.05277353525161743,-0.03528605517678329,0.12383976578712463,-0.09138497710227966,-0.04337239381604263,0.12386158108711243,-0.1266959309577942,-0.016323124288845747,0.1463393270969391,-0.18358835577964783,-0.0495115828209407,0.15382447838783264,-0.14980638027191162,-0.07266641151838371,0.1524042785167694,-0.10274851322174072,-0.08346296590499946,0.08879169821739197,-0.15502271056175232,-0.02367516536943981,0.11584445834159851,-0.21961677074432373,-0.05674674850635597,0.12645670771598816,-0.16876813769340515,-0.07063622516326973,0.12578085064888,-0.11813852190971375,-0.07312741619281837,0.04823008179664612,-0.1658785343170166,-0.03490511816673347,0.06407973170280457,-0.17385971546173096,-0.06971395504407951,0.05535140633583069,-0.10718408226966858,-0.07181494426660606,0.044681817293167114,-0.06743869185447693,-0.0631551120870597,0.004515022039413452,-0.15985843539237976,-0.04797946405344078,0.025003403425216675,-0.14920777082443237,-0.06883366149597236,0.021168440580368042,-0.10507193207740784,-0.06493681412868568,0.013265341520309448,-0.08290708065032959,-0.0562080231004245
0.0,0.0,0.0,0.06695717573165894,-0.0031990408897399902,-0.01821649226312161,0.13069474697113037,-0.043258726596832275,-0.027822304171962742,0.14831387996673584,-0.08289340138435364,-0.03909693810109616,0.11314660310745239,-0.10935714840888977,-0.0485396102345419,0.12059557437896729,-0.1712394654750824,-0.013453832482440475,0.14935117959976196,-0.20150434970855713,-0.0493924074149561,0.15307605266571045,-0.16312485933303833,-0.07536132785443783,0.14557164907455444,-0.11733925342559814,-0.08761463466052533,0.0821371078491211,-0.1999770700931549,-0.02132741699878693,0.11699360609054565,-0.2328227162361145,-0.058258929876132015,0.12578195333480835,-0.17985767126083374,-0.07441643777255535,0.12250351905822754,-0.1297401487827301,-0.07725525054101468,0.03954821825027466,-0.2098316252231598,-0.0335673444247675,0.05905747413635254,-0.18328127264976501,-0.07075898501042843,0.04902094602584839,-0.11774873733520508,-0.07503826322917462,0.03685402870178223,-0.08305585384368896,-0.06704700144891262,-0.0024181604385375977,-0.2012876272201538,-0.048065645275158886,0.018563508987426758,-0.1641678810119629,-0.0679814756191206,0.014006614685058594,-0.11835816502571106,-0.06479249301318646,0.0064095258712768555,-0.0997714102268219,-0.056964018968386654
0.0,0.0,0.0,0.060331761837005615,-0.005376756191253662,-0.018755663887702667,0.1159278154373169,-0.03820240497589111,-0.029046389044367515,0.13735336065292358,-0.07384747266769409,-0.04020362976297065,0.1150560975074768,-0.10585284233093262,-0.04966769251331016,0.10346275568008423,-0.16748124361038208,-0.008708886572264873,0.12025928497314453,-0.1898849904537201,-0.040978691310726845,0.13403373956680298,-0.16264653205871582,-0.06698866444929763,0.13984322547912598,-0.12225794792175293,-0.08126817154987975,0.06857806444168091,-0.19002026319503784,-0.01582230883940383,0.09350985288619995,-0.22124621272087097,-0.04936796310647651,0.11246484518051147,-0.1794481873512268,-0.06705248612269088,0.12151658535003662,-0.13734561204910278,-0.07295857626303359,0.028145670890808105,-0.1942167580127716,-0.02721716347440406,0.047856271266937256,-0.16529253125190735,-0.06467441725834533,0.04140719771385193,-0.10432359576225281,-0.06843561935528442,0.030925631523132324,-0.07566291093826294,-0.060991200388514244,-0.013712853193283081,-0.17957299947738647,-0.04067849624260589,0.009293675422668457,-0.14282968640327454,-0.06477021682366058,0.005455374717712402,-0.10111019015312195,-0.06236243876918479,-0.0025236904621124268,-0.09014731645584106,-0.05466636899217292
0.0,0.0,0.0,0.04827103018760681,0.014265894889831543,-0.021146561604496128,0.09764429926872253,-0.0004757046699523926,-0.03601516376113523,0.10329702496528625,-0.030266642570495605,-0.05109513516401876,0.08229902386665344,-0.05714994668960571,-0.06545789132690061,0.09204229712486267,-0.11251762509346008,-0.02785885113155473,0.10092338919639587,-0.14399319887161255,-0.06359056721305478,0.10483929514884949,-0.11286628246307373,-0.08874625305509198,0.10327395796775818,-0.06985366344451904,-0.10207181016778577,0.05652239918708801,-0.140447735786438,-0.03501351888155568,0.07462599873542786,-0.17551517486572266,-0.07302107254838575,0.08542367815971375,-0.13428425788879395,-0.09025307337617505,0.08599331974983215,-0.09052044153213501,-0.09526028822040189,0.016846567392349243,-0.14809876680374146,-0.045552320432420856,0.032823026180267334,-0.1275726556777954,-0.08217969874715436,0.026765882968902588,-0.06537020206451416,-0.0830241773543321,0.016919881105422974,-0.02937692403793335,-0.07506500522470105,-0.02340593934059143,-0.13417279720306396,-0.058214865278955585,-0.0052536725997924805,-0.09677892923355103,-0.08174564282273877,-0.007439345121383667,-0.054805368185043335,-0.07848881522988904,-0.012628018856048584,-0.03866004943847656,-0.07108576188659299
0.0,0.0,0.0,0.04975125193595886,-0.010906696319580078,-0.021220904196695756,0.0967196524143219,-0.04655134677886963,-0.035226922835306596,0.10078078508377075,-0.08496889472007751,-0.049132962132887315,0.07052215933799744,-0.10613059997558594,-0.060650486852125596,0.08224862813949585,-0.1647087037563324,-0.01790663821537919,0.10058963298797607,-0.1916043758392334,-0.052914671952919434,0.10425499081611633,-0.16169887781143188,-0.07698499819179005,0.09783285856246948,-0.1202596127986908,-0.08717391302724309,0.04407808184623718,-0.18820112943649292,-0.022906424830750893,0.0645081102848053,-0.2184123694896698,-0.058886234070257615,0.07451251149177551,-0.17627081274986267,-0.07493760099549718,0.07366028428077698,-0.13273543119430542,-0.0771214853777451,0.0048285722732543945,-0.19174855947494507,-0.03199195152063794,0.01715552806854248,-0.16452661156654358,-0.06654300203462071,0.016114771366119385,-0.10580983757972717,-0.07077484985728688,0.010443359613418579,-0.07446596026420593,-0.06349316647191472,-0.03235706686973572,-0.17628681659698486,-0.04312711244364209,-0.016000360250473022,-0.14215511083602905,-0.06196822261352963,-0.013215839862823486,-0.10023176670074463,-0.05923000385899968,-0.015543490648269653,-0.0842551589012146,-0.051495649273590516
0.0,0.0,0.0,0.06256291270256042,-0.012886106967926025,-0.020005546999243506,0.11308696866035461,-0.05535346269607544,-0.03286804680254818,0.11084035038948059,-0.09861961007118225,-0.04634717155721546,0.07051149010658264,-0.11629647016525269,-0.05730165590074421,0.09139490127563477,-0.17689156532287598,-0.015484739583996543,0.1104469895362854,-0.2013060748577118,-0.05038562465932728,0.11633893847465515,-0.1694544553756714,-0.07467939753558994,0.11110717058181763,-0.12655523419380188,-0.08553332139280201,0.05301657319068909,-0.19911831617355347,-0.021501809847620734,0.07335355877876282,-0.2312188744544983,-0.05749848906424404,0.08748823404312134,-0.18580076098442078,-0.07366048593547703,0.08887085318565369,-0.1374962329864502,-0.07639777709272266,0.014263302087783813,-0.2012781798839569,-0.031764485430983314,0.02790161967277527,-0.17026260495185852,-0.06577773441102863,0.027889370918273926,-0.11044752597808838,-0.07101263899829746,0.021852225065231323,-0.07886028289794922,-0.06469269890811802,-0.022356092929840088,-0.18475914001464844,-0.04432223413613201,-0.005111604928970337,-0.1421378254890442,-0.06172524068978191,-0.0032521188259124756,-0.10248672962188721,-0.06033245895531536,-0.006804615259170532,-0.08931690454483032,-0.0542520960095203
0.0,0.0,0.0,0.059033364057540894,-0.003873109817504883,-0.023218933919906704,0.11365070939064026,-0.04460549354553223,-0.037056832069993106,0.11707717180252075,-0.08120369911193848,-0.051369602287650196,0.08292567729949951,-0.10412466526031494,-0.06302252640807637,0.09747064113616943,-0.1580517590045929,-0.017696969638109294,0.11192074418067932,-0.1922163963317871,-0.05628311863029012,0.1199844479560852,-0.16049495339393616,-0.0834428243883849,0.11916938424110413,-0.11323267221450806,-0.09632519861543187,0.05888590216636658,-0.18367528915405273,-0.023764875213146297,0.07658684253692627,-0.2217957079410553,-0.06411773195350179,0.09053388237953186,-0.1738370656967163,-0.08231429984653005,0.09388050436973572,-0.12506860494613647,-0.08581761499726781,0.017859309911727905,-0.1873130202293396,-0.034736989493012516,0.03173506259918213,-0.1660611629486084,-0.07356199106061467,0.03058868646621704,-0.10170125961303711,-0.07693033894383916,0.024444222450256348,-0.06866753101348877,-0.06835782756888875,-0.02177789807319641,-0.17058581113815308,-0.04831132521712789,-0.0031180977821350098,-0.13385707139968872,-0.07034578403317937,-0.002346426248550415,-0.0918245017528534,-0.06779376646363744,-0.006755143404006958,-0.07941204309463501,-0.05982816820824155
0.0,0.0,0.0,0.05466258525848389,-0.004686713218688965,-0.022294722309538884,0.11248934268951416,-0.0449252724647522,-0.03404964487833695,0.11912393569946289,-0.08907878398895264,-0.04628039132637696,0.08674144744873047,-0.11190211772918701,-0.05667962115091996,0.09032410383224487,-0.15134352445602417,-0.014444730987975163,0.10370919108390808,-0.18917399644851685,-0.05045582707805352,0.1190137267112732,-0.16644832491874695,-0.07703098635954575,0.12374013662338257,-0.1240757405757904,-0.09043169002814011,0.054036110639572144,-0.17533639073371887,-0.020423237046429676,0.07466855645179749,-0.22123655676841736,-0.05972093324942307,0.09422251582145691,-0.1814291775226593,-0.07971129547638611,0.10097280144691467,-0.1372656524181366,-0.08528123777193741,0.014625400304794312,-0.17959022521972656,-0.030876749938556713,0.03482457995414734,-0.16517654061317444,-0.07093261163515763,0.02944469451904297,-0.10102391242980957,-0.07352215032858567,0.01895645260810852,-0.06831228733062744,-0.06406805645508484,-0.02465611696243286,-0.16493630409240723,-0.04358580317182259,0.0005692243576049805,-0.13396480679512024,-0.06805401276631073,-0.0015289783477783203,-0.08810079097747803,-0.0646123809723349,-0.009745419025421143,-0.07369047403335571,-0.055614754369685215
0.0,0.0,0.0,0.06400460004806519,-0.011327207088470459,-0.028143128941536588,0.10594522953033447,-0.05070698261260986,-0.04890556875872676,0.0971311628818512,-0.09987568855285645,-0.06878712643194262,0.06183066964149475,-0.13710525631904602,-0.08575806636619632,0.09778386354446411,-0.19482159614562988,-0.025588088298917455,0.12567147612571716,-0.19639968872070312,-0.06695534158754413,0.12862065434455872,-0.14928996562957764,-0.09732617307710711,0.12336316704750061,-0.1033337414264679,-0.11201125253248279,0.058162957429885864,-0.21596884727478027,-0.0285188784848458,0.08820754289627075,-0.22015604376792908,-0.06852426249790255,0.10065391659736633,-0.16649165749549866,-0.08666711915540759,0.10218074917793274,-0.11612182855606079,-0.09062509108591144,0.017514318227767944,-0.21479162573814392,-0.03632212672638957,0.038475632667541504,-0.1577121615409851,-0.07141335178422992,0.0358128547668457,-0.0978516936302185,-0.07442734260368411,0.028809577226638794,-0.06869924068450928,-0.06641426552343432,-0.019394367933273315,-0.1950269639492035,-0.04749804605054919,0.001890629529953003,-0.13242053985595703,-0.06501375753688876,0.005048662424087524,-0.09132242202758789,-0.062042838523865385,0.003329724073410034,-0.08103066682815552,-0.05431339387106959
0.0,0.0,0.0,0.055546730756759644,-0.01076596975326538,-0.021789576793707965,0.10317951440811157,-0.05045884847640991,-0.03737000555793202,0.10625812411308289,-0.08619159460067749,-0.05252817825476086,0.07493069767951965,-0.10966885089874268,-0.06535680399338162,0.08708253502845764,-0.17969292402267456,-0.022240675921239017,0.10555997490882874,-0.19168531894683838,-0.058848017762102245,0.11339560151100159,-0.15550196170806885,-0.08583733991781628,0.11176899075508118,-0.11263784766197205,-0.09921983436743176,0.04722282290458679,-0.20026332139968872,-0.027561206306017993,0.06738999485969543,-0.21666449308395386,-0.06376354203621304,0.08398696780204773,-0.1694386601448059,-0.07992961810032284,0.08860424160957336,-0.12318980693817139,-0.08373247639337933,0.005769491195678711,-0.1987631916999817,-0.03692175255218899,0.02431964874267578,-0.15267276763916016,-0.06980937526623165,0.023099154233932495,-0.09521153569221497,-0.07183895067373669,0.015782952308654785,-0.06917816400527954,-0.06470597342649853,-0.031527042388916016,-0.17627298831939697,-0.04893928946057713,-0.010784804821014404,-0.12233248353004456,-0.06726018146673596,-0.009574323892593384,-0.08561438322067261,-0.06470974342028057,-0.014073044061660767,-0.08015787601470947,-0.0580532196263448
0.0,0.0,0.0,0.05070698261260986,-0.003188014030456543,-0.023406121061611884,0.09751883149147034,-0.03857910633087158,-0.04005865670876574,0.10062897205352783,-0.06748652458190918,-0.05578654550151896,0.07137951254844666,-0.08949726819992065,-0.06925976194577288,0.08669546246528625,-0.15670835971832275,-0.027833233700562232,0.09870734810829163,-0.17628952860832214,-0.0630578465028293,0.1076609194278717,-0.1384412944316864,-0.0870751804872043,0.10682716965675354,-0.0925990641117096,-0.09818932332234453,0.046289682388305664,-0.17860504984855652,-0.032367075906563514,0.06488358974456787,-0.19906195998191833,-0.06807632662491869,0.0818001925945282,-0.147703617811203,-0.08278624631600451,0.08526837825775146,-0.10188919305801392,-0.08555772818760943,0.004682987928390503,-0.17694231867790222,-0.04048741899566721,0.02298375964164734,-0.1387995481491089,-0.07380458630757403,0.020441651344299316,-0.07560792565345764,-0.07352776743607592,0.010159939527511597,-0.047672927379608154,-0.06461927212910723,-0.03420022130012512,-0.15344581007957458,-0.051028329060841315,-0.011293858289718628,-0.10484111309051514,-0.07027197547392916,-0.010363787412643433,-0.06240248680114746,-0.06527199514346194,-0.017685353755950928,-0.05300569534301758,-0.056496183501053565
0.0,0.0,0.0,0.053834378719329834,-0.014169156551361084,-0.020058269509462434,0.10481566190719604,-0.0587654709815979,-0.033617301741031724,0.10846394300460815,-0.09556311368942261,-0.04752954364695938,0.07160857319831848,-0.11423760652542114,-0.059074289062408525,0.0813712477684021,-0.1823333501815796,-0.019172432729391176,0.10561749339103699,-0.20657065510749817,-0.05645751849689873,0.11237150430679321,-0.1729501187801361,-0.08268413589277657,0.10897496342658997,-0.12976127862930298,-0.09463699058571251,0.039711207151412964,-0.20516741275787354,-0.025359027915982324,0.06782680749893188,-0.23276904225349426,-0.06236772135773094,0.08241519331932068,-0.18682622909545898,-0.07763989911356362,0.08390089869499207,-0.13788923621177673,-0.0793443237332383,-0.0015718340873718262,-0.20604118704795837,-0.03566803679743202,0.01829513907432556,-0.16693228483200073,-0.067647113361744,0.01904919743537903,-0.10829725861549377,-0.06902965054788979,0.013183414936065674,-0.07925671339035034,-0.060665245064882356,-0.03820520639419556,-0.18653756380081177,-0.048755786278633195,-0.017196565866470337,-0.13719609379768372,-0.06428775087871941,-0.01474347710609436,-0.09855997562408447,-0.06039829821267517,-0.01819869875907898,-0.08977210521697998,-0.05278613687434586
0.0,0.0,0.0,0.0491238534450531,0.011438488960266113,-0.028595331168538962,0.10647180676460266,-0.006583690643310547,-0.04419611491895381,0.11062940955162048,-0.06047266721725464,-0.05919003211594287,0.07707881927490234,-0.10328346490859985,-0.07250177212691966,0.12741079926490784,-0.14703768491744995,-0.018249283588296805,0.15383091568946838,-0.1959821581840515,-0.05471289255357448,0.145112544298172,-0.17353880405426025,-0.0817264700744218,0.1247984766960144,-0.13473176956176758,-0.0938000390741891,0.08929601311683655,-0.18573212623596191,-0.019966167441374694,0.1134820282459259,-0.2448844313621521,-0.05284515865779582,0.1018717885017395,-0.20663821697235107,-0.07016953178382579,0.08617618680000305,-0.16023945808410645,-0.07425189115739528,0.047194600105285645,-0.2047225832939148,-0.02666030176616374,0.053320854902267456,-0.2319520115852356,-0.05526687302327815,0.04179689288139343,-0.18524372577667236,-0.05772564657664958,0.031459957361221313,-0.14491218328475952,-0.05194680117703143,0.0015555024147033691,-0.205831378698349,-0.036431730768448745,0.002768605947494507,-0.21872279047966003,-0.05310710244513217,-0.0002722442150115967,-0.17924991250038147,-0.04852496185041133,-0.0018698275089263916,-0.14585214853286743,-0.04016900160051051
0.0,0.0,0.0,0.0810990035533905,-0.030761539936065674,-0.027031935508972538,0.13228031992912292,-0.08653837442398071,-0.050783533360487354,0.1243295967578888,-0.14410927891731262,-0.07513182213497771,0.07979342341423035,-0.17603999376296997,-0.09707910915804518,0.09975603222846985,-0.26928913593292236,-0.036848742272383106,0.1254214346408844,-0.2737473249435425,-0.0826919560689987,0.14183083176612854,-0.22092276811599731,-0.11700927069378508,0.14983949065208435,-0.1668187975883484,-0.13544746091557158,0.043181270360946655,-0.2754145860671997,-0.04541400423241271,0.07580617070198059,-0.27680689096450806,-0.08768301805449141,0.10859790444374084,-0.22007161378860474,-0.10676231583548201,0.12745371460914612,-0.16203108429908752,-0.11347706219149245,-0.009034574031829834,-0.2527569830417633,-0.057997837420231235,0.03028041124343872,-0.17010515928268433,-0.09545200666380538,0.04092708230018616,-0.10928994417190552,-0.09794555952740325,0.04066789150238037,-0.07973051071166992,-0.0907038187046112,-0.050481706857681274,-0.20719709992408752,-0.07418171664667739,-0.008072763681411743,-0.1266205906867981,-0.0897354816455902,0.005028963088989258,-0.08871781826019287,-0.0826965754289688,0.007218688726425171,-0.08142024278640747,-0.0732063387889923
0.0,0.0,0.0,0.06429097056388855,0.013893187046051025,-0.02009634821106232,0.1125163733959198,-0.010050177574157715,-0.03476898892213143,0.09559908509254456,-0.04761806130409241,-0.05119057147194184,0.053217560052871704,-0.07042360305786133,-0.066633766129506,0.13523980975151062,-0.14370766282081604,-0.017396067812931904,0.13411179184913635,-0.18148744106292725,-0.05365957467247284,0.10030356049537659,-0.14671501517295837,-0.07815970255423821,0.07673600316047668,-0.10588371753692627,-0.08987117333699501,0.085561603307724,-0.1688312292098999,-0.025051684662592777,0.08525887131690979,-0.214408278465271,-0.06471410913754738,0.056071966886520386,-0.1627747118473053,-0.08130802734185494,0.03961116075515747,-0.11199942231178284,-0.08418287111808098,0.04020744562149048,-0.17387616634368896,-0.0369590572862748,0.030431002378463745,-0.20352435111999512,-0.07414760215569771,0.01408049464225769,-0.14477723836898804,-0.07826374991227425,0.010936111211776733,-0.09462186694145203,-0.07134078963090218,-0.0009557008743286133,-0.1603909432888031,-0.05064844115067757,-0.01090356707572937,-0.1788153052330017,-0.07202094568301476,-0.015630245208740234,-0.13205745816230774,-0.0689819209127549,-0.009969353675842285,-0.08972933888435364,-0.06106564177562035
0.0,0.0,0.0,0.04651296138763428,0.01572549343109131,-0.03176027371474177,0.08085814118385315,-0.00861126184463501,-0.053779421587666576,0.07232093811035156,-0.03495943546295166,-0.07406113876887233,0.05104595422744751,-0.0565563440322876,-0.0938840640980807,0.12064340710639954,-0.13736674189567566,-0.03237286045142085,0.10412946343421936,-0.14973986148834229,-0.06926479770728022,0.0663810670375824,-0.11235129833221436,-0.09699319883175761,0.04514622688293457,-0.07529741525650024,-0.11363686456271083,0.084074467420578,-0.16447928547859192,-0.03522288261838824,0.08119991421699524,-0.18826645612716675,-0.07421358509846598,0.046389609575271606,-0.1433338224887848,-0.09422591163702876,0.026856422424316406,-0.09798741340637207,-0.10177884085961253,0.04374334216117859,-0.1711277961730957,-0.042599985589465206,0.035894304513931274,-0.19167375564575195,-0.08214928789921672,0.010491639375686646,-0.1408623456954956,-0.09132988586016566,-8.183717727661133e-05,-0.09595781564712524,-0.08940470053740412,0.004577189683914185,-0.15756788849830627,-0.05227755962797076,-0.01270952820777893,-0.1643713116645813,-0.08258689029999644,-0.024205654859542847,-0.1263836920261383,-0.08803576066084773,-0.02220851182937622,-0.09437820315361023,-0.08625279947110087
0.0,0.0,0.0,0.05305388569831848,0.016086041927337646,-0.033908018241305626,0.09134936332702637,-0.0037838220596313477,-0.05659276373185662,0.074988454580307,-0.03610759973526001,-0.07761637992658166,0.04199099540710449,-0.05879417061805725,-0.09763591862716225,0.12198072671890259,-0.14440855383872986,-0.034943127403636254,0.10494881868362427,-0.1674118936061859,-0.07639519996442345,0.06879010796546936,-0.1309548020362854,-0.10508674509324578,0.046350061893463135,-0.09014633297920227,-0.12047019727029351,0.07447168231010437,-0.16863515973091125,-0.0377620173195794,0.06151682138442993,-0.20229992270469666,-0.08244164414205102,0.029379665851593018,-0.14941948652267456,-0.10220798231162576,0.01274174451828003,-0.09646841883659363,-0.10775896287955788,0.02923932671546936,-0.1711840033531189,-0.04571682713427094,0.012159764766693115,-0.19288688898086548,-0.08939984566964654,-0.006051450967788696,-0.13815629482269287,-0.09711632258691338,-0.010127365589141846,-0.09092974662780762,-0.09259275473155526,-0.011853992938995361,-0.15605971217155457,-0.056236883024354256,-0.028915047645568848,-0.16077697277069092,-0.08549377448358086,-0.03522235155105591,-0.11644482612609863,-0.08732931442060021,-0.029385298490524292,-0.07985293865203857,-0.08247858412065057
0.0,0.0,0.0,0.054991185665130615,0.028499484062194824,-0.033585981432167955,0.09620386362075806,0.01934891939163208,-0.05459220797177977,0.07881933450698853,-0.009121358394622803,-0.07318749368545241,0.04028064012527466,-0.031224429607391357,-0.09032899231073088,0.11936676502227783,-0.12392517924308777,-0.03772262573596663,0.10226607322692871,-0.14309445023536682,-0.07892836720105834,0.06805455684661865,-0.10163354873657227,-0.10745835394021697,0.04565763473510742,-0.05844518542289734,-0.12216631412860579,0.07101213932037354,-0.14876487851142883,-0.03909156188723273,0.053036242723464966,-0.1719830334186554,-0.08231861979123778,0.025067389011383057,-0.11461558938026428,-0.10176695973035521,0.011468291282653809,-0.06205451488494873,-0.10782651692983336,0.02561628818511963,-0.15310442447662354,-0.04497316569444365,0.005861878395080566,-0.16714876890182495,-0.0870882877742929,-0.00864022970199585,-0.11030721664428711,-0.09515544861909575,-0.010300815105438232,-0.0610235333442688,-0.09139330774900145,-0.013867735862731934,-0.13894370198249817,-0.05345874742027945,-0.0320550799369812,-0.14032450318336487,-0.08183785617706008,-0.0377238392829895,-0.09503695368766785,-0.08382042587157912,-0.03227734565734863,-0.05613592267036438,-0.07938328475114531
0.0,0.0,0.0,0.060147106647491455,0.03840214014053345,-0.03367823138692572,0.0974072813987732,0.03648000955581665,-0.05743058174708082,0.07544922828674316,0.01043778657913208,-0.0790530569837351,0.028263986110687256,-0.00780254602432251,-0.09933082535722448,0.1254025101661682,-0.11495164036750793,-0.04174227788903906,0.09568673372268677,-0.12149742245674133,-0.08449616059520437,0.061964601278305054,-0.07453370094299316,-0.11575567498662664,0.04023176431655884,-0.03205212950706482,-0.13301986232259466,0.0730348527431488,-0.1385747194290161,-0.0444369256482382,0.046613872051239014,-0.1491103172302246,-0.08908989056804373,0.02115386724472046,-0.084063321352005,-0.10958677306630804,0.008875131607055664,-0.030294835567474365,-0.1175558321163912,0.023296386003494263,-0.14269328117370605,-0.05123912691929533,-0.001559138298034668,-0.1449124813079834,-0.09347282126405432,-0.014334261417388916,-0.0815294086933136,-0.10078149065234854,-0.014209181070327759,-0.031080782413482666,-0.09720398262002661,-0.018779635429382324,-0.12894713878631592,-0.060950556396033306,-0.03921693563461304,-0.12414634227752686,-0.08721060082175924,-0.04305434226989746,-0.07504639029502869,-0.0874141506836672,-0.03537958860397339,-0.03621327877044678,-0.08272722139814093
0.0,0.0,0.0,0.06088811159133911,0.026575028896331787,-0.027409585049454677,0.10561347007751465,0.02010631561279297,-0.045490939026777255,0.09472358226776123,-0.009997189044952393,-0.062051910763685214,0.055765628814697266,-0.03615221381187439,-0.07682417691320609,0.1333369016647339,-0.1329188048839569,-0.030388446381394374,0.11174458265304565,-0.14272308349609375,-0.06839776397318076,0.07948186993598938,-0.09759277105331421,-0.0962626299318714,0.05818384885787964,-0.05755564570426941,-0.11161037892669867,0.08395552635192871,-0.1562800407409668,-0.03455369160145949,0.06135058403015137,-0.1687251627445221,-0.07576000303596686,0.036526620388031006,-0.10388097167015076,-0.09543388695091437,0.024019986391067505,-0.05146798491477966,-0.1022576427516384,0.034259676933288574,-0.15963944792747498,-0.04240583614081572,0.012697666883468628,-0.1678769886493683,-0.08293244600862693,0.002257108688354492,-0.10393580794334412,-0.09071476370662879,0.00315248966217041,-0.05179092288017273,-0.08721122503847312,-0.009033441543579102,-0.1434536576271057,-0.052359163617794025,-0.028269261121749878,-0.14029783010482788,-0.07984276474088858,-0.030382543802261353,-0.09123775362968445,-0.08184910178751181,-0.02142888307571411,-0.0508444607257843,-0.07759179533094596
0.0,0.0,0.0,0.05918210744857788,-0.021090567111968994,-0.026377863942627755,0.11796379089355469,-0.06662672758102417,-0.04616455337310299,0.1335199475288391,-0.10999250411987305,-0.06642208969498142,0.09781879186630249,-0.13772839307785034,-0.08476105308437809,0.10221731662750244,-0.2477155327796936,-0.02480389153862461,0.12073898315429688,-0.28148746490478516,-0.07164861982965931,0.1349400281906128,-0.24911552667617798,-0.10442057973051533,0.13949382305145264,-0.199612557888031,-0.1200262678256081,0.0475161075592041,-0.28311169147491455,-0.033448494731430856,0.06753909587860107,-0.3166484236717224,-0.07996191060448155,0.08516359329223633,-0.2596648335456848,-0.09933624392652973,0.09402096271514893,-0.20201116800308228,-0.10111574804687962,-0.01008063554763794,-0.2861936092376709,-0.047385580598358956,0.0010341405868530273,-0.21681666374206543,-0.09162197983170017,0.0033712387084960938,-0.14405179023742676,-0.09560593938732609,0.006080061197280884,-0.111430823802948,-0.08529550558233723,-0.062059640884399414,-0.2601439356803894,-0.06456134444380268,-0.05141329765319824,-0.18666917085647583,-0.08921674615049824,-0.03846028447151184,-0.12819916009902954,-0.08625635480785832,-0.026549994945526123,-0.10951787233352661,-0.07626364356184467
0.0,0.0,0.0,0.1085578203201294,-0.006726622581481934,-0.04146703082217584,0.1917058825492859,-0.04680204391479492,-0.08150264370335947,0.20926976203918457,-0.11077898740768433,-0.12214521813287149,0.16612547636032104,-0.1730809211730957,-0.15668274956836115,0.17665249109268188,-0.3219374120235443,-0.05540425452484499,0.24109387397766113,-0.3065035045146942,-0.14001745480193506,0.25568854808807373,-0.1977655291557312,-0.19474173086776148,0.2568891644477844,-0.10198581218719482,-0.2199530352939547,0.09982234239578247,-0.3661929666996002,-0.06921379017724405,0.16729718446731567,-0.3415915369987488,-0.15062566596164118,0.19193851947784424,-0.21689867973327637,-0.18201503652228723,0.20301693677902222,-0.11692464351654053,-0.18515007692469965,0.016541719436645508,-0.3572120666503906,-0.09069408970965753,0.060483336448669434,-0.2073051929473877,-0.15107498067511926,0.05311340093612671,-0.11133140325546265,-0.1537347634424151,0.03984135389328003,-0.08840310573577881,-0.14062344032420526,-0.05772441625595093,-0.3119538128376007,-0.11781134205951105,-0.01913851499557495,-0.16145038604736328,-0.1435184230197848,-0.00869297981262207,-0.10332798957824707,-0.1361152281154574,-0.0118865966796875,-0.11095166206359863,-0.12287549424065958
0.0,0.0,0.0,0.08260878920555115,-0.005183100700378418,-0.03791029578908933,0.15168088674545288,-0.05155712366104126,-0.06654970175489439,0.14284363389015198,-0.11507022380828857,-0.09493990815147413,0.08630654215812683,-0.16041499376296997,-0.11965709007247938,0.1448509693145752,-0.25539740920066833,-0.04468810758456243,0.17591285705566406,-0.28715506196022034,-0.10353524065479291,0.18262583017349243,-0.2287294864654541,-0.14281982011064542,0.1779821515083313,-0.16518312692642212,-0.16122372276052488,0.08435589075088501,-0.2912499010562897,-0.052675249193754325,0.12356823682785034,-0.3333194851875305,-0.1110568774388696,0.1411246359348297,-0.25527364015579224,-0.13478052443727506,0.14363986253738403,-0.18145763874053955,-0.13848183876737608,0.02363353967666626,-0.2947606146335602,-0.06674066013559354,0.041467636823654175,-0.22920861840248108,-0.11846207654937757,0.038119733333587646,-0.14152806997299194,-0.12247466868623746,0.030312448740005493,-0.10114198923110962,-0.1109306944058801,-0.0325046181678772,-0.26961949467658997,-0.08535118228658689,-0.012214183807373047,-0.18830987811088562,-0.10982511020168317,-0.0030652880668640137,-0.12586653232574463,-0.10460176146492017,0.001967012882232666,-0.1084287166595459,-0.09372572428449644
0.0,0.0,0.0,0.07037949562072754,-0.01698356866836548,-0.04396826883765925,0.13039517402648926,-0.07367956638336182,-0.07541352620336284,0.11594504117965698,-0.1428065299987793,-0.10501508524629344,0.06585386395454407,-0.19439256191253662,-0.12999627849075068,0.11739790439605713,-0.2613169252872467,-0.043760934080808056,0.1538698971271515,-0.2896798551082611,-0.10841563453885783,0.16168072819709778,-0.23867028951644897,-0.15112664660426844,0.15806499123573303,-0.17823076248168945,-0.17046872636291255,0.06227630376815796,-0.29621464014053345,-0.04793389251443614,0.10819432139396667,-0.3250928521156311,-0.1149009328148054,0.12332373857498169,-0.2510535717010498,-0.14333269854995478,0.12659719586372375,-0.18212920427322388,-0.1467724080941366,0.00526350736618042,-0.2990095615386963,-0.05936640238377322,0.03209406137466431,-0.22348761558532715,-0.11849923541757335,0.02550026774406433,-0.13443875312805176,-0.12540684005233516,0.01652449369430542,-0.0987200140953064,-0.11271394899102916,-0.047340959310531616,-0.2767493426799774,-0.0754419576189207,-0.02282002568244934,-0.18786019086837769,-0.10578482707950343,-0.019295841455459595,-0.12691402435302734,-0.10432024409982432,-0.020874589681625366,-0.11809509992599487,-0.09404207875940074
0.0,0.0,0.0,0.07445710897445679,-0.028081655502319336,-0.038628129829135105,0.13151174783706665,-0.08541429042816162,-0.06703793870326535,0.11996066570281982,-0.15408891439437866,-0.09471256153699414,0.07476061582565308,-0.20392560958862305,-0.11785664277192609,0.11769044399261475,-0.27294430136680603,-0.031642003525462314,0.1550038456916809,-0.3051806390285492,-0.09279631691094892,0.16358184814453125,-0.24707302451133728,-0.13470706956502454,0.16081112623214722,-0.1804993748664856,-0.15344748513814466,0.06351622939109802,-0.3056642413139343,-0.03700952472206609,0.1086086630821228,-0.33409368991851807,-0.09927588569041745,0.12187913060188293,-0.25775226950645447,-0.1257209541093971,0.12356621026992798,-0.18611204624176025,-0.1277041198503639,0.006473124027252197,-0.3084667921066284,-0.04997782276984708,0.032977789640426636,-0.2304237186908722,-0.10363963114139096,0.026565849781036377,-0.14588165283203125,-0.11009978370782392,0.01908707618713379,-0.10972768068313599,-0.09821655469056623,-0.04655522108078003,-0.28676703572273254,-0.06756134199019925,-0.021135985851287842,-0.196729838848114,-0.09301856027957456,-0.01593470573425293,-0.13515543937683105,-0.09022385494824903,-0.013803273439407349,-0.12217140197753906,-0.07963959740516202
0.0,0.0,0.0,0.07790592312812805,-0.019661903381347656,-0.040861794238750804,0.13696926832199097,-0.07257735729217529,-0.07161500070041882,0.1315215528011322,-0.1416272521018982,-0.10166941348261105,0.0894431471824646,-0.1974543333053589,-0.12723120067066418,0.13254791498184204,-0.2756149470806122,-0.04070580515808331,0.1699243187904358,-0.281227171421051,-0.1018969616646217,0.17000752687454224,-0.21943724155426025,-0.1432826570028709,0.15861386060714722,-0.16010117530822754,-0.16202332589573132,0.07406693696975708,-0.3061266839504242,-0.04617083955353962,0.11986544728279114,-0.3186434507369995,-0.10661500457472073,0.13309091329574585,-0.24270042777061462,-0.1319240680689262,0.1342259645462036,-0.17245227098464966,-0.1356057873720573,0.013817131519317627,-0.3078923523426056,-0.058678971117203105,0.04338473081588745,-0.22419139742851257,-0.11305393043703305,0.03697255253791809,-0.13799983263015747,-0.1191871068233894,0.027154386043548584,-0.09800952672958374,-0.10769266400284039,-0.04111289978027344,-0.2847370505332947,-0.07573930684274899,-0.011024802923202515,-0.1942247748374939,-0.10186892512983547,-0.008297145366668701,-0.13497090339660645,-0.09815317902511822,-0.009911596775054932,-0.12017792463302612,-0.08725125107712017
0.0,0.0,0.0,0.0762961208820343,-0.016750097274780273,-0.04320005167122076,0.13503208756446838,-0.06671106815338135,-0.07520381945963095,0.13125193119049072,-0.1396956443786621,-0.10622967619295309,0.09089696407318115,-0.20211464166641235,-0.1325486286341686,0.12963277101516724,-0.26734673976898193,-0.043341489767982466,0.16976800560951233,-0.2795296907424927,-0.10722951430673788,0.1709980070590973,-0.21492016315460205,-0.1506085230767269,0.15987220406532288,-0.1530107855796814,-0.17039640087480734,0.07306802272796631,-0.29668286442756653,-0.04781017292137335,0.12033897638320923,-0.3171035647392273,-0.11026554394359778,0.1348704993724823,-0.2430097460746765,-0.13635794658060263,0.13690653443336487,-0.1731255054473877,-0.14056734580393027,0.014719367027282715,-0.29854416847229004,-0.05975377771849821,0.045002371072769165,-0.21877911686897278,-0.11499212521906088,0.038447171449661255,-0.13736212253570557,-0.12093643683786581,0.02777087688446045,-0.10023289918899536,-0.10955034781093786,-0.039201974868774414,-0.2773461639881134,-0.0765045641719837,-0.008335620164871216,-0.18786323070526123,-0.10288730103368948,-0.006482154130935669,-0.13273364305496216,-0.09910071480865668,-0.009558767080307007,-0.12140911817550659,-0.08836617160434912
0.0,0.0,0.0,0.08123520016670227,-0.00868237018585205,-0.04142265462706973,0.14511346817016602,-0.05436497926712036,-0.07220130109618594,0.14213359355926514,-0.12324243783950806,-0.10178614103625705,0.10046124458312988,-0.18101537227630615,-0.12640683048795154,0.1401461958885193,-0.25907495617866516,-0.04312280633877208,0.1849011778831482,-0.26896727085113525,-0.10374502533505847,0.18693006038665771,-0.20585495233535767,-0.14530811899732043,0.1744059920310974,-0.14408040046691895,-0.1645936339480727,0.08338874578475952,-0.29240676760673523,-0.0479970879239886,0.1324986219406128,-0.30501312017440796,-0.10739551925490787,0.1469060182571411,-0.2281227707862854,-0.1318734108788817,0.14572834968566895,-0.15711355209350586,-0.1359327703101485,0.026426702737808228,-0.29482823610305786,-0.059861589906915924,0.056600719690322876,-0.2080564796924591,-0.11069825732539584,0.04642561078071594,-0.1308557391166687,-0.11485802823136737,0.03304985165596008,-0.09920334815979004,-0.10380118781159808,-0.02454015612602234,-0.27131566405296326,-0.07667363130877902,0.004952907562255859,-0.17595767974853516,-0.1005784093720763,0.00374680757522583,-0.12424665689468384,-0.09645915472339084,-0.0007286667823791504,-0.11783921718597412,-0.08639347249101093
0.0,0.0,0.0,0.08390054106712341,-0.014215052127838135,-0.04039186676638451,0.1450376808643341,-0.06615006923675537,-0.0712633325685772,0.13253888487815857,-0.13381779193878174,-0.10092143406765786,0.08611130714416504,-0.1837647557258606,-0.12611826946633187,0.13304242491722107,-0.26473337411880493,-0.04349388619559136,0.1761687695980072,-0.2718770205974579,-0.10452780564921227,0.18098518252372742,-0.20680081844329834,-0.14691863646405068,0.1721561849117279,-0.14455288648605347,-0.16699000885384407,0.07539233565330505,-0.2944142818450928,-0.04927159165637818,0.12482121586799622,-0.3049986660480499,-0.10948728462355461,0.14257171750068665,-0.22568058967590332,-0.1358252285947117,0.14456388354301453,-0.15501219034194946,-0.14127081324951973,0.017168670892715454,-0.2947463095188141,-0.06164321368234482,0.04947498440742493,-0.2104995846748352,-0.11248673190968361,0.041396647691726685,-0.12819582223892212,-0.11634412100212899,0.027756959199905396,-0.09551757574081421,-0.10511364480154839,-0.035815924406051636,-0.2705352306365967,-0.07888506790297356,-0.005481302738189697,-0.1806410551071167,-0.1018400161494526,-0.004040926694869995,-0.12459427118301392,-0.09583393176691857,-0.008921414613723755,-0.11531984806060791,-0.08459895541565743
0.0,0.0,0.0,0.08594334125518799,-0.016863524913787842,-0.039263676942198344,0.14763426780700684,-0.07078677415847778,-0.0696907789417196,0.13471466302871704,-0.14044809341430664,-0.09936048099478967,0.08665728569030762,-0.19364964962005615,-0.12444014856299646,0.13923877477645874,-0.2714686691761017,-0.040964398623316356,0.180758535861969,-0.2748912274837494,-0.1010950730153013,0.18481385707855225,-0.210589200258255,-0.14332465091428048,0.17571741342544556,-0.15000247955322266,-0.16356313982686288,0.08009019494056702,-0.3007335066795349,-0.04730788627347238,0.12732043862342834,-0.3109830319881439,-0.10543563971003778,0.14598584175109863,-0.23460081219673157,-0.13072992125233895,0.14956635236740112,-0.1669190526008606,-0.13648854950150735,0.02046826481819153,-0.3010265827178955,-0.060383536011784145,0.051642000675201416,-0.21645766496658325,-0.11109483996114022,0.04371136426925659,-0.13226550817489624,-0.1149030626722265,0.030651390552520752,-0.09891456365585327,-0.10385198900183923,-0.03356429934501648,-0.27650174498558044,-0.07824695119342095,-0.0028125643730163574,-0.18754911422729492,-0.10120028266391046,-0.0021469593048095703,-0.1322222352027893,-0.09520548591098077,-0.007124662399291992,-0.12492364645004272,-0.08419819930276162
0.0,0.0,0.0,0.08748564124107361,-0.01809847354888916,-0.039036142191520184,0.14897429943084717,-0.07551366090774536,-0.06852054830514476,0.13745856285095215,-0.14193642139434814,-0.0972389453264384,0.08943566679954529,-0.19147223234176636,-0.12139404799663112,0.14144361019134521,-0.2698376178741455,-0.039319178572526425,0.18359792232513428,-0.27105626463890076,-0.0976419695826678,0.18756479024887085,-0.20418274402618408,-0.13850777085744426,0.17734408378601074,-0.14387959241867065,-0.15831572051965281,0.08287292718887329,-0.298540323972702,-0.045403393468490094,0.1302815079689026,-0.30842825770378113,-0.10228167708837077,0.14797991514205933,-0.22849759459495544,-0.12695233758412883,0.14986979961395264,-0.16033226251602173,-0.13251660998784587,0.023126840591430664,-0.2988968789577484,-0.05823210488878772,0.054845988750457764,-0.21504104137420654,-0.10739948835097834,0.04693683981895447,-0.13169801235198975,-0.11085406925403163,0.033324599266052246,-0.10136765241622925,-0.1000797473999171,-0.030748635530471802,-0.27415114641189575,-0.07593418147288844,0.00031828880310058594,-0.18345791101455688,-0.0982043766590266,0.0011556446552276611,-0.12929636240005493,-0.09247899290048167,-0.004566222429275513,-0.12484955787658691,-0.08207857098304316
0.0,0.0,0.0,0.08148431777954102,-0.020634472370147705,-0.034757198723241345,0.13776344060897827,-0.07914668321609497,-0.06220251131264831,0.12336587905883789,-0.1513887643814087,-0.08940842184631492,0.07854646444320679,-0.20849788188934326,-0.11236348930208351,0.1290682554244995,-0.2773326337337494,-0.035211062016173855,0.1715317964553833,-0.28009992837905884,-0.09250953975526954,0.17689788341522217,-0.2145344614982605,-0.1327078435143676,0.16881990432739258,-0.15336960554122925,-0.15153504345028068,0.0723649263381958,-0.30392640829086304,-0.04227781477777626,0.11962652206420898,-0.3100801706314087,-0.0963349882086959,0.13877713680267334,-0.23464271426200867,-0.12023720327226783,0.14280664920806885,-0.16848063468933105,-0.12542205485908653,0.014056533575057983,-0.30126893520355225,-0.05568694877831604,0.04645884037017822,-0.21666181087493896,-0.10289631220905449,0.04091411828994751,-0.13516199588775635,-0.10677715572921898,0.02911430597305298,-0.10244923830032349,-0.09653764400093223,-0.03905487060546875,-0.2733146548271179,-0.0733126494607177,-0.008319586515426636,-0.18577510118484497,-0.0949723515233245,-0.0063377320766448975,-0.13154733180999756,-0.08906628373472358,-0.010798990726470947,-0.12323307991027832,-0.07810986224023964
0.0,0.0,0.0,0.07597172260284424,-0.020945847034454346,-0.03269739192782595,0.14338943362236023,-0.0750768780708313,-0.05815367144404604,0.14456424117088318,-0.13286548852920532,-0.08408204582391932,0.09692004323005676,-0.17135518789291382,-0.1061104398673649,0.12077251076698303,-0.2602097690105438,-0.03274995949922754,0.157533198595047,-0.2975832521915436,-0.09199731168209269,0.17085382342338562,-0.24870452284812927,-0.13317400333343699,0.17034873366355896,-0.18682026863098145,-0.15219310042320444,0.06427201628684998,-0.2936180830001831,-0.041776617289173146,0.1104840338230133,-0.33142274618148804,-0.10130064305721476,0.13265040516853333,-0.2624230980873108,-0.12644681450782969,0.13837823271751404,-0.19114381074905396,-0.12953700241504862,0.0068912506103515625,-0.2966623306274414,-0.057449651182281514,0.03996920585632324,-0.21987268328666687,-0.1087327760165806,0.034375786781311035,-0.1388419270515442,-0.11381834116636469,0.023219376802444458,-0.10578453540802002,-0.1022858109778042,-0.045369237661361694,-0.27351143956184387,-0.07736662146507456,-0.015640825033187866,-0.18747538328170776,-0.10043308255134775,-0.014963716268539429,-0.13416051864624023,-0.0960786279743786,-0.020373046398162842,-0.12798595428466797,-0.08568260935007288
0.0,0.0,0.0,0.07164189219474792,-0.012675166130065918,-0.03523229227647562,0.14597952365875244,-0.05168282985687256,-0.06321908326134462,0.15985101461410522,-0.10292524099349976,-0.09113847256884355,0.11273354291915894,-0.14317482709884644,-0.1143726462243535,0.1298336386680603,-0.24376195669174194,-0.03989278317675371,0.16595721244812012,-0.2890961468219757,-0.09949601234183092,0.17806202173233032,-0.24597254395484924,-0.1389984020708539,0.1740460991859436,-0.1851683259010315,-0.1571187952278592,0.07139500975608826,-0.2825612723827362,-0.04909587444052477,0.11707252264022827,-0.3307178020477295,-0.1101932057856061,0.14070868492126465,-0.261730432510376,-0.1337648907421567,0.14537596702575684,-0.19003081321716309,-0.1358294019220807,0.014386028051376343,-0.29006099700927734,-0.06484101505265016,0.04695579409599304,-0.21248173713684082,-0.1179265135644414,0.04207989573478699,-0.1320580244064331,-0.12055919111952562,0.030674725770950317,-0.10189759731292725,-0.10748643220648546,-0.036998450756073,-0.2695856988430023,-0.08518253804430742,-0.005985260009765625,-0.17709016799926758,-0.11061426044688005,-0.005254507064819336,-0.12262928485870361,-0.10621004344210405,-0.009727507829666138,-0.11904788017272949,-0.09576841236338396
0.0,0.0,0.0,0.07083967328071594,-0.02074366807937622,-0.033404335008668795,0.1435427963733673,-0.05524253845214844,-0.06100025735955228,0.16958031058311462,-0.09879863262176514,-0.08925254605870236,0.1246127188205719,-0.13164949417114258,-0.1128544207678317,0.1263117492198944,-0.24830865859985352,-0.036275941507625475,0.1664542257785797,-0.2944471538066864,-0.09542492740015973,0.17957636713981628,-0.2507634460926056,-0.13609496466975202,0.17717245221138,-0.18984097242355347,-0.1552690189347743,0.07170918583869934,-0.2845361828804016,-0.04625607989888181,0.11749020218849182,-0.33322781324386597,-0.10623056404452313,0.14060071110725403,-0.2661077082157135,-0.13076359741549481,0.1467570960521698,-0.19396162033081055,-0.13415440134863843,0.016288787126541138,-0.2898254990577698,-0.06250105761151303,0.04645887017250061,-0.21547776460647583,-0.11342769079070081,0.041432470083236694,-0.13723021745681763,-0.1164671178923129,0.0311872661113739,-0.10439097881317139,-0.10432167314152707,-0.03420233726501465,-0.2693668603897095,-0.08354698829512586,-0.009242802858352661,-0.1843547224998474,-0.10711349509816159,-0.006988346576690674,-0.13301432132720947,-0.10260870270590772,-0.008531361818313599,-0.12640917301177979,-0.0924090888367175
0.0,0.0,0.0,0.06518879532814026,0.007502615451812744,-0.051634937754272414,0.13110673427581787,-0.028641700744628906,-0.09017113246619601,0.15227586030960083,-0.07380056381225586,-0.12574729718863864,0.12243682146072388,-0.12115609645843506,-0.1554024706095447,0.13034188747406006,-0.21551844477653503,-0.06563389696776767,0.1621708869934082,-0.2776670455932617,-0.1358653942555179,0.18202733993530273,-0.23054718971252441,-0.1802822987049808,0.18277716636657715,-0.1657540202140808,-0.20031170942485232,0.07422906160354614,-0.25548362731933594,-0.06947469361722369,0.11763620376586914,-0.3167648911476135,-0.14262126781642337,0.14099425077438354,-0.2395830750465393,-0.1686483065098514,0.1430048942565918,-0.16780108213424683,-0.1705133209437122,0.018500298261642456,-0.26457294821739197,-0.08103681006133456,0.04710584878921509,-0.2039346694946289,-0.1458848456352939,0.04096829891204834,-0.11618900299072266,-0.1483349988669147,0.026230037212371826,-0.08465778827667236,-0.13275199033915897,-0.03238946199417114,-0.24386310577392578,-0.09817514218985934,0.0005875825881958008,-0.15975117683410645,-0.13495792843997378,-0.0024602413177490234,-0.10155069828033447,-0.1329066941946735,-0.014290332794189453,-0.09813874959945679,-0.12190984584987063
0.0,0.0,0.0,0.07492303848266602,-0.009309649467468262,-0.04332003636000081,0.13950306177139282,-0.05051058530807495,-0.07586445925471708,0.14837056398391724,-0.11133426427841187,-0.10707922545907422,0.11449122428894043,-0.16610056161880493,-0.1333137702727072,0.13155072927474976,-0.2552219033241272,-0.04589078841445371,0.17562907934188843,-0.2812756299972534,-0.11047187713620588,0.1842893362045288,-0.2211892008781433,-0.15444482383963987,0.17604422569274902,-0.15843123197555542,-0.1747142028593771,0.07627815008163452,-0.2894228398799896,-0.05107989428279325,0.13167399168014526,-0.31852835416793823,-0.11476732311484739,0.1503191590309143,-0.23885613679885864,-0.14071844039199277,0.14978545904159546,-0.1657087206840515,-0.14430722115275785,0.020856082439422607,-0.2933320999145508,-0.06383276996848508,0.05572253465652466,-0.21508744359016418,-0.1197821002983801,0.04658856987953186,-0.13550543785095215,-0.12547306237456723,0.03281155228614807,-0.10543185472488403,-0.11391007421252652,-0.02946680784225464,-0.2716277837753296,-0.081490064837908,0.0039577484130859375,-0.1834704875946045,-0.10940876124141141,0.004262685775756836,-0.1270972490310669,-0.1063812550687544,-0.0001265108585357666,-0.11817634105682373,-0.09620500622031614
0.0,0.0,0.0,0.08116155862808228,-0.019229114055633545,-0.0364855451732069,0.13986867666244507,-0.07390487194061279,-0.06387567131213245,0.1290784478187561,-0.14124387502670288,-0.09107117710999546,0.08425098657608032,-0.18905776739120483,-0.1142440846412569,0.12846386432647705,-0.2582099139690399,-0.0346564313619524,0.16776233911514282,-0.2669023275375366,-0.09265111742905674,0.1732904314994812,-0.21329697966575623,-0.13326629607371387,0.16462558507919312,-0.15559381246566772,-0.15218466131381092,0.07224157452583313,-0.28928881883621216,-0.04085031507901249,0.11911356449127197,-0.30460289120674133,-0.0975974908321291,0.1378028392791748,-0.23633745312690735,-0.12212773023537693,0.1417718529701233,-0.1697295904159546,-0.1265066078155428,0.01544487476348877,-0.2926529049873352,-0.053884699776688194,0.04600909352302551,-0.21388477087020874,-0.10474845378092823,0.03863844275474548,-0.13777601718902588,-0.11082736758879719,0.027457743883132935,-0.1051226258277893,-0.10053567199400959,-0.03567713499069214,-0.27135011553764343,-0.07118319331101475,-0.0063745081424713135,-0.18810951709747314,-0.09541471658639011,-0.00492250919342041,-0.13440299034118652,-0.09156165628127155,-0.007090151309967041,-0.12346494197845459,-0.08146641759566364
0.0,0.0,0.0,0.07483011484146118,-0.010722577571868896,-0.036550986041618216,0.13769936561584473,-0.055297672748565674,-0.06397086607415758,0.14295631647109985,-0.11491131782531738,-0.09091441558797442,0.10898351669311523,-0.16368091106414795,-0.11404232906301104,0.130784809589386,-0.24620801210403442,-0.03499028684694849,0.16969186067581177,-0.2675290107727051,-0.09117113279302202,0.17909371852874756,-0.21789959073066711,-0.1311560146709212,0.17359870672225952,-0.15946537256240845,-0.14994552957017504,0.07868653535842896,-0.2779425382614136,-0.04101081045467936,0.12753057479858398,-0.3006519675254822,-0.09631737547118746,0.14601075649261475,-0.2358112931251526,-0.12088742332656466,0.1472945213317871,-0.1710110604763031,-0.1258038304944762,0.02548539638519287,-0.2822856903076172,-0.0535931498010882,0.057526201009750366,-0.2152634859085083,-0.10348633157212817,0.046803832054138184,-0.14219021797180176,-0.10834133850534045,0.03205585479736328,-0.10996687412261963,-0.09787300454576098,-0.02385208010673523,-0.2623247504234314,-0.07047482060391985,0.005575597286224365,-0.18824982643127441,-0.09533193187911593,0.002811610698699951,-0.13561683893203735,-0.09083376305301272,-0.003094792366027832,-0.1228339672088623,-0.0802873172064551
0.0,0.0,0.0,0.06979107856750488,-0.010962903499603271,-0.04536624028918368,0.1337597370147705,-0.04639768600463867,-0.07823229357239825,0.15681934356689453,-0.09411764144897461,-0.10897480472561938,0.1261698603630066,-0.13904118537902832,-0.1351099140906058,0.1290484070777893,-0.23672837018966675,-0.0475128270649634,0.15904498100280762,-0.280403196811676,-0.10723383500811678,0.17215746641159058,-0.24483609199523926,-0.1489358223938666,0.16803109645843506,-0.19044876098632812,-0.16933157816168887,0.0769878625869751,-0.2709142565727234,-0.05151558071014506,0.11599671840667725,-0.31833186745643616,-0.11239348128077609,0.13843315839767456,-0.26028478145599365,-0.13829734697577578,0.1437966227531433,-0.1983296275138855,-0.1435676641726218,0.02383279800415039,-0.2766284942626953,-0.06261097415921313,0.04939478635787964,-0.21445932984352112,-0.11702167018887621,0.04104688763618469,-0.14176219701766968,-0.12106510027882678,0.027635276317596436,-0.11236053705215454,-0.10970437302825076,-0.027289927005767822,-0.2569936215877533,-0.07917895689246279,-0.003974318504333496,-0.1854163110256195,-0.10897557213542086,-0.004990637302398682,-0.1342766284942627,-0.1070736847781859,-0.009060323238372803,-0.12674963474273682,-0.09814907386538607
0.0,0.0,0.0,0.07013705372810364,-0.013030469417572021,-0.04133257950479674,0.13530325889587402,-0.04849487543106079,-0.07123799557621169,0.16277027130126953,-0.09196078777313232,-0.10051792795593428,0.13161343336105347,-0.13181531429290771,-0.12555502290661025,0.13033711910247803,-0.23058846592903137,-0.04015426273281264,0.15724694728851318,-0.2929403483867645,-0.09668458933765578,0.17396825551986694,-0.2627404034137726,-0.135538249563524,0.17434310913085938,-0.20810717344284058,-0.15397947962219405,0.07932472229003906,-0.26450538635253906,-0.045496399801322696,0.11711257696151733,-0.33047330379486084,-0.10312726284200835,0.140003502368927,-0.2755361497402191,-0.12630894715721297,0.14669382572174072,-0.21467316150665283,-0.1291256838553636,0.027098417282104492,-0.2722918689250946,-0.05800600285465407,0.04951640963554382,-0.2173890471458435,-0.1116192632430284,0.04297369718551636,-0.1431676149368286,-0.11530432040626692,0.03159341216087341,-0.11099129915237427,-0.10258271480734038,-0.02292954921722412,-0.25633716583251953,-0.07567255134517836,-0.0031347274780273438,-0.18794554471969604,-0.10398387099439788,-0.0028432607650756836,-0.13568156957626343,-0.10135194594795394,-0.005380362272262573,-0.1257370114326477,-0.09147576923305678
0.0,0.0,0.0,0.0751945972442627,-0.0064269304275512695,-0.03616418266142318,0.13885921239852905,-0.0581631064414978,-0.06105951168979118,0.1509779691696167,-0.11953777074813843,-0.08516025119865844,0.12292808294296265,-0.17277342081069946,-0.10549043440664718,0.13412660360336304,-0.23579582571983337,-0.0356887015088887,0.17163586616516113,-0.26298031210899353,-0.08989148163641403,0.1814907193183899,-0.2141750454902649,-0.1274051549419255,0.1754765510559082,-0.1547536551952362,-0.14444010281408737,0.08586910367012024,-0.2681557536125183,-0.04076861911858032,0.1327635645866394,-0.29421406984329224,-0.09554270976627777,0.15057379007339478,-0.22947418689727783,-0.11852496439064453,0.1499922275543213,-0.16396471858024597,-0.12216150337303588,0.03405553102493286,-0.27323535084724426,-0.05216740766013572,0.06571203470230103,-0.21276402473449707,-0.10244429433191726,0.05420053005218506,-0.13589012622833252,-0.10544785433853576,0.0374731719493866,-0.09746742248535156,-0.09290923499906967,-0.01520150899887085,-0.25383222103118896,-0.06779304468477676,0.015814781188964844,-0.18664556741714478,-0.09406125122154663,0.010966390371322632,-0.13399404287338257,-0.08894481831634948,0.0004113912582397461,-0.11848080158233643,-0.07724316739881942
0.0,0.0,0.0,0.06881868839263916,-0.006840109825134277,-0.03497936780237865,0.1335952877998352,-0.05268299579620361,-0.05875978822493266,0.1560843586921692,-0.09896266460418701,-0.08223099837684344,0.13564157485961914,-0.1459936797618866,-0.10201997141027164,0.12990087270736694,-0.22398075461387634,-0.03343475441121768,0.16481006145477295,-0.2606894075870514,-0.08675125817441653,0.17493438720703125,-0.21903184056282043,-0.12429956177854251,0.1698446273803711,-0.1629491150379181,-0.14157048443937015,0.08225923776626587,-0.25731053948402405,-0.03880539367580127,0.1266215443611145,-0.29595184326171875,-0.0936534015336008,0.14357835054397583,-0.23327502608299255,-0.11683309654378604,0.14285212755203247,-0.16686582565307617,-0.12045651505374622,0.03216484189033508,-0.2658812403678894,-0.05055993253969859,0.06235262751579285,-0.21480724215507507,-0.1021091846623392,0.05008763074874878,-0.13914179801940918,-0.10586488823079776,0.033197999000549316,-0.09979087114334106,-0.09345495531940173,-0.015597105026245117,-0.2513524293899536,-0.06641018221759509,0.013507187366485596,-0.18787479400634766,-0.09486409852885913,0.008139610290527344,-0.13372063636779785,-0.0915098918476076,-0.0011586546897888184,-0.11558234691619873,-0.08070849458360385
0.0,0.0,0.0,0.07566988468170166,-0.0017874836921691895,-0.03470060862537139,0.14066538214683533,-0.04790449142456055,-0.058526246621568134,0.15683385729789734,-0.10310781002044678,-0.08207876495953315,0.13460978865623474,-0.15399527549743652,-0.10185210667486899,0.1404646933078766,-0.21836945414543152,-0.03457083441253417,0.1711239516735077,-0.2538822293281555,-0.08951642624970191,0.17956241965293884,-0.21165496110916138,-0.12839565686817878,0.17486760020256042,-0.15342408418655396,-0.14680577330227607,0.09113982319831848,-0.25454458594322205,-0.04061932004924529,0.13129153847694397,-0.2928699851036072,-0.09726431481476538,0.14874878525733948,-0.22952398657798767,-0.12095310054655783,0.14969751238822937,-0.16141456365585327,-0.12507725767727607,0.04025822877883911,-0.26366037130355835,-0.053168202563483646,0.06324857473373413,-0.20668816566467285,-0.10657391957875006,0.05258855223655701,-0.13257265090942383,-0.11167968325253241,0.03822433948516846,-0.095150887966156,-0.10006090514298194,-0.007805198431015015,-0.24750900268554688,-0.06976969055767768,0.017317503690719604,-0.17627060413360596,-0.09891142211790793,0.013556420803070068,-0.12333893775939941,-0.09668954722519629,0.006848037242889404,-0.10785508155822754,-0.08684989325638526
0.0,0.0,0.0,0.06838232278823853,-0.008386492729187012,-0.034687488548172496,0.1289556920528412,-0.046772897243499756,-0.05835727529944279,0.14276275038719177,-0.0985448956489563,-0.08132910656155445,0.1156894862651825,-0.14428043365478516,-0.1015238754671941,0.11960998177528381,-0.2274642288684845,-0.031698777548683665,0.1540428102016449,-0.2423413097858429,-0.08061153369368412,0.16555628180503845,-0.19826215505599976,-0.11645952539862492,0.16599884629249573,-0.14825910329818726,-0.13427009361208775,0.07495030760765076,-0.25737476348876953,-0.03624270784081318,0.11982092261314392,-0.27520912885665894,-0.08409369664610722,0.13856354355812073,-0.21923458576202393,-0.10664588140667774,0.1436627209186554,-0.16259214282035828,-0.11276511030615666,0.026900827884674072,-0.26283857226371765,-0.046607899687899135,0.055975884199142456,-0.20296016335487366,-0.09141814636410572,0.04542466998100281,-0.1362263560295105,-0.09579643534840443,0.03158941864967346,-0.10179126262664795,-0.0866950072568784,-0.020394355058670044,-0.24714913964271545,-0.061058483294857524,0.005303889513015747,-0.18326857686042786,-0.08475547211588719,0.004004150629043579,-0.1332142949104309,-0.08088973837317326,-0.0005522072315216064,-0.11488920450210571,-0.07144173907460072
0.0,0.0,0.0,0.07285276055335999,-0.000989377498626709,-0.02822377660046982,0.13635548949241638,-0.04438507556915283,-0.04625143051814007,0.15446928143501282,-0.09430760145187378,-0.06426022887896465,0.1349257528781891,-0.14171946048736572,-0.07960604072283672,0.13084164261817932,-0.2068367898464203,-0.026787498376478425,0.15427502989768982,-0.2292826771736145,-0.07072207272719311,0.16548475623130798,-0.1934468150138855,-0.10286138892840313,0.16749796271324158,-0.1442834436893463,-0.11897144407700466,0.08483213186264038,-0.23967626690864563,-0.03275408164333271,0.11846646666526794,-0.26758503913879395,-0.07762289733361172,0.13867494463920593,-0.21376913785934448,-0.09752823353480267,0.14521804451942444,-0.15421289205551147,-0.10243963391255306,0.036685794591903687,-0.24803146719932556,-0.04392727032970356,0.05971872806549072,-0.19425523281097412,-0.08881564379404949,0.0515386164188385,-0.12672072649002075,-0.09313873887728619,0.03904297947883606,-0.0895434021949768,-0.08381197542618679,-0.009350985288619995,-0.2328243851661682,-0.058448954827298394,0.013801097869873047,-0.16894063353538513,-0.08451616705130505,0.013101160526275635,-0.11811649799346924,-0.0826539912886517,0.009050875902175903,-0.09775781631469727,-0.07428356201123165
0.0,0.0,0.0,0.07962492108345032,-0.0190618634223938,-0.029763889183413994,0.13650241494178772,-0.07140499353408813,-0.05000376949192287,0.1457233726978302,-0.12335079908370972,-0.07083325335861446,0.11900100111961365,-0.16370227932929993,-0.08887497583509685,0.11945489048957825,-0.22995445132255554,-0.025845068191301834,0.1467304527759552,-0.2589889168739319,-0.07327004769922496,0.1574084460735321,-0.22118115425109863,-0.10832146057964565,0.15740260481834412,-0.17074325680732727,-0.12566683689237834,0.07128998637199402,-0.25632238388061523,-0.03199728081108333,0.10728141665458679,-0.290948748588562,-0.07909406224371196,0.12679734826087952,-0.23718106746673584,-0.10078936318041087,0.13242819905281067,-0.17816883325576782,-0.10650720695139171,0.021979987621307373,-0.25896018743515015,-0.04396893331886531,0.049586087465286255,-0.2108437418937683,-0.08980924883962871,0.04379194974899292,-0.14152109622955322,-0.09453276792646648,0.03207963705062866,-0.10252189636230469,-0.08503142992140056,-0.024652212858200073,-0.24076831340789795,-0.05967127034546138,0.0025786757469177246,-0.18470722436904907,-0.08460317054868938,0.004566758871078491,-0.1337323784828186,-0.08170150468231441,0.000558018684387207,-0.11263811588287354,-0.07270927975059749
0.0,0.0,0.0,0.07884615659713745,-0.0197068452835083,-0.028047044538084265,0.1347343921661377,-0.07275110483169556,-0.047123486884061094,0.14045864343643188,-0.13289391994476318,-0.06694239635032773,0.115650475025177,-0.17921817302703857,-0.08407114703220486,0.12029004096984863,-0.23807013034820557,-0.024451329149428602,0.15050101280212402,-0.26283887028694153,-0.06830478716653943,0.16238903999328613,-0.21966508030891418,-0.10059675086301922,0.16376197338104248,-0.16720890998840332,-0.1163644518331921,0.07316416501998901,-0.2628116011619568,-0.030124683641020056,0.10978007316589355,-0.288894385099411,-0.07195869345230221,0.1316056251525879,-0.23827531933784485,-0.09183239448827862,0.13935261964797974,-0.1825428009033203,-0.0977041672543919,0.024679481983184814,-0.26435139775276184,-0.04115225259226918,0.050778716802597046,-0.20827904343605042,-0.08216560889047742,0.044444501399993896,-0.14353680610656738,-0.08716643858713269,0.03243488073348999,-0.10718339681625366,-0.07947674650711178,-0.021100103855133057,-0.24426054954528809,-0.0556943181530869,0.004966467618942261,-0.18258136510849,-0.07743041474384427,0.006560415029525757,-0.13261783123016357,-0.07423702139419674,0.00251084566116333,-0.11083245277404785,-0.06571678329271435
0.0,0.0,0.0,-0.030792713165283203,-0.011982381343841553,-0.02490049490012325,-0.0659785270690918,-0.03516894578933716,-0.04320774489320911,-0.08253413438796997,-0.0587688684463501,-0.05963805207289852,-0.08256685733795166,-0.08734577894210815,-0.07272920274414219,-0.05105406045913696,-0.13720762729644775,-0.03028926887787975,-0.0718919038772583,-0.126825749874115,-0.057268175121919285,-0.07794386148452759,-0.09618204832077026,-0.07487415784277118,-0.07799053192138672,-0.07045507431030273,-0.08427414559997715,-0.02471005916595459,-0.14484566450119019,-0.02977623307384647,-0.04816502332687378,-0.11946678161621094,-0.054149179544822346,-0.05367213487625122,-0.08623582124710083,-0.06512726360239185,-0.053232431411743164,-0.06331652402877808,-0.06927345955051578,0.0002403855323791504,-0.1326531171798706,-0.03213180118478931,-0.02247995138168335,-0.07321953773498535,-0.053985158738271366,-0.018563151359558105,-0.03635483980178833,-0.057437813666240345,-0.009014368057250977,-0.021469831466674805,-0.05622490384854473,0.0231935977935791,-0.10825473070144653,-0.037253050890342365,0.006089508533477783,-0.05222749710083008,-0.050985867914334904,0.005079448223114014,-0.0250319242477417,-0.05305142590083278,0.011468887329101562,-0.019744038581848145,-0.05179383867658771
0.0,0.0,0.0,-0.027072370052337646,-0.008733034133911133,-0.025647516842269624,-0.059412598609924316,-0.026173293590545654,-0.0461142207638261,-0.07368165254592896,-0.04330724477767944,-0.06522943034329387,-0.07175487279891968,-0.06064707040786743,-0.08096627845921489,-0.04958999156951904,-0.14213663339614868,-0.031779344673537935,-0.06786519289016724,-0.13231128454208374,-0.06125500008025142,-0.07816874980926514,-0.09887093305587769,-0.07946105256237956,-0.08053773641586304,-0.07005512714385986,-0.08854229703106853,-0.023025572299957275,-0.15211158990859985,-0.03243537947096797,-0.04508322477340698,-0.13273322582244873,-0.05977250590481731,-0.0542941689491272,-0.09502404928207397,-0.07072536602177593,-0.05556011199951172,-0.06607872247695923,-0.07330040588536235,0.003571629524230957,-0.14155763387680054,-0.03606319382348033,-0.019225001335144043,-0.07914823293685913,-0.06078551291980716,-0.017957329750061035,-0.035308837890625,-0.06365560695090267,-0.008568644523620605,-0.015222430229187012,-0.06046717941322299,0.02954190969467163,-0.11661303043365479,-0.04254910677232715,0.011046409606933594,-0.057099342346191406,-0.05658234238185855,0.008407056331634521,-0.02419865131378174,-0.05680877670206996,0.014632344245910645,-0.014736831188201904,-0.05346947490730258
0.0,0.0,0.0,-0.03417646884918213,-0.011883556842803955,-0.02202702172365889,-0.0663309097290039,-0.029191017150878906,-0.0404633623388122,-0.07856076955795288,-0.046817123889923096,-0.058027651610643716,-0.07733315229415894,-0.06703406572341919,-0.07272805691030726,-0.054811298847198486,-0.1510677933692932,-0.025213944244057984,-0.07982099056243896,-0.14083337783813477,-0.053218182626039834,-0.08675789833068848,-0.10505181550979614,-0.07274812132385478,-0.08537754416465759,-0.07359713315963745,-0.08246462464597926,-0.027949512004852295,-0.1586436629295349,-0.026409266966254563,-0.05422919988632202,-0.14192527532577515,-0.050896056446106286,-0.0644986629486084,-0.10344374179840088,-0.062052946987421365,-0.06740039587020874,-0.07017886638641357,-0.06484729469087824,-0.0028733015060424805,-0.14630049467086792,-0.03036634110179648,-0.031734347343444824,-0.08912509679794312,-0.052023463400871606,-0.030165255069732666,-0.04457831382751465,-0.05492783010271296,-0.021667540073394775,-0.01903456449508667,-0.05186890855696902,0.019516050815582275,-0.12043768167495728,-0.036913004222185464,-0.004483819007873535,-0.06969964504241943,-0.04861126512554392,-0.006461679935455322,-0.0371667742729187,-0.04794924006131396,-4.0531158447265625e-06,-0.023012220859527588,-0.04388204634454951
0.0,0.0,0.0,-0.03301060199737549,-0.012952148914337158,-0.022240547460484095,-0.06532549858093262,-0.031536757946014404,-0.04033534601049382,-0.07629001140594482,-0.0500144362449646,-0.05752823129014928,-0.07174956798553467,-0.06819278001785278,-0.07168573885874707,-0.05444818735122681,-0.15091300010681152,-0.022957976904677935,-0.07727319002151489,-0.13874876499176025,-0.049704551693963595,-0.08485716581344604,-0.10282289981842041,-0.06883481144623715,-0.08425027132034302,-0.07181942462921143,-0.0787369310827728,-0.027562499046325684,-0.15721970796585083,-0.023837417361306734,-0.05289047956466675,-0.13688063621520996,-0.04696672782020528,-0.06220543384552002,-0.10099738836288452,-0.05841711163239438,-0.0645298957824707,-0.07163870334625244,-0.06202930956797559,-0.0024442672729492188,-0.14433139562606812,-0.02764079160706956,-0.030525684356689453,-0.08853471279144287,-0.04759148135499913,-0.027938425540924072,-0.04930669069290161,-0.05111430957632024,-0.018453001976013184,-0.02882206439971924,-0.049304895100164,0.01988905668258667,-0.1192825436592102,-0.034127697345780916,-0.00398707389831543,-0.06960362195968628,-0.04473678022341687,-0.0062408447265625,-0.04118865728378296,-0.04466828331069905,-4.738569259643555e-05,-0.03108745813369751,-0.041619669643210955
0.0,0.0,0.0,-0.03134596347808838,-0.004944264888763428,-0.021503327462454536,-0.06099945306777954,-0.01793825626373291,-0.038906026679654815,-0.059888482093811035,-0.033946335315704346,-0.05445152898468564,-0.04105919599533081,-0.04499030113220215,-0.06693218653239796,-0.059779465198516846,-0.12353616952896118,-0.026721328544994094,-0.06601017713546753,-0.11353033781051636,-0.05054982383884976,-0.06010705232620239,-0.08956742286682129,-0.0662287548665006,-0.05215948820114136,-0.06904160976409912,-0.07467074697055409,-0.02857142686843872,-0.1386929154396057,-0.02623065752126763,-0.034502625465393066,-0.10701119899749756,-0.043295018422981,-0.035629451274871826,-0.07834869623184204,-0.049368836033721664,-0.03420919179916382,-0.05969119071960449,-0.051811713773389556,0.0005027055740356445,-0.13318055868148804,-0.028459403711934783,-0.007559418678283691,-0.06573903560638428,-0.045458298224588134,-0.011027276515960693,-0.034037113189697266,-0.0449606553200681,-0.008810877799987793,-0.02210986614227295,-0.04178733383454869,0.02820444107055664,-0.11519980430603027,-0.03338351478018353,0.018789052963256836,-0.06195765733718872,-0.04316796739735196,0.01070094108581543,-0.035579025745391846,-0.04114760090746472,0.008836448192596436,-0.02846384048461914,-0.03725799550451825
0.0,0.0,0.0,-0.02631378173828125,-0.001037299633026123,-0.01575886627796308,-0.0469936728477478,-0.014028728008270264,-0.029239332137137808,-0.04711031913757324,-0.02276986837387085,-0.04160943424466268,-0.032819271087646484,-0.028682291507720947,-0.052508214322358526,-0.04115796089172363,-0.10778981447219849,-0.025014417079717077,-0.05285614728927612,-0.08907312154769897,-0.041848258880406775,-0.048721253871917725,-0.0750964879989624,-0.05286130478742734,-0.03860771656036377,-0.0646965503692627,-0.059824561533957876,-0.01248866319656372,-0.11839154362678528,-0.025306396020084776,-0.019552171230316162,-0.060369789600372314,-0.0362496802783312,-0.018731117248535156,-0.025166690349578857,-0.038551224229365744,-0.01470959186553955,-0.005271494388580322,-0.04080632871153966,0.014006376266479492,-0.10935810208320618,-0.027102576402455725,0.0029758214950561523,-0.03893911838531494,-0.03943248635295049,-0.001964390277862549,-0.009449243545532227,-0.03643161600592748,-0.0012404322624206543,0.003625810146331787,-0.03379876708748952,0.03739190101623535,-0.09102755784988403,-0.030949340966969885,0.026318132877349854,-0.03732728958129883,-0.038315342572957434,0.015019655227661133,-0.012389600276947021,-0.034805258569747366,0.010905206203460693,-0.00420069694519043,-0.031079886314898886
0.0,0.0,0.0,-0.030177295207977295,-0.004237055778503418,-0.019584824778348775,-0.05666911602020264,-0.017008423805236816,-0.036166136600286336,-0.054742395877838135,-0.028207123279571533,-0.05057693783214745,-0.03751087188720703,-0.03660416603088379,-0.06230123851469216,-0.05267000198364258,-0.11777728796005249,-0.029699466638476224,-0.0596538782119751,-0.11057913303375244,-0.05003757540157494,-0.05494046211242676,-0.08697730302810669,-0.06260379169157204,-0.047318458557128906,-0.06777501106262207,-0.06988938663175759,-0.021449148654937744,-0.1312897801399231,-0.028859357796818585,-0.02643638849258423,-0.08128583431243896,-0.04183501143029389,-0.027343690395355225,-0.04751133918762207,-0.044955150671512456,-0.02531486749649048,-0.030497610569000244,-0.0475487946348494,0.006478011608123779,-0.12372991442680359,-0.030102969594508977,-0.002003192901611328,-0.05627846717834473,-0.042319787182123036,-0.008051812648773193,-0.029696166515350342,-0.03892072428038773,-0.007916927337646484,-0.02184814214706421,-0.0366937382893866,0.03162902593612671,-0.10484212636947632,-0.033970565982372136,0.022019505500793457,-0.05075383186340332,-0.042551194764882894,0.010949134826660156,-0.02619999647140503,-0.03999886799624619,0.006825804710388184,-0.02086949348449707,-0.03690743956735787
0.0,0.0,0.0,-0.02866309881210327,-0.008639037609100342,-0.019488064983434583,-0.05515646934509277,-0.0249670147895813,-0.03566427569980135,-0.05398273468017578,-0.03534966707229614,-0.0494380038618516,-0.03209108114242554,-0.03814280033111572,-0.06142851751441469,-0.04290652275085449,-0.12066838145256042,-0.029586011955089475,-0.05529969930648804,-0.09986001253128052,-0.049501732402987386,-0.05623304843902588,-0.091158926486969,-0.06397761445636263,-0.05048578977584839,-0.08221620321273804,-0.07326211076373568,-0.013584792613983154,-0.13072547316551208,-0.02906826552147379,-0.02152484655380249,-0.08483028411865234,-0.04343902360791674,-0.026099801063537598,-0.06088978052139282,-0.04799962084884157,-0.02589094638824463,-0.041964828968048096,-0.050760731512255575,0.01216048002243042,-0.12073582410812378,-0.03036662046010008,0.0005713105201721191,-0.05447041988372803,-0.0443168547391366,-0.007223367691040039,-0.028444290161132812,-0.04177424352759829,-0.0074446797370910645,-0.014755785465240479,-0.038785078042693044,0.03526711463928223,-0.09878033399581909,-0.034257233554072286,0.023359298706054688,-0.046391189098358154,-0.04370948340887537,0.010790824890136719,-0.023709475994110107,-0.04117322754258623,0.006371200084686279,-0.01505810022354126,-0.03751591634149065
0.0,0.0,0.0,-0.023466527462005615,-0.0046828389167785645,-0.01720200527611837,-0.043058037757873535,-0.01997995376586914,-0.031352706739340874,-0.04511070251464844,-0.02825993299484253,-0.04350292358699903,-0.030149877071380615,-0.03394061326980591,-0.05393366936746702,-0.0289536714553833,-0.1168859601020813,-0.026242560261522385,-0.04329425096511841,-0.07985097169876099,-0.04333942059579954,-0.04256552457809448,-0.06868487596511841,-0.05555838767591581,-0.034455716609954834,-0.06528937816619873,-0.06452251274291143,-0.007192373275756836,-0.1248725950717926,-0.026542552301322075,-0.015576660633087158,-0.056930720806121826,-0.03961591098610029,-0.015335440635681152,-0.024856269359588623,-0.04277283374372587,-0.010415434837341309,-0.008693099021911621,-0.045888491460715386,0.011611998081207275,-0.11554428935050964,-0.028481994310055825,-0.0006073117256164551,-0.04026061296463013,-0.0411768784016715,-0.005363583564758301,-0.014441609382629395,-0.037611738333140465,-0.003667175769805908,-0.0069193243980407715,-0.03535764712992773,0.0275917649269104,-0.09627431631088257,-0.032819483915005776,0.014481127262115479,-0.040822744369506836,-0.042013127842579934,0.006883740425109863,-0.018272340297698975,-0.039672691860829445,0.00666654109954834,-0.013577699661254883,-0.03702046770754919
0.0,0.0,0.0,-0.031194210052490234,-0.0062187910079956055,-0.020745407065192012,-0.05911925435066223,-0.02123856544494629,-0.03797662930730894,-0.05675560235977173,-0.03366231918334961,-0.052533137818613795,-0.03630298376083374,-0.041091322898864746,-0.06421982051972464,-0.05087512731552124,-0.12672767043113708,-0.03197789864782408,-0.061739325523376465,-0.11169195175170898,-0.05220723824743345,-0.05701291561126709,-0.09242111444473267,-0.06458730550650671,-0.046993255615234375,-0.07675176858901978,-0.07209868284110144,-0.01876002550125122,-0.13785335421562195,-0.030738645439782886,-0.028224647045135498,-0.08589965105056763,-0.04338453637603834,-0.02967989444732666,-0.05378085374832153,-0.04598881976846769,-0.025938987731933594,-0.03592270612716675,-0.04830310793761328,0.008700966835021973,-0.1278705596923828,-0.03137846591118887,-0.006756842136383057,-0.054390013217926025,-0.044119297733345775,-0.013147234916687012,-0.027189433574676514,-0.04039669336918905,-0.011242687702178955,-0.01803344488143921,-0.037469784935751704,0.032917559146881104,-0.10597068071365356,-0.03470667751673773,0.01699841022491455,-0.05063581466674805,-0.042846298983135966,0.003752291202545166,-0.02714860439300537,-0.039344507476130275,-0.0011678338050842285,-0.021436214447021484,-0.035455878099242
0.0,0.0,0.0,-0.025967121124267578,-0.00019317865371704102,-0.01912068979703463,-0.04824841022491455,-0.00999903678894043,-0.03519102962576426,-0.04800894856452942,-0.0125771164894104,-0.049529794919124015,-0.030527770519256592,-0.013945341110229492,-0.06229891659580744,-0.03417319059371948,-0.1005372703075409,-0.03325042905174769,-0.04924917221069336,-0.07878023386001587,-0.05210358308517016,-0.0463661253452301,-0.06524097919464111,-0.06337473573051966,-0.037084877490997314,-0.055104613304138184,-0.07080748708807505,-0.004081904888153076,-0.10752421617507935,-0.0332172143634466,-0.0146714448928833,-0.04278844594955444,-0.04754613743983782,-0.015640974044799805,-0.0067275166511535645,-0.05037506701313532,-0.012509047985076904,0.012042880058288574,-0.05294908242188967,0.0207938551902771,-0.09620550274848938,-0.03464733468257464,0.006826221942901611,-0.025229036808013916,-0.049804061966767676,-0.0011615157127380371,0.0032230615615844727,-0.046580661403766044,-0.0026805996894836426,0.01312553882598877,-0.043797288405528434,0.040862858295440674,-0.07505619525909424,-0.03832484068237818,0.02775627374649048,-0.01973271369934082,-0.04863954367004908,0.015397369861602783,0.004891812801361084,-0.04571794750057734,0.009908854961395264,0.01240450143814087,-0.042307302671304114
0.0,0.0,0.0,-0.028354227542877197,-0.004660308361053467,-0.02096977715720527,-0.054653555154800415,-0.017168045043945312,-0.03845460226168029,-0.053078263998031616,-0.02528756856918335,-0.053712564309734034,-0.034335970878601074,-0.028127729892730713,-0.06632631530393951,-0.04651081562042236,-0.11533054709434509,-0.030867882793444323,-0.05984792113304138,-0.10224330425262451,-0.052120975007909465,-0.05676370859146118,-0.08267813920974731,-0.06503261884083145,-0.0479426383972168,-0.06547194719314575,-0.072520690759319,-0.01599597930908203,-0.12526661157608032,-0.030172542458075213,-0.024462997913360596,-0.08060699701309204,-0.04447446276773803,-0.026019513607025146,-0.048506319522857666,-0.048134046395915675,-0.023559749126434326,-0.02968376874923706,-0.05035728847016685,0.010705649852752686,-0.11524093151092529,-0.03160941859115951,-0.003920853137969971,-0.04630756378173828,-0.045192657759088206,-0.01072627305984497,-0.018689513206481934,-0.042348663111823726,-0.01003122329711914,-0.009577691555023193,-0.03953629617919319,0.03434646129608154,-0.09391683340072632,-0.03575801735152595,0.019957780838012695,-0.03933769464492798,-0.044060892214673686,0.008072853088378906,-0.01676356792449951,-0.04097632577051513,0.003975927829742432,-0.011783182621002197,-0.03729092588056915
0.0,0.0,0.0,-0.030372560024261475,-0.0008396506309509277,-0.02521204436349933,-0.05285122990608215,-0.012103021144866943,-0.04409094946610992,-0.039238691329956055,-0.01798701286315918,-0.059022408445954966,-0.012985408306121826,-0.021144211292266846,-0.07089786650765006,-0.05229005217552185,-0.11298078298568726,-0.035640109797597574,-0.05880853533744812,-0.10132467746734619,-0.05922846915352409,-0.04759189486503601,-0.08605420589447021,-0.07661872776377265,-0.03385114669799805,-0.07593536376953125,-0.08856603922474449,-0.019335567951202393,-0.12725746631622314,-0.03350483672845428,-0.01825881004333496,-0.07939940690994263,-0.049868762960315394,-0.02025526762008667,-0.05851250886917114,-0.05611334787833755,-0.01992577314376831,-0.0572512149810791,-0.061429881026626276,0.008887887001037598,-0.11880335211753845,-0.03397189127433364,0.006859183311462402,-0.04823952913284302,-0.04686260270106857,-0.0033324360847473145,-0.027521729469299316,-0.04301506327617233,-0.005378782749176025,-0.03328162431716919,-0.04135916801321571,0.03395122289657593,-0.09697014093399048,-0.0380596485935456,0.025960206985473633,-0.038088083267211914,-0.04810642870295112,0.01265406608581543,-0.017807304859161377,-0.04644782515394752,0.007313668727874756,-0.022046148777008057,-0.04459915356862609
0.0,0.0,0.0,-0.026478946208953857,0.006610453128814697,-0.027395823017684506,-0.04118239879608154,-0.00023478269577026367,-0.04630886109265475,-0.02411627769470215,-0.0010436773300170898,-0.060367480830279874,-0.0017262697219848633,-0.008183002471923828,-0.0720876352647224,-0.04172879457473755,-0.10513255000114441,-0.04027270244154124,-0.04460954666137695,-0.07437354326248169,-0.06280972527059703,-0.03287786245346069,-0.06582587957382202,-0.08031942413839488,-0.01731473207473755,-0.06455874443054199,-0.09319094286951213,-0.010753512382507324,-0.11551201343536377,-0.03637839199694781,-0.006726741790771484,-0.058136165142059326,-0.05107961313518672,-0.007577359676361084,-0.03932809829711914,-0.05680904255899577,-0.005885720252990723,-0.03920328617095947,-0.0634700329759994,0.015710294246673584,-0.10581281781196594,-0.03488215522560267,0.01970130205154419,-0.03726959228515625,-0.0477435560682693,0.008725523948669434,-0.020935535430908203,-0.04489859284552722,0.004650533199310303,-0.02766585350036621,-0.04502263011130481,0.038140833377838135,-0.08352077007293701,-0.036908228860227155,0.03712707757949829,-0.02700185775756836,-0.04730106608661799,0.02292853593826294,-0.008033990859985352,-0.047047109321681546,0.016095995903015137,-0.011571764945983887,-0.047197376356450604
0.0,0.0,0.0,-0.0321771502494812,-0.0045021772384643555,-0.023461773820301346,-0.05078315734863281,-0.01686692237854004,-0.040251722388049416,-0.032815515995025635,-0.025625646114349365,-0.05261880701043253,-0.012194633483886719,-0.03586709499359131,-0.06191175972678309,-0.05353286862373352,-0.12111303210258484,-0.03355017846085673,-0.045330703258514404,-0.092551589012146,-0.05290344899155741,-0.032137513160705566,-0.06831073760986328,-0.06799209659554606,-0.020876646041870117,-0.051468849182128906,-0.07846078073241358,-0.020112454891204834,-0.1298317313194275,-0.030717376448293976,-0.01318126916885376,-0.07833832502365112,-0.04264431988455897,-0.013282716274261475,-0.05138736963272095,-0.04812670668222552,-0.013383865356445312,-0.04031306505203247,-0.05391578545429354,0.008126378059387207,-0.11872661113739014,-0.029809558592816643,0.014259517192840576,-0.05831652879714966,-0.03898811509468203,0.0056830644607543945,-0.03746211528778076,-0.03647026588775759,0.0004445314407348633,-0.03638511896133423,-0.03679099848129397,0.031971633434295654,-0.09541833400726318,-0.0320403481052125,0.031378984451293945,-0.04534989595413208,-0.03943468799450045,0.017253518104553223,-0.024765729904174805,-0.03774488886453753,0.0072040557861328125,-0.02308785915374756,-0.036654429338952355
0.0,0.0,0.0,-0.032865285873413086,-0.006405472755432129,-0.017489836250078383,-0.05486154556274414,-0.024124443531036377,-0.031029131893646422,-0.04480177164077759,-0.03729903697967529,-0.04175206150544852,-0.02958989143371582,-0.04782545566558838,-0.05026502038968772,-0.05389317870140076,-0.11777991056442261,-0.025797928382289115,-0.044841885566711426,-0.0912509560585022,-0.04459569479955405,-0.030915915966033936,-0.06669747829437256,-0.05982590343488425,-0.019389331340789795,-0.0479465126991272,-0.0699125814033863,-0.022042691707611084,-0.12726947665214539,-0.02546306948794097,-0.012934446334838867,-0.08311396837234497,-0.037220484275948706,-0.010021507740020752,-0.05642902851104736,-0.043016939122807685,-0.00793159008026123,-0.0398632287979126,-0.04820541914237708,0.006044447422027588,-0.11877620220184326,-0.026796315495502654,0.014593303203582764,-0.06340867280960083,-0.03660452615154952,0.008320629596710205,-0.04085057973861694,-0.03537512447370261,0.004901289939880371,-0.03365755081176758,-0.03557745989097327,0.03097909688949585,-0.099345862865448,-0.030725578476321402,0.0342220664024353,-0.050338923931121826,-0.038104987402093116,0.02280259132385254,-0.02667897939682007,-0.03676745917333335,0.015267550945281982,-0.019694149494171143,-0.035472335924040976
0.0,0.0,0.0,-0.032522737979888916,-0.008860409259796143,-0.019152465959876963,-0.051778167486190796,-0.024427413940429688,-0.03451145601817984,-0.036083877086639404,-0.033324480056762695,-0.046759122734755465,-0.01555323600769043,-0.040741145610809326,-0.05632986662337203,-0.05041736364364624,-0.12413576245307922,-0.02775262085148711,-0.04517829418182373,-0.0980803370475769,-0.048524709170550295,-0.03348338603973389,-0.07040184736251831,-0.06486050946065802,-0.024220943450927734,-0.04921126365661621,-0.07532216770002265,-0.018680155277252197,-0.13254395127296448,-0.027015169834584185,-0.013610363006591797,-0.08736878633499146,-0.040280678992957064,-0.011629819869995117,-0.05832171440124512,-0.046263186013192126,-0.009475529193878174,-0.044808804988861084,-0.05141116840192694,0.00924593210220337,-0.12192428112030029,-0.028227952992409655,0.01381903886795044,-0.06727725267410278,-0.037965750073880145,0.0070732831954956055,-0.045026957988739014,-0.03557823759862799,0.003993332386016846,-0.04283660650253296,-0.035301999872416445,0.033846378326416016,-0.09989768266677856,-0.032221229499072024,0.03341442346572876,-0.053527235984802246,-0.038400938486546465,0.021833717823028564,-0.03364741802215576,-0.03614737999984641,0.01496797800064087,-0.033809661865234375,-0.03455980656096358
0.0,0.0,0.0,-0.030141353607177734,-0.005401492118835449,-0.01384218981932861,-0.05032515525817871,-0.019774913787841797,-0.0258301134638117,-0.047617107629776,-0.03222453594207764,-0.035673395865373436,-0.040532827377319336,-0.04364293813705444,-0.04323460268300039,-0.05560725927352905,-0.11785262823104858,-0.021915807523541275,-0.04593825340270996,-0.08694994449615479,-0.03862454103749258,-0.03368091583251953,-0.059331417083740234,-0.05169915887039167,-0.024709224700927734,-0.039598822593688965,-0.059998714499883476,-0.02647233009338379,-0.1294800043106079,-0.022419036500863854,-0.015556037425994873,-0.07905435562133789,-0.032340296678952996,-0.01290881633758545,-0.05140089988708496,-0.03682930874150259,-0.011871933937072754,-0.035728394985198975,-0.041157816671542946,0.0005041360855102539,-0.12304362654685974,-0.024213926070146385,0.010499298572540283,-0.06714105606079102,-0.031401013158969704,0.004681766033172607,-0.044183969497680664,-0.02886973614316446,0.0004820823669433594,-0.03747153282165527,-0.02861384781520826,0.024703025817871094,-0.10516011714935303,-0.028324454226307694,0.02960604429244995,-0.05623948574066162,-0.03281157197874052,0.0187566876411438,-0.03441464900970459,-0.03054927023570997,0.010435342788696289,-0.030281662940979004,-0.0289597391567753
0.0,0.0,0.0,-0.030169785022735596,-0.001974940299987793,-0.016740854810734618,-0.04983195662498474,-0.01734215021133423,-0.029700271766444075,-0.044982731342315674,-0.03226548433303833,-0.040093012135287154,-0.03535139560699463,-0.04700005054473877,-0.04789574442412459,-0.051036834716796875,-0.11738401651382446,-0.024838607739468443,-0.043354958295822144,-0.08909797668457031,-0.04306308550741278,-0.030729293823242188,-0.057118356227874756,-0.05611352248098456,-0.02185988426208496,-0.03459566831588745,-0.06412247939016424,-0.020857691764831543,-0.1288394033908844,-0.02441345153357588,-0.012765228748321533,-0.08474606275558472,-0.036175280790587294,-0.008962571620941162,-0.05256080627441406,-0.04078387467171751,-0.007237553596496582,-0.03448808193206787,-0.04465620590355002,0.006609499454498291,-0.12191033363342285,-0.025544000770707953,0.01533430814743042,-0.07122087478637695,-0.03543814269806944,0.010014593601226807,-0.043961405754089355,-0.032963156681319106,0.005752503871917725,-0.03495079278945923,-0.03185163063909613,0.031299471855163574,-0.1030765175819397,-0.029023561607857573,0.03568190336227417,-0.05555373430252075,-0.0354859530737599,0.02560323476791382,-0.03287297487258911,-0.03362545369174086,0.017946243286132812,-0.029282808303833008,-0.03182707725073897
0.0,0.0,0.0,-0.0311240553855896,-0.006665527820587158,-0.01725612256265663,-0.05298781394958496,-0.02320563793182373,-0.031065136674413907,-0.04578119516372681,-0.03352713584899902,-0.042189185056457745,-0.030881166458129883,-0.03979307413101196,-0.051045533749828564,-0.051943451166152954,-0.1226443350315094,-0.02498302284217857,-0.046260952949523926,-0.09202706813812256,-0.044381749365101086,-0.03455090522766113,-0.061255693435668945,-0.059837114546070325,-0.02615255117416382,-0.03836619853973389,-0.06954827207661651,-0.019883155822753906,-0.13106364011764526,-0.02476198646760963,-0.014578640460968018,-0.08576416969299316,-0.03732110607958816,-0.012618720531463623,-0.05492675304412842,-0.04337991822100662,-0.011367380619049072,-0.03610152006149292,-0.04822421866990112,0.008677661418914795,-0.12138274312019348,-0.026218409198889958,0.013972699642181396,-0.06879204511642456,-0.03596280935741447,0.0070236921310424805,-0.04357004165649414,-0.03431483406163238,0.0023258328437805176,-0.03493762016296387,-0.03407782364226364,0.03358149528503418,-0.10025858879089355,-0.030197998988995778,0.03503924608230591,-0.052130699157714844,-0.03673291626907371,0.02342367172241211,-0.03004509210586548,-0.03491962749100708,0.015203297138214111,-0.02595531940460205,-0.033330053571233975
0.0,0.0,0.0,-0.031469762325286865,-0.007554411888122559,-0.018270304181911,-0.05489528179168701,-0.025140225887298584,-0.032328044751025686,-0.046832114458084106,-0.04059302806854248,-0.043832735845185766,-0.030833303928375244,-0.05367761850357056,-0.052528964110948095,-0.05288863182067871,-0.1290772557258606,-0.02290977699432517,-0.046306312084198,-0.10398536920547485,-0.043915642180778036,-0.034498631954193115,-0.07442224025726318,-0.061142792680598745,-0.026452720165252686,-0.05090457201004028,-0.07194164184603835,-0.020376861095428467,-0.13905158638954163,-0.022616406658030996,-0.015313327312469482,-0.10033595561981201,-0.036919658758975515,-0.012355804443359375,-0.06964761018753052,-0.04412623656664039,-0.01080387830734253,-0.050175368785858154,-0.049241786578036795,0.008708775043487549,-0.12947934865951538,-0.024536736064888487,0.012627899646759033,-0.07947403192520142,-0.0347299405721202,0.007175624370574951,-0.055275559425354004,-0.033493047335483084,0.0036247968673706055,-0.04763317108154297,-0.03336805267009879,0.03486889600753784,-0.10750240087509155,-0.029254631826020727,0.03456515073776245,-0.06175929307937622,-0.03568859560165549,0.023034095764160156,-0.042285382747650146,-0.034630233177281866,0.014514625072479248,-0.04030400514602661,-0.03359994454059745
0.0,0.0,0.0,-0.032601356506347656,-0.004005610942840576,-0.02038257616150929,-0.055801331996917725,-0.015914082527160645,-0.03651825758207394,-0.046528637409210205,-0.023862004280090332,-0.04956223117697789,-0.02974039316177368,-0.030581772327423096,-0.05983514013279034,-0.053850531578063965,-0.12099182605743408,-0.02876861999321534,-0.04467266798019409,-0.09247660636901855,-0.04938343214381291,-0.03226590156555176,-0.062383294105529785,-0.0651220609484966,-0.02331310510635376,-0.03994101285934448,-0.07523684995759083,-0.02214449644088745,-0.13094544410705566,-0.02795510599899842,-0.015263795852661133,-0.09238249063491821,-0.04290620284665181,-0.011720657348632812,-0.061686158180236816,-0.04971002089369847,-0.009731471538543701,-0.040813565254211426,-0.054466438019161956,0.006208181381225586,-0.12233015894889832,-0.02901428239930226,0.012701809406280518,-0.06990563869476318,-0.0403771330653484,0.007855415344238281,-0.04367929697036743,-0.03919998230922772,0.004127979278564453,-0.033301591873168945,-0.03856920870531155,0.03199267387390137,-0.10212582349777222,-0.03292215662587239,0.03460484743118286,-0.05526810884475708,-0.04055242660034253,0.023474514484405518,-0.03312397003173828,-0.03956808569419934,0.014734387397766113,-0.02830493450164795,-0.038187295669203536
0.0,0.0,0.0,-0.0312577486038208,-0.009149432182312012,-0.013513843001021542,-0.0532987117767334,-0.032122254371643066,-0.024778070331706203,-0.052952080965042114,-0.05031865835189819,-0.03441966551650921,-0.045329511165618896,-0.06332314014434814,-0.04164696711410443,-0.05141207575798035,-0.12779301404953003,-0.018404959173096813,-0.04385504126548767,-0.09530526399612427,-0.036950944394959606,-0.03278696537017822,-0.06465071439743042,-0.05112361016978184,-0.024627685546875,-0.042652666568756104,-0.05970123264302174,-0.02174323797225952,-0.1364920437335968,-0.019590784267677464,-0.014313757419586182,-0.09158957004547119,-0.03277695033062855,-0.0109022855758667,-0.060321271419525146,-0.03804856765378872,-0.00801074504852295,-0.04004395008087158,-0.04133258241523663,0.005848407745361328,-0.1284351348876953,-0.022551253841413654,0.012178957462310791,-0.07689988613128662,-0.03300510573495785,0.008109211921691895,-0.05036872625350952,-0.030884484232558407,0.006476879119873047,-0.04069143533706665,-0.02920514012981812,0.031070828437805176,-0.10933265089988708,-0.027771376476778187,0.03381115198135376,-0.06134456396102905,-0.033712624044312633,0.02485215663909912,-0.04053187370300293,-0.032110108466042675,0.0191766619682312,-0.03906601667404175,-0.030211739645494617
0.0,0.0,0.0,-0.029463768005371094,-0.005082845687866211,-0.014807754304371201,-0.051574379205703735,-0.022115051746368408,-0.026678396497032963,-0.05094844102859497,-0.038107216358184814,-0.036446075994632565,-0.0452612042427063,-0.05293548107147217,-0.044040590632818066,-0.051809489727020264,-0.12521275877952576,-0.020090542841813885,-0.045901715755462646,-0.0919235348701477,-0.038532726574800336,-0.03457152843475342,-0.06276655197143555,-0.05403911705698761,-0.025244593620300293,-0.04228615760803223,-0.06377313296880516,-0.021429240703582764,-0.13352537155151367,-0.02072817843045982,-0.01386350393295288,-0.08566653728485107,-0.032709270823858105,-0.01147317886352539,-0.05475962162017822,-0.03902732591714653,-0.009069561958312988,-0.034840285778045654,-0.043675154555700146,0.006436169147491455,-0.12415999174118042,-0.022997701648733937,0.013364970684051514,-0.06986820697784424,-0.0327795297988871,0.008403897285461426,-0.04372358322143555,-0.03138715412106308,0.006234645843505859,-0.03298521041870117,-0.030693786326907002,0.031495869159698486,-0.10349488258361816,-0.02760103169467243,0.03491002321243286,-0.05504930019378662,-0.034017700810096585,0.02447795867919922,-0.032815396785736084,-0.03231542940821441,0.01730978488922119,-0.02734619379043579,-0.030327253151796185
0.0,0.0,0.0,-0.03179043531417847,-0.007838666439056396,-0.015695401509873363,-0.05637449026107788,-0.02807796001434326,-0.02818368472682664,-0.05149748921394348,-0.04639852046966553,-0.03868830115126798,-0.037824034690856934,-0.06103450059890747,-0.04638187498377988,-0.05433139204978943,-0.1320684850215912,-0.018207117026321384,-0.04940301179885864,-0.10574471950531006,-0.03897569984721372,-0.03890120983123779,-0.0739249587059021,-0.055871206378213856,-0.03109574317932129,-0.049760639667510986,-0.06616493970679471,-0.023825347423553467,-0.14208203554153442,-0.018998512109391186,-0.018695712089538574,-0.10119575262069702,-0.03408025861310193,-0.015178203582763672,-0.06844210624694824,-0.04145860955642888,-0.012441515922546387,-0.04782235622406006,-0.045893776273004505,0.00466763973236084,-0.1332942247390747,-0.02198946387099454,0.008369982242584229,-0.08160644769668579,-0.03260882854985425,0.0038317441940307617,-0.055279552936553955,-0.031192702283732388,0.001394510269165039,-0.04654330015182495,-0.030343617355100605,0.030707836151123047,-0.11288821697235107,-0.027635951568953487,0.03015977144241333,-0.06471574306488037,-0.034428200726978275,0.02030843496322632,-0.042907118797302246,-0.03349665463494489,0.014031708240509033,-0.040281593799591064,-0.032061609482042286
0.0,0.0,0.0,-0.030378520488739014,-0.007247507572174072,-0.013839450027120392,-0.051559507846832275,-0.02685248851776123,-0.025513170580637734,-0.04682520031929016,-0.042163848876953125,-0.035756076048386376,-0.03572040796279907,-0.05315685272216797,-0.04364032886482505,-0.04953029751777649,-0.12960001826286316,-0.016396288122308533,-0.04307830333709717,-0.10367554426193237,-0.03536694339967994,-0.032939136028289795,-0.07060503959655762,-0.051268963436854165,-0.02635800838470459,-0.04532217979431152,-0.060992179732096474,-0.01984226703643799,-0.14009711146354675,-0.01761610649086265,-0.01377803087234497,-0.09928637742996216,-0.030874159480703156,-0.010200798511505127,-0.06455838680267334,-0.03782681218839912,-0.008002698421478271,-0.04147142171859741,-0.04214262432910232,0.007964491844177246,-0.13205933570861816,-0.020713890265000146,0.013053953647613525,-0.08329147100448608,-0.02992192871428756,0.009228646755218506,-0.05474287271499634,-0.028202779884708207,0.00670313835144043,-0.04248535633087158,-0.027162811081183236,0.03341144323348999,-0.11191397905349731,-0.026231305967343133,0.034935951232910156,-0.06551247835159302,-0.03142198390818862,0.02600795030593872,-0.04438298940658569,-0.029763872097504418,0.019814610481262207,-0.04137265682220459,-0.027903085868132393
0.0,0.0,0.0,-0.02947700023651123,-0.00825953483581543,-0.015649523557627276,-0.051472246646881104,-0.027884840965270996,-0.028326898784840182,-0.04870206117630005,-0.041056931018829346,-0.03905629736324556,-0.03841352462768555,-0.04897725582122803,-0.04753021520515688,-0.04920625686645508,-0.12942886352539062,-0.019372386829459742,-0.04488039016723633,-0.09708750247955322,-0.03941446912428148,-0.03470790386199951,-0.06366950273513794,-0.056182250352108554,-0.026533305644989014,-0.03914451599121094,-0.06646199149032839,-0.01903533935546875,-0.136823832988739,-0.02005111609538801,-0.01395106315612793,-0.08899432420730591,-0.03433987867971666,-0.011713624000549316,-0.055622756481170654,-0.04180281233927019,-0.008851826190948486,-0.03412359952926636,-0.046441979677879885,0.008798301219940186,-0.1263766884803772,-0.0226577277942539,0.01292276382446289,-0.07202637195587158,-0.03301341083785303,0.007437705993652344,-0.0454326868057251,-0.031684696645939425,0.005190849304199219,-0.03485018014907837,-0.03069731962820299,0.03397953510284424,-0.10490375757217407,-0.027821704716885165,0.03497910499572754,-0.056233227252960205,-0.034067101748192385,0.024721741676330566,-0.034793734550476074,-0.032432157517874316,0.01815563440322876,-0.030988454818725586,-0.030363842816555575
0.0,0.0,0.0,-0.030720889568328857,-0.010452032089233398,-0.015175469881626213,-0.05177563428878784,-0.028972983360290527,-0.027404304324420536,-0.04455709457397461,-0.04771524667739868,-0.03831174570206031,-0.03320056200027466,-0.0636788010597229,-0.0465418209421955,-0.05473849177360535,-0.12292364239692688,-0.01915002028528079,-0.053654491901397705,-0.11732754111289978,-0.0410864387739025,-0.04298609495162964,-0.09054732322692871,-0.0581975949097,-0.03468888998031616,-0.06526923179626465,-0.06762950095418319,-0.025610506534576416,-0.13671660423278809,-0.01990467096749171,-0.02147352695465088,-0.10658413171768188,-0.03736573803308829,-0.01926243305206299,-0.07722848653793335,-0.045615985720189656,-0.018580198287963867,-0.052007198333740234,-0.04912017631414756,0.001886129379272461,-0.1311827301979065,-0.022818259625466908,0.006234407424926758,-0.07687389850616455,-0.036393962531121815,0.0007911920547485352,-0.043898701667785645,-0.03496183055523261,-0.0028194785118103027,-0.023597240447998047,-0.031811866639884556,0.027409374713897705,-0.11333990097045898,-0.028316443516644085,0.02727276086807251,-0.06617748737335205,-0.03644489097479209,0.01631343364715576,-0.04054296016693115,-0.034886445580752934,0.00909513235092163,-0.027678608894348145,-0.0315637474048458
0.0,0.0,0.0,-0.031032860279083252,-0.0016861557960510254,-0.01950858849984627,-0.05672597885131836,-0.010862529277801514,-0.036520981601896096,-0.05629849433898926,-0.025849759578704834,-0.05191116537851315,-0.04202061891555786,-0.03462892770767212,-0.06575275715393047,-0.05765402317047119,-0.10921913385391235,-0.030570418945970346,-0.06102001667022705,-0.12155935168266296,-0.050840051285447885,-0.05181914567947388,-0.11352455615997314,-0.06464733686250668,-0.0410197377204895,-0.09980088472366333,-0.07250416036647778,-0.026655495166778564,-0.12955713272094727,-0.03000658508342724,-0.02059197425842285,-0.09943240880966187,-0.04622733350795727,-0.01761925220489502,-0.06973105669021606,-0.05285778772038441,-0.018177032470703125,-0.04079782962799072,-0.055491486005010415,0.0019420981407165527,-0.1267247498035431,-0.03089583422941189,0.0070073604583740234,-0.06629449129104614,-0.04942181464237194,0.0016755461692810059,-0.027112245559692383,-0.05008742343586903,-0.0031938552856445312,0.003104567527770996,-0.04674983154934864,0.02821403741836548,-0.11025339365005493,-0.03374038767022114,0.030043184757232666,-0.05867886543273926,-0.04862417783540707,0.020254909992218018,-0.021086812019348145,-0.048315347544374276,0.011807382106781006,0.0067059993743896484,-0.04410126935643177
0.0,0.0,0.0,-0.028967082500457764,0.0019088387489318848,-0.026690582844615562,-0.05957046151161194,-0.0052558183670043945,-0.04638863830566464,-0.06596124172210693,-0.021206676959991455,-0.06395538254380284,-0.052913665771484375,-0.03627800941467285,-0.07922789557576237,-0.06094527244567871,-0.08984261751174927,-0.03485486014485417,-0.06947755813598633,-0.1209183931350708,-0.06277311696410237,-0.06392055749893188,-0.12859049439430237,-0.07863542540669499,-0.05596363544464111,-0.11922961473464966,-0.08481850578188954,-0.030282258987426758,-0.11307746171951294,-0.03184651686549245,-0.036018967628479004,-0.13889896869659424,-0.05789306490421353,-0.03504180908203125,-0.138791024684906,-0.0667056973159319,-0.03568863868713379,-0.12044143676757812,-0.06630337341427861,-0.001002490520477295,-0.11750417947769165,-0.031933688658476456,-0.000845491886138916,-0.07573914527893066,-0.060011436331272705,-0.004305481910705566,-0.03414463996887207,-0.06374904616475163,-0.008356332778930664,0.0029771924018859863,-0.0573786954462534,0.026769518852233887,-0.10469293594360352,-0.03431472285389958,0.02455270290374756,-0.061674654483795166,-0.053445098090172394,0.016858220100402832,-0.02594548463821411,-0.05514006792306958,0.009443521499633789,0.0037220120429992676,-0.04990344225168286
0.0,0.0,0.0,-0.02860945463180542,0.004485905170440674,-0.023540209478380092,-0.05712854862213135,-0.004920601844787598,-0.041480393579842456,-0.06073939800262451,-0.014696836471557617,-0.058864781132580646,-0.04896062612533569,-0.027100980281829834,-0.07491136478507698,-0.057779133319854736,-0.09105861186981201,-0.02199619772160233,-0.06972959637641907,-0.11618444323539734,-0.04591582479202927,-0.06400614976882935,-0.11762869358062744,-0.06383665787303627,-0.053266167640686035,-0.10607308149337769,-0.07318116115653694,-0.030712664127349854,-0.10445553064346313,-0.02129465105259598,-0.035460591316223145,-0.13527429103851318,-0.043937617412449725,-0.036301612854003906,-0.12883269786834717,-0.05598940836513222,-0.03702574968338013,-0.11141592264175415,-0.05987611921751679,-0.0037130117416381836,-0.10628241300582886,-0.02388855392360867,-0.002750992774963379,-0.11811056733131409,-0.04696519436562241,-0.004455983638763428,-0.07772338390350342,-0.04880552130067528,-0.005659937858581543,-0.042216598987579346,-0.043375366798283466,0.02384120225906372,-0.09767287969589233,-0.028628933674337276,0.02517801523208618,-0.1156080961227417,-0.04296520861113251,0.018626093864440918,-0.08942818641662598,-0.04021734135472954,0.014117062091827393,-0.06671792268753052,-0.03400781514370621
0.0,0.0,0.0,-0.02498692274093628,3.993511199951172e-05,-0.02459387991756401,-0.048036664724349976,-0.009509861469268799,-0.04350677829414806,-0.04471418261528015,-0.011829674243927002,-0.06076958727270565,-0.02592545747756958,-0.013401150703430176,-0.07669271480471096,-0.047831833362579346,-0.10128214955329895,-0.02820599589675865,-0.06434282660484314,-0.10507827997207642,-0.050461749995054817,-0.06074756383895874,-0.09649884700775146,-0.0661335508170744,-0.05202409625053406,-0.08561033010482788,-0.07480648111731014,-0.02096933126449585,-0.11521559953689575,-0.026946071052851295,-0.034146785736083984,-0.12015846371650696,-0.04578366454869709,-0.03596067428588867,-0.10550132393836975,-0.05431216534406147,-0.03628814220428467,-0.08939570188522339,-0.05728280123502216,0.004801034927368164,-0.11365997791290283,-0.02838784221738777,-0.0038036704063415527,-0.08896505832672119,-0.049610461557211494,-0.00636899471282959,-0.049825966358184814,-0.05153464477688274,-0.006521701812744141,-0.02185600996017456,-0.04736759465366802,0.030391931533813477,-0.0991581380367279,-0.032024267578425025,0.024657368659973145,-0.08437174558639526,-0.044884010666908836,0.017298519611358643,-0.05965697765350342,-0.04265336644083462,0.014111220836639404,-0.04424518346786499,-0.0374223138037344
0.0,0.0,0.0,-0.025450527667999268,-0.0011236071586608887,-0.027756055344475783,-0.04846411943435669,-0.011213421821594238,-0.04751827520562557,-0.04590615630149841,-0.022770345211029053,-0.06379455280734447,-0.029518544673919678,-0.03444129228591919,-0.07606186670495418,-0.04879635572433472,-0.11662399768829346,-0.030603486572040595,-0.059481263160705566,-0.11482524871826172,-0.05195191827846912,-0.05462053418159485,-0.09205210208892822,-0.06328581971360592,-0.04481765627861023,-0.08189475536346436,-0.06966638517810253,-0.02318626642227173,-0.1302604079246521,-0.02712434855533985,-0.030241072177886963,-0.11652141809463501,-0.04451179457141308,-0.029644489288330078,-0.08669483661651611,-0.048166885499490775,-0.025440096855163574,-0.07861214876174927,-0.04904946265055088,0.0014393329620361328,-0.12669533491134644,-0.027091102202071227,-0.0032886266708374023,-0.08508259057998657,-0.04482285631133465,-0.006002902984619141,-0.05370908975601196,-0.043466187541021384,-0.0022209882736206055,-0.0504072904586792,-0.04007649001909641,0.02763807773590088,-0.11139243841171265,-0.029903549228443183,0.022854745388031006,-0.08061861991882324,-0.039647925172580756,0.016673505306243896,-0.05605965852737427,-0.03813267079426197,0.017722725868225098,-0.05406612157821655,-0.03541005728079227
0.0,0.0,0.0,-0.028769731521606445,-0.005265772342681885,-0.02156177625215605,-0.0536649227142334,-0.017991483211517334,-0.03886056967235163,-0.0511074960231781,-0.030363380908966064,-0.05415637321925715,-0.03278928995132446,-0.038357555866241455,-0.06602409012771204,-0.05481410026550293,-0.12295025587081909,-0.021415160001879485,-0.062035560607910156,-0.1145346462726593,-0.042327037976747306,-0.05736398696899414,-0.08365535736083984,-0.055220018105273994,-0.05181381106376648,-0.06475132703781128,-0.06230236493206576,-0.029111504554748535,-0.13293993473052979,-0.02020534217513159,-0.034571290016174316,-0.10635718703269958,-0.03609350599504069,-0.03379708528518677,-0.07034939527511597,-0.04100120715952471,-0.030856549739837646,-0.059518396854400635,-0.04288327597237185,-0.0044536590576171875,-0.1274784505367279,-0.02211256973600939,-0.010206162929534912,-0.08816325664520264,-0.036417699383264335,-0.01245725154876709,-0.05616593360900879,-0.03384481646276072,-0.0098152756690979,-0.05146151781082153,-0.03045609869218424,0.020490288734436035,-0.11253651976585388,-0.026710060389405044,0.012124896049499512,-0.08329719305038452,-0.03421182833767489,0.0072397589683532715,-0.05815762281417847,-0.031436453537708076,0.008539199829101562,-0.055810391902923584,-0.02797567747688845
0.0,0.0,0.0,-0.028592348098754883,-0.00566941499710083,-0.021264349795870885,-0.05606403946876526,-0.024127185344696045,-0.03717621950059424,-0.05496060848236084,-0.04582476615905762,-0.05145600227265845,-0.03737473487854004,-0.05995970964431763,-0.062309717513613805,-0.055208444595336914,-0.12254652380943298,-0.017912255354218587,-0.061924248933792114,-0.12653449177742004,-0.041321927435689076,-0.05745440721511841,-0.09808635711669922,-0.0568223760798503,-0.050896674394607544,-0.07260197401046753,-0.06511930910497199,-0.028484344482421875,-0.13520494103431702,-0.017244063071899518,-0.03361004590988159,-0.13004133105278015,-0.0377111115828086,-0.03376203775405884,-0.09099453687667847,-0.04481354890017997,-0.030721187591552734,-0.06711697578430176,-0.04579848585277091,-0.003648996353149414,-0.131403386592865,-0.020035743467502698,-0.009228050708770752,-0.10038578510284424,-0.0373410151675273,-0.012610912322998047,-0.06531471014022827,-0.035683689393096074,-0.010630965232849121,-0.051844120025634766,-0.031063332907848462,0.02157825231552124,-0.1160849928855896,-0.025586586199693784,0.0119590163230896,-0.08709877729415894,-0.0345193499103118,0.005837202072143555,-0.06144404411315918,-0.032521968461566075,0.006636559963226318,-0.05511975288391113,-0.028848906733088597
0.0,0.0,0.0,-0.02844482660293579,-0.006863892078399658,-0.019328792235256742,-0.05257463455200195,-0.02796769142150879,-0.03423880658149869,-0.04874998331069946,-0.04509127140045166,-0.046908444380761694,-0.030588507652282715,-0.056714415550231934,-0.05644137284755857,-0.04825037717819214,-0.12366858124732971,-0.024033601051570486,-0.05595770478248596,-0.10710063576698303,-0.044201603746415685,-0.05057555437088013,-0.07985329627990723,-0.05658594391346128,-0.04356485605239868,-0.06485158205032349,-0.06408811233043821,-0.020251154899597168,-0.13315296173095703,-0.023539607068897794,-0.024968504905700684,-0.09412485361099243,-0.03736521548628957,-0.026082515716552734,-0.059929072856903076,-0.04071447498202474,-0.023221909999847412,-0.05169922113418579,-0.04308486974835546,0.005382180213928223,-0.12434646487236023,-0.025483357375861715,0.0010614395141601562,-0.07214474678039551,-0.039103596127034734,-0.0044438838958740234,-0.044861674308776855,-0.03611210233569295,-0.003152608871459961,-0.04548490047454834,-0.03382640949487836,0.029717087745666504,-0.10471788048744202,-0.029811749821902822,0.022497117519378662,-0.06261157989501953,-0.03834265342950971,0.013553142547607422,-0.04053854942321777,-0.03596322110891492,0.012326180934906006,-0.04345357418060303,-0.033449242478610586
0.0,0.0,0.0,-0.029615461826324463,-0.005218327045440674,-0.02097127796287168,-0.05476635694503784,-0.02514207363128662,-0.036725750427194725,-0.05016312003135681,-0.043902039527893066,-0.050030084561058175,-0.030892491340637207,-0.058808326721191406,-0.060413955013700615,-0.05165445804595947,-0.12192222476005554,-0.026525786380716454,-0.060290127992630005,-0.10370400547981262,-0.047283450375743996,-0.054517507553100586,-0.0779261589050293,-0.06133905635351766,-0.04595121741294861,-0.06123298406600952,-0.07056525931830038,-0.02259165048599243,-0.13332140445709229,-0.025960887085147988,-0.026912212371826172,-0.09644249081611633,-0.04109948338145841,-0.028610646724700928,-0.06457740068435669,-0.0461758470642053,-0.025880098342895508,-0.052208900451660156,-0.04996548057670225,0.003832697868347168,-0.12530654668807983,-0.027847288410612236,0.0008898377418518066,-0.07335370779037476,-0.042476183037706505,-0.005365133285522461,-0.0462610125541687,-0.040983824293562066,-0.00508648157119751,-0.04346972703933716,-0.03995210142011274,0.028745412826538086,-0.10517317056655884,-0.03240367979879011,0.02325284481048584,-0.058872759342193604,-0.04261243553037275,0.013365447521209717,-0.03763258457183838,-0.04232242913121809,0.010401666164398193,-0.03973114490509033,-0.0415156206595384
0.0,0.0,0.0,-0.03196340799331665,-0.00984048843383789,-0.01977446761938495,-0.055486202239990234,-0.03759735822677612,-0.03451690723213119,-0.05400288105010986,-0.0577012300491333,-0.046350642042483514,-0.03601989150047302,-0.06858700513839722,-0.055594707774247354,-0.041231751441955566,-0.13022381067276,-0.028234609337772554,-0.049939483404159546,-0.0974053144454956,-0.04478762199195785,-0.047674715518951416,-0.071735680103302,-0.05440850828799171,-0.03937837481498718,-0.0647815465927124,-0.06131509964379234,-0.012328147888183594,-0.13558503985404968,-0.027131778123106187,-0.014640748500823975,-0.08500462770462036,-0.03857203845890922,-0.019346773624420166,-0.05410963296890259,-0.039665742712344354,-0.018223106861114502,-0.048942744731903076,-0.04193277557405395,0.013254404067993164,-0.12324219942092896,-0.028049702691163247,0.01057499647140503,-0.0717935562133789,-0.04069002245577735,0.0020690560340881348,-0.04601496458053589,-0.03715493430408401,0.0009123682975769043,-0.04496407508850098,-0.03570680593165321,0.03578519821166992,-0.1005888283252716,-0.031227671476329988,0.031916022300720215,-0.05950331687927246,-0.039842351274813836,0.02025163173675537,-0.038763463497161865,-0.03791898761900825,0.01647108793258667,-0.03985053300857544,-0.03655150060566825
0.0,0.0,0.0,-0.028537333011627197,-0.008323967456817627,-0.019480321590492622,-0.053292423486709595,-0.03385055065155029,-0.03357378769356956,-0.05066990852355957,-0.05568265914916992,-0.0458301194353794,-0.032513439655303955,-0.07113558053970337,-0.05526523668009986,-0.0479450523853302,-0.12668225169181824,-0.02158565450150718,-0.056295245885849,-0.11498105525970459,-0.04190079498727073,-0.05099102854728699,-0.09270277619361877,-0.05580995980341186,-0.04394891858100891,-0.07831758260726929,-0.06450361389357795,-0.019657254219055176,-0.13800910115242004,-0.021232744713017837,-0.026300549507141113,-0.11288836598396301,-0.03586839142877807,-0.027465641498565674,-0.08650857210159302,-0.04136446494300117,-0.024920344352722168,-0.07590335607528687,-0.04502348977763404,0.006065547466278076,-0.1318589448928833,-0.023443307761738197,-0.00019621849060058594,-0.08725112676620483,-0.037813995067665473,-0.0057356953620910645,-0.06129932403564453,-0.0368158147080635,-0.0051198601722717285,-0.05696749687194824,-0.03545589748460998,0.030500411987304688,-0.11435648798942566,-0.02820898037094821,0.02275872230529785,-0.07626974582672119,-0.03739229593116988,0.014836251735687256,-0.056183815002441406,-0.03663139793712844,0.013763487339019775,-0.05650293827056885,-0.035267952863762275
0.0,0.0,0.0,-0.02654099464416504,-0.00492405891418457,-0.025640545055814812,-0.053262799978256226,-0.023744404315948486,-0.04373413288647754,-0.054888397455215454,-0.04387927055358887,-0.05893414059335811,-0.0382503867149353,-0.060022830963134766,-0.0710569132273875,-0.04717782139778137,-0.12147751450538635,-0.0274618189936362,-0.05680876970291138,-0.1204146146774292,-0.047754641265221665,-0.0536920428276062,-0.10840684175491333,-0.06119282880479915,-0.047379136085510254,-0.09854269027709961,-0.06957818159515483,-0.02089017629623413,-0.13426688313484192,-0.02497933210486991,-0.02952742576599121,-0.12495896220207214,-0.041096936554261276,-0.032058894634246826,-0.10790589451789856,-0.04781014064008815,-0.03100442886352539,-0.09944808483123779,-0.05148774722272975,0.003962993621826172,-0.1283898651599884,-0.0254899203931771,-0.0023313164710998535,-0.09045186638832092,-0.04132063278610332,-0.0077114105224609375,-0.06401383876800537,-0.042130078763314316,-0.006809592247009277,-0.05571788549423218,-0.04106380009705646,0.02899712324142456,-0.10890087485313416,-0.02891143189425094,0.022270619869232178,-0.07649356126785278,-0.038979455471583435,0.013254404067993164,-0.05603140592575073,-0.039315681547471115,0.011502087116241455,-0.05286455154418945,-0.03830279374177081
0.0,0.0,0.0,-0.03616446256637573,-0.010994911193847656,-0.027226663999471157,-0.07143610715866089,-0.025298237800598145,-0.05165886493793437,-0.08317407965660095,-0.03655898571014404,-0.07362689437738368,-0.08012354373931885,-0.051549315452575684,-0.09232240530124614,-0.06040063500404358,-0.16049790382385254,-0.03765838208070704,-0.09040716290473938,-0.12411105632781982,-0.07222898664346644,-0.10348320007324219,-0.0694320797920227,-0.09543598803153941,-0.10549420118331909,-0.030101001262664795,-0.10790322335830638,-0.029269278049468994,-0.16122853755950928,-0.04037593292466113,-0.06386935710906982,-0.13150128722190857,-0.07323296728006312,-0.07778617739677429,-0.07364439964294434,-0.08495368423334071,-0.0794353187084198,-0.033803462982177734,-0.0865585392939181,-0.0012778639793395996,-0.13871464133262634,-0.04597251104584643,-0.032398879528045654,-0.07847452163696289,-0.07187737884393641,-0.033370375633239746,-0.03422236442565918,-0.06981234612337062,-0.025723278522491455,-0.02108180522918701,-0.06351289512983271,0.02198845148086548,-0.102643221616745,-0.054637651764068096,-0.004840731620788574,-0.042931318283081055,-0.06993770214191386,-0.00789189338684082,-0.017103910446166992,-0.06615685286394068,-0.0032771825790405273,-0.021831810474395752,-0.059479873500976055
0.0,0.0,0.0,-0.035344839096069336,-0.012411832809448242,-0.023767221437850594,-0.07443919777870178,-0.029489517211914062,-0.04633236462072432,-0.09750068187713623,-0.04126626253128052,-0.06634561503128111,-0.10904768109321594,-0.05338507890701294,-0.08411040687755644,-0.0578119158744812,-0.15808647871017456,-0.03966993624166548,-0.09536489844322205,-0.12236407399177551,-0.06986082130865157,-0.10993832349777222,-0.07111763954162598,-0.08862698608831465,-0.11324584484100342,-0.03366118669509888,-0.09757540160612166,-0.02752852439880371,-0.1561216115951538,-0.04225933709935248,-0.07045632600784302,-0.13590118288993835,-0.07195011311964095,-0.09228169918060303,-0.09103089570999146,-0.08256047004655898,-0.10336509346961975,-0.05602949857711792,-0.08331130230621397,-0.0022519826889038086,-0.13014879822731018,-0.04611423397258818,-0.04129225015640259,-0.06847912073135376,-0.06998165482477248,-0.042471110820770264,-0.027673780918121338,-0.06943310582832396,-0.033276140689849854,-0.013756096363067627,-0.06359635824159682,0.017728209495544434,-0.09130632877349854,-0.052191143574276566,-0.014321088790893555,-0.036633312702178955,-0.06475092256263792,-0.01915639638900757,-0.01306992769241333,-0.05941626960233748,-0.013459980487823486,-0.015008270740509033,-0.05148983159855902
0.0,0.0,0.0,-0.0361858606338501,-0.01043778657913208,-0.029530516783609073,-0.07329115271568298,-0.028667807579040527,-0.054004906634702365,-0.08965557813644409,-0.04218935966491699,-0.07537091426075904,-0.08991473913192749,-0.06003516912460327,-0.09308758280695884,-0.057563602924346924,-0.1584172248840332,-0.04211520306290595,-0.09303751587867737,-0.12629961967468262,-0.07639715723217932,-0.10766401886940002,-0.07404127717018127,-0.097385807852163,-0.10970422625541687,-0.037450194358825684,-0.1080633094114205,-0.026977479457855225,-0.15901917219161987,-0.04354146770657508,-0.06389963626861572,-0.13616511225700378,-0.07705298713864295,-0.07948166131973267,-0.08689302206039429,-0.08830455593289344,-0.08444306254386902,-0.052400052547454834,-0.08929353855074851,-0.0007148981094360352,-0.13491711020469666,-0.047720323274745624,-0.035381197929382324,-0.07079356908798218,-0.07428451530159919,-0.034439682960510254,-0.029312968254089355,-0.07315036557139365,-0.02417159080505371,-0.01844877004623413,-0.06729852310837714,0.020695805549621582,-0.09673205018043518,-0.055057886014594715,-0.007110655307769775,-0.03447997570037842,-0.07118182532013861,-0.010075569152832031,-0.009227454662322998,-0.06878130785645453,-0.0028455257415771484,-0.014788925647735596,-0.06301579527081458
0.0,0.0,0.0,-0.039378464221954346,-0.009549140930175781,-0.02767393367321347,-0.07931551337242126,-0.023976802825927734,-0.05198003912300919,-0.10193341970443726,-0.028713345527648926,-0.07355435753197526,-0.11274051666259766,-0.0364992618560791,-0.09245876038403367,-0.06555628776550293,-0.15777313709259033,-0.0418244432839856,-0.10298389196395874,-0.12948712706565857,-0.0736697744760022,-0.11792978644371033,-0.07706215977668762,-0.09347639048428391,-0.11962258815765381,-0.03998309373855591,-0.1040335502657399,-0.03626900911331177,-0.16113296151161194,-0.04372724333734368,-0.07787057757377625,-0.1418527364730835,-0.07597103530497407,-0.0936298668384552,-0.0886407196521759,-0.08608156258196686,-0.09642535448074341,-0.052609264850616455,-0.08672324383587693,-0.01115506887435913,-0.1390969455242157,-0.04796618038744782,-0.044508516788482666,-0.08130434155464172,-0.07328816318840836,-0.044557929039001465,-0.039132773876190186,-0.07216533089012955,-0.03471881151199341,-0.028578877449035645,-0.06674796158404206,0.009635746479034424,-0.10244885087013245,-0.05512124488086556,-0.01755833625793457,-0.044453561305999756,-0.07051565313668107,-0.020089805126190186,-0.019793391227722168,-0.06831898355812882,-0.013334393501281738,-0.027574658393859863,-0.06316587889523362
0.0,0.0,0.0,-0.038785338401794434,-0.007047474384307861,-0.029241384515330537,-0.07855114340782166,-0.020343780517578125,-0.05400798613743518,-0.09912651777267456,-0.025276541709899902,-0.07650332296805118,-0.1035071313381195,-0.03197884559631348,-0.09528087968544696,-0.06493157148361206,-0.15784481167793274,-0.037774180570409044,-0.09263825416564941,-0.13771679997444153,-0.0732126995416138,-0.10375025868415833,-0.08343431353569031,-0.0962982862682793,-0.10463345050811768,-0.043387651443481445,-0.1082509919496033,-0.03415381908416748,-0.1629226803779602,-0.03976491237597202,-0.06691151857376099,-0.1555650234222412,-0.07388293142037128,-0.08291235566139221,-0.10812950134277344,-0.08560181553082202,-0.08728611469268799,-0.07258093357086182,-0.0865452527494881,-0.007247865200042725,-0.14354559779167175,-0.04518421883301471,-0.036814987659454346,-0.08807915449142456,-0.06955800349430774,-0.03863567113876343,-0.0468631386756897,-0.06804890329556201,-0.030784666538238525,-0.037114739418029785,-0.062392657199666246,0.015621364116668701,-0.10842493176460266,-0.05436175088004802,-0.008481979370117188,-0.0492783784866333,-0.0677265688271973,-0.011585593223571777,-0.024924278259277344,-0.06499333823637699,-0.006415307521820068,-0.03225910663604736,-0.059636609205767854
0.0,0.0,0.0,-0.036542296409606934,-0.008172750473022461,-0.030169275138973717,-0.07360830903053284,-0.02301764488220215,-0.05452207337737036,-0.07965686917304993,-0.03236514329910278,-0.07594904910445166,-0.06568637490272522,-0.04277592897415161,-0.09343547235846472,-0.06266924738883972,-0.1485530436038971,-0.04091373692870093,-0.07717549800872803,-0.13315603137016296,-0.07509042184472037,-0.07932698726654053,-0.08759090304374695,-0.09691449116587592,-0.07586562633514404,-0.054051756858825684,-0.10837067525505972,-0.028340458869934082,-0.15738564729690552,-0.04060090940117789,-0.04414713382720947,-0.15364503860473633,-0.07130836557269049,-0.0547446608543396,-0.10825228691101074,-0.08100694279789877,-0.05815190076828003,-0.0715520977973938,-0.08215726773858023,0.0035878419876098633,-0.1449401080608368,-0.04344984750866843,-0.016406714916229248,-0.08406004309654236,-0.06683662395596457,-0.029646575450897217,-0.034586191177368164,-0.06251430373310995,-0.034107327461242676,-0.012005031108856201,-0.054998817403316025,0.03335273265838623,-0.11532837152481079,-0.05026118691682768,0.014401257038116455,-0.057714879512786865,-0.06204749878168059,0.0012409090995788574,-0.026713907718658447,-0.057451485205888275,-0.0031040310859680176,-0.02034205198287964,-0.051143842298984055
0.0,0.0,0.0,-0.03477126359939575,-0.014361262321472168,-0.023898470037664765,-0.06135672330856323,-0.03303253650665283,-0.043328336262192124,-0.05696374177932739,-0.0438351035118103,-0.060305139803375596,-0.04084193706512451,-0.05140334367752075,-0.0740557078356403,-0.06291931867599487,-0.14605632424354553,-0.03216737025329053,-0.06677818298339844,-0.13552188873291016,-0.06132921838113248,-0.05818372964859009,-0.09352415800094604,-0.0823218662376064,-0.05113530158996582,-0.0601881742477417,-0.09421940036961018,-0.02617746591567993,-0.16215935349464417,-0.032373058431829804,-0.029318392276763916,-0.14546751976013184,-0.05719996505328595,-0.03049468994140625,-0.09914693236351013,-0.06694777198978841,-0.03207021951675415,-0.06231856346130371,-0.07015471049496114,0.007268369197845459,-0.15449446439743042,-0.03520589583465039,0.0017377138137817383,-0.10122203826904297,-0.05461216607042729,-0.010850012302398682,-0.05715125799179077,-0.05264967196532666,-0.02120107412338257,-0.033039391040802,-0.04839106165715634,0.037244558334350586,-0.1301894187927246,-0.04136981331654965,0.028425157070159912,-0.07147344946861267,-0.05325239413329541,0.010506093502044678,-0.04252815246582031,-0.051820701741661424,-0.0034453868865966797,-0.032954394817352295,-0.04828816168853223
0.0,0.0,0.0,-0.06090378761291504,-0.028932929039001465,-0.0415339862294104,-0.11826926469802856,-0.06376707553863525,-0.07833343942832016,-0.1429254412651062,-0.08413815498352051,-0.111055957276335,-0.1478073000907898,-0.10395663976669312,-0.13973002334307694,-0.08442068099975586,-0.26209166646003723,-0.06612476905058884,-0.12415045499801636,-0.2260964810848236,-0.11608184327553772,-0.14205831289291382,-0.1466066539287567,-0.1488468517846968,-0.14778786897659302,-0.08327728509902954,-0.16617486079405808,-0.024659276008605957,-0.2639928460121155,-0.06824162800978684,-0.06595855951309204,-0.20949456095695496,-0.11636223842572235,-0.08732646703720093,-0.11278045177459717,-0.13180807431410813,-0.0958285927772522,-0.04266470670700073,-0.1346600969619658,0.025811612606048584,-0.23038235306739807,-0.07410095085572266,-0.004683256149291992,-0.15178042650222778,-0.11575935234498047,-0.024127423763275146,-0.07494497299194336,-0.11168621679018997,-0.03479665517807007,-0.03208720684051514,-0.10167104204367661,0.06678277254104614,-0.17685222625732422,-0.08428992529582047,0.04152315855026245,-0.09989967942237854,-0.11210236151885056,0.018354833126068115,-0.04941761493682861,-0.10782609333466553,0.004747569561004639,-0.03223764896392822,-0.09825466026734375
0.0,0.0,0.0,-0.05852043628692627,-0.025493919849395752,-0.036733349135829485,-0.11938714981079102,-0.056263625621795654,-0.07114637764425424,-0.1517522931098938,-0.06729835271835327,-0.10381852956743387,-0.17012834548950195,-0.07888823747634888,-0.1329065722438827,-0.10036981105804443,-0.24443376064300537,-0.057307732573463,-0.14012908935546875,-0.21496853232383728,-0.10882802428932337,-0.1491371989250183,-0.13998985290527344,-0.14522034051151422,-0.14676576852798462,-0.07748472690582275,-0.16547313453884271,-0.04506951570510864,-0.2560034990310669,-0.0624792476210132,-0.08514374494552612,-0.21547755599021912,-0.11199834319086222,-0.10561776161193848,-0.1320975422859192,-0.1299909365388885,-0.11205077171325684,-0.0636969804763794,-0.13448058190078882,0.006845057010650635,-0.23063084483146667,-0.07176803918810037,-0.01933467388153076,-0.1504337191581726,-0.11045149835081247,-0.031488895416259766,-0.08197253942489624,-0.10839376719923166,-0.03183639049530029,-0.044332802295684814,-0.10071522863836435,0.052411675453186035,-0.18223035335540771,-0.08598621310920862,0.03056502342224121,-0.09675765037536621,-0.10805669548244623,0.012813329696655273,-0.04703551530838013,-0.1051699456784263,0.008265256881713867,-0.032704830169677734,-0.09870997937650827
0.0,0.0,0.0,-0.04922926425933838,-0.017261087894439697,-0.0380241152436156,-0.10097372531890869,-0.029932856559753418,-0.07453411711162516,-0.13043320178985596,-0.032758355140686035,-0.10808102680152842,-0.1493963599205017,-0.033090054988861084,-0.1376497362346072,-0.09555578231811523,-0.23595017194747925,-0.060358433851661175,-0.13122737407684326,-0.17677778005599976,-0.11031894279426524,-0.13907533884048462,-0.09140932559967041,-0.14461805565065333,-0.13668972253799438,-0.030934631824493408,-0.1637732450456042,-0.042895615100860596,-0.24226638674736023,-0.06486656410402247,-0.08391058444976807,-0.1745547354221344,-0.11317963046735713,-0.09858536720275879,-0.08538833260536194,-0.13001049203580806,-0.09915220737457275,-0.02450275421142578,-0.13392522079652736,0.0047075748443603516,-0.21226051449775696,-0.07331663263744304,-0.02207726240158081,-0.12186652421951294,-0.11229485912031123,-0.026001930236816406,-0.06065469980239868,-0.11012104047244975,-0.019616365432739258,-0.034983932971954346,-0.10212782664007136,0.04511338472366333,-0.16173505783081055,-0.08610862387126872,0.02335590124130249,-0.0754232406616211,-0.10900415373748729,0.009635508060455322,-0.035181283950805664,-0.10578462375110576,0.00644916296005249,-0.03199189901351929,-0.09845863176292369
0.0,0.0,0.0,-0.047900378704071045,-0.021531760692596436,-0.04355818417127466,-0.1004258394241333,-0.04846471548080444,-0.08178601797874308,-0.13339799642562866,-0.06162899732589722,-0.11507764097507334,-0.15719544887542725,-0.07194042205810547,-0.1431287341957841,-0.07834756374359131,-0.23928946256637573,-0.07396925624664163,-0.12483525276184082,-0.19304567575454712,-0.12490103032644129,-0.13919293880462646,-0.10126954317092896,-0.15381306048686838,-0.1404551863670349,-0.03888273239135742,-0.16850398119743204,-0.027971208095550537,-0.24262294173240662,-0.07518864061887598,-0.0820501446723938,-0.17428311705589294,-0.12748424347694254,-0.09838175773620605,-0.07322311401367188,-0.14066953595931864,-0.1009027361869812,-0.0116044282913208,-0.1407044940834794,0.016683578491210938,-0.20865193009376526,-0.07990578200872278,-0.024656832218170166,-0.1231335997581482,-0.12197318311984873,-0.034513115882873535,-0.05276346206665039,-0.11491707351262903,-0.032534122467041016,-0.026354193687438965,-0.10308120038564539,0.05524057149887085,-0.15501874685287476,-0.08918441470916605,0.02233099937438965,-0.06375813484191895,-0.11732647951896524,0.007174491882324219,-0.023932576179504395,-0.11405882623250818,0.005472540855407715,-0.02699267864227295,-0.10522963490541315
0.0,0.0,0.0,-0.04971688985824585,-0.01988905668258667,-0.03570496260010714,-0.09841638803482056,-0.041145503520965576,-0.06823589249336237,-0.11852085590362549,-0.04121798276901245,-0.09818949146949763,-0.12275189161300659,-0.042663395404815674,-0.12396442486726755,-0.09239119291305542,-0.24484163522720337,-0.050913139868612234,-0.12698405981063843,-0.18638348579406738,-0.09948960288249964,-0.14051896333694458,-0.09702938795089722,-0.13299975885831827,-0.1426246166229248,-0.034620463848114014,-0.15136244489633555,-0.03901839256286621,-0.24952736496925354,-0.055814310599203054,-0.07852774858474731,-0.17265987396240234,-0.10199073298656458,-0.09657341241836548,-0.08418649435043335,-0.11801344497882837,-0.09852027893066406,-0.031427621841430664,-0.12076954885208124,0.008515715599060059,-0.21880751848220825,-0.06532944335424418,-0.02001476287841797,-0.12470561265945435,-0.09987705542528147,-0.02619260549545288,-0.079273521900177,-0.09827970309936518,-0.020674943923950195,-0.0765884518623352,-0.09205315603696818,0.048163771629333496,-0.1690637767314911,-0.07923525913440699,0.021234512329101562,-0.0714537501335144,-0.09938716484987253,0.011023461818695068,-0.03629660606384277,-0.09595689519130701,0.01155543327331543,-0.046684324741363525,-0.08903401686632151
0.0,0.0,0.0,-0.052725136280059814,-0.02720010280609131,-0.04022699191000356,-0.10504674911499023,-0.06388235092163086,-0.07432750954058065,-0.13222026824951172,-0.09037435054779053,-0.10546461089279546,-0.14267033338546753,-0.10408404469490051,-0.13138819082405462,-0.08654588460922241,-0.25074487924575806,-0.053503535378240485,-0.13439834117889404,-0.19877156615257263,-0.10714941068317785,-0.1528875231742859,-0.11382550001144409,-0.14022191210415258,-0.15424513816833496,-0.05413484573364258,-0.15644306286003484,-0.03788936138153076,-0.25369346141815186,-0.05788502438690557,-0.08903765678405762,-0.1933339536190033,-0.11160905255701437,-0.11129927635192871,-0.09923624992370605,-0.12796934290554418,-0.11625373363494873,-0.041716158390045166,-0.12768407507564916,0.007729589939117432,-0.22404345870018005,-0.06724650009300603,-0.03454089164733887,-0.11710420250892639,-0.11229823871281042,-0.041616857051849365,-0.037022173404693604,-0.10764836116459264,-0.03190404176712036,-0.010849475860595703,-0.09458819373276128,0.04937183856964111,-0.17413145303726196,-0.0811943371477355,0.01101219654083252,-0.07620757818222046,-0.10544842078115835,-0.000668942928314209,-0.020404517650604248,-0.09745207770492925,0.00539088249206543,-0.014403223991394043,-0.08461913062956228
0.0,0.0,0.0,-0.06178879737854004,-0.009242832660675049,-0.041618482315954,-0.1179545521736145,-0.02787536382675171,-0.07572906195562723,-0.11511433124542236,-0.04327750205993652,-0.10705311327618006,-0.0814175009727478,-0.05583608150482178,-0.13324054061811808,-0.11187881231307983,-0.22601565718650818,-0.04595901548307779,-0.1314910650253296,-0.20865970849990845,-0.09552678942125681,-0.12767934799194336,-0.1609906554222107,-0.13014623999040964,-0.12163758277893066,-0.12624266743659973,-0.14896753906648996,-0.05649369955062866,-0.2550729811191559,-0.04642921417396906,-0.079520583152771,-0.22215881943702698,-0.09018806844395044,-0.09174913167953491,-0.16369777917861938,-0.10876627742689493,-0.09686744213104248,-0.1244114339351654,-0.11366278409403208,-0.0020515918731689453,-0.24958428740501404,-0.052332242125686435,-0.02229487895965576,-0.14013886451721191,-0.08965502410572412,-0.025493323802947998,-0.06693196296691895,-0.08907130836885813,-0.020055651664733887,-0.03683650493621826,-0.07995276629370096,0.049274742603302,-0.21719717979431152,-0.06375688790720346,0.025131702423095703,-0.12098059058189392,-0.08374118536156061,0.015793025493621826,-0.06520283222198486,-0.07889620690983179,0.016970694065093994,-0.049555957317352295,-0.06898665904444101
0.0,0.0,0.0,-0.04457312822341919,-0.0049552321434021,-0.04190326732847893,-0.08763241767883301,-0.01447838544845581,-0.07957602915618622,-0.08681696653366089,-0.011375188827514648,-0.11393526819799149,-0.060600101947784424,-0.005736112594604492,-0.14408040670011246,-0.09795033931732178,-0.17437440156936646,-0.06211766478870118,-0.10820925235748291,-0.21754109859466553,-0.12010381994102204,-0.09505259990692139,-0.16412600874900818,-0.15649475780580246,-0.08319699764251709,-0.11055979132652283,-0.17434278753850663,-0.04495435953140259,-0.20180577039718628,-0.06396105763766968,-0.04748612642288208,-0.23338857293128967,-0.1203570204720279,-0.04492664337158203,-0.1523120403289795,-0.13692120340917313,-0.04335838556289673,-0.09282034635543823,-0.1360914620504161,0.00476527214050293,-0.1962573230266571,-0.07140984264466965,0.0073541998863220215,-0.15479275584220886,-0.11563391116712296,-0.0028427839279174805,-0.07315164804458618,-0.11093004671189988,-0.012069523334503174,-0.03501003980636597,-0.09742711362693512,0.052795469760894775,-0.16751113533973694,-0.08372548100803101,0.04888498783111572,-0.09644415974617004,-0.10953329381797516,0.030746817588806152,-0.04026848077774048,-0.10554700223062241,0.01698935031890869,-0.02411830425262451,-0.0957227784142276
0.0,0.0,0.0,-0.0571325421333313,-0.008293747901916504,-0.0473622055933447,-0.11805939674377441,-0.030566811561584473,-0.08206349706506444,-0.1299993395805359,-0.0683780312538147,-0.11393462961768819,-0.10095608234405518,-0.09518808126449585,-0.13931953257178975,-0.12097662687301636,-0.19825401902198792,-0.048582573442217836,-0.14381247758865356,-0.2549089193344116,-0.10377957022046758,-0.1370447278022766,-0.2346114218235016,-0.13655524796104146,-0.12269073724746704,-0.19506749510765076,-0.15021026974773122,-0.07195180654525757,-0.24076396226882935,-0.04525389245009137,-0.09247678518295288,-0.3005070090293884,-0.09861517792796803,-0.1000514030456543,-0.25629502534866333,-0.11501418149327947,-0.10280013084411621,-0.19379281997680664,-0.11132295524930669,-0.021763205528259277,-0.24826249480247498,-0.0490740882441969,-0.04103571176528931,-0.1763952076435089,-0.09440104013538075,-0.04568296670913696,-0.10110044479370117,-0.09510658031558705,-0.04408860206604004,-0.051274776458740234,-0.08081489151572896,0.02874433994293213,-0.2249542772769928,-0.05853930210923863,0.004271030426025391,-0.1451297402381897,-0.08081501072501851,-0.006583809852600098,-0.09412777423858643,-0.07922694182252599,-0.009627103805541992,-0.07135480642318726,-0.06932145452356053
0.0,0.0,0.0,-0.06540656089782715,-0.019332587718963623,-0.05249388423590062,-0.1296178698539734,-0.0587615966796875,-0.08888577577499746,-0.13711732625961304,-0.10368651151657104,-0.12244297471670507,-0.1056932806968689,-0.14464795589447021,-0.148927039474529,-0.11113733053207397,-0.23861515522003174,-0.05039448198704122,-0.1230284571647644,-0.2990836203098297,-0.10508959648041127,-0.13501965999603271,-0.2763066589832306,-0.1368752932253301,-0.1394733190536499,-0.22697564959526062,-0.1491564428511083,-0.06000876426696777,-0.27172744274139404,-0.045244692832511646,-0.08009588718414307,-0.3286764621734619,-0.09761154559282659,-0.10120952129364014,-0.28990262746810913,-0.11466181930927632,-0.11472010612487793,-0.2287471890449524,-0.11221317854551671,-0.008173525333404541,-0.2726624310016632,-0.04792274442343114,-0.04265636205673218,-0.20023390650749207,-0.09317776468424199,-0.049044668674468994,-0.12261092662811279,-0.09690324869779943,-0.043734729290008545,-0.06847649812698364,-0.08531706687836049,0.04327970743179321,-0.24790257215499878,-0.05667482969192861,0.009939312934875488,-0.17605596780776978,-0.07885222044615148,-0.0016557574272155762,-0.12359708547592163,-0.07845067140488027,-8.469820022583008e-05,-0.0975077748298645,-0.06993446406750081
0.0,0.0,0.0,-0.06375420093536377,-0.01349341869354248,-0.0544971679302364,-0.13228577375411987,-0.049112796783447266,-0.0923343715222984,-0.14828187227249146,-0.09307962656021118,-0.12625131429754788,-0.11773937940597534,-0.12896233797073364,-0.1530781728180557,-0.11570626497268677,-0.23018139600753784,-0.05478455172502095,-0.14098501205444336,-0.283770352602005,-0.10979518713079983,-0.15074998140335083,-0.2565668523311615,-0.14169033290468747,-0.15029221773147583,-0.20790517330169678,-0.154585395470491,-0.0674513578414917,-0.2637169361114502,-0.048405096397033276,-0.09455549716949463,-0.31946003437042236,-0.10134391905390316,-0.11343353986740112,-0.27352529764175415,-0.11700017423950726,-0.12429553270339966,-0.2073380947113037,-0.1132483524235397,-0.018726110458374023,-0.26418256759643555,-0.04965875716530377,-0.05531078577041626,-0.19312947988510132,-0.09554324717842633,-0.0596005916595459,-0.11583375930786133,-0.09766291500650937,-0.05319589376449585,-0.06206977367401123,-0.08480965019785458,0.029280900955200195,-0.23765289783477783,-0.05703025729977185,-0.005514979362487793,-0.16943368315696716,-0.08150925160967404,-0.013767123222351074,-0.1163976788520813,-0.08125634165131146,-0.009878695011138916,-0.08997797966003418,-0.07220407249056393
0.0,0.0,0.0,-0.06254446506500244,-0.00041240453720092773,-0.051132078023982785,-0.12891238927841187,-0.02164524793624878,-0.08815624073369577,-0.15211862325668335,-0.047017455101013184,-0.12202081337792947,-0.14562183618545532,-0.07615059614181519,-0.14999844387395456,-0.12497007846832275,-0.20369383692741394,-0.0509072716556318,-0.14365679025650024,-0.26042503118515015,-0.10624900713784768,-0.15944784879684448,-0.2353837788105011,-0.13988775268418863,-0.16430819034576416,-0.1916782259941101,-0.15525464967115,-0.07574671506881714,-0.24168244004249573,-0.04707436889631822,-0.09691524505615234,-0.2928670644760132,-0.09775766983850076,-0.1214565634727478,-0.2561345100402832,-0.11544754609687402,-0.13305187225341797,-0.21503779292106628,-0.11642844483478143,-0.026168465614318848,-0.2467968761920929,-0.05114672586543634,-0.05145329236984253,-0.1858360767364502,-0.09235647574288919,-0.05793929100036621,-0.12200653553009033,-0.09511043384893014,-0.051132261753082275,-0.09842482209205627,-0.08752437934501245,0.022601068019866943,-0.22444286942481995,-0.0613895829044111,-0.003957927227020264,-0.14724615216255188,-0.0826106841884382,-0.014566421508789062,-0.09791195392608643,-0.08311869457585885,-0.012105464935302734,-0.09312093257904053,-0.0781638200603254
0.0,0.0,0.0,-0.07136958837509155,-0.004935324192047119,-0.060447585106857105,-0.1468733549118042,-0.0347059965133667,-0.1037285554120615,-0.15657812356948853,-0.06588274240493774,-0.1415487754056528,-0.11854588985443115,-0.09063291549682617,-0.17215278026557712,-0.12079256772994995,-0.22670745849609375,-0.0613217021236494,-0.13302689790725708,-0.2726922333240509,-0.11695837256408481,-0.1441989541053772,-0.24024698138237,-0.14995577213264255,-0.14487260580062866,-0.18803083896636963,-0.1658221411416605,-0.06518435478210449,-0.2609019875526428,-0.05385449928141384,-0.08815467357635498,-0.31056201457977295,-0.10650282380080967,-0.10986316204071045,-0.259021520614624,-0.12227720049119739,-0.1174822449684143,-0.20462265610694885,-0.12185560938812046,-0.011365771293640137,-0.26042354106903076,-0.054828767002589984,-0.041444361209869385,-0.21028640866279602,-0.09896431890226154,-0.05401349067687988,-0.14210116863250732,-0.09964148727155475,-0.05060136318206787,-0.10922792553901672,-0.090001680226095,0.042312681674957275,-0.23321667313575745,-0.06258218762374668,0.010120034217834473,-0.1697523593902588,-0.08623097863889484,-0.006356239318847656,-0.12041914463043213,-0.08623844412065296,-0.007742941379547119,-0.11034750938415527,-0.08051619705653934
0.0,0.0,0.0,-0.07607531547546387,-0.014330267906188965,-0.05481671498040441,-0.15034878253936768,-0.0510520339012146,-0.09398286373237852,-0.15420407056808472,-0.08857017755508423,-0.12862771333078626,-0.10671693086624146,-0.1096900999546051,-0.15588487268308882,-0.121440589427948,-0.24558350443840027,-0.054549805381100214,-0.13483893871307373,-0.27401360869407654,-0.10420446426491026,-0.1356269121170044,-0.22963646054267883,-0.13464845300535444,-0.12680357694625854,-0.1773817241191864,-0.15031241954187635,-0.060406267642974854,-0.27966320514678955,-0.048627405919830835,-0.0816451907157898,-0.29990237951278687,-0.09233114451984648,-0.09912139177322388,-0.2476477026939392,-0.10597711385111097,-0.10604590177536011,-0.19895216822624207,-0.10721776963094953,-0.0037090182304382324,-0.2754458487033844,-0.050221830167572534,-0.03645622730255127,-0.20094367861747742,-0.08719168932060484,-0.05065608024597168,-0.13361138105392456,-0.0856712120852876,-0.05105775594711304,-0.09913074970245361,-0.07674443305353407,0.051069021224975586,-0.24516642093658447,-0.05873392105917219,0.019002974033355713,-0.17233937978744507,-0.07823988378862623,-0.0008720755577087402,-0.12374860048294067,-0.07618139267782453,-0.007692992687225342,-0.10869747400283813,-0.0698057222447801
0.0,0.0,0.0,-0.06928527355194092,-0.013540208339691162,-0.0547672137603854,-0.1403091549873352,-0.05382239818572998,-0.09299728646732319,-0.14790260791778564,-0.09181773662567139,-0.12651562318063725,-0.10022848844528198,-0.1120561957359314,-0.15271818265176762,-0.11474776268005371,-0.24666175246238708,-0.05330982804156292,-0.13327205181121826,-0.2599560618400574,-0.10545829310871113,-0.13405650854110718,-0.2090378999710083,-0.13872632011629094,-0.12277066707611084,-0.15936768054962158,-0.1564609669134711,-0.05493152141571045,-0.27831363677978516,-0.047719243912467846,-0.07821893692016602,-0.2800355553627014,-0.09423162415481556,-0.09788644313812256,-0.2234872281551361,-0.10929204150892247,-0.10424882173538208,-0.1794002652168274,-0.11121847107864369,-0.0005624294281005859,-0.27239546179771423,-0.049853008239040264,-0.0313839316368103,-0.18842557072639465,-0.0881953500197028,-0.047024309635162354,-0.12514668703079224,-0.08590641245103825,-0.046028852462768555,-0.10028204321861267,-0.07651659473634709,0.05139654874801636,-0.24220579862594604,-0.05903001502014149,0.019650280475616455,-0.1624256670475006,-0.0785077027962302,-0.0005294084548950195,-0.11352965235710144,-0.07515985146022786,-0.005600452423095703,-0.1021164059638977,-0.06795031204677571
0.0,0.0,0.0,-0.06541067361831665,-0.017381131649017334,-0.04772299339674646,-0.13637113571166992,-0.058859825134277344,-0.08158012663625414,-0.15283256769180298,-0.09758153557777405,-0.11240858023666078,-0.11324864625930786,-0.11961668729782104,-0.13651583527826006,-0.12061625719070435,-0.23735815286636353,-0.04295563881896669,-0.14574068784713745,-0.256928026676178,-0.09447755848668749,-0.1458606719970703,-0.2025669813156128,-0.1292356047561043,-0.1343069076538086,-0.1491352915763855,-0.1476478669574135,-0.06526798009872437,-0.26863113045692444,-0.039866620652901474,-0.09316658973693848,-0.28524109721183777,-0.08786142056487733,-0.10952556133270264,-0.22197720408439636,-0.10482448523544008,-0.113963782787323,-0.16580042243003845,-0.10674289052985841,-0.012501835823059082,-0.26624083518981934,-0.044201737247931305,-0.04284024238586426,-0.2006986439228058,-0.08351744150422746,-0.0521693229675293,-0.13085800409317017,-0.08270865862868959,-0.04944109916687012,-0.09252899885177612,-0.07313396965764696,0.03729146718978882,-0.2382715940475464,-0.05477892791532213,0.005426943302154541,-0.16725069284439087,-0.07522522097133333,-0.008573830127716064,-0.11591097712516785,-0.0734056029250496,-0.008768141269683838,-0.09594649076461792,-0.0667866859366768
0.0,0.0,0.0,-0.0629543662071228,-0.019413232803344727,-0.04746298939977578,-0.13119494915008545,-0.06106150150299072,-0.08148844243083886,-0.14608824253082275,-0.09499692916870117,-0.11263994575534753,-0.11178374290466309,-0.11291992664337158,-0.13779414148126534,-0.10959780216217041,-0.24433967471122742,-0.042316381643161094,-0.13857150077819824,-0.25487765669822693,-0.09277026803289345,-0.14337158203125,-0.20208102464675903,-0.1279835745791047,-0.13439929485321045,-0.15080446004867554,-0.14713338465486459,-0.05640757083892822,-0.2710503339767456,-0.03929217980299882,-0.08830034732818604,-0.27638640999794006,-0.08441765309368066,-0.10481292009353638,-0.2156408131122589,-0.10186572820936135,-0.10654997825622559,-0.16378307342529297,-0.10583308787141732,-0.006727457046508789,-0.2648884952068329,-0.0434595652023404,-0.03894239664077759,-0.19740277528762817,-0.07969397009406975,-0.048978567123413086,-0.13208156824111938,-0.07995855511222771,-0.04520004987716675,-0.09800803661346436,-0.07289536745344094,0.04039114713668823,-0.23536673188209534,-0.053982519368275916,0.008032381534576416,-0.16733121871948242,-0.07291431427989892,-0.005836606025695801,-0.12034198641777039,-0.0718111291626542,-0.005043089389801025,-0.10544168949127197,-0.06664547027145318
0.0,0.0,0.0,-0.06280726194381714,-0.01721292734146118,-0.05078722544254788,-0.13247746229171753,-0.05910450220108032,-0.08634858213605412,-0.15300428867340088,-0.10068559646606445,-0.11798046909513005,-0.11485189199447632,-0.12837153673171997,-0.14196949832381733,-0.11706286668777466,-0.24069610238075256,-0.04686803378405102,-0.14110785722732544,-0.2544160783290863,-0.09965577356757649,-0.14246952533721924,-0.1976551115512848,-0.1331001036638213,-0.13199228048324585,-0.14582324028015137,-0.15105573468150624,-0.06242257356643677,-0.27085840702056885,-0.04297165207805165,-0.08966261148452759,-0.27859318256378174,-0.09287626676501759,-0.10551220178604126,-0.20996728539466858,-0.10846583925427922,-0.10747498273849487,-0.15867626667022705,-0.10980168365182408,-0.010162889957427979,-0.26647043228149414,-0.046869698988814434,-0.03844296932220459,-0.19802361726760864,-0.08743142716826924,-0.04845237731933594,-0.12906551361083984,-0.08428110562505253,-0.044459402561187744,-0.10163691639900208,-0.07398911945762165,0.039959490299224854,-0.2377663552761078,-0.05732619397582539,0.009812593460083008,-0.16427874565124512,-0.07826530568542012,-0.0033769607543945312,-0.1153852641582489,-0.07621861629428395,-0.0022856593132019043,-0.1079828143119812,-0.07019718371572026
0.0,0.0,0.0,-0.059900760650634766,-0.019402921199798584,-0.04805150405996983,-0.12260258197784424,-0.059530556201934814,-0.08198865653508847,-0.1425544023513794,-0.09432297945022583,-0.11287494899266903,-0.11810410022735596,-0.12414926290512085,-0.13716342450612728,-0.11002576351165771,-0.24709245562553406,-0.04004734904998486,-0.14923769235610962,-0.254533588886261,-0.09171741606229489,-0.15227192640304565,-0.19497478008270264,-0.12662065924638455,-0.1397716999053955,-0.14501738548278809,-0.14533250929349606,-0.06186896562576294,-0.2721165716648102,-0.03767717035049145,-0.099204421043396,-0.27459776401519775,-0.08926059456103985,-0.11274194717407227,-0.20317170023918152,-0.10764654876226132,-0.11087667942047119,-0.15098699927330017,-0.10917016269200985,-0.015803515911102295,-0.26490870118141174,-0.04284338058465664,-0.05175328254699707,-0.19580402970314026,-0.08386240304940884,-0.056545913219451904,-0.12823787331581116,-0.08285263331168835,-0.047669947147369385,-0.1025574803352356,-0.07291133107179348,0.02835094928741455,-0.23454603552818298,-0.054276255532442974,-0.006770670413970947,-0.1604660153388977,-0.07602793128722851,-0.0131797194480896,-0.11389333009719849,-0.07484898866647427,-0.005824744701385498,-0.1099289059638977,-0.06842063517802899
0.0,0.0,0.0,-0.06141394376754761,-0.019787251949310303,-0.04426683865185055,-0.12363165616989136,-0.06062060594558716,-0.07498901344533238,-0.14106488227844238,-0.09835708141326904,-0.10287626839871677,-0.1137591004371643,-0.13259240984916687,-0.12410106517071995,-0.11530417203903198,-0.2395315170288086,-0.03591318808193478,-0.15165269374847412,-0.24734440445899963,-0.08604374535079273,-0.15161246061325073,-0.19127708673477173,-0.11756735302205357,-0.13914954662322998,-0.14592447876930237,-0.13356901712413105,-0.06572669744491577,-0.2682529389858246,-0.03488306335802349,-0.10122573375701904,-0.27395808696746826,-0.08545468009705814,-0.11388814449310303,-0.20373618602752686,-0.10135461397166523,-0.11227190494537354,-0.15810412168502808,-0.10059814907307896,-0.017406582832336426,-0.26429274678230286,-0.04127046100492748,-0.04952055215835571,-0.19315633177757263,-0.08295871324534687,-0.05218750238418579,-0.12359806895256042,-0.0802723542570618,-0.03954344987869263,-0.10489964485168457,-0.06865870214696201,0.02968132495880127,-0.23575568199157715,-0.05328623212571415,-0.003932476043701172,-0.16199609637260437,-0.07361181087489399,-0.01112508773803711,-0.11107182502746582,-0.06955474622245106,-0.003139972686767578,-0.1099444031715393,-0.06120810664887699
0.0,0.0,0.0,-0.06057530641555786,-0.01917785406112671,-0.04106351953052467,-0.12099403142929077,-0.05677688121795654,-0.0709735773136515,-0.13618576526641846,-0.09188199043273926,-0.09869690459274238,-0.11578750610351562,-0.1270647644996643,-0.1205808691313166,-0.1130792498588562,-0.23690593242645264,-0.03566918369435257,-0.14722543954849243,-0.2481364607810974,-0.0861180670192141,-0.14814287424087524,-0.19593608379364014,-0.11857805620931572,-0.13892191648483276,-0.1486089825630188,-0.1344688109686274,-0.06253761053085327,-0.26564550399780273,-0.03595458935998863,-0.094235360622406,-0.2759701609611511,-0.08565684627794212,-0.10972845554351807,-0.2093769907951355,-0.1023471079399485,-0.11287641525268555,-0.15933752059936523,-0.10219898294710106,-0.0140572190284729,-0.2612389624118805,-0.04317638125323242,-0.04414743185043335,-0.19260001182556152,-0.08456304889224953,-0.05003935098648071,-0.12094885110855103,-0.08298471044801659,-0.04163581132888794,-0.09470891952514648,-0.07164395075344032,0.03245055675506592,-0.2313685119152069,-0.05557870339654869,0.0010715126991271973,-0.16228413581848145,-0.0759753234317202,-0.009162664413452148,-0.11252418160438538,-0.07204884510539955,-0.004903733730316162,-0.1075032651424408,-0.06336032073997444
0.0,0.0,0.0,-0.06166321039199829,-0.019276201725006104,-0.04509128258558803,-0.12402993440628052,-0.05956369638442993,-0.07707241178485447,-0.14007890224456787,-0.09512549638748169,-0.1062401160690456,-0.1127663254737854,-0.1256265640258789,-0.12910305709573322,-0.11099797487258911,-0.24328571557998657,-0.03841683269473606,-0.1465435028076172,-0.24909287691116333,-0.08863517642947727,-0.14961934089660645,-0.19274049997329712,-0.12135224790307575,-0.1387616991996765,-0.14439496397972107,-0.13851431758138233,-0.061425209045410156,-0.2715469002723694,-0.03734730557533794,-0.09584063291549683,-0.2738485336303711,-0.0867912173363834,-0.11213433742523193,-0.20521098375320435,-0.10293277353974872,-0.11301064491271973,-0.15415573120117188,-0.10321182013484531,-0.013788282871246338,-0.26525089144706726,-0.04363320396277004,-0.04760622978210449,-0.19152268767356873,-0.08412879706355625,-0.05242425203323364,-0.12567675113677979,-0.0823615565988689,-0.04142606258392334,-0.10259270668029785,-0.07223909349175983,0.03271001577377319,-0.23474380373954773,-0.05572627858254009,-0.0014459490776062012,-0.15861284732818604,-0.07570575178596073,-0.011582612991333008,-0.10991883277893066,-0.07250481099816852,-0.005997836589813232,-0.10612481832504272,-0.06521878392430835
0.0,0.0,0.0,-0.05960977077484131,-0.019433021545410156,-0.043411320054133284,-0.12074613571166992,-0.06397014856338501,-0.0745157282586888,-0.13460791110992432,-0.10047829151153564,-0.10325328072269713,-0.1056775450706482,-0.12615364789962769,-0.125946087741454,-0.10577976703643799,-0.24919956922531128,-0.03658464362581526,-0.13860827684402466,-0.24875199794769287,-0.08531380256374632,-0.13994717597961426,-0.1919238567352295,-0.11797088196237837,-0.12788307666778564,-0.14345073699951172,-0.13555325379331862,-0.05688667297363281,-0.27215689420700073,-0.03575415720899855,-0.09013491868972778,-0.26335352659225464,-0.08174283614118849,-0.10241496562957764,-0.19798314571380615,-0.09806152989824568,-0.09862887859344482,-0.1512843370437622,-0.10054369082411085,-0.009538650512695312,-0.2623654901981354,-0.04212016423900877,-0.0396876335144043,-0.1900935173034668,-0.08006489088495528,-0.045262813568115234,-0.1303747296333313,-0.07983793129881178,-0.03485149145126343,-0.11174112558364868,-0.07223558982570921,0.037831127643585205,-0.23123785853385925,-0.05421878954132353,0.008312225341796875,-0.16219159960746765,-0.07236307671030318,-0.0034166574478149414,-0.1183239221572876,-0.06998540272672926,0.0007706284523010254,-0.11713862419128418,-0.06435027530153548
0.0,0.0,0.0,-0.06064319610595703,-0.01254361867904663,-0.050641959863042985,-0.12815171480178833,-0.045739054679870605,-0.08612500722918526,-0.14738041162490845,-0.08547887206077576,-0.11808960731539742,-0.11874920129776001,-0.11599990725517273,-0.1434269755652906,-0.1169348955154419,-0.2305295765399933,-0.04632737334284798,-0.1417449712753296,-0.2538594603538513,-0.09794962997946755,-0.14202040433883667,-0.21486857533454895,-0.1304625778964521,-0.13202375173568726,-0.1684853732585907,-0.14652011390242592,-0.0651545524597168,-0.2631891369819641,-0.04193541999373451,-0.091891348361969,-0.28362980484962463,-0.0917604848316671,-0.10666704177856445,-0.22916710376739502,-0.10867760177168861,-0.10935163497924805,-0.17324665188789368,-0.10926695759806648,-0.014379322528839111,-0.2602953016757965,-0.04514495502624527,-0.04047691822052002,-0.1915745735168457,-0.08739535357270256,-0.047617316246032715,-0.13087370991706848,-0.08908007140669838,-0.04209262132644653,-0.09904909133911133,-0.08011869932923332,0.03664129972457886,-0.2311335802078247,-0.05444095130476967,0.010174751281738281,-0.1607949137687683,-0.07705142940793053,-0.005262315273284912,-0.11670953035354614,-0.07744370992693916,-0.00772625207901001,-0.10720044374465942,-0.07176538403544441
0.0,0.0,0.0,-0.08116728067398071,-0.009676218032836914,-0.06337051035029617,-0.15295034646987915,-0.018804192543029785,-0.11806178034407822,-0.1881643533706665,-0.019131958484649658,-0.16877222002608505,-0.1708599328994751,-0.025958597660064697,-0.2129235559807512,-0.173198401927948,-0.3075614869594574,-0.08360443205697266,-0.19335335493087769,-0.2975185513496399,-0.159971162091324,-0.18677067756652832,-0.19145601987838745,-0.21054619492156235,-0.17448419332504272,-0.11736369132995605,-0.2391667211161348,-0.0882752537727356,-0.34453460574150085,-0.09047266782386032,-0.11172276735305786,-0.29336196184158325,-0.1681065106497499,-0.126897394657135,-0.15963345766067505,-0.1960685992346498,-0.12955576181411743,-0.0787084698677063,-0.20203718484503952,-0.005710899829864502,-0.32259300351142883,-0.10615640820128647,-0.023394644260406494,-0.20330709218978882,-0.16917422355277267,-0.04644918441772461,-0.09398144483566284,-0.1710655385361406,-0.05790889263153076,-0.04669278860092163,-0.16076724172694412,0.06798064708709717,-0.2691512405872345,-0.12893071712119308,0.05213505029678345,-0.1538604497909546,-0.1668126726256105,0.024150192737579346,-0.08080917596817017,-0.16604356409175125,0.002395927906036377,-0.05598241090774536,-0.1575919979916307
0.0,0.0,0.0,-0.09975329041481018,0.0001335740089416504,-0.04267438508645682,-0.1844169795513153,0.00042700767517089844,-0.08810249351040511,-0.23368901014328003,0.0039321184158325195,-0.1337793581940332,-0.27573513984680176,0.0055963993072509766,-0.17781170837656646,-0.21637886762619019,-0.26421672105789185,-0.07009765140787749,-0.2814096212387085,-0.2278428077697754,-0.13634480170981078,-0.31147100031375885,-0.14531713724136353,-0.18219053380266814,-0.32859356701374054,-0.0708346962928772,-0.20565297834650664,-0.15861517190933228,-0.305599570274353,-0.08250140033737807,-0.24258416891098022,-0.2672443985939026,-0.14058869712130218,-0.28399658203125,-0.17286324501037598,-0.16512079171911864,-0.3062191754579544,-0.09172695875167847,-0.17013030879274993,-0.0899864137172699,-0.2988874912261963,-0.09867509089485793,-0.15248632431030273,-0.15689367055892944,-0.14512692026869445,-0.14810395240783691,-0.04119861125946045,-0.13918223612085967,-0.13427501916885376,0.012907207012176514,-0.12382583700195937,-0.020689845085144043,-0.254464328289032,-0.12061335526482253,-0.06973105669021606,-0.12092870473861694,-0.14353932075277953,-0.0632157027721405,-0.044891536235809326,-0.1268692576147714,-0.046781718730926514,-0.02394735813140869,-0.10584477715269713
0.0,0.0,0.0,-0.09854021668434143,-0.0020068883895874023,-0.05330259325398856,-0.20028671622276306,-0.0345836877822876,-0.09542767676009589,-0.2513148784637451,-0.06081223487854004,-0.1373694685329383,-0.2771909832954407,-0.09553110599517822,-0.17354921969069892,-0.21178773045539856,-0.2909916043281555,-0.0538610179950183,-0.27291664481163025,-0.3199021816253662,-0.127710669957537,-0.30841678380966187,-0.25398731231689453,-0.1743577566970771,-0.32500259578227997,-0.18823373317718506,-0.19641545387401038,-0.1535244584083557,-0.34086671471595764,-0.060625835977930365,-0.23544061183929443,-0.37581130862236023,-0.13623803826465064,-0.28014397621154785,-0.28227126598358154,-0.16277748318805152,-0.298210084438324,-0.19466948509216309,-0.16119602295054847,-0.08578026294708252,-0.34942957758903503,-0.07581014903678351,-0.15076130628585815,-0.24697774648666382,-0.1420836892951911,-0.14579054713249207,-0.11509400606155396,-0.13849830599917823,-0.12764301896095276,-0.0452120304107666,-0.11655047508372718,-0.016080915927886963,-0.31847646832466125,-0.09780382337464744,-0.07007920742034912,-0.20231688022613525,-0.13731566043986732,-0.06573984026908875,-0.11775839328765869,-0.13068082901133948,-0.048717379570007324,-0.09366399049758911,-0.11234666379584723
0.0,0.0,0.0,-0.06733918190002441,0.017078876495361328,-0.09121296862525696,-0.15164822340011597,0.010917901992797852,-0.1578562364952063,-0.16442382335662842,-0.014486610889434814,-0.21334075490398163,-0.10071462392807007,-0.04957163333892822,-0.25560146132869477,-0.1914914846420288,-0.24258610606193542,-0.11957501927776093,-0.20566928386688232,-0.2842549979686737,-0.2156674073116278,-0.16285204887390137,-0.2057570517063141,-0.26777776638431305,-0.12850916385650635,-0.14867949485778809,-0.2946481064931845,-0.11767858266830444,-0.31162306666374207,-0.11001262376470322,-0.10456621646881104,-0.3106534481048584,-0.2088852481023764,-0.08021366596221924,-0.18836987018585205,-0.2319023267404532,-0.06988745927810669,-0.13592088222503662,-0.22936309436721558,-0.0430523157119751,-0.32639479637145996,-0.11220686445398087,-0.010055780410766602,-0.21645647287368774,-0.19357166747016663,-0.01999145746231079,-0.10356307029724121,-0.18546840111179108,-0.037640392780303955,-0.08803212642669678,-0.1642596230880713,0.03192579746246338,-0.3085525631904602,-0.12449235031766648,0.05724966526031494,-0.18519163131713867,-0.1753919974939322,0.03557926416397095,-0.10352641344070435,-0.1765814379827475,0.006383001804351807,-0.1046525239944458,-0.1669199720994925
0.0,0.0,0.0,-0.07116550207138062,0.014177441596984863,-0.0811656881950853,-0.15538948774337769,0.009942591190338135,-0.14293610499129272,-0.16620087623596191,-0.015202760696411133,-0.19552142367587066,-0.10792148113250732,-0.03871321678161621,-0.2358566318534372,-0.19370388984680176,-0.2312057614326477,-0.10777883426175094,-0.22003662586212158,-0.29903778433799744,-0.19832333371863342,-0.18540751934051514,-0.21817612648010254,-0.24848161087260223,-0.155556321144104,-0.1474916934967041,-0.27291841254458404,-0.1203264594078064,-0.30325213074684143,-0.10090211973414398,-0.1183670163154602,-0.32381126284599304,-0.18894686744437195,-0.10064160823822021,-0.20098799467086792,-0.2088851575635431,-0.09210115671157837,-0.1349835991859436,-0.20478744254336334,-0.04655730724334717,-0.31641432642936707,-0.10505000696406341,-0.021618127822875977,-0.20347940921783447,-0.17747370348200775,-0.03551393747329712,-0.09046369791030884,-0.17160273537859894,-0.05098927021026611,-0.06567424535751343,-0.15251369223818756,0.030329465866088867,-0.295648992061615,-0.11841086492762543,0.04838794469833374,-0.17122328281402588,-0.16223400280699707,0.02568906545639038,-0.09266173839569092,-0.1632799898169992,-0.0010322332382202148,-0.08924484252929688,-0.15431036994681335
0.0,0.0,0.0,-0.0710793137550354,0.004842579364776611,-0.07299127139083339,-0.1559281349182129,-0.0032280683517456055,-0.13148823834887935,-0.1784520149230957,-0.022063374519348145,-0.183600013031878,-0.13041692972183228,-0.04671746492385864,-0.22461134649745418,-0.1932869553565979,-0.2552708387374878,-0.09676602937213374,-0.22307264804840088,-0.3179805874824524,-0.1845792577408929,-0.19340801239013672,-0.219293475151062,-0.23517510749331905,-0.16909658908843994,-0.14051717519760132,-0.26065536297790004,-0.11565923690795898,-0.3240322172641754,-0.09457082755795909,-0.11851173639297485,-0.31219393014907837,-0.18047471798888637,-0.1040450930595398,-0.17230665683746338,-0.20225561119548274,-0.10304903984069824,-0.10594874620437622,-0.20054944313994838,-0.03620326519012451,-0.3307720124721527,-0.10270702548257304,-0.024577736854553223,-0.20661669969558716,-0.17113785900107814,-0.03210693597793579,-0.08403080701828003,-0.16213100112906886,-0.04676932096481323,-0.0554194450378418,-0.14237934805385066,0.041876375675201416,-0.305875688791275,-0.11945979751578761,0.047668635845184326,-0.175098717212677,-0.15965226747027828,0.03153592348098755,-0.09335219860076904,-0.15489106334678127,0.00980287790298462,-0.0867418646812439,-0.14188020385734035
0.0,0.0,0.0,-0.08732211589813232,0.0014480352401733398,-0.07460076770388469,-0.17628693580627441,-0.03028315305709839,-0.13046250900828227,-0.18308913707733154,-0.05231720209121704,-0.17961574754320964,-0.1363736391067505,-0.07874840497970581,-0.2203514691313444,-0.16281825304031372,-0.3066021800041199,-0.09494103899800166,-0.19693827629089355,-0.32471275329589844,-0.1747904535254179,-0.19405746459960938,-0.24871456623077393,-0.22287749907576426,-0.18081670999526978,-0.16981154680252075,-0.24637829920851573,-0.0822678804397583,-0.36292633414268494,-0.09023752472006663,-0.11326509714126587,-0.3531724214553833,-0.16397140583598002,-0.11744344234466553,-0.24849200248718262,-0.1877478327473341,-0.10934871435165405,-0.158993661403656,-0.19066719374262675,-0.0033905506134033203,-0.3617032766342163,-0.09472988209330424,-0.0142250657081604,-0.23451614379882812,-0.16300320288740977,-0.02019500732421875,-0.12270301580429077,-0.1649935658892332,-0.017091453075408936,-0.06451010704040527,-0.15104406735503062,0.07450079917907715,-0.32291075587272644,-0.10726372561060771,0.06480854749679565,-0.19819867610931396,-0.14972979983889445,0.04615449905395508,-0.11395484209060669,-0.1499656107147871,0.037625253200531006,-0.0847477912902832,-0.13958973846041545
0.0,0.0,0.0,-0.09312403202056885,-0.0006684660911560059,-0.07519217499941533,-0.1900695562362671,-0.03303217887878418,-0.1307892418786878,-0.20989322662353516,-0.05442410707473755,-0.18012047478407567,-0.1734490990638733,-0.08365845680236816,-0.2205576367065305,-0.16756212711334229,-0.30427777767181396,-0.09465072223395055,-0.20205318927764893,-0.33674585819244385,-0.17747180828303044,-0.2019132375717163,-0.2567117512226105,-0.22673907050341313,-0.19013607501983643,-0.17114728689193726,-0.2504843092843885,-0.0867840051651001,-0.36586496233940125,-0.09047220566719716,-0.11646950244903564,-0.36380845308303833,-0.17058447667807286,-0.12347185611724854,-0.2550671696662903,-0.19685461291521733,-0.11699247360229492,-0.15888363122940063,-0.19919738837927525,-0.008354783058166504,-0.36684828996658325,-0.0959207034990186,-0.020769119262695312,-0.24315902590751648,-0.167656413404643,-0.025563597679138184,-0.12775379419326782,-0.1705441541358823,-0.01992166042327881,-0.0641089677810669,-0.1559247888013715,0.06748318672180176,-0.3277570307254791,-0.10968603113144582,0.05473357439041138,-0.19332361221313477,-0.1566770888254041,0.04079407453536987,-0.1104465126991272,-0.1613242394611234,0.03977608680725098,-0.08368587493896484,-0.15278936096876805
0.0,0.0,0.0,-0.0895528793334961,0.0014664530754089355,-0.07179320875542317,-0.18477827310562134,-0.029840052127838135,-0.1260124323143259,-0.20847666263580322,-0.04495292901992798,-0.1752516207470194,-0.17657744884490967,-0.06618660688400269,-0.21620248530047093,-0.16672652959823608,-0.2980149984359741,-0.08887774769203816,-0.20220500230789185,-0.3289012014865875,-0.17286716673510227,-0.20086592435836792,-0.24296361207962036,-0.22467269275324497,-0.1864238977432251,-0.15502506494522095,-0.25047974560396824,-0.08723437786102295,-0.360819011926651,-0.08694055203335438,-0.1126897931098938,-0.35571783781051636,-0.16933396730559025,-0.1187332272529602,-0.24306991696357727,-0.1973380622638956,-0.11025810241699219,-0.14682716131210327,-0.20062773201601658,-0.009519100189208984,-0.36381980776786804,-0.09487066689865742,-0.01717221736907959,-0.23632919788360596,-0.16639198634760533,-0.02358025312423706,-0.12168943881988525,-0.17061814937727604,-0.019424021244049072,-0.060867488384246826,-0.15766021881239567,0.06627011299133301,-0.32666122913360596,-0.11121587727205906,0.059063613414764404,-0.18592578172683716,-0.15753633055823002,0.045668840408325195,-0.10175514221191406,-0.16358265552656803,0.04521077871322632,-0.07661813497543335,-0.15707274053232823
0.0,0.0,0.0,-0.08561009168624878,0.0010683536529541016,-0.06696672230896183,-0.18239176273345947,-0.0360756516456604,-0.1177846142643375,-0.21514981985092163,-0.055087268352508545,-0.1643958786123676,-0.19322848320007324,-0.0789836049079895,-0.20372518390354344,-0.16196125745773315,-0.3009752035140991,-0.08730226248439976,-0.19425618648529053,-0.3240636885166168,-0.1663262346380634,-0.18989884853363037,-0.24214670062065125,-0.21451697736915776,-0.17517626285552979,-0.1629854440689087,-0.23856144636806675,-0.08177387714385986,-0.3599160611629486,-0.08648964255985447,-0.11150956153869629,-0.34905269742012024,-0.1611132720106525,-0.1145937442779541,-0.23771429061889648,-0.18598345905479619,-0.10474634170532227,-0.1461864709854126,-0.18974591284927556,-0.002982497215270996,-0.3625476658344269,-0.09430348366436192,-0.013389229774475098,-0.24340802431106567,-0.16098814696010777,-0.01816248893737793,-0.12659800052642822,-0.16232032567199894,-0.013859093189239502,-0.06209516525268555,-0.14903468877014348,0.07409358024597168,-0.326455682516098,-0.11006967961725422,0.06524205207824707,-0.19520604610443115,-0.15286398917373845,0.04968053102493286,-0.10656946897506714,-0.1550296494358463,0.04618269205093384,-0.07325255870819092,-0.14642081648048588
0.0,0.0,0.0,-0.08819568157196045,0.007417798042297363,-0.06732908637832224,-0.18817251920700073,-0.02156972885131836,-0.1200112551600796,-0.23377671837806702,-0.02820587158203125,-0.16815040262054026,-0.22678768634796143,-0.03619420528411865,-0.20984178037952006,-0.16828209161758423,-0.3076905906200409,-0.0863595754058224,-0.2071489691734314,-0.3032991290092468,-0.1603918150217396,-0.2012297511100769,-0.20295214653015137,-0.20963279159377635,-0.18485420942306519,-0.11277371644973755,-0.2365176603348118,-0.08763861656188965,-0.36232927441596985,-0.08510237933705866,-0.1218908429145813,-0.3068426847457886,-0.15522163362811625,-0.1259194016456604,-0.17681735754013062,-0.17948643119643748,-0.11645913124084473,-0.08149218559265137,-0.18535404653857768,-0.011766612529754639,-0.3569660782814026,-0.09218898417066157,-0.026328682899475098,-0.2468184232711792,-0.15060672910522044,-0.03166460990905762,-0.13588768243789673,-0.14999703319381297,-0.026239633560180664,-0.07534462213516235,-0.13994222135852397,0.060915589332580566,-0.3148473799228668,-0.10777035357068598,0.05035853385925293,-0.1890745759010315,-0.1458286270649296,0.034353673458099365,-0.10596174001693726,-0.1479670182020527,0.030352413654327393,-0.07905226945877075,-0.14206857235740245
0.0,0.0,0.0,-0.08783113956451416,-0.003099203109741211,-0.06327219726841804,-0.1801578402519226,-0.0389707088470459,-0.11096672388117668,-0.2122253179550171,-0.057413458824157715,-0.15359960915844795,-0.18677419424057007,-0.0823439359664917,-0.18693311931889411,-0.17975610494613647,-0.3293333053588867,-0.07401025714676734,-0.21342891454696655,-0.31918221712112427,-0.1439092052201545,-0.20750820636749268,-0.21255242824554443,-0.18772937776844856,-0.19075793027877808,-0.1300792694091797,-0.21182761015694496,-0.10109931230545044,-0.38047298789024353,-0.07290244521897193,-0.12660235166549683,-0.3221781253814697,-0.14050473692219612,-0.1283913254737854,-0.1890903115272522,-0.15946701588433143,-0.11693388223648071,-0.1048973798751831,-0.16179253580372688,-0.02645277976989746,-0.3736194968223572,-0.08076522173683998,-0.03384774923324585,-0.2568342387676239,-0.13332388224404212,-0.043121278285980225,-0.151933491230011,-0.12598379375737068,-0.04244965314865112,-0.11015510559082031,-0.11345512839358207,0.04502213001251221,-0.3322867155075073,-0.09736763360302803,0.03707677125930786,-0.19842499494552612,-0.1291176271657264,0.01774221658706665,-0.12304818630218506,-0.12861320795815345,0.009980440139770508,-0.1137433648109436,-0.1225369540075576
0.0,0.0,0.0,-0.0914987325668335,-0.002965688705444336,-0.08014318498140938,-0.19208049774169922,-0.030253946781158447,-0.13885551097160942,-0.2477797269821167,-0.06405025720596313,-0.19027128221756584,-0.26947030425071716,-0.1205940842628479,-0.23327892424828178,-0.1670767068862915,-0.3388175070285797,-0.09489835949904091,-0.1972983479499817,-0.3392742872238159,-0.17676147224671013,-0.18568897247314453,-0.2504120171070099,-0.23175198735958702,-0.16187483072280884,-0.17066186666488647,-0.26021660270458824,-0.08641016483306885,-0.384671688079834,-0.08698485197788841,-0.1118624210357666,-0.34692060947418213,-0.16386792959934837,-0.10987138748168945,-0.2347116470336914,-0.1945138365245498,-0.09415358304977417,-0.14205306768417358,-0.2028944879985488,-0.011675357818603516,-0.3761241137981415,-0.0887721047020591,-0.02175581455230713,-0.26768743991851807,-0.15524435939556724,-0.026464998722076416,-0.1612929105758667,-0.16001590492493278,-0.022229015827178955,-0.09276872873306274,-0.14887301029926903,0.0605965256690979,-0.33653074502944946,-0.0995263993955291,0.05237215757369995,-0.23441773653030396,-0.14107185008293754,0.04140883684158325,-0.1579797863960266,-0.14509502949482567,0.03949546813964844,-0.12091094255447388,-0.13736056687599785
0.0,0.0,0.0,-0.08265596628189087,0.005524158477783203,-0.0798370555787642,-0.18054383993148804,-0.011531591415405273,-0.14152244634919953,-0.23345577716827393,-0.025442838668823242,-0.1962969840317328,-0.241885244846344,-0.047887563705444336,-0.24292599566274475,-0.16555726528167725,-0.31948307156562805,-0.1019792497902472,-0.19294679164886475,-0.31126895546913147,-0.18439962871366333,-0.17712771892547607,-0.21737033128738403,-0.23822488792234253,-0.15195703506469727,-0.14309608936309814,-0.26750526733690094,-0.08549118041992188,-0.36732226610183716,-0.09572643943124604,-0.10429936647415161,-0.30548855662345886,-0.1704960257559378,-0.10044610500335693,-0.19372349977493286,-0.19815912254148316,-0.0854293704032898,-0.12124025821685791,-0.20786752708249878,-0.010951757431030273,-0.3603833317756653,-0.09898522652679276,-0.01767200231552124,-0.2445594072341919,-0.16129615314298462,-0.02189689874649048,-0.14690452814102173,-0.16361498244100403,-0.016616880893707275,-0.10140526294708252,-0.1556499541550238,0.061695873737335205,-0.32155901193618774,-0.11178809560828995,0.0550801157951355,-0.2010783553123474,-0.1522489280253012,0.04476040601730347,-0.12308049201965332,-0.15689841814332794,0.04454523324966431,-0.09936952590942383,-0.1524780780821402
0.0,0.0,0.0,-0.07534730434417725,0.004028975963592529,-0.0751719282162071,-0.16367679834365845,-0.006698191165924072,-0.13526843052028426,-0.1986350417137146,-0.023410022258758545,-0.18923787336467512,-0.18841177225112915,-0.04670673608779907,-0.2347674624216438,-0.16948920488357544,-0.30457305908203125,-0.09836233716129072,-0.1957135796546936,-0.3053884208202362,-0.17815462808727034,-0.1802535057067871,-0.21094530820846558,-0.22862661938785322,-0.1578582525253296,-0.13314592838287354,-0.2552404062044502,-0.08976155519485474,-0.3542274236679077,-0.09331625263808974,-0.10521024465560913,-0.31277117133140564,-0.16678779881118544,-0.10299825668334961,-0.20123881101608276,-0.19345297973274,-0.09306371212005615,-0.11986356973648071,-0.201090137768972,-0.014375865459442139,-0.35089653730392456,-0.0969903276455284,-0.019632816314697266,-0.22244322299957275,-0.16075107019065626,-0.026304244995117188,-0.11941152811050415,-0.16408499639152296,-0.02651691436767578,-0.06681305170059204,-0.1541816846620918,0.05786865949630737,-0.317663311958313,-0.10915505449889906,0.05363065004348755,-0.19217321276664734,-0.14841986756442793,0.04117244482040405,-0.11488199234008789,-0.15185838501571425,0.0364990234375,-0.08860379457473755,-0.14562627236961134
0.0,0.0,0.0,-0.025047779083251953,-0.005894005298614502,-0.06391568540544768,-0.07392936944961548,-0.053134143352508545,-0.11168772040815611,-0.1306583285331726,-0.07567858695983887,-0.15217521845312376,-0.13739025592803955,-0.06555914878845215,-0.18924981414289732,-0.0030275583267211914,-0.2675558030605316,-0.0968191331526782,-0.0882982611656189,-0.1643330156803131,-0.15032550751180906,-0.12263137102127075,-0.08256208896636963,-0.186970964660361,-0.1297745704650879,-0.027490079402923584,-0.20928622840852995,0.02339613437652588,-0.26211580634117126,-0.09003976791115065,-0.028679609298706055,-0.1304897964000702,-0.12461305468292494,-0.034416794776916504,-0.051688432693481445,-0.1329068994423892,-0.02311009168624878,-0.003275454044342041,-0.14200972079248686,0.038899242877960205,-0.22101274132728577,-0.08825730591030378,-0.025760769844055176,-0.08953529596328735,-0.1177067315480258,-0.04690057039260864,-0.027071893215179443,-0.10841517209024687,-0.05063891410827637,0.0008826851844787598,-0.103577107777312,0.04962360858917236,-0.15745756030082703,-0.09459772764654417,-0.00013637542724609375,-0.05570131540298462,-0.10838077275963087,-0.026867568492889404,-0.0052024126052856445,-0.09632572590322752,-0.03845489025115967,0.011693060398101807,-0.08747000305862684
0.0,0.0,0.0,-0.07771706581115723,-0.01218271255493164,-0.05760062770036711,-0.16429871320724487,-0.050559043884277344,-0.09966783882168784,-0.19978398084640503,-0.09091675281524658,-0.13890517414597525,-0.20797640085220337,-0.14721840620040894,-0.17089203656701102,-0.1590232253074646,-0.3032528758049011,-0.06079955683139815,-0.2181488275527954,-0.29343193769454956,-0.12044694186238303,-0.24165254831314087,-0.2089451551437378,-0.15799812139061942,-0.24833238124847412,-0.1387568712234497,-0.17703091264752402,-0.10271793603897095,-0.34227603673934937,-0.0609907797077085,-0.17587918043136597,-0.3134417235851288,-0.11635650605944647,-0.20158052444458008,-0.23258206248283386,-0.13776809633759513,-0.21313565969467163,-0.17107364535331726,-0.14222017587212576,-0.043308913707733154,-0.3402068614959717,-0.06872442276267066,-0.10522210597991943,-0.20963606238365173,-0.1156254625418569,-0.08071017265319824,-0.11117374897003174,-0.12029237956789984,-0.04533737897872925,-0.07654571533203125,-0.11519041569022193,0.017587721347808838,-0.3096555471420288,-0.08337163091687216,-0.033216655254364014,-0.18578338623046875,-0.11024732799319281,-0.02681189775466919,-0.11338341236114502,-0.10954610914973273,-0.00558549165725708,-0.10574877262115479,-0.10325798303870215
0.0,0.0,0.0,-0.06461113691329956,0.02257472276687622,-0.11619488009085899,-0.1176459789276123,0.0017845630645751953,-0.19462447472682243,-0.09557819366455078,-0.02503722906112671,-0.25563902267089134,-0.045247435569763184,-0.07244095206260681,-0.3130709887372518,-0.15874367952346802,-0.22618252038955688,-0.16960095473399406,-0.11465692520141602,-0.2579832375049591,-0.26385963567366844,-0.06557369232177734,-0.21449139714241028,-0.3260089815484548,-0.026905059814453125,-0.15440571308135986,-0.36269435890784507,-0.09415239095687866,-0.2643483877182007,-0.1499533713685537,-0.04657691717147827,-0.30278152227401733,-0.25570315726866966,-0.0032349228858947754,-0.23414269089698792,-0.3152748704778219,0.022265315055847168,-0.15751120448112488,-0.34538129576316123,-0.03208267688751221,-0.26467663049697876,-0.13783391424288993,0.00585174560546875,-0.281985878944397,-0.23722473391165977,0.03217732906341553,-0.19955670833587646,-0.2760531962739492,0.04243063926696777,-0.12256073951721191,-0.2884198487626577,0.02220362424850464,-0.23981034755706787,-0.13279998906722312,0.046088337898254395,-0.23243695497512817,-0.21911663421263938,0.05791991949081421,-0.16116923093795776,-0.252778029523995,0.05908292531967163,-0.09928536415100098,-0.265278017603066
0.0,0.0,0.0,-0.06733757257461548,0.017802000045776367,-0.11320606736774153,-0.12150520086288452,0.003856182098388672,-0.19340540586347288,-0.10197824239730835,-0.01942235231399536,-0.25780381379956907,-0.057170748710632324,-0.06504523754119873,-0.3181689542376489,-0.1690080761909485,-0.21283477544784546,-0.16880291818017668,-0.1246069073677063,-0.24588054418563843,-0.2653859418475122,-0.07787054777145386,-0.202671080827713,-0.3276614409529657,-0.040453433990478516,-0.1470266580581665,-0.36375822244519895,-0.10610485076904297,-0.2544580399990082,-0.15099287150735563,-0.0622745156288147,-0.2930523753166199,-0.257497863157937,-0.018967390060424805,-0.21625733375549316,-0.3114207249724359,0.008071184158325195,-0.13489246368408203,-0.3364627820097894,-0.04484611749649048,-0.2628369927406311,-0.14119926212663358,-0.010242581367492676,-0.2811610847711563,-0.23977768538827604,0.016996562480926514,-0.19214409589767456,-0.27006368456716245,0.030611038208007812,-0.11409276723861694,-0.2755645078265161,0.01047360897064209,-0.2483290433883667,-0.13881655155057615,0.03018808364868164,-0.24173524975776672,-0.21989709256524748,0.04035705327987671,-0.1681787669658661,-0.24629552780027097,0.04254555702209473,-0.10800081491470337,-0.2535474759184808
0.0,0.0,0.0,-0.06699854135513306,0.013865649700164795,-0.09764036721978187,-0.11991941928863525,0.0005008578300476074,-0.16726628876719474,-0.09350961446762085,-0.02140021324157715,-0.22347212768588065,-0.04785507917404175,-0.0702713131904602,-0.27515148557219504,-0.15917545557022095,-0.21862152218818665,-0.14234436489138602,-0.11237353086471558,-0.2551119923591614,-0.23064888454470633,-0.06639432907104492,-0.20613586902618408,-0.2861846033433437,-0.030676841735839844,-0.14346075057983398,-0.31698166764769553,-0.09383010864257812,-0.25794732570648193,-0.12967761791739463,-0.05008739233016968,-0.3006311357021332,-0.2270767483809948,-0.007554590702056885,-0.22239923477172852,-0.2749851290086269,0.016434550285339355,-0.1449803113937378,-0.29514213837180137,-0.0309675931930542,-0.26153743267059326,-0.1245921347239971,0.004776120185852051,-0.27250877022743225,-0.21547476388010978,0.029855668544769287,-0.18155831098556519,-0.24029921926054953,0.037239909172058105,-0.11321991682052612,-0.24220221675429343,0.025462687015533447,-0.2407287359237671,-0.12586791254076957,0.0476260781288147,-0.22560176253318787,-0.20005018449816703,0.05318164825439453,-0.14800602197647095,-0.22057337499651908,0.04858928918838501,-0.09242349863052368,-0.2235713396171093
0.0,0.0,0.0,-0.06744980812072754,0.02416396141052246,-0.10680756932326574,-0.1209140419960022,0.013391613960266113,-0.1844772941453101,-0.0905417799949646,-0.006085693836212158,-0.2477194017750861,-0.03406399488449097,-0.04881441593170166,-0.3071337438208701,-0.14937937259674072,-0.21037232875823975,-0.15730387931891698,-0.10699278116226196,-0.22918924689292908,-0.25142885213919897,-0.06277918815612793,-0.17515653371810913,-0.3142438626868369,-0.02771204710006714,-0.11505180597305298,-0.35103944903441686,-0.08172303438186646,-0.24661797285079956,-0.1437855458838584,-0.04539477825164795,-0.28359872102737427,-0.2469749248606803,-0.00334930419921875,-0.20177417993545532,-0.30139393573828954,0.022192955017089844,-0.12046349048614502,-0.32717622285910863,-0.019008755683898926,-0.2479468584060669,-0.13791012233325262,0.016373395919799805,-0.2632891833782196,-0.23424620395728368,0.04042518138885498,-0.16777706146240234,-0.2636254525763633,0.04598802328109741,-0.08707261085510254,-0.26881692772933263,0.035918354988098145,-0.22562184929847717,-0.13908189004489202,0.06549161672592163,-0.2174718677997589,-0.2180778927189948,0.07383155822753906,-0.1399400532245636,-0.24245815938540716,0.06832993030548096,-0.07656162977218628,-0.24874740308352727
0.0,0.0,0.0,-0.06516814231872559,0.034591734409332275,-0.0981247406418504,-0.1157083511352539,0.033720195293426514,-0.16694466583086864,-0.09141659736633301,0.019637107849121094,-0.22156405262305157,-0.045807480812072754,-0.020562469959259033,-0.27200937084509746,-0.14543116092681885,-0.2039789855480194,-0.13909053615881817,-0.0934528112411499,-0.2049258053302765,-0.21632905117823498,-0.05454784631729126,-0.15002065896987915,-0.26899087242438213,-0.02424323558807373,-0.08769494295120239,-0.30071404389693157,-0.07963711023330688,-0.24870872497558594,-0.12181708775116817,-0.03623664379119873,-0.25405868887901306,-0.20180752686812298,0.0028180480003356934,-0.1709386706352234,-0.24512174538924114,0.02855813503265381,-0.08738228678703308,-0.2673350255901994,-0.017258167266845703,-0.25308290123939514,-0.11110489628865139,0.020593762397766113,-0.2413765788078308,-0.18725019506766216,0.04539024829864502,-0.15428206324577332,-0.21003722957922832,0.05518615245819092,-0.07906043529510498,-0.21501898578955547,0.039391398429870605,-0.23072859644889832,-0.10688461921765224,0.06692677736282349,-0.2102433145046234,-0.1699444334919633,0.07603567838668823,-0.13972139358520508,-0.1877299081499757,0.07585084438323975,-0.0820208191871643,-0.19148853234602825
0.0,0.0,0.0,-0.06158238649368286,0.00753706693649292,-0.07885440679405065,-0.1221739649772644,-0.00409245491027832,-0.13623449446771474,-0.11922585964202881,-0.02214592695236206,-0.18419498445604177,-0.08476561307907104,-0.05487048625946045,-0.22214535119150014,-0.15781328082084656,-0.24469870328903198,-0.09360110255096288,-0.15141582489013672,-0.2415931224822998,-0.1755642467937264,-0.11273437738418579,-0.15864968299865723,-0.22837981822107167,-0.08346420526504517,-0.09891349077224731,-0.2579216832122597,-0.09384822845458984,-0.28861477971076965,-0.08577869327876897,-0.07886713743209839,-0.26406484842300415,-0.17014830054853292,-0.05626511573791504,-0.15418672561645508,-0.19827530028436513,-0.04543405771255493,-0.09410864114761353,-0.20389238240335317,-0.032071828842163086,-0.29147574305534363,-0.0882168659767899,-0.008562207221984863,-0.22399824857711792,-0.15329358222101064,-0.010933220386505127,-0.12893643975257874,-0.1483931863508019,-0.022333979606628418,-0.0997501015663147,-0.1342313015661034,0.026858806610107422,-0.26738241314888,-0.10000036152217717,0.050967633724212646,-0.17761331796646118,-0.14189771058175893,0.034591078758239746,-0.10984581708908081,-0.14344941320035787,0.013100385665893555,-0.1043514609336853,-0.1367296302518639
0.0,0.0,0.0,-0.06405389308929443,0.0040299296379089355,-0.06232330743688408,-0.12570303678512573,0.0006290078163146973,-0.11183554102200333,-0.11930298805236816,-0.020203351974487305,-0.15647391397970978,-0.08146321773529053,-0.04980456829071045,-0.19361267406958405,-0.1654888391494751,-0.228741854429245,-0.06735468078869644,-0.16246479749679565,-0.2521192729473114,-0.14127066154497925,-0.12963730096817017,-0.18456414341926575,-0.1929736228706247,-0.09828639030456543,-0.12456759810447693,-0.2213789166929132,-0.101970374584198,-0.27434366941452026,-0.06568823922890488,-0.09436386823654175,-0.29024428129196167,-0.14034544844645325,-0.06923764944076538,-0.19140338897705078,-0.16903125662821594,-0.053015828132629395,-0.11619949340820312,-0.1747562827588922,-0.040134549140930176,-0.2814106047153473,-0.07322169263380829,-0.01991868019104004,-0.23359468579292297,-0.13092134315985504,-0.0207633376121521,-0.1400955617427826,-0.13022745568770233,-0.032647907733917236,-0.08832442760467529,-0.11779166181105438,0.018595397472381592,-0.26152288913726807,-0.0884363668085939,0.040666282176971436,-0.1944211721420288,-0.1220059635164148,0.025813400745391846,-0.12503263354301453,-0.121188269746483,0.0037085413932800293,-0.09602022171020508,-0.113042497825802
0.0,0.0,0.0,-0.06669086217880249,0.0036238431930541992,-0.06237221680964922,-0.12510335445404053,-0.0022372007369995117,-0.11359906368340944,-0.11909401416778564,-0.01953887939453125,-0.1601672934779117,-0.08431649208068848,-0.046690165996551514,-0.20005251638974642,-0.16374236345291138,-0.22922548651695251,-0.07099481098737215,-0.16272026300430298,-0.2512521743774414,-0.14984843306626772,-0.13033080101013184,-0.18661630153656006,-0.20636646621312593,-0.09716594219207764,-0.12801676988601685,-0.23736186497296785,-0.10093027353286743,-0.2721042335033417,-0.07079308651771044,-0.08907055854797363,-0.28407856822013855,-0.15202672951306795,-0.0639612078666687,-0.18876445293426514,-0.18539726905908083,-0.047165870666503906,-0.11369642615318298,-0.19315517120446657,-0.03999239206314087,-0.27724015712738037,-0.07960146837319826,-0.015739858150482178,-0.22669672966003418,-0.14176458292092775,-0.014915227890014648,-0.13511121273040771,-0.14314752988900636,-0.026323020458221436,-0.08392095565795898,-0.13121055238332247,0.01688307523727417,-0.25717759132385254,-0.09601042591418718,0.04307776689529419,-0.18731576204299927,-0.13203643434133028,0.028309941291809082,-0.11657103896141052,-0.13135405056561922,0.004657626152038574,-0.08584731817245483,-0.1225839274414966
0.0,0.0,0.0,-0.06460607051849365,-0.0005829930305480957,-0.06437623364686829,-0.12307977676391602,-0.00950169563293457,-0.11435142023324829,-0.11567080020904541,-0.02755272388458252,-0.15842134369373184,-0.07825613021850586,-0.04993194341659546,-0.19481091810226303,-0.16078126430511475,-0.247113436460495,-0.07021067155361038,-0.1563560962677002,-0.24943482875823975,-0.14498250795364243,-0.122597336769104,-0.17828527092933655,-0.1990306289291368,-0.09126824140548706,-0.11744073033332825,-0.22969277812003952,-0.09532374143600464,-0.2926371991634369,-0.06739903850316864,-0.08778959512710571,-0.2807598114013672,-0.14161266995429855,-0.06521612405776978,-0.18579459190368652,-0.17168489707469803,-0.050224483013153076,-0.11356019973754883,-0.17978811872959,-0.03250885009765625,-0.2952290177345276,-0.07368563724517685,-0.01707291603088379,-0.2300618290901184,-0.12970787895679337,-0.019635140895843506,-0.14102894067764282,-0.12870656562805038,-0.029696762561798096,-0.09408223628997803,-0.11770050091504913,0.026210427284240723,-0.2690591514110565,-0.0883436263895021,0.042372047901153564,-0.17779791355133057,-0.1227897541022287,0.021289706230163574,-0.11191502213478088,-0.12420491738080841,-0.002831697463989258,-0.08972358703613281,-0.11808508498430115
0.0,0.0,0.0,-0.0681157112121582,0.0009245872497558594,-0.07143240399348372,-0.1258080005645752,-0.013183295726776123,-0.12523303903329008,-0.10371071100234985,-0.034827589988708496,-0.17166392482506865,-0.05375581979751587,-0.06887984275817871,-0.21028588689553374,-0.15644758939743042,-0.25192782282829285,-0.07811493403899306,-0.1460024118423462,-0.25737524032592773,-0.15123526729333037,-0.11237001419067383,-0.18031662702560425,-0.20353730000245207,-0.08315801620483398,-0.1087561845779419,-0.23286864138829344,-0.09171462059020996,-0.29370275139808655,-0.07077707327592009,-0.08266311883926392,-0.2846260964870453,-0.14268074907052153,-0.05179858207702637,-0.18294420838356018,-0.1737157551168167,-0.032052040100097656,-0.1012311577796936,-0.1843366024612152,-0.029569804668426514,-0.29413625597953796,-0.07240066654669874,-0.01266777515411377,-0.2588866055011749,-0.13090376533257597,-0.0036771297454833984,-0.16053444147109985,-0.13187159575211638,-0.007883667945861816,-0.09450095891952515,-0.12199558294999235,0.028521955013275146,-0.26912641525268555,-0.08192316420065993,0.047683000564575195,-0.2115115523338318,-0.12234285451161497,0.03763878345489502,-0.1426844298839569,-0.12502026535260313,0.02041727304458618,-0.10506802797317505,-0.1186494377969467
0.0,0.0,0.0,-0.06995201110839844,0.0027163028717041016,-0.05882372354730592,-0.13051027059555054,-0.009114742279052734,-0.10627143850192056,-0.11536151170730591,-0.020532190799713135,-0.14931480606659875,-0.07436174154281616,-0.03275501728057861,-0.18596324344738946,-0.16001027822494507,-0.2406041920185089,-0.06552427282198892,-0.1601220965385437,-0.23558130860328674,-0.1387638451681994,-0.1262792944908142,-0.16999301314353943,-0.19373974224194512,-0.09062504768371582,-0.11582115292549133,-0.22581566890343652,-0.09441125392913818,-0.28491711616516113,-0.06537494083508477,-0.08772975206375122,-0.270947128534317,-0.13614580055340753,-0.06364768743515015,-0.17777198553085327,-0.16616292317971215,-0.04235684871673584,-0.1094430685043335,-0.17558704336747155,-0.03130239248275757,-0.2873489260673523,-0.07373006661995873,-0.01287221908569336,-0.2243688404560089,-0.1255054326878451,-0.01300722360610962,-0.14388629794120789,-0.1250261070357226,-0.01785457134246826,-0.10584157705307007,-0.11583121886118874,0.027791976928710938,-0.26328179240226746,-0.09019416590794549,0.04562860727310181,-0.18111759424209595,-0.11939600130185113,0.02752476930618286,-0.12333893775939941,-0.11855644752844796,0.007978677749633789,-0.1089392900466919,-0.11217619498833642
0.0,0.0,0.0,-0.05834472179412842,0.006844758987426758,-0.061905002221823935,-0.12055546045303345,-0.008120954036712646,-0.11026162467932821,-0.12417483329772949,-0.03374749422073364,-0.15347779355979085,-0.07891541719436646,-0.06730246543884277,-0.19020036421752096,-0.15292805433273315,-0.20634764432907104,-0.06965023092961431,-0.16511255502700806,-0.2704834043979645,-0.15039168857073903,-0.13531726598739624,-0.22594484686851501,-0.20384342037177205,-0.10282063484191895,-0.17007118463516235,-0.23021506331896902,-0.0878022313117981,-0.2577401101589203,-0.06764829717612386,-0.08317101001739502,-0.31289270520210266,-0.15179357491469503,-0.06587022542953491,-0.22753611207008362,-0.18091302178835988,-0.05514496564865112,-0.15356317162513733,-0.1810338255021584,-0.024677038192749023,-0.2688239514827728,-0.07545736245846868,-0.010482728481292725,-0.2262592315673828,-0.14020674489474416,-0.0134391188621521,-0.12803196907043457,-0.14151970110869527,-0.025028526782989502,-0.07656806707382202,-0.1260368283841622,0.03564155101776123,-0.25117918848991394,-0.09038146398997426,0.04788851737976074,-0.1634485125541687,-0.12816197238898397,0.031116068363189697,-0.08644723892211914,-0.12943460606074453,0.009480535984039307,-0.057451486587524414,-0.12004331313109518
