0.0,0.0,0.0,-0.0371478796005249,-0.06519746780395508,-0.043976566755610236,-0.043931275606155396,-0.15992766618728638,-0.0738710528252895,-0.022067397832870483,-0.23642480373382568,-0.08995094057305408,0.00018829107284545898,-0.2985028028488159,-0.10545080807192875,-0.02618175745010376,-0.13339203596115112,-0.13011651393158985,-0.006027877330780029,-0.28050071001052856,-0.15795218106492115,0.004738181829452515,-0.3686155676841736,-0.15827616211159778,0.01735493540763855,-0.4307485818862915,-0.15719092544301105,0.025710463523864746,-0.11337018013000488,-0.11772826220973087,0.039249926805496216,-0.28680670261383057,-0.1508387988446529,0.04156494140625,-0.38628602027893066,-0.15429053362591816,0.04357427358627319,-0.4516560733318329,-0.15594283398373676,0.06732314825057983,-0.11439478397369385,-0.10168991144879413,0.06889629364013672,-0.27883756160736084,-0.13190621789677692,0.06746429204940796,-0.3729599118232727,-0.1400462305186565,0.06727093458175659,-0.43704578280448914,-0.14364286419137073,0.09905421733856201,-0.1260545253753662,-0.08589515742047382,0.09199398756027222,-0.2560194134712219,-0.11052250024064136,0.08523333072662354,-0.32727116346359253,-0.1182501530288036,0.0811815857887268,-0.3770216107368469,-0.12241055723412586
0.0,0.0,0.0,-0.03598406910896301,-0.05203348398208618,-0.027125706700800833,-0.03971743583679199,-0.1382085084915161,-0.044345805226086554,-0.011923104524612427,-0.20081943273544312,-0.051878416715382514,0.01220548152923584,-0.24063676595687866,-0.05928799676728147,-0.027246922254562378,-0.1203109622001648,-0.08891111406516927,-0.0036063194274902344,-0.24940037727355957,-0.10984790864419836,0.007521092891693115,-0.3238033652305603,-0.11039242687654394,0.01463136076927185,-0.37414833903312683,-0.10873895677757162,0.01600325107574463,-0.10824507474899292,-0.0823848822994222,0.03289252519607544,-0.2479877471923828,-0.10624567958545583,0.03740224242210388,-0.3297559916973114,-0.10764260384273427,0.03679737448692322,-0.38074737787246704,-0.1064610833210935,0.04844263195991516,-0.10736215114593506,-0.0731714943332662,0.05170491337776184,-0.23660647869110107,-0.0953766608519544,0.051871418952941895,-0.3113363981246948,-0.10100830885600942,0.04980441927909851,-0.36086806654930115,-0.10221035572719472,0.0708426833152771,-0.11448252201080322,-0.06343716922235387,0.06471264362335205,-0.2169286012649536,-0.0818021351380338,0.059257566928863525,-0.2733035087585449,-0.08552193435859579,0.05500584840774536,-0.31161242723464966,-0.08598502519559759
0.0,0.0,0.0,-0.014676928520202637,-0.03898954391479492,-0.023322035933439622,-0.008647620677947998,-0.11303561925888062,-0.037317003498380075,0.010109513998031616,-0.17533326148986816,-0.04327420834690798,0.02699980139732361,-0.2253650426864624,-0.04904715288669337,-0.00411108136177063,-0.10377061367034912,-0.07372042108566035,0.013525217771530151,-0.22282695770263672,-0.09257888365775813,0.01962602138519287,-0.29286402463912964,-0.09416885245830287,0.02310451865196228,-0.34015247225761414,-0.09280246068031062,0.023698806762695312,-0.09807121753692627,-0.06748051513225306,0.03508591651916504,-0.22354108095169067,-0.08604397941619624,0.03795930743217468,-0.29638612270355225,-0.08618169594794978,0.0372256338596344,-0.3406984508037567,-0.08461504746467341,0.04363211989402771,-0.10082590579986572,-0.05945794973761309,0.04832404851913452,-0.21911799907684326,-0.07590601910144557,0.04973036050796509,-0.28503549098968506,-0.0781499626138853,0.050020188093185425,-0.32821372151374817,-0.07777203191310633,0.057857394218444824,-0.10858029127120972,-0.05114064682513941,0.057929813861846924,-0.19765615463256836,-0.06470489073783625,0.056436240673065186,-0.2489567995071411,-0.06574876178294886,0.05571341514587402,-0.2836209535598755,-0.06432149876147975
0.0,0.0,0.0,-0.0378301739692688,-0.052537739276885986,-0.030230327977733396,-0.03990313410758972,-0.13965535163879395,-0.04544850578804471,-0.010715693235397339,-0.20533084869384766,-0.05070269992847898,0.013976126909255981,-0.24806976318359375,-0.05490580713649251,-0.015059798955917358,-0.1269405484199524,-0.07822512230177381,0.0054807960987091064,-0.2497997283935547,-0.09550449392099836,0.011976420879364014,-0.3216184377670288,-0.09596469393272855,0.01613113284111023,-0.36993658542633057,-0.09467633953590848,0.023683369159698486,-0.117373526096344,-0.0684987469603584,0.03783392906188965,-0.24717116355895996,-0.08859098842640378,0.03982895612716675,-0.322125107049942,-0.089914330749707,0.0376259982585907,-0.36759650707244873,-0.0886863856603668,0.05001196265220642,-0.11662137508392334,-0.056934592782454274,0.05035391449928284,-0.23517942428588867,-0.07521532615919568,0.04556867480278015,-0.3046659827232361,-0.07857607445021131,0.04047679901123047,-0.34939032793045044,-0.07854504278202512,0.06666907668113708,-0.12141728401184082,-0.04564152425427892,0.05721274018287659,-0.21449428796768188,-0.061062404422955296,0.05010297894477844,-0.2671204209327698,-0.06315924367208936,0.04594406485557556,-0.3022027611732483,-0.062266060619549535
0.0,0.0,0.0,0.0012682974338531494,-0.038481950759887695,-0.02251344096182306,0.014309018850326538,-0.11737024784088135,-0.03549140054999311,0.034178346395492554,-0.1840362548828125,-0.03935269747196157,0.04665365815162659,-0.23479712009429932,-0.043456529418811396,0.01586306095123291,-0.1164480447769165,-0.07973622638998945,0.0348876416683197,-0.24327802658081055,-0.09586434174595793,0.044222861528396606,-0.3192601203918457,-0.0946468498211952,0.04934188723564148,-0.36963972449302673,-0.0921046968203636,0.03885304927825928,-0.10769271850585938,-0.07118895758210142,0.04918253421783447,-0.24523001909255981,-0.09268973130999525,0.05094388127326965,-0.32352811098098755,-0.09351120997487028,0.04786905646324158,-0.371776282787323,-0.09229074526844938,0.05436474084854126,-0.1097683310508728,-0.059038662503346995,0.056936830282211304,-0.23983198404312134,-0.07580088932333906,0.05528268218040466,-0.3119789958000183,-0.07557320703087766,0.05399131774902344,-0.3574645221233368,-0.07344544787226637,0.06497308611869812,-0.11783641576766968,-0.04623010862885435,0.06665506958961487,-0.2169371247291565,-0.05763162780819853,0.06295356154441833,-0.27128857374191284,-0.05595816407619436,0.06025704741477966,-0.30675286054611206,-0.053053462098226145
0.0,0.0,0.0,-0.038026392459869385,-0.052083492279052734,-0.02964337410274709,-0.03926360607147217,-0.13988500833511353,-0.04602350907269681,-0.01001313328742981,-0.20473235845565796,-0.051939378100072986,0.014607608318328857,-0.24468207359313965,-0.057254111933147556,-0.023975074291229248,-0.12087231874465942,-0.0866920897537824,0.0004361271858215332,-0.2461453676223755,-0.10670937092844213,0.01026761531829834,-0.3184328079223633,-0.10742818804327214,0.01605108380317688,-0.3667173683643341,-0.1059196093851682,0.01648467779159546,-0.11080026626586914,-0.07825923206154073,0.03234994411468506,-0.2457990050315857,-0.09980619193855489,0.035577207803726196,-0.3204796314239502,-0.1004557484561559,0.03451839089393616,-0.36383241415023804,-0.09891189129892553,0.04732176661491394,-0.11045730113983154,-0.06764988841358388,0.04898110032081604,-0.233772873878479,-0.08744883032385076,0.04805842041969299,-0.30501294136047363,-0.09176717938724721,0.046253502368927,-0.3501411974430084,-0.09259273351970876,0.06949591636657715,-0.11657243967056274,-0.057003384994899875,0.06003689765930176,-0.2134276032447815,-0.0734513426000234,0.053720295429229736,-0.26744532585144043,-0.0763873258406278,0.05011701583862305,-0.3032916784286499,-0.07651961834970678
0.0,0.0,0.0,-0.011101126670837402,-0.041181206703186035,-0.02831255840948188,-0.003457576036453247,-0.12033241987228394,-0.04629134024372661,0.016540169715881348,-0.18561851978302002,-0.054213084381729004,0.033157557249069214,-0.23804259300231934,-0.06233645985713565,0.0018104612827301025,-0.11083817481994629,-0.09163429225674236,0.018360674381256104,-0.2419600486755371,-0.11195288236132228,0.023186177015304565,-0.31890392303466797,-0.11291019256105983,0.025958657264709473,-0.3704666495323181,-0.11148419613829219,0.028793036937713623,-0.10248523950576782,-0.08261420960417354,0.037967801094055176,-0.24469542503356934,-0.10592735196343028,0.03737145662307739,-0.3248053193092346,-0.10649451251020992,0.0335940420627594,-0.3725397288799286,-0.1052309759973582,0.046483904123306274,-0.10542410612106323,-0.07048660899391734,0.04803583025932312,-0.2376542091369629,-0.08978378410330379,0.044143348932266235,-0.31178009510040283,-0.09005886698952281,0.04120302200317383,-0.3580136299133301,-0.0883806609629687,0.05795958638191223,-0.11690795421600342,-0.058047279816776154,0.05570539832115173,-0.21811151504516602,-0.07216451699724757,0.05048862099647522,-0.27483004331588745,-0.07111315811863506,0.047178834676742554,-0.3117262125015259,-0.06864962364426219
0.0,0.0,0.0,-0.011739134788513184,-0.03852921724319458,-0.024537752572737048,-0.0012225210666656494,-0.11523962020874023,-0.03742769658967049,0.022613584995269775,-0.17704683542251587,-0.04119479582115204,0.040680259466171265,-0.2261616587638855,-0.04424219131871254,0.016339391469955444,-0.11647439002990723,-0.07455189451976807,0.03138166666030884,-0.23633915185928345,-0.0919129468540767,0.035282254219055176,-0.3105790615081787,-0.09340353236003907,0.03702172636985779,-0.36160808801651,-0.09298837110801728,0.04151955246925354,-0.11114650964736938,-0.06556381211086304,0.05177122354507446,-0.24238133430480957,-0.08945330903335602,0.048992425203323364,-0.31721317768096924,-0.09188541695877106,0.04334017634391785,-0.3638087511062622,-0.09092041775985749,0.054680705070495605,-0.11241990327835083,-0.05368859246774704,0.05461704730987549,-0.23031502962112427,-0.07212787792488129,0.04683062434196472,-0.3004942536354065,-0.07035434171958954,0.0417388379573822,-0.34504133462905884,-0.06647223905130417,0.0600733757019043,-0.11806797981262207,-0.04161112308903725,0.055536508560180664,-0.21112167835235596,-0.05360218063398392,0.047420501708984375,-0.26458674669265747,-0.05027901307149918,0.04297220706939697,-0.3010108470916748,-0.045539281521282504
0.0,0.0,0.0,-0.03205513954162598,-0.05175435543060303,-0.029506937356288176,-0.03136494755744934,-0.13519591093063354,-0.04769935900121425,-0.0027652978897094727,-0.19638991355895996,-0.05506008932142947,0.021152526140213013,-0.23689961433410645,-0.06200855666547511,-0.02685043215751648,-0.11622262001037598,-0.0947248942568848,-2.0682811737060547e-05,-0.24141430854797363,-0.11680466005354617,0.011264592409133911,-0.31424200534820557,-0.1174522347167084,0.01783621311187744,-0.3618924021720886,-0.11545971849709247,0.01427304744720459,-0.1051797866821289,-0.08643248000889514,0.033003658056259155,-0.24191880226135254,-0.11087262699156497,0.037783920764923096,-0.31853044033050537,-0.11155933210402225,0.036658018827438354,-0.3637787699699402,-0.10972870955019687,0.047069042921066284,-0.10488510131835938,-0.07537256994991992,0.051310211420059204,-0.23111754655838013,-0.09742538699656222,0.05177786946296692,-0.30360639095306396,-0.10189395466595386,0.04968059062957764,-0.35121527314186096,-0.10248004713803027,0.07167544960975647,-0.11213797330856323,-0.0639132789686272,0.06441870331764221,-0.21015995740890503,-0.0815405778005669,0.05900391936302185,-0.2657722234725952,-0.08463607797175143,0.054860323667526245,-0.30422520637512207,-0.08479113200455402
0.0,0.0,0.0,-0.03122451901435852,-0.0550273060798645,-0.02650639257849008,-0.03140196204185486,-0.14213043451309204,-0.04439998261154443,-0.001176685094833374,-0.20594197511672974,-0.0522321670454815,0.02260613441467285,-0.2494715452194214,-0.05990330717981607,-0.024543672800064087,-0.1252579689025879,-0.09377522982180864,0.001841902732849121,-0.2573646306991577,-0.11542193807185441,0.015253007411956787,-0.3316834568977356,-0.11519924021781236,0.023524194955825806,-0.38155248761177063,-0.11284356034816057,0.01832011342048645,-0.11179488897323608,-0.08741431153834611,0.03690019249916077,-0.2584841251373291,-0.11304535187304765,0.04183149337768555,-0.3383476138114929,-0.11329705483735353,0.04124179482460022,-0.38759908080101013,-0.11095027096093446,0.05174672603607178,-0.11026239395141602,-0.07789752102912217,0.05644118785858154,-0.24565112590789795,-0.10064938880027086,0.056631505489349365,-0.3211231231689453,-0.10408796585620195,0.05457484722137451,-0.3713369369506836,-0.10380985058367997,0.07594883441925049,-0.11711490154266357,-0.06780544884026796,0.0693359375,-0.22253096103668213,-0.08557830221474916,0.06302708387374878,-0.2795414328575134,-0.08776106155932695,0.058271169662475586,-0.31872397661209106,-0.08729616768182069
0.0,0.0,0.0,-0.04613250494003296,-0.07138359546661377,-0.06602815379719118,-0.05926620960235596,-0.18422538042068481,-0.1137360318503795,-0.0423886775970459,-0.28114864230155945,-0.1445144771538196,-0.014313101768493652,-0.34449660778045654,-0.17580506791691164,-0.01687103509902954,-0.11313396692276001,-0.17353971888641695,0.015252470970153809,-0.29097968339920044,-0.21949972798446993,0.03652206063270569,-0.3968523144721985,-0.23246898343185762,0.057127177715301514,-0.4748384356498718,-0.239686226745647,0.04219639301300049,-0.08697569370269775,-0.15627529313186983,0.06822317838668823,-0.2865639925003052,-0.20502736260513643,0.07764491438865662,-0.40960806608200073,-0.21679986109356264,0.08216309547424316,-0.4952201545238495,-0.22500269701103548,0.09164604544639587,-0.08722293376922607,-0.1353727339706836,0.10257136821746826,-0.27616870403289795,-0.1752812473974643,0.10655814409255981,-0.39295727014541626,-0.18446811129669527,0.11043107509613037,-0.4763442277908325,-0.18970604827026705,0.1300867199897766,-0.10139387845993042,-0.11669691493133882,0.13152265548706055,-0.2543567419052124,-0.14805144657711367,0.12929916381835938,-0.34316661953926086,-0.15608430494884828,0.12929069995880127,-0.4072400629520416,-0.16073665608982424
0.0,0.0,0.0,-0.040994793176651,-0.0652540922164917,-0.06191973178236765,-0.043796420097351074,-0.17300540208816528,-0.10448343841879648,-0.010451853275299072,-0.25766831636428833,-0.12839460162966532,0.027664393186569214,-0.31120777130126953,-0.151766044782093,-0.01809096336364746,-0.09313678741455078,-0.17622111527769846,0.01686626672744751,-0.265828013420105,-0.21987893967478556,0.04061776399612427,-0.37813693284988403,-0.22726622013895792,0.06053158640861511,-0.45823293924331665,-0.23039473383276743,0.039528459310531616,-0.06898200511932373,-0.15921056060641092,0.0677306056022644,-0.26689088344573975,-0.20920818834154886,0.08187708258628845,-0.393604576587677,-0.21637113182394785,0.08980149030685425,-0.4781911373138428,-0.21956607489435953,0.0888715386390686,-0.06870317459106445,-0.13805024115889353,0.09984350204467773,-0.2542217969894409,-0.18144166259615702,0.10977780818939209,-0.369179904460907,-0.18816873221247477,0.11637324094772339,-0.4492399990558624,-0.1892902681097297,0.13012570142745972,-0.08315956592559814,-0.11812905012219233,0.12894076108932495,-0.2319350242614746,-0.15285891084521097,0.1256089210510254,-0.3203812837600708,-0.16008537797777933,0.12530189752578735,-0.38453567028045654,-0.16259315399973673
0.0,0.0,0.0,-0.04838061332702637,-0.06585299968719482,-0.06164760417539128,-0.062270939350128174,-0.17149513959884644,-0.10730074993568905,-0.04490786790847778,-0.2630894184112549,-0.13732064417797574,-0.018225431442260742,-0.3264366388320923,-0.16805037013489255,-0.016570597887039185,-0.11334651708602905,-0.1662916009803439,0.020825058221817017,-0.2876741290092468,-0.21113387397724637,0.04380202293395996,-0.3875334560871124,-0.22371365777451047,0.06655111908912659,-0.4625050127506256,-0.2307604765077258,0.042236149311065674,-0.0885930061340332,-0.15170247010189541,0.0734262764453888,-0.2858320474624634,-0.19926769188839444,0.08328020572662354,-0.4063735902309418,-0.2120168422837878,0.08933669328689575,-0.49051913619041443,-0.2211425816198016,0.09067118167877197,-0.08716696500778198,-0.13356933645206936,0.10816335678100586,-0.2713592052459717,-0.1733135645766879,0.11235374212265015,-0.38939976692199707,-0.18458046666580685,0.11634218692779541,-0.47570598125457764,-0.19129926613766202,0.12814956903457642,-0.0985906720161438,-0.11731660268503674,0.13513201475143433,-0.24684441089630127,-0.1482709561963702,0.13391387462615967,-0.334655225276947,-0.15745801381069668,0.1346002221107483,-0.4000052809715271,-0.16318740598160275
0.0,0.0,0.0,-0.0441431999206543,-0.066933274269104,-0.060684389486006296,-0.05109560489654541,-0.16553467512130737,-0.10263416455595831,-0.022279292345046997,-0.24942231178283691,-0.12759204493372778,0.005243033170700073,-0.313235878944397,-0.15122586773245672,-0.01660856604576111,-0.13172024488449097,-0.16313509927599767,0.016501575708389282,-0.29153013229370117,-0.2054803399881635,0.03872653841972351,-0.38629814982414246,-0.21363151357977728,0.06007868051528931,-0.45423659682273865,-0.21664075837939123,0.04405298829078674,-0.1111680269241333,-0.1459885417064939,0.07510837912559509,-0.298031210899353,-0.19182794080584387,0.0878332257270813,-0.40628182888031006,-0.19955587671606878,0.09793469309806824,-0.47874829173088074,-0.203596281870297,0.09294494986534119,-0.1111038327217102,-0.1255761562427793,0.1092672049999237,-0.29006701707839966,-0.165481749041966,0.11561152338981628,-0.39828675985336304,-0.17466037259905676,0.12253060936927795,-0.4779452383518219,-0.178334030373982,0.1285599172115326,-0.12324404716491699,-0.10665995912163595,0.13325044512748718,-0.2650245726108551,-0.13710895465224127,0.13300839066505432,-0.35079318284988403,-0.14596352265684942,0.1360313594341278,-0.41746681928634644,-0.15054188953249792
0.0,0.0,0.0,-0.04614943265914917,-0.059537291526794434,-0.05480780333914481,-0.05803769826889038,-0.15342867374420166,-0.09506143883504592,-0.04594796895980835,-0.23969390988349915,-0.12076990560331069,-0.03076350688934326,-0.30531245470046997,-0.14651693657674514,-0.02565819025039673,-0.12670552730560303,-0.15231642380990706,0.007540196180343628,-0.28684002161026,-0.19172267869748794,0.031116992235183716,-0.37955862283706665,-0.19861597076692306,0.05428493022918701,-0.44750386476516724,-0.2011567826632472,0.03573441505432129,-0.10731333494186401,-0.13864127055444442,0.066834956407547,-0.2977943420410156,-0.18211040154733382,0.08205613493919373,-0.4049346148967743,-0.1910249765280696,0.09549891948699951,-0.4786815643310547,-0.19681500152387343,0.08688491582870483,-0.10739850997924805,-0.1213913808826419,0.10580164194107056,-0.28858116269111633,-0.15872416154184066,0.11217939853668213,-0.39654403924942017,-0.1674796815279933,0.11912107467651367,-0.47709009051322937,-0.17165306464471541,0.126198410987854,-0.12034720182418823,-0.10543935999908172,0.13511133193969727,-0.2653414309024811,-0.13407267884053908,0.13533365726470947,-0.3480563163757324,-0.14132584885396682,0.1377316117286682,-0.41147926449775696,-0.14519202963151656
0.0,0.0,0.0,-0.04270899295806885,-0.060696184635162354,-0.05354969689292233,-0.053417086601257324,-0.15255922079086304,-0.09399927520794193,-0.04152637720108032,-0.23698297142982483,-0.12049566322607319,-0.02810877561569214,-0.30501753091812134,-0.14690075928015034,-0.021990954875946045,-0.13338041305541992,-0.14952479416174214,0.008186638355255127,-0.29305845499038696,-0.18851219230932514,0.031036168336868286,-0.38626784086227417,-0.19476421290678303,0.05401128530502319,-0.4544295072555542,-0.1968815934066228,0.039260268211364746,-0.11367231607437134,-0.13732528799814503,0.06919723749160767,-0.3056892156600952,-0.1816378247146062,0.08312857151031494,-0.4135138988494873,-0.19099453204912464,0.09495949745178223,-0.48746010661125183,-0.1964958023433141,0.08948615193367004,-0.11343318223953247,-0.12148902678531925,0.10768121480941772,-0.2980231046676636,-0.15969818943781178,0.11350154876708984,-0.40762147307395935,-0.16844175869268696,0.11990147829055786,-0.48866942524909973,-0.17210556680006306,0.12649142742156982,-0.12611782550811768,-0.10687840098184864,0.13416385650634766,-0.27454257011413574,-0.13577860707086842,0.13422739505767822,-0.3594467043876648,-0.14271021002573292,0.1362895965576172,-0.4237951636314392,-0.14606893175882618
0.0,0.0,0.0,-0.04823780059814453,-0.07748532295227051,-0.04764500599849697,-0.0526806116104126,-0.17808151245117188,-0.08154790442932125,-0.01816660165786743,-0.2590411901473999,-0.10081932288158413,0.013277649879455566,-0.31736671924591064,-0.11915600639331814,-0.02811872959136963,-0.14049303531646729,-0.14893127572286602,0.009538918733596802,-0.2996637225151062,-0.1868373264049339,0.03278800845146179,-0.3926466107368469,-0.190196882603054,0.05446857213973999,-0.4586245119571686,-0.1887003589843559,0.036180853843688965,-0.11724644899368286,-0.13663965058076855,0.06923109292984009,-0.3048174977302551,-0.1792115677570152,0.0863463282585144,-0.4134594798088074,-0.18304326724756237,0.09934970736503601,-0.4868312478065491,-0.18295083534467693,0.08984449505805969,-0.1136665940284729,-0.12044120174396511,0.10753843188285828,-0.2936200499534607,-0.15662423860776897,0.11741119623184204,-0.400454044342041,-0.16261986982572552,0.12631165981292725,-0.48123836517333984,-0.1629759628747749,0.12883275747299194,-0.12187379598617554,-0.10475937616575237,0.13427799940109253,-0.27120327949523926,-0.13198448312032696,0.13438373804092407,-0.3557199537754059,-0.13758939099061962,0.13601285219192505,-0.420232892036438,-0.1388147134755897
0.0,0.0,0.0,-0.04352554678916931,-0.07969808578491211,-0.04718307326217541,-0.04314407706260681,-0.17832058668136597,-0.0805812134840096,-0.005510419607162476,-0.25649380683898926,-0.09996739322920689,0.027259737253189087,-0.3134458363056183,-0.1182951136924828,-0.024211615324020386,-0.13300615549087524,-0.14475743020554432,0.013539671897888184,-0.2940073013305664,-0.1844754173853005,0.03711351752281189,-0.385545015335083,-0.190696354160508,0.060009777545928955,-0.45120570063591003,-0.190931807408532,0.03929859399795532,-0.11014550924301147,-0.13328107739468464,0.07375502586364746,-0.2961234152317047,-0.17584827090283284,0.09158286452293396,-0.4043222665786743,-0.1810436352588738,0.10588783025741577,-0.47949156165122986,-0.18224772358914265,0.09423220157623291,-0.10711514949798584,-0.11848216796894917,0.11358660459518433,-0.2877318859100342,-0.1540854677059258,0.12294778227806091,-0.39291638135910034,-0.15982502246876606,0.13157007098197937,-0.47431179881095886,-0.16028236890812764,0.13582012057304382,-0.11749529838562012,-0.10461279297848591,0.14184042811393738,-0.26611483097076416,-0.13164037014027485,0.1394701898097992,-0.3498263359069824,-0.13711393917580494,0.13883504271507263,-0.4160231053829193,-0.13840607846756825
0.0,0.0,0.0,-0.04372823238372803,-0.0788678526878357,-0.04417219600813205,-0.041652023792266846,-0.17997753620147705,-0.0766694269253474,-0.005422115325927734,-0.26310792565345764,-0.09538672334687526,0.027059942483901978,-0.3262295424938202,-0.11304939008490855,-0.028126418590545654,-0.1286916732788086,-0.14555142290131862,0.01318901777267456,-0.28894317150115967,-0.18578965432183558,0.03718176484107971,-0.379481703042984,-0.19123309320943171,0.059274762868881226,-0.44429871439933777,-0.1899736470653277,0.03405416011810303,-0.10454809665679932,-0.13509754306809718,0.07097381353378296,-0.2925909161567688,-0.17849537200467402,0.08927494287490845,-0.4017654061317444,-0.18216169840829188,0.10358929634094238,-0.4768161177635193,-0.18148838943974788,0.08935227990150452,-0.10097301006317139,-0.1210090390516978,0.11296159029006958,-0.283671110868454,-0.15626468724744136,0.12356191873550415,-0.3890807628631592,-0.15988324052827174,0.1318855881690979,-0.4690893888473511,-0.1581094510032397,0.1311379075050354,-0.11188209056854248,-0.1075398719979983,0.14359843730926514,-0.261526495218277,-0.13306936091916377,0.14441025257110596,-0.34486791491508484,-0.13682759768502528,0.145635187625885,-0.4091331958770752,-0.13648694223897273
0.0,0.0,0.0,-0.04765981435775757,-0.07829642295837402,-0.053478484819597494,-0.054603636264801025,-0.17660707235336304,-0.09165311030573298,-0.025056838989257812,-0.2576870918273926,-0.11451188645786692,0.0025396347045898438,-0.3183101415634155,-0.13657143882936884,-0.023806393146514893,-0.13584566116333008,-0.1555953638953631,0.010805130004882812,-0.2943606972694397,-0.1967921870154803,0.03437000513076782,-0.38464850187301636,-0.20346255771345545,0.05727234482765198,-0.45079678297042847,-0.20424373618788172,0.040804386138916016,-0.11313104629516602,-0.14129096440500666,0.07306832075119019,-0.3003941774368286,-0.18624217979139734,0.0898641049861908,-0.407707542181015,-0.19258175961203028,0.10369345545768738,-0.48093006014823914,-0.1947194056910937,0.0941193699836731,-0.10941833257675171,-0.12336521766609598,0.11215141415596008,-0.2889553904533386,-0.16076630524820734,0.12197074294090271,-0.3950123190879822,-0.16771902314848353,0.13084232807159424,-0.47436508536338806,-0.1691136824292605,0.1326194405555725,-0.11874866485595703,-0.1065376269025271,0.13996148109436035,-0.2662772238254547,-0.13433894685930658,0.1405506134033203,-0.3511441946029663,-0.14074194602198054,0.1424086093902588,-0.4162280559539795,-0.14288836888498713
0.0,0.0,0.0,-0.009778797626495361,-0.08252173662185669,-0.07098804735355202,0.010625451803207397,-0.17767387628555298,-0.12443289481811348,0.0459287166595459,-0.25976449251174927,-0.15898830019645516,0.0848778486251831,-0.31036967039108276,-0.19648358546905342,0.03585559129714966,-0.05939304828643799,-0.19529310189895455,0.07457965612411499,-0.23977965116500854,-0.25075544737987343,0.10016858577728271,-0.35318881273269653,-0.27425079368762795,0.12142401933670044,-0.43922674655914307,-0.2892979564588529,0.054630786180496216,-0.022946417331695557,-0.17839315854720894,0.09555518627166748,-0.22783750295639038,-0.23243439518623177,0.11378151178359985,-0.3579976558685303,-0.25064160250835243,0.12236142158508301,-0.45345360040664673,-0.2681571426313383,0.07224035263061523,-0.02149641513824463,-0.15741077386550728,0.10318136215209961,-0.22189569473266602,-0.20544642531089607,0.12070697546005249,-0.35066384077072144,-0.21811227821521584,0.1300286054611206,-0.44215095043182373,-0.2282439800422651,0.08630168437957764,-0.04062461853027344,-0.1380482795160276,0.11733388900756836,-0.20209628343582153,-0.1776663842123014,0.1300392746925354,-0.3006649613380432,-0.18751421891860787,0.13457518815994263,-0.37117239832878113,-0.19471808098964516
0.0,0.0,0.0,0.027742713689804077,-0.07422477006912231,-0.06742318239204792,0.06902045011520386,-0.17088907957077026,-0.11680718775980381,0.10417145490646362,-0.25819939374923706,-0.14830383923046497,0.1338244080543518,-0.3157411217689514,-0.18348661329739002,0.09691596031188965,-0.0678669810295105,-0.1845308270692101,0.1330154538154602,-0.2392778992652893,-0.24045513834946064,0.1564844846725464,-0.35191136598587036,-0.2680928435563317,0.17412757873535156,-0.4368770122528076,-0.2864117350816002,0.0805126428604126,-0.0308416485786438,-0.1699347075461617,0.1159677505493164,-0.22601240873336792,-0.2250777360438576,0.13285470008850098,-0.35841017961502075,-0.24651471045009998,0.1434556245803833,-0.45212265849113464,-0.2657264497517815,0.060328900814056396,-0.031597256660461426,-0.1518333878754845,0.0886048674583435,-0.22586387395858765,-0.20206249024860767,0.10995936393737793,-0.3539627194404602,-0.21659018363945393,0.12410026788711548,-0.4391798973083496,-0.22680035498134998,0.03879469633102417,-0.05826824903488159,-0.13492781188480762,0.0679074227809906,-0.21730631589889526,-0.17832352485649494,0.08993560075759888,-0.3115243911743164,-0.1905527141331902,0.10236400365829468,-0.37385183572769165,-0.1984298851727715
0.0,0.0,0.0,-0.02636796236038208,-0.07868355512619019,-0.06229748806720181,-0.028209030628204346,-0.16893267631530762,-0.11768074190979405,-0.012144148349761963,-0.24360418319702148,-0.15525715655451222,0.016732990741729736,-0.29699909687042236,-0.19718599921827717,-0.013247370719909668,-0.05046314001083374,-0.20361559695368214,0.0082436203956604,-0.22049802541732788,-0.2545810104048769,0.036343127489089966,-0.3253556489944458,-0.2735118926203768,0.059501439332962036,-0.4010636806488037,-0.2874457896388094,0.01492464542388916,-0.01736271381378174,-0.19092411405210896,0.046362489461898804,-0.21313178539276123,-0.24311023062830373,0.06314188241958618,-0.33622056245803833,-0.2576761902010958,0.07106947898864746,-0.4241235852241516,-0.2743347943461458,0.04323962330818176,-0.017474651336669922,-0.1715608597434084,0.06584995985031128,-0.21223193407058716,-0.2118459702170412,0.0784875750541687,-0.3303908705711365,-0.21741104728346272,0.08503025770187378,-0.4080047011375427,-0.22616522616510792,0.06629705429077148,-0.03486365079879761,-0.1533987731373827,0.08451563119888306,-0.18945658206939697,-0.18582524961595936,0.09328293800354004,-0.2824907898902893,-0.1905449838078539,0.09348791837692261,-0.3439074754714966,-0.19666532284384175
0.0,0.0,0.0,-0.05083787441253662,-0.07496261596679688,-0.07870558297565822,-0.06705015897750854,-0.16502392292022705,-0.1405759046070898,-0.046195030212402344,-0.23490989208221436,-0.18190294897488002,-0.01075446605682373,-0.2826767563819885,-0.22627108192375545,-0.039393067359924316,-0.049899160861968994,-0.22350246107509975,-0.00941765308380127,-0.21104073524475098,-0.2865364143841589,0.01742994785308838,-0.3136135935783386,-0.31142621135643367,0.044743359088897705,-0.3942635953426361,-0.3267650792591894,0.015906333923339844,-0.023320674896240234,-0.2033396253578985,0.04903656244277954,-0.21135181188583374,-0.26343350505760554,0.06657826900482178,-0.3390452265739441,-0.27768932676247005,0.07241106033325195,-0.43312522768974304,-0.2920155415528143,0.06733232736587524,-0.02676689624786377,-0.17869095897606257,0.09352624416351318,-0.2080554962158203,-0.23334469294479732,0.10475301742553711,-0.33204954862594604,-0.24575916325977687,0.10713768005371094,-0.42054787278175354,-0.25494988655975703,0.11005634069442749,-0.043128371238708496,-0.15588947033813838,0.126478910446167,-0.1872391700744629,-0.19936255013874415,0.12784826755523682,-0.281211793422699,-0.2105260828726614,0.12362003326416016,-0.34834960103034973,-0.218810845374378
0.0,0.0,0.0,-0.03016170859336853,-0.07819211483001709,-0.06843697747669353,-0.03065282106399536,-0.17143350839614868,-0.12249681821546687,-0.009123802185058594,-0.2506186366081238,-0.15807646235904826,0.025733888149261475,-0.30412155389785767,-0.19706225118122234,-0.0029608607292175293,-0.056780993938446045,-0.20117440542659892,0.027966737747192383,-0.2325267195701599,-0.25741608163795604,0.057242512702941895,-0.34367138147354126,-0.2802058281608595,0.08225935697555542,-0.427765816450119,-0.2947663488098158,0.03200250864028931,-0.02544337511062622,-0.18455530425987376,0.06149250268936157,-0.22248691320419312,-0.24115584513626231,0.07760250568389893,-0.3507874608039856,-0.25790430328331126,0.08337938785552979,-0.4437693953514099,-0.2735022725769056,0.06501638889312744,-0.025766849517822266,-0.16301311275444164,0.082927405834198,-0.217290461063385,-0.20931870958290233,0.094696044921875,-0.3407222628593445,-0.21975573620281352,0.09929132461547852,-0.426990270614624,-0.22856840214214458,0.09408587217330933,-0.04275059700012207,-0.14316703102073802,0.11062586307525635,-0.19450616836547852,-0.17999973616085185,0.11691403388977051,-0.28893810510635376,-0.18843354007682933,0.11669868230819702,-0.3552265763282776,-0.1950784744926466
0.0,0.0,0.0,-0.013003826141357422,-0.07673174142837524,-0.057038343334596675,0.0010844767093658447,-0.17853832244873047,-0.10281695314685635,0.02848002314567566,-0.2663230299949646,-0.1311560038570576,0.05689796805381775,-0.32626211643218994,-0.16210961976091198,0.028671562671661377,-0.09296631813049316,-0.1801861588005238,0.05576115846633911,-0.2726179361343384,-0.22455478348771862,0.07592743635177612,-0.38273411989212036,-0.2387646798137837,0.09323239326477051,-0.4638245701789856,-0.24814773240129284,0.05182334780693054,-0.055345237255096436,-0.16494340338746838,0.07809221744537354,-0.25900745391845703,-0.2123015437368565,0.09271067380905151,-0.3834507465362549,-0.22301023342649273,0.09919166564941406,-0.47225356101989746,-0.2335020814184361,0.07261011004447937,-0.051798880100250244,-0.14386496582071118,0.09349924325942993,-0.24562054872512817,-0.17947085835973553,0.10766738653182983,-0.36178135871887207,-0.1815844241623097,0.11456215381622314,-0.43969544768333435,-0.18458657600919537,0.0905902087688446,-0.0670517086982727,-0.12382759043018154,0.11610990762710571,-0.2196493148803711,-0.1529364053253346,0.1298404335975647,-0.31037068367004395,-0.1555485341791325,0.13478481769561768,-0.369135320186615,-0.15717703738252453
0.0,0.0,0.0,0.037509918212890625,-0.05929553508758545,-0.04193925447248148,0.07468616962432861,-0.1608930230140686,-0.08134992382906603,0.09962218999862671,-0.2655704617500305,-0.10829602889202761,0.10877901315689087,-0.34196633100509644,-0.141442991415488,0.10847583413124084,-0.11536675691604614,-0.14965745023869204,0.12173134088516235,-0.30782580375671387,-0.19387999884270357,0.1313573718070984,-0.4198097288608551,-0.21291156820439028,0.13818639516830444,-0.49775734543800354,-0.22534456066273378,0.08487072587013245,-0.08279204368591309,-0.14660087935112642,0.1111634373664856,-0.2985975742340088,-0.190894998232352,0.11865180730819702,-0.42885565757751465,-0.2056844007172458,0.11889427900314331,-0.518603652715683,-0.21952564231537508,0.05568811297416687,-0.08638733625411987,-0.1384762447275989,0.08205541968345642,-0.295623242855072,-0.1810460906424396,0.09644228219985962,-0.4182969033718109,-0.1900150995650165,0.10690650343894958,-0.4955825209617615,-0.19611089638851809,0.021876096725463867,-0.11492288112640381,-0.1291967105069034,0.046122461557388306,-0.28324615955352783,-0.16561802438877749,0.06451728940010071,-0.3752301335334778,-0.17074552885674166,0.07444897294044495,-0.43437907099723816,-0.17320578507565187
0.0,0.0,0.0,-0.0007491707801818848,-0.07834231853485107,-0.04322154342233375,0.005231499671936035,-0.17890381813049316,-0.08864566206037239,0.015663206577301025,-0.2822911739349365,-0.12100961326657966,0.023999124765396118,-0.3642956018447876,-0.15902655839025215,0.05110055208206177,-0.09954434633255005,-0.16487554728090004,0.06433647871017456,-0.289992094039917,-0.20650189637242988,0.08041328191757202,-0.3998177945613861,-0.22201172529756263,0.09484004974365234,-0.4761722683906555,-0.23313372849523262,0.06076174974441528,-0.06532007455825806,-0.15814271091520027,0.08170056343078613,-0.2785804271697998,-0.19915322481691078,0.09171628952026367,-0.403796523809433,-0.2106081646591349,0.09242179989814758,-0.49134764075279236,-0.22442936419545845,0.06597542762756348,-0.06505817174911499,-0.1442483913808985,0.08315184712409973,-0.272042453289032,-0.17540715157090858,0.09289965033531189,-0.39176395535469055,-0.17812762676774696,0.09905493259429932,-0.46693891286849976,-0.184413174977891,0.06372687220573425,-0.08733218908309937,-0.13006291805803016,0.08528128266334534,-0.25220298767089844,-0.1554304462581797,0.09435644745826721,-0.3482186198234558,-0.15556838630735115,0.09537971019744873,-0.4074696898460388,-0.15720620273648933
0.0,0.0,0.0,0.06440162658691406,-0.04312640428543091,-0.030666149907546014,0.11244708299636841,-0.14459294080734253,-0.06455658537967679,0.1262558102607727,-0.25379371643066406,-0.08781432522161481,0.12343162298202515,-0.3377593159675598,-0.11784181905611035,0.13124442100524902,-0.09617680311203003,-0.13554573220832822,0.14353644847869873,-0.2821543216705322,-0.1741776482544708,0.15041929483413696,-0.39072930812835693,-0.19186847073657987,0.1555200219154358,-0.4657829701900482,-0.2037198708735275,0.08276814222335815,-0.07012134790420532,-0.13478288216217038,0.10196128487586975,-0.2732662558555603,-0.17170217794998166,0.11309933662414551,-0.39629021286964417,-0.18350015742404935,0.11780428886413574,-0.4788813889026642,-0.1966019736014175,0.034398555755615234,-0.07666480541229248,-0.12764841479881284,0.052413612604141235,-0.2674928903579712,-0.1593734936199951,0.07175955176353455,-0.3751472234725952,-0.15988591475112912,0.08724811673164368,-0.4365115761756897,-0.16200581354721066,-0.013288348913192749,-0.10727852582931519,-0.11920952958686826,0.009836554527282715,-0.257376492023468,-0.1461348847828674,0.029494047164916992,-0.3356335759162903,-0.14306815130336759,0.04000082612037659,-0.37920135259628296,-0.14055246276481626
0.0,0.0,0.0,0.028240978717803955,-0.07368016242980957,-0.044645165528720554,0.06270059943199158,-0.17877095937728882,-0.0848522125441491,0.08781066536903381,-0.2800644636154175,-0.11117761718816155,0.09811121225357056,-0.3555026650428772,-0.142913819726175,0.0895860493183136,-0.11409962177276611,-0.15994158523864144,0.10226929187774658,-0.30551618337631226,-0.20176121729201668,0.11269950866699219,-0.41795814037323,-0.21667863565272683,0.12145030498504639,-0.49627771973609924,-0.22639018433875435,0.07340264320373535,-0.07557052373886108,-0.15287992494887703,0.09620228409767151,-0.29018765687942505,-0.19866040485686653,0.10385102033615112,-0.4206967353820801,-0.21297557788676613,0.10413771867752075,-0.5118541419506073,-0.22645923631972664,0.05583205819129944,-0.07578665018081665,-0.13949552315062874,0.07798781991004944,-0.2809929847717285,-0.1798076345283448,0.09264770150184631,-0.4043545722961426,-0.18771745401210183,0.10198941826820374,-0.48302021622657776,-0.1936318888027131,0.03574970364570618,-0.1026870608329773,-0.12520872193164223,0.06533581018447876,-0.2676435708999634,-0.1574436141807496,0.0847565233707428,-0.3597971200942993,-0.16162505882567757,0.09339523315429688,-0.41770777106285095,-0.1644025905687272
0.0,0.0,0.0,-0.05644732713699341,-0.07267850637435913,-0.06805644247902576,-0.06910231709480286,-0.16965103149414062,-0.11557088110817615,-0.04599344730377197,-0.24800759553909302,-0.1454295224346036,-0.0221865177154541,-0.305999219417572,-0.17532259289396945,-0.027836352586746216,-0.13154363632202148,-0.17647750739229862,0.00250929594039917,-0.29714900255203247,-0.22359359327925388,0.025714516639709473,-0.398752897977829,-0.2353917515672559,0.049761056900024414,-0.4732871353626251,-0.2408713555730695,0.03704923391342163,-0.10821819305419922,-0.15817794267309848,0.06559842824935913,-0.3034532070159912,-0.20850300852431003,0.08039692044258118,-0.4171266257762909,-0.22059838537348453,0.09372174739837646,-0.49370619654655457,-0.22817684773577396,0.09044820070266724,-0.10472559928894043,-0.13654683593882266,0.1024935245513916,-0.2906661927700043,-0.17914284829271976,0.10882997512817383,-0.4025877118110657,-0.19044458929670993,0.1168031096458435,-0.4835297763347626,-0.1960543251432294,0.12996751070022583,-0.11560910940170288,-0.1171380362309331,0.13214409351348877,-0.2626281976699829,-0.1500890261329526,0.12824076414108276,-0.3463796079158783,-0.16018448833597843,0.1295796036720276,-0.40789490938186646,-0.1657937175430173
0.0,0.0,0.0,0.0346890389919281,-0.03751933574676514,-0.028351166637079928,0.06214761734008789,-0.1318134069442749,-0.053778735340969774,0.08268019556999207,-0.22953879833221436,-0.06922836357487938,0.08512106537818909,-0.302894651889801,-0.08734081441296837,0.042562395334243774,-0.1108478307723999,-0.11070718372000954,0.05741575360298157,-0.27921754121780396,-0.14038190001382134,0.07286033034324646,-0.3814350366592407,-0.14847483986748955,0.08597347140312195,-0.4499273896217346,-0.15259285026921532,0.045619964599609375,-0.089694082736969,-0.10591039562358162,0.05834558606147766,-0.27990156412124634,-0.13672357553376457,0.06707975268363953,-0.3891681432723999,-0.14333282166852257,0.0701800286769867,-0.4596818685531616,-0.14934488886727593,0.050334155559539795,-0.0975005030632019,-0.096201991082566,0.06060779094696045,-0.2817147374153137,-0.1228547146333625,0.07021930813789368,-0.3792850971221924,-0.12535102421178124,0.07716205716133118,-0.43738657236099243,-0.12590996676816246,0.055360108613967896,-0.12173110246658325,-0.0856998016847541,0.07636365294456482,-0.2640289068222046,-0.10490500682725212,0.0864996612071991,-0.3366580605506897,-0.10398626828326485,0.09178385138511658,-0.3802177906036377,-0.10221435630454323
0.0,0.0,0.0,-0.034555137157440186,-0.05407077074050903,-0.055549785546247676,-0.041991353034973145,-0.14591199159622192,-0.09526856993812771,-0.018312692642211914,-0.23113107681274414,-0.11838040506023617,0.013746142387390137,-0.29400837421417236,-0.14173416798490734,-0.017636597156524658,-0.10369741916656494,-0.157184645585005,0.018192201852798462,-0.26673150062561035,-0.19642069940942974,0.040835440158843994,-0.367318332195282,-0.20468635862249585,0.05862694978713989,-0.4373856782913208,-0.20812222366708966,0.03664848208427429,-0.08475959300994873,-0.13941329722780438,0.05560177564620972,-0.2687477469444275,-0.18085122113603802,0.06356561183929443,-0.37910836935043335,-0.18565468495268078,0.06589168310165405,-0.45343899726867676,-0.18784594540971966,0.08161532878875732,-0.08662045001983643,-0.11768167471069546,0.08169913291931152,-0.25902098417282104,-0.15113314991373272,0.08059054613113403,-0.3525583744049072,-0.1534009427346632,0.07998371124267578,-0.41280126571655273,-0.15263211732286663,0.11807852983474731,-0.09916627407073975,-0.09733630721945019,0.10923606157302856,-0.23582905530929565,-0.12237022077221127,0.09957224130630493,-0.30839842557907104,-0.12506018584150524,0.09388124942779541,-0.35501015186309814,-0.12476634984392376
0.0,0.0,0.0,-0.03278481960296631,-0.05211615562438965,-0.044989379359236636,-0.04550200700759888,-0.1481826901435852,-0.08320844383334247,-0.0318111777305603,-0.2407066822052002,-0.10735558183287708,-0.007213175296783447,-0.3068680167198181,-0.1334320551285657,-0.020388782024383545,-0.09366011619567871,-0.14913269342278568,-0.0018791556358337402,-0.2540677785873413,-0.18392498256062595,0.01591426134109497,-0.3480404019355774,-0.19102104963158695,0.03327852487564087,-0.41526395082473755,-0.1945793724188718,0.030362248420715332,-0.07307577133178711,-0.136862883580676,0.047026216983795166,-0.25870782136917114,-0.17371291877125827,0.05399894714355469,-0.367556631565094,-0.17852578522061435,0.05358940362930298,-0.4430740475654602,-0.18265629769658176,0.07482433319091797,-0.07763957977294922,-0.1188238433132085,0.07620787620544434,-0.2552186846733093,-0.14694755734299747,0.07673460245132446,-0.35135746002197266,-0.14924558461999027,0.07682228088378906,-0.41514813899993896,-0.15102175833081333,0.11165326833724976,-0.09294277429580688,-0.10118618817423908,0.10648584365844727,-0.2326672077178955,-0.12100436748360721,0.09820657968521118,-0.3075743317604065,-0.12098629982565967,0.09151482582092285,-0.3554260730743408,-0.12054825784062473
0.0,0.0,0.0,0.016339749097824097,-0.0380818247795105,-0.030723435362489226,0.03538602590560913,-0.14593631029129028,-0.059998640348823074,0.05316171050071716,-0.25036078691482544,-0.07864205681315184,0.06087180972099304,-0.32333630323410034,-0.100841993024261,0.05445760488510132,-0.10671383142471313,-0.11863909803858519,0.07571971416473389,-0.28067946434020996,-0.14812579148045302,0.09315246343612671,-0.37834101915359497,-0.15709931545487166,0.10684454441070557,-0.4421798586845398,-0.16191356771221876,0.06605607271194458,-0.08600163459777832,-0.11056515716543913,0.08167922496795654,-0.27691465616226196,-0.13611988120308638,0.09115839004516602,-0.3808264136314392,-0.13897884779206038,0.09137588739395142,-0.4506620168685913,-0.1438172846340251,0.07528865337371826,-0.0904778242111206,-0.0968763991498065,0.08390301465988159,-0.27192944288253784,-0.11588990085354567,0.08984839916229248,-0.3558480143547058,-0.11325617276659727,0.09346175193786621,-0.4042627811431885,-0.11287593238583327,0.08090543746948242,-0.10728532075881958,-0.08286717676153899,0.09577971696853638,-0.24866759777069092,-0.09704212986460448,0.09991812705993652,-0.31536632776260376,-0.09199465208283186,0.09847545623779297,-0.3505091667175293,-0.08780019127360106
0.0,0.0,0.0,0.0581706166267395,-0.021932899951934814,-0.019967204735308997,0.10232043266296387,-0.1234542727470398,-0.041190926761061064,0.1238933801651001,-0.22943377494812012,-0.054602627486616484,0.1225481629371643,-0.30481940507888794,-0.07230585518541943,0.0988091230392456,-0.1074020266532898,-0.09595772329035412,0.11860811710357666,-0.28043705224990845,-0.12256029698315274,0.13059836626052856,-0.37929946184158325,-0.1334038496321739,0.13979828357696533,-0.44340014457702637,-0.1393438250130714,0.0736922025680542,-0.09143197536468506,-0.09374192807140957,0.0949203372001648,-0.27656787633895874,-0.11548305752936017,0.10898423194885254,-0.3843952417373657,-0.12050863060417782,0.11284679174423218,-0.4539933204650879,-0.12675323787394177,0.05135568976402283,-0.10079163312911987,-0.08620679828587186,0.06885629892349243,-0.276907742023468,-0.10277642759743344,0.08350825309753418,-0.36514174938201904,-0.10032852444115292,0.09317296743392944,-0.41357624530792236,-0.09911857250395428,0.030131429433822632,-0.12559598684310913,-0.07771205607119214,0.05467996001243591,-0.25992506742477417,-0.08994768264952313,0.06962257623672485,-0.3247413635253906,-0.0834126368469299,0.07627153396606445,-0.3588658571243286,-0.07756118181410443
0.0,0.0,0.0,-0.04383406043052673,-0.06066548824310303,-0.05823579625124964,-0.05143013596534729,-0.1622633934020996,-0.0957383756422523,-0.023006528615951538,-0.2442569136619568,-0.1150182058000091,0.008633553981781006,-0.30345314741134644,-0.13297914908165964,-0.028502732515335083,-0.10752254724502563,-0.1615119819426063,0.017076194286346436,-0.2795411944389343,-0.19855167911286387,0.04237237572669983,-0.38033533096313477,-0.20181196377511057,0.06237861514091492,-0.4512954354286194,-0.2011543010258201,0.026381492614746094,-0.08773666620254517,-0.14178873048062357,0.05396124720573425,-0.2735268473625183,-0.18267148182625803,0.06214556097984314,-0.3840922713279724,-0.18341792569394144,0.0663779079914093,-0.4560491442680359,-0.18108978317017588,0.07179316878318787,-0.08982014656066895,-0.11845316187377009,0.07781645655632019,-0.2601310610771179,-0.15163136468167338,0.07837805151939392,-0.3575144410133362,-0.15188715801472696,0.07903799414634705,-0.4207090735435486,-0.14868798301453623,0.1080649197101593,-0.10421431064605713,-0.09682877556319269,0.09903594851493835,-0.2379482388496399,-0.12383079723353418,0.08746156096458435,-0.30764347314834595,-0.1274683867477897,0.08129933476448059,-0.35336583852767944,-0.12675648377175364
0.0,0.0,0.0,-0.03252193331718445,-0.05107074975967407,-0.049401048327823105,-0.034086793661117554,-0.15170931816101074,-0.08331709703340096,-0.005286455154418945,-0.23939257860183716,-0.10099443396462959,0.027837246656417847,-0.29840087890625,-0.11895774653090996,-0.014493823051452637,-0.1006816029548645,-0.14511448493136925,0.01999109983444214,-0.2620454430580139,-0.17741832485332054,0.04304009675979614,-0.3628907799720764,-0.18188888182773155,0.05954158306121826,-0.4320327639579773,-0.18340754857196373,0.03588089346885681,-0.08320856094360352,-0.12760486056937737,0.055810630321502686,-0.26148539781570435,-0.16135833015574974,0.06448495388031006,-0.3688763380050659,-0.16232738247050804,0.06480342149734497,-0.4408529996871948,-0.16259596099986595,0.07751429080963135,-0.08869314193725586,-0.10573847195043129,0.07824540138244629,-0.2580583691596985,-0.13164411833419365,0.07668852806091309,-0.3468925952911377,-0.13059497227801842,0.07403182983398438,-0.4023502469062805,-0.12896575381888908,0.11133748292922974,-0.10331898927688599,-0.08501134415998024,0.1030626893043518,-0.2362932562828064,-0.1059360762490229,0.09396451711654663,-0.305478572845459,-0.10722535451783699,0.08781170845031738,-0.34855180978775024,-0.1064611931694941
0.0,0.0,0.0,-0.0312521755695343,-0.054831862449645996,-0.05469669461731996,-0.03139054775238037,-0.1569024920463562,-0.09116398230676737,-0.00044596195220947266,-0.24247097969055176,-0.10981236830835428,0.03396099805831909,-0.3037598729133606,-0.1283556489694604,-0.012470930814743042,-0.1098637580871582,-0.1567880480039605,0.03230246901512146,-0.27828270196914673,-0.1932747630823144,0.06017544865608215,-0.3792896866798401,-0.1986431597221383,0.08071824908256531,-0.448161780834198,-0.1996861217964181,0.03515782952308655,-0.08840388059616089,-0.1372643379915246,0.06133100390434265,-0.2755412459373474,-0.17774741039161768,0.0726613700389862,-0.38516664505004883,-0.1803566186178216,0.07592448592185974,-0.4572504162788391,-0.17998572871570673,0.07577875256538391,-0.09084570407867432,-0.11341003016119089,0.08383092284202576,-0.2653380036354065,-0.14694429621582117,0.08770480751991272,-0.36161214113235474,-0.1481239615428933,0.09005412459373474,-0.42334216833114624,-0.1456397293556222,0.11078771948814392,-0.10426557064056396,-0.09049753532295313,0.1090606153011322,-0.24029749631881714,-0.1158693327057847,0.1041172444820404,-0.31242120265960693,-0.11790979341154184,0.10173031687736511,-0.3589335083961487,-0.11655915961151209
0.0,0.0,0.0,-0.036655575037002563,-0.06094920635223389,-0.058519737447650044,-0.03546074032783508,-0.16459274291992188,-0.09534670936599454,-0.003181546926498413,-0.2506067156791687,-0.11338098126188001,0.030599087476730347,-0.3139157295227051,-0.13040030526653013,-0.018224388360977173,-0.11023473739624023,-0.16157003271117887,0.025897592306137085,-0.2806324362754822,-0.19855383562579831,0.05137792229652405,-0.38010603189468384,-0.20286274480357847,0.07132694125175476,-0.449006050825119,-0.20292500185504636,0.030437082052230835,-0.08715653419494629,-0.14047828840747556,0.05761423707008362,-0.2726709842681885,-0.180037712330968,0.06886950135231018,-0.38175690174102783,-0.1810430489732333,0.07427367568016052,-0.451887845993042,-0.17975847947135648,0.07156750559806824,-0.08929061889648438,-0.11569412576690397,0.0796988308429718,-0.2624163031578064,-0.14794621395602903,0.08343753218650818,-0.35934412479400635,-0.14830139803424558,0.08646193146705627,-0.4209249019622803,-0.14562444912925443,0.10596922039985657,-0.10308623313903809,-0.09237197565570554,0.10418465733528137,-0.2391032576560974,-0.11752377974525174,0.09805777668952942,-0.3090677857398987,-0.12008014845386228,0.09534963965415955,-0.3530084490776062,-0.11919029581084928
0.0,0.0,0.0,-0.04121890664100647,-0.07070821523666382,-0.05269470450850733,-0.039922893047332764,-0.17908793687820435,-0.08608916786881693,-0.001832425594329834,-0.26286977529525757,-0.10201613990041025,0.03285488486289978,-0.3212912082672119,-0.11659659830304392,-0.023808956146240234,-0.1304931640625,-0.15138443944426783,0.018570274114608765,-0.2963191866874695,-0.18391559658023127,0.04203072190284729,-0.3957862854003906,-0.18432770309420832,0.061174601316452026,-0.4656931459903717,-0.18216059741946466,0.031147092580795288,-0.10656899213790894,-0.13331843552562006,0.06335344910621643,-0.2902756929397583,-0.16986468074294336,0.07229670882225037,-0.3981606364250183,-0.1691144668814779,0.07665398716926575,-0.46855634450912476,-0.16625776526900538,0.0775805413722992,-0.10439980030059814,-0.11129358050795801,0.08957508206367493,-0.274441123008728,-0.14158403513404139,0.08974054455757141,-0.3715659976005554,-0.14202256140681513,0.08950743079185486,-0.4354199171066284,-0.1394908690211416,0.11397847533226013,-0.11402648687362671,-0.09044755635234125,0.10989746451377869,-0.24818426370620728,-0.11462665734263666,0.09852394461631775,-0.31919044256210327,-0.11787395564290293,0.09185466170310974,-0.36614352464675903,-0.11759132531853922
0.0,0.0,0.0,-0.031324297189712524,-0.05807977914810181,-0.04304565426201634,-0.03434818983078003,-0.15732663869857788,-0.07526669215650372,-0.0073194801807403564,-0.2424532175064087,-0.09248051356763654,0.023397207260131836,-0.3014042377471924,-0.11011933844775967,-0.015009760856628418,-0.10349619388580322,-0.14286043059320264,0.012243896722793579,-0.2629660964012146,-0.17326341878862195,0.031232774257659912,-0.3575401306152344,-0.175722125286768,0.04878038167953491,-0.42395031452178955,-0.17609376024694257,0.03700685501098633,-0.08411014080047607,-0.12884092640371136,0.06130343675613403,-0.26660966873168945,-0.16156702053041272,0.06971830129623413,-0.3717259168624878,-0.1613229395100575,0.07204210758209229,-0.44236159324645996,-0.1608937115618687,0.08081918954849243,-0.08783304691314697,-0.10936253082246594,0.08565694093704224,-0.2599869966506958,-0.1341732026288014,0.08429008722305298,-0.35091233253479004,-0.13250164997072034,0.08358049392700195,-0.4087589979171753,-0.13077439677209668,0.1159016489982605,-0.10127478837966919,-0.09042811703176312,0.10944926738739014,-0.23272913694381714,-0.10846137564868741,0.09910351037979126,-0.3021586537361145,-0.10748008948058896,0.09183096885681152,-0.34538161754608154,-0.10566283326835446
0.0,0.0,0.0,-0.025233685970306396,-0.0512966513633728,-0.05078405163122568,-0.02164354920387268,-0.152113676071167,-0.08465985230041895,0.005936652421951294,-0.24180036783218384,-0.10227920881344232,0.03327241539955139,-0.3053588271141052,-0.12006758174730692,-0.007993310689926147,-0.10626918077468872,-0.14573321512771997,0.024879395961761475,-0.26781541109085083,-0.17864120772911463,0.04704955220222473,-0.36924439668655396,-0.18328536323143396,0.0642034113407135,-0.4391656517982483,-0.18503998986317072,0.037946492433547974,-0.08824115991592407,-0.12831523290707025,0.05802085995674133,-0.27029746770858765,-0.16376747957302484,0.0672241747379303,-0.3781864047050476,-0.16617178193165216,0.07058575749397278,-0.44988614320755005,-0.16752483717037592,0.07705238461494446,-0.09344482421875,-0.10675117394758615,0.08062306046485901,-0.26422518491744995,-0.13495156935287866,0.08059099316596985,-0.35530251264572144,-0.13548388353420648,0.08022531867027283,-0.4125942587852478,-0.1345436202628747,0.11004874110221863,-0.10952484607696533,-0.08645042053295526,0.10736629366874695,-0.24115890264511108,-0.1093256922705308,0.10035744309425354,-0.3112562298774719,-0.11223217866255197,0.09594187140464783,-0.3551868200302124,-0.11255780628754053
0.0,0.0,0.0,-0.01813986897468567,-0.04737001657485962,-0.044273097234821535,-0.013108402490615845,-0.1555526852607727,-0.07667157815680525,0.010446399450302124,-0.2549281716346741,-0.09450653212056181,0.03623601794242859,-0.3206695318222046,-0.11352685855612776,0.0092354416847229,-0.10310590267181396,-0.13609104620203993,0.03917360305786133,-0.27091121673583984,-0.16754082607016585,0.06142428517341614,-0.37111371755599976,-0.17501125501379988,0.078423410654068,-0.440168559551239,-0.17859149740920088,0.04949682950973511,-0.08297818899154663,-0.12017218040213606,0.0683235228061676,-0.2675713300704956,-0.1486069785235884,0.07951846718788147,-0.3745403289794922,-0.15051581727252028,0.08133557438850403,-0.44841593503952026,-0.15371247397646925,0.08435329794883728,-0.0873989462852478,-0.09931927191004775,0.08739849925041199,-0.26356369256973267,-0.1179651396153929,0.08958950638771057,-0.3499322533607483,-0.11508896218524,0.09063628315925598,-0.4035681486129761,-0.11481495963320754,0.1127292811870575,-0.10136610269546509,-0.07970733957276366,0.11344793438911438,-0.23930054903030396,-0.09418643282637618,0.10819509625434875,-0.3084908723831177,-0.09181632863268874,0.10306116938591003,-0.34862613677978516,-0.08978606777176878
0.0,0.0,0.0,-0.041510820388793945,-0.055085837841033936,-0.05798846127087387,-0.047185420989990234,-0.155292809009552,-0.09484713540965828,-0.019012928009033203,-0.2415299415588379,-0.11381500975782188,0.01564234495162964,-0.30147433280944824,-0.13185676203662666,-0.022908180952072144,-0.09754467010498047,-0.15555704401428017,0.01062193512916565,-0.2620234489440918,-0.19238714145118507,0.03143438696861267,-0.3647313117980957,-0.1981001274436167,0.049430906772613525,-0.4369305372238159,-0.2002206669896296,0.03298482298851013,-0.08260393142700195,-0.13643338547641548,0.05554640293121338,-0.26573705673217773,-0.17639217542106422,0.06322413682937622,-0.3768325448036194,-0.18018565343314918,0.06778740882873535,-0.450626015663147,-0.1814685540049723,0.07809144258499146,-0.08891844749450684,-0.11390042321378502,0.08131992816925049,-0.2566112279891968,-0.14950519071513924,0.08094382286071777,-0.3535969853401184,-0.1542079226821116,0.08180159330368042,-0.41715478897094727,-0.15429105626041206,0.11422568559646606,-0.10499727725982666,-0.09264782087499412,0.10680031776428223,-0.23572969436645508,-0.12086784856015953,0.0968327522277832,-0.3060082793235779,-0.12624175117904457,0.09158921241760254,-0.3525814414024353,-0.12756777571136269
0.0,0.0,0.0,-0.01801052689552307,-0.04062032699584961,-0.04242235380633019,-0.014039933681488037,-0.13809949159622192,-0.07403479102475785,0.007437348365783691,-0.22942042350769043,-0.09155376586539887,0.028269976377487183,-0.2945835590362549,-0.11050181421859406,-0.0007523000240325928,-0.0969814658164978,-0.13507993850333833,0.022390097379684448,-0.2549440860748291,-0.1651538792572751,0.04094436764717102,-0.35545098781585693,-0.17088298830611848,0.055240899324417114,-0.4245704412460327,-0.1734679374418988,0.04105043411254883,-0.08294826745986938,-0.1202499154530301,0.0586334764957428,-0.2593344449996948,-0.14985855254752778,0.06668338179588318,-0.36467188596725464,-0.15118667814357423,0.0668620765209198,-0.43487775325775146,-0.15293602976424836,0.0764903724193573,-0.09000998735427856,-0.10025445702893876,0.07960274815559387,-0.2581247091293335,-0.11986139747722291,0.07772663235664368,-0.3439256548881531,-0.11656719032151841,0.07473894953727722,-0.3946927785873413,-0.11497944924457215,0.10539248585700989,-0.10689389705657959,-0.08129092636926316,0.10492148995399475,-0.23281621932983398,-0.09586354676110886,0.09756305813789368,-0.3012049198150635,-0.09362369361741685,0.09024450182914734,-0.3396994471549988,-0.09132776740415238
0.0,0.0,0.0,-0.030332297086715698,-0.05085349082946777,-0.04425169503684856,-0.03531831502914429,-0.1494736671447754,-0.07767023122306682,-0.011218041181564331,-0.2371765375137329,-0.09617228037114955,0.017785251140594482,-0.29798829555511475,-0.11531494534011699,-0.014303237199783325,-0.10114353895187378,-0.14260159409042217,0.013573616743087769,-0.2619704008102417,-0.17506657516952373,0.033110857009887695,-0.3584795594215393,-0.1794645485877595,0.049486786127090454,-0.4256596565246582,-0.1805901077985368,0.037419408559799194,-0.08335626125335693,-0.12843741452689983,0.060016125440597534,-0.2661086320877075,-0.16243290877338268,0.06742832064628601,-0.3717959523200989,-0.16319079673286296,0.06692007184028625,-0.44282615184783936,-0.16305544948573925,0.08095017075538635,-0.08803063631057739,-0.10928738093372203,0.08414319157600403,-0.2590843439102173,-0.13586692488189556,0.0819956362247467,-0.3501002788543701,-0.135580539464911,0.07996663451194763,-0.40963268280029297,-0.13416357314582683,0.1163044273853302,-0.10193365812301636,-0.0906383094787202,0.11009147763252258,-0.23361796140670776,-0.10963827347751476,0.09863284230232239,-0.30364370346069336,-0.10903885936733104,0.0897272527217865,-0.3481563925743103,-0.10713195031877376
0.0,0.0,0.0,-0.029693126678466797,-0.05861830711364746,-0.0508735526374835,-0.028620004653930664,-0.16273242235183716,-0.08437464870729627,-0.0007328689098358154,-0.2543596625328064,-0.10200786330022993,0.031139403581619263,-0.31759196519851685,-0.12008413411894026,-0.009561359882354736,-0.11059212684631348,-0.1428273890189189,0.017750471830368042,-0.27020013332366943,-0.17522884644785108,0.03829297423362732,-0.371379554271698,-0.1806023094824809,0.05777168273925781,-0.44304293394088745,-0.18306174613752546,0.0414598286151886,-0.08907049894332886,-0.12589554228105726,0.06235271692276001,-0.27150046825408936,-0.15974203981676283,0.07345044612884521,-0.3829140067100525,-0.16400742270269575,0.07875996828079224,-0.45946991443634033,-0.16721588112631025,0.08502548933029175,-0.09252488613128662,-0.10468423851051512,0.09004324674606323,-0.26714807748794556,-0.13305988647260847,0.09296530485153198,-0.36540013551712036,-0.1376081530026454,0.09535866975784302,-0.43008142709732056,-0.13965722657957258,0.12092810869216919,-0.10625565052032471,-0.08457797505178632,0.11771690845489502,-0.24221104383468628,-0.10726648308553877,0.11173433065414429,-0.31536877155303955,-0.11131803430833997,0.10758376121520996,-0.3623999357223511,-0.11269287504472913
0.0,0.0,0.0,-0.030767351388931274,-0.06553298234939575,-0.037790679388081116,-0.03374004364013672,-0.14314687252044678,-0.06875677873972563,-0.014593303203582764,-0.20481669902801514,-0.09019506444815306,0.008483678102493286,-0.24193304777145386,-0.11206026842478423,0.012454718351364136,-0.09068012237548828,-0.10657632073048262,0.043425053358078,-0.21467500925064087,-0.13849346061829237,0.058460086584091187,-0.2864686846733093,-0.15006492754105238,0.07178708910942078,-0.34036344289779663,-0.15691689869049696,0.0514870285987854,-0.06999862194061279,-0.09885604401711134,0.07696640491485596,-0.21042120456695557,-0.12770169695500044,0.08082997798919678,-0.2912822961807251,-0.13348383923653273,0.08255207538604736,-0.3481568694114685,-0.13934805711392073,0.07958221435546875,-0.06619304418563843,-0.08911081125620512,0.10116386413574219,-0.20123016834259033,-0.11291829218748717,0.10249096155166626,-0.279518187046051,-0.11566762348297743,0.10281640291213989,-0.33728456497192383,-0.1187301026809564,0.09588110446929932,-0.07177579402923584,-0.08074512799862532,0.10762333869934082,-0.17853659391403198,-0.10116641690615324,0.10605192184448242,-0.24230843782424927,-0.10504023452881484,0.10432571172714233,-0.2892117500305176,-0.10727761407974867
0.0,0.0,0.0,-0.02777162194252014,-0.07061392068862915,-0.0384180151521889,-0.030776888132095337,-0.13961923122406006,-0.07001017934081233,-0.01160663366317749,-0.19483041763305664,-0.09272830343243754,0.009343743324279785,-0.22757446765899658,-0.11589654690024531,0.01891273260116577,-0.07803481817245483,-0.10235900586840785,0.049785763025283813,-0.20388472080230713,-0.13496138310429728,0.06529054045677185,-0.27435189485549927,-0.14846402561661876,0.08143410086631775,-0.3257955312728882,-0.15745563960072673,0.05478593707084656,-0.06075286865234375,-0.09598416244980967,0.08230367302894592,-0.20244747400283813,-0.1260843888520924,0.08846953511238098,-0.2803187370300293,-0.1333507165908543,0.09368398785591125,-0.33426570892333984,-0.1407046780585972,0.07996770739555359,-0.06114935874938965,-0.0884494051933018,0.10616001486778259,-0.19671916961669922,-0.11425791090724147,0.10956248641014099,-0.272144079208374,-0.11763720369336284,0.11250612139701843,-0.32800161838531494,-0.12102358198163188,0.09409508109092712,-0.07084840536117554,-0.08264193838832057,0.11230435967445374,-0.17660051584243774,-0.1065192163586346,0.1146714985370636,-0.2401878833770752,-0.11200276172158397,0.1158054769039154,-0.28877562284469604,-0.11495255833861506
0.0,0.0,0.0,0.019070804119110107,-0.05307739973068237,-0.01761778564269889,0.049611568450927734,-0.12587594985961914,-0.0374375984918629,0.07163062691688538,-0.196152925491333,-0.05223538660521854,0.08315113186836243,-0.2507699728012085,-0.06965323471541751,0.09640032052993774,-0.07584720849990845,-0.07049749725575793,0.11874502897262573,-0.20947802066802979,-0.09359192037101138,0.12417781352996826,-0.28125429153442383,-0.10429020159955371,0.12906169891357422,-0.32939738035202026,-0.11197990113015521,0.08640289306640625,-0.06170022487640381,-0.07308524780984271,0.11004835367202759,-0.21042466163635254,-0.09167545222754825,0.11493253707885742,-0.2900940775871277,-0.09668763660903323,0.11905235052108765,-0.3449211120605469,-0.1043364920568024,0.06784486770629883,-0.06886023283004761,-0.07377827846522678,0.08870741724967957,-0.21239733695983887,-0.09376210653300632,0.09811556339263916,-0.2902449369430542,-0.09759813481088031,0.10728132724761963,-0.34468287229537964,-0.10269316964860309,0.041854530572891235,-0.09039360284805298,-0.07409180634732593,0.05729001760482788,-0.2072911262512207,-0.09681804412122119,0.06473618745803833,-0.26819711923599243,-0.10140667044635165,0.07143998146057129,-0.3133081793785095,-0.10412999176497806
0.0,0.0,0.0,-0.012547314167022705,-0.07237076759338379,-0.034497138856693255,-0.005244642496109009,-0.146842360496521,-0.06371319368366812,0.012815684080123901,-0.21163791418075562,-0.08433187827353095,0.02853691577911377,-0.2553636431694031,-0.10640139207129096,0.04605194926261902,-0.0797315239906311,-0.09540717378143881,0.07474282383918762,-0.2145479917526245,-0.1273339472699604,0.0876837968826294,-0.2890673875808716,-0.143098437039896,0.09862494468688965,-0.34130096435546875,-0.15329427346472357,0.0632767379283905,-0.0590096116065979,-0.09043876156096076,0.08870476484298706,-0.21166646480560303,-0.11847166791443442,0.09243416786193848,-0.29436302185058594,-0.12655080184225653,0.09508389234542847,-0.35175877809524536,-0.13469503149275397,0.07147371768951416,-0.05938541889190674,-0.0843775205302677,0.09205764532089233,-0.20454877614974976,-0.10893712267164801,0.0966072678565979,-0.2850855588912964,-0.11339788958315467,0.10196298360824585,-0.34357720613479614,-0.11792381927256201,0.07114273309707642,-0.07052117586135864,-0.07943886592869376,0.08434727787971497,-0.1887943148612976,-0.10200589224581336,0.08419150114059448,-0.25444847345352173,-0.10607012435679053,0.08449411392211914,-0.3026058077812195,-0.10833387151245688
0.0,0.0,0.0,-0.015423506498336792,-0.06645232439041138,-0.03186201014196399,-0.00944066047668457,-0.13568717241287231,-0.05992586248194698,0.009515345096588135,-0.1955205202102661,-0.07974644460355762,0.02500861883163452,-0.24120527505874634,-0.10042016663228992,0.027593880891799927,-0.09259432554244995,-0.0946516514626694,0.055063098669052124,-0.2222537398338318,-0.1266953692642403,0.0679706335067749,-0.2921949028968811,-0.1401969835964394,0.08014380931854248,-0.3450743556022644,-0.14825574018632892,0.052190035581588745,-0.07003134489059448,-0.09113904543792728,0.07593461871147156,-0.21706831455230713,-0.12316596218025211,0.0797385573387146,-0.2953552007675171,-0.13043968834554676,0.08213919401168823,-0.3516991138458252,-0.1355370030609322,0.06714832782745361,-0.06609708070755005,-0.08626459248935703,0.09099042415618896,-0.20934230089187622,-0.11412472732936862,0.0939711332321167,-0.2856901288032532,-0.11601731636201862,0.09735119342803955,-0.3426307439804077,-0.11620766379510883,0.07307636737823486,-0.07471877336502075,-0.08222171374237064,0.08757394552230835,-0.1952182650566101,-0.10631241359388355,0.08831357955932617,-0.2593836784362793,-0.10917502351676944,0.08937817811965942,-0.3054550886154175,-0.10913296498929981
0.0,0.0,0.0,0.02522680163383484,-0.047141849994659424,-0.025772368121010913,0.056682854890823364,-0.11026781797409058,-0.05103336978243078,0.07688599824905396,-0.18171292543411255,-0.07031669053719725,0.08463948965072632,-0.23944604396820068,-0.09237828436778273,0.09546846151351929,-0.05646467208862305,-0.08073404762433256,0.11583340167999268,-0.1891055703163147,-0.10923708561347212,0.11905062198638916,-0.26389849185943604,-0.12445851001427854,0.12307727336883545,-0.31482964754104614,-0.13485770258591856,0.07456961274147034,-0.049528658390045166,-0.08065253082202162,0.09625542163848877,-0.19532155990600586,-0.10618127468512739,0.10011780261993408,-0.2765427827835083,-0.1143354881136247,0.10401773452758789,-0.33219194412231445,-0.12369226250336851,0.04980167746543884,-0.06117027997970581,-0.07951635453389372,0.07139265537261963,-0.2006016969680786,-0.10488961968110289,0.08160734176635742,-0.27953100204467773,-0.10945714596198286,0.09133574366569519,-0.33328497409820557,-0.11383279744075026,0.023332864046096802,-0.08548158407211304,-0.07875671568797316,0.04614272713661194,-0.19696754217147827,-0.10499885264323439,0.05737036466598511,-0.2575090527534485,-0.11071736696646894,0.06700116395950317,-0.300753653049469,-0.11378664854453291
0.0,0.0,0.0,0.04291790723800659,-0.043463945388793945,-0.008276067469807913,0.08164039254188538,-0.10446548461914062,-0.024556265939565947,0.10340914130210876,-0.17250531911849976,-0.03933544436523562,0.10853692889213562,-0.2303403615951538,-0.05818357298204546,0.11742052435874939,-0.06774890422821045,-0.05450292283723002,0.1368742287158966,-0.19358617067337036,-0.07872558364698534,0.13873115181922913,-0.2667635679244995,-0.09237756559679156,0.14084461331367493,-0.3184508681297302,-0.10189212838241701,0.0894480049610138,-0.06041824817657471,-0.06332939097711687,0.1128058135509491,-0.2008429765701294,-0.08414722213575487,0.11696138978004456,-0.28255873918533325,-0.09166747311184054,0.1208600103855133,-0.3408541679382324,-0.10110773125717287,0.05624210834503174,-0.07028114795684814,-0.07082921991178637,0.08017545938491821,-0.20907342433929443,-0.09447739997932558,0.09157097339630127,-0.2878487706184387,-0.09927620718309527,0.10140040516853333,-0.34210383892059326,-0.10405366847345476,0.021460264921188354,-0.09306955337524414,-0.07741700837442522,0.04812702536582947,-0.201518714427948,-0.10317356118986254,0.06268090009689331,-0.2612873911857605,-0.1089516652567113,0.07561519742012024,-0.3066610097885132,-0.11240044960806017
0.0,0.0,0.0,0.014953196048736572,-0.05075490474700928,-0.02414697336109839,0.03711026906967163,-0.117637038230896,-0.04663467148395739,0.05430477857589722,-0.19076460599899292,-0.06309972072097025,0.06325554847717285,-0.24518150091171265,-0.08239700013848505,0.06929832696914673,-0.05429309606552124,-0.07441372538062296,0.08822071552276611,-0.18965578079223633,-0.1002366107151147,0.09706586599349976,-0.26593244075775146,-0.11446604991408549,0.10505914688110352,-0.31623196601867676,-0.12437929326745234,0.05999121069908142,-0.04226917028427124,-0.07348990554066859,0.07750585675239563,-0.19320935010910034,-0.09593497330399714,0.08299583196640015,-0.27836138010025024,-0.10421240443440638,0.08797895908355713,-0.33763933181762695,-0.11390131825658045,0.04985976219177246,-0.052219927310943604,-0.07133564466687403,0.06680238246917725,-0.1948871612548828,-0.09397461379023753,0.07838505506515503,-0.27625179290771484,-0.09968721980305872,0.08909982442855835,-0.3350446820259094,-0.10551996642800532,0.03686791658401489,-0.07553577423095703,-0.06939744317980967,0.0500866174697876,-0.19260865449905396,-0.09223868811579905,0.057907432317733765,-0.2551116943359375,-0.09656811619254313,0.06527552008628845,-0.30426549911499023,-0.09912064040156565
0.0,0.0,0.0,-0.03373640775680542,-0.06734222173690796,-0.04052519879721217,-0.04174989461898804,-0.1447046995162964,-0.07315597764633708,-0.026734262704849243,-0.20245778560638428,-0.09501200995825343,-0.00648072361946106,-0.24179834127426147,-0.1168013819255691,-0.03308573365211487,-0.08746528625488281,-0.12046889297150187,-0.0025732219219207764,-0.21280604600906372,-0.15608336112879329,0.019027888774871826,-0.28572726249694824,-0.16486895165823512,0.03835996985435486,-0.33692383766174316,-0.1681627490320068,0.009652793407440186,-0.05848407745361328,-0.11331056139849238,0.0376242995262146,-0.2064971923828125,-0.1497453459300857,0.05076947808265686,-0.2891883850097656,-0.15487094304941706,0.06253093481063843,-0.3452494144439697,-0.1573723264732223,0.0505850613117218,-0.0511896014213562,-0.10377003333948664,0.06617128849029541,-0.19995033740997314,-0.13452541909597926,0.07268184423446655,-0.2781437635421753,-0.13478115282438807,0.08069562911987305,-0.3341929316520691,-0.13276726088903956,0.08549290895462036,-0.055712878704071045,-0.09552568278692775,0.09011280536651611,-0.17795366048812866,-0.11716520122669749,0.08967280387878418,-0.23831862211227417,-0.1168408551015716,0.09315907955169678,-0.2810781002044678,-0.11500842205666117
0.0,0.0,0.0,0.02112939953804016,-0.03593564033508301,-0.020249469677480647,0.04355156421661377,-0.10128772258758545,-0.044347245717915484,0.053882986307144165,-0.1817171573638916,-0.06259143772211928,0.05626535415649414,-0.242645263671875,-0.08573955717173476,0.05398136377334595,-0.03632110357284546,-0.08912321599808593,0.07151195406913757,-0.18255013227462769,-0.11250618519869704,0.08124154806137085,-0.26084667444229126,-0.12167700054732222,0.08804300427436829,-0.3112950325012207,-0.12869304093209166,0.040647417306900024,-0.025212764739990234,-0.09149674000826735,0.06352895498275757,-0.18307185173034668,-0.11089107068863768,0.07385623455047607,-0.27354782819747925,-0.1190576297291841,0.07923707365989685,-0.3386520743370056,-0.13178762468186278,0.030131489038467407,-0.037343382835388184,-0.09005281003800292,0.05058199167251587,-0.18750637769699097,-0.10979534360257048,0.06383484601974487,-0.27096593379974365,-0.11782571348038573,0.07310959696769714,-0.3292747139930725,-0.12862328859654326,0.01775956153869629,-0.06427526473999023,-0.08774552913990874,0.030732393264770508,-0.1874384880065918,-0.10854825797167678,0.0394151508808136,-0.2537786364555359,-0.11343595805254836,0.04545348882675171,-0.30454230308532715,-0.11929708393898864
0.0,0.0,0.0,-0.0017940700054168701,-0.050188541412353516,-0.040467289799579476,0.0031897127628326416,-0.10932713747024536,-0.07590478804124245,0.008503645658493042,-0.16814827919006348,-0.10187593247903237,0.012615740299224854,-0.20988500118255615,-0.13087953027499566,0.023433595895767212,-0.033573031425476074,-0.11596535291684518,0.039919912815093994,-0.17403388023376465,-0.15336594876063714,0.0507817268371582,-0.2544713020324707,-0.1721697091699923,0.060409486293792725,-0.31097322702407837,-0.18460259732020745,0.02908855676651001,-0.013323366641998291,-0.11161237355483422,0.04193940758705139,-0.17188841104507446,-0.14443027373565087,0.04784262180328369,-0.259973406791687,-0.15685870643866906,0.05358010530471802,-0.32316434383392334,-0.17009373899711022,0.03341573476791382,-0.018167495727539062,-0.10541272308839211,0.04300427436828613,-0.17133229970932007,-0.13412893708957085,0.05082744359970093,-0.2569708228111267,-0.14116864796889672,0.059512436389923096,-0.31756341457366943,-0.1486864626051272,0.035220205783843994,-0.03670281171798706,-0.10056644078505883,0.04071524739265442,-0.1650136113166809,-0.12503571208728204,0.04333499073982239,-0.23334789276123047,-0.12942101951850304,0.04501914978027344,-0.28256070613861084,-0.1336773723007525
0.0,0.0,0.0,0.04609525203704834,-0.028605222702026367,-0.020929771934675045,0.07985997200012207,-0.08942800760269165,-0.04567898762695677,0.08917245268821716,-0.165663480758667,-0.06452871811859495,0.08216053247451782,-0.22502171993255615,-0.08791345310680754,0.08771258592605591,-0.044100165367126465,-0.08968596858255751,0.0975450873374939,-0.1848776936531067,-0.11944585246317274,0.09886527061462402,-0.2600770592689514,-0.13388058495991118,0.10122412443161011,-0.3123210668563843,-0.14345936429970152,0.050816863775253296,-0.03478580713272095,-0.09349114400617964,0.0672072172164917,-0.1872221827507019,-0.11880359006397612,0.07389360666275024,-0.2742353677749634,-0.12607012641899473,0.07891088724136353,-0.33429086208343506,-0.13627846491806395,0.015340656042098999,-0.04855465888977051,-0.09482669038050062,0.03442677855491638,-0.19123601913452148,-0.12034554732315428,0.05111229419708252,-0.2742706537246704,-0.12441410077087767,0.06418594717979431,-0.32965487241744995,-0.12940128100387938,-0.017347276210784912,-0.07586193084716797,-0.0956967319297064,0.002228260040283203,-0.19148987531661987,-0.12192124826185591,0.01856410503387451,-0.2515715956687927,-0.12645204318039305,0.03142821788787842,-0.2934340238571167,-0.1298521901416052
0.0,0.0,0.0,-0.02115398645401001,-0.04818195104598999,-0.029776069804427152,-0.032244473695755005,-0.10921138525009155,-0.05939755169987393,-0.03215831518173218,-0.1792006492614746,-0.08158038882851315,-0.027163982391357422,-0.2292804718017578,-0.10884251026749325,-0.009122252464294434,-0.02600085735321045,-0.10346363066076947,-0.009705424308776855,-0.16934537887573242,-0.12983181653856946,-0.0003636181354522705,-0.2473328709602356,-0.14172176597952557,0.01173439621925354,-0.29936349391937256,-0.15135040460467053,0.0038422346115112305,-0.01427394151687622,-0.10177405504822445,0.019260644912719727,-0.16961342096328735,-0.12094734935402585,0.026906073093414307,-0.26257312297821045,-0.12936129747271252,0.03145548701286316,-0.3332948684692383,-0.14347779332041455,0.016791313886642456,-0.02553117275238037,-0.09627287416100216,0.0266878604888916,-0.1736907958984375,-0.11510017095446301,0.031634122133255005,-0.25910454988479614,-0.12238484202265454,0.03633689880371094,-0.32138293981552124,-0.1338876443946333,0.02222934365272522,-0.0495336651802063,-0.09112074552416516,0.021145910024642944,-0.17209899425506592,-0.1104000094377966,0.01830393075942993,-0.2416885495185852,-0.1144891190373869,0.01563623547554016,-0.2951597571372986,-0.12064154027342511
0.0,0.0,0.0,-0.028494596481323242,-0.043348848819732666,-0.022322782190530077,-0.032287806272506714,-0.10402727127075195,-0.03850528492221095,-0.012347817420959473,-0.15093457698822021,-0.04697241155990817,0.007176846265792847,-0.17816030979156494,-0.05479243292102076,-0.024261057376861572,-0.07356464862823486,-0.07503851770052172,-0.0029084384441375732,-0.16679799556732178,-0.0948052507508681,0.009572863578796387,-0.2176499366760254,-0.09728447614797808,0.02040615677833557,-0.25372904539108276,-0.09650978712925173,0.010043054819107056,-0.06233257055282593,-0.06907405971178271,0.028001517057418823,-0.16677355766296387,-0.08885545550474383,0.035605043172836304,-0.22358489036560059,-0.08925833819994189,0.04180076718330383,-0.2620541453361511,-0.08793621777185656,0.04028412699699402,-0.06094670295715332,-0.06093574209698893,0.05087503790855408,-0.15761864185333252,-0.07639313756117083,0.05347821116447449,-0.20944547653198242,-0.07579479633459307,0.05558934807777405,-0.24578022956848145,-0.07365721731075503,0.06276479363441467,-0.06712806224822998,-0.053058250682441965,0.06274089217185974,-0.1438475251197815,-0.0641028758753226,0.058758288621902466,-0.18303591012954712,-0.06388575850614764,0.05687937140464783,-0.2089782953262329,-0.0622015659380839
0.0,0.0,0.0,-0.02934601902961731,-0.03431469202041626,-0.023847609332868558,-0.0353580117225647,-0.09566336870193481,-0.040072382933566075,-0.01561024785041809,-0.14571070671081543,-0.04845921093887995,0.005006939172744751,-0.17067420482635498,-0.05612908074922274,-0.02638089656829834,-0.06525206565856934,-0.07371669406361292,-0.00628507137298584,-0.15748411417007446,-0.0938045769400091,0.004243016242980957,-0.20756536722183228,-0.0970036029285879,0.014174997806549072,-0.24437403678894043,-0.09711174065537165,0.007178366184234619,-0.054885149002075195,-0.06786879295773218,0.023741334676742554,-0.1559276580810547,-0.08813567603296946,0.031553298234939575,-0.21436846256256104,-0.09095608586735437,0.03913125395774841,-0.25701314210891724,-0.0916429176396818,0.03704079985618591,-0.054227232933044434,-0.060276379383275014,0.046529561281204224,-0.14721018075942993,-0.07707039410538385,0.05053994059562683,-0.20213305950164795,-0.080477842635581,0.05282363295555115,-0.24381029605865479,-0.08118414277500818,0.06075260043144226,-0.0614888072013855,-0.052953583694169026,0.0607164204120636,-0.13412213325500488,-0.06727328295178125,0.059217602014541626,-0.1765817403793335,-0.07133191222614954,0.05869743227958679,-0.20942318439483643,-0.07259157443709086
0.0,0.0,0.0,0.025769561529159546,-0.016063988208770752,-0.027042811783957177,0.04430624842643738,-0.07222628593444824,-0.04426571172754734,0.05067363381385803,-0.132368803024292,-0.053108027252363854,0.05138880014419556,-0.17479127645492554,-0.062050716998982125,0.028770536184310913,-0.044225454330444336,-0.07702755001466244,0.045924752950668335,-0.1426914930343628,-0.09787129429261654,0.05456775426864624,-0.19609880447387695,-0.10340340253989666,0.061632752418518066,-0.23598051071166992,-0.10512669202964275,0.015215516090393066,-0.046263933181762695,-0.0690555256335017,0.027095317840576172,-0.15020298957824707,-0.09000731823127239,0.0334244966506958,-0.20969319343566895,-0.09404871431272,0.039603352546691895,-0.24979376792907715,-0.09605532703082531,0.003751307725906372,-0.05973196029663086,-0.05946361092011898,0.011181265115737915,-0.15606176853179932,-0.07622881797234982,0.016759812831878662,-0.20736640691757202,-0.0792474207011935,0.023161768913269043,-0.2430657148361206,-0.07953534093778103,-0.0035614967346191406,-0.08141058683395386,-0.05020326939504116,0.004416793584823608,-0.1560925841331482,-0.06357187596242397,0.011559128761291504,-0.1942305564880371,-0.0667018052665469,0.019058287143707275,-0.22140628099441528,-0.0672881734101054
0.0,0.0,0.0,-0.024730414152145386,-0.03280717134475708,-0.03126406424712236,-0.030000627040863037,-0.09363371133804321,-0.052276005382052015,-0.015429973602294922,-0.14351117610931396,-0.06378835567306573,-9.521842002868652e-05,-0.17469394207000732,-0.07437978067468698,-0.012852966785430908,-0.05580335855484009,-0.08801263698410089,0.008605211973190308,-0.15683943033218384,-0.11173912265371377,0.019776135683059692,-0.21254199743270874,-0.11666687705587442,0.029077231884002686,-0.25178802013397217,-0.11770659812759454,0.013787120580673218,-0.048528194427490234,-0.07853896298479135,0.02682766318321228,-0.15758883953094482,-0.10184260585378702,0.03029000759124756,-0.2170013189315796,-0.10303386428426797,0.03349623084068298,-0.256750226020813,-0.10249778010915811,0.03576773405075073,-0.053904950618743896,-0.06760396936010415,0.04073479771614075,-0.1547488570213318,-0.08549969770978982,0.040180474519729614,-0.20918291807174683,-0.08492203184436853,0.0402810275554657,-0.2478712797164917,-0.08289305248331125,0.05361083149909973,-0.06673908233642578,-0.057716419333925795,0.05204465985298157,-0.1481432318687439,-0.07269199320148523,0.04918268322944641,-0.19205623865127563,-0.07503016420673425,0.04897013306617737,-0.22477304935455322,-0.07478427269529397
0.0,0.0,0.0,-0.030543357133865356,-0.04786914587020874,-0.041312483112164955,-0.037462323904037476,-0.11374425888061523,-0.06919455991203449,-0.021390408277511597,-0.16701143980026245,-0.08516526685173176,-0.0008223652839660645,-0.20593112707138062,-0.10069673971349857,-0.022757738828659058,-0.05572068691253662,-0.1141747878592696,0.0029132068157196045,-0.1670517921447754,-0.144297552267858,0.015841811895370483,-0.23706471920013428,-0.151565116802999,0.026728719472885132,-0.28566986322402954,-0.15457360164339207,0.015063256025314331,-0.04199349880218506,-0.10263726578170917,0.0280953049659729,-0.1637364625930786,-0.1321225287121024,0.03214627504348755,-0.2391660213470459,-0.1348087610405173,0.03500020503997803,-0.2902412414550781,-0.13624712542707584,0.047833800315856934,-0.044712185859680176,-0.08929261283094547,0.04689180850982666,-0.16155415773391724,-0.11227274403984211,0.04560282826423645,-0.22598063945770264,-0.1118055628340926,0.045846015214920044,-0.27045494318008423,-0.1108602555196967,0.07425454258918762,-0.05575019121170044,-0.07780296073372028,0.06528648734092712,-0.14847344160079956,-0.09736628548319004,0.05781713128089905,-0.1969960331916809,-0.10008727477008961,0.05510780215263367,-0.23143088817596436,-0.10076125429088734
0.0,0.0,0.0,-0.029501140117645264,-0.038345158100128174,-0.0380231006342342,-0.038929879665374756,-0.09398025274276733,-0.06528873502196575,-0.028361201286315918,-0.14312589168548584,-0.08210003136576915,-0.010336905717849731,-0.1786947250366211,-0.09948121516885067,-0.03486907482147217,-0.02894449234008789,-0.11032298712910915,-0.009402155876159668,-0.13572990894317627,-0.13921834289016033,0.007293254137039185,-0.20254617929458618,-0.14663535117091442,0.020078569650650024,-0.25164473056793213,-0.1500644957918098,-0.0009104907512664795,-0.013861238956451416,-0.10076566546143795,0.011894762516021729,-0.13166427612304688,-0.1299609219926765,0.019305825233459473,-0.20862537622451782,-0.13412448524417186,0.023604482412338257,-0.2618185877799988,-0.13742229103030468,0.03154098987579346,-0.0165482759475708,-0.08895127235831524,0.03469133377075195,-0.13160687685012817,-0.11209356545390392,0.03615698218345642,-0.19790595769882202,-0.11208037792624737,0.03774881362915039,-0.2430957555770874,-0.11177260934294964,0.061068594455718994,-0.028727471828460693,-0.078627703179734,0.056652843952178955,-0.12217360734939575,-0.09679915516557003,0.0513453483581543,-0.17232972383499146,-0.09790374844254757,0.049387574195861816,-0.20630526542663574,-0.09811761735858227
0.0,0.0,0.0,-0.027235031127929688,-0.04405158758163452,-0.03589053495262817,-0.0324559211730957,-0.10550719499588013,-0.06105775801871971,-0.01790347695350647,-0.15762442350387573,-0.07621458588575081,0.0003020763397216797,-0.19142496585845947,-0.09163048534129814,-0.02785944938659668,-0.043940186500549316,-0.10186910299991325,-0.004151761531829834,-0.153389573097229,-0.12960298030112938,0.009418845176696777,-0.21786284446716309,-0.13700408904288963,0.020310580730438232,-0.26407957077026367,-0.14003307788108543,0.00446474552154541,-0.026666462421417236,-0.09244839517806724,0.01774698495864868,-0.14722579717636108,-0.1202524420473452,0.023485273122787476,-0.21979081630706787,-0.124353889808404,0.027581214904785156,-0.2691158056259155,-0.1270370301458712,0.03523978590965271,-0.026691317558288574,-0.08105814872716621,0.04151377081871033,-0.144217848777771,-0.10419743923877434,0.042210400104522705,-0.20957529544830322,-0.10449770508741096,0.043560028076171875,-0.25532472133636475,-0.1034331288788195,0.06307798624038696,-0.036508262157440186,-0.0708292093727465,0.06218451261520386,-0.13294076919555664,-0.08901775299047188,0.057900071144104004,-0.1837071180343628,-0.09003564386104301,0.056986093521118164,-0.2183275818824768,-0.08952864675258354
0.0,0.0,0.0,-0.02191290259361267,-0.040117621421813965,-0.036491965396535875,-0.023634284734725952,-0.10490334033966064,-0.06070210178030777,-0.010686308145523071,-0.16471809148788452,-0.0750830895139103,0.00582963228225708,-0.20397406816482544,-0.08980042998327065,-0.01619410514831543,-0.05035907030105591,-0.0963831371499424,0.006737560033798218,-0.15748828649520874,-0.12349928681386757,0.019527584314346313,-0.22287297248840332,-0.13185948644412804,0.029518187046051025,-0.2698509693145752,-0.13568972562087822,0.01175341010093689,-0.034034788608551025,-0.08628967170251656,0.021092474460601807,-0.15396755933761597,-0.11236907307637978,0.02580791711807251,-0.22989672422409058,-0.11788526688350487,0.02800777554512024,-0.281721293926239,-0.1220670542551403,0.037312060594558716,-0.03440278768539429,-0.0746146566106205,0.04109448194503784,-0.14996325969696045,-0.09674291823638725,0.04140976071357727,-0.21902483701705933,-0.09897413615716744,0.04084178805351257,-0.2673183083534241,-0.09945779059661675,0.0611211359500885,-0.044062256813049316,-0.06415226821435738,0.0626932680606842,-0.13985615968704224,-0.08192349736226845,0.05946400761604309,-0.19271308183670044,-0.08389051769508171,0.05738183856010437,-0.2288692593574524,-0.08406513695253182
0.0,0.0,0.0,-0.03117731213569641,-0.04485279321670532,-0.03689492680729245,-0.038425058126449585,-0.10822856426239014,-0.06366631202996587,-0.024108409881591797,-0.16174989938735962,-0.08100154810250615,-0.006563514471054077,-0.19790500402450562,-0.09865798615516042,-0.018583595752716064,-0.061266541481018066,-0.09775172733367299,-0.00089225172996521,-0.16865044832229614,-0.12536906265319203,0.010196685791015625,-0.23044681549072266,-0.1334020700365386,0.021787703037261963,-0.2754608988761902,-0.13737290166915272,0.01920771598815918,-0.04851943254470825,-0.08904428594411229,0.02996194362640381,-0.17012691497802734,-0.11521659605801915,0.03260493278503418,-0.23977965116500854,-0.11983319186271046,0.035869598388671875,-0.28779250383377075,-0.12346549891532277,0.05192911624908447,-0.05066359043121338,-0.07886165194810246,0.05562955141067505,-0.16713076829910278,-0.10087748431266164,0.05436497926712036,-0.2317335605621338,-0.10290896706879948,0.05577218532562256,-0.2780129313468933,-0.10400036536753987,0.07823652029037476,-0.060434579849243164,-0.07018574141562794,0.0745815634727478,-0.15529006719589233,-0.08767764084637975,0.06767088174819946,-0.20469284057617188,-0.08978368156255101,0.06455570459365845,-0.23980897665023804,-0.09052260779441212
0.0,0.0,0.0,-0.030540436506271362,-0.046772658824920654,-0.03968208558568165,-0.035268932580947876,-0.11749756336212158,-0.06495080046066448,-0.01654556393623352,-0.17485743761062622,-0.07883880190262005,0.006714582443237305,-0.21209800243377686,-0.09221068672546551,-0.014226824045181274,-0.06697618961334229,-0.10262001953729794,0.009276270866394043,-0.17766255140304565,-0.12907577953943417,0.021576911211013794,-0.2442372441291809,-0.13542885981210873,0.032687872648239136,-0.29149574041366577,-0.13807800315031216,0.023075193166732788,-0.05401259660720825,-0.09002198181757137,0.031820058822631836,-0.17650437355041504,-0.11515772245535061,0.03609919548034668,-0.25097084045410156,-0.11806656323084042,0.03867718577384949,-0.30236583948135376,-0.12011304400571987,0.053951531648635864,-0.05677640438079834,-0.0757588138402383,0.04922354221343994,-0.17275655269622803,-0.09536567978271648,0.047542035579681396,-0.23661643266677856,-0.09541647784122631,0.04732462763786316,-0.28016722202301025,-0.09510861240038082,0.07795968651771545,-0.06720203161239624,-0.06333314530262157,0.06893923878669739,-0.15941065549850464,-0.079339302104799,0.0606054961681366,-0.2063773274421692,-0.08097574762710735,0.056413620710372925,-0.23856991529464722,-0.08115688614257976
0.0,0.0,0.0,-0.031680941581726074,-0.03725433349609375,-0.02667486111469941,-0.03899618983268738,-0.09085077047348022,-0.047025011878687906,-0.021588653326034546,-0.13391494750976562,-0.0596626866871901,-0.0012884140014648438,-0.157484769821167,-0.07242554242559152,-0.02859070897102356,-0.048050642013549805,-0.08350109125323968,-0.010848313570022583,-0.1401766538619995,-0.10735799933620171,-0.0006005167961120605,-0.19239622354507446,-0.11353599096484857,0.009688258171081543,-0.22928059101104736,-0.11584520156331735,0.007191330194473267,-0.03804826736450195,-0.07762605513282494,0.02163633704185486,-0.14510083198547363,-0.10034204835839944,0.02549806237220764,-0.20502573251724243,-0.10262911583133416,0.02980688214302063,-0.24219810962677002,-0.10377768988557534,0.039257317781448364,-0.03962785005569458,-0.0700006466621943,0.04580017924308777,-0.14084774255752563,-0.08894942517228799,0.04477882385253906,-0.19683068990707397,-0.08992162163205819,0.045098572969436646,-0.23514848947525024,-0.0894381609077044,0.0647975504398346,-0.04846811294555664,-0.06300723369069772,0.060671836137771606,-0.1291918158531189,-0.07743861342616754,0.05383768677711487,-0.17145049571990967,-0.0788066666836329,0.05000296235084534,-0.20029860734939575,-0.07873095388360696
0.0,0.0,0.0,-0.032611995935440063,-0.0427432656288147,-0.03233864365611794,-0.040592730045318604,-0.10334795713424683,-0.05507743938360932,-0.025170475244522095,-0.15140694379806519,-0.06919780208264115,-0.005638808012008667,-0.1786898374557495,-0.08321140541229965,-0.020544081926345825,-0.0618099570274353,-0.08703248037491562,-0.005927383899688721,-0.15729081630706787,-0.11085171087179901,0.0028581619262695312,-0.21437913179397583,-0.11691324992571595,0.011057168245315552,-0.2555432915687561,-0.1196877865353656,0.015325456857681274,-0.05074572563171387,-0.0793513117590976,0.024835824966430664,-0.15792375802993774,-0.10263473375235321,0.026295334100723267,-0.22029149532318115,-0.10616551919375183,0.028334617614746094,-0.26252591609954834,-0.10859797729645493,0.045004814863204956,-0.05250382423400879,-0.07018653138075592,0.048634231090545654,-0.15625911951065063,-0.09034661783371689,0.04613032937049866,-0.2146848440170288,-0.09209243042860749,0.04533421993255615,-0.2566871643066406,-0.09250790460501435,0.0673656165599823,-0.061978280544281006,-0.062114989594562076,0.06256899237632751,-0.1481947898864746,-0.07832323594485047,0.05562278628349304,-0.19191259145736694,-0.08039770855103257,0.05222618579864502,-0.22241395711898804,-0.08086101545487168
0.0,0.0,0.0,-0.024992138147354126,-0.02718067169189453,-0.02653873736014134,-0.030701488256454468,-0.07194864749908447,-0.043995892870924536,-0.01902046799659729,-0.11670923233032227,-0.05381137715627915,-0.003995269536972046,-0.14919811487197876,-0.06342948438575036,-0.03555569052696228,-0.018591642379760742,-0.07661813707997567,-0.019077837467193604,-0.10595452785491943,-0.09704310657431847,-0.008516937494277954,-0.16022950410842896,-0.10118004890134102,0.0010833442211151123,-0.19860905408859253,-0.10254918994357354,-0.0058390796184539795,-0.007019221782684326,-0.06998440088679558,0.006602942943572998,-0.10612356662750244,-0.09069688828637368,0.01200440526008606,-0.1669297218322754,-0.09336574586083657,0.016761213541030884,-0.2078534960746765,-0.09515839280535943,0.023831695318222046,-0.009264349937438965,-0.06186636747767693,0.029962897300720215,-0.10382229089736938,-0.08061615588118798,0.029669374227523804,-0.16145449876785278,-0.08233934106280572,0.028964221477508545,-0.20356547832489014,-0.08220938803603417,0.050949543714523315,-0.020322740077972412,-0.05432368280341393,0.04668170213699341,-0.09684514999389648,-0.06939514936854607,0.04082569479942322,-0.14133697748184204,-0.07183080377032525,0.03711050748825073,-0.17366135120391846,-0.07267921628405816
0.0,0.0,0.0,-0.04062584042549133,-0.04466354846954346,-0.029077967343976496,-0.05574113130569458,-0.10995864868164062,-0.05164544255857706,-0.039755046367645264,-0.1658150553703308,-0.06459441007499933,-0.018456637859344482,-0.20258736610412598,-0.07697553904180765,-0.04054361581802368,-0.0749998688697815,-0.10003367037897348,-0.02374681830406189,-0.19301313161849976,-0.12602166057949304,-0.014027208089828491,-0.2585355043411255,-0.1283289861810708,-0.0030798912048339844,-0.30307990312576294,-0.12678439141636133,0.005420327186584473,-0.06894636154174805,-0.09279896290426493,0.014230102300643921,-0.19994962215423584,-0.1204334196579957,0.016173332929611206,-0.2736237645149231,-0.1215158102047944,0.01933819055557251,-0.3198210597038269,-0.12038622022991419,0.04414975643157959,-0.07408750057220459,-0.08276062430267572,0.04514956474304199,-0.1968289017677307,-0.10526067735080957,0.0417485237121582,-0.26615607738494873,-0.10676906974439859,0.03938943147659302,-0.3129498362541199,-0.1055621427429223,0.07182657718658447,-0.08555370569229126,-0.07285734237556696,0.05903846025466919,-0.1813969612121582,-0.09000249178533792,0.04861092567443848,-0.2300933599472046,-0.0921576690805459,0.041571617126464844,-0.26213234663009644,-0.09167581768160105
0.0,0.0,0.0,-0.040574342012405396,-0.03926193714141846,-0.032891948761585965,-0.05583658814430237,-0.1032189130783081,-0.0574500347098148,-0.04018273949623108,-0.16025042533874512,-0.07128493586385609,-0.021254748106002808,-0.2017505168914795,-0.08437849679792286,-0.0398811399936676,-0.0700574517250061,-0.10652538487518193,-0.024240553379058838,-0.18716037273406982,-0.1339394236525333,-0.01417437195777893,-0.25258147716522217,-0.13727005669677617,-0.003551393747329712,-0.29769665002822876,-0.13660694012248875,0.005688518285751343,-0.06610065698623657,-0.09764187881553532,0.014906883239746094,-0.19607818126678467,-0.12602783093059422,0.015769243240356445,-0.268078088760376,-0.12637370178306462,0.01848277449607849,-0.31271153688430786,-0.12491928139531971,0.043812721967697144,-0.07344430685043335,-0.08613783964717747,0.04355558753013611,-0.19366055727005005,-0.10912510851228596,0.0394115149974823,-0.26082003116607666,-0.1096396977623737,0.03809663653373718,-0.30604350566864014,-0.1081070537289417,0.0711604654788971,-0.08743536472320557,-0.07518384704196812,0.05760952830314636,-0.18038558959960938,-0.0931040058454311,0.04616054892539978,-0.22769391536712646,-0.09540181705558659,0.040199488401412964,-0.2592926025390625,-0.09529355266893269
0.0,0.0,0.0,-0.0418969988822937,-0.04282718896865845,-0.02938076620785668,-0.06051310896873474,-0.10898017883300781,-0.0529153435477443,-0.04718068242073059,-0.16593676805496216,-0.06670391699163392,-0.026158660650253296,-0.20095539093017578,-0.0796746551045604,-0.044534504413604736,-0.06883972883224487,-0.10278743645040467,-0.025487065315246582,-0.1872267723083496,-0.12917088111726716,-0.015447467565536499,-0.2516627311706543,-0.1310747428783603,-0.005838185548782349,-0.29512715339660645,-0.12874026736108735,0.0016744136810302734,-0.06149697303771973,-0.09488345077125504,0.011384725570678711,-0.19562679529190063,-0.12197303911535218,0.01376873254776001,-0.2682216167449951,-0.12185488035766556,0.016776174306869507,-0.3141070604324341,-0.11980629106847718,0.04139783978462219,-0.06745785474777222,-0.08394798030940964,0.04233786463737488,-0.19199705123901367,-0.10597313335029557,0.039623111486434937,-0.2577650547027588,-0.10612406721202805,0.03813806176185608,-0.3021499514579773,-0.10386445512859299,0.06996634602546692,-0.08041036128997803,-0.07313648750869706,0.05615219473838806,-0.17815911769866943,-0.08904145797578766,0.04613855481147766,-0.2227606177330017,-0.08983950456468537,0.039968281984329224,-0.2502260208129883,-0.08840759238092377
0.0,0.0,0.0,-0.04183873534202576,-0.04063016176223755,-0.033726524128503854,-0.0591677725315094,-0.10498297214508057,-0.06011144401032453,-0.046531885862350464,-0.16250759363174438,-0.076003431840725,-0.02852654457092285,-0.20239436626434326,-0.09139642076093679,-0.038641124963760376,-0.07097047567367554,-0.11001627103883749,-0.024697810411453247,-0.18933790922164917,-0.13945270286399847,-0.013885200023651123,-0.25458401441574097,-0.14420279072124487,-0.003156006336212158,-0.2994481325149536,-0.14423873232204443,0.007257282733917236,-0.06495869159698486,-0.10117877231437689,0.01630541682243347,-0.19814527034759521,-0.13094151721794134,0.016826599836349487,-0.27191901206970215,-0.13145332740146642,0.017757445573806763,-0.31799209117889404,-0.13009264276821142,0.04465863108634949,-0.07149499654769897,-0.08957508163053518,0.044755905866622925,-0.19524544477462769,-0.11349518553812032,0.03952762484550476,-0.2622959613800049,-0.11256901876527792,0.037408024072647095,-0.30714088678359985,-0.10989543752271658,0.07110199332237244,-0.08477234840393066,-0.07863088653881078,0.05884858965873718,-0.18084841966629028,-0.09540405826169973,0.04866334795951843,-0.22813475131988525,-0.09574367062646871,0.04344049096107483,-0.25879985094070435,-0.0943481321771813
0.0,0.0,0.0,-0.044275492429733276,-0.04983794689178467,-0.023772734612364843,-0.06019112467765808,-0.11910194158554077,-0.04439770190431602,-0.043244898319244385,-0.17527031898498535,-0.05701742826416023,-0.019670754671096802,-0.20890551805496216,-0.06861937923743255,-0.056964486837387085,-0.07432818412780762,-0.09004872424914367,-0.02852049469947815,-0.19231605529785156,-0.11454185976101883,-0.014250636100769043,-0.25389814376831055,-0.11546293778731354,-0.002627164125442505,-0.295208215713501,-0.11225177480294235,-0.011466443538665771,-0.061647653579711914,-0.08599450571848877,0.008441925048828125,-0.1941506266593933,-0.1135108782203389,0.01571577787399292,-0.2669689655303955,-0.11540814621760376,0.021458715200424194,-0.3164176344871521,-0.11428533627106674,0.03032621741294861,-0.06477415561676025,-0.0790674103648854,0.04006806015968323,-0.1907079815864563,-0.10161692781760223,0.04185804724693298,-0.2591683864593506,-0.10352058096243866,0.04182884097099304,-0.30898427963256836,-0.10192952437712677,0.06195703148841858,-0.07907533645629883,-0.07175569368912704,0.05603209137916565,-0.178330659866333,-0.08687011285140045,0.05116590857505798,-0.22750556468963623,-0.08734600378586777,0.04827585816383362,-0.26268529891967773,-0.0857023162992192
0.0,0.0,0.0,-0.043401509523391724,-0.04952055215835571,-0.02401865537301262,-0.05922403931617737,-0.11771214008331299,-0.04495199101999958,-0.04176792502403259,-0.17328864336013794,-0.057292879401003916,-0.017485737800598145,-0.20595884323120117,-0.06894926804140766,-0.05123347043991089,-0.07555323839187622,-0.09323475587204655,-0.027067989110946655,-0.19201946258544922,-0.11700209307507237,-0.014084696769714355,-0.2528489828109741,-0.11731307285860737,-0.0032306909561157227,-0.29276323318481445,-0.11365421193674763,-0.005953311920166016,-0.06391477584838867,-0.08805476206377705,0.01176762580871582,-0.19655275344848633,-0.11527038442925175,0.017352312803268433,-0.2685205340385437,-0.11657624023989399,0.021258533000946045,-0.3154633641242981,-0.11489273685053547,0.035189300775527954,-0.06705564260482788,-0.07949087846115788,0.043242067098617554,-0.1926211714744568,-0.10198042619065006,0.042361825704574585,-0.26119160652160645,-0.10364793318346699,0.04103699326515198,-0.3085728585720062,-0.10194429832533558,0.06489935517311096,-0.08009827136993408,-0.07032242494658192,0.05376020073890686,-0.1808089017868042,-0.085230805753028,0.04287877678871155,-0.22723102569580078,-0.08499576228693684,0.036263078451156616,-0.25602149963378906,-0.08285176831320484
0.0,0.0,0.0,-0.042580097913742065,-0.04663681983947754,-0.025488304990915367,-0.05889818072319031,-0.11440825462341309,-0.04676302065291793,-0.04316353797912598,-0.17183393239974976,-0.05955288474598319,-0.020726174116134644,-0.20680248737335205,-0.07143910144606025,-0.04898938536643982,-0.07114183902740479,-0.09250957434215934,-0.026432573795318604,-0.18842357397079468,-0.11735670183935554,-0.014030933380126953,-0.2503015995025635,-0.11874652569332511,-0.0026535391807556152,-0.2919754981994629,-0.11603226428070457,-0.003996312618255615,-0.062445759773254395,-0.0872453964237252,0.010270148515701294,-0.1942245364189148,-0.11326140825786979,0.016153991222381592,-0.2669755220413208,-0.11407162909546287,0.022092729806900024,-0.3151839077472687,-0.11262401108780296,0.03618451952934265,-0.06680691242218018,-0.0793079129342118,0.04279717803001404,-0.19130396842956543,-0.10089005445280463,0.044285744428634644,-0.25791364908218384,-0.10196877931394965,0.04541298747062683,-0.30549150705337524,-0.10004959915914924,0.06658276915550232,-0.07980591058731079,-0.07119596664944083,0.059776514768600464,-0.18019986152648926,-0.08660975759067924,0.05421915650367737,-0.22856879234313965,-0.08727709864416511,0.050744205713272095,-0.26207125186920166,-0.08569434200563819
0.0,0.0,0.0,-0.04116171598434448,-0.0441204309463501,-0.025476119826663535,-0.05756330490112305,-0.10981804132461548,-0.047102834443677466,-0.0448344349861145,-0.1650899052619934,-0.06032080517255167,-0.024121642112731934,-0.2000996470451355,-0.07256248907290797,-0.05202871561050415,-0.06879019737243652,-0.09394830779277186,-0.027974814176559448,-0.18850857019424438,-0.11936874256574015,-0.014598339796066284,-0.2513377070426941,-0.1203650416537414,-0.002530008554458618,-0.29178792238235474,-0.11718536482297282,-0.00721895694732666,-0.05824077129364014,-0.08924295322142939,0.008786112070083618,-0.19252252578735352,-0.11782113031588892,0.015038371086120605,-0.26681703329086304,-0.11921163217269282,0.0208052396774292,-0.3145129084587097,-0.11747975961409907,0.03337541222572327,-0.062036752700805664,-0.08183667377673487,0.04071354866027832,-0.18909990787506104,-0.10557721869193415,0.042095720767974854,-0.2580558657646179,-0.10708493308268885,0.04385286569595337,-0.3067326545715332,-0.10488465742312769,0.06421524286270142,-0.07493174076080322,-0.07415088580094675,0.05558198690414429,-0.1751454472541809,-0.0906796859308372,0.05021822452545166,-0.22322750091552734,-0.09159658418141703,0.048413097858428955,-0.2561681270599365,-0.08994302467547755
0.0,0.0,0.0,-0.0373002290725708,-0.05658423900604248,-0.029170583029745956,-0.04561784863471985,-0.12624776363372803,-0.05159479661798372,-0.024689048528671265,-0.18152910470962524,-0.06437428205227747,-0.0030660033226013184,-0.21758610010147095,-0.07617459355807199,-0.047114551067352295,-0.08007079362869263,-0.09891523330426111,-0.019997090101242065,-0.19339901208877563,-0.12490754484152689,-0.0036450624465942383,-0.2568210959434509,-0.12700335591053857,0.012373805046081543,-0.29906165599823,-0.12487402467942132,-0.004234015941619873,-0.06322097778320312,-0.09190459459042444,0.017759352922439575,-0.1943308711051941,-0.11934037416195764,0.028885364532470703,-0.2690955400466919,-0.12090295462822809,0.039770692586898804,-0.316649854183197,-0.11990980713581934,0.036499977111816406,-0.06282258033752441,-0.08211523949122324,0.04504305124282837,-0.18967163562774658,-0.10584930240130319,0.04907959699630737,-0.2597842216491699,-0.10855960010504617,0.05375945568084717,-0.3087347149848938,-0.10764009415125741,0.06983309984207153,-0.07241654396057129,-0.07226873843884363,0.06213688850402832,-0.17434614896774292,-0.0890442719957818,0.05524080991744995,-0.2229294776916504,-0.09011104612564935,0.0527881383895874,-0.2561650276184082,-0.08904077767348184
0.0,0.0,0.0,-0.04169571399688721,-0.04719489812850952,-0.03028223622596027,-0.052582502365112305,-0.11522239446640015,-0.0536595914140916,-0.03349912166595459,-0.16725832223892212,-0.06716784421360256,-0.011031359434127808,-0.19985443353652954,-0.0799846533313966,-0.05258101224899292,-0.0661470890045166,-0.10374776605522396,-0.027066797018051147,-0.18243873119354248,-0.13016201142227413,-0.011109888553619385,-0.2440667748451233,-0.13222981575882198,0.00581049919128418,-0.2847096920013428,-0.1304776627198434,-0.008056640625,-0.0517619252204895,-0.09663844440138103,0.01205819845199585,-0.18624645471572876,-0.12411027733242275,0.021628737449645996,-0.25864511728286743,-0.12482691887771846,0.032283931970596313,-0.3044525384902954,-0.12375790212309123,0.03335884213447571,-0.05365419387817383,-0.08663364086305858,0.04162806272506714,-0.1807122826576233,-0.11005473468458415,0.04503941535949707,-0.24828362464904785,-0.11155623529112102,0.05016261339187622,-0.2953518033027649,-0.11043183837091686,0.06653499603271484,-0.06586283445358276,-0.0767362225428796,0.05751711130142212,-0.16627365350723267,-0.09347200725233318,0.05004692077636719,-0.2136649489402771,-0.09465724561369182,0.04771822690963745,-0.2454027533531189,-0.09416590217506648
0.0,0.0,0.0,-0.037837833166122437,-0.04358243942260742,-0.03456440415645545,-0.049733489751815796,-0.1080554723739624,-0.059947101738700326,-0.03427886962890625,-0.16235369443893433,-0.07488519173527663,-0.017486363649368286,-0.19969797134399414,-0.08899424445296233,-0.04929044842720032,-0.061564505100250244,-0.10630133223200744,-0.025664925575256348,-0.17526918649673462,-0.1350729636516661,-0.010992854833602905,-0.23974817991256714,-0.13946116190815872,0.004512488842010498,-0.283690869808197,-0.1394180975523085,-0.006068795919418335,-0.047882080078125,-0.09864571165705627,0.011060088872909546,-0.17332381010055542,-0.12936282378102248,0.02108854055404663,-0.2502143383026123,-0.13404469412232345,0.03237122297286987,-0.3008196949958801,-0.13555479269886916,0.03414261341094971,-0.04984098672866821,-0.08872576278115218,0.03988024592399597,-0.17059355974197388,-0.1157984532084555,0.0459076464176178,-0.24423104524612427,-0.12263188731337493,0.05181041359901428,-0.29673057794570923,-0.12467911314631408,0.06734511256217957,-0.06253916025161743,-0.07907859456206268,0.060679227113723755,-0.161085307598114,-0.10147756558323806,0.05844298005104065,-0.21316319704055786,-0.10788797062302535,0.06002971529960632,-0.251209557056427,-0.11049001884127563
0.0,0.0,0.0,-0.03171581029891968,-0.058529436588287354,-0.04923887396719806,-0.05046665668487549,-0.1247527003288269,-0.09384963134792201,-0.051880061626434326,-0.18608736991882324,-0.12731625358131282,-0.042971253395080566,-0.2288801670074463,-0.16513039390113704,-0.04264402389526367,-0.01941525936126709,-0.1470328442242419,-0.040819913148880005,-0.16580015420913696,-0.18877670387294643,-0.0262148380279541,-0.2513048052787781,-0.20827068606880061,-0.01095464825630188,-0.31210410594940186,-0.2225854120638644,-0.017329543828964233,0.003690659999847412,-0.14037318746116512,-0.0055942535400390625,-0.16230899095535278,-0.17923271874454372,0.003425031900405884,-0.26143914461135864,-0.19687810758617275,0.006580829620361328,-0.33631765842437744,-0.21687580863502376,0.01210850477218628,0.0005831122398376465,-0.12973886946704738,0.023402512073516846,-0.15970730781555176,-0.16337479869392268,0.030653655529022217,-0.25647276639938354,-0.17643502573039882,0.03265422582626343,-0.32708168029785156,-0.19058500448730342,0.038931190967559814,-0.01553875207901001,-0.1204505808141505,0.0497172474861145,-0.14398765563964844,-0.14816872993972652,0.05424511432647705,-0.2216281294822693,-0.15701915542152278,0.054161250591278076,-0.2805955410003662,-0.16727005163696163
0.0,0.0,0.0,0.0356745719909668,-0.044090449810028076,-0.031170201065748415,0.06036975979804993,-0.1188737154006958,-0.06364460154136964,0.06785258650779724,-0.20141088962554932,-0.08857729150614091,0.06146278977394104,-0.2568965554237366,-0.11875430359205552,0.06946209073066711,-0.0678829550743103,-0.11026249690613099,0.07180026173591614,-0.2178022861480713,-0.14596375687679597,0.07706445455551147,-0.3055502772331238,-0.16442860527595826,0.08069652318954468,-0.3669084906578064,-0.17744748159012147,0.04264545440673828,-0.045859456062316895,-0.11167326434215852,0.0542350709438324,-0.21143341064453125,-0.14592511816582032,0.06213563680648804,-0.3127804398536682,-0.1621847735222275,0.06502434611320496,-0.3861202597618103,-0.17925611003002473,0.019312888383865356,-0.05072617530822754,-0.10982226445040055,0.03356975317001343,-0.21201461553573608,-0.14339567585548707,0.049128949642181396,-0.3098198175430298,-0.1560887680824692,0.05877086520195007,-0.3757912516593933,-0.16722345216831513,-0.0028048455715179443,-0.07374328374862671,-0.10754456980785676,0.015733182430267334,-0.20823901891708374,-0.13705916567406007,0.03137630224227905,-0.28218650817871094,-0.14481338723263093,0.03945240378379822,-0.33498090505599976,-0.15189027650913545
0.0,0.0,0.0,-0.04393112659454346,-0.05248516798019409,-0.047569246860319936,-0.0727832019329071,-0.1126793622970581,-0.09219782602983173,-0.07741779088973999,-0.16224485635757446,-0.12631685090261158,-0.06383475661277771,-0.19510418176651,-0.1647897417564934,-0.06369253993034363,-0.023578166961669922,-0.15114149999814686,-0.0538308322429657,-0.1550968885421753,-0.19400120330053028,-0.03433486819267273,-0.23500609397888184,-0.21116014373498615,-0.014864414930343628,-0.2951412796974182,-0.22311583709912952,-0.023659467697143555,0.000729680061340332,-0.14568538022237476,-0.010564953088760376,-0.15425390005111694,-0.18768433284955677,0.0015251338481903076,-0.2534303665161133,-0.20268694114881214,0.006712287664413452,-0.3271098732948303,-0.21846764338212665,0.01808387041091919,0.0031862854957580566,-0.13590428781705555,0.027171730995178223,-0.15259462594985962,-0.1702240611334389,0.03208267688751221,-0.2471390962600708,-0.17919055175977405,0.0336017906665802,-0.3141273856163025,-0.18878342759805378,0.054073840379714966,-0.006816744804382324,-0.12767550897794422,0.0569787323474884,-0.13345956802368164,-0.15482760024266895,0.05930104851722717,-0.20877772569656372,-0.16120401573377308,0.05885913968086243,-0.26224106550216675,-0.16841340613561329
0.0,0.0,0.0,-0.04115414619445801,-0.06091529130935669,-0.04616312294641034,-0.06353628635406494,-0.13271117210388184,-0.08810002341309087,-0.060020893812179565,-0.19149762392044067,-0.11924957468548314,-0.040095627307891846,-0.23099762201309204,-0.15378159269133107,-0.048177361488342285,-0.042996883392333984,-0.1440086512211849,-0.03496578335762024,-0.1856217384338379,-0.18498632296362416,-0.01578393578529358,-0.2665903568267822,-0.20073603078165547,0.0033266842365264893,-0.324959933757782,-0.21119578167238728,-0.009210705757141113,-0.01996833086013794,-0.13739468141832845,0.00600084662437439,-0.18305683135986328,-0.17580638810434834,0.018364638090133667,-0.2791019678115845,-0.1881331501845409,0.02335500717163086,-0.34872376918792725,-0.2018428592328121,0.030191630125045776,-0.019769608974456787,-0.1268994210604717,0.041213005781173706,-0.17859715223312378,-0.1587883530501415,0.046872854232788086,-0.27064406871795654,-0.16685168429651753,0.04911002516746521,-0.33615642786026,-0.175768926585107,0.06439027190208435,-0.030360937118530273,-0.11778765901365773,0.06887820363044739,-0.15696656703948975,-0.14368976637163655,0.07145199179649353,-0.2315000295639038,-0.14960025235453145,0.07176432013511658,-0.2856150269508362,-0.15603488668241994
0.0,0.0,0.0,-0.00545087456703186,-0.0440213680267334,-0.0289311400452803,0.003843069076538086,-0.11524158716201782,-0.046734045336599195,0.016917556524276733,-0.17794084548950195,-0.054946879933233106,0.025403887033462524,-0.22376686334609985,-0.06257476199662193,-0.008883118629455566,-0.07682770490646362,-0.08449677665030464,0.008271396160125732,-0.19613981246948242,-0.10113873619830116,0.018167465925216675,-0.26319974660873413,-0.09934248317276939,0.027127981185913086,-0.3087924122810364,-0.09615776974951729,0.010806113481521606,-0.05762845277786255,-0.07468333382403358,0.023956000804901123,-0.18614143133163452,-0.09491779197251304,0.03014129400253296,-0.26467835903167725,-0.09468261439597114,0.03299519419670105,-0.31557774543762207,-0.09320375610386833,0.030625134706497192,-0.05606675148010254,-0.06235808048641189,0.038479506969451904,-0.1756356954574585,-0.07899242926632866,0.041634440422058105,-0.24774998426437378,-0.07940399188792213,0.04310491681098938,-0.29465776681900024,-0.07756232012307152,0.051745057106018066,-0.06465274095535278,-0.050255990664119565,0.054668575525283813,-0.15653783082962036,-0.06156681392585739,0.05446207523345947,-0.21079564094543457,-0.06151061792170509,0.05433914065361023,-0.24647647142410278,-0.06004026074206337
0.0,0.0,0.0,-0.03549477458000183,-0.05088859796524048,-0.024718727768163973,-0.04406768083572388,-0.12102603912353516,-0.04411805965075999,-0.023988306522369385,-0.1735934019088745,-0.05543758891592532,-0.000908195972442627,-0.20089274644851685,-0.0660134310282281,-0.03980976343154907,-0.0788690447807312,-0.08619126476417094,-0.01354023814201355,-0.1839667558670044,-0.10937438704143077,0.0020658373832702637,-0.24053341150283813,-0.11079383440385371,0.01726752519607544,-0.2772930860519409,-0.10871222414145976,-0.00026866793632507324,-0.0623551607131958,-0.08115011252532511,0.022940784692764282,-0.18752390146255493,-0.10542976655135661,0.03352120518684387,-0.25415462255477905,-0.10525365717778712,0.04386991262435913,-0.29449427127838135,-0.1030368263281396,0.03672954440116882,-0.06059235334396362,-0.07384736634860545,0.04915347695350647,-0.17918431758880615,-0.09475733138690501,0.053777605295181274,-0.24098610877990723,-0.09508925475249796,0.05948176980018616,-0.28238773345947266,-0.09254467286239176,0.0667802095413208,-0.0675000548362732,-0.06659298934112101,0.06538417935371399,-0.16383856534957886,-0.0809277946508935,0.06292831897735596,-0.20819330215454102,-0.08085971869597941,0.06393036246299744,-0.2370399832725525,-0.0790357048071435
0.0,0.0,0.0,-0.032555729150772095,-0.04488980770111084,-0.03242725017491921,-0.038555413484573364,-0.10412091016769409,-0.05550282704655274,-0.020505428314208984,-0.1502058506011963,-0.06999907526198967,-0.0013343095779418945,-0.180264413356781,-0.08438061806384667,-0.01676115393638611,-0.06815916299819946,-0.08851867052737816,0.0031995177268981934,-0.16295260190963745,-0.11287423106853112,0.014526158571243286,-0.21971189975738525,-0.11916399630729302,0.024724483489990234,-0.2608744502067566,-0.12200301024142846,0.021356672048568726,-0.05660068988800049,-0.08078861120168312,0.03651559352874756,-0.1648693084716797,-0.10497791203681572,0.040123045444488525,-0.22727501392364502,-0.10876347753230675,0.043476223945617676,-0.2689306139945984,-0.11122272792283638,0.05215352773666382,-0.056372880935668945,-0.07144857826654061,0.06175360083580017,-0.1595739722251892,-0.09246701630775078,0.060966432094573975,-0.2190532684326172,-0.0948577660602723,0.06044390797615051,-0.2613598704338074,-0.09557406487886055,0.07461422681808472,-0.06374812126159668,-0.06316445651475533,0.07387116551399231,-0.14792561531066895,-0.07987110945407494,0.06825822591781616,-0.19300442934036255,-0.08254796150151833,0.06443557143211365,-0.22474974393844604,-0.08334573986951455
0.0,0.0,0.0,-0.031451642513275146,-0.04730045795440674,-0.03099407977423141,-0.034525126218795776,-0.1110045313835144,-0.05235638073644111,-0.01311260461807251,-0.1604805588722229,-0.06500467262229392,0.0071891844272613525,-0.19061952829360962,-0.07708402327260444,-0.011871099472045898,-0.07878124713897705,-0.08639749488791892,0.006939053535461426,-0.17586880922317505,-0.10999378911218116,0.0183926522731781,-0.23113828897476196,-0.11559605202636192,0.028355062007904053,-0.2708354592323303,-0.11792759201487968,0.025726526975631714,-0.06742703914642334,-0.078773718094439,0.04255342483520508,-0.17862021923065186,-0.1023107653017945,0.04769650101661682,-0.24040555953979492,-0.10519287339410255,0.051177918910980225,-0.28164899349212646,-0.10703170648774574,0.055698513984680176,-0.06719464063644409,-0.06957864365539024,0.0660628080368042,-0.17150866985321045,-0.0891763379331536,0.0667453408241272,-0.2301861047744751,-0.09120872966012428,0.0670611560344696,-0.2726197838783264,-0.09186976007184455,0.07638189196586609,-0.07442855834960938,-0.061430167173952555,0.07843220233917236,-0.15755528211593628,-0.07641801587304542,0.0745140016078949,-0.20364511013031006,-0.07908269367179344,0.07157397270202637,-0.23667889833450317,-0.08022624603471229
0.0,0.0,0.0,-0.008359909057617188,-0.0503849983215332,-0.0228629288953357,-0.00042498111724853516,-0.11377626657485962,-0.04160731003997853,0.016740739345550537,-0.16907250881195068,-0.054150191111546064,0.029894471168518066,-0.20948374271392822,-0.06706734464881947,0.017333149909973145,-0.08467626571655273,-0.07004076705692341,0.035221368074417114,-0.18650507926940918,-0.09222966150758793,0.04440605640411377,-0.24431979656219482,-0.09968709663866093,0.05224490165710449,-0.28706657886505127,-0.10353853271720936,0.03860202431678772,-0.06690537929534912,-0.0669558541607671,0.0516202449798584,-0.1843273639678955,-0.0891166971754842,0.0542636513710022,-0.24885624647140503,-0.09330025033472111,0.055286705493927,-0.29489386081695557,-0.09604509638069203,0.0536004900932312,-0.06433606147766113,-0.062423144443016554,0.0655452311038971,-0.17774885892868042,-0.08210556672332814,0.06711429357528687,-0.23839819431304932,-0.08378464446781209,0.06813117861747742,-0.2831302881240845,-0.0836208732557111,0.06303170323371887,-0.06976008415222168,-0.05828661934850743,0.07156646251678467,-0.16345399618148804,-0.07494839744089177,0.07203105092048645,-0.2143726944923401,-0.07668537364719441,0.07163208723068237,-0.2514321208000183,-0.07618425504682591
0.0,0.0,0.0,-0.020667076110839844,-0.0401911735534668,-0.035956736895599306,-0.021498441696166992,-0.1006324291229248,-0.06339896494463915,-0.007468074560165405,-0.1546248197555542,-0.08208185458497042,0.005736559629440308,-0.19459038972854614,-0.1016291158826732,0.0061082541942596436,-0.06877923011779785,-0.09127534205035204,0.021777987480163574,-0.17024201154708862,-0.1174117999704265,0.02993243932723999,-0.22911447286605835,-0.1274610238702678,0.04053926467895508,-0.2726690173149109,-0.1338736342819118,0.037614643573760986,-0.05728644132614136,-0.08272643411473268,0.05209359526634216,-0.17426913976669312,-0.10635682964638704,0.05557829141616821,-0.24225962162017822,-0.11327580386713976,0.05726677179336548,-0.2906201481819153,-0.1200590806634807,0.06251686811447144,-0.05995124578475952,-0.07260431373433107,0.07414606213569641,-0.17176252603530884,-0.09265729809121126,0.07408440113067627,-0.2344946265220642,-0.09767279798106188,0.0736503005027771,-0.27848321199417114,-0.10213165754393572,0.08082118630409241,-0.06936639547348022,-0.06385603571251863,0.0874403715133667,-0.15709012746810913,-0.08090199554280275,0.08300584554672241,-0.20539921522140503,-0.08502957249001497,0.07833734154701233,-0.23888665437698364,-0.0878867807419681
0.0,0.0,0.0,-0.025380969047546387,-0.050710320472717285,-0.023650867732854408,-0.023319244384765625,-0.1100807785987854,-0.04210741432258658,-0.0042472779750823975,-0.15707284212112427,-0.054096497463675064,0.01500508189201355,-0.18532896041870117,-0.06637156741568617,-0.0027480721473693848,-0.07231497764587402,-0.07285218672701887,0.011973798274993896,-0.1673230528831482,-0.09395991997668318,0.01839551329612732,-0.22164231538772583,-0.09961509691426329,0.02569827437400818,-0.2612636089324951,-0.10203738497445158,0.028292059898376465,-0.05636787414550781,-0.0692290066356378,0.04256081581115723,-0.16650378704071045,-0.09009023742625288,0.046498656272888184,-0.2271023392677307,-0.09348221110055022,0.04897809028625488,-0.26906466484069824,-0.09572497742125563,0.053150475025177,-0.05319404602050781,-0.06398056434342436,0.06762129068374634,-0.16029798984527588,-0.08322417722889952,0.06911677122116089,-0.21809649467468262,-0.08488557474562697,0.06834617257118225,-0.26065975427627563,-0.08449061201760344,0.07083907723426819,-0.06041067838668823,-0.05901876823851637,0.07911106944084167,-0.14923810958862305,-0.0747003628487306,0.0787351131439209,-0.19628393650054932,-0.07591949390122466,0.07721284031867981,-0.23005110025405884,-0.07524355487772993
0.0,0.0,0.0,-0.029135823249816895,-0.04708266258239746,-0.029866756444675957,-0.030014753341674805,-0.105926513671875,-0.05125588508497003,-0.010978013277053833,-0.15638196468353271,-0.06506557347427133,0.006555438041687012,-0.19372791051864624,-0.0785658168996406,-0.00442194938659668,-0.06447780132293701,-0.07818416090856317,0.01222345232963562,-0.16338586807250977,-0.1017191964591575,0.021389514207839966,-0.22203046083450317,-0.10937661262403253,0.029512107372283936,-0.26594728231430054,-0.11359349968086008,0.02790132164955139,-0.0537797212600708,-0.07273298086772684,0.0414251983165741,-0.1665598750114441,-0.09602275820623163,0.04450526833534241,-0.22949540615081787,-0.10049733104358438,0.04532542824745178,-0.2743113040924072,-0.10383468451152567,0.05280184745788574,-0.056580305099487305,-0.06635110410104517,0.06526508927345276,-0.16554397344589233,-0.08701825471769098,0.06503540277481079,-0.22534805536270142,-0.08850381108175043,0.06389784812927246,-0.2707445025444031,-0.0887259799445701,0.06961476802825928,-0.06820917129516602,-0.06112704755912546,0.07597231864929199,-0.15606456995010376,-0.0785854342783523,0.07418110966682434,-0.20383602380752563,-0.08093928875575784,0.07160231471061707,-0.2392498254776001,-0.08149493815551523
0.0,0.0,0.0,-0.025065749883651733,-0.0520477294921875,-0.025387890994196027,-0.021466702222824097,-0.1142418384552002,-0.04428608564997205,0.005469173192977905,-0.15922224521636963,-0.05552424339914808,0.028516381978988647,-0.1898983120918274,-0.06618162466550359,-0.011776328086853027,-0.08325082063674927,-0.07996887190604696,0.014574706554412842,-0.17657500505447388,-0.10379699094558248,0.03064173460006714,-0.22860878705978394,-0.10910370422864446,0.04468604922294617,-0.2651488184928894,-0.11020656897092351,0.025369077920913696,-0.06775593757629395,-0.07454207761550435,0.04975247383117676,-0.17636603116989136,-0.09772517754102239,0.061096251010894775,-0.2377193570137024,-0.10046012176538,0.06952738761901855,-0.2796148657798767,-0.10133189929986486,0.05792015790939331,-0.06408345699310303,-0.06735140307212362,0.0727238655090332,-0.16943144798278809,-0.0862081445601035,0.07837861776351929,-0.2278544306755066,-0.08782688005233297,0.08319091796875,-0.2718009948730469,-0.08748934639955053,0.08165448904037476,-0.0685422420501709,-0.06073259411716947,0.08708515763282776,-0.1541997790336609,-0.07373894973063955,0.08501121401786804,-0.20060384273529053,-0.07471553458238134,0.08391132950782776,-0.23535782098770142,-0.07436980529094228
0.0,0.0,0.0,-0.019362211227416992,-0.05042719841003418,-0.032257415736864914,-0.016215473413467407,-0.11717826128005981,-0.05740129985923659,0.002303570508956909,-0.16824084520339966,-0.0747204911064614,0.021604686975479126,-0.198494553565979,-0.0925066586684693,0.007393538951873779,-0.07436752319335938,-0.08634875380511176,0.0318295955657959,-0.17214399576187134,-0.11288904809470068,0.04399701952934265,-0.23033416271209717,-0.12207331174130331,0.05590549111366272,-0.2734246253967285,-0.12701175772662054,0.03780025243759155,-0.05352228879928589,-0.08008853011841666,0.056873470544815063,-0.1664387583732605,-0.10543039851899039,0.0632353127002716,-0.2314596176147461,-0.11103354060168158,0.06927946209907532,-0.2778065800666809,-0.11508108341212164,0.06352144479751587,-0.047282397747039795,-0.07247920745129477,0.08050832152366638,-0.15840721130371094,-0.09410903268570792,0.08403676748275757,-0.21966373920440674,-0.09592369609589468,0.08839330077171326,-0.2652890682220459,-0.09627934211010825,0.08342841267585754,-0.048880815505981445,-0.06611382627005469,0.09338253736495972,-0.14219683408737183,-0.08361149245018851,0.09446224570274353,-0.19249099493026733,-0.08547304981465231,0.09701040387153625,-0.22944122552871704,-0.08541813158507239
0.0,0.0,0.0,-0.01621595025062561,-0.055443763732910156,-0.026869934039581267,-0.008477479219436646,-0.11851376295089722,-0.0471508446954374,0.014385461807250977,-0.1671069860458374,-0.060078395517933814,0.03430548310279846,-0.200140118598938,-0.07295484280811593,0.0016775131225585938,-0.07431942224502563,-0.07755048758016869,0.024959653615951538,-0.17353349924087524,-0.10165244525896355,0.039006948471069336,-0.2322375774383545,-0.10913694834934518,0.051920026540756226,-0.27432066202163696,-0.11250415629373833,0.02820083498954773,-0.054321348667144775,-0.07290095275865838,0.047808676958084106,-0.1680038571357727,-0.09642448461281106,0.05626729130744934,-0.23233962059020996,-0.10046997851358697,0.06411585211753845,-0.27739500999450684,-0.1027129459999685,0.05199462175369263,-0.04980432987213135,-0.06690617835747048,0.06728142499923706,-0.16266578435897827,-0.08753132260071084,0.07222762703895569,-0.22369825839996338,-0.08862096256243035,0.07808557152748108,-0.26875782012939453,-0.08772634154783532,0.07157117128372192,-0.05520510673522949,-0.06164896673189446,0.07914844155311584,-0.15118062496185303,-0.07743079400287911,0.07855325937271118,-0.20215386152267456,-0.07783086037861153,0.08007365465164185,-0.23910433053970337,-0.07660668528305337
0.0,0.0,0.0,0.06188607215881348,-0.0462949275970459,-0.010651221549835554,0.10304528474807739,-0.11995804309844971,-0.025586178577270857,0.10626858472824097,-0.21045255661010742,-0.03791340818139588,0.08267509937286377,-0.28045547008514404,-0.05909463768335854,0.1255837082862854,-0.0868673324584961,-0.06356443842383896,0.0977705717086792,-0.24246013164520264,-0.07533678045007264,0.07690894603729248,-0.32529205083847046,-0.07967412849399125,0.06467729806900024,-0.37091612815856934,-0.08436706294747864,0.07589066028594971,-0.06338709592819214,-0.07136806478234803,0.05931079387664795,-0.22763043642044067,-0.08264907082053696,0.04719656705856323,-0.3227989673614502,-0.09283930440875565,0.03695857524871826,-0.38980555534362793,-0.10665060957404648,0.029966294765472412,-0.06257468461990356,-0.07414197554322755,0.014137029647827148,-0.22409123182296753,-0.09062429150077378,0.0112074613571167,-0.3083100914955139,-0.0978876613590387,0.012599349021911621,-0.3602701425552368,-0.10670169820519959,-0.016027092933654785,-0.07680505514144897,-0.07555763056012665,-0.023870885372161865,-0.20807993412017822,-0.09512593229743516,-0.019713759422302246,-0.2677552103996277,-0.09566022833320176,-0.012805044651031494,-0.30494505167007446,-0.09664774318667924
0.0,0.0,0.0,0.06185019016265869,-0.03466159105300903,-0.006417425741744864,0.09993201494216919,-0.1024124026298523,-0.019059107565624345,0.10119032859802246,-0.18818223476409912,-0.029535253458959687,0.0765942931175232,-0.253568172454834,-0.048722776511056054,0.11755037307739258,-0.07374775409698486,-0.058146334179980386,0.091738760471344,-0.22437870502471924,-0.06776778299484931,0.07265043258666992,-0.3043585419654846,-0.07047752935562812,0.0613858699798584,-0.34701550006866455,-0.07419111479197227,0.06727439165115356,-0.05300706624984741,-0.06730123508845054,0.05373197793960571,-0.21482789516448975,-0.07814000446472846,0.043248534202575684,-0.30737924575805664,-0.08771635491524421,0.035146474838256836,-0.3715863823890686,-0.10059282083187782,0.022207021713256836,-0.054183363914489746,-0.07115361739073478,0.008439838886260986,-0.21326547861099243,-0.087046450862033,0.007765829563140869,-0.2948541045188904,-0.09377211231861793,0.010952353477478027,-0.344219446182251,-0.1017559309688636,-0.022454380989074707,-0.06883496046066284,-0.07332814384375297,-0.02991485595703125,-0.19466906785964966,-0.09163720060263358,-0.025595903396606445,-0.2504359483718872,-0.09156245637808524,-0.018360555171966553,-0.2851376533508301,-0.09210015732918464
0.0,0.0,0.0,0.05991673469543457,-0.04050648212432861,-0.010674994129658444,0.09420621395111084,-0.11172127723693848,-0.02804665236544679,0.09046375751495361,-0.20014280080795288,-0.042301665682316525,0.06293243169784546,-0.26804620027542114,-0.0653529164083011,0.10786563158035278,-0.07373648881912231,-0.07219694523882936,0.07848411798477173,-0.22799068689346313,-0.08591809837889741,0.0578235387802124,-0.30990564823150635,-0.08932719348740648,0.04498821496963501,-0.353060245513916,-0.09331028132510255,0.05529838800430298,-0.05244952440261841,-0.08021499930691789,0.04149729013442993,-0.21638429164886475,-0.09547372876477311,0.02910768985748291,-0.30945611000061035,-0.10455562143397401,0.018846631050109863,-0.37197744846343994,-0.1174563613421924,0.00946044921875,-0.05402207374572754,-0.08283235101771425,-0.0035729408264160156,-0.21305358409881592,-0.10251263498139451,-0.004856407642364502,-0.29466551542282104,-0.10896199910712312,-0.0029889941215515137,-0.3434025049209595,-0.1168781962878711,-0.03437042236328125,-0.0700157880783081,-0.0837247443087108,-0.03859800100326538,-0.19601333141326904,-0.1048416790254123,-0.03214973211288452,-0.2536228895187378,-0.10588829933476518,-0.024377286434173584,-0.2897128462791443,-0.10771340100836824
0.0,0.0,0.0,0.05342918634414673,-0.03349137306213379,-0.003922232884235655,0.08700418472290039,-0.10231715440750122,-0.01382356182790545,0.08442485332489014,-0.1858060359954834,-0.022918729569084917,0.05705392360687256,-0.25386273860931396,-0.04182177641547469,0.09770852327346802,-0.06560158729553223,-0.04892010846293715,0.06844872236251831,-0.2156590223312378,-0.055295875753529344,0.04872685670852661,-0.2986895442008972,-0.05821657040274886,0.036795973777770996,-0.3436325788497925,-0.06203111493147162,0.050446152687072754,-0.04673856496810913,-0.05889408149874953,0.03295320272445679,-0.20857107639312744,-0.0633070827380493,0.023527443408966064,-0.3045760989189148,-0.07237411894953993,0.014153063297271729,-0.3690662384033203,-0.0860293493524864,0.011192142963409424,-0.04888284206390381,-0.06381854274428633,-0.00354611873626709,-0.20581215620040894,-0.07599934795058516,-0.006527602672576904,-0.28734540939331055,-0.08496209093488005,-0.005134880542755127,-0.33511924743652344,-0.09499844768203047,-0.0283355712890625,-0.06587499380111694,-0.06697770067609099,-0.036207616329193115,-0.19542932510375977,-0.08405721792138365,-0.034043967723846436,-0.25845789909362793,-0.08473750063336638,-0.028222620487213135,-0.2980894446372986,-0.0861778468743637
0.0,0.0,0.0,0.05591350793838501,-0.04272562265396118,-0.013899381623105,0.08847647905349731,-0.1169772744178772,-0.03384206385953803,0.0824582576751709,-0.20614612102508545,-0.05028968618853469,0.054197490215301514,-0.2723633050918579,-0.0750810609911241,0.09745770692825317,-0.07901769876480103,-0.07644645439131637,0.0630180835723877,-0.23526078462600708,-0.09139529185040374,0.04020559787750244,-0.3135277032852173,-0.09530106501324553,0.028062641620635986,-0.35176247358322144,-0.09928197728140731,0.04443860054016113,-0.05542820692062378,-0.08337951020939727,0.02733147144317627,-0.21856951713562012,-0.09909423755152602,0.013729572296142578,-0.30995458364486694,-0.10652108059866805,0.001786947250366211,-0.3709779381752014,-0.11790757195694823,-0.001011490821838379,-0.05336129665374756,-0.08527212904436965,-0.015172898769378662,-0.20819610357284546,-0.10423659102661986,-0.016515731811523438,-0.2908599376678467,-0.10814339236958403,-0.016214311122894287,-0.3399050235748291,-0.11421490030033965,-0.04353821277618408,-0.0639529824256897,-0.0859300600145616,-0.049757540225982666,-0.18754976987838745,-0.10650179104550261,-0.042537152767181396,-0.24829602241516113,-0.10643137560828109,-0.03466784954071045,-0.2871209383010864,-0.10720119194729705
0.0,0.0,0.0,0.05852663516998291,-0.04364854097366333,-0.009415944369777662,0.0916103720664978,-0.12109941244125366,-0.026586628781899435,0.08442950248718262,-0.20957595109939575,-0.04027818635319136,0.05268537998199463,-0.27481842041015625,-0.06234384820078276,0.10678577423095703,-0.09067845344543457,-0.07580357164357565,0.06963908672332764,-0.2415069341659546,-0.08970196664546393,0.043586134910583496,-0.3193754553794861,-0.09122778594706915,0.030076026916503906,-0.35908281803131104,-0.09300701439593695,0.05436980724334717,-0.06596851348876953,-0.08298431456302069,0.031040072441101074,-0.2255191206932068,-0.09527964264367483,0.015084445476531982,-0.3145536780357361,-0.09874698639129065,0.0008653402328491211,-0.37153083086013794,-0.10741074502681158,0.006519496440887451,-0.06311476230621338,-0.08471320688937567,-0.011321842670440674,-0.21663260459899902,-0.10154951483224295,-0.014406323432922363,-0.2978047728538513,-0.10396655023311041,-0.01509249210357666,-0.34532660245895386,-0.10876306265805624,-0.038735032081604004,-0.07537764310836792,-0.08454790830825232,-0.043508291244506836,-0.197950541973114,-0.10489181548570059,-0.03562211990356445,-0.2564941644668579,-0.10487020880196951,-0.028015851974487305,-0.2929965853691101,-0.10492824137423895
0.0,0.0,0.0,0.05610173940658569,-0.03710305690765381,-0.010899840194610988,0.0905032753944397,-0.11065161228179932,-0.027769827555744087,0.0860903263092041,-0.1974380612373352,-0.04115337998780433,0.05695134401321411,-0.26329541206359863,-0.0634557542315406,0.10264450311660767,-0.08286941051483154,-0.07211322457703773,0.06839543581008911,-0.23358887434005737,-0.08420723796996299,0.04666668176651001,-0.31221574544906616,-0.08776884646329108,0.03556632995605469,-0.3544875979423523,-0.09179067732009116,0.051944732666015625,-0.06107068061828613,-0.07873590410861198,0.03306913375854492,-0.21942895650863647,-0.09052808703097526,0.020786166191101074,-0.3116001486778259,-0.09785645575436774,0.009352624416351318,-0.3760003447532654,-0.10942290098580543,0.007437944412231445,-0.0596124529838562,-0.07975026340398017,-0.009111166000366211,-0.21147865056991577,-0.09530903519305411,-0.011001527309417725,-0.29255861043930054,-0.1000942674389762,-0.010346591472625732,-0.3418370485305786,-0.10720193506392661,-0.035140156745910645,-0.07096165418624878,-0.07926257820042792,-0.045170485973358154,-0.19346779584884644,-0.09839973719033424,-0.04042786359786987,-0.2516460418701172,-0.09850408257159415,-0.03376251459121704,-0.28799980878829956,-0.0993150931707305
0.0,0.0,0.0,0.05624270439147949,-0.04506850242614746,-0.011258845900158576,0.08870267868041992,-0.11945140361785889,-0.028862797406475238,0.0844719409942627,-0.2088809609413147,-0.043009883475463084,0.05538886785507202,-0.27563196420669556,-0.06521247209326475,0.09954428672790527,-0.08565616607666016,-0.07132084549681394,0.06686621904373169,-0.2398744821548462,-0.08498480052963941,0.04288041591644287,-0.31990230083465576,-0.0883846345664665,0.03004288673400879,-0.3599889278411865,-0.09147859246746748,0.04763537645339966,-0.06252861022949219,-0.07691466690317839,0.03044217824935913,-0.22448372840881348,-0.0884783628703758,0.017678141593933105,-0.3144705295562744,-0.0937058541299507,0.005815863609313965,-0.3727183938026428,-0.1041058066608116,0.0030118227005004883,-0.061709582805633545,-0.0773917871834442,-0.01116788387298584,-0.21553122997283936,-0.09270791591421812,-0.011513590812683105,-0.29759669303894043,-0.09600034238115995,-0.010417699813842773,-0.34559834003448486,-0.10204091550127714,-0.03888082504272461,-0.07335060834884644,-0.07634602369085997,-0.04334527254104614,-0.19606786966323853,-0.09292504073397367,-0.034907519817352295,-0.2534634470939636,-0.09149987877623289,-0.02692437171936035,-0.28940773010253906,-0.09163845212475508
0.0,0.0,0.0,0.058019280433654785,-0.03831982612609863,-0.009904610296189276,0.09121143817901611,-0.1140369176864624,-0.02718173090875098,0.08371424674987793,-0.2051265835762024,-0.041544885677694765,0.052098989486694336,-0.2738719582557678,-0.06404064719140479,0.10360473394393921,-0.08716952800750732,-0.07107804839074561,0.06916052103042603,-0.23798006772994995,-0.08587969963014075,0.045265376567840576,-0.31609565019607544,-0.08977402125060507,0.031587958335876465,-0.3566896319389343,-0.09280669812619635,0.05151182413101196,-0.06482434272766113,-0.07846734051167914,0.03336441516876221,-0.22491580247879028,-0.09127231065690466,0.02013230323791504,-0.3141947388648987,-0.0957636473006005,0.006492912769317627,-0.3733147978782654,-0.104426988703608,0.005480408668518066,-0.06276744604110718,-0.08078862850129553,-0.008759498596191406,-0.2159639596939087,-0.09704066191375205,-0.00936514139175415,-0.2942579388618469,-0.09722330544650504,-0.009244680404663086,-0.3393891453742981,-0.1001082820123429,-0.03821974992752075,-0.07378345727920532,-0.08172307286918112,-0.04219454526901245,-0.19460690021514893,-0.10098638508975455,-0.03340393304824829,-0.25130683183670044,-0.09847272310912558,-0.025508642196655273,-0.2854708433151245,-0.09645834688603827
0.0,0.0,0.0,0.05545079708099365,-0.0479775071144104,-0.005312283640876103,0.08782559633255005,-0.12530875205993652,-0.020154818078651715,0.08165735006332397,-0.21305304765701294,-0.0323794494626668,0.05110633373260498,-0.27765148878097534,-0.05289812863446741,0.10898256301879883,-0.09859824180603027,-0.06772425130583315,0.07341158390045166,-0.25155216455459595,-0.07930329546906023,0.04669231176376343,-0.32863378524780273,-0.07974857196785479,0.033067941665649414,-0.36753153800964355,-0.0806759382841733,0.057579219341278076,-0.07434970140457153,-0.07583887979961901,0.03596681356430054,-0.2366158366203308,-0.08511292294241457,0.020782172679901123,-0.3238801956176758,-0.08717119798637896,0.006923019886016846,-0.38049501180648804,-0.09486609802223711,0.011142373085021973,-0.07209223508834839,-0.07845695421673327,-0.006323814392089844,-0.22775989770889282,-0.09218449995495348,-0.009256422519683838,-0.3071122169494629,-0.09304003522373705,-0.009183347225189209,-0.3544350862503052,-0.09705013886667757,-0.033414244651794434,-0.08401966094970703,-0.07902441278673678,-0.037512362003326416,-0.20859473943710327,-0.09665410325504808,-0.031099379062652588,-0.26766306161880493,-0.09505111083961992,-0.0246313214302063,-0.30586451292037964,-0.09405446157433062
0.0,0.0,0.0,0.05515056848526001,-0.041309654712677,-0.01076282608545398,0.08884090185165405,-0.11549818515777588,-0.02655993449724292,0.0858190655708313,-0.20184028148651123,-0.03900906677580451,0.05975526571273804,-0.2649632692337036,-0.059488198265796655,0.10461187362670898,-0.08048731088638306,-0.06894615899062728,0.0678899884223938,-0.22785109281539917,-0.08238661150670623,0.0457647442817688,-0.3040940761566162,-0.08533631871677017,0.034649431705474854,-0.3443545699119568,-0.08808223019576644,0.05394333600997925,-0.05800122022628784,-0.07535447786784744,0.03313559293746948,-0.21491962671279907,-0.08804363618827438,0.019828975200653076,-0.3027294874191284,-0.09308706830478286,0.007944881916046143,-0.3617778420448303,-0.10172616551852798,0.008920550346374512,-0.05618131160736084,-0.0768646882031021,-0.00940769910812378,-0.2047407031059265,-0.09384634207225417,-0.011922717094421387,-0.28298401832580566,-0.09580960731244659,-0.011264562606811523,-0.3291938900947571,-0.09931138764358138,-0.03444790840148926,-0.06686574220657349,-0.07700424502826309,-0.04435247182846069,-0.18616682291030884,-0.09700181941724395,-0.039825260639190674,-0.24466806650161743,-0.09609918157792663,-0.0342903733253479,-0.2806686758995056,-0.09475215385890579
0.0,0.0,0.0,0.05503147840499878,-0.040646135807037354,-0.009347525294174375,0.08500295877456665,-0.11625552177429199,-0.025283944661964597,0.07503187656402588,-0.20598596334457397,-0.038039137478222074,0.04375225305557251,-0.27208834886550903,-0.058646005447258176,0.09520596265792847,-0.08212924003601074,-0.06894512182032031,0.0588688850402832,-0.2308940887451172,-0.0822450116828577,0.03561216592788696,-0.3080800771713257,-0.08446982210432452,0.02332979440689087,-0.3479316830635071,-0.08636055594240588,0.0425717830657959,-0.05939137935638428,-0.07533321237121982,0.023007988929748535,-0.2178766131401062,-0.08754904275690478,0.009753525257110596,-0.30488210916519165,-0.091276009436001,-0.002966761589050293,-0.36167383193969727,-0.09929871266638202,-0.0028020739555358887,-0.05780231952667236,-0.07659541523014468,-0.018367469310760498,-0.2085772156715393,-0.09260307704960269,-0.01912379264831543,-0.2856822609901428,-0.09318235224043292,-0.018182456493377686,-0.33004647493362427,-0.09606577908550662,-0.04507744312286377,-0.06892514228820801,-0.0762448952153818,-0.049698710441589355,-0.18902325630187988,-0.09501523977075976,-0.04142904281616211,-0.24587607383728027,-0.09295224850927752,-0.033920884132385254,-0.280500590801239,-0.09127542829071444
0.0,0.0,0.0,0.053424298763275146,-0.04237830638885498,-0.0033465530083844897,0.08132314682006836,-0.11380630731582642,-0.01629228138489225,0.07414311170578003,-0.1955447793006897,-0.02678565488321283,0.04435330629348755,-0.2530326843261719,-0.044945144961900496,0.0961679220199585,-0.08982592821121216,-0.06124605418307283,0.05834263563156128,-0.23187410831451416,-0.07050812796813943,0.03466308116912842,-0.30309808254241943,-0.06978108541233041,0.023160696029663086,-0.33801162242889404,-0.07011204765302637,0.04702353477478027,-0.0656939148902893,-0.06903178052169778,0.024964749813079834,-0.21738314628601074,-0.07618032948238351,0.010569870471954346,-0.29891955852508545,-0.07616222457153299,-0.00322800874710083,-0.3513331413269043,-0.08208395348054864,0.002565324306488037,-0.06271630525588989,-0.07152603373987176,-0.015474081039428711,-0.20837032794952393,-0.08318739936811426,-0.01826643943786621,-0.2816529870033264,-0.08180312619668939,-0.018586158752441406,-0.32473045587539673,-0.08397704170209863,-0.03976172208786011,-0.0715479850769043,-0.07204104767305353,-0.04555964469909668,-0.18656623363494873,-0.08686785207254388,-0.03936934471130371,-0.23847579956054688,-0.08351896510583856,-0.03309309482574463,-0.27115535736083984,-0.08135303662282922
0.0,0.0,0.0,0.04654127359390259,-0.030166149139404297,-0.009657376080610902,0.07724738121032715,-0.09746074676513672,-0.02252216507480398,0.07407909631729126,-0.17795652151107788,-0.03281041291342035,0.048137128353118896,-0.24128329753875732,-0.0518723880945231,0.08142799139022827,-0.06160968542098999,-0.055912569731333406,0.048772990703582764,-0.2057586908340454,-0.0639314321874167,0.0304337739944458,-0.28301090002059937,-0.06832705867276445,0.01997298002243042,-0.32296228408813477,-0.07334681284413591,0.036225855350494385,-0.04003405570983887,-0.0619758969245936,0.015590906143188477,-0.19572347402572632,-0.06920265835509554,0.0051253437995910645,-0.2871970534324646,-0.07813655269131914,-0.006092846393585205,-0.34855926036834717,-0.09127146434769884,-0.0006142854690551758,-0.040509045124053955,-0.06325045657143846,-0.017852187156677246,-0.18924427032470703,-0.07588638049350038,-0.020409047603607178,-0.26962828636169434,-0.08363460433469072,-0.020830750465393066,-0.3171501159667969,-0.09296326023326174,-0.03604322671890259,-0.053679585456848145,-0.06330114287123934,-0.04953885078430176,-0.17404943704605103,-0.08049198669181123,-0.048220813274383545,-0.232712984085083,-0.0819586111305739,-0.04389810562133789,-0.2696825861930847,-0.0841384498475577
0.0,0.0,0.0,0.0574951171875,-0.03315669298171997,-0.010285340225038908,0.09180444478988647,-0.10337400436401367,-0.02478947953665056,0.08746057748794556,-0.19062864780426025,-0.03655236677610674,0.05873960256576538,-0.25921642780303955,-0.05684052125894823,0.10059654712677002,-0.07136046886444092,-0.060656075341341875,0.06779414415359497,-0.2153286337852478,-0.07236471490347185,0.045639634132385254,-0.2953861355781555,-0.07819444404327669,0.03135734796524048,-0.34010034799575806,-0.08371489958250322,0.0525478720664978,-0.050367534160614014,-0.06757050470793047,0.029313266277313232,-0.20688027143478394,-0.0791920469828824,0.016801118850708008,-0.3000982403755188,-0.09003477261745729,0.005735814571380615,-0.3627912998199463,-0.10374501065695085,0.010522007942199707,-0.05046802759170532,-0.06955561505043306,-0.00901716947555542,-0.20334351062774658,-0.08615729675972261,-0.011915445327758789,-0.2834685444831848,-0.09337893591606417,-0.01154029369354248,-0.33058542013168335,-0.10128796563827791,-0.0297086238861084,-0.06318438053131104,-0.07014642374002733,-0.04019743204116821,-0.18651282787322998,-0.0905075492092351,-0.036282479763031006,-0.24285900592803955,-0.09155799911701479,-0.029297292232513428,-0.27678853273391724,-0.09245680735790529
0.0,0.0,0.0,0.052307724952697754,-0.038396596908569336,-0.010178561983593681,0.08046978712081909,-0.11207568645477295,-0.02532090033400891,0.07012546062469482,-0.19863295555114746,-0.037116203186997154,0.03906524181365967,-0.26174426078796387,-0.057310528783091286,0.09371602535247803,-0.07603627443313599,-0.06678430709052918,0.057281434535980225,-0.22095143795013428,-0.07773118439126847,0.03528404235839844,-0.2965773344039917,-0.08031460615802644,0.02381235361099243,-0.3371126055717468,-0.08377622040916322,0.04564619064331055,-0.05190509557723999,-0.07320327284742234,0.024598240852355957,-0.206706702709198,-0.0849846226255977,0.009759902954101562,-0.29564595222473145,-0.0924628672282779,-0.0020705461502075195,-0.3546243906021118,-0.1038531807344043,0.0027830004692077637,-0.050684452056884766,-0.0744010505359256,-0.016920387744903564,-0.19822585582733154,-0.09054157855916856,-0.022062182426452637,-0.27704936265945435,-0.09557843926359055,-0.022140026092529297,-0.3243304491043091,-0.1020601463596904,-0.03895491361618042,-0.06368511915206909,-0.07398645552802918,-0.049398958683013916,-0.18181103467941284,-0.09240907403636811,-0.04666835069656372,-0.23846173286437988,-0.09206863465715287,-0.04102450609207153,-0.2746163010597229,-0.09235007288862107
0.0,0.0,0.0,0.05581849813461304,-0.05117058753967285,-0.004740159837439251,0.08619928359985352,-0.131741464138031,-0.015974247706964206,0.08128565549850464,-0.21412092447280884,-0.025184305263593387,0.04893296957015991,-0.26622962951660156,-0.0414936131517436,0.11733371019363403,-0.11853843927383423,-0.05292713257475157,0.07448685169219971,-0.2610698938369751,-0.062192249921992016,0.04562211036682129,-0.32928717136383057,-0.06076396244569082,0.03320765495300293,-0.3633660674095154,-0.06015845376057882,0.07140481472015381,-0.09163284301757812,-0.059220854071810436,0.041715264320373535,-0.24445801973342896,-0.06611534568472166,0.024405360221862793,-0.3251875638961792,-0.06716865661545057,0.009322285652160645,-0.379170298576355,-0.07333584490223188,0.027529478073120117,-0.0841941237449646,-0.06131231400175352,0.0017652511596679688,-0.22911769151687622,-0.07308650377197523,-0.0057302117347717285,-0.3039798140525818,-0.07518688204689283,-0.008622825145721436,-0.3501843214035034,-0.07922143849535246,-0.017193078994750977,-0.08874434232711792,-0.06164093676014204,-0.028582513332366943,-0.2088238000869751,-0.07667823496265669,-0.027317404747009277,-0.26815366744995117,-0.07690134259863157,-0.02475661039352417,-0.3075040578842163,-0.0767721718828227
0.0,0.0,0.0,0.054244041442871094,-0.038077354431152344,-0.00700224641798286,0.08976811170578003,-0.11037969589233398,-0.01788910184143333,0.09046703577041626,-0.1946370005607605,-0.026648555734141155,0.0671621561050415,-0.25719165802001953,-0.04353510666726379,0.1096847653388977,-0.08856648206710815,-0.0532542102420166,0.07365691661834717,-0.2279025912284851,-0.06313684288500099,0.04961538314819336,-0.3034243583679199,-0.06735498163936882,0.03510475158691406,-0.34575575590133667,-0.07156035754917411,0.06380009651184082,-0.06399261951446533,-0.0611335456752613,0.039354026317596436,-0.21562892198562622,-0.07005148831842689,0.024094998836517334,-0.3037564158439636,-0.07868875268934516,0.010688722133636475,-0.3658803701400757,-0.0906767368697956,0.0214383602142334,-0.05825859308242798,-0.06429078135727195,-0.0027968287467956543,-0.205375075340271,-0.07811299417255668,-0.009647965431213379,-0.28170108795166016,-0.0834091946863964,-0.01140516996383667,-0.3280840516090393,-0.09028571549890785,-0.021649301052093506,-0.06514614820480347,-0.0661544174337223,-0.03799694776535034,-0.18562424182891846,-0.08405647877691536,-0.03793412446975708,-0.24238461256027222,-0.08409692797897605,-0.03461199998855591,-0.27796632051467896,-0.08420851532457618
0.0,0.0,0.0,0.05472230911254883,-0.04282855987548828,-0.005847272785047153,0.08598119020462036,-0.1173558235168457,-0.020231799544433215,0.08019459247589111,-0.20290565490722656,-0.03245001225326405,0.05036526918411255,-0.26504939794540405,-0.05282129658911572,0.10704821348190308,-0.09879350662231445,-0.06462278528664456,0.06801944971084595,-0.2434401512145996,-0.07658185376379834,0.04151260852813721,-0.3166625499725342,-0.07836073203537808,0.027830004692077637,-0.3544686436653137,-0.0803435923025404,0.059579432010650635,-0.07362347841262817,-0.07341698123667584,0.03359895944595337,-0.22849732637405396,-0.08358005745861874,0.015677273273468018,-0.3126962184906006,-0.08704575462792263,0.00030165910720825195,-0.3684759736061096,-0.09512859149430142,0.01593005657196045,-0.06679397821426392,-0.07708973749134884,-0.006584286689758301,-0.21422100067138672,-0.0917266638443266,-0.012991189956665039,-0.29007500410079956,-0.09319646223042355,-0.01525038480758667,-0.33509767055511475,-0.09715409143421994,-0.027390718460083008,-0.07157599925994873,-0.07901249392483578,-0.03854775428771973,-0.19184857606887817,-0.0969843970105444,-0.034662067890167236,-0.25034457445144653,-0.09538478715870724,-0.02928745746612549,-0.2873622179031372,-0.09413444562409268
0.0,0.0,0.0,0.057660818099975586,-0.04617434740066528,-0.003942193089301327,0.08927410840988159,-0.12359040975570679,-0.01647165613087509,0.08361011743545532,-0.20603668689727783,-0.026305005045855978,0.051781296730041504,-0.2626686692237854,-0.043549891652787664,0.11172860860824585,-0.10520803928375244,-0.06207351395698879,0.07422417402267456,-0.24970167875289917,-0.07321180039855335,0.04890626668930054,-0.3215770125389099,-0.07262449348183964,0.03578716516494751,-0.35957610607147217,-0.07225513839932773,0.06334304809570312,-0.07851505279541016,-0.06901035839530323,0.03595060110092163,-0.235154390335083,-0.07695466661664341,0.018312275409698486,-0.316192626953125,-0.07691705608579014,0.0022296905517578125,-0.3692968487739563,-0.08208869034262989,0.017551302909851074,-0.0727645754814148,-0.07084495210858677,-0.006134510040283203,-0.22310006618499756,-0.0839199610969672,-0.011494219303131104,-0.2961846590042114,-0.0840057023784766,-0.012879729270935059,-0.34089964628219604,-0.08640260631057117,-0.02753359079360962,-0.07949507236480713,-0.07049034172507618,-0.03786134719848633,-0.19945991039276123,-0.08671575421305988,-0.03345721960067749,-0.25252145528793335,-0.0846003034135947,-0.028877854347229004,-0.286234974861145,-0.08247920507403705
0.0,0.0,0.0,0.05952334403991699,-0.05187630653381348,-0.011552394917544007,0.09385019540786743,-0.13230681419372559,-0.028508254876669525,0.08855652809143066,-0.21315783262252808,-0.04192137866311896,0.05550020933151245,-0.26814407110214233,-0.062430118760403275,0.12197655439376831,-0.11619466543197632,-0.06815143077665198,0.08333200216293335,-0.26161259412765503,-0.0832033321171366,0.05739861726760864,-0.3321686387062073,-0.08511804937415945,0.045523762702941895,-0.3708307147026062,-0.0863865852265917,0.07268863916397095,-0.09196346998214722,-0.07208735643916953,0.0464329719543457,-0.24663269519805908,-0.08631439655118811,0.02915126085281372,-0.3299589157104492,-0.08974056839042532,0.01441723108291626,-0.38654547929763794,-0.09666513054662573,0.026329517364501953,-0.08660715818405151,-0.07173310368352759,0.005893051624298096,-0.23422545194625854,-0.08972380458408225,0.0009849071502685547,-0.3098389506340027,-0.09258559494310248,-0.001440584659576416,-0.35531020164489746,-0.09578573851877081,-0.01838052272796631,-0.09354829788208008,-0.06966533659988272,-0.024309515953063965,-0.21334052085876465,-0.08681037425094473,-0.0180625319480896,-0.26651865243911743,-0.08610450624519217,-0.012627899646759033,-0.2987768054008484,-0.08496979027086127
0.0,0.0,0.0,0.0487857460975647,-0.03659933805465698,-0.008305552695020424,0.0730675458908081,-0.10688185691833496,-0.022968306485637413,0.062190115451812744,-0.18489205837249756,-0.03436642820022939,0.027206063270568848,-0.23761147260665894,-0.05286211455248235,0.08248287439346313,-0.0828714370727539,-0.06440526181839346,0.04080873727798462,-0.21779882907867432,-0.07540948623798727,0.01521521806716919,-0.2848012447357178,-0.07540022516630529,0.001452326774597168,-0.3178282380104065,-0.0754135244526708,0.039677321910858154,-0.06541723012924194,-0.06886056745432256,0.016849815845489502,-0.21100711822509766,-0.07601382518194555,0.0004855990409851074,-0.28342825174331665,-0.07386837834499715,-0.014911472797393799,-0.32761770486831665,-0.07699456000707983,0.003755509853363037,-0.066120445728302,-0.06883949721239446,-0.015353977680206299,-0.2026490569114685,-0.07767515564344762,-0.021854817867279053,-0.269534170627594,-0.07455620104454397,-0.024768590927124023,-0.3073956370353699,-0.0752466612496221,-0.030642390251159668,-0.0772024393081665,-0.06777995759628652,-0.04553687572479248,-0.1878783106803894,-0.08157837325714468,-0.047597289085388184,-0.24343103170394897,-0.07924707913778661,-0.048104286193847656,-0.27847427129745483,-0.077206312958225
0.0,0.0,0.0,0.05182802677154541,-0.05047953128814697,-0.014083511051069308,0.07438820600509644,-0.13666504621505737,-0.036467675905953456,0.05788224935531616,-0.22292304039001465,-0.054287184816132594,0.025059163570404053,-0.27667009830474854,-0.07804481763793092,0.09349304437637329,-0.12454164028167725,-0.08213513423157792,0.0530051589012146,-0.2672041654586792,-0.1065996222610579,0.030906200408935547,-0.3451695442199707,-0.11757269580317598,0.018142342567443848,-0.3972366452217102,-0.12476963628483873,0.04667806625366211,-0.09246844053268433,-0.08727532703829866,0.014477372169494629,-0.24286216497421265,-0.11315720606995683,-0.006444871425628662,-0.3304375410079956,-0.12328103263331514,-0.02362668514251709,-0.3879512548446655,-0.13388925869418244,0.0016764402389526367,-0.08277440071105957,-0.08816056032134156,-0.02076786756515503,-0.22884321212768555,-0.11142632443858247,-0.029533863067626953,-0.3119758367538452,-0.11732786227418046,-0.03593868017196655,-0.360575795173645,-0.12243666578484635,-0.03834819793701172,-0.08942818641662598,-0.08759694625092607,-0.046083807945251465,-0.20682835578918457,-0.10639198203040223,-0.04519999027252197,-0.2682710289955139,-0.1086292870755301,-0.04581105709075928,-0.3059903383255005,-0.11069640595866304
0.0,0.0,0.0,0.05600827932357788,-0.0425761342048645,-0.012284953886137373,0.077736496925354,-0.1266571283340454,-0.03379625807838238,0.06113994121551514,-0.2117830514907837,-0.05099816601114071,0.02568751573562622,-0.26105523109436035,-0.07439027334885395,0.09852498769760132,-0.11616170406341553,-0.07955170031027592,0.05386233329772949,-0.2560274600982666,-0.10192270930247105,0.02586543560028076,-0.32456308603286743,-0.11021288092570103,0.00945812463760376,-0.3654806613922119,-0.1150248011513213,0.05032002925872803,-0.08615314960479736,-0.08453809078173435,0.01741117238998413,-0.2384631633758545,-0.10702864433960713,-0.003593921661376953,-0.3282201290130615,-0.11528156305985249,-0.02138352394104004,-0.38859719038009644,-0.12481540794806278,0.004929244518280029,-0.07854610681533813,-0.08496818299727238,-0.01957303285598755,-0.22459322214126587,-0.1068090235753516,-0.02754032611846924,-0.30624520778656006,-0.11150140668587483,-0.03336179256439209,-0.3544729948043823,-0.11565963532166279,-0.035714149475097656,-0.08507668972015381,-0.08366180564598835,-0.04520314931869507,-0.20363140106201172,-0.1022776698632697,-0.04266476631164551,-0.2627473473548889,-0.10306381787495411,-0.04157036542892456,-0.29819434881210327,-0.10362094248966969
0.0,0.0,0.0,0.058972716331481934,-0.044239938259124756,-0.015045276387269269,0.08761459589004517,-0.1281331181526184,-0.03459632909917332,0.07617461681365967,-0.21631211042404175,-0.048914113557572136,0.04122185707092285,-0.2678682804107666,-0.06977929315590359,0.0983094573020935,-0.11066657304763794,-0.07750296733402706,0.05220109224319458,-0.25171494483947754,-0.09418240330242611,0.028225600719451904,-0.3214660882949829,-0.0976013480784843,0.01852262020111084,-0.36282116174697876,-0.09958487889790035,0.04747492074966431,-0.08253037929534912,-0.0790035515191505,0.017536699771881104,-0.23405396938323975,-0.09523629537844158,0.00286102294921875,-0.3217182159423828,-0.09825285664820171,-0.010535120964050293,-0.38138115406036377,-0.10443667463087536,0.0032224655151367188,-0.07498884201049805,-0.07589598885797955,-0.019380509853363037,-0.21992629766464233,-0.09222812346243359,-0.025570809841156006,-0.29742980003356934,-0.0924383117916534,-0.029804348945617676,-0.3427008390426636,-0.09416420898460842,-0.035700440406799316,-0.08060711622238159,-0.07167660585665203,-0.04731130599975586,-0.195992112159729,-0.08813591442131496,-0.048480868339538574,-0.2539787292480469,-0.08704822651171185,-0.05120706558227539,-0.28739237785339355,-0.0858889236214111
0.0,0.0,0.0,0.05444449186325073,-0.04328906536102295,-0.01301150508723481,0.07783633470535278,-0.12693685293197632,-0.03384263925752862,0.06373041868209839,-0.20962870121002197,-0.05008261390528901,0.029938817024230957,-0.2599296569824219,-0.07211868949733002,0.1005396842956543,-0.12256783246994019,-0.07824026532969697,0.05756258964538574,-0.2570425271987915,-0.09791440256438477,0.0312533974647522,-0.32473504543304443,-0.1020538184841655,0.016483306884765625,-0.36519908905029297,-0.10379677005610688,0.05300039052963257,-0.09527331590652466,-0.08144997545085175,0.02215254306793213,-0.2429288625717163,-0.10008315481744035,0.004004776477813721,-0.3227297067642212,-0.10304268189273103,-0.012164473533630371,-0.37438488006591797,-0.10855036713681443,0.008120298385620117,-0.08839738368988037,-0.08040442057452424,-0.014701366424560547,-0.2307007908821106,-0.09883250780902131,-0.02169555425643921,-0.3027270436286926,-0.09893002100787385,-0.02747577428817749,-0.342986524105072,-0.09987281002602799,-0.03343343734741211,-0.09494549036026001,-0.07798400261006577,-0.03882706165313721,-0.20876240730285645,-0.09522826709351762,-0.03487199544906616,-0.2616971731185913,-0.09459846206507905,-0.03339195251464844,-0.2921294569969177,-0.09345136322579606
0.0,0.0,0.0,0.0540623664855957,-0.04762381315231323,-0.014133176428529737,0.07916569709777832,-0.13095873594284058,-0.03647226620212507,0.06725388765335083,-0.2159353494644165,-0.05405232090249967,0.03633338212966919,-0.2691877484321594,-0.07746342722073507,0.09761494398117065,-0.12007772922515869,-0.08316289785996389,0.059514403343200684,-0.26259487867355347,-0.10752791318789434,0.036779046058654785,-0.33961451053619385,-0.11706800166264486,0.02249884605407715,-0.3902265429496765,-0.12271326932803106,0.05135750770568848,-0.0920754075050354,-0.0878509521831603,0.023648858070373535,-0.2442474365234375,-0.11307065341368627,0.004120349884033203,-0.33289241790771484,-0.12160279009238195,-0.01195913553237915,-0.39119112491607666,-0.1307652011860938,0.006591439247131348,-0.08607810735702515,-0.08834475431338262,-0.011928975582122803,-0.23163795471191406,-0.11106384698048544,-0.019157707691192627,-0.31442588567733765,-0.1161361426462264,-0.024798035621643066,-0.3628109097480774,-0.12041236612692785,-0.03365671634674072,-0.09533822536468506,-0.08743342164650869,-0.03741884231567383,-0.21189892292022705,-0.10618781450882864,-0.03546261787414551,-0.27350956201553345,-0.1083655670632453,-0.03601640462875366,-0.31194376945495605,-0.11006057414904546
0.0,0.0,0.0,0.04997146129608154,-0.04709136486053467,-0.013655033760883839,0.07202106714248657,-0.13072961568832397,-0.037777867035188706,0.05461853742599487,-0.216727614402771,-0.05729515464715007,0.02284795045852661,-0.27052056789398193,-0.08199304328969959,0.09340929985046387,-0.11489957571029663,-0.08505427079013828,0.05834287405014038,-0.25608301162719727,-0.11398327337316516,0.031418025493621826,-0.3280976414680481,-0.12903475003055576,0.01198488473892212,-0.37582921981811523,-0.1382824553709412,0.04722064733505249,-0.08974546194076538,-0.09177981303743366,0.01967853307723999,-0.2384158968925476,-0.11918246732763293,-0.0006681084632873535,-0.32804936170578003,-0.13093853728584293,-0.01614159345626831,-0.3907608985900879,-0.14280740158370975,0.0003088712692260742,-0.08445996046066284,-0.09465782331041339,-0.01876157522201538,-0.22737783193588257,-0.1178182064156914,-0.028068959712982178,-0.31282663345336914,-0.12401703731826785,-0.03417450189590454,-0.3673608899116516,-0.12982339398674014,-0.04257833957672119,-0.09452015161514282,-0.09624703215173724,-0.046488046646118164,-0.20992666482925415,-0.11605510847381595,-0.04489099979400635,-0.2734673023223877,-0.11954615996889117,-0.0430753231048584,-0.3176441192626953,-0.1226857675772095
0.0,0.0,0.0,0.04892849922180176,-0.049491047859191895,-0.012449848524440199,0.07003015279769897,-0.13434964418411255,-0.03681524941991654,0.051922500133514404,-0.21940815448760986,-0.057107658184278876,0.01976841688156128,-0.27288055419921875,-0.08284418011378136,0.09342837333679199,-0.11641788482666016,-0.08402188593815652,0.056324303150177,-0.2593330144882202,-0.11361131543587533,0.028136849403381348,-0.3317378759384155,-0.12980367714833108,0.008510351181030273,-0.37935614585876465,-0.13975418085526314,0.04659396409988403,-0.08932852745056152,-0.09160131687592354,0.019459068775177002,-0.23796051740646362,-0.1191868903703579,-0.001246631145477295,-0.327386736869812,-0.13106190139721718,-0.01733940839767456,-0.38954484462738037,-0.14301009947728005,-0.000876307487487793,-0.0830073356628418,-0.0953502404160389,-0.0185244083404541,-0.22588622570037842,-0.11835512245367852,-0.02845931053161621,-0.31320858001708984,-0.1244080635375866,-0.035318195819854736,-0.3697221875190735,-0.13005275005768624,-0.04380542039871216,-0.09303730726242065,-0.09775013948153344,-0.04686230421066284,-0.21026426553726196,-0.11686922336291161,-0.04548338055610657,-0.2751096487045288,-0.11983547831248131,-0.044419169425964355,-0.3201638460159302,-0.12257159227799264
0.0,0.0,0.0,0.05818033218383789,-0.05040907859802246,-0.009701047702129983,0.07986170053482056,-0.14064675569534302,-0.03337052618562808,0.05434823036193848,-0.23575788736343384,-0.05366580714881053,0.018567204475402832,-0.2954983115196228,-0.07940415447055926,0.09137833118438721,-0.12042874097824097,-0.0794161871582233,0.05096250772476196,-0.2723928689956665,-0.11022848044931521,0.020482957363128662,-0.35380661487579346,-0.12653099154531589,-0.0010954737663269043,-0.4074321985244751,-0.13561903094350924,0.040133655071258545,-0.09339147806167603,-0.08967233603298297,0.0099601149559021,-0.2684348225593567,-0.11742237364351382,-0.01415795087814331,-0.3697735071182251,-0.12915508603155246,-0.03335762023925781,-0.434966504573822,-0.13989073192178836,-0.011497080326080322,-0.09009665250778198,-0.09603426014482608,-0.031439006328582764,-0.2601264715194702,-0.12057290380298724,-0.042377591133117676,-0.3581674098968506,-0.1259593681007587,-0.04917222261428833,-0.4213716387748718,-0.1297021523624622,-0.05771523714065552,-0.10383236408233643,-0.10047675078212848,-0.06069105863571167,-0.23744547367095947,-0.1186414450913631,-0.05885201692581177,-0.3070041537284851,-0.11814184640943637,-0.05709415674209595,-0.3548004627227783,-0.11765410160123935
0.0,0.0,0.0,0.052666306495666504,-0.0553511381149292,-0.02049287574340042,0.07786250114440918,-0.132287859916687,-0.0448745282178038,0.05784273147583008,-0.21870678663253784,-0.06451411338497337,0.020107746124267578,-0.2814910411834717,-0.09234276207138237,0.0809137225151062,-0.06031566858291626,-0.08536137433696922,0.03323322534561157,-0.20872634649276733,-0.10370335521150764,0.005670130252838135,-0.2912011742591858,-0.11089680882145103,-0.010590672492980957,-0.3377482295036316,-0.11718565763879951,0.02731180191040039,-0.031248390674591064,-0.08999491276193794,-0.005636274814605713,-0.19195038080215454,-0.1075588518564814,-0.024263381958007812,-0.2898247241973877,-0.11646678091932472,-0.037766873836517334,-0.3546212911605835,-0.13021953197170433,-0.0195961594581604,-0.02776312828063965,-0.08981442989755806,-0.04802525043487549,-0.18146324157714844,-0.10950456352878746,-0.05353045463562012,-0.26848119497299194,-0.11329497935224708,-0.0547751784324646,-0.31768590211868286,-0.12038291783977684,-0.0628664493560791,-0.039053261280059814,-0.0891521403377169,-0.07897704839706421,-0.16284728050231934,-0.10943145843197044,-0.07474201917648315,-0.2259257435798645,-0.10843639614034828,-0.06973522901535034,-0.26353830099105835,-0.10980676652837928
0.0,0.0,0.0,0.05888253450393677,-0.06741845607757568,-0.0137138505507437,0.0875173807144165,-0.15326642990112305,-0.03187546125093377,0.06838488578796387,-0.24236911535263062,-0.04729253044763482,0.02806752920150757,-0.30309998989105225,-0.07063535219469941,0.11086893081665039,-0.09786146879196167,-0.06643154090681946,0.06707209348678589,-0.24558115005493164,-0.08469928419629014,0.034395039081573486,-0.3248597979545593,-0.0920945665840236,0.013764500617980957,-0.3715950846672058,-0.09809895968476212,0.05704599618911743,-0.06799983978271484,-0.07399089998045838,0.023619532585144043,-0.2279975414276123,-0.09249309068957245,-0.00040203332901000977,-0.3238220810890198,-0.10319842016735947,-0.017511367797851562,-0.3882100582122803,-0.11689989632407105,0.005610823631286621,-0.061691880226135254,-0.0778832844499675,-0.02236396074295044,-0.21649819612503052,-0.10090773171225464,-0.03228729963302612,-0.30256009101867676,-0.10839309906998551,-0.035228073596954346,-0.35491305589675903,-0.11612984901705659,-0.043431758880615234,-0.06946849822998047,-0.08048291868010438,-0.054640769958496094,-0.19887453317642212,-0.10379533833304322,-0.051762521266937256,-0.26238876581192017,-0.10528555876055634,-0.046246111392974854,-0.30475401878356934,-0.10707271462717927
0.0,0.0,0.0,0.04089230298995972,-0.05900716781616211,-0.009203282525604095,0.04825568199157715,-0.14180803298950195,-0.02750600535965475,0.025898456573486328,-0.2131669521331787,-0.04165504534340414,-0.00015819072723388672,-0.25513362884521484,-0.05701185424423727,0.052503347396850586,-0.11303627490997314,-0.06714408133721861,0.019091010093688965,-0.240028977394104,-0.08927337859368834,-0.0014774799346923828,-0.2935236692428589,-0.09566069428420576,-0.014402210712432861,-0.325761616230011,-0.09647446159816297,0.004625916481018066,-0.09476542472839355,-0.07105031643605741,-0.021050453186035156,-0.2381962537765503,-0.0908572453687242,-0.031052589416503906,-0.30675333738327026,-0.0927226919362596,-0.03498339653015137,-0.35052722692489624,-0.0936660546491197,-0.03965151309967041,-0.09199732542037964,-0.07209578935599836,-0.05509856343269348,-0.23013454675674438,-0.08694946054912123,-0.05901819467544556,-0.29626959562301636,-0.08649015460706266,-0.06009998917579651,-0.3400946855545044,-0.08554950390553984,-0.07492876052856445,-0.09955519437789917,-0.0718992728421739,-0.07581007480621338,-0.20642966032028198,-0.08149374310470137,-0.06924992799758911,-0.2513362765312195,-0.07915976677632841,-0.06474408507347107,-0.282309353351593,-0.07697726075149092
0.0,0.0,0.0,0.040456533432006836,-0.06265431642532349,-0.008931618822899168,0.049259722232818604,-0.14758753776550293,-0.027030882133331602,0.019457638263702393,-0.216666579246521,-0.04136230860480339,-0.013228893280029297,-0.2535114884376526,-0.057236031336870496,0.05646717548370361,-0.11314272880554199,-0.06542349670657188,0.019982635974884033,-0.2378329038619995,-0.08705902163514168,-0.002245783805847168,-0.2908312678337097,-0.09399431262740165,-0.015804588794708252,-0.32568109035491943,-0.09576500271090538,0.007448256015777588,-0.09218662977218628,-0.07028922502526314,-0.019042253494262695,-0.23230767250061035,-0.09013921086319954,-0.03024423122406006,-0.3022979497909546,-0.09365113143452675,-0.035928308963775635,-0.348560094833374,-0.09612160985001594,-0.037494659423828125,-0.08742141723632812,-0.07228829775580436,-0.05281594395637512,-0.22466671466827393,-0.08721165422925026,-0.056858718395233154,-0.29204994440078735,-0.0881980514956382,-0.05855783820152283,-0.3384215235710144,-0.08840892527827293,-0.07352817058563232,-0.09486448764801025,-0.07304132048615486,-0.07302841544151306,-0.20357483625411987,-0.08231596712597877,-0.06695780158042908,-0.2511579394340515,-0.08023963932522804,-0.06367883086204529,-0.2849051356315613,-0.07849962328204185
0.0,0.0,0.0,0.04669541120529175,-0.059371232986450195,-0.006784454727799982,0.06462442874908447,-0.1432521939277649,-0.025350592373193592,0.041835784912109375,-0.21982961893081665,-0.040435546351851315,0.009873270988464355,-0.2612280249595642,-0.058149860514582485,0.07059997320175171,-0.11432909965515137,-0.06845054523486027,0.03626924753189087,-0.24436289072036743,-0.09006499992150196,0.01446843147277832,-0.29701316356658936,-0.09747251616257557,0.002098381519317627,-0.3275836706161499,-0.09987838314312825,0.021159052848815918,-0.0923650860786438,-0.07475319252747425,-0.0037497878074645996,-0.23912477493286133,-0.09345572934883961,-0.015485763549804688,-0.31021469831466675,-0.09663894520539174,-0.02131366729736328,-0.35434138774871826,-0.100044173462571,-0.02545708417892456,-0.08853399753570557,-0.07753469542998204,-0.03793901205062866,-0.23188382387161255,-0.09252115832108387,-0.043940842151641846,-0.30195701122283936,-0.09282435224789509,-0.04614168405532837,-0.34641367197036743,-0.09296534703511128,-0.06376570463180542,-0.09767681360244751,-0.07864688829916844,-0.06021004915237427,-0.21010124683380127,-0.08901925878065953,-0.05443820357322693,-0.25932860374450684,-0.08671556161183247,-0.04998296499252319,-0.2919483184814453,-0.08470729486483464
0.0,0.0,0.0,0.04596912860870361,-0.059678852558135986,-0.006412141198389065,0.06297767162322998,-0.13988161087036133,-0.025441537784509194,0.04203230142593384,-0.21579676866531372,-0.041087414311341774,0.011077880859375,-0.25773894786834717,-0.05968507303493453,0.07008850574493408,-0.10948538780212402,-0.06855586467879249,0.036406099796295166,-0.23815315961837769,-0.09037781058447791,0.014777719974517822,-0.29350531101226807,-0.09859134553568794,0.0027579665184020996,-0.3273303508758545,-0.1018933683504386,0.0203322172164917,-0.0861595869064331,-0.07557888625758125,-0.005129694938659668,-0.23095470666885376,-0.09550712554352714,-0.016411542892456055,-0.304592490196228,-0.09960295556681587,-0.021334946155548096,-0.3516997694969177,-0.10365027485983802,-0.02631831169128418,-0.0817747712135315,-0.07892486004727317,-0.040663957595825195,-0.22305381298065186,-0.09494111238615943,-0.04486691951751709,-0.2936561107635498,-0.09512294380562736,-0.044892311096191406,-0.3387112617492676,-0.09503155498402549,-0.0646030604839325,-0.09082680940628052,-0.08061811624663306,-0.06235384941101074,-0.20110869407653809,-0.09178100823061897,-0.05591508746147156,-0.2497551441192627,-0.08894097356694175,-0.04986414313316345,-0.28169000148773193,-0.08637070952551795
0.0,0.0,0.0,0.053693294525146484,-0.051381826400756836,0.001639435200544881,0.07358711957931519,-0.13065427541732788,-0.011506108085100664,0.06092822551727295,-0.20535647869110107,-0.023346698360924734,0.028773009777069092,-0.24726057052612305,-0.04096900902915479,0.08520656824111938,-0.13394200801849365,-0.05076454438496114,0.05071324110031128,-0.25764381885528564,-0.06904864914942266,0.022984862327575684,-0.3144543170928955,-0.07689226277399541,0.005629777908325195,-0.34464478492736816,-0.08001520343351842,0.040333688259124756,-0.10918378829956055,-0.05994926996756078,0.013282537460327148,-0.2492992877960205,-0.07355250276852132,-0.00689774751663208,-0.32814669609069824,-0.07500042624998571,-0.021658778190612793,-0.377353310585022,-0.077827206330781,-0.005965769290924072,-0.10071676969528198,-0.06525549896288396,-0.023451268672943115,-0.23698586225509644,-0.07673758872080327,-0.03267836570739746,-0.3093489408493042,-0.07236780829954625,-0.03749173879623413,-0.35000884532928467,-0.06912158288288595,-0.05148893594741821,-0.10292887687683105,-0.06867851920652868,-0.05301618576049805,-0.20980513095855713,-0.07647476203966619,-0.05261033773422241,-0.2662046551704407,-0.0689828977756548,-0.05321890115737915,-0.30149900913238525,-0.06242901690531255
0.0,0.0,0.0,0.05463987588882446,-0.05213981866836548,-0.002651932471536611,0.0752137303352356,-0.13709986209869385,-0.018046866458945487,0.0631551742553711,-0.21522760391235352,-0.030669429627351974,0.030948221683502197,-0.26224029064178467,-0.04827592457561991,0.09200739860534668,-0.14324557781219482,-0.06290929700165293,0.05524951219558716,-0.2723066806793213,-0.07812078232794306,0.02921396493911743,-0.32902321219444275,-0.08078239793806574,0.01297295093536377,-0.36288708448410034,-0.08189985836773417,0.04546844959259033,-0.12723737955093384,-0.07102085585623286,0.0187036395072937,-0.26991724967956543,-0.08626881177454493,-0.0007302761077880859,-0.3422504663467407,-0.08874118263750574,-0.014493763446807861,-0.3871324956417084,-0.09329777146606943,-0.002038240432739258,-0.12384092807769775,-0.07455775077372095,-0.018208444118499756,-0.25905805826187134,-0.08828731561928294,-0.025122404098510742,-0.33026912808418274,-0.08925732905893824,-0.02905142307281494,-0.3725211024284363,-0.09125068719416163,-0.047309160232543945,-0.12720948457717896,-0.07596093351870081,-0.04342794418334961,-0.23488110303878784,-0.08754537190228007,-0.04119241237640381,-0.28885871171951294,-0.08549264009027979,-0.04004347324371338,-0.3254754841327667,-0.08413882489233515
0.0,0.0,0.0,0.056890785694122314,-0.05950057506561279,0.0025146699992291133,0.08283883333206177,-0.1352730393409729,-0.007409456091252764,0.08413469791412354,-0.20734679698944092,-0.015190206373361548,0.06199002265930176,-0.2531546950340271,-0.02500563571068426,0.060257673263549805,-0.13432061672210693,-0.04468239927503248,0.03997403383255005,-0.2600017786026001,-0.05668537029835363,0.030998945236206055,-0.30699998140335083,-0.05802063727590223,0.02681112289428711,-0.32815584540367126,-0.05600173482510229,0.008504152297973633,-0.12391382455825806,-0.051111933680502375,-0.0012340545654296875,-0.26119375228881836,-0.06157657587739607,-0.0021611452102661133,-0.3256329298019409,-0.059979201199737986,-0.0009728074073791504,-0.36217278242111206,-0.058896702619520624,-0.03694760799407959,-0.12477952241897583,-0.0539272361418881,-0.037166476249694824,-0.2534242868423462,-0.06077463636013647,-0.031086206436157227,-0.3188331127166748,-0.05777916395875593,-0.023777902126312256,-0.35942980647087097,-0.05601500803443571,-0.0726521909236908,-0.13006377220153809,-0.054749582799402674,-0.06550639867782593,-0.22601747512817383,-0.056830272915092905,-0.05567365884780884,-0.2689707279205322,-0.04989618519159933,-0.04617878794670105,-0.29732269048690796,-0.044727005901066264
0.0,0.0,0.0,0.0562061071395874,-0.05612838268280029,0.000383700680188781,0.09268182516098022,-0.1285470724105835,-0.010757758020687902,0.10272592306137085,-0.2019435167312622,-0.0191968443983086,0.0827069878578186,-0.24924248456954956,-0.029511593952108228,0.06433635950088501,-0.12488895654678345,-0.04705880649321159,0.04453402757644653,-0.24996405839920044,-0.06069861791961273,0.035520195960998535,-0.2973640561103821,-0.06288374654882034,0.03121328353881836,-0.3197859525680542,-0.061377086415220106,0.01354670524597168,-0.11571305990219116,-0.05296130172841629,0.005912661552429199,-0.25545525550842285,-0.06482255153291305,0.003990232944488525,-0.31791216135025024,-0.06374941460721573,0.005059003829956055,-0.3542739450931549,-0.06308432362907013,-0.030263900756835938,-0.11836844682693481,-0.055462755932737196,-0.029067814350128174,-0.2500976324081421,-0.06382357023589691,-0.0242612361907959,-0.3141302168369293,-0.06075873665444931,-0.01711404323577881,-0.35494357347488403,-0.05884409762852272,-0.0646844208240509,-0.12666743993759155,-0.05615137211911758,-0.0557532012462616,-0.22534924745559692,-0.05952456660502037,-0.047110021114349365,-0.2681441307067871,-0.05325378544561943,-0.03911018371582031,-0.29782789945602417,-0.048627302720475996
0.0,0.0,0.0,0.0538826584815979,-0.056536853313446045,0.0012097086154128078,0.08788549900054932,-0.13279086351394653,-0.009277761461937928,0.09893536567687988,-0.2076270580291748,-0.017204342889392876,0.08420681953430176,-0.257915735244751,-0.027030209558809304,0.06231051683425903,-0.12768220901489258,-0.047045277911031746,0.042259275913238525,-0.2527380585670471,-0.06123286719878962,0.03203117847442627,-0.3009527921676636,-0.06385290111860087,0.026078760623931885,-0.32518285512924194,-0.06257002289851954,0.01140981912612915,-0.11736190319061279,-0.05343939970692446,0.0028069019317626953,-0.25856149196624756,-0.06497850503286173,0.00032782554626464844,-0.32217028737068176,-0.06351012970765879,0.0005968809127807617,-0.3586072325706482,-0.06283252920469096,-0.0336725115776062,-0.11849647760391235,-0.056459857630336785,-0.03324854373931885,-0.24756711721420288,-0.0642994516666775,-0.029143452644348145,-0.31247177720069885,-0.06074569608529856,-0.02253800630569458,-0.3539234399795532,-0.058791542905176186,-0.06976655125617981,-0.12492549419403076,-0.057675110655630135,-0.06465113162994385,-0.22428709268569946,-0.061390048372352624,-0.05924767255783081,-0.26789793372154236,-0.05497256528099825,-0.05405771732330322,-0.29766786098480225,-0.050222887205684685
0.0,0.0,0.0,0.058097779750823975,-0.05684328079223633,0.001988234271237843,0.09229493141174316,-0.1323288083076477,-0.008128016681467898,0.09855800867080688,-0.20885032415390015,-0.015679290012514002,0.07629996538162231,-0.25930869579315186,-0.02524466948310078,0.06738048791885376,-0.12555748224258423,-0.04648629897931755,0.04942387342453003,-0.25015467405319214,-0.05978221395710648,0.038247883319854736,-0.29883357882499695,-0.06096673333743752,0.031302452087402344,-0.3201181888580322,-0.058567717165743716,0.015896737575531006,-0.1161642074584961,-0.05268145302036942,0.007452428340911865,-0.2565430998802185,-0.06381068328121842,0.005442917346954346,-0.32154417037963867,-0.061395242304598696,0.006281852722167969,-0.35894775390625,-0.06009690040448845,-0.028573691844940186,-0.11972683668136597,-0.055280900985991366,-0.028051793575286865,-0.2501900792121887,-0.06259249100187958,-0.022276699542999268,-0.3125709295272827,-0.05721243047813118,-0.013752162456512451,-0.351199746131897,-0.053759797901903994,-0.06456810235977173,-0.12867575883865356,-0.056029211224114306,-0.05617901682853699,-0.22754907608032227,-0.0578672992596978,-0.0459020733833313,-0.27092432975769043,-0.04965291494229973,-0.03571903705596924,-0.2997256815433502,-0.04369959184626282
0.0,0.0,0.0,0.05547589063644409,-0.05394470691680908,-0.0028307030880796447,0.08961433172225952,-0.13187801837921143,-0.016087329058905198,0.09929698705673218,-0.2092883586883545,-0.025585280775089814,0.08151525259017944,-0.26053357124328613,-0.036962881728072716,0.06519263982772827,-0.12331646680831909,-0.05742117394413526,0.044902026653289795,-0.25094079971313477,-0.07358317454065855,0.03504633903503418,-0.3041806221008301,-0.0760067664524513,0.029906094074249268,-0.33226191997528076,-0.0743041001697975,0.014150440692901611,-0.11345481872558594,-0.06204212088789518,0.004356563091278076,-0.25824493169784546,-0.07582282651867445,0.002880990505218506,-0.3225329518318176,-0.07338551063742216,0.004058182239532471,-0.35790178179740906,-0.07153775919880445,-0.030839085578918457,-0.11628663539886475,-0.0632266961475807,-0.030648231506347656,-0.2503781318664551,-0.07264220346417005,-0.025569558143615723,-0.31461387872695923,-0.06864968319143827,-0.019234120845794678,-0.35344967246055603,-0.06587212164606626,-0.06614401936531067,-0.12514632940292358,-0.06285377968754347,-0.056459248065948486,-0.2250729203224182,-0.0675696395775276,-0.04741925001144409,-0.26909083127975464,-0.06227436666097219,-0.04019969701766968,-0.2985191345214844,-0.05817270283307607
0.0,0.0,0.0,0.05718940496444702,-0.05751609802246094,7.679101076973893e-05,0.09113311767578125,-0.13682949542999268,-0.011129413861226567,0.09927457571029663,-0.21505939960479736,-0.01954510914106322,0.0810745358467102,-0.26506632566452026,-0.02988904448170615,0.06514972448348999,-0.13203972578048706,-0.0480719573231454,0.04478180408477783,-0.25549614429473877,-0.06243865484316302,0.03370398283004761,-0.30625802278518677,-0.06551310339887095,0.02726304531097412,-0.3339042067527771,-0.06471113035399867,0.014027655124664307,-0.12242043018341064,-0.053878008517813214,0.006176650524139404,-0.26306796073913574,-0.06494062313754512,0.003753662109375,-0.32751893997192383,-0.06328546920735789,0.003977477550506592,-0.36481961607933044,-0.06280624041278315,-0.030706942081451416,-0.12371701002120972,-0.0563347108097787,-0.027720630168914795,-0.2549101710319519,-0.06388084510285807,-0.023435652256011963,-0.3188853859901428,-0.05975330168325854,-0.017274558544158936,-0.35823726654052734,-0.057452994528603085,-0.06585687398910522,-0.12964355945587158,-0.05714822107870532,-0.05322962999343872,-0.2296552062034607,-0.060178480240892895,-0.04347360134124756,-0.2731352746486664,-0.053516733589958676,-0.03540724515914917,-0.3020825982093811,-0.04878898629863215
0.0,0.0,0.0,0.058204829692840576,-0.04075437784194946,-0.015277750349387276,0.08750301599502563,-0.12070786952972412,-0.04004865747575437,0.07648926973342896,-0.2104954719543457,-0.059497735022350895,0.0458415150642395,-0.2672250270843506,-0.08370540898923551,0.08314436674118042,-0.0849001407623291,-0.08943059903268491,0.05981862545013428,-0.23153680562973022,-0.11334956300143872,0.0405007004737854,-0.30296802520751953,-0.12312223625068341,0.028325438499450684,-0.3463841676712036,-0.12920483809594785,0.028045237064361572,-0.06903821229934692,-0.0944018499243704,0.01625305414199829,-0.2282910943031311,-0.11732421678189908,0.01006174087524414,-0.3197098970413208,-0.12640985709314023,0.0053021907806396484,-0.37926697731018066,-0.13724090021733915,-0.02018284797668457,-0.07424265146255493,-0.09472950410728131,-0.022602856159210205,-0.22809433937072754,-0.11369841408614789,-0.019716978073120117,-0.314613938331604,-0.11830887806300794,-0.0178225040435791,-0.36801546812057495,-0.12389793109779035,-0.05707281827926636,-0.09365028142929077,-0.09377263349179898,-0.047421157360076904,-0.21178078651428223,-0.10900938373689328,-0.03815692663192749,-0.27344799041748047,-0.11022172731046354,-0.03305065631866455,-0.3143954277038574,-0.11270516228561078
0.0,0.0,0.0,0.05938923358917236,-0.050169527530670166,-0.010235564144355891,0.08863502740859985,-0.13097012042999268,-0.03217521059702122,0.07319366931915283,-0.21734803915023804,-0.049908721180660365,0.04100751876831055,-0.2691141963005066,-0.07138764608095371,0.08884304761886597,-0.09012454748153687,-0.07780865329693043,0.06453299522399902,-0.23468780517578125,-0.10094859945963108,0.04377704858779907,-0.30262070894241333,-0.11015568423460209,0.02973097562789917,-0.34370821714401245,-0.11467998969743931,0.031921982765197754,-0.07636481523513794,-0.08390412229488575,0.019693732261657715,-0.23682153224945068,-0.10488206643055165,0.012158691883087158,-0.320098876953125,-0.11028626311014378,0.0069100260734558105,-0.37174761295318604,-0.11647209274957859,-0.018875300884246826,-0.08282506465911865,-0.0859384958762952,-0.018943488597869873,-0.23821789026260376,-0.10285773623178684,-0.01671469211578369,-0.31749260425567627,-0.10360153514335835,-0.015160858631134033,-0.36654019355773926,-0.10467550653408253,-0.05791833996772766,-0.10146951675415039,-0.08643246936987126,-0.0459936261177063,-0.22130078077316284,-0.09860026586244786,-0.03579658269882202,-0.2771754860877991,-0.09629662829826557,-0.029196977615356445,-0.31394118070602417,-0.09475093829820835
0.0,0.0,0.0,0.059407591819763184,-0.04325127601623535,-0.010639332120501166,0.09059321880340576,-0.11978495121002197,-0.032883206268035536,0.07863110303878784,-0.20571154356002808,-0.0506655889351002,0.046996355056762695,-0.25781190395355225,-0.07288696791716731,0.08665615320205688,-0.0844544768333435,-0.08273670252152598,0.06266510486602783,-0.23074781894683838,-0.10587147053071178,0.04205971956253052,-0.299607515335083,-0.11484586622306026,0.027777135372161865,-0.3400074243545532,-0.11970316048451579,0.031262218952178955,-0.07172870635986328,-0.08909409668036616,0.020164668560028076,-0.23255127668380737,-0.10958585317917979,0.012391805648803711,-0.31991803646087646,-0.11616739805527843,0.006198883056640625,-0.37596940994262695,-0.12450874026604808,-0.01792764663696289,-0.07927614450454712,-0.0908899324733845,-0.018226265907287598,-0.23404628038406372,-0.10759526665993846,-0.016728639602661133,-0.3176095485687256,-0.11049210455008662,-0.015994250774383545,-0.37110042572021484,-0.11447684641667522,-0.05655822157859802,-0.0994911789894104,-0.09108199354001201,-0.04577571153640747,-0.2179242968559265,-0.10424278106280482,-0.03788262605667114,-0.27613741159439087,-0.10372463788577235,-0.03392791748046875,-0.3156641125679016,-0.10446405585595286
0.0,0.0,0.0,0.05852001905441284,-0.04430830478668213,-0.010908580692358782,0.0902513861656189,-0.1218309998512268,-0.0339890926423152,0.0786474347114563,-0.20711499452590942,-0.05283641659642058,0.04570937156677246,-0.26000428199768066,-0.07627446048880415,0.08785641193389893,-0.08374160528182983,-0.08324656479979353,0.06429779529571533,-0.23173606395721436,-0.10778922432089644,0.043920814990997314,-0.3022156357765198,-0.11801211380387144,0.0298653244972229,-0.3436511158943176,-0.12345081412220793,0.03275954723358154,-0.0699663758277893,-0.09009927355671721,0.023481667041778564,-0.23169958591461182,-0.11257132732296782,0.01574409008026123,-0.3207729458808899,-0.11982592784787016,0.008720934391021729,-0.3775785267353058,-0.12812605344677763,-0.016012609004974365,-0.07720279693603516,-0.09249217652703123,-0.015712201595306396,-0.2317444086074829,-0.11047197722817259,-0.014195024967193604,-0.3155481815338135,-0.11321630918408232,-0.013453066349029541,-0.3683953881263733,-0.11661294692183333,-0.053682565689086914,-0.09783530235290527,-0.09336292588139372,-0.04254192113876343,-0.2166406512260437,-0.10669967376614409,-0.033965885639190674,-0.27504926919937134,-0.10581154220724898,-0.02919161319732666,-0.31421440839767456,-0.10613012903357344
0.0,0.0,0.0,0.057964026927948,-0.04294729232788086,-0.012942864615972383,0.08934330940246582,-0.12349331378936768,-0.03618481481498037,0.08118867874145508,-0.21453464031219482,-0.05447952175563131,0.05437380075454712,-0.274627149105072,-0.07744370127146993,0.08942997455596924,-0.0865253210067749,-0.08575430983727728,0.06586802005767822,-0.23453646898269653,-0.1102266880316094,0.04479789733886719,-0.30479687452316284,-0.12047872418587957,0.03149896860122681,-0.3459898829460144,-0.1264475333136872,0.0333021879196167,-0.07211822271347046,-0.09139575535481725,0.021874189376831055,-0.23554575443267822,-0.11345143342440878,0.014411628246307373,-0.32752299308776855,-0.12126615369742666,0.008702218532562256,-0.38726305961608887,-0.13095160299962316,-0.015936076641082764,-0.078910231590271,-0.09270005399411474,-0.017787814140319824,-0.23403215408325195,-0.11133881384557043,-0.015624940395355225,-0.32102739810943604,-0.11529365653222357,-0.013868093490600586,-0.3756437301635742,-0.12007594579880987,-0.05429720878601074,-0.0991106629371643,-0.09252542728608404,-0.04402536153793335,-0.21987175941467285,-0.10762643540328298,-0.03533667325973511,-0.28142672777175903,-0.10858039284175192,-0.030014455318450928,-0.32309603691101074,-0.11046191776221548
0.0,0.0,0.0,0.05697661638259888,-0.04314005374908447,-0.014912374919688887,0.08739650249481201,-0.12683212757110596,-0.039231557069754786,0.08036679029464722,-0.2193278670310974,-0.05812756311748046,0.05110651254653931,-0.2808796763420105,-0.08231388744566459,0.09338980913162231,-0.1019105315208435,-0.089898690252042,0.06811147928237915,-0.24894404411315918,-0.11237103459093589,0.04889798164367676,-0.3194833993911743,-0.12025243756029624,0.03704649209976196,-0.36251306533813477,-0.1252906393692257,0.038874268531799316,-0.08700203895568848,-0.0944988575265171,0.025357961654663086,-0.25008970499038696,-0.11695751514885444,0.017023861408233643,-0.34121084213256836,-0.12458662655804176,0.009507715702056885,-0.4004560708999634,-0.1344163638040783,-0.009783446788787842,-0.09190434217453003,-0.09439837154600639,-0.012991368770599365,-0.24633264541625977,-0.11367297139618415,-0.010642826557159424,-0.3311602473258972,-0.11782574620697517,-0.009717106819152832,-0.3827606439590454,-0.12306124684069175,-0.04959791898727417,-0.10899215936660767,-0.0928460505292179,-0.041405677795410156,-0.23036253452301025,-0.10913505372259635,-0.033201634883880615,-0.29124677181243896,-0.11066294428560752,-0.028887391090393066,-0.3314194083213806,-0.11304696616385002
0.0,0.0,0.0,0.05915862321853638,-0.041975319385528564,-0.011902203618369356,0.09085536003112793,-0.11863887310028076,-0.03554172517993237,0.08020281791687012,-0.20331430435180664,-0.05460292922594334,0.04858618974685669,-0.25690901279449463,-0.07829865144827153,0.08905863761901855,-0.08619064092636108,-0.0851220570717075,0.06547027826309204,-0.23184925317764282,-0.10949006008245732,0.04562258720397949,-0.30336737632751465,-0.11874770449735905,0.03135603666305542,-0.3459724187850952,-0.12350939290859486,0.034876346588134766,-0.07260185480117798,-0.09149433003999974,0.02522134780883789,-0.23250120878219604,-0.11378762202598836,0.01701045036315918,-0.3233686089515686,-0.12050635444261815,0.0094185471534729,-0.38221436738967896,-0.12857177930214192,-0.01388692855834961,-0.07989633083343506,-0.0933857791338184,-0.014332592487335205,-0.23357605934143066,-0.11137817131616856,-0.012835383415222168,-0.3182498812675476,-0.11403337197639729,-0.01227867603302002,-0.371765673160553,-0.11759456323721196,-0.053139567375183105,-0.10016196966171265,-0.09382257687189366,-0.043186187744140625,-0.21854811906814575,-0.10784219282009389,-0.035678863525390625,-0.27829527854919434,-0.10729542451240803,-0.03185224533081055,-0.318528413772583,-0.10785882251598622
0.0,0.0,0.0,0.05780142545700073,-0.0430527925491333,-0.015464025636138246,0.08825010061264038,-0.12167668342590332,-0.04045411114853792,0.075888991355896,-0.20632266998291016,-0.06002227132481508,0.0425724983215332,-0.25822240114212036,-0.08432848294538431,0.08881449699401855,-0.08688843250274658,-0.08919829418224268,0.06309002637863159,-0.23271167278289795,-0.11343252201837473,0.042198240756988525,-0.3032686114311218,-0.12292676707071237,0.029089689254760742,-0.34584736824035645,-0.12804846753639154,0.0351184606552124,-0.07028216123580933,-0.09347759475273065,0.023735404014587402,-0.22987598180770874,-0.11651492406886987,0.015013456344604492,-0.32098400592803955,-0.12411755611461572,0.00705331563949585,-0.3786014914512634,-0.1326029478506463,-0.013579607009887695,-0.07610368728637695,-0.09325468083185129,-0.01527857780456543,-0.22975420951843262,-0.11176047017139368,-0.013939976692199707,-0.31389886140823364,-0.11536693115991525,-0.013433635234832764,-0.3648766875267029,-0.1191921858982461,-0.05245077610015869,-0.09675288200378418,-0.09172239442628793,-0.04066288471221924,-0.21530622243881226,-0.10563915510934763,-0.03154110908508301,-0.27418404817581177,-0.10556539436143808,-0.026459693908691406,-0.3121074438095093,-0.10644083013099603
0.0,0.0,0.0,0.06079035997390747,-0.05197036266326904,-0.02207311212919194,0.08572137355804443,-0.13663160800933838,-0.05310445062718827,0.06229126453399658,-0.21942567825317383,-0.07693463347754914,0.028174519538879395,-0.2701876759529114,-0.10448451869092423,0.07853615283966064,-0.07742106914520264,-0.1131946869929834,0.050372302532196045,-0.2317575216293335,-0.14752764038644273,0.028598487377166748,-0.3106761574745178,-0.1592394017418428,0.015054285526275635,-0.3644897937774658,-0.1637722753723665,0.0180777907371521,-0.05557352304458618,-0.11688911698661286,0.0023366212844848633,-0.23171919584274292,-0.1507696115215822,-0.006800174713134766,-0.3353949785232544,-0.158437734170775,-0.010925233364105225,-0.3999295234680176,-0.1643254660805269,-0.03704488277435303,-0.05931651592254639,-0.11607029072843034,-0.042002856731414795,-0.23418068885803223,-0.14355178706250626,-0.041097044944763184,-0.3305346965789795,-0.14722630910478074,-0.0388866662979126,-0.3883907198905945,-0.14817813567719895,-0.0799475908279419,-0.08100020885467529,-0.11387839697204072,-0.06860202550888062,-0.21820026636123657,-0.13334809772572953,-0.055783092975616455,-0.28606826066970825,-0.13357712857327897,-0.046058595180511475,-0.3271561861038208,-0.1329245322187944
0.0,0.0,0.0,0.05991649627685547,-0.03917437791824341,-0.02557437684762931,0.08315181732177734,-0.10687375068664551,-0.059292893897776366,0.053188204765319824,-0.18685346841812134,-0.08554331962395167,0.0111733078956604,-0.22578096389770508,-0.11724977199364162,0.06975650787353516,-0.03202950954437256,-0.11393925551701045,0.04465514421463013,-0.1840004324913025,-0.1475033760480926,0.022664248943328857,-0.2672375440597534,-0.16284199063110805,0.005919218063354492,-0.31858760118484497,-0.17124885324764705,0.008823156356811523,-0.009984314441680908,-0.11673181508112407,-0.00293731689453125,-0.18368399143218994,-0.14833045009899593,-0.01131981611251831,-0.28834378719329834,-0.15938517455387569,-0.020012974739074707,-0.35353124141693115,-0.17076899115372157,-0.04443800449371338,-0.01973658800125122,-0.11491718892384029,-0.046413958072662354,-0.1902826428413391,-0.14134138826656795,-0.043080806732177734,-0.2864280343055725,-0.14593023065853572,-0.04159504175186157,-0.3428448438644409,-0.14991554621983028,-0.08421427011489868,-0.0491640567779541,-0.11222906414795375,-0.07279014587402344,-0.17867594957351685,-0.13050250713158107,-0.05970877408981323,-0.24419397115707397,-0.12975010279942012,-0.05343896150588989,-0.28294944763183594,-0.1308870613985107
0.0,0.0,0.0,0.05865556001663208,-0.03520345687866211,-0.024753821137366572,0.082339346408844,-0.10361838340759277,-0.05719216639083413,0.059088051319122314,-0.18898910284042358,-0.08251749822777299,0.017228245735168457,-0.23418086767196655,-0.11427980014961747,0.06773442029953003,-0.045659780502319336,-0.11263439902943162,0.040740787982940674,-0.19385170936584473,-0.14500672468822984,0.020252346992492676,-0.28033900260925293,-0.15951944241207627,0.003481149673461914,-0.3332427144050598,-0.16788495430630235,0.007447361946105957,-0.023291170597076416,-0.11563293734472779,-0.007138848304748535,-0.19362878799438477,-0.1452356959311345,-0.016083955764770508,-0.29782962799072266,-0.1569467271296361,-0.02577275037765503,-0.3641996383666992,-0.17070920118969468,-0.04333138465881348,-0.030864238739013672,-0.11388768354338197,-0.04839789867401123,-0.19671857357025146,-0.14016042003315476,-0.04536747932434082,-0.29050344228744507,-0.14676440605801133,-0.04521512985229492,-0.34338057041168213,-0.15363512286823777,-0.08216935396194458,-0.05674844980239868,-0.11124167689960984,-0.07307702302932739,-0.18486249446868896,-0.13175920495670823,-0.06141698360443115,-0.25082772970199585,-0.13403657922428636,-0.05726611614227295,-0.289594829082489,-0.1381708616940358
0.0,0.0,0.0,0.06427794694900513,-0.025188148021697998,-0.024851701801992476,0.0913233757019043,-0.09868437051773071,-0.05602142738399607,0.0734248161315918,-0.19099408388137817,-0.0800101101606856,0.03527408838272095,-0.2505819797515869,-0.1103247121184836,0.08282005786895752,-0.04686939716339111,-0.10995998384652239,0.05429494380950928,-0.1976381540298462,-0.1352660596579085,0.035272300243377686,-0.2766612768173218,-0.14254947902855974,0.022084355354309082,-0.3252434730529785,-0.14741867186722857,0.01910698413848877,-0.028392493724822998,-0.11169541033206087,0.005446672439575195,-0.1988810896873474,-0.13756413163838488,-0.002663731575012207,-0.29391610622406006,-0.14441847207245928,-0.012296020984649658,-0.3558275103569031,-0.15557655098137957,-0.03149819374084473,-0.03680241107940674,-0.10844320954976183,-0.0352177619934082,-0.200586199760437,-0.1320890873878966,-0.02780938148498535,-0.28157979249954224,-0.1345450073688994,-0.02717602252960205,-0.3250640034675598,-0.13936033250985247,-0.06858223676681519,-0.06007105112075806,-0.10444367083010775,-0.057132184505462646,-0.18746143579483032,-0.12472092511353594,-0.04312402009963989,-0.2468278408050537,-0.12520172598061663,-0.0382881760597229,-0.2797355055809021,-0.12782263161835772
0.0,0.0,0.0,0.06392574310302734,-0.033809125423431396,-0.025646761294808584,0.08970493078231812,-0.10830068588256836,-0.06080336147209664,0.07057970762252808,-0.19713324308395386,-0.08929738053342362,0.03174030780792236,-0.25583481788635254,-0.12385435798427125,0.08815187215805054,-0.06424665451049805,-0.11658526608010789,0.06525135040283203,-0.21577972173690796,-0.15029180445930024,0.04319649934768677,-0.2967068552970886,-0.16456313827296754,0.026136934757232666,-0.34657615423202515,-0.17292181053420563,0.02737259864807129,-0.045524537563323975,-0.12021200754901429,0.01493072509765625,-0.21821463108062744,-0.15340306260844727,0.005727708339691162,-0.317116916179657,-0.1652433464791443,-0.0030167102813720703,-0.38076251745224,-0.1786037127043869,-0.02370452880859375,-0.05412173271179199,-0.11907708295842667,-0.026093244552612305,-0.22288793325424194,-0.14762626984378358,-0.021014034748077393,-0.31308239698410034,-0.15295698144694825,-0.01999962329864502,-0.36364346742630005,-0.15865810611506959,-0.06316518783569336,-0.07784616947174072,-0.11710659810563584,-0.051406264305114746,-0.20836472511291504,-0.13824406662246247,-0.038552939891815186,-0.2748783826828003,-0.139231432464328,-0.033596694469451904,-0.3143883943557739,-0.1419952104355957
0.0,0.0,0.0,0.05979931354522705,-0.0340040922164917,-0.024092279872409694,0.08507192134857178,-0.1016126275062561,-0.05604931203138053,0.06065797805786133,-0.185194194316864,-0.08104605091225325,0.01778620481491089,-0.23646581172943115,-0.11270734531294524,0.0713968276977539,-0.04729586839675903,-0.11049391937863051,0.04598945379257202,-0.1954079270362854,-0.14149296892296492,0.02699136734008789,-0.27972400188446045,-0.1552312882007283,0.01052922010421753,-0.3325795531272888,-0.16254002464424788,0.011044740676879883,-0.023638367652893066,-0.11257431519638716,-0.0019571781158447266,-0.19320183992385864,-0.14032976937901198,-0.010024070739746094,-0.29219186305999756,-0.14961694789539992,-0.02149975299835205,-0.35332465171813965,-0.1606498123468083,-0.03912198543548584,-0.029939770698547363,-0.10979420555245101,-0.04253876209259033,-0.19292479753494263,-0.13184686613690078,-0.038014888763427734,-0.28075098991394043,-0.13373858345162093,-0.037589848041534424,-0.32756441831588745,-0.13693373513828933,-0.07689249515533447,-0.05590182542800903,-0.10640028727661788,-0.06569027900695801,-0.18139708042144775,-0.12206508082758605,-0.053682148456573486,-0.24487173557281494,-0.11983541262757003,-0.05016690492630005,-0.2793223261833191,-0.12017933142792403
0.0,0.0,0.0,0.06423789262771606,-0.03150045871734619,-0.018834636822077755,0.08966314792633057,-0.109233558177948,-0.047135063722464565,0.0726134181022644,-0.2003767490386963,-0.06830018879446698,0.03667747974395752,-0.25967979431152344,-0.09520062924895001,0.08846133947372437,-0.0778125524520874,-0.1088860792067976,0.059578895568847656,-0.2245965600013733,-0.1357672450092764,0.04080110788345337,-0.3083062171936035,-0.14149447651180935,0.024312376976013184,-0.35979151725769043,-0.1433423844126196,0.02825164794921875,-0.05276757478713989,-0.11174366743836117,0.011326014995574951,-0.2217157483100891,-0.13904502363476468,0.003068983554840088,-0.315879225730896,-0.14237544806275082,-0.007965028285980225,-0.37309277057647705,-0.1482387420681448,-0.02329188585281372,-0.055646657943725586,-0.10892501594099713,-0.030326426029205322,-0.2201283574104309,-0.13252090783390713,-0.025066018104553223,-0.30202943086624146,-0.1294862118509741,-0.024549126625061035,-0.3422788977622986,-0.12801776201996518,-0.06525266170501709,-0.07427722215652466,-0.10475520165238095,-0.05757272243499756,-0.20036852359771729,-0.12383536370072079,-0.046295166015625,-0.26196157932281494,-0.12058777482781124,-0.04267311096191406,-0.2948610782623291,-0.11836839587959957
0.0,0.0,0.0,0.060547828674316406,-0.030845999717712402,-0.019619864059919223,0.0826006531715393,-0.10070633888244629,-0.04929218685471426,0.061562180519104004,-0.187188982963562,-0.07203345617496382,0.02187061309814453,-0.2418382167816162,-0.10104739537679563,0.0808788537979126,-0.05749630928039551,-0.10968964418613325,0.05453437566757202,-0.2067049741744995,-0.13581129780256163,0.03540611267089844,-0.28820598125457764,-0.14189998677217375,0.0199660062789917,-0.33614516258239746,-0.14478115609132658,0.01923292875289917,-0.034754276275634766,-0.11307848861657988,0.0068356990814208984,-0.20776891708374023,-0.1401278810783566,-0.0010232329368591309,-0.30175018310546875,-0.1447021352335156,-0.010074615478515625,-0.3593062162399292,-0.1525567608162106,-0.03175753355026245,-0.04097265005111694,-0.11084326973401915,-0.03551781177520752,-0.20742017030715942,-0.13392491510354887,-0.0305061936378479,-0.2892645001411438,-0.1328155236526669,-0.029439806938171387,-0.33225059509277344,-0.1340120123907269,-0.07191699743270874,-0.06340503692626953,-0.10740940144502531,-0.06160944700241089,-0.19090360403060913,-0.12636066844903837,-0.05070054531097412,-0.25262194871902466,-0.12415614595853697,-0.047313690185546875,-0.287627637386322,-0.12401749065362822
0.0,0.0,0.0,0.03454703092575073,-0.05283457040786743,-0.03107921941460745,0.04968529939651489,-0.13308864831924438,-0.06852592690171377,0.03244131803512573,-0.19388282299041748,-0.10274949087084906,0.01234126091003418,-0.23237097263336182,-0.1382260711330332,0.056766390800476074,-0.09046918153762817,-0.089255528284923,0.035289764404296875,-0.2036016583442688,-0.12769008590163367,0.014608025550842285,-0.2535073161125183,-0.15044053806246893,0.0035887956619262695,-0.27775758504867554,-0.1636312396663584,0.014573633670806885,-0.07211768627166748,-0.09184737665833609,-0.006358802318572998,-0.19947820901870728,-0.12544072581709997,-0.015212476253509521,-0.25513166189193726,-0.13097202195109503,-0.01704925298690796,-0.27936071157455444,-0.13581933988513128,-0.026360273361206055,-0.06235021352767944,-0.09339082403363363,-0.04233098030090332,-0.1853836178779602,-0.12259467853488104,-0.041091203689575195,-0.2348586916923523,-0.11386079503478186,-0.03478348255157471,-0.2527313232421875,-0.10666424198331015,-0.06275099515914917,-0.057875990867614746,-0.09779559238137381,-0.0690661072731018,-0.15489453077316284,-0.11439507616938727,-0.062336266040802,-0.19669193029403687,-0.10406984551133291,-0.053135693073272705,-0.21391713619232178,-0.0959718392628588
0.0,0.0,0.0,0.04170036315917969,-0.038004517555236816,-0.02890069355481728,0.05733966827392578,-0.10752260684967041,-0.06590203513616189,0.040416836738586426,-0.16722124814987183,-0.0988668086122857,0.018782377243041992,-0.20682793855667114,-0.13444871773236855,0.07121562957763672,-0.07622230052947998,-0.11103453059905632,0.05528438091278076,-0.18061482906341553,-0.14872584809774025,0.03494584560394287,-0.23644345998764038,-0.16821163465493782,0.018316209316253662,-0.27624601125717163,-0.1802661376189576,0.033605098724365234,-0.0632135272026062,-0.1125839756917344,0.01706773042678833,-0.19476979970932007,-0.1467062490176545,0.004852294921875,-0.2614595293998718,-0.14853933026307686,-0.003997921943664551,-0.3034626841545105,-0.15197158922666176,-0.007129848003387451,-0.06212824583053589,-0.1109304310869561,-0.019068241119384766,-0.18526291847229004,-0.14041351844781502,-0.024604856967926025,-0.24631524085998535,-0.13157328536027535,-0.027415692806243896,-0.28612738847732544,-0.12564762999528512,-0.04539167881011963,-0.0701751708984375,-0.11134963800424202,-0.04666590690612793,-0.16669303178787231,-0.1288282828521119,-0.04053252935409546,-0.21755170822143555,-0.11973032673114403,-0.03770482540130615,-0.2517275810241699,-0.11371616591924294
0.0,0.0,0.0,0.04511129856109619,-0.0406147837638855,-0.014971118435227027,0.06201982498168945,-0.09993559122085571,-0.031856114059650054,0.04580181837081909,-0.16892284154891968,-0.044594993829690566,0.013120710849761963,-0.21254146099090576,-0.0628860835134617,0.05607402324676514,-0.050321877002716064,-0.06404675731059228,0.022851407527923584,-0.16934102773666382,-0.08151283302899515,4.363059997558594e-05,-0.23721039295196533,-0.09033090808983957,-0.014979898929595947,-0.2782135605812073,-0.09649505653973733,0.01233607530593872,-0.023192405700683594,-0.06636431255932962,-0.013348937034606934,-0.15909379720687866,-0.08280857095118677,-0.02986818552017212,-0.2421702742576599,-0.09167532065507089,-0.04461085796356201,-0.2976216673851013,-0.10347667524214899,-0.024225711822509766,-0.023011445999145508,-0.06547108480330621,-0.043711304664611816,-0.15567278861999512,-0.082640895634853,-0.04751026630401611,-0.2339721918106079,-0.0883324239551655,-0.05072200298309326,-0.28311145305633545,-0.09498753586407815,-0.05395078659057617,-0.03760451078414917,-0.06385685691233789,-0.06326210498809814,-0.14553171396255493,-0.07869285532828485,-0.05930280685424805,-0.20229953527450562,-0.07921046206351434,-0.05641162395477295,-0.24123382568359375,-0.08150407859679376
0.0,0.0,0.0,-0.01192563772201538,-0.03851282596588135,-0.02777865178194361,-0.026804447174072266,-0.08641666173934937,-0.05928976669218855,-0.046592772006988525,-0.14232170581817627,-0.08362175732162314,-0.05731993913650513,-0.17901384830474854,-0.11432025044467764,-0.012790799140930176,-0.02448481321334839,-0.10630402176883536,-0.04997539520263672,-0.1407882571220398,-0.12899791657235937,-0.061906278133392334,-0.2061537504196167,-0.14133847712781744,-0.06329888105392456,-0.2516378164291382,-0.14963659106996374,-0.015492081642150879,-0.013025522232055664,-0.10495723991897421,-0.04075002670288086,-0.14010655879974365,-0.11952662675884085,-0.05421650409698486,-0.21009624004364014,-0.12333709954526739,-0.06329870223999023,-0.26282334327697754,-0.13255562841203528,-0.017584681510925293,-0.017859458923339844,-0.09842460065391379,-0.04206705093383789,-0.14305269718170166,-0.1105659699371131,-0.05757904052734375,-0.2022508978843689,-0.10931235014703589,-0.06551593542098999,-0.2424190640449524,-0.11371560602691488,-0.02260720729827881,-0.0340731143951416,-0.09280870317724066,-0.04484838247299194,-0.13629150390625,-0.10476272761133032,-0.05640304088592529,-0.19441795349121094,-0.09891535549667196,-0.061107754707336426,-0.23861050605773926,-0.09678618817832785
0.0,0.0,0.0,0.02560734748840332,-0.03505980968475342,-0.03159111566952788,0.03784531354904175,-0.08664482831954956,-0.0641426687698754,0.03131413459777832,-0.1347142457962036,-0.0928713475923928,0.018242955207824707,-0.16475337743759155,-0.12420695476345145,0.06811249256134033,-0.01966869831085205,-0.0870318283896836,0.03604167699813843,-0.1287049651145935,-0.116948234067479,0.007123231887817383,-0.18898242712020874,-0.1336597522359284,-0.010472238063812256,-0.22552061080932617,-0.14331217311433875,0.02695643901824951,0.007323503494262695,-0.08839044921211325,0.0007023811340332031,-0.12125837802886963,-0.11486449293903433,-0.016751229763031006,-0.18588340282440186,-0.12399274312070929,-0.02654433250427246,-0.22557735443115234,-0.1325821896653565,-0.01612699031829834,0.01658177375793457,-0.08771418236307227,-0.03217262029647827,-0.10486447811126709,-0.11245034091285788,-0.04128539562225342,-0.16352862119674683,-0.11212194912246787,-0.04585456848144531,-0.1988767385482788,-0.11177360467723929,-0.05270123481750488,0.009792804718017578,-0.08883705191425406,-0.06386280059814453,-0.07856035232543945,-0.10764511875919425,-0.06185758113861084,-0.12444645166397095,-0.10325871609262549,-0.057364463806152344,-0.15394800901412964,-0.0986301844578179
0.0,0.0,0.0,0.045482337474823,-0.0414506196975708,-0.019758128687783483,0.06605076789855957,-0.09416389465332031,-0.0399907577187264,0.05088156461715698,-0.1542748212814331,-0.0552711050361836,0.01403433084487915,-0.19352447986602783,-0.07692295791213155,0.05714058876037598,-0.028484106063842773,-0.07790843130652547,0.021428406238555908,-0.15302282571792603,-0.09283449234072805,-0.003109276294708252,-0.2191864252090454,-0.09699461342398763,-0.018682003021240234,-0.2561516761779785,-0.10100105138127446,0.01137387752532959,-0.003638923168182373,-0.07932179154460073,-0.01448523998260498,-0.14038872718811035,-0.09380160750453115,-0.03146636486053467,-0.21993803977966309,-0.0996141034514153,-0.04665619134902954,-0.27267926931381226,-0.11109917344157338,-0.02680206298828125,-0.003829360008239746,-0.07701185078923345,-0.04700535535812378,-0.13473814725875854,-0.09307603271309972,-0.050633132457733154,-0.2101074457168579,-0.09838077159230352,-0.054162442684173584,-0.2567470073699951,-0.10673673929278493,-0.05835455656051636,-0.01875746250152588,-0.07443451614682317,-0.06736952066421509,-0.1257089376449585,-0.0910285014063561,-0.0639680027961731,-0.18288862705230713,-0.09309310199324727,-0.0612947940826416,-0.22300195693969727,-0.09762239189450383
0.0,0.0,0.0,0.03694576025009155,-0.04412126541137695,-0.0229368487131012,0.055720388889312744,-0.09648197889328003,-0.046532397879303744,0.04141169786453247,-0.1572381854057312,-0.06425196097606545,0.012004673480987549,-0.2010422945022583,-0.0896049158405674,0.04044085741043091,-0.02243947982788086,-0.09142224655860787,-0.0006480216979980469,-0.1534145474433899,-0.10556232349389916,-0.019432425498962402,-0.2236199975013733,-0.10941535399669533,-0.02840942144393921,-0.2617364525794983,-0.11410679833406334,-0.004355669021606445,0.0008292794227600098,-0.09297993199342613,-0.026509463787078857,-0.13894975185394287,-0.10490084604734307,-0.03920072317123413,-0.22039353847503662,-0.10817537621969109,-0.0510287880897522,-0.2732555866241455,-0.11897207216733818,-0.03818172216415405,-0.0008941292762756348,-0.0899188013505352,-0.05785059928894043,-0.1340172290802002,-0.10320574955457573,-0.061636149883270264,-0.21129441261291504,-0.10456843094343071,-0.06222182512283325,-0.25735539197921753,-0.11172832713836556,-0.06765615940093994,-0.017330169677734375,-0.08712042288297539,-0.08318769931793213,-0.12799859046936035,-0.10351792143100624,-0.08225178718566895,-0.18905901908874512,-0.1033887060117138,-0.0785941481590271,-0.22963285446166992,-0.10664165185207253
0.0,0.0,0.0,0.03579670190811157,-0.043827593326568604,-0.019729907720886786,0.05344843864440918,-0.09870898723602295,-0.04063526084979685,0.03997349739074707,-0.16355067491531372,-0.05705696260889681,0.012880861759185791,-0.21216273307800293,-0.08144783145149859,0.040085673332214355,-0.02504134178161621,-0.08000507122238787,0.00462573766708374,-0.15498793125152588,-0.09477063929995211,-0.013671159744262695,-0.22405213117599487,-0.1005341253276697,-0.023505568504333496,-0.26185905933380127,-0.10580202108582171,-0.0033539533615112305,-0.0027244091033935547,-0.08311033910473498,-0.021219730377197266,-0.14007049798965454,-0.0954493201371065,-0.03389275074005127,-0.22203463315963745,-0.10091565465887697,-0.04645270109176636,-0.2763868570327759,-0.11200902527531298,-0.03589707612991333,-0.003979086875915527,-0.08199286377390536,-0.05190092325210571,-0.13414651155471802,-0.09683550810774477,-0.056875407695770264,-0.21078264713287354,-0.10022906130512865,-0.05874389410018921,-0.2562154531478882,-0.10727845048864992,-0.06584781408309937,-0.019626975059509277,-0.08076708680351885,-0.07837158441543579,-0.1303820013999939,-0.09806864625176104,-0.078238844871521,-0.19233787059783936,-0.09801264023741396,-0.07544142007827759,-0.2326948642730713,-0.10027556037863405
0.0,0.0,0.0,0.025241494178771973,-0.045721590518951416,-0.023453179226123666,0.03790766000747681,-0.10300898551940918,-0.04573349043806729,0.02615875005722046,-0.16731852293014526,-0.06188298896034894,0.0012860894203186035,-0.21555179357528687,-0.08581078186711011,0.032041072845458984,-0.030988335609436035,-0.08629483863791165,-0.004608094692230225,-0.16276562213897705,-0.10015878960570035,-0.020306169986724854,-0.23101478815078735,-0.10524780437430081,-0.027566611766815186,-0.2668382525444031,-0.11056987330397305,-0.0015813112258911133,-0.008413851261138916,-0.08595009282311139,-0.022682011127471924,-0.14784038066864014,-0.09775827959259686,-0.035310983657836914,-0.2302972674369812,-0.1043044491120213,-0.04709208011627197,-0.2851176857948303,-0.11709466710766492,-0.026601135730743408,-0.009559094905853271,-0.08114082500418363,-0.048793137073516846,-0.1414002776145935,-0.09480004891833005,-0.05497473478317261,-0.2183052897453308,-0.10240741208275495,-0.05720716714859009,-0.26526039838790894,-0.11378763005217252,-0.05063581466674805,-0.023943841457366943,-0.07619526371439633,-0.07028484344482422,-0.1369912028312683,-0.0922911702104443,-0.07391077280044556,-0.19766169786453247,-0.09546218201597867,-0.0728805661201477,-0.23850125074386597,-0.10127247259100614
0.0,0.0,0.0,0.04359358549118042,-0.05097872018814087,-0.011906567509200272,0.05928385257720947,-0.11759835481643677,-0.03206868610801905,0.037607669830322266,-0.1845104694366455,-0.04867765448513239,0.009676516056060791,-0.22475510835647583,-0.0681035346490404,0.06277930736541748,-0.07597500085830688,-0.06983605540814608,0.03342181444168091,-0.19758117198944092,-0.09499055660786837,0.011385023593902588,-0.2599639296531677,-0.10598539329591006,-0.0034309029579162598,-0.30125999450683594,-0.11131623900952548,0.01779717206954956,-0.05387300252914429,-0.07567593223872393,-0.00382918119430542,-0.18893319368362427,-0.09887037194791048,-0.017948389053344727,-0.26388275623321533,-0.10570164538445681,-0.027004122734069824,-0.3139645457267761,-0.11184722698750704,-0.025368571281433105,-0.05214512348175049,-0.07901008940758913,-0.038651466369628906,-0.18471229076385498,-0.09947879381003588,-0.04396098852157593,-0.2580322027206421,-0.10186071462455004,-0.046249330043792725,-0.3072252869606018,-0.10282003648104876,-0.061908602714538574,-0.06728106737136841,-0.08127898491444796,-0.06179535388946533,-0.1732366681098938,-0.09629755235734194,-0.05592149496078491,-0.2278185486793518,-0.09617913282933443,-0.04980736970901489,-0.2666471600532532,-0.09579480953040331
0.0,0.0,0.0,-0.035932838916778564,-0.014552175998687744,-0.023669985745925715,-0.06836831569671631,-0.04193991422653198,-0.05355251363374691,-0.09728419780731201,-0.0717509388923645,-0.07749204493023854,-0.11479842662811279,-0.09958016872406006,-0.1085411176727007,-0.0609898567199707,-0.021794676780700684,-0.10845162874915104,-0.08542472124099731,-0.14085745811462402,-0.12966299957491856,-0.09459161758422852,-0.20342350006103516,-0.13818130797602635,-0.09836804866790771,-0.24363654851913452,-0.1439560145781229,-0.04603719711303711,-0.023590147495269775,-0.1070711777255724,-0.06979823112487793,-0.15023386478424072,-0.118772485916395,-0.08372354507446289,-0.21986043453216553,-0.12025835520483952,-0.09376305341720581,-0.2678099274635315,-0.12991620010592442,-0.02469104528427124,-0.037674009799957275,-0.09988214976050358,-0.05255436897277832,-0.15802901983261108,-0.1070856989071558,-0.06906580924987793,-0.21680760383605957,-0.10615720755316715,-0.08002173900604248,-0.25712013244628906,-0.11381905681349735,-0.006125092506408691,-0.05829727649688721,-0.09338069117524128,-0.03531140089035034,-0.15702491998672485,-0.09881164288975697,-0.05619156360626221,-0.21079999208450317,-0.09200866675831776,-0.07159185409545898,-0.2498035430908203,-0.09231212890603047
0.0,0.0,0.0,0.02931201457977295,-0.056150078773498535,-0.030971436972265565,0.038924992084503174,-0.1324569582939148,-0.06798398050153764,0.01927196979522705,-0.19084125757217407,-0.10222927781427416,-0.006881117820739746,-0.22689467668533325,-0.1393731490024379,0.042450785636901855,-0.09611034393310547,-0.0937346101054004,0.016644537448883057,-0.21715790033340454,-0.13020734044397386,-0.01042938232421875,-0.2746957540512085,-0.1513593301423839,-0.02708721160888672,-0.3058728575706482,-0.16332907530153307,-0.0015118122100830078,-0.07413339614868164,-0.0972499653943828,-0.02355724573135376,-0.204925537109375,-0.1303096816190532,-0.03956109285354614,-0.2687597870826721,-0.13830184491956743,-0.04709815979003906,-0.3054095506668091,-0.14469790014112505,-0.04323047399520874,-0.06243008375167847,-0.09882370683038744,-0.0571063756942749,-0.1857839822769165,-0.12628438624227556,-0.06005966663360596,-0.2404623031616211,-0.1218238651999286,-0.058707237243652344,-0.2683160901069641,-0.1182053566225818,-0.07725578546524048,-0.06171011924743652,-0.10281066896999391,-0.08684104681015015,-0.1572144627571106,-0.11963179262960466,-0.08047473430633545,-0.19876635074615479,-0.11194025280559572,-0.07142442464828491,-0.22289806604385376,-0.10612504484737428
0.0,0.0,0.0,0.0355379581451416,-0.05626398324966431,-0.033037538729217886,0.05056655406951904,-0.1397201418876648,-0.07246095602920377,0.028291940689086914,-0.2073829174041748,-0.10882005756309354,0.002272367477416992,-0.2497379183769226,-0.14677902971914136,0.05656808614730835,-0.09462326765060425,-0.09306711619308317,0.03579151630401611,-0.21056628227233887,-0.1342384210746559,0.012860238552093506,-0.26650500297546387,-0.15899285589864576,-0.0018045902252197266,-0.29784590005874634,-0.17242649113347852,0.012115180492401123,-0.07627248764038086,-0.09518957053830945,-0.008885383605957031,-0.20630794763565063,-0.13189935599973523,-0.021017253398895264,-0.2706449031829834,-0.13863372718503797,-0.025314807891845703,-0.30305248498916626,-0.14290569638421857,-0.030435502529144287,-0.06584727764129639,-0.09627880071809614,-0.04600417613983154,-0.18884962797164917,-0.12770457481553876,-0.047086477279663086,-0.24452561140060425,-0.11979494904687726,-0.042328059673309326,-0.26835381984710693,-0.11171898906638944,-0.06745058298110962,-0.060889244079589844,-0.10025466894319379,-0.07342356443405151,-0.15463072061538696,-0.11710274880340421,-0.06767112016677856,-0.19905972480773926,-0.10577434217145765,-0.059036850929260254,-0.22067075967788696,-0.09625809555461728
0.0,0.0,0.0,0.04020756483078003,-0.0393984317779541,-0.016784187333200862,0.058046162128448486,-0.09349530935287476,-0.041396073923920085,0.03888380527496338,-0.15688598155975342,-0.0613276547952637,0.008639276027679443,-0.18624424934387207,-0.08518699176750033,0.05795162916183472,-0.03682166337966919,-0.08080346502504199,0.02932894229888916,-0.1579188108444214,-0.10840680815420001,0.006966829299926758,-0.2207566499710083,-0.1230831182762131,-0.007902324199676514,-0.2592524290084839,-0.13174318142375796,0.010923802852630615,-0.017291128635406494,-0.08479346700153201,-0.009224951267242432,-0.15215528011322021,-0.10946371771535723,-0.019074976444244385,-0.22688913345336914,-0.11896937705716937,-0.02534431219100952,-0.27594637870788574,-0.12898007400474398,-0.030608415603637695,-0.02137577533721924,-0.08593239255390017,-0.0433659553527832,-0.1539783477783203,-0.10856406755885928,-0.04492217302322388,-0.22482973337173462,-0.11277316130838244,-0.045043766498565674,-0.270527720451355,-0.11612274862966387,-0.06298643350601196,-0.04245865345001221,-0.08619667954883425,-0.06294858455657959,-0.14882802963256836,-0.10282728441200106,-0.05702698230743408,-0.19988489151000977,-0.10343698032340853,-0.05132657289505005,-0.2346857190132141,-0.10482885308704226
0.0,0.0,0.0,0.049140334129333496,-0.039328038692474365,-0.019345860222387046,0.07006126642227173,-0.10729652643203735,-0.041907727012443274,0.0631454586982727,-0.1713942289352417,-0.05786852467994663,0.040588200092315674,-0.21124780178070068,-0.07533512938957188,0.049979984760284424,-0.06469947099685669,-0.08694270182590458,0.04125678539276123,-0.18583619594573975,-0.11322025139074299,0.0317082405090332,-0.24888300895690918,-0.12175539065341923,0.022916316986083984,-0.2947843074798584,-0.12483171303014728,0.0016232728958129883,-0.05907028913497925,-0.08724041212539646,0.004214167594909668,-0.19258606433868408,-0.11365216154794666,0.007151126861572266,-0.2637401819229126,-0.11878239292840931,0.008553862571716309,-0.31084221601486206,-0.12193514336090061,-0.03910309076309204,-0.06971824169158936,-0.08438407559137318,-0.02849900722503662,-0.20134121179580688,-0.10567910153608295,-0.017113804817199707,-0.26532161235809326,-0.10788547922115299,-0.010531008243560791,-0.30789297819137573,-0.1084057085607526,-0.06761354207992554,-0.08973050117492676,-0.08087871898155186,-0.04504215717315674,-0.18423992395401,-0.09552406449060413,-0.02596515417098999,-0.22220289707183838,-0.09538335282545063,-0.013587713241577148,-0.2468460202217102,-0.09480523247461292
0.0,0.0,0.0,0.0553165078163147,-0.017748236656188965,-0.018895290032737933,0.08360350131988525,-0.07075345516204834,-0.038654177621715746,0.07767856121063232,-0.1431828737258911,-0.053244779989832125,0.047702908515930176,-0.18355673551559448,-0.07187793700467893,0.05780309438705444,-0.021640419960021973,-0.07294203637611218,0.04780852794647217,-0.13889771699905396,-0.09321005939018079,0.03735518455505371,-0.20511245727539062,-0.1031834661818678,0.030424952507019043,-0.24633890390396118,-0.10952816455137082,0.009053707122802734,-0.018763184547424316,-0.07376560865413495,0.007931113243103027,-0.14976972341537476,-0.09230871050130673,0.010711133480072021,-0.22847062349319458,-0.10079764871370145,0.01215207576751709,-0.2770814299583435,-0.11088683007728406,-0.02927255630493164,-0.033907949924468994,-0.07171440421115705,-0.020534217357635498,-0.15983951091766357,-0.09016488044034787,-0.0085982084274292,-0.2314717173576355,-0.09675925521623441,-0.0008864402770996094,-0.27253931760787964,-0.10245261637937375,-0.05517613887786865,-0.057068824768066406,-0.06912700383436032,-0.03626906871795654,-0.15136176347732544,-0.08372534363042661,-0.02055811882019043,-0.20057708024978638,-0.08596223144304105,-0.011512517929077148,-0.23057526350021362,-0.08903797267448255
0.0,0.0,0.0,0.04834502935409546,-0.041748046875,-0.015100805635540837,0.06947118043899536,-0.11303192377090454,-0.034354311960726136,0.06096243858337402,-0.1833210587501526,-0.04788739009478604,0.038969993591308594,-0.22821199893951416,-0.0630046032247833,0.053322792053222656,-0.07775115966796875,-0.07596804721930539,0.04128134250640869,-0.19741737842559814,-0.09945166631320035,0.029386699199676514,-0.2580684423446655,-0.10682829244711911,0.019854962825775146,-0.3007100820541382,-0.10920929684021985,0.006276488304138184,-0.07113993167877197,-0.077526373404055,0.0016729235649108887,-0.20467782020568848,-0.09974294676163709,0.0010967254638671875,-0.27556800842285156,-0.10426357908824002,0.0018661022186279297,-0.32130587100982666,-0.10779822393038785,-0.034454345703125,-0.07795286178588867,-0.07623822017291104,-0.030337870121002197,-0.20864754915237427,-0.09466766341307675,-0.022631525993347168,-0.2742542624473572,-0.09814011080840146,-0.016747772693634033,-0.317169189453125,-0.10009181274750745,-0.06459766626358032,-0.09345817565917969,-0.0739691160497955,-0.04833167791366577,-0.1908780336380005,-0.08799452109911954,-0.032768964767456055,-0.23357951641082764,-0.0898784525571159,-0.02152913808822632,-0.26175397634506226,-0.09089221580603635
0.0,0.0,0.0,0.04652237892150879,-0.040081799030303955,-0.013902675346912474,0.07350951433181763,-0.09940403699874878,-0.03355173858392391,0.07023882865905762,-0.16472774744033813,-0.04901487099516544,0.04840356111526489,-0.20860427618026733,-0.0666972519694582,0.062267005443573,-0.058208167552948,-0.07089999037373218,0.04952198266983032,-0.17553073167800903,-0.09555032568562183,0.037533700466156006,-0.2370469570159912,-0.10588013100016269,0.02862381935119629,-0.2795087695121765,-0.1107261227308527,0.01583331823348999,-0.04916203022003174,-0.07535061704504642,0.012125790119171143,-0.18033450841903687,-0.09872424321758899,0.009950339794158936,-0.25088250637054443,-0.10486446040260944,0.00979524850845337,-0.29746872186660767,-0.1099965842305437,-0.025183916091918945,-0.05841153860092163,-0.07734622525561008,-0.019227325916290283,-0.187910795211792,-0.09816532301294956,-0.013233840465545654,-0.25415027141571045,-0.09984840171921405,-0.006940960884094238,-0.29737406969070435,-0.09996270107615146,-0.05713784694671631,-0.08067446947097778,-0.07859832512724552,-0.040815651416778564,-0.17914587259292603,-0.09385673421013507,-0.026605308055877686,-0.22591209411621094,-0.09347409474241886,-0.014752864837646484,-0.2561890482902527,-0.0925817238031641
0.0,0.0,0.0,0.0478518009185791,-0.040145277976989746,-0.013647838640316934,0.0730738639831543,-0.09957927465438843,-0.03400587770651242,0.06487846374511719,-0.16765761375427246,-0.05037536952207944,0.04135078191757202,-0.21058988571166992,-0.06946119401167294,0.06563311815261841,-0.05588752031326294,-0.07219846281717679,0.05200880765914917,-0.1749565601348877,-0.09717209372232816,0.038200438022613525,-0.23568940162658691,-0.10842223945568463,0.028546035289764404,-0.2750638723373413,-0.11407405618141553,0.01792430877685547,-0.04526782035827637,-0.07711332026432416,0.013610363006591797,-0.1770685315132141,-0.10131595018814465,0.011358261108398438,-0.24840033054351807,-0.10867554429481885,0.010290324687957764,-0.2949756383895874,-0.11489274832914731,-0.023959100246429443,-0.05370289087295532,-0.0793899345726814,-0.01897507905960083,-0.18374323844909668,-0.10129639241407773,-0.011840343475341797,-0.2527042627334595,-0.10415042671869656,-0.0053539276123046875,-0.2964290380477905,-0.1049619737596359,-0.055569231510162354,-0.07643711566925049,-0.08073991272161862,-0.03955721855163574,-0.1765803098678589,-0.0971676457257118,-0.024096310138702393,-0.22530204057693481,-0.09763272586773297,-0.011484026908874512,-0.25601887702941895,-0.09732908490608594
0.0,0.0,0.0,0.05023753643035889,-0.040799736976623535,-0.015060601183776612,0.07751250267028809,-0.10790705680847168,-0.03525247833282208,0.06822097301483154,-0.17965936660766602,-0.050570838512484784,0.045794665813446045,-0.22365111112594604,-0.06794820389301037,0.07250446081161499,-0.06666630506515503,-0.07347390464097714,0.05945026874542236,-0.18541473150253296,-0.09801824054271435,0.04474353790283203,-0.24472445249557495,-0.10746448150426602,0.03430330753326416,-0.2845836877822876,-0.11144458165914273,0.025178134441375732,-0.05580669641494751,-0.0769091810897038,0.02195274829864502,-0.18729251623153687,-0.10077994725257611,0.018949925899505615,-0.25828832387924194,-0.10711615941077923,0.018282949924468994,-0.3049117922782898,-0.11197201571017956,-0.017107725143432617,-0.06351810693740845,-0.07781485131532406,-0.01146632432937622,-0.19473564624786377,-0.09917881003171658,-0.005611002445220947,-0.2633558511734009,-0.10293657741100048,-0.0005218982696533203,-0.3077539801597595,-0.10405945441276288,-0.04927128553390503,-0.08503836393356323,-0.07769642433673596,-0.03080826997756958,-0.18538814783096313,-0.09310168436319088,-0.016194641590118408,-0.2303776741027832,-0.09383370390683865,-0.005620121955871582,-0.25890880823135376,-0.09348489752561306
0.0,0.0,0.0,0.048719048500061035,-0.041208744049072266,-0.015572622442334705,0.07578027248382568,-0.10052603483200073,-0.036141300597876125,0.0682935118675232,-0.16714584827423096,-0.05230560714909416,0.04292327165603638,-0.20957589149475098,-0.0706293639034925,0.06410884857177734,-0.052062809467315674,-0.07195943410107475,0.050105154514312744,-0.16695928573608398,-0.09711706454464775,0.03587532043457031,-0.22907328605651855,-0.10780522788473945,0.02592843770980835,-0.2735048532485962,-0.11309250260302406,0.016068994998931885,-0.04148542881011963,-0.0763141047448812,0.01171189546585083,-0.17317688465118408,-0.10050527567574363,0.009252429008483887,-0.24619942903518677,-0.1080579813809095,0.009574174880981445,-0.2948627471923828,-0.11432152057597023,-0.026248455047607422,-0.05006206035614014,-0.07833909804531913,-0.02164912223815918,-0.18142074346542358,-0.10100208784052711,-0.015023350715637207,-0.2518283724784851,-0.1054399889201818,-0.008403360843658447,-0.2977558374404907,-0.10730179215380531,-0.058718204498291016,-0.07287710905075073,-0.07952891851374488,-0.04195117950439453,-0.17257344722747803,-0.09601977283665519,-0.0271073579788208,-0.21898669004440308,-0.09713014776417594,-0.015105485916137695,-0.2486729621887207,-0.09748946691462379
0.0,0.0,0.0,0.046662330627441406,-0.0323408842086792,-0.01274566537651367,0.06990766525268555,-0.10137331485748291,-0.03175479079547472,0.06157875061035156,-0.17801928520202637,-0.04675101022186823,0.035380780696868896,-0.2267822027206421,-0.06641247401896067,0.08443653583526611,-0.08184546232223511,-0.06804742197456903,0.05776721239089966,-0.2012963891029358,-0.0883809355920846,0.03422534465789795,-0.2623947262763977,-0.09743611047926493,0.018900513648986816,-0.30175673961639404,-0.1029542935914094,0.04303920269012451,-0.06518441438674927,-0.07155294994774408,0.02149021625518799,-0.19676077365875244,-0.08808118383350916,0.006378233432769775,-0.273470401763916,-0.09380156080189295,-0.0070986151695251465,-0.32527458667755127,-0.10213772485914774,0.003274977207183838,-0.06628894805908203,-0.07196566740933008,-0.010125815868377686,-0.1921471357345581,-0.08752919266882486,-0.011724352836608887,-0.26508063077926636,-0.08997675309839792,-0.014000773429870605,-0.31155431270599365,-0.09381483028593607,-0.03189724683761597,-0.07863199710845947,-0.07156706879797525,-0.03204834461212158,-0.17999517917633057,-0.08666827063026972,-0.025114774703979492,-0.2305659055709839,-0.08756159524384088,-0.01978123188018799,-0.26376378536224365,-0.08868000189724512
0.0,0.0,0.0,0.038370370864868164,-0.04003036022186279,-0.007214181194541425,0.061163485050201416,-0.11147171258926392,-0.021048959879664153,0.051804959774017334,-0.18864864110946655,-0.032027606456068725,0.023457825183868408,-0.2416260838508606,-0.05003093236544487,0.08848392963409424,-0.08996021747589111,-0.06286018395283577,0.053714752197265625,-0.21832305192947388,-0.07658205979922172,0.02929973602294922,-0.2819494605064392,-0.07848845475771782,0.01677650213241577,-0.31456947326660156,-0.07941860759117958,0.04787755012512207,-0.06711512804031372,-0.06798877620556709,0.02507305145263672,-0.2056756615638733,-0.07915994578459618,0.008609533309936523,-0.2798069715499878,-0.08029905015089867,-0.006074011325836182,-0.327436625957489,-0.08540498518803474,0.010412991046905518,-0.06495541334152222,-0.06888401561835167,-0.00815814733505249,-0.19811564683914185,-0.08417648130514976,-0.014661729335784912,-0.2665187120437622,-0.08371174388983604,-0.017601191997528076,-0.30611133575439453,-0.08485197329380867,-0.025326907634735107,-0.07411825656890869,-0.068105727969197,-0.032162487506866455,-0.184043288230896,-0.0860665445909774,-0.031027674674987793,-0.23690009117126465,-0.08507529699662086,-0.029307007789611816,-0.2704463601112366,-0.08343011939385292
0.0,0.0,0.0,0.04616600275039673,-0.035805463790893555,-0.005016252695213552,0.0697365403175354,-0.10272723436355591,-0.017315305134843584,0.05667620897293091,-0.1761234998703003,-0.027618130034397836,0.02438652515411377,-0.2248988151550293,-0.044066039210747476,0.090268075466156,-0.08118695020675659,-0.054779139644097086,0.058704912662506104,-0.19898730516433716,-0.06851790968198657,0.03199261426925659,-0.2582404613494873,-0.07182307664174914,0.015938401222229004,-0.29218852519989014,-0.07391730818767428,0.047544777393341064,-0.061527371406555176,-0.06129880372304797,0.023144304752349854,-0.1928948163986206,-0.07318892452735781,0.005500078201293945,-0.2655065059661865,-0.07660389814395785,-0.009866833686828613,-0.3134250044822693,-0.08361492428798556,0.006719648838043213,-0.05999654531478882,-0.06420959655065417,-0.012175321578979492,-0.18799805641174316,-0.08007774624843478,-0.01749551296234131,-0.2577180862426758,-0.08261890832204699,-0.02131861448287964,-0.3018249273300171,-0.08600979421157717,-0.03090435266494751,-0.0704113245010376,-0.06538955245036959,-0.03555053472518921,-0.17384886741638184,-0.0831589934589374,-0.032590508460998535,-0.22415459156036377,-0.08373996738214373,-0.030185580253601074,-0.2592815160751343,-0.08385010186452746
0.0,0.0,0.0,0.04978370666503906,-0.02811533212661743,-0.010740317917054654,0.07539886236190796,-0.09894710779190063,-0.02751529174912548,0.06770461797714233,-0.17920011281967163,-0.03993478934336281,0.03815615177154541,-0.23213636875152588,-0.057994374586826325,0.08412081003189087,-0.08419263362884521,-0.06654486204553223,0.0522041916847229,-0.204822838306427,-0.08360282476115799,0.027928411960601807,-0.26771849393844604,-0.08939166511464691,0.012907803058624268,-0.3049681782722473,-0.09215650851893997,0.04031836986541748,-0.06281614303588867,-0.06900811339784241,0.01533496379852295,-0.1965063214302063,-0.0829103528993187,0.00170975923538208,-0.2745649218559265,-0.08575691427159882,-0.013251543045043945,-0.3260137438774109,-0.09135605539250946,0.0014147162437438965,-0.06198233366012573,-0.06742915655541992,-0.015352725982666016,-0.18997877836227417,-0.08071813876796341,-0.015811383724212646,-0.2590964436531067,-0.07846962804961777,-0.018217742443084717,-0.3004598021507263,-0.07822576309609985,-0.03263211250305176,-0.07281500101089478,-0.06478416319060898,-0.036339640617370605,-0.1763516664505005,-0.07814829195905304,-0.027977287769317627,-0.22241467237472534,-0.07443560059238052,-0.02205127477645874,-0.24975061416625977,-0.07101199920344925
0.0,0.0,0.0,0.0480574369430542,-0.03310084342956543,-0.013392907140172383,0.07372570037841797,-0.10087841749191284,-0.032032591794944665,0.0689542293548584,-0.17779254913330078,-0.04655751356980886,0.04522812366485596,-0.22866606712341309,-0.0659467480530509,0.084644615650177,-0.07729446887969971,-0.06700197378299322,0.058483660221099854,-0.19652509689331055,-0.08569360295436468,0.035516202449798584,-0.25692784786224365,-0.09324747095010366,0.019630372524261475,-0.2928244471549988,-0.09786234567067709,0.0426480770111084,-0.057958006858825684,-0.06996967414519872,0.021498441696166992,-0.19142240285873413,-0.0874567903032073,0.005775153636932373,-0.2688291668891907,-0.09397104898593511,-0.008498609066009521,-0.3201124668121338,-0.10276664564511861,0.0035911202430725098,-0.05833733081817627,-0.06972154745957937,-0.009193718433380127,-0.1853315830230713,-0.08681659171483602,-0.011384010314941406,-0.25736773014068604,-0.08989065656564321,-0.014482617378234863,-0.3028256893157959,-0.0939064077486762,-0.03077411651611328,-0.07098120450973511,-0.068487209772087,-0.030778586864471436,-0.17474496364593506,-0.0833473182668456,-0.024695217609405518,-0.224561870098114,-0.08318734685084905,-0.020704984664916992,-0.25662916898727417,-0.08379252771041479
0.0,0.0,0.0,0.02715885639190674,-0.04117298126220703,-0.007390169437030636,0.04549598693847656,-0.10385257005691528,-0.01961140382195481,0.03794896602630615,-0.16978245973587036,-0.02974038059915074,0.012797713279724121,-0.21933329105377197,-0.04829497682953843,0.06103938817977905,-0.061309993267059326,-0.05367761152888306,0.03556293249130249,-0.19046664237976074,-0.06210902380848893,0.018901944160461426,-0.25546103715896606,-0.06558327796960839,0.009768187999725342,-0.28865349292755127,-0.06930438104177483,0.029810667037963867,-0.04150807857513428,-0.05840845081115731,0.012417078018188477,-0.17858773469924927,-0.06526186737323769,-0.001439213752746582,-0.253451406955719,-0.07173555019403466,-0.013422667980194092,-0.30165255069732666,-0.08251580271030434,0.004681706428527832,-0.04280775785446167,-0.05866615149284371,-0.011043310165405273,-0.17316573858261108,-0.0696849715998269,-0.018487632274627686,-0.24244678020477295,-0.07688942971731194,-0.022065460681915283,-0.2817111015319824,-0.0858457279493905,-0.01973479986190796,-0.05530107021331787,-0.057459023325691305,-0.03296685218811035,-0.1678452491760254,-0.07212844911123284,-0.0376816987991333,-0.2231752872467041,-0.07372459444309243,-0.0381016731262207,-0.2580261826515198,-0.07617206546569832
0.0,0.0,0.0,0.0275232195854187,-0.0404394268989563,-0.03573311653030942,0.04339092969894409,-0.10450160503387451,-0.07301119875205586,0.03482544422149658,-0.1577654480934143,-0.1061427907277448,0.0198248028755188,-0.1933145523071289,-0.1403398902345998,0.05952727794647217,-0.04479259252548218,-0.09148933898700307,0.03957921266555786,-0.16024446487426758,-0.12747686516536305,0.016302287578582764,-0.21979928016662598,-0.1474623621631963,5.745887756347656e-05,-0.2544299364089966,-0.158547291271816,0.016610682010650635,-0.025310277938842773,-0.09189515721095631,3.427267074584961e-05,-0.14756900072097778,-0.12559160005343983,-0.015762805938720703,-0.2162381410598755,-0.13370051395190785,-0.023189842700958252,-0.25598371028900146,-0.13950688552154134,-0.025876164436340332,-0.019465148448944092,-0.09107683014167378,-0.03722643852233887,-0.13185417652130127,-0.12205322992099354,-0.04412543773651123,-0.19511187076568604,-0.11714780490888188,-0.04491984844207764,-0.2308635711669922,-0.11145479392303059,-0.06298023462295532,-0.024062752723693848,-0.09274133455051015,-0.07035154104232788,-0.10461866855621338,-0.11246247004760335,-0.06661534309387207,-0.15110355615615845,-0.10442768197549412,-0.05855727195739746,-0.17924785614013672,-0.09682370882524083
0.0,0.0,0.0,0.02770709991455078,-0.04195404052734375,-0.03468807258923334,0.0398826003074646,-0.10930192470550537,-0.07210420661886019,0.028319835662841797,-0.16866815090179443,-0.10540941202361864,0.00986570119857788,-0.20810353755950928,-0.1406803190084247,0.057468414306640625,-0.05127143859863281,-0.09544442438800615,0.03437906503677368,-0.17194700241088867,-0.13257587545831484,0.011072754859924316,-0.23238897323608398,-0.15319099122007174,-0.004026353359222412,-0.26913344860076904,-0.16466466182191652,0.014160692691802979,-0.03181958198547363,-0.09766401195247454,-0.0041435956954956055,-0.1614234447479248,-0.13176248067338747,-0.01882457733154297,-0.2295219898223877,-0.14127623134572787,-0.024817228317260742,-0.26979076862335205,-0.1489108710857181,-0.029576778411865234,-0.026361942291259766,-0.09826869362314028,-0.04016655683517456,-0.14803153276443481,-0.12927289896924776,-0.04561042785644531,-0.210929274559021,-0.12645362907369417,-0.04600536823272705,-0.2460276484489441,-0.12315296971519274,-0.0663522481918335,-0.032600343227386475,-0.10115319335181994,-0.07137560844421387,-0.12091952562332153,-0.1218589677782802,-0.06633257865905762,-0.1677723526954651,-0.11513168954570574,-0.058748602867126465,-0.1958838701248169,-0.10899090611655993
0.0,0.0,0.0,0.028706729412078857,-0.03497964143753052,-0.037201537761518466,0.04887455701828003,-0.09190589189529419,-0.073371577087471,0.04479515552520752,-0.1420840620994568,-0.10507737380606841,0.034164607524871826,-0.17875045537948608,-0.1373235760365219,0.06731027364730835,-0.020303726196289062,-0.08646475804192733,0.048957109451293945,-0.1340997815132141,-0.12141018641335677,0.02914220094680786,-0.1954973340034485,-0.1404812065993042,0.01638549566268921,-0.22908049821853638,-0.15091659409148406,0.02460247278213501,0.00047791004180908203,-0.08538319450957488,0.009461700916290283,-0.12228244543075562,-0.117237905982563,-0.003609776496887207,-0.19081538915634155,-0.12489389908654402,-0.008789539337158203,-0.22761046886444092,-0.13029787224871825,-0.017968058586120605,0.005726516246795654,-0.08377674502474974,-0.027386784553527832,-0.10612469911575317,-0.11495235097748946,-0.03154188394546509,-0.17249101400375366,-0.11089255941254805,-0.03085613250732422,-0.2095819115638733,-0.10525321495873641,-0.05599081516265869,-0.00042110681533813477,-0.08476437163693618,-0.06063807010650635,-0.0806320309638977,-0.10572742951256942,-0.05548352003097534,-0.13199478387832642,-0.09888225329262923,-0.047376930713653564,-0.16364175081253052,-0.09135450703246306
0.0,0.0,0.0,0.027596712112426758,-0.030156314373016357,-0.03709334241693796,0.04886597394943237,-0.08239227533340454,-0.07306819143241228,0.04691791534423828,-0.13132613897323608,-0.10436814012473405,0.036261916160583496,-0.16552263498306274,-0.1358030560845691,0.07198953628540039,-0.0065277814865112305,-0.08610541107600511,0.0538676381111145,-0.11936521530151367,-0.12143271150534929,0.032398521900177,-0.18137913942337036,-0.1409464898938495,0.017476975917816162,-0.21888339519500732,-0.1514409157866794,0.029101192951202393,0.012784361839294434,-0.08517055692618669,0.015257835388183594,-0.11102902889251709,-0.11740130665248216,0.0010929703712463379,-0.17980796098709106,-0.12576579781716646,-0.005728304386138916,-0.21946197748184204,-0.13142636152451814,-0.014159440994262695,0.015383362770080566,-0.08377154650634111,-0.02231961488723755,-0.0987386703491211,-0.11376093062108339,-0.027747035026550293,-0.16220754384994507,-0.10990009190982164,-0.028040289878845215,-0.1981227993965149,-0.1046797383064586,-0.05238163471221924,0.005965173244476318,-0.08500127228444398,-0.05504649877548218,-0.0752115249633789,-0.10481188925450624,-0.049652040004730225,-0.12216395139694214,-0.09791891010945619,-0.04121309518814087,-0.15025371313095093,-0.0904629054898578
0.0,0.0,0.0,0.029206156730651855,-0.04087495803833008,-0.03363946512268967,0.043980181217193604,-0.10700172185897827,-0.07115484088586754,0.03357774019241333,-0.1642661690711975,-0.10505555629657692,0.015034079551696777,-0.2027149796485901,-0.1411976447694201,0.060618817806243896,-0.051616370677948,-0.09451948910879082,0.037781715393066406,-0.16877156496047974,-0.13143286913560814,0.014271199703216553,-0.22838127613067627,-0.1532310029857058,-0.00043648481369018555,-0.26575857400894165,-0.16600669234918541,0.015898406505584717,-0.033385276794433594,-0.09754721879886574,-0.001208961009979248,-0.16309887170791626,-0.13189540117906517,-0.013636112213134766,-0.2294520139694214,-0.14271507471727318,-0.019099175930023193,-0.269631564617157,-0.15178593307661004,-0.028471052646636963,-0.02864021062850952,-0.09888368904518074,-0.0371251106262207,-0.15005916357040405,-0.12903169602083153,-0.03848624229431152,-0.20947116613388062,-0.12741356402563042,-0.03733325004577637,-0.24371939897537231,-0.12553561538385338,-0.06460624933242798,-0.037380754947662354,-0.10251990020202584,-0.06853967905044556,-0.12443417310714722,-0.12220846921132988,-0.0604366660118103,-0.16872447729110718,-0.11609665363954491,-0.05089592933654785,-0.19603008031845093,-0.11097421556638665
0.0,0.0,0.0,0.025626540184020996,-0.04207819700241089,-0.016963618025158667,0.03747844696044922,-0.09146356582641602,-0.03629716873166444,0.025650739669799805,-0.14397281408309937,-0.0514044353365648,0.002944767475128174,-0.184187650680542,-0.07476341739294412,0.03589510917663574,-0.03806108236312866,-0.07434629663822534,0.003247857093811035,-0.1624276041984558,-0.08707071855661752,-0.010676980018615723,-0.22756493091583252,-0.09364978238937738,-0.018605828285217285,-0.2650413513183594,-0.0994521977007139,0.004281818866729736,-0.01732480525970459,-0.0773097352683294,-0.011455535888671875,-0.15065360069274902,-0.088330470174526,-0.022512495517730713,-0.22802448272705078,-0.09684048607942941,-0.03260987997055054,-0.2814338207244873,-0.109604604691242,-0.01919454336166382,-0.01637136936187744,-0.07559344932434442,-0.03610783815383911,-0.14858561754226685,-0.08898484721777322,-0.041136741638183594,-0.21983462572097778,-0.0980413408577192,-0.04280894994735718,-0.26386088132858276,-0.10901414617893579,-0.04190528392791748,-0.030074656009674072,-0.07332642391321542,-0.057674944400787354,-0.14222759008407593,-0.08732391163704278,-0.061186909675598145,-0.2012171745300293,-0.0887819381057966,-0.06037384271621704,-0.24134445190429688,-0.0928330124914396
0.0,0.0,0.0,0.009440243244171143,-0.04775393009185791,-0.028335670689330072,0.00624769926071167,-0.10340207815170288,-0.06205348365961072,-0.011611521244049072,-0.15814751386642456,-0.08990321003852841,-0.0258217453956604,-0.19742387533187866,-0.1237678199356651,0.014586925506591797,-0.04726618528366089,-0.10846905105768201,-0.007696211338043213,-0.1593584418296814,-0.13463239067255017,-0.02419382333755493,-0.22135484218597412,-0.14748106592355725,-0.03272956609725952,-0.26430392265319824,-0.15614556961713788,-0.008451700210571289,-0.02841407060623169,-0.11049604111371991,-0.0208740234375,-0.15519756078720093,-0.13339458101449964,-0.03410226106643677,-0.22630339860916138,-0.13946748965440747,-0.04223722219467163,-0.27739256620407104,-0.14876785569845197,-0.03139138221740723,-0.024108052253723145,-0.10781033777652738,-0.04211282730102539,-0.15005576610565186,-0.12853903763948438,-0.05073755979537964,-0.21405786275863647,-0.12873197787462232,-0.05386728048324585,-0.25500935316085815,-0.13245971196352002,-0.053177595138549805,-0.031192421913146973,-0.10584329509197232,-0.06598842144012451,-0.12605082988739014,-0.12376144968925473,-0.07162612676620483,-0.1842687726020813,-0.11919999563156125,-0.071269690990448,-0.22528380155563354,-0.11753826283870694
0.0,0.0,0.0,0.027816712856292725,-0.03785210847854614,-0.03201864768504947,0.04073214530944824,-0.09311813116073608,-0.06717524786233753,0.030707061290740967,-0.14286655187606812,-0.09806041528224796,0.014019310474395752,-0.17226845026016235,-0.1319457303428635,0.06508272886276245,-0.027825117111206055,-0.09401467551231235,0.03936678171157837,-0.1342012882232666,-0.1264796714925751,0.012517929077148438,-0.19185465574264526,-0.1450390081548676,-0.005249142646789551,-0.23020637035369873,-0.155883849754332,0.02306884527206421,-0.005208373069763184,-0.09662226696252674,0.00344240665435791,-0.13072925806045532,-0.1268791120195374,-0.01380014419555664,-0.19612973928451538,-0.13748622049331516,-0.02396911382675171,-0.23985904455184937,-0.14666625966071933,-0.020717740058898926,0.0006645321846008301,-0.09685837586164325,-0.02976459264755249,-0.1218024492263794,-0.12397079278468937,-0.03591203689575195,-0.178719162940979,-0.12361431230544895,-0.038234710693359375,-0.2151494026184082,-0.12301103134393543,-0.05745398998260498,-0.00886833667755127,-0.09868821610450595,-0.062432289123535156,-0.09741950035095215,-0.1177710305595383,-0.0590861439704895,-0.14121198654174805,-0.11173229028224796,-0.052945852279663086,-0.17089736461639404,-0.10623246540069431
0.0,0.0,0.0,0.04149067401885986,-0.041542112827301025,-0.009083355366200863,0.05823719501495361,-0.11207705736160278,-0.026514807305247245,0.0443263053894043,-0.1830715537071228,-0.040428980774194656,0.012661457061767578,-0.2232048511505127,-0.058865911847860275,0.07547712326049805,-0.10496330261230469,-0.061165798044712005,0.0437464714050293,-0.2185947299003601,-0.08009377453377908,0.019293785095214844,-0.2766960859298706,-0.0898205969100303,0.003039717674255371,-0.3148583173751831,-0.09578659716895288,0.036977171897888184,-0.08565706014633179,-0.06577886227420038,0.010467529296875,-0.21400535106658936,-0.08173662010482019,-0.00649571418762207,-0.28965073823928833,-0.08938009623339838,-0.02023369073867798,-0.34130150079727173,-0.09858322475007242,-0.0025243163108825684,-0.08389914035797119,-0.06707148585370248,-0.01976722478866577,-0.2061118483543396,-0.08089175406745142,-0.025761961936950684,-0.27661722898483276,-0.08501825068047708,-0.03003019094467163,-0.32103389501571655,-0.08974852744391626,-0.04016834497451782,-0.09455925226211548,-0.06720382306626504,-0.03987807035446167,-0.19409799575805664,-0.07885755184939569,-0.036695003509521484,-0.24615591764450073,-0.07939216080954736,-0.03520834445953369,-0.2816839814186096,-0.08070570561936563
0.0,0.0,0.0,0.03762948513031006,-0.04627799987792969,-0.007769656030781391,0.05077850818634033,-0.11437100172042847,-0.02553127579236758,0.036106884479522705,-0.18109005689620972,-0.04044156022215617,0.008508026599884033,-0.2215098738670349,-0.05880498759294284,0.06323319673538208,-0.09881323575973511,-0.059383227153070095,0.034729063510894775,-0.2108689546585083,-0.08005120850945247,0.012620091438293457,-0.2675668001174927,-0.09134663142109645,-0.002047717571258545,-0.30797135829925537,-0.09803312517548335,0.02549421787261963,-0.080372154712677,-0.06514321513319743,0.004471242427825928,-0.2002112865447998,-0.08307653166199458,-0.010031402111053467,-0.26638084650039673,-0.08985136695051921,-0.01973903179168701,-0.31149977445602417,-0.09684538341904414,-0.012481927871704102,-0.07743310928344727,-0.06793033577347529,-0.0257798433303833,-0.1927400827407837,-0.08230396605873835,-0.031768083572387695,-0.25626176595687866,-0.08392428852463496,-0.03550982475280762,-0.29673629999160767,-0.08565435059214366,-0.045854926109313965,-0.08600962162017822,-0.06970257557774318,-0.04458135366439819,-0.17733269929885864,-0.08015150077486766,-0.04167068004608154,-0.22273951768875122,-0.0784622827901913,-0.04014945030212402,-0.252829372882843,-0.07725035644913447
0.0,0.0,0.0,0.04520934820175171,-0.05181562900543213,0.008117285458610013,0.05801057815551758,-0.12501734495162964,0.0010545021102359442,0.04103487730026245,-0.18642324209213257,-0.006005227664246604,0.009677648544311523,-0.21833503246307373,-0.01781847337795739,0.07478046417236328,-0.134790301322937,-0.03746118220104222,0.03417998552322388,-0.23613852262496948,-0.045010564947261855,0.0066114068031311035,-0.2691035866737366,-0.0451371279598618,-0.007513880729675293,-0.28817838430404663,-0.045456850999727294,0.035991132259368896,-0.11688774824142456,-0.047431917959585235,0.002456068992614746,-0.22967910766601562,-0.055873492831125304,-0.019207537174224854,-0.2817298173904419,-0.05794663550867085,-0.033392250537872314,-0.3161138892173767,-0.06258548992289548,-0.0033953189849853516,-0.10807108879089355,-0.05285264747752194,-0.025034010410308838,-0.21499264240264893,-0.060508335107698485,-0.03535670042037964,-0.2702503204345703,-0.06160364123596196,-0.04136812686920166,-0.30521929264068604,-0.06415961878909116,-0.04053157567977905,-0.10458254814147949,-0.05560564445866589,-0.043402135372161865,-0.19342035055160522,-0.06185065405978207,-0.04346650838851929,-0.23428046703338623,-0.05880970331443791,-0.04327160120010376,-0.26259827613830566,-0.0570791904868031
0.0,0.0,0.0,0.034590840339660645,-0.061229825019836426,0.007274194708337234,0.04069685935974121,-0.1342807412147522,-0.0007277060353558795,0.02029871940612793,-0.19041508436203003,-0.008922437118123128,-0.00937432050704956,-0.21840828657150269,-0.020636033178995206,0.057038187980651855,-0.13882148265838623,-0.03499800144297893,0.01740807294845581,-0.2345777153968811,-0.04512190623743351,-0.010823667049407959,-0.2629597783088684,-0.048306489275525166,-0.027045607566833496,-0.2775041460990906,-0.0502011681960326,0.019259989261627197,-0.12452065944671631,-0.045716302381585194,-0.011503398418426514,-0.2305634617805481,-0.054196676151583745,-0.030844509601593018,-0.2767364978790283,-0.05557526453001316,-0.04225897789001465,-0.3072652220726013,-0.05902086003286655,-0.020500361919403076,-0.11519718170166016,-0.05281717135174091,-0.03969991207122803,-0.21657681465148926,-0.06005288838012035,-0.05061370134353638,-0.263840913772583,-0.05893098367912586,-0.056134045124053955,-0.2938084602355957,-0.059435015456507756,-0.05678361654281616,-0.10801827907562256,-0.05767656295163448,-0.05919855833053589,-0.1934075951576233,-0.06293044044239338,-0.05919289588928223,-0.23022133111953735,-0.05870802878005321,-0.05760282278060913,-0.2560269236564636,-0.05600227965576465
0.0,0.0,0.0,0.039282381534576416,-0.05868130922317505,0.009311246772895743,0.04746526479721069,-0.12915408611297607,0.0017553777141898763,0.026579201221466064,-0.1861068606376648,-0.005772428499867033,-0.0060141682624816895,-0.2144012451171875,-0.017554894002486776,0.06356358528137207,-0.13571655750274658,-0.038927201094438146,0.02663654088973999,-0.23646652698516846,-0.045460488560010504,0.0008413791656494141,-0.26685822010040283,-0.04403031236152799,-0.01304006576538086,-0.28343749046325684,-0.043497718783427786,0.02569591999053955,-0.11835753917694092,-0.04981170213441999,-0.005689084529876709,-0.22922402620315552,-0.058279395016242574,-0.026009023189544678,-0.2810041904449463,-0.05943126967768819,-0.03852212429046631,-0.31605494022369385,-0.06336435666899831,-0.014069437980651855,-0.10956001281738281,-0.055904664012004446,-0.0341494083404541,-0.21609842777252197,-0.06317722788672597,-0.043965160846710205,-0.2702643871307373,-0.06300189337353856,-0.04917031526565552,-0.3057345151901245,-0.06485234937291295,-0.05167698860168457,-0.1053892970085144,-0.059200853022147726,-0.05346912145614624,-0.19441044330596924,-0.0651680677257076,-0.05381065607070923,-0.2360062599182129,-0.061661854299117635,-0.053318560123443604,-0.26623982191085815,-0.059839423658658575
