0.0,0.0,0.0,0.013226568698883057,-0.08252978324890137,0.004047859123744502,0.051097333431243896,-0.14138305187225342,0.0043161997001845975,0.09478706121444702,-0.1767626404762268,0.0039934982907254835,0.127699613571167,-0.1896079182624817,0.006989803760149016,0.0858423113822937,-0.15281802415847778,-0.003975663204840885,0.13627421855926514,-0.15886038541793823,-0.0048855718794982295,0.11867666244506836,-0.13888972997665405,0.001716700744651689,0.09333193302154541,-0.12754517793655396,0.008261416702367796,0.1051626205444336,-0.10613274574279785,-0.007256110069505439,0.1494651436805725,-0.11233103275299072,-0.0030816759552578787,0.13069504499435425,-0.09560757875442505,0.0037345128495474,0.10967385768890381,-0.08636385202407837,0.007401759865530266,0.11886364221572876,-0.05508142709732056,-0.009668307715259061,0.15668731927871704,-0.06943386793136597,-0.005473645274690853,0.13984805345535278,-0.05549746751785278,0.0017002829246450801,0.12045133113861084,-0.04555445909500122,0.0046837452229340215,0.12707138061523438,-0.006400406360626221,-0.011375448071561323,0.15791606903076172,-0.02812260389328003,-0.007349894252769218,0.14343231916427612,-0.020503699779510498,0.00018906847813582317,0.12663471698760986,-0.010131478309631348,0.00555788272882296
0.0,0.0,0.0,0.01967558264732361,-0.09066230058670044,0.005343406063616385,0.06073150038719177,-0.14858907461166382,0.005156269830763449,0.10617145895957947,-0.1802293062210083,0.0035263794223965306,0.13936206698417664,-0.19841372966766357,0.004992588956952204,0.09972605109214783,-0.1603263020515442,-0.002212560201883207,0.14860662817955017,-0.16574060916900635,-0.004179121392667184,0.13142129778862,-0.14579200744628906,0.00095120288722228,0.10560360550880432,-0.1347147822380066,0.006653471452295889,0.11870476603507996,-0.11501741409301758,-0.007226286387890468,0.16225609183311462,-0.12174588441848755,-0.002651370760872851,0.14276161789894104,-0.10632693767547607,0.003187670906186213,0.12138524651527405,-0.09629124402999878,0.005624637075811734,0.13127407431602478,-0.06359291076660156,-0.011347065611630569,0.17004570364952087,-0.07965350151062012,-0.006584736450463424,0.15218159556388855,-0.06695473194122314,0.00048480870725597924,0.1314256489276886,-0.056174635887145996,0.0027108032471687693,0.13795527815818787,-0.013538062572479248,-0.014863079345673214,0.17032524943351746,-0.035188138484954834,-0.008810574120730053,0.15527668595314026,-0.030683696269989014,0.0006328463886120517,0.13694515824317932,-0.021672606468200684,0.006772015777528395
0.0,0.0,0.0,0.02045777440071106,-0.09066319465637207,0.0048587651483842365,0.06128972768783569,-0.1498323678970337,0.0041254082255193225,0.10655254125595093,-0.1824021339416504,0.00205747257248845,0.1389511227607727,-0.2005581259727478,0.003084095057857894,0.10268712043762207,-0.16435480117797852,-0.0037088761079928645,0.14908874034881592,-0.1703019142150879,-0.005164235501723624,0.13175630569458008,-0.14794516563415527,0.00013631797017410463,0.10739344358444214,-0.13575661182403564,0.005464274299157523,0.12202882766723633,-0.11839604377746582,-0.009002661469565965,0.16465824842453003,-0.12441575527191162,-0.004516707870351411,0.14533686637878418,-0.10723626613616943,0.0013354754567274085,0.1237061619758606,-0.09751909971237183,0.0036231166243680946,0.13437986373901367,-0.06685084104537964,-0.013309941764163113,0.172532856464386,-0.08214157819747925,-0.008824425886558629,0.1546468734741211,-0.06799489259719849,-0.0019778592020145425,0.13337409496307373,-0.057574331760406494,6.666296511070868e-05,0.14077121019363403,-0.0161246657371521,-0.017055845956491567,0.1730993390083313,-0.03854227066040039,-0.011828063192950822,0.15805941820144653,-0.032815396785736084,-0.002856569734575487,0.13957935571670532,-0.02385401725769043,0.0030413124270864955
0.0,0.0,0.0,0.02010694146156311,-0.08992940187454224,0.0047932066174212196,0.06148272752761841,-0.15095269680023193,0.003883720297551463,0.1067354679107666,-0.18519067764282227,0.0017071994172397353,0.14115291833877563,-0.20216786861419678,0.0028340068330976464,0.09879499673843384,-0.16680967807769775,-0.0043285033514735005,0.1493210792541504,-0.17153340578079224,-0.007148598398828199,0.13180184364318848,-0.14885365962982178,-0.0020890467183676265,0.10591250658035278,-0.13698220252990723,0.0035407805500540235,0.11853009462356567,-0.12012612819671631,-0.009731086049043824,0.16477066278457642,-0.12625914812088013,-0.007022234223597934,0.14468973875045776,-0.10828644037246704,-0.0013526210876193545,0.12167936563491821,-0.09931671619415283,0.0013966596836212375,0.1324526071548462,-0.06765031814575195,-0.014238853085601022,0.1724662184715271,-0.08338350057601929,-0.011249365363084962,0.1541195511817932,-0.06776374578475952,-0.0038118013961252473,0.13241010904312134,-0.05742543935775757,-0.0008524488274019859,0.14048868417739868,-0.01656365394592285,-0.018151496615075757,0.1731323003768921,-0.03992432355880737,-0.0141660013085243,0.1568164825439453,-0.03177112340927124,-0.0050907089224097035,0.1382043957710266,-0.021714627742767334,0.0011596409987646439
0.0,0.0,0.0,0.020609945058822632,-0.09190475940704346,0.004641789835318377,0.06438231468200684,-0.15197259187698364,0.0041105061624193695,0.11251670122146606,-0.1859089732170105,0.0027187577303493526,0.14709776639938354,-0.20434600114822388,0.004777104486151984,0.10350543260574341,-0.16945427656173706,-0.004427595171705434,0.15397411584854126,-0.17648380994796753,-0.0048352448415016624,0.13781076669692993,-0.15296787023544312,0.0018028288701543715,0.11387884616851807,-0.14029765129089355,0.007899822559579661,0.1225317120552063,-0.12389981746673584,-0.009240448582545469,0.16741597652435303,-0.1298956274986267,-0.004491432211921165,0.14840000867843628,-0.11195141077041626,0.002023040442168167,0.12661373615264893,-0.10338783264160156,0.0049091050256038216,0.13541889190673828,-0.07231807708740234,-0.012911002259329507,0.17490631341934204,-0.08658796548843384,-0.008373162816837976,0.15768402814865112,-0.07206648588180542,-0.0007718886976135764,0.13693827390670776,-0.06223165988922119,0.0018960700923571494,0.14300715923309326,-0.021911323070526123,-0.015981733906642148,0.1758861541748047,-0.04276615381240845,-0.01119341246374006,0.16034042835235596,-0.036287665367126465,-0.0020057720743125174,0.14193451404571533,-0.027730107307434082,0.004208146486803344
0.0,0.0,0.0,0.018733859062194824,-0.08987432718276978,0.0054407729742820266,0.05908426642417908,-0.15104806423187256,0.004916381088435173,0.10343009233474731,-0.18545114994049072,0.002926275131642342,0.13554489612579346,-0.20440298318862915,0.004169546065270424,0.09661364555358887,-0.16406095027923584,-0.003518579763010621,0.14813357591629028,-0.1698201298713684,-0.006577241702586889,0.13172322511672974,-0.14558708667755127,-0.001993525542900443,0.10549217462539673,-0.1329479217529297,0.003580076151877165,0.11578387022018433,-0.11826562881469727,-0.009117223790497064,0.16207587718963623,-0.12521040439605713,-0.006432158874929428,0.14245080947875977,-0.10632246732711792,-0.0010880640499522087,0.11922502517700195,-0.09667003154754639,0.0016288325398932102,0.1288701891899109,-0.06691229343414307,-0.013840829490334272,0.16957879066467285,-0.08314859867095947,-0.010578397198230505,0.15174221992492676,-0.06733578443527222,-0.0036179344194238183,0.1300320029258728,-0.0563352108001709,-0.000901585680082917,0.13602930307388306,-0.016671419143676758,-0.01794089516869235,0.16981130838394165,-0.03919863700866699,-0.013842335438937425,0.1547369360923767,-0.03146660327911377,-0.005128173625678301,0.1359139084815979,-0.021716058254241943,0.0009605591743024888
0.0,0.0,0.0,0.019989073276519775,-0.09110528230667114,0.004511320150385245,0.06410551071166992,-0.153572678565979,0.005809025025854453,0.11239060759544373,-0.18948614597320557,0.006031139871964797,0.14693883061408997,-0.20450365543365479,0.009459084018061503,0.10520878434181213,-0.16209560632705688,0.002852292849610194,0.15436461567878723,-0.17273634672164917,0.003425403616319045,0.1397535502910614,-0.15675956010818481,0.009532457335780009,0.11671772599220276,-0.1462411880493164,0.015226747958848819,0.12458440661430359,-0.11541545391082764,-0.0006180289765609359,0.16766014695167542,-0.13029754161834717,0.004321013229827031,0.15014562010765076,-0.11795055866241455,0.009571638076494082,0.13012126088142395,-0.10796576738357544,0.011969199522326335,0.1374850571155548,-0.06413614749908447,-0.0035213079518428003,0.17497536540031433,-0.09009987115859985,0.0019528006687039579,0.15837374329566956,-0.0789749026298523,0.0076303161931434715,0.13908734917640686,-0.06752210855484009,0.009172873689720973,0.14444908499717712,-0.014592349529266357,-0.005928774246086732,0.17701396346092224,-0.04385179281234741,-0.00012946687459702844,0.16397938132286072,-0.041494786739349365,0.007362869220713719,0.14780572056770325,-0.032981932163238525,0.01228078280288969
0.0,0.0,0.0,0.021446943283081055,-0.09318733215332031,0.004674871894650323,0.06296664476394653,-0.15417546033859253,0.004436308029227121,0.11063319444656372,-0.18818968534469604,0.0030009681127296517,0.14467966556549072,-0.20409351587295532,0.004818703490428788,0.1011509895324707,-0.1653410792350769,0.0011957738084049652,0.15125823020935059,-0.17457062005996704,0.0003549687740189711,0.13583457469940186,-0.1560949683189392,0.005241992860220535,0.11180514097213745,-0.14422625303268433,0.010415012459390027,0.12084448337554932,-0.11867082118988037,-0.0028757099293841293,0.16483664512634277,-0.13032084703445435,0.0017080112361611555,0.14744603633880615,-0.11619383096694946,0.006457691989027126,0.12635278701782227,-0.10614889860153198,0.00834687191539274,0.13436627388000488,-0.06782394647598267,-0.006279541202701466,0.1720483899116516,-0.08876585960388184,-0.001399867609023886,0.15561556816101074,-0.07641303539276123,0.004662044788830144,0.1357729434967041,-0.06567317247390747,0.006438553775780065,0.142231285572052,-0.01919502019882202,-0.009177417051859038,0.17336153984069824,-0.044936299324035645,-0.0036811155964358022,0.15882211923599243,-0.039373695850372314,0.0045908521629201005,0.14208853244781494,-0.03005516529083252,0.010189759987525804
0.0,0.0,0.0,0.0198248028755188,-0.08884012699127197,0.0024202555266015224,0.06018263101577759,-0.15187782049179077,0.0006789337691657238,0.105038583278656,-0.1890316605567932,-0.002209878681526334,0.13937872648239136,-0.2063847780227661,-0.00157015564974472,0.09876376390457153,-0.16529661417007446,-0.004481222868264467,0.15213996171951294,-0.17528897523880005,-0.009016416423321516,0.13682639598846436,-0.15300840139389038,-0.005355747338683159,0.11103212833404541,-0.13941699266433716,-0.00016148777859825714,0.11904525756835938,-0.11935561895370483,-0.008577622860968859,0.16656512022018433,-0.13087695837020874,-0.006701647226066143,0.1484295129776001,-0.11277949810028076,-0.0021723240300275393,0.12600070238113403,-0.10119616985321045,8.409844821244405e-05,0.1336464285850525,-0.06869125366210938,-0.012267206251920015,0.17374294996261597,-0.09023350477218628,-0.009179029070139677,0.156829833984375,-0.07528066635131836,-0.0030495421181626625,0.13574731349945068,-0.06325274705886841,-0.0008243950817927725,0.1427590250968933,-0.019642174243927002,-0.01571318918496445,0.17584890127182007,-0.0486147403717041,-0.011737021073997767,0.16167646646499634,-0.042280495166778564,-0.0038915678545095034,0.1435433030128479,-0.03224247694015503,0.001704909567422419
0.0,0.0,0.0,0.01939055323600769,-0.0909264087677002,0.004484995223265287,0.06142428517341614,-0.15361154079437256,0.003883191805016395,0.10699379444122314,-0.19144916534423828,0.002021148057337996,0.14231818914413452,-0.20728081464767456,0.003661340756025311,0.099720299243927,-0.16767293214797974,-0.002610057404581312,0.1519286036491394,-0.1754668951034546,-0.004866722550559643,0.13505029678344727,-0.15327876806259155,0.0003109202793893928,0.10909861326217651,-0.1405496597290039,0.0060405847166293825,0.11969965696334839,-0.12058395147323608,-0.007332692899126414,0.16600853204727173,-0.13089340925216675,-0.003737479726169113,0.14730703830718994,-0.11361944675445557,0.001868709411155578,0.12524843215942383,-0.10230660438537598,0.004593939009737369,0.13355481624603271,-0.06880497932434082,-0.011312695265132788,0.17431652545928955,-0.08870065212249756,-0.007225477647352818,0.15726256370544434,-0.0749923586845398,-0.0002597408470137452,0.13647222518920898,-0.06311064958572388,0.0023451963920706476,0.14175593852996826,-0.019101977348327637,-0.014773882970530394,0.17536872625350952,-0.04531615972518921,-0.00994769395174444,0.16093963384628296,-0.03998154401779175,-0.0013420177142506873,0.14315873384475708,-0.029865741729736328,0.004605311855357286
0.0,0.0,0.0,0.027109980583190918,-0.08741933107376099,0.00040400406106755327,0.07653063535690308,-0.14190727472305298,0.00021193966205146353,0.1273740530014038,-0.17052817344665527,-0.00039065446361519207,0.16394567489624023,-0.18492883443832397,0.0022832036727891136,0.11375164985656738,-0.13357484340667725,-5.6486708842840017e-05,0.17054224014282227,-0.14068257808685303,-0.003231769868932588,0.15321606397628784,-0.13545626401901245,-0.0004687547672688197,0.12680679559707642,-0.12831038236618042,0.003517091531477945,0.1261628270149231,-0.08175724744796753,-0.001608330615624709,0.17654931545257568,-0.09728997945785522,-0.0010125029122605156,0.15804964303970337,-0.0959288477897644,0.002503496619112866,0.13479191064834595,-0.08910113573074341,0.004985111324288027,0.1328662633895874,-0.030220627784729004,-0.0032506598847135137,0.17695629596710205,-0.05539363622665405,-0.002167051633648498,0.1599268913269043,-0.05416232347488403,0.0025995176063702274,0.13804280757904053,-0.046218037605285645,0.0051103867834285666,0.13538843393325806,0.01675426959991455,-0.004625373029909952,0.17106908559799194,-0.011924266815185547,-0.0028479227086677383,0.15833699703216553,-0.015695810317993164,0.0027689594087974,0.14029860496520996,-0.008979082107543945,0.007425249112941401
0.0,0.0,0.0,0.028728395700454712,-0.08985209465026855,0.000937256295003408,0.07867226004600525,-0.14714646339416504,-0.0011954920168477656,0.13082614541053772,-0.17533212900161743,-0.0038648861495289566,0.1678517758846283,-0.19259917736053467,-0.0029797990841302635,0.11967316269874573,-0.14161765575408936,-0.006669943131271339,0.17553618550300598,-0.1503177285194397,-0.009737205601993537,0.1552967131137848,-0.14030301570892334,-0.00501176985329721,0.12751653790473938,-0.1325385570526123,0.0003942802455298988,0.13274356722831726,-0.0902147889137268,-0.00990531305200193,0.18468156456947327,-0.10454034805297852,-0.008567153386536575,0.16286274790763855,-0.09840476512908936,-0.003173071568596697,0.13724079728126526,-0.09037500619888306,6.427345448400956e-05,0.1384468972682953,-0.037072837352752686,-0.012508492827180362,0.18474647402763367,-0.06163454055786133,-0.010247472584012485,0.1654140055179596,-0.056205153465270996,-0.003231149077180362,0.14200857281684875,-0.04707968235015869,-7.3655207813772e-05,0.1380799114704132,0.012101948261260986,-0.01487270081764791,0.17698195576667786,-0.013555169105529785,-0.01203869833028648,0.1630944311618805,-0.01639723777770996,-0.004252174779537654,0.14384779334068298,-0.010797381401062012,0.0014608852530386685
0.0,0.0,0.0,0.02795657515525818,-0.09255194664001465,0.003917447173819255,0.07780572772026062,-0.14778566360473633,0.00466521351955862,0.12929734587669373,-0.17715364694595337,0.004799067390933942,0.16551348567008972,-0.19506126642227173,0.008399542769268464,0.11940786242485046,-0.13811713457107544,-0.0009980610349771268,0.17283788323402405,-0.15288347005844116,-0.0011618774162229784,0.15184780955314636,-0.14607924222946167,0.004807358955815744,0.12455800175666809,-0.1360870599746704,0.010689664048925351,0.13314422965049744,-0.08657914400100708,-0.003798856051787425,0.18121948838233948,-0.10598248243331909,-0.0002557662966751195,0.15973880887031555,-0.10404849052429199,0.006179215734675836,0.13607648015022278,-0.09503895044326782,0.01010212988950343,0.13999202847480774,-0.03522378206253052,-0.005753354752584983,0.18178066611289978,-0.06259691715240479,-0.0019961610680070407,0.16290625929832458,-0.06123548746109009,0.005269471904114198,0.14110949635505676,-0.051201820373535156,0.008674383511618089,0.14151957631111145,0.010516345500946045,-0.007134380402192164,0.17691364884376526,-0.01736438274383545,-0.0025548377317932136,0.16235092282295227,-0.0222051739692688,0.005755868157223176,0.14323297142982483,-0.015409350395202637,0.011782776912525605
0.0,0.0,0.0,0.025617659091949463,-0.09014725685119629,0.00315269773733462,0.07383203506469727,-0.1445256471633911,0.003980258869944464,0.1240077018737793,-0.17195910215377808,0.003755252267239939,0.1606450080871582,-0.1881849765777588,0.006629280670551907,0.11346286535263062,-0.13303852081298828,0.0024812351157947887,0.16826003789901733,-0.14304286241531372,0.0006573546971253563,0.14885729551315308,-0.13870543241500854,0.0034659732310160507,0.12180250883102417,-0.13101649284362793,0.007427101413725268,0.12482011318206787,-0.08099526166915894,-0.0002803755514264594,0.174626886844635,-0.09691238403320312,0.0023596197543724884,0.15503770112991333,-0.09565794467926025,0.0062833818784042705,0.13130593299865723,-0.08785700798034668,0.008788783027796399,0.1298237442970276,-0.02880096435546875,-0.002770495443598975,0.17510241270065308,-0.0522117018699646,-0.0003138756027851741,0.15807682275772095,-0.05217862129211426,0.004897102172492396,0.1358087658882141,-0.04424786567687988,0.007621393929241549,0.13047826290130615,0.01845186948776245,-0.0047209771173015724,0.16823726892471313,-0.006351888179779053,-0.0012641733800933252,0.15714102983474731,-0.012080252170562744,0.005697360186843525,0.13930022716522217,-0.006771683692932129,0.011195821612147938
0.0,0.0,0.0,0.02901226282119751,-0.09063935279846191,0.0021979865958314804,0.08016866445541382,-0.14683949947357178,0.0023448843383562235,0.13216209411621094,-0.175589919090271,0.0017236126694228915,0.16837209463119507,-0.1924545168876648,0.004519810561589566,0.12090903520584106,-0.13612216711044312,0.0008583241249766616,0.17459630966186523,-0.14911752939224243,-0.0009795062834996315,0.15419745445251465,-0.14372354745864868,0.003253213024265733,0.12612861394882202,-0.13580411672592163,0.008195972197256651,0.1338043212890625,-0.08352035284042358,-0.0021962643260735604,0.18339890241622925,-0.10358667373657227,-0.0003286221073608431,0.16198581457138062,-0.1029428243637085,0.004163729154072371,0.1368347406387329,-0.09511446952819824,0.007053420540444222,0.13956522941589355,-0.03148365020751953,-0.005049880932517681,0.18431496620178223,-0.059814393520355225,-0.003117291595287952,0.1652892827987671,-0.05927342176437378,0.002776026852927771,0.1426134705543518,-0.050556302070617676,0.005630009003482428,0.13972949981689453,0.015094935894012451,-0.007563823706902895,0.17832326889038086,-0.012500941753387451,-0.005191013089813623,0.16399025917053223,-0.01817941665649414,0.0018733700379129914,0.14429199695587158,-0.012526631355285645,0.00735896512543377
0.0,0.0,0.0,0.02818930149078369,-0.08957791328430176,0.000495831697662652,0.07689398527145386,-0.14564889669418335,-0.0010371756097811158,0.12809795141220093,-0.17352473735809326,-0.0030153750731187756,0.16441470384597778,-0.1905781626701355,-0.0016169907348739798,0.11606001853942871,-0.13331979513168335,-0.0033789955368774827,0.17052370309829712,-0.14701789617538452,-0.00703574258932349,0.15070652961730957,-0.1410825252532959,-0.0037549136495727,0.12287575006484985,-0.13234204053878784,0.0007654986520719831,0.12997967004776,-0.08165454864501953,-0.005606495850770443,0.1803761124610901,-0.10174936056137085,-0.0046179071823644335,0.16012507677078247,-0.10112309455871582,-0.00010835201373993186,0.13588732481002808,-0.09355205297470093,0.002532125375182659,0.1370077133178711,-0.03047502040863037,-0.007643202860890597,0.18127226829528809,-0.05965018272399902,-0.006198717356710404,0.16315120458602905,-0.05904674530029297,-0.00026359035382483853,0.14101696014404297,-0.05004626512527466,0.0024963840087366407,0.13871699571609497,0.015357613563537598,-0.009465437923608988,0.17599183320999146,-0.014470398426055908,-0.006979508400945633,0.1620890498161316,-0.019395828247070312,1.7990042579185683e-05,0.1430034637451172,-0.0126265287399292,0.00527672508633259
0.0,0.0,0.0,0.02757960557937622,-0.09189563989639282,0.0009079313726374494,0.0767316222190857,-0.14902979135513306,-0.000934127240327598,0.12947571277618408,-0.17731702327728271,-0.003177972498235704,0.1676693558692932,-0.19510316848754883,-0.0020636268769180788,0.11829698085784912,-0.13862502574920654,-0.004724731656608583,0.1734204888343811,-0.15237843990325928,-0.007678088254181148,0.15289795398712158,-0.14755070209503174,-0.0036598481115674986,0.12566280364990234,-0.13993608951568604,0.0009639576432505237,0.1326950192451477,-0.08610564470291138,-0.0076284073170995725,0.1834501028060913,-0.10627847909927368,-0.006275535548923017,0.16144192218780518,-0.10456347465515137,-0.0009457750007300092,0.1366596221923828,-0.0968591570854187,0.0020753457333171355,0.13994652032852173,-0.033869266510009766,-0.010128448239413501,0.18393659591674805,-0.06282836198806763,-0.008345886587051154,0.16445976495742798,-0.06016641855239868,-0.0015898843872150792,0.14206230640411377,-0.050852417945861816,0.001361746702457367,0.14176863431930542,0.013320565223693848,-0.012357162765113117,0.17773747444152832,-0.017870664596557617,-0.009836577332464458,0.1620551347732544,-0.02104640007019043,-0.0024169429548805965,0.1428530216217041,-0.013466596603393555,0.0029391017864668356
0.0,0.0,0.0,0.028476685285568237,-0.08829516172409058,0.001175727768327306,0.07838404178619385,-0.14489257335662842,-0.00065384704760163,0.13076865673065186,-0.17310833930969238,-0.003401277979378392,0.1679631471633911,-0.1915850043296814,-0.0026864748648449677,0.11819034814834595,-0.13507187366485596,-0.003804228661124398,0.1751546859741211,-0.14915096759796143,-0.00789138713992088,0.1550542116165161,-0.14361852407455444,-0.004856956118260314,0.12691009044647217,-0.13594067096710205,-0.0005124895102426308,0.13035517930984497,-0.08496034145355225,-0.0072911623134359616,0.18321889638900757,-0.10480183362960815,-0.007164679394577433,0.16208547353744507,-0.10234671831130981,-0.002997625778903057,0.13667291402816772,-0.09377926588058472,-0.00032469913969634945,0.13584154844284058,-0.03361225128173828,-0.010441962090794732,0.1834019422531128,-0.06156754493713379,-0.009399517831866433,0.1646120548248291,-0.05936545133590698,-0.0029111841428175467,0.14138638973236084,-0.05025523900985718,0.00035090399649106985,0.13595890998840332,0.013721168041229248,-0.013410366532866647,0.17657774686813354,-0.01194542646408081,-0.01133713537967651,0.16279810667037964,-0.017000854015350342,-0.003781162129257609,0.1428384780883789,-0.01164025068283081,0.001995055543716262
0.0,0.0,0.0,0.026145219802856445,-0.0883493423461914,0.0005584656616690609,0.07591354846954346,-0.14380031824111938,0.0006812934304605278,0.1277042031288147,-0.17180198431015015,0.0004212304490636143,0.1627388596534729,-0.18594598770141602,0.0035292343825119588,0.11646050214767456,-0.1332094669342041,0.0019368039799871895,0.17007285356521606,-0.14386123418807983,-0.0007784223992359784,0.15243011713027954,-0.13749569654464722,0.0022603981785493943,0.12629544734954834,-0.1296766996383667,0.006372714939715252,0.129460871219635,-0.0810089111328125,0.000354585092935622,0.17716652154922485,-0.09883230924606323,0.001076269488038406,0.15716266632080078,-0.0974622368812561,0.004456122930349693,0.13401859998703003,-0.09061580896377563,0.006856623630227432,0.13633990287780762,-0.029343903064727783,-0.0014559140538779047,0.17852693796157837,-0.05663830041885376,-0.0008441279635746923,0.16039526462554932,-0.05434131622314453,0.0033365551505255553,0.13873010873794556,-0.04533904790878296,0.005522802065314636,0.13885140419006348,0.01783907413482666,-0.0029793881688249257,0.17340433597564697,-0.011607527732849121,-0.0022699413232487586,0.15911197662353516,-0.013115465641021729,0.002468236548082814,0.14119648933410645,-0.004446089267730713,0.006634993071855888
0.0,0.0,0.0,0.03773373365402222,-0.09033888578414917,0.0009011755230403651,0.0908244252204895,-0.1386876106262207,-0.0007683228120640706,0.14747333526611328,-0.1516939401626587,-0.002782323304700185,0.18839430809020996,-0.16058498620986938,-0.0015367504909136187,0.1263856589794159,-0.10468488931655884,-0.002190019376712371,0.1824590563774109,-0.11529695987701416,-0.003981634648653198,0.16156774759292603,-0.12335425615310669,0.0002951556000425626,0.13390034437179565,-0.12077295780181885,0.004918315773693394,0.13424617052078247,-0.04940980672836304,-0.0041877116543673765,0.18663299083709717,-0.07300639152526855,-0.002769866166772772,0.16741091012954712,-0.08396399021148682,0.002358681149644326,0.14344888925552368,-0.07904702425003052,0.005111527023700546,0.13600075244903564,0.0006108880043029785,-0.005854232376577784,0.18530648946762085,-0.03169405460357666,-0.005679914401980568,0.16744714975357056,-0.04070025682449341,0.0006704061872824241,0.14415454864501953,-0.03433573246002197,0.00402933019199736,0.13371944427490234,0.043365418910980225,-0.006995354453238178,0.17683666944503784,0.012464404106140137,-0.0057631634642802965,0.16300451755523682,0.0004253387451171875,0.0016012807375318516,0.14239948987960815,0.0048729777336120605,0.007347185490516495
0.0,0.0,0.0,0.03268742561340332,-0.08794230222702026,-0.002501411941210563,0.0822470486164093,-0.1391705870628357,-0.004919461785192425,0.13934248685836792,-0.15610885620117188,-0.007153863897855217,0.18163573741912842,-0.16432321071624756,-0.005442047836567099,0.11996722221374512,-0.10826224088668823,-0.003102795332978303,0.17800933122634888,-0.1155124306678772,-0.005574037665809328,0.1583390235900879,-0.12166249752044678,-0.0016301223033394763,0.13106268644332886,-0.11946099996566772,0.0027900500033695153,0.12900537252426147,-0.05131244659423828,-0.0039643099255215475,0.18089228868484497,-0.07419604063034058,-0.0031608612000297853,0.16287320852279663,-0.08263397216796875,0.0008642249784145406,0.14043211936950684,-0.07917696237564087,0.0029788537692923,0.1329256296157837,-0.0007753372192382812,-0.004949810328270132,0.1781427264213562,-0.03267252445220947,-0.004588276027078564,0.1611890196800232,-0.03809714317321777,0.0013558988037232211,0.1389750838279724,-0.032869160175323486,0.004317810414050882,0.13327497243881226,0.04314666986465454,-0.005873961253399784,0.1698896884918213,0.009435713291168213,-0.005605596928234036,0.15688395500183105,0.0021966099739074707,0.00036640325996017964,0.13840264081954956,0.008282482624053955,0.0053469591119039706
0.0,0.0,0.0,0.03588104248046875,-0.09136933088302612,-0.0019283569109802556,0.08684995770454407,-0.142417311668396,-0.004674263384117694,0.14319384098052979,-0.15789955854415894,-0.007716241843922944,0.1848246455192566,-0.16705834865570068,-0.0071964646614333105,0.12422645092010498,-0.10483568906784058,-0.0017733546829958868,0.1811731457710266,-0.12215495109558105,-0.006982101213111491,0.15745419263839722,-0.12881553173065186,-0.006871051240636916,0.1298782229423523,-0.12256640195846558,-0.004975506190135093,0.13320225477218628,-0.04958432912826538,-0.0034655005130161953,0.18558049201965332,-0.08001160621643066,-0.005532535809948058,0.16452747583389282,-0.0885196328163147,-0.003229622581898184,0.14099252223968506,-0.08038663864135742,-0.001659274885355444,0.13695698976516724,0.00012677907943725586,-0.005416833881213279,0.1843821406364441,-0.037983834743499756,-0.007813360162003846,0.16588765382766724,-0.04547303915023804,-0.0023348783998926592,0.142381489276886,-0.03682088851928711,0.001325354709365456,0.1367996335029602,0.043591439723968506,-0.007293697997852178,0.17590832710266113,0.006128787994384766,-0.008753423198982091,0.16117644309997559,-0.004390716552734375,-0.00252651687890193,0.14015346765518188,0.002527475357055664,0.0033072150853286075
0.0,0.0,0.0,0.03609171509742737,-0.09095340967178345,-0.0025399769997420663,0.08743774890899658,-0.14191412925720215,-0.006105331272465264,0.14358508586883545,-0.15716850757598877,-0.009402812492680823,0.18585914373397827,-0.16606813669204712,-0.009119102765453135,0.12502044439315796,-0.10736387968063354,-0.005213350557369267,0.18167293071746826,-0.12202215194702148,-0.009485128369760787,0.16004812717437744,-0.1285245418548584,-0.007223244790566241,0.13249611854553223,-0.12354850769042969,-0.003846672863346612,0.1343003511428833,-0.05089074373245239,-0.006251735181194817,0.18640202283859253,-0.08034878969192505,-0.007343946524542844,0.1665440797805786,-0.09030735492706299,-0.0036256399812373274,0.1428808569908142,-0.08308637142181396,-0.0015268137553903216,0.13800859451293945,-0.0003892183303833008,-0.007303798139673745,0.1860007643699646,-0.03858464956283569,-0.00969278722686795,0.16695153713226318,-0.04668736457824707,-0.003694010234084999,0.14309728145599365,-0.038375675678253174,-7.99504609858559e-05,0.13771706819534302,0.04294329881668091,-0.008174777065050876,0.17709708213806152,0.00581890344619751,-0.010170642320645129,0.16091030836105347,-0.004211127758026123,-0.003969273564052855,0.1397327184677124,0.00299912691116333,0.0016054069515121228
0.0,0.0,0.0,0.029021024703979492,-0.08506399393081665,-0.001139379230181703,0.07950916886329651,-0.13474607467651367,-0.0026048643121896475,0.1355980932712555,-0.15032029151916504,-0.0036434421854494303,0.17569586634635925,-0.1549893617630005,-0.0008453803093573242,0.11749562621116638,-0.10674834251403809,-0.004779942573833296,0.17360034584999084,-0.11290425062179565,-0.0058689725192664355,0.15452608466148376,-0.11818695068359375,-9.551909926130975e-06,0.1281513273715973,-0.11578798294067383,0.0055670223591448575,0.12614503502845764,-0.05121570825576782,-0.005987029762792417,0.1771252453327179,-0.07096201181411743,-0.004061865860450098,0.15862897038459778,-0.07826989889144897,0.0018986209688307554,0.136942058801651,-0.07393717765808105,0.00533089809320586,0.12973007559776306,-0.00017631053924560547,-0.006966377382951805,0.17469879984855652,-0.028627455234527588,-0.006204413024562427,0.15784284472465515,-0.034090638160705566,0.00043636827464865746,0.1363549530506134,-0.028861641883850098,0.0038843976726354867,0.12971892952919006,0.044715821743011475,-0.007609228843676874,0.1676214635372162,0.014059603214263916,-0.007234038559573719,0.1541445553302765,0.007096767425537109,-0.0009533256016140967,0.13498267531394958,0.013311445713043213,0.004294153062772921
0.0,0.0,0.0,0.028516769409179688,-0.08680325746536255,-0.004240600741269418,0.07632911205291748,-0.13782048225402832,-0.007381338043870755,0.13222026824951172,-0.1513863205909729,-0.010242689284297057,0.1735047698020935,-0.15481525659561157,-0.00925345520934684,0.11405056715011597,-0.10870921611785889,-0.003463521017494031,0.1712169051170349,-0.11371839046478271,-0.007181344902875253,0.15186923742294312,-0.11712801456451416,-0.005147928255411216,0.12587058544158936,-0.1137692928314209,-0.0019684162687383377,0.12315720319747925,-0.0519523024559021,-0.0040755834195636,0.17534953355789185,-0.07005631923675537,-0.0037966539382807696,0.15672558546066284,-0.07543516159057617,-0.0006750226018823469,0.13383561372756958,-0.07139259576797485,0.001069790101809076,0.12684142589569092,-0.0008534789085388184,-0.005224949097993203,0.1737040877342224,-0.027210652828216553,-0.005529473884763547,0.15677130222320557,-0.030377209186553955,-0.000676907307735064,0.13384568691253662,-0.024316132068634033,0.001818929100608102,0.12729430198669434,0.04406249523162842,-0.006538095301749536,0.16441047191619873,0.016535937786102295,-0.007541645667316743,0.1516556739807129,0.011475741863250732,-0.0030038858529053414,0.13254249095916748,0.018027961254119873,0.0012345974102743185
0.0,0.0,0.0,0.034991830587387085,-0.08683055639266968,-0.0020957156918655073,0.08598524332046509,-0.1350727081298828,-0.005218054251344029,0.14079484343528748,-0.1486283540725708,-0.00794685360935432,0.18093881011009216,-0.15462881326675415,-0.007050134790659968,0.11837196350097656,-0.10206764936447144,-0.008785467678279701,0.176698237657547,-0.11334699392318726,-0.013078199782938782,0.15641310811042786,-0.11850237846374512,-0.009097436526388947,0.12865427136421204,-0.11468207836151123,-0.004237180193484846,0.12787684798240662,-0.04590463638305664,-0.009955355980963532,0.18212154507637024,-0.07226485013961792,-0.011728275650710884,0.16262438893318176,-0.08002251386642456,-0.006870393259049479,0.1392049491405487,-0.07387000322341919,-0.003673601513327185,0.13280680775642395,0.004973351955413818,-0.01085893538740379,0.1815491020679474,-0.03209584951400757,-0.01290378262248737,0.16296669840812683,-0.03850811719894409,-0.006320834708930079,0.13990548253059387,-0.031206905841827393,-0.0022362895212779677,0.1339665949344635,0.048294126987457275,-0.011527115562529389,0.17463311553001404,0.011555254459381104,-0.012978243724973026,0.1593744456768036,0.0031670331954956055,-0.006902414923132483,0.13853177428245544,0.01015692949295044,-0.0014090101137469446
0.0,0.0,0.0,0.034451067447662354,-0.09004497528076172,-0.0025979819880035393,0.08543187379837036,-0.14054244756698608,-0.0057816020385530464,0.14127442240715027,-0.15655553340911865,-0.008836881181707668,0.18219956755638123,-0.16750431060791016,-0.008236231206467437,0.12006708979606628,-0.10821706056594849,-0.005564794334134149,0.17829164862632751,-0.12311768531799316,-0.011311286053171443,0.15656426548957825,-0.1276281476020813,-0.009788885636737632,0.12985071539878845,-0.12179142236709595,-0.006586758343985366,0.1293666660785675,-0.0521388053894043,-0.006771508994063424,0.18266770243644714,-0.08100688457489014,-0.009679380728414344,0.16227027773857117,-0.08852756023406982,-0.006311237736156272,0.13982674479484558,-0.08102691173553467,-0.0038374226247128718,0.13402709364891052,-0.001659095287322998,-0.008133779204001712,0.18275031447410583,-0.03954005241394043,-0.011552045977225589,0.1638733446598053,-0.045774102210998535,-0.005431052687129068,0.1410946547985077,-0.037157535552978516,-0.001127771957328605,0.13482531905174255,0.04158461093902588,-0.009356839506438064,0.17486819624900818,0.0043582916259765625,-0.011751555761804866,0.15966001152992249,-0.004529118537902832,-0.005689565947761821,0.1393509805202484,0.002875983715057373,0.00013076489580043926
0.0,0.0,0.0,0.03582248091697693,-0.08822321891784668,-0.002356067331788836,0.08695107698440552,-0.13813269138336182,-0.005812473394257722,0.14285272359848022,-0.153190016746521,-0.009074040022028385,0.18399935960769653,-0.16207343339920044,-0.008659593094421325,0.11960306763648987,-0.10681110620498657,-0.007539153829497991,0.18031662702560425,-0.1180148720741272,-0.013488530446124969,0.15925133228302002,-0.12209075689315796,-0.011252588857246337,0.13201510906219482,-0.11757916212081909,-0.007351754032356439,0.1290016770362854,-0.05091792345046997,-0.008665712815059123,0.1850748062133789,-0.07606655359268188,-0.011806802157593665,0.1649814248085022,-0.08304673433303833,-0.007566755902303157,0.14192116260528564,-0.07573795318603516,-0.004334351312650142,0.13393527269363403,0.0005527734756469727,-0.009819149304462371,0.18458735942840576,-0.03440380096435547,-0.01277457390381187,0.16638505458831787,-0.04123026132583618,-0.005960365090800224,0.14362746477127075,-0.03334474563598633,-0.0011654560540819148,0.1347329020500183,0.04515272378921509,-0.010821159262491165,0.17744874954223633,0.009957492351531982,-0.011878876280320583,0.16308099031448364,-0.0005841851234436035,-0.005024237823022304,0.1427479386329651,0.005438804626464844,0.001149230604710283
0.0,0.0,0.0,0.030213385820388794,-0.08746457099914551,-0.0028336375631283772,0.0803787112236023,-0.13960272073745728,-0.005112199034158493,0.13635164499282837,-0.15596210956573486,-0.007367860447232033,0.17675775289535522,-0.16183793544769287,-0.005840870473150517,0.11423632502555847,-0.10664820671081543,-0.004460832956795002,0.1729578971862793,-0.11839073896408081,-0.009528938136611487,0.150715172290802,-0.12109583616256714,-0.0077812391478460086,0.12491655349731445,-0.11477553844451904,-0.004667121372733618,0.12373536825180054,-0.050643086433410645,-0.006022129594896342,0.1766764521598816,-0.07459795475006104,-0.007537726234261299,0.15705281496047974,-0.08005523681640625,-0.004032190810505654,0.13527315855026245,-0.07340031862258911,-0.0015792427962537658,0.12890946865081787,0.00017654895782470703,-0.007944776132319475,0.17460083961486816,-0.03199565410614014,-0.01007989553323796,0.1568736433982849,-0.035800158977508545,-0.00439563665128162,0.13546514511108398,-0.027707815170288086,-0.000651887131937201,0.13059556484222412,0.04448944330215454,-0.009874534248922373,0.16900020837783813,0.012770414352416992,-0.011685525454197432,0.15487617254257202,0.006900310516357422,-0.005990164275829102,0.13559222221374512,0.014576435089111328,-0.0005493378062624288
0.0,0.0,0.0,0.03272804617881775,-0.089255690574646,-0.002083403283052121,0.08331218361854553,-0.1393183469772339,-0.0046032778837457045,0.1388401985168457,-0.15378659963607788,-0.0073867072269990786,0.1792621612548828,-0.16460245847702026,-0.00662645883045343,0.11594834923744202,-0.1088184118270874,-0.0040054251358583315,0.1751796007156372,-0.11928218603134155,-0.010845098170705114,0.15417391061782837,-0.12254565954208374,-0.01093315937674788,0.1283484697341919,-0.1167256236076355,-0.008748786050148283,0.12527555227279663,-0.0531046986579895,-0.005857587318189417,0.17854833602905273,-0.07545912265777588,-0.008415583047337805,0.15936881303787231,-0.08148163557052612,-0.005502632810987507,0.1376190185546875,-0.07419246435165405,-0.003447325426407133,0.13016003370285034,-0.0019362568855285645,-0.008135153438217912,0.17744815349578857,-0.03266233205795288,-0.011248181100256716,0.16008484363555908,-0.038229525089263916,-0.005443464025177036,0.13814806938171387,-0.030437171459197998,-0.0013350559084415181,0.13130640983581543,0.04312920570373535,-0.01034045358306912,0.17126882076263428,0.012043595314025879,-0.011947111684150968,0.15766608715057373,0.003959715366363525,-0.005657936438240085,0.1380046010017395,0.010625243186950684,0.00018843449009864344
0.0,0.0,0.0,0.02372264862060547,-0.08872342109680176,-0.00828514003944747,0.07001596689224243,-0.1500844955444336,-0.014355873109821005,0.12741273641586304,-0.17434042692184448,-0.018009923750582857,0.16591423749923706,-0.1624389886856079,-0.017071919867817087,0.09414097666740417,-0.11197662353515625,-0.01783676480692975,0.1545412242412567,-0.1389417052268982,-0.023321204239550752,0.13324642181396484,-0.14214307069778442,-0.018395103866282625,0.10926395654678345,-0.13056349754333496,-0.013447781445506735,0.10797736048698425,-0.05829125642776489,-0.016127117330256624,0.16201364994049072,-0.09769898653030396,-0.01990300079626195,0.1426951289176941,-0.10333031415939331,-0.014271617287818117,0.12319862842559814,-0.09195584058761597,-0.010178252475384397,0.11968764662742615,-0.011375486850738525,-0.014369054118219537,0.16430193185806274,-0.05680364370346069,-0.01923941297275178,0.14640790224075317,-0.060382962226867676,-0.012318096475723905,0.127409428358078,-0.04846686124801636,-0.007236807027879877,0.1279977560043335,0.02815258502960205,-0.01262959500593297,0.1640821099281311,-0.01589179039001465,-0.017850343490067644,0.14946746826171875,-0.019513309001922607,-0.013459174314562006,0.13263237476348877,-0.006673753261566162,-0.008646388890269918
0.0,0.0,0.0,0.02232930064201355,-0.08218258619308472,-0.006214091051560899,0.06954112648963928,-0.14312803745269775,-0.011527376212370655,0.12637001276016235,-0.1665695309638977,-0.015073463283670208,0.16290101408958435,-0.15204262733459473,-0.014527359940302631,0.08875355124473572,-0.10810256004333496,-0.015538657978368065,0.15260687470436096,-0.13006067276000977,-0.022369892299366256,0.13249856233596802,-0.13189339637756348,-0.020066813528728744,0.10859152674674988,-0.12076544761657715,-0.016714041084242126,0.10247042775154114,-0.05461382865905762,-0.014814984947634002,0.15914961695671082,-0.0887291431427002,-0.01816274501402404,0.14105865359306335,-0.09119683504104614,-0.013578973673475048,0.12121167778968811,-0.08009350299835205,-0.010189801417482158,0.11414206027984619,-0.0073661208152771,-0.014065735005033275,0.16086548566818237,-0.04771167039871216,-0.017800911292624733,0.14477834105491638,-0.049611568450927734,-0.011591765061211845,0.12549415230751038,-0.038726985454559326,-0.007138461768818161,0.12295094132423401,0.03264731168746948,-0.013289679736089965,0.1598285436630249,-0.008138120174407959,-0.01757954709250953,0.14627861976623535,-0.010411202907562256,-0.013521645181072017,0.12871763110160828,0.0018551349639892578,-0.009136705622267982
0.0,0.0,0.0,0.02472749352455139,-0.08387106657028198,-0.007758960723833752,0.0704827606678009,-0.14271235466003418,-0.0136159198730752,0.12668421864509583,-0.1647801399230957,-0.01774824935938568,0.1647031605243683,-0.1536462903022766,-0.017489863224284363,0.09028288722038269,-0.1054086685180664,-0.01427685249592514,0.15260383486747742,-0.1273517608642578,-0.021711216904179764,0.13110533356666565,-0.13106441497802734,-0.019986761398570252,0.10702332854270935,-0.12090504169464111,-0.016978684477464867,0.10416156053543091,-0.051409780979156494,-0.013117490000979615,0.15949615836143494,-0.08586543798446655,-0.017288032583849144,0.14088517427444458,-0.0912851095199585,-0.01336107090111227,0.1212228536605835,-0.0809704065322876,-0.010387537665621949,0.11612144112586975,-0.004453063011169434,-0.01231637842948885,0.16062197089195251,-0.0452079176902771,-0.01669469442214222,0.14445418119430542,-0.04956132173538208,-0.010554621592120839,0.12551534175872803,-0.038878679275512695,-0.0061014291271135335,0.12549835443496704,0.034813761711120605,-0.01177564788605423,0.1599888801574707,-0.004838109016418457,-0.016194918788926316,0.1463014781475067,-0.009181678295135498,-0.012027202770070744,0.12892010807991028,0.0024785995483398438,-0.0075632209330365185
0.0,0.0,0.0,0.025586068630218506,-0.08470427989959717,-0.0062527410989901,0.07192590832710266,-0.14196789264678955,-0.011354758993377345,0.12867030501365662,-0.16335970163345337,-0.01434814802615847,0.16702216863632202,-0.1512555480003357,-0.013146434568454879,0.09213250875473022,-0.10462498664855957,-0.01605807489960398,0.15495920181274414,-0.12763357162475586,-0.020144975402047294,0.13654467463493347,-0.13253909349441528,-0.014654177830209392,0.1133769154548645,-0.12245863676071167,-0.009321415454735416,0.10578998923301697,-0.050471365451812744,-0.014771285124709266,0.1623624563217163,-0.08751285076141357,-0.016562685959627288,0.14536476135253906,-0.09398818016052246,-0.010559641413976806,0.12592196464538574,-0.08308446407318115,-0.006534725551148313,0.11720487475395203,-0.004029691219329834,-0.013116993599226134,0.16361522674560547,-0.047910094261169434,-0.016017325811674255,0.1474742889404297,-0.052938103675842285,-0.008852253325869697,0.12842470407485962,-0.04220038652420044,-0.004112979986359733,0.12558653950691223,0.03426361083984375,-0.011338837102641719,0.16126149892807007,-0.00831371545791626,-0.015262098640789645,0.14683949947357178,-0.012659907341003418,-0.010481119745065826,0.12948256731033325,-0.0005597472190856934,-0.00570510759263243
0.0,0.0,0.0,0.02487856149673462,-0.08496451377868652,-0.006010830015583224,0.06973060965538025,-0.14247757196426392,-0.011397716202480979,0.12598976492881775,-0.16293776035308838,-0.014875017651064582,0.16327595710754395,-0.15200704336166382,-0.014064084351701922,0.09182766079902649,-0.10557514429092407,-0.01679912636492986,0.15454334020614624,-0.12604975700378418,-0.02157323861931104,0.1351989507675171,-0.13199126720428467,-0.016794438087089247,0.1104779839515686,-0.12281078100204468,-0.011983128809077925,0.10564553737640381,-0.05118429660797119,-0.01577448899362821,0.16064640879631042,-0.08507061004638672,-0.01743493656132955,0.1432303786277771,-0.09282010793685913,-0.011137343556328005,0.12348893284797668,-0.08372747898101807,-0.007258472577376551,0.11696460843086243,-0.0038322806358337402,-0.014461912759287543,0.16165056824684143,-0.043990492820739746,-0.016476993062241263,0.14586487412452698,-0.050210535526275635,-0.008753903754694647,0.12657618522644043,-0.040660977363586426,-0.0041126898347272345,0.12499773502349854,0.03592538833618164,-0.013154089995367713,0.15932634472846985,-0.0029036402702331543,-0.015898678996308035,0.14617452025413513,-0.00882256031036377,-0.010769188017292208,0.1292210817337036,0.0013719797134399414,-0.006080727637453265
0.0,0.0,0.0,0.02561512589454651,-0.08571779727935791,-0.007139558702732529,0.07329943776130676,-0.1444922685623169,-0.01291871842371961,0.1302638053894043,-0.1655406951904297,-0.016763318594570364,0.16845771670341492,-0.15390288829803467,-0.016411129649753775,0.09301924705505371,-0.10894453525543213,-0.01750677477943441,0.15560483932495117,-0.13125622272491455,-0.024464674558515753,0.13551616668701172,-0.13446062803268433,-0.021429218616361823,0.11137247085571289,-0.12426728010177612,-0.017508937310452666,0.10672751069068909,-0.05449950695037842,-0.016340481381888594,0.16256287693977356,-0.08931827545166016,-0.02017686356234094,0.144352525472641,-0.09482145309448242,-0.015058787804122176,0.12430906295776367,-0.08465802669525146,-0.011464854966874327,0.1182439923286438,-0.006387948989868164,-0.015128607194895949,0.1637515425682068,-0.047975897789001465,-0.019432265576000418,0.14675584435462952,-0.051841914653778076,-0.012627524588282313,0.12711867690086365,-0.04112589359283447,-0.00787700832265159,0.12655624747276306,0.0340120792388916,-0.013954554017658438,0.16247230768203735,-0.006200313568115234,-0.018339550387139525,0.1482442021369934,-0.010529100894927979,-0.013801288124199118,0.13083788752555847,0.0007928609848022461,-0.00915440198409101
0.0,0.0,0.0,0.026049911975860596,-0.08608782291412354,-0.006760595887669751,0.07200592756271362,-0.14524096250534058,-0.01262976607284827,0.12872916460037231,-0.16707360744476318,-0.016863497961082885,0.16701853275299072,-0.15476083755493164,-0.016793086249151656,0.09406250715255737,-0.10694277286529541,-0.015446648988643119,0.15698650479316711,-0.1307082176208496,-0.022788430619755218,0.1344081461429596,-0.13454562425613403,-0.020616891849556396,0.10993599891662598,-0.12329316139221191,-0.0173995802735476,0.10770168900489807,-0.05243384838104248,-0.014745323043086955,0.1634228527545929,-0.08858025074005127,-0.018886213246503303,0.14323413372039795,-0.09367978572845459,-0.014053647462048957,0.12334901094436646,-0.08260256052017212,-0.010504212286093662,0.118399977684021,-0.005006551742553711,-0.014148807208755443,0.1637551486492157,-0.04645216464996338,-0.018712203074016998,0.14610359072685242,-0.050128936767578125,-0.01142521766922755,0.12672236561775208,-0.03890728950500488,-0.006164938732752034,0.1257040798664093,0.03468984365463257,-0.01363372249505801,0.16137489676475525,-0.005706191062927246,-0.018107845503607223,0.1471070647239685,-0.009341537952423096,-0.013105737101057002,0.12971556186676025,0.0028829574584960938,-0.007958435509124229
0.0,0.0,0.0,0.027584940195083618,-0.08808821439743042,-0.008441158285052097,0.07551014423370361,-0.1476159691810608,-0.015510614676088608,0.13148680329322815,-0.16809356212615967,-0.020085127738923347,0.16942152380943298,-0.15535438060760498,-0.020328711433023727,0.09788936376571655,-0.1090158224105835,-0.022374732134551323,0.16085785627365112,-0.1362949013710022,-0.02867519081911496,0.13797834515571594,-0.13910764455795288,-0.02393571258863858,0.1122649610042572,-0.12741243839263916,-0.018952374992579735,0.11108529567718506,-0.0544314980506897,-0.020712224481314934,0.167523592710495,-0.09426915645599365,-0.0254642066486781,0.14666885137557983,-0.10012942552566528,-0.01969428145667962,0.12441819906234741,-0.0889013409614563,-0.015418302913815296,0.12237092852592468,-0.007048606872558594,-0.018644164962381637,0.16868248581886292,-0.05301612615585327,-0.02377166756770066,0.14964324235916138,-0.058078885078430176,-0.01644984790465287,0.12850427627563477,-0.046990394592285156,-0.011235742544442928,0.1305321455001831,0.031989872455596924,-0.016602588532180107,0.165886789560318,-0.01307070255279541,-0.02232220926663331,0.1497044563293457,-0.019220411777496338,-0.017893874732465065,0.13106387853622437,-0.008296430110931396,-0.013021969882458961
0.0,0.0,0.0,0.024981200695037842,-0.08286178112030029,-0.007129774377773401,0.07031983137130737,-0.14142268896102905,-0.013391236257831451,0.12681663036346436,-0.16279149055480957,-0.017600471568385956,0.1644906997680664,-0.150182843208313,-0.017500183028261063,0.09027400612831116,-0.10511791706085205,-0.018568048668186066,0.15422365069389343,-0.12482792139053345,-0.024373997417370674,0.13344427943229675,-0.12773466110229492,-0.020183787164370415,0.10910689830780029,-0.11811375617980957,-0.015669696447531578,0.10375845432281494,-0.04985761642456055,-0.017414927897135613,0.1604490876197815,-0.08237636089324951,-0.02030462999371707,0.14213988184928894,-0.08705359697341919,-0.014773193230013248,0.12159526348114014,-0.07793474197387695,-0.010986905959526894,0.1152191162109375,-0.0019159913063049316,-0.01599857625095069,0.16085883975028992,-0.04085606336593628,-0.019095711824576256,0.14473465085029602,-0.04451346397399902,-0.012020948757509586,0.12510821223258972,-0.03511953353881836,-0.007358389855454561,0.12395551800727844,0.037674903869628906,-0.014595467080454227,0.15965202450752258,-0.0018748641014099121,-0.018282736134807465,0.14623677730560303,-0.005544066429138184,-0.013571041119377014,0.128838449716568,0.005255699157714844,-0.008935712692419884
0.0,0.0,0.0,0.02405250072479248,-0.08225762844085693,-0.005889661483820419,0.06987524032592773,-0.14160799980163574,-0.011109331496413688,0.12627768516540527,-0.16369396448135376,-0.015062519222851734,0.1638057827949524,-0.15128827095031738,-0.014759866394456367,0.08915403485298157,-0.10809630155563354,-0.01242581090366457,0.15340471267700195,-0.12460947036743164,-0.01913938751852129,0.13309445977210999,-0.1271870732307434,-0.017078445166703204,0.10888031125068665,-0.11776900291442871,-0.013825989202018718,0.10261467099189758,-0.05349069833755493,-0.0121998813602886,0.1600121259689331,-0.08262127637863159,-0.015754471406694392,0.14200139045715332,-0.08603733777999878,-0.011933596678431968,0.12115493416786194,-0.07604128122329712,-0.008919621691461543,0.11433875560760498,-0.0051460862159729,-0.012140628755446414,0.16132262349128723,-0.04108786582946777,-0.01557864981180046,0.14544102549552917,-0.04401618242263794,-0.00939000199025486,0.12536773085594177,-0.03445976972579956,-0.004997633271273116,0.12384471297264099,0.035480618476867676,-0.012191499457117061,0.16018199920654297,-0.0009361505508422852,-0.015865097627397517,0.1464810073375702,-0.004564523696899414,-0.011363121554609279,0.12843477725982666,0.006151556968688965,-0.00672547692840908
0.0,0.0,0.0,0.016544580459594727,-0.08062475919723511,-0.004318465928236037,0.05561026930809021,-0.14351105690002441,-0.009462895321348697,0.10537460446357727,-0.17379069328308105,-0.01399139452973941,0.14238876104354858,-0.16830551624298096,-0.014558694774905234,0.0821465253829956,-0.1369420886039734,-0.011240056234100848,0.14215990900993347,-0.14829915761947632,-0.01783273134628871,0.12763094902038574,-0.13783425092697144,-0.015135655629137545,0.10442221164703369,-0.12860333919525146,-0.01080944899717906,0.09733328223228455,-0.0885729193687439,-0.011786530243853122,0.1522694230079651,-0.10589802265167236,-0.015067402722934276,0.13687747716903687,-0.09763622283935547,-0.011845264102021247,0.11657696962356567,-0.08938848972320557,-0.009044789227345973,0.11051812767982483,-0.040077269077301025,-0.012403666491309195,0.15711474418640137,-0.06564980745315552,-0.014810068051019698,0.14267176389694214,-0.05854076147079468,-0.00923562653611043,0.12412270903587341,-0.04908561706542969,-0.005297481997558862,0.12104398012161255,0.00495755672454834,-0.012975582371154815,0.15994077920913696,-0.026732027530670166,-0.014876007551947623,0.14753970503807068,-0.023948252201080322,-0.009515339026847869,0.1309604048728943,-0.013468623161315918,-0.0044089448476825055
0.0,0.0,0.0,0.01703178882598877,-0.08128893375396729,-0.001969993973432338,0.05829969048500061,-0.14371401071548462,-0.005696042601300633,0.11009520292282104,-0.1705530881881714,-0.010096400670988714,0.14587515592575073,-0.16156846284866333,-0.01060968606947199,0.0802382230758667,-0.13418269157409668,-0.00303250055043236,0.1385692059993744,-0.14615881443023682,-0.012227675572319185,0.12053421139717102,-0.136951744556427,-0.014331763305051481,0.09880489110946655,-0.1268751621246338,-0.013434169508798277,0.09476035833358765,-0.08733850717544556,-0.005553620096577561,0.14940235018730164,-0.1042681336402893,-0.010600092515630877,0.1320226490497589,-0.0958784818649292,-0.00912046495108143,0.11158636212348938,-0.08554637432098389,-0.006971344512237465,0.10824581980705261,-0.039985835552215576,-0.008830914899988329,0.1542574167251587,-0.06336301565170288,-0.012955837577862894,0.13905832171440125,-0.05681788921356201,-0.007787458293421423,0.12000736594200134,-0.04650145769119263,-0.003247553643120682,0.11948856711387634,0.004060029983520508,-0.012164978005273497,0.15830647945404053,-0.022919893264770508,-0.014296904832406199,0.14524102210998535,-0.019789576530456543,-0.008907012336237585,0.12803319096565247,-0.008066415786743164,-0.0036068571939154026
0.0,0.0,0.0,0.01764547824859619,-0.08192014694213867,-0.0026612530534748657,0.05825969576835632,-0.14520961046218872,-0.007113347023505412,0.10980251431465149,-0.17253273725509644,-0.011522345904040776,0.14632532000541687,-0.1648021936416626,-0.012215757470357858,0.0770699679851532,-0.1334974765777588,-0.008218088846433602,0.1373811960220337,-0.14771521091461182,-0.016285031761754,0.1220613420009613,-0.13874387741088867,-0.016625813867676698,0.10109713673591614,-0.12767350673675537,-0.01478760662280365,0.09270521998405457,-0.08526915311813354,-0.010387865554321252,0.14870113134384155,-0.10549658536911011,-0.014827163617837869,0.13279610872268677,-0.09816837310791016,-0.012874942000735246,0.11249092221260071,-0.08804863691329956,-0.010725265096652947,0.10730031132698059,-0.03777813911437988,-0.012778864901292764,0.15296414494514465,-0.06473714113235474,-0.016181882198679887,0.13884896039962769,-0.05844169855117798,-0.0111337357272987,0.12020254135131836,-0.047417402267456055,-0.007142019651610099,0.11945638060569763,0.005305647850036621,-0.01514307661705061,0.15663287043571472,-0.025725245475769043,-0.017631804298389397,0.1437741219997406,-0.022418320178985596,-0.012706597063470326,0.12699821591377258,-0.010169446468353271,-0.007869049634564362
0.0,0.0,0.0,0.016330301761627197,-0.08781951665878296,0.000528133141813214,0.057718127965927124,-0.1514958143234253,-0.002512302931393151,0.10782808065414429,-0.18029069900512695,-0.006573278905818825,0.14340797066688538,-0.17422842979431152,-0.0072315116245249556,0.08248081803321838,-0.14393967390060425,-0.0036525069568256185,0.14444714784622192,-0.15501165390014648,-0.011491631140927439,0.12704944610595703,-0.14730572700500488,-0.01242374720237649,0.104439377784729,-0.13687491416931152,-0.01077927088550723,0.09802019596099854,-0.09467381238937378,-0.007234878821293478,0.15463709831237793,-0.11312741041183472,-0.010442016629497175,0.13765281438827515,-0.10753631591796875,-0.008023324405769472,0.11643758416175842,-0.09727567434310913,-0.005742859078566198,0.11167663335800171,-0.04602450132369995,-0.01104345636628068,0.15914729237556458,-0.07245969772338867,-0.012946275977412824,0.14403954148292542,-0.0676390528678894,-0.007160624006758098,0.1249493658542633,-0.05697113275527954,-0.0031097624283233927,0.12311816215515137,-0.0018642544746398926,-0.01465020699612296,0.1605452597141266,-0.03319418430328369,-0.014706251194695596,0.14732742309570312,-0.03183037042617798,-0.008252849785606031,0.1299668848514557,-0.02026832103729248,-0.0027415605559895084
0.0,0.0,0.0,0.017727375030517578,-0.0866008996963501,-0.002433475637246829,0.05968219041824341,-0.1506320834159851,-0.005890869367306095,0.10983872413635254,-0.17878633737564087,-0.009429978969876629,0.14620578289031982,-0.17645961046218872,-0.009127651173059803,0.08821362257003784,-0.14304709434509277,-0.005374324805472952,0.1474107801914215,-0.15529745817184448,-0.01181137544978128,0.1294293999671936,-0.14785194396972656,-0.010869057680849892,0.10506215691566467,-0.13876450061798096,-0.007900156843845707,0.10426491498947144,-0.09557926654815674,-0.00686045020762549,0.15707668662071228,-0.1144249439239502,-0.009803211148266655,0.13945001363754272,-0.10872054100036621,-0.007624414581243855,0.11815842986106873,-0.09969192743301392,-0.005518586206619602,0.11761718988418579,-0.04768890142440796,-0.008671540598754746,0.1615677773952484,-0.0755276083946228,-0.010884414258782726,0.14601373672485352,-0.0696377158164978,-0.006413900590871435,0.12684369087219238,-0.059014737606048584,-0.0032390324113862334,0.12839680910110474,-0.0032958388328552246,-0.010371743533198696,0.1636800467967987,-0.03594595193862915,-0.011521310377304417,0.15038049221038818,-0.034285128116607666,-0.006382234226350647,0.1336127519607544,-0.022801101207733154,-0.0015493302553863941
0.0,0.0,0.0,0.017502129077911377,-0.08442133665084839,-0.005470568962948619,0.059168875217437744,-0.14946770668029785,-0.010941425055818854,0.11059492826461792,-0.1791466474533081,-0.015340634339111148,0.1477305293083191,-0.17401862144470215,-0.015577953957574664,0.08234143257141113,-0.13950055837631226,-0.01502667152936965,0.1463380753993988,-0.1539306640625,-0.023030312449293433,0.1292726993560791,-0.14405274391174316,-0.020597915813880263,0.10392141342163086,-0.13396984338760376,-0.016106670439796744,0.09900438785552979,-0.0908781886100769,-0.014980029032187758,0.1563817262649536,-0.1119699478149414,-0.01952309505696803,0.13931763172149658,-0.10440844297409058,-0.016045998499350844,0.11777997016906738,-0.09447312355041504,-0.012880205825524627,0.11376631259918213,-0.04340338706970215,-0.014986920819239913,0.16019588708877563,-0.07271647453308105,-0.018240652695851622,0.1449330449104309,-0.0664139986038208,-0.012871117048518954,0.12642750144004822,-0.0551111102104187,-0.009019706115680037,0.125584214925766,-0.0003389120101928711,-0.015030510441022216,0.16308823227882385,-0.034656524658203125,-0.01759271295424014,0.14956575632095337,-0.03342032432556152,-0.012930150792556105,0.1326010525226593,-0.02202451229095459,-0.008350511730270682
0.0,0.0,0.0,0.01853981614112854,-0.08652681112289429,-0.003319717213827289,0.059154242277145386,-0.15204620361328125,-0.007901084345149911,0.10859480500221252,-0.18217116594314575,-0.012489601705539144,0.14512890577316284,-0.17674380540847778,-0.01332889470862142,0.08447176218032837,-0.14129436016082764,-0.007419359140413917,0.1451210379600525,-0.15537011623382568,-0.01545568994836799,0.12780353426933289,-0.14775818586349487,-0.015789293419885553,0.10405686497688293,-0.13791072368621826,-0.013668867495226777,0.10007476806640625,-0.09343504905700684,-0.00892693988637916,0.15507465600967407,-0.11440199613571167,-0.013391754325795091,0.13836193084716797,-0.10835492610931396,-0.01190586454825393,0.11659148335456848,-0.09859085083007812,-0.010081701647806085,0.11364096403121948,-0.045813143253326416,-0.010802427973914064,0.15850403904914856,-0.07405805587768555,-0.014030324030983365,0.14372050762176514,-0.06836462020874023,-0.009533750560450471,0.12460854649543762,-0.05763000249862671,-0.006113557346481002,0.12482315301895142,-0.0017142295837402344,-0.012642735351192869,0.16100537776947021,-0.03427809476852417,-0.014336051155197538,0.14783796668052673,-0.03221327066421509,-0.00898432891474954,0.13077467679977417,-0.0203666090965271,-0.003956409372705139
0.0,0.0,0.0,0.01876699924468994,-0.08161413669586182,-0.002494785713309966,0.05814391374588013,-0.14554786682128906,-0.007130201218927823,0.10739845037460327,-0.173833429813385,-0.012505956238413773,0.14310553669929504,-0.16632145643234253,-0.014443802891577207,0.08194255828857422,-0.13646721839904785,-0.004915843496377192,0.1400914192199707,-0.14679110050201416,-0.015666017553115807,0.12373208999633789,-0.135298490524292,-0.01924775565257164,0.1008734405040741,-0.126301109790802,-0.019022079428935967,0.09711360931396484,-0.08822214603424072,-0.007698667945618354,0.149574875831604,-0.10485219955444336,-0.013211067078913175,0.13388416171073914,-0.09456026554107666,-0.013205473555530034,0.11324796080589294,-0.0854375958442688,-0.012260078696812116,0.11055344343185425,-0.0399470329284668,-0.011249191372002088,0.15438905358314514,-0.06396597623825073,-0.0158029983400354,0.1403883993625641,-0.05552858114242554,-0.011978755949343167,0.12164568901062012,-0.0455089807510376,-0.008417052461112462,0.12136402726173401,0.004716038703918457,-0.014816818071807347,0.15854507684707642,-0.02584737539291382,-0.017854301503206216,0.1458805501461029,-0.02144080400466919,-0.012872381380105935,0.12840434908866882,-0.009177148342132568,-0.007609040255005084
0.0,0.0,0.0,0.017134785652160645,-0.0845213532447815,-0.002448884803442297,0.05871427059173584,-0.14877450466156006,-0.00623655788191968,0.1106652021408081,-0.17826104164123535,-0.010269350405422983,0.14700505137443542,-0.17028206586837769,-0.010524138841418562,0.07838276028633118,-0.13612353801727295,-0.004951689425496397,0.13980567455291748,-0.1507977843284607,-0.01303686856815034,0.12510603666305542,-0.1434154510498047,-0.014099828932074843,0.10442924499511719,-0.13221603631973267,-0.012710648622004328,0.09395989775657654,-0.08744609355926514,-0.007007713462797938,0.1520056128501892,-0.10982376337051392,-0.01205978173354083,0.13614848256111145,-0.10377132892608643,-0.010553320902971564,0.11541560292243958,-0.09258407354354858,-0.008208106305090723,0.10908958315849304,-0.04011499881744385,-0.00949602856823617,0.15645688772201538,-0.06987810134887695,-0.013539750162152586,0.1424141824245453,-0.06417304277420044,-0.008698953348783789,0.12415724992752075,-0.05248910188674927,-0.004398343652127323,0.12213143706321716,0.0027860403060913086,-0.0119598284695428,0.15919074416160583,-0.031397104263305664,-0.014369641463844118,0.1463855803012848,-0.027819335460662842,-0.009339406188217936,0.13021621108055115,-0.014164388179779053,-0.0042441897425931074
0.0,0.0,0.0,0.0164167582988739,-0.08303511142730713,-0.0037378469087343547,0.05632674694061279,-0.14908164739608765,-0.008724888840333733,0.10789963603019714,-0.18043625354766846,-0.013815690816954884,0.14536723494529724,-0.1752893328666687,-0.0150665110513728,0.08208420872688293,-0.13923078775405884,-0.007139558491871867,0.14306703209877014,-0.15164947509765625,-0.017094297388212,0.12530967593193054,-0.14082646369934082,-0.01924992544354609,0.10239154100418091,-0.1313120722770691,-0.018234845304505143,0.09773260354995728,-0.09063214063644409,-0.008637285844997677,0.1518770456314087,-0.110207200050354,-0.013319963642970833,0.13438525795936584,-0.10107630491256714,-0.011634743826107297,0.1140451431274414,-0.09201937913894653,-0.009853608959929261,0.1113651692867279,-0.04196053743362427,-0.010872736626879487,0.1563166379928589,-0.06830281019210815,-0.014918604919330392,0.14117756485939026,-0.06037580966949463,-0.009825609678046021,0.1224442720413208,-0.04996752738952637,-0.005728078594074759,0.12235572934150696,0.0034919381141662598,-0.01316136592777184,0.15951508283615112,-0.029765188694000244,-0.015985813045517716,0.14624476432800293,-0.02493339776992798,-0.01077262690068892,0.12954583764076233,-0.011754751205444336,-0.005546384079025302
0.0,0.0,0.0,0.023174196481704712,-0.07947653532028198,0.004402811329839551,0.0628879964351654,-0.13106322288513184,0.00380254110137912,0.11039614677429199,-0.1462145447731018,0.0019254895560720797,0.14174041152000427,-0.14304375648498535,0.00349798278699609,0.0987347662448883,-0.14750558137893677,-0.0018420355226567153,0.14456334710121155,-0.13790738582611084,-0.00034107706227359813,0.1305522918701172,-0.11475199460983276,0.0066564205736199256,0.10925790667533875,-0.10805952548980713,0.012374133959440314,0.11473539471626282,-0.10528171062469482,-0.0068746072537919645,0.15378931164741516,-0.09469026327133179,-0.00034618589046431225,0.13823238015174866,-0.07596486806869507,0.005254266008762443,0.11813220381736755,-0.07165539264678955,0.006701461661634767,0.1250813901424408,-0.05733972787857056,-0.010923528887303746,0.1586723029613495,-0.054940879344940186,-0.004417550127925551,0.14321884512901306,-0.039388418197631836,0.002483147585792267,0.12240812182426453,-0.03474658727645874,0.0038121209182122584,0.1305173635482788,-0.010556042194366455,-0.01477271768447963,0.15853366255760193,-0.01309734582901001,-0.009005961783202565,0.1439398229122162,-0.004948794841766357,-0.0002653369337508593,0.12454953789710999,-0.0007073283195495605,0.005232342209694707
0.0,0.0,0.0,0.023782074451446533,-0.07945668697357178,0.006688154975591942,0.06393367052078247,-0.13187450170516968,0.006653031076012894,0.11014550924301147,-0.1519092321395874,0.004957378583668515,0.14176493883132935,-0.14863252639770508,0.0067318540277767625,0.10511958599090576,-0.15428662300109863,-0.0017417759190436755,0.15159940719604492,-0.14694970846176147,0.000978119063830718,0.13774093985557556,-0.12260556221008301,0.00962255077686791,0.11636188626289368,-0.11554133892059326,0.016352634153037116,0.12226656079292297,-0.11261510848999023,-0.007571574558795646,0.1603412628173828,-0.10387098789215088,0.0007243691107134964,0.14438360929489136,-0.08443325757980347,0.007735205555974289,0.12444871664047241,-0.07907474040985107,0.009810984342067286,0.13266143202781677,-0.06377995014190674,-0.01197702416899915,0.16484951972961426,-0.0633167028427124,-0.0036292835393112455,0.14909332990646362,-0.04729187488555908,0.004212019241123244,0.12829601764678955,-0.041792094707489014,0.005622883069037243,0.13728007674217224,-0.015984058380126953,-0.01601858323189731,0.1637699007987976,-0.020466208457946777,-0.00850452368828769,0.14946287870407104,-0.012184560298919678,0.0010386265094268765,0.1306288242340088,-0.007750153541564941,0.006857187694578215
0.0,0.0,0.0,0.020002663135528564,-0.081146240234375,0.004709643193734792,0.059101492166519165,-0.13285493850708008,0.005284370270771888,0.1051216721534729,-0.1524897813796997,0.005015669738156703,0.137079119682312,-0.15394502878189087,0.00812578562016597,0.09511646628379822,-0.14910495281219482,-0.0015602135115955207,0.13943994045257568,-0.13796722888946533,0.0008665580518822935,0.12703317403793335,-0.11455118656158447,0.008744247139645722,0.10607418417930603,-0.10741829872131348,0.01508665445561519,0.11243444681167603,-0.10691839456558228,-0.00569718110074291,0.14951401948928833,-0.09529292583465576,0.0018712691946234372,0.13424092531204224,-0.07672590017318726,0.008352431350601819,0.11450910568237305,-0.0723235011100769,0.010511961647523549,0.1236211359500885,-0.059305548667907715,-0.008790958790825698,0.1555023193359375,-0.05566990375518799,-0.0021073491096217367,0.14093315601348877,-0.04091489315032959,0.004372225024951604,0.12087410688400269,-0.03626251220703125,0.005628391516609099,0.12957292795181274,-0.013231098651885986,-0.011491907878564689,0.1548650860786438,-0.016340315341949463,-0.005779205939518306,0.14091891050338745,-0.007591545581817627,0.00203058181631377,0.12251245975494385,-0.0028815269470214844,0.0069919865329097775
0.0,0.0,0.0,0.022821754217147827,-0.08628332614898682,0.005898852526911469,0.06537535786628723,-0.1401079297065735,0.006713719732829304,0.11204668879508972,-0.1610724925994873,0.0063331673590028,0.1434633433818817,-0.16270536184310913,0.009455660518028708,0.10595497488975525,-0.16218411922454834,-0.0008786093241042181,0.1526372730731964,-0.15526479482650757,0.0017213683312320427,0.1378551721572876,-0.13285893201828003,0.009878814380385847,0.11577272415161133,-0.12507712841033936,0.01642906868062255,0.12458688020706177,-0.11906677484512329,-0.005569035027406244,0.16191843152046204,-0.11308151483535767,0.0029793516004019693,0.14568915963172913,-0.09563297033309937,0.010125153857984515,0.12639403343200684,-0.0885310173034668,0.012342150483050318,0.13631752133369446,-0.06962275505065918,-0.00901654812344077,0.16693100333213806,-0.07293003797531128,-7.911236764357454e-05,0.15091386437416077,-0.0585750937461853,0.007580167308219643,0.1313224732875824,-0.051181256771087646,0.008808480735638113,0.14246711134910583,-0.021511554718017578,-0.012162213985106973,0.16533604264259338,-0.03186768293380737,-0.003135018589205174,0.15090492367744446,-0.024386823177337646,0.006408299945064755,0.13400447368621826,-0.017928242683410645,0.011983108866729708
0.0,0.0,0.0,0.021138876676559448,-0.08279794454574585,0.007034808492733191,0.06152769923210144,-0.13706785440444946,0.007948516963494967,0.10928347706794739,-0.15749627351760864,0.007257882601095389,0.14115622639656067,-0.15645748376846313,0.009856483063174437,0.10405591130256653,-0.15794610977172852,0.0006995622324552642,0.1492384970188141,-0.15132033824920654,0.0033922033407520757,0.13508108258247375,-0.12860602140426636,0.010917915126753996,0.11393630504608154,-0.12145203351974487,0.016924492178929995,0.1223205029964447,-0.11546814441680908,-0.004684958977179576,0.15855595469474792,-0.10957682132720947,0.004263927324188899,0.14291009306907654,-0.09170538187026978,0.010798793381525229,0.12369081377983093,-0.08552920818328857,0.012523635386003207,0.1337864100933075,-0.06653976440429688,-0.00876072225861435,0.16341719031333923,-0.0701138973236084,0.0003715447173249231,0.14809295535087585,-0.055047810077667236,0.007480899433119248,0.12827587127685547,-0.048456430435180664,0.008372079676462363,0.13995236158370972,-0.018706321716308594,-0.012473530971931268,0.16382339596748352,-0.02800196409225464,-0.004046701265053798,0.1494709551334381,-0.020169496536254883,0.005224364439470719,0.13137787580490112,-0.01409369707107544,0.010829735642744254
0.0,0.0,0.0,0.023197948932647705,-0.08200925588607788,0.005325259621855594,0.06474214792251587,-0.13634979724884033,0.0055147730555802355,0.10981330275535583,-0.16129904985427856,0.004489950816747523,0.14172407984733582,-0.16429489850997925,0.006999048851099587,0.10408014059066772,-0.15926027297973633,-0.00012110462270698008,0.15009266138076782,-0.15092414617538452,0.0021188524362116823,0.13810822367668152,-0.12681323289871216,0.009527777302679397,0.11738395690917969,-0.1189001202583313,0.015400358456787444,0.12094902992248535,-0.11822062730789185,-0.005216591079118871,0.15941143035888672,-0.10810309648513794,0.001624141335156537,0.14398783445358276,-0.0883675217628479,0.007263677175757266,0.12418496608734131,-0.08301430940628052,0.008958809058782435,0.13149628043174744,-0.06949353218078613,-0.009225168284359597,0.164459228515625,-0.06790882349014282,-0.0026376939102590313,0.1487845778465271,-0.051607608795166016,0.004322790056136228,0.12844562530517578,-0.04578298330307007,0.005857201274153567,0.13623356819152832,-0.02145141363143921,-0.012840707805338525,0.1621478796005249,-0.02642190456390381,-0.0064366008344620695,0.1471882462501526,-0.017096221446990967,0.0024892245229750642,0.12892645597457886,-0.0117301344871521,0.00816985683482585
0.0,0.0,0.0,0.021223902702331543,-0.08310312032699585,0.00657264578759964,0.060925304889678955,-0.1370132565498352,0.007914114907833891,0.10744437575340271,-0.16022998094558716,0.008187001735421973,0.1395159363746643,-0.16123157739639282,0.011903266586813288,0.1033945083618164,-0.15479940176010132,0.0009150346638477913,0.1482517123222351,-0.14784026145935059,0.006456378546062069,0.13571366667747498,-0.12615787982940674,0.016972406931671458,0.11533626914024353,-0.11888861656188965,0.02468947430745061,0.1205390989780426,-0.11171180009841919,-0.0035008881925762125,0.1577920913696289,-0.10465425252914429,0.006658606861236649,0.1423775553703308,-0.08759981393814087,0.014267699026021319,0.12314879894256592,-0.08162569999694824,0.016754898407015162,0.13064581155776978,-0.06302475929260254,-0.006470495670583887,0.16202819347381592,-0.06501603126525879,0.003139831522929626,0.14698755741119385,-0.050354063510894775,0.010384840123805361,0.12718471884727478,-0.04402095079421997,0.011334043160530882,0.13486000895500183,-0.016456902027130127,-0.008918012327995939,0.15939998626708984,-0.0233345627784729,-0.0002420909834484064,0.14591610431671143,-0.015217959880828857,0.008633788839432555,0.1286357343196869,-0.010123848915100098,0.013788052067610579
0.0,0.0,0.0,0.024385929107666016,-0.08083689212799072,0.00810887670419902,0.06653070449829102,-0.13452410697937012,0.009847718349618617,0.11431378126144409,-0.15715467929840088,0.009753729275388423,0.14703994989395142,-0.16091710329055786,0.012948686315638724,0.10674208402633667,-0.15190553665161133,0.0033585280766317283,0.15136271715164185,-0.14497393369674683,0.006869448407513801,0.13706734776496887,-0.1212383508682251,0.015032756200952235,0.11526605486869812,-0.11405467987060547,0.02158820262454242,0.12382271885871887,-0.11088979244232178,-0.0024224619260451163,0.16114282608032227,-0.10387551784515381,0.007113804633689824,0.14502212405204773,-0.08532559871673584,0.01341315644137353,0.12560147047042847,-0.08006823062896729,0.01496776292376012,0.1340089738368988,-0.06291091442108154,-0.0068983919332197274,0.16584408283233643,-0.0651172399520874,0.002525172022131983,0.15004301071166992,-0.04902470111846924,0.00928134383909196,0.130018413066864,-0.04318803548812866,0.009928845859093371,0.13850748538970947,-0.015544652938842773,-0.010871007979886826,0.1657869815826416,-0.02320730686187744,-0.002153107372151908,0.1511228084564209,-0.014784038066864014,0.0071670823385545646,0.1325317621231079,-0.009751200675964355,0.012670499331278506
0.0,0.0,0.0,0.021079182624816895,-0.08311820030212402,0.00477004698490191,0.0627526044845581,-0.13871562480926514,0.00543618430396009,0.11081036925315857,-0.16123729944229126,0.005555450404187923,0.1427612602710724,-0.1577620506286621,0.00924248243694592,0.10656064748764038,-0.1554519534111023,-0.0008707405532391022,0.15111440420150757,-0.14521509408950806,0.0039041467943548014,0.13792142271995544,-0.12435418367385864,0.01331524732535172,0.11710992455482483,-0.11809664964675903,0.020237528672566896,0.12392914295196533,-0.11098587512969971,-0.004074812447527165,0.15936321020126343,-0.10331082344055176,0.005919374013444667,0.1436205506324768,-0.08735787868499756,0.013169517694166188,0.1243981122970581,-0.08221489191055298,0.015232421411326413,0.13387185335159302,-0.06135028600692749,-0.006022748583802695,0.16351467370986938,-0.0639946460723877,0.0034415041563420345,0.14832758903503418,-0.049713194370269775,0.010067359497895723,0.12820661067962646,-0.04347050189971924,0.010592147661498075,0.13832193613052368,-0.0143318772315979,-0.00757923074985456,0.16152924299240112,-0.023211419582366943,0.0006418485544941177,0.14723223447799683,-0.015120148658752441,0.008640989614775663,0.1292702555656433,-0.0095139741897583,0.013246822124472146
0.0,0.0,0.0,0.02171158790588379,-0.08229929208755493,0.0046624002311546064,0.0636167824268341,-0.1356208324432373,0.005157577924819634,0.11176535487174988,-0.15780526399612427,0.004442788780124829,0.14463970065116882,-0.16293209791183472,0.007199715011211083,0.10426783561706543,-0.15192514657974243,0.0018886849316004373,0.14750495553016663,-0.14365488290786743,0.003270989869179175,0.13165369629859924,-0.12321650981903076,0.008783517524989293,0.10980552434921265,-0.11669474840164185,0.01347656932512109,0.12056663632392883,-0.10930413007736206,-0.002554214207066252,0.15605244040489197,-0.10178804397583008,0.004798097189905093,0.13909870386123657,-0.08604329824447632,0.010225159235687897,0.1192319393157959,-0.0806766152381897,0.011666836336644337,0.13025426864624023,-0.06083691120147705,-0.006279640245793416,0.16001251339912415,-0.061218202114105225,0.0008517358251083351,0.1440252959728241,-0.04791069030761719,0.0073817876432258345,0.12366440892219543,-0.042212069034576416,0.008647064797969506,0.13457602262496948,-0.013271033763885498,-0.009854626722244575,0.15727892518043518,-0.0199776291847229,-0.002433652637137129,0.14235445857048035,-0.012940049171447754,0.006201694839091942,0.12452313303947449,-0.0071884989738464355,0.01154316228667085
0.0,0.0,0.0,0.03559008240699768,-0.12530818581581116,0.010329505624724789,0.10143178701400757,-0.20391494035720825,0.014613186205281181,0.170068621635437,-0.2419266402721405,0.01674443223561184,0.21893030405044556,-0.25951385498046875,0.023336579287899895,0.17846465110778809,-0.21150493621826172,0.013486225354029102,0.22965294122695923,-0.18369275331497192,0.022332764426721496,0.20210129022598267,-0.15929758548736572,0.03201835342730419,0.1689806580543518,-0.15627259016036987,0.03931111955131428,0.19928699731826782,-0.14689788222312927,0.007875279719485206,0.23159152269363403,-0.12102764844894409,0.026813565949453277,0.20106399059295654,-0.10259830951690674,0.03465012946213619,0.1702626347541809,-0.10060808062553406,0.035474774623764915,0.20638805627822876,-0.07339045405387878,0.0036870890394880007,0.22894877195358276,-0.06266394257545471,0.02148874775554077,0.19978314638137817,-0.04689866304397583,0.02823955119635002,0.1681787371635437,-0.04372319579124451,0.026731704557789726,0.20671188831329346,-0.0005561709403991699,-7.08148876924497e-05,0.22174924612045288,-0.0019023716449737549,0.016357983658565445,0.19450503587722778,0.004865765571594238,0.027894132966650886,0.16638129949569702,0.007328033447265625,0.03436099105562107
0.0,0.0,0.0,0.0417025089263916,-0.13007116317749023,0.01252827255137845,0.1122276782989502,-0.2095400094985962,0.01614087840624734,0.18222373723983765,-0.24559420347213745,0.016288431567033967,0.2322012186050415,-0.2616334557533264,0.020970393177947244,0.18792319297790527,-0.21456047892570496,0.02125154828735276,0.24349558353424072,-0.19384059309959412,0.025123132598480424,0.21695703268051147,-0.16907334327697754,0.028905082699736795,0.18404269218444824,-0.1621973216533661,0.03259735016234799,0.20551055669784546,-0.15213048458099365,0.012413445134541234,0.24906325340270996,-0.1302340030670166,0.026795689222296915,0.2200556993484497,-0.11309924721717834,0.03147106451996251,0.18943721055984497,-0.11091199517250061,0.030755032059630594,0.21064168214797974,-0.07997587323188782,0.004027021788886032,0.24893474578857422,-0.07173317670822144,0.018145526033720216,0.2213100790977478,-0.05835294723510742,0.0255078097999899,0.19065189361572266,-0.05547672510147095,0.0253550971121399,0.2083762288093567,-0.006166726350784302,-0.0038493231675715833,0.24035334587097168,-0.007930994033813477,0.012882285957118711,0.2149243950843811,-0.0036205053329467773,0.027262261343082628,0.1873469352722168,-0.000722348690032959,0.03543874083169385
0.0,0.0,0.0,0.038298577070236206,-0.12390640377998352,0.011731257291103248,0.10698580741882324,-0.20347759127616882,0.016063044407928828,0.17957639694213867,-0.24239253997802734,0.01798596289154375,0.22912830114364624,-0.25829845666885376,0.024346011319721583,0.18221724033355713,-0.21123570203781128,0.016068399512732867,0.238311767578125,-0.1836676299571991,0.025286654570663814,0.20978206396102905,-0.16150936484336853,0.03479065802093828,0.17641329765319824,-0.15840470790863037,0.041756600701774005,0.19990694522857666,-0.14699509739875793,0.00959492251422489,0.24131375551223755,-0.12316185235977173,0.0279882201939472,0.2100895643234253,-0.10667833685874939,0.035614017957414035,0.17792493104934692,-0.10550251603126526,0.03644498493667925,0.20437073707580566,-0.07330957055091858,0.004572620244289283,0.23980242013931274,-0.06603094935417175,0.022008123436535243,0.2100655436515808,-0.05147776007652283,0.029749174231255893,0.1780502200126648,-0.04867252707481384,0.028978523427213077,0.2020058035850525,0.0014927983283996582,0.00030380237876670435,0.23219799995422363,-0.0030608773231506348,0.016881025025213603,0.20374739170074463,0.0017132461071014404,0.030283835345471743,0.1736547350883484,0.004781156778335571,0.037732471340859775
0.0,0.0,0.0,0.04185265302658081,-0.1286819875240326,0.010281865854949501,0.11261385679244995,-0.20761936902999878,0.012766620514184979,0.18349695205688477,-0.24285617470741272,0.012499109280497578,0.23448359966278076,-0.2563103586435318,0.016884733361393955,0.18470919132232666,-0.21186840534210205,0.014729692970604447,0.24429994821548462,-0.18942245841026306,0.01743532567957118,0.21779799461364746,-0.16592758893966675,0.022300629315168408,0.18448489904403687,-0.15973955392837524,0.02709357849994376,0.20032578706741333,-0.1466570496559143,0.006982734796793011,0.24954718351364136,-0.12453493475914001,0.01846286877730563,0.2203044891357422,-0.10796201229095459,0.023827145246059445,0.18775850534439087,-0.1057661771774292,0.02455751634875014,0.20480316877365112,-0.07269167900085449,-0.00010985895028170489,0.24727827310562134,-0.0648815929889679,0.010895599981040505,0.21969759464263916,-0.050859808921813965,0.01855413093903735,0.18793153762817383,-0.047403573989868164,0.01966126486399844,0.20270317792892456,0.0015957951545715332,-0.006569267346321794,0.23954755067825317,-0.0019611120223999023,0.006670177818477896,0.21383601427078247,0.0025780200958251953,0.020196378600985554,0.1850631833076477,0.006281912326812744,0.02854280397036746
0.0,0.0,0.0,0.024232864379882812,-0.12405470013618469,0.004805357048780934,0.08468490839004517,-0.19926610589027405,0.006583514476687924,0.15730911493301392,-0.23514637351036072,0.00819674724948527,0.20936089754104614,-0.25219643115997314,0.01458333743971707,0.15943998098373413,-0.20940959453582764,0.0055180740007472195,0.21216273307800293,-0.1820562779903412,0.01647217231106879,0.18508261442184448,-0.16226932406425476,0.02913299234819533,0.15421342849731445,-0.15961948037147522,0.037627695447326914,0.17901885509490967,-0.13884690403938293,0.0029709251527947345,0.21799498796463013,-0.11683273315429688,0.021898467412711398,0.19016778469085693,-0.10075336694717407,0.0322098828316939,0.16100835800170898,-0.09649336338043213,0.034707160985590235,0.18485093116760254,-0.0639498233795166,0.0019858277798903146,0.21611326932907104,-0.05801481008529663,0.017721588111044184,0.19049030542373657,-0.04267227649688721,0.026053024774910227,0.16041505336761475,-0.036708980798721313,0.02592636676740767,0.18458157777786255,0.008041560649871826,0.0014352053101447382,0.20867151021957397,0.0030116140842437744,0.014217750488342062,0.18428504467010498,0.010346472263336182,0.02511392565679671,0.158372700214386,0.015882134437561035,0.03133396649968745
0.0,0.0,0.0,0.03704047203063965,-0.1261804699897766,0.008628119082459307,0.1055108904838562,-0.20361748337745667,0.011050660462387896,0.1767784059047699,-0.23997971415519714,0.011925570966013765,0.22862336039543152,-0.25775472819805145,0.01767589740575204,0.17684122920036316,-0.21439889073371887,0.007340333258071041,0.23541828989982605,-0.18362709879875183,0.01235169388473878,0.21043875813484192,-0.15768665075302124,0.02146809391797433,0.1786230504512787,-0.15447592735290527,0.029171061069973803,0.1956973373889923,-0.14763128757476807,0.001788650007256365,0.2399684488773346,-0.12040624022483826,0.015581657477923727,0.21101191639900208,-0.10076475143432617,0.024168687240489817,0.18024882674217224,-0.09926450252532959,0.02690814279139886,0.20301350951194763,-0.07308033108711243,-0.0024831883411025046,0.2352166473865509,-0.06166231632232666,0.010434294418701029,0.20711687207221985,-0.04428255558013916,0.018693398983486986,0.17607071995735168,-0.04055064916610718,0.019782135562309122,0.20404472947120667,0.00014823675155639648,-0.006160694340906048,0.22751519083976746,-0.00084686279296875,0.007291942202755308,0.20176854729652405,0.007372856140136719,0.0193188547355021,0.17489251494407654,0.010857343673706055,0.026794193611749506
0.0,0.0,0.0,0.0342898964881897,-0.12610119581222534,0.010566089053043015,0.0980454683303833,-0.20395883917808533,0.013310131367632039,0.16739478707313538,-0.24216681718826294,0.014343416069038994,0.21767565608024597,-0.25729596614837646,0.019995359454640038,0.17201700806617737,-0.20990169048309326,0.009230573412366994,0.22512826323509216,-0.18590781092643738,0.01909414281357158,0.19617637991905212,-0.16666743159294128,0.03052229409325946,0.1634882390499115,-0.16311025619506836,0.03860044826973308,0.19073238968849182,-0.14179980754852295,0.003313681559973247,0.2289930284023285,-0.12089991569519043,0.02282014650512565,0.1997508704662323,-0.1060885488986969,0.03295968075502742,0.17006060481071472,-0.10226097702980042,0.034832767892964966,0.19576004147529602,-0.06768187880516052,-0.0006498145685895906,0.22671255469322205,-0.06353878974914551,0.017004402105101235,0.1998048722743988,-0.048703670501708984,0.0261224636178099,0.16910764575004578,-0.04284602403640747,0.02574176875162948,0.19432291388511658,0.003871917724609375,-0.00386359357986521,0.21964141726493835,-0.0026761293411254883,0.011813300412484296,0.19349685311317444,0.003962397575378418,0.02501852412927974,0.16593709588050842,0.00907278060913086,0.032373245556243546
0.0,0.0,0.0,0.050534337759017944,-0.12247297167778015,0.011646198073094638,0.124105304479599,-0.19016563892364502,0.01776873596168116,0.2001475989818573,-0.22055703401565552,0.021243388728862556,0.2527565062046051,-0.22564774751663208,0.029339996130829604,0.199430912733078,-0.17015913128852844,0.028182850183611663,0.2559398114681244,-0.15086597204208374,0.03810359068370417,0.22864428162574768,-0.1461586356163025,0.04615745224214152,0.19576802849769592,-0.14793643355369568,0.05232304237938479,0.2078820765018463,-0.09915679693222046,0.024400585295325072,0.2543935477733612,-0.09240245819091797,0.04266328640437678,0.2275499403476715,-0.09180328249931335,0.049637819604640754,0.197128564119339,-0.09118187427520752,0.050624745862251075,0.2039286196231842,-0.025608479976654053,0.021090797112947257,0.24772444367408752,-0.03654158115386963,0.037408235447173865,0.2226896584033966,-0.034851133823394775,0.0440810797379072,0.19133946299552917,-0.03167593479156494,0.04380841829038218,0.1941850483417511,0.043402671813964844,0.01876431048071936,0.23296526074409485,0.022430360317230225,0.0355228436753805,0.212794691324234,0.016690969467163086,0.04783857517099932,0.18561044335365295,0.01955258846282959,0.054927024023299964
0.0,0.0,0.0,0.05457589030265808,-0.12608063220977783,0.013126763000741448,0.1294388473033905,-0.19360041618347168,0.02075139381702229,0.20372125506401062,-0.22316348552703857,0.0248660346936731,0.25514546036720276,-0.23194298148155212,0.033376797519281354,0.2032836377620697,-0.16785886883735657,0.03485521995241925,0.25802919268608093,-0.15474125742912292,0.044190186492755856,0.2310512363910675,-0.15228420495986938,0.04944943957741543,0.19803979992866516,-0.1516369879245758,0.053942203007295575,0.21194568276405334,-0.09920012950897217,0.03057291866059586,0.2569086253643036,-0.09569379687309265,0.0487580331486015,0.23081865906715393,-0.09736782312393188,0.05377263151819989,0.20042607188224792,-0.09523573517799377,0.053740862242534604,0.20780453085899353,-0.028035521507263184,0.02647212841327473,0.24969717860221863,-0.04090780019760132,0.04352465220506474,0.22516098618507385,-0.0416109561920166,0.049169517539098706,0.19364771246910095,-0.03856247663497925,0.048489920280530896,0.19740453362464905,0.03848600387573242,0.023181400678708997,0.2354414165019989,0.022841036319732666,0.04139595799858853,0.21780917048454285,0.013404548168182373,0.05399852194602772,0.19150403141975403,0.012153208255767822,0.06141420774872586
0.0,0.0,0.0,0.05267965793609619,-0.1238383948802948,0.01710384742068527,0.1257920265197754,-0.18777546286582947,0.027642038023941495,0.19934338331222534,-0.21483135223388672,0.03483901017057178,0.24915188550949097,-0.22238856554031372,0.04635228805886982,0.1942034363746643,-0.16523528099060059,0.03695295967804668,0.2508670687675476,-0.14939814805984497,0.05168367393957851,0.22450566291809082,-0.1470574140548706,0.06241610490428684,0.19199079275131226,-0.14771711826324463,0.07018457942353962,0.20167750120162964,-0.09383317828178406,0.0328647776757407,0.24962103366851807,-0.09046325087547302,0.05560951896654842,0.22313028573989868,-0.09238964319229126,0.06400395773994205,0.19377952814102173,-0.09129267930984497,0.06559067063676594,0.1971321702003479,-0.021115422248840332,0.029703328690402486,0.24292147159576416,-0.03447598218917847,0.050510237297885396,0.21825671195983887,-0.035360872745513916,0.0577058366750407,0.18801027536392212,-0.032512784004211426,0.05710423581945179,0.1862277388572693,0.046510398387908936,0.027994616261594274,0.22743266820907593,0.02865898609161377,0.04874957569586513,0.21064460277557373,0.019806206226348877,0.061919214508407094,0.18544435501098633,0.019710123538970947,0.06893765025483845
0.0,0.0,0.0,0.055388182401657104,-0.12391936779022217,0.010340303712212062,0.13068953156471252,-0.1911100149154663,0.014392810471974826,0.20699021220207214,-0.21942567825317383,0.015704805561028934,0.25931236147880554,-0.2283240556716919,0.021629134722672916,0.20240303874015808,-0.1692652702331543,0.02104044758590362,0.2616969645023346,-0.1565505862236023,0.026526911713801837,0.23507997393608093,-0.15115699172019958,0.03293486923786304,0.20191922783851624,-0.15006700158119202,0.03863267467232845,0.20992884039878845,-0.1008141040802002,0.01583366894038818,0.2610754072666168,-0.09732022881507874,0.02926963434430263,0.23408231139183044,-0.09810927510261536,0.03599266574593685,0.20372453331947327,-0.09580203890800476,0.03745914489837787,0.20563313364982605,-0.02948784828186035,0.011064245895170188,0.2537905275821686,-0.041337668895721436,0.022728279762588954,0.22852763533592224,-0.041970133781433105,0.030245574720822788,0.1970067322254181,-0.038606226444244385,0.03144505859228275,0.19541528820991516,0.037846505641937256,0.007086609088503337,0.23930814862251282,0.023097336292266846,0.020090936281405902,0.2200513780117035,0.013973712921142578,0.032610958971702075,0.1929166615009308,0.014048635959625244,0.04044076667042873
0.0,0.0,0.0,0.05098229646682739,-0.12280246615409851,0.011701813048773602,0.12355473637580872,-0.1882612109184265,0.01804364573871453,0.1974891722202301,-0.21790391206741333,0.021498198702090576,0.24863335490226746,-0.2259719967842102,0.02931298789297898,0.19541367888450623,-0.16440382599830627,0.02948696267520745,0.25079694390296936,-0.151594877243042,0.038864662020557716,0.22401925921440125,-0.15089714527130127,0.045677666633480385,0.19154921174049377,-0.15136000514030457,0.05095058035766442,0.20318832993507385,-0.09227097034454346,0.025679181411021546,0.24978497624397278,-0.09231540560722351,0.04331751269018014,0.22485652565956116,-0.09678801894187927,0.04943959888731797,0.1953156292438507,-0.09476712346076965,0.04999791932021935,0.19888976216316223,-0.019596636295318604,0.022302986203783348,0.24273362755775452,-0.036075472831726074,0.037614920257681206,0.2193525731563568,-0.03945648670196533,0.04379416358386834,0.18860551714897156,-0.035433173179626465,0.04369320821678002,0.1887986958026886,0.047354280948638916,0.019899278028958634,0.22912916541099548,0.027098655700683594,0.03569566187178452,0.21222344040870667,0.016002535820007324,0.04787573692118485,0.18642732501029968,0.01698547601699829,0.05522699382817109
0.0,0.0,0.0,0.050093650817871094,-0.12263834476470947,0.014303347842258063,0.12240946292877197,-0.18672099709510803,0.022542816401880827,0.1947038769721985,-0.21520793437957764,0.027278936283153143,0.24499201774597168,-0.22641122341156006,0.03613093383745536,0.19019997119903564,-0.16415464878082275,0.03355648629502639,0.24760055541992188,-0.15027567744255066,0.04279588051275596,0.22019553184509277,-0.15211999416351318,0.04836431406573638,0.1865256428718567,-0.15444335341453552,0.052994276212018576,0.19707369804382324,-0.0905446708202362,0.028899007291954604,0.24540936946868896,-0.0906800925731659,0.046798511223357764,0.2204088568687439,-0.0955197811126709,0.05263805650309905,0.1903538703918457,-0.09447932243347168,0.053329801933330145,0.19233828783035278,-0.017304718494415283,0.024636068196457472,0.2387239933013916,-0.0332103967666626,0.040583072976630774,0.21548128128051758,-0.03682112693786621,0.0472130801542221,0.18474042415618896,-0.03386425971984863,0.04763296134905204,0.18193507194519043,0.04980027675628662,0.021538195015352812,0.22482377290725708,0.031265079975128174,0.03785674907402381,0.20875340700149536,0.019041061401367188,0.050525597111743537,0.1831638216972351,0.01798766851425171,0.05833085142211303
0.0,0.0,0.0,0.054546892642974854,-0.11673897504806519,-0.00013475382354499743,0.12873095273971558,-0.16806548833847046,0.0012278852628924142,0.2098349928855896,-0.17826658487319946,0.0033536279917143474,0.267217218875885,-0.1800222396850586,0.010136961133071054,0.1958419680595398,-0.10516190528869629,0.009492241904922594,0.25431567430496216,-0.11585134267807007,0.023335955233164896,0.21914225816726685,-0.13068336248397827,0.036077066452094186,0.18340164422988892,-0.13172811269760132,0.04401115992743598,0.20036005973815918,-0.02696913480758667,0.013426369183548559,0.2519732117652893,-0.06321364641189575,0.03204385110814201,0.22394704818725586,-0.08274739980697632,0.04113977322060691,0.1951277256011963,-0.0785859227180481,0.04254889407832252,0.19216537475585938,0.03907501697540283,0.01878848591525184,0.24102789163589478,-0.009053230285644531,0.03383639374453651,0.21700257062911987,-0.027418434619903564,0.04063499638516532,0.18598753213882446,-0.025017976760864258,0.03993187019307243,0.17971765995025635,0.09290152788162231,0.024715666786619295,0.22065871953964233,0.04853004217147827,0.03683117324192153,0.20542889833450317,0.026354968547821045,0.045768338383027185,0.18053913116455078,0.025385022163391113,0.050620320380517114
0.0,0.0,0.0,0.051778644323349,-0.11430555582046509,-0.003133135839902934,0.12468239665031433,-0.16667026281356812,-0.0029852522924329605,0.20485207438468933,-0.17770487070083618,-0.001684590234958705,0.2620742619037628,-0.17811262607574463,0.004679496873563949,0.19349530339241028,-0.10540634393692017,0.0071652615521315965,0.24802276492118835,-0.11540073156356812,0.02007563226709408,0.21350690722465515,-0.12960028648376465,0.03263242357263607,0.17849382758140564,-0.13074028491973877,0.04014154710660023,0.19806262850761414,-0.028504908084869385,0.011075775146878186,0.2452307641506195,-0.06243616342544556,0.028017595418191377,0.2179209291934967,-0.08080071210861206,0.0369137767780785,0.18968841433525085,-0.07751798629760742,0.03852113150844616,0.19052419066429138,0.03670591115951538,0.015912925832367364,0.2368597686290741,-0.0069541335105896,0.02856695280263466,0.21317294239997864,-0.024692118167877197,0.03591355495939297,0.18272057175636292,-0.023651957511901855,0.03615102731475872,0.17830565571784973,0.09016144275665283,0.020935317509270135,0.2169414460659027,0.049647629261016846,0.030076131232476655,0.20148596167564392,0.027901291847229004,0.03852025979051632,0.17705562710762024,0.025712966918945312,0.04366918467769665
0.0,0.0,0.0,0.05410027503967285,-0.115883469581604,0.0015403868360408524,0.1263970136642456,-0.1675434112548828,0.003331379169594584,0.2065751552581787,-0.1778060793876648,0.0054398031402342895,0.2639086842536926,-0.17923647165298462,0.012412889530878601,0.19410908222198486,-0.10434991121292114,0.011156685320656834,0.2512948513031006,-0.11393541097640991,0.026705490095537243,0.21700423955917358,-0.13018417358398438,0.04114181329123312,0.18216091394424438,-0.13295626640319824,0.0502198689114266,0.19855934381484985,-0.02605193853378296,0.0145462179984861,0.2489783763885498,-0.0606541633605957,0.034511303199451504,0.22185438871383667,-0.08142960071563721,0.04477525283209616,0.19339698553085327,-0.07860863208770752,0.047016216112297116,0.1899910569190979,0.040110766887664795,0.019596440387886105,0.23950344324111938,-0.0055773258209228516,0.0367805116306954,0.21639662981033325,-0.025408148765563965,0.04546526227704817,0.18577361106872559,-0.025053441524505615,0.04579583336226278,0.17638719081878662,0.09383869171142578,0.02522665788046652,0.21836638450622559,0.0559421181678772,0.03937879730574423,0.20864343643188477,0.029408752918243408,0.04972466607205206,0.18789327144622803,0.021403193473815918,0.05542683009616667
0.0,0.0,0.0,0.05636113882064819,-0.11960643529891968,-0.0006762252521639311,0.12990209460258484,-0.17248445749282837,-0.000755002103460356,0.20982617139816284,-0.18063288927078247,-0.000471895873261019,0.2677863836288452,-0.18356555700302124,0.004416760966932998,0.19325685501098633,-0.10712754726409912,0.005895590388035998,0.2553582191467285,-0.12054353952407837,0.014669236705458388,0.22079551219940186,-0.1373777985572815,0.02476333545223497,0.18389981985092163,-0.13845151662826538,0.031565153018391356,0.1983957290649414,-0.029532134532928467,0.00841300839260839,0.2542119026184082,-0.06822502613067627,0.021555925697839484,0.22583305835723877,-0.08870154619216919,0.029469224602735267,0.19585907459259033,-0.08290618658065796,0.030847775728261695,0.19209015369415283,0.03598582744598389,0.01200486531183742,0.2459772825241089,-0.014819622039794922,0.022504434899246917,0.22112035751342773,-0.033827006816864014,0.02983005063310884,0.18927979469299316,-0.029715240001678467,0.03037338608578466,0.18150055408477783,0.08963412046432495,0.015990604624903426,0.22539949417114258,0.04338729381561279,0.02474076019302629,0.20924365520477295,0.019964933395385742,0.03336819724813722,0.18353253602981567,0.019467592239379883,0.03850297348276399
0.0,0.0,0.0,0.05440521240234375,-0.11781734228134155,-0.0019048892099249315,0.12736865878105164,-0.1704961061477661,-0.0020777177668946933,0.20893412828445435,-0.1813220977783203,-0.001381500474906261,0.26790910959243774,-0.18602710962295532,0.0042423592277032185,0.19492316246032715,-0.10420244932174683,0.006117020300791864,0.25684666633605957,-0.11913496255874634,0.017391264471427803,0.22243118286132812,-0.1348513960838318,0.02894283089341343,0.18625932931900024,-0.13527756929397583,0.03625740859212101,0.20064955949783325,-0.02770233154296875,0.009730264577285652,0.2538023591041565,-0.06563246250152588,0.025617923620359306,0.2258870005607605,-0.0851445198059082,0.03419168669285,0.1966363787651062,-0.0805177092552185,0.035550285163537865,0.19353723526000977,0.03695213794708252,0.014503527465478783,0.24400705099105835,-0.011319518089294434,0.027223277869836693,0.2197568416595459,-0.02918076515197754,0.034876208785192375,0.1885899305343628,-0.026126563549041748,0.035066895219699745,0.18148207664489746,0.08963435888290405,0.019574139300004845,0.22269493341445923,0.0478474497795105,0.02979027296902359,0.2062366008758545,0.025777816772460938,0.03912569213213146,0.18018531799316406,0.024792790412902832,0.04455346617402256
0.0,0.0,0.0,0.05917775630950928,-0.1197996735572815,0.0017567906022009083,0.13424474000930786,-0.17347216606140137,0.003011637759016139,0.21308359503746033,-0.1810699701309204,0.003637593864084465,0.2710733711719513,-0.1803746223449707,0.008847566713200194,0.19695302844047546,-0.10349804162979126,0.013441144880459888,0.2569265067577362,-0.11884486675262451,0.021581539344595058,0.2238294780254364,-0.13513416051864624,0.029830587488220317,0.18893584609031677,-0.1352154016494751,0.0354083268163663,0.20024356245994568,-0.02716219425201416,0.013868600521789176,0.2545541822910309,-0.06509602069854736,0.0258995549945098,0.22713056206703186,-0.08711373805999756,0.03231488673071681,0.1975490152835846,-0.08212488889694214,0.033383661341474635,0.19266721606254578,0.03755706548690796,0.014882261325226409,0.24663826823234558,-0.010667860507965088,0.023925734144256694,0.2233026921749115,-0.031533002853393555,0.03091550750713168,0.19189104437828064,-0.02867114543914795,0.03214024884681521,0.18042531609535217,0.09178882837295532,0.016412963551090343,0.22575029730796814,0.05022174119949341,0.024946014788554294,0.21244069933891296,0.023938417434692383,0.034503658693836314,0.1883702576160431,0.019845128059387207,0.04074126986841975
0.0,0.0,0.0,0.045032352209091187,-0.12488466501235962,-0.019079445545685303,0.10849842429161072,-0.19296741485595703,-0.03219775172055961,0.18743401765823364,-0.2067369520664215,-0.04069478498877288,0.2453577220439911,-0.19302988052368164,-0.04296143787087203,0.14309018850326538,-0.09946012496948242,-0.0360962791937709,0.22835448384284973,-0.14406007528305054,-0.04484263496578933,0.1941411793231964,-0.1597042679786682,-0.03833693327487708,0.15689367055892944,-0.14756745100021362,-0.03174538599432708,0.15932157635688782,-0.023757994174957275,-0.029982565586578858,0.2383054792881012,-0.09294825792312622,-0.037448164691340935,0.20809990167617798,-0.11175447702407837,-0.030384282265913498,0.17792877554893494,-0.09678715467453003,-0.025838519130957138,0.17079609632492065,0.035863399505615234,-0.023556220029604447,0.23972994089126587,-0.04089230298995972,-0.032865781952750694,0.21181410551071167,-0.05801808834075928,-0.02225015560270549,0.18279489874839783,-0.0434187650680542,-0.014897815567564976,0.17701077461242676,0.08104074001312256,-0.017655749489676964,0.23409214615821838,0.009949982166290283,-0.02685615109385253,0.21018275618553162,-0.00540691614151001,-0.019798707832705986,0.18300342559814453,0.008244752883911133,-0.012493084800553333
0.0,0.0,0.0,0.049469754099845886,-0.12154179811477661,-0.016625510382539233,0.11643578112125397,-0.18708282709121704,-0.028214719000345667,0.1956106573343277,-0.20005398988723755,-0.03566167488980909,0.2522515803575516,-0.18369579315185547,-0.03688656896639486,0.1504112333059311,-0.10008424520492554,-0.030634621012097796,0.23348240554332733,-0.13337653875350952,-0.03806542218018194,0.20037998259067535,-0.1491876244544983,-0.030765270668155154,0.1634729653596878,-0.1389148235321045,-0.023668795677906473,0.16274510324001312,-0.022811949253082275,-0.025745536985880335,0.24266661703586578,-0.08156931400299072,-0.03261191383290907,0.2132989913225174,-0.10188961029052734,-0.025599853920823534,0.18210293352603912,-0.0887032151222229,-0.020767826440817316,0.17142178118228912,0.03901129961013794,-0.02058454588342329,0.24114243686199188,-0.02959686517715454,-0.02929661222088953,0.21470732986927032,-0.04861724376678467,-0.018726933601385554,0.1848403662443161,-0.035843074321746826,-0.011123614239579638,0.1758088618516922,0.08719217777252197,-0.015780512097364863,0.23258306086063385,0.02079308032989502,-0.02419269256580492,0.21027053892612457,0.0024836063385009766,-0.01698238015461584,0.1836392730474472,0.014415144920349121,-0.009511740732079943
0.0,0.0,0.0,0.05100618302822113,-0.12148535251617432,-0.01795225383204979,0.11846588551998138,-0.18560302257537842,-0.029880072711534922,0.1985635608434677,-0.1982509195804596,-0.03728037865323586,0.2557189017534256,-0.18135136365890503,-0.038322871340938036,0.15214727818965912,-0.09454315900802612,-0.032245756848283236,0.2357245832681656,-0.12974631786346436,-0.039101870520539705,0.20349512994289398,-0.1468188762664795,-0.031239621131248896,0.1664305180311203,-0.13583558797836304,-0.02390352056784195,0.16449303925037384,-0.018258869647979736,-0.026361150457091753,0.2451552301645279,-0.0782475471496582,-0.03297378288073105,0.21629206836223602,-0.10023266077041626,-0.025785507424302523,0.18541236221790314,-0.0869702696800232,-0.021118879108257715,0.17329545319080353,0.042352139949798584,-0.02015724757177395,0.24465106427669525,-0.026692867279052734,-0.028717107860870783,0.21799258887767792,-0.047186315059661865,-0.017936279787249987,0.1875201016664505,-0.03472936153411865,-0.010379318869240706,0.17713983356952667,0.08937746286392212,-0.014376142783589785,0.2361057549715042,0.025779247283935547,-0.022794347046442454,0.21427102386951447,0.005991578102111816,-0.01551151720298094,0.18689952790737152,0.01651555299758911,-0.00809424256397051
0.0,0.0,0.0,0.03605790436267853,-0.11834248900413513,-0.002836390225922969,0.10169225931167603,-0.1971631646156311,-0.008744313209092525,0.1791861653327942,-0.22457608580589294,-0.015645880079603103,0.23282462358474731,-0.20900297164916992,-0.01700786856446257,0.13614323735237122,-0.17724648118019104,-0.003716545938289073,0.22423666715621948,-0.16568347811698914,-0.017171300775146392,0.19754311442375183,-0.1598641574382782,-0.020167220211362746,0.16365450620651245,-0.1554379165172577,-0.018457799977397826,0.1496562957763672,-0.10158783197402954,-0.007438744245803264,0.23143628239631653,-0.10589635372161865,-0.013054248704349902,0.20631104707717896,-0.10156464576721191,-0.010615720241105464,0.176247239112854,-0.0958261489868164,-0.008233187547659782,0.16157233715057373,-0.027060210704803467,-0.01239853614453068,0.23199504613876343,-0.04794260859489441,-0.016587942666149047,0.2097160518169403,-0.04338863492012024,-0.007985550737714675,0.18209421634674072,-0.035523563623428345,-0.0017271112322418958,0.1717715859413147,0.04093652963638306,-0.017476180395817664,0.23127371072769165,0.009615093469619751,-0.01865627413127413,0.2115928828716278,0.010866671800613403,-0.00880315416935673,0.18664705753326416,0.02247115969657898,-0.0002661105557422161
0.0,0.0,0.0,0.0348246693611145,-0.11936292052268982,-0.008324650740178186,0.09950028359889984,-0.20522266626358032,-0.017569027533681947,0.17600594460964203,-0.23830431699752808,-0.02595820619717415,0.23129014670848846,-0.2233046293258667,-0.028329971870334703,0.1326381415128708,-0.1835525929927826,-0.014855253202767926,0.22338463366031647,-0.17720383405685425,-0.028871630942376214,0.19582776725292206,-0.1700667142868042,-0.029861710658224183,0.16045419871807098,-0.1623290777206421,-0.026665864204915124,0.148245707154274,-0.1064128577709198,-0.016047339579017716,0.2335774153470993,-0.11845371127128601,-0.024156752666385728,0.20721577107906342,-0.11318659782409668,-0.02112073234275158,0.17501501739025116,-0.10481518507003784,-0.017789089744837838,0.16231472790241241,-0.03213459253311157,-0.018260819530041772,0.23504097759723663,-0.061533123254776,-0.02491244642988022,0.21168266236782074,-0.055647462606430054,-0.016401031678469735,0.18267621099948883,-0.04535830020904541,-0.00978607933029707,0.17451031506061554,0.03492695093154907,-0.020703231608422357,0.23531316220760345,-0.005962252616882324,-0.025163545897157746,0.21421967446804047,-0.0037814974784851074,-0.016588331824095803,0.1879964917898178,0.009973287582397461,-0.008478263085635263
0.0,0.0,0.0,0.03137010335922241,-0.11971941590309143,-0.00949834438227981,0.09534826874732971,-0.20684891939163208,-0.01869317108952373,0.17156344652175903,-0.2403343915939331,-0.026459933837884364,0.22739756107330322,-0.22740191221237183,-0.028093814497822223,0.12754112482070923,-0.18361350893974304,-0.017569174638026652,0.21755141019821167,-0.1862362027168274,-0.031094489267104564,0.18991675972938538,-0.18060225248336792,-0.030620984381073413,0.1542966365814209,-0.17195308208465576,-0.02635150926374763,0.14504152536392212,-0.10666608810424805,-0.0180574652012524,0.22965353727340698,-0.12520337104797363,-0.026467444023126063,0.20436444878578186,-0.12234073877334595,-0.023020477613442836,0.1732228398323059,-0.11262398958206177,-0.019259063174956736,0.160887211561203,-0.03361332416534424,-0.01941331254505485,0.2327207326889038,-0.06697303056716919,-0.026660203581684527,0.20974448323249817,-0.06288370490074158,-0.018377864381307063,0.1817522943019867,-0.051258623600006104,-0.011769794506960807,0.1749446988105774,0.031494200229644775,-0.021027195846670566,0.23363494873046875,-0.010708510875701904,-0.02611012721621364,0.21230274438858032,-0.009860694408416748,-0.01800863595866531,0.18672814965248108,0.00441664457321167,-0.01006134750508636
0.0,0.0,0.0,0.03286723792552948,-0.12307491898536682,-0.008396661050198873,0.09656336903572083,-0.2112848460674286,-0.017343047216115792,0.17356446385383606,-0.24628818035125732,-0.025479269355116685,0.2292928397655487,-0.2330169677734375,-0.027566815867601235,0.12903481721878052,-0.1859723925590515,-0.013952787175355752,0.2215770184993744,-0.18757382035255432,-0.029302715465007623,0.194756418466568,-0.18094328045845032,-0.03167893472271999,0.15847158432006836,-0.17044097185134888,-0.02897637817221721,0.14612635970115662,-0.10963752865791321,-0.014722665912984212,0.23154833912849426,-0.1277955174446106,-0.023701911001978715,0.20574241876602173,-0.1237439215183258,-0.02145595024484237,0.17351412773132324,-0.11304250359535217,-0.018312818511901696,0.16178151965141296,-0.03676655888557434,-0.01671248036581119,0.23396098613739014,-0.06981772184371948,-0.02419059085804065,0.21130523085594177,-0.06531032919883728,-0.016417143076239427,0.18246415257453918,-0.05317401885986328,-0.009808731406508286,0.17598426342010498,0.028110802173614502,-0.018938607677398522,0.23534724116325378,-0.013835281133651733,-0.023467018410144647,0.21453842520713806,-0.011971443891525269,-0.015301179281948407,0.18863114714622498,0.0035887956619262695,-0.007223079122184117
0.0,0.0,0.0,0.031631842255592346,-0.12351006269454956,-0.009090528071340032,0.09595495462417603,-0.2159879207611084,-0.01879661082517714,0.17564022541046143,-0.2578272223472595,-0.02654364629876227,0.23334431648254395,-0.2437727451324463,-0.02738501242589564,0.13107731938362122,-0.19476336240768433,-0.019728613265272088,0.22540313005447388,-0.19479545950889587,-0.03039162158262343,0.19887632131576538,-0.18721577525138855,-0.025842965759750314,0.1617269217967987,-0.17665696144104004,-0.018859979875799127,0.15004843473434448,-0.1200907826423645,-0.01968663669418902,0.2393735647201538,-0.13551640510559082,-0.025281821556802697,0.21296146512031555,-0.12982717156410217,-0.018464899801131196,0.1809433102607727,-0.11885777115821838,-0.01309379673790545,0.16701990365982056,-0.04735374450683594,-0.020042634748335786,0.24396836757659912,-0.07784733176231384,-0.024594434716220803,0.21964740753173828,-0.07185068726539612,-0.013534154922183461,0.19069895148277283,-0.0597095787525177,-0.006083578981872506,0.1806575059890747,0.01918327808380127,-0.02056396304857344,0.24492084980010986,-0.019888103008270264,-0.02331638447236628,0.222000390291214,-0.01858466863632202,-0.013229111388739057,0.19537395238876343,-0.004939407110214233,-0.0046866104867717695
0.0,0.0,0.0,0.02684943377971649,-0.11732250452041626,-0.0031235328391403527,0.08568902313709259,-0.20428705215454102,-0.009701338920763192,0.16052182018756866,-0.24305236339569092,-0.015348696474006829,0.21520261466503143,-0.23397941887378693,-0.015051890488734898,0.12280727922916412,-0.19484549760818481,-0.019017185408642945,0.20892982184886932,-0.19329753518104553,-0.025369086626938042,0.18456093966960907,-0.17745518684387207,-0.017033863205483613,0.15128938853740692,-0.16949838399887085,-0.00835117171334332,0.14277784526348114,-0.12202024459838867,-0.021242712948492226,0.22205470502376556,-0.13269561529159546,-0.02301504588501757,0.19554896652698517,-0.12149515748023987,-0.014141424883177933,0.1656530648469925,-0.1132720410823822,-0.008268559675684628,0.1605997234582901,-0.04891529679298401,-0.022749266911318955,0.228349968791008,-0.07302886247634888,-0.023176149789264855,0.2047993689775467,-0.0635707676410675,-0.01097236233579224,0.1773478239774704,-0.0530259907245636,-0.0039239622168452115,0.17479316890239716,0.018407732248306274,-0.02389647192137545,0.22985254228115082,-0.017490416765213013,-0.022885668415597138,0.20926104485988617,-0.013983935117721558,-0.011660119842758832,0.18599893152713776,-0.0018906891345977783,-0.0030677789803803535
0.0,0.0,0.0,0.030318185687065125,-0.12004345655441284,-0.0001846544199111122,0.09221188724040985,-0.20885765552520752,-0.005244681584201771,0.1688234657049179,-0.24872875213623047,-0.011592440745346266,0.22431407868862152,-0.24064970016479492,-0.01241194873165341,0.13292239606380463,-0.20178747177124023,-0.0023026766446605507,0.21530507504940033,-0.20032674074172974,-0.013586842893175799,0.19051791727542877,-0.18343916535377502,-0.01412279947709294,0.15715812146663666,-0.17355412244796753,-0.010952864280454833,0.15046222507953644,-0.12932613492012024,-0.00759411507334562,0.22950665652751923,-0.13829421997070312,-0.012723822584860045,0.2038179486989975,-0.12507590651512146,-0.00964696190368386,0.1729653924703598,-0.11701321601867676,-0.006563411998115498,0.1670951098203659,-0.05496212840080261,-0.013629628783576209,0.23616842925548553,-0.07818290591239929,-0.017433104543499667,0.21245159208774567,-0.06560954451560974,-0.008224850958697516,0.18397359549999237,-0.05435734987258911,-0.0014085757737234417,0.18083108961582184,0.015763074159622192,-0.01952520149808379,0.23881171643733978,-0.020270556211471558,-0.021095823003463465,0.21698017418384552,-0.012676745653152466,-0.010931219412498194,0.1919698864221573,0.0028354525566101074,-0.0018561130580678764
0.0,0.0,0.0,0.032150596380233765,-0.12362539768218994,-0.0005553660586770093,0.09697926044464111,-0.20267248153686523,-0.0054399158827322935,0.1738269329071045,-0.23501217365264893,-0.010619507825310848,0.23005080223083496,-0.23423083126544952,-0.010340816995437763,0.14537498354911804,-0.20842263102531433,-0.00839478401684346,0.2244156002998352,-0.20415371656417847,-0.0153976825087625,0.19882822036743164,-0.18423286080360413,-0.010792925676639697,0.16296157240867615,-0.1736060380935669,-0.004299325591262004,0.1650213897228241,-0.13824844360351562,-0.012439463941689155,0.23621994256973267,-0.14106494188308716,-0.013054514957900665,0.20869439840316772,-0.12784361839294434,-0.007092775965418241,0.17695212364196777,-0.11815562844276428,-0.003295676272671244,0.17956936359405518,-0.06457793712615967,-0.016310955120559356,0.24063292145729065,-0.08303949236869812,-0.016218223331804893,0.21609005331993103,-0.07217898964881897,-0.006269690303440711,0.18709567189216614,-0.061070263385772705,-0.0008427285494576608,0.18991127610206604,0.004883408546447754,-0.019949818684096954,0.24052834510803223,-0.025505930185317993,-0.017671371532912872,0.21727126836776733,-0.020795822143554688,-0.006173704473610542,0.19150996208190918,-0.008773565292358398,0.0026461943496656204
0.0,0.0,0.0,0.02565544843673706,-0.12490788102149963,0.006176020014152073,0.08606076240539551,-0.204979807138443,0.007603530301764749,0.15534564852714539,-0.2446669340133667,0.008144671558454775,0.20632797479629517,-0.24747227132320404,0.013818512200430177,0.13922032713890076,-0.21157732605934143,0.004080161447689079,0.20835798978805542,-0.21380162239074707,0.009459040588751577,0.1854247748851776,-0.19839906692504883,0.020523042879119657,0.15431737899780273,-0.1899816393852234,0.029149209610238813,0.16156157851219177,-0.14221343398094177,0.00011523240658561917,0.22036194801330566,-0.1516563594341278,0.011006895913794779,0.19648754596710205,-0.14005976915359497,0.019190568006649755,0.16739565134048462,-0.13091343641281128,0.022589884228125356,0.17570903897285461,-0.07053729891777039,-0.0024529388220457804,0.22615021467208862,-0.09508785605430603,0.007071278984710716,0.2053144872188568,-0.08504247665405273,0.01531910011084392,0.17734593152999878,-0.07449209690093994,0.01765644317032411,0.18387779593467712,-0.004096686840057373,-0.0040510520385055315,0.22710341215133667,-0.03562819957733154,0.004767493340239071,0.21030506491661072,-0.03314217925071716,0.015753857321158193,0.18756064772605896,-0.023511946201324463,0.023246891326323293
0.0,0.0,0.0,0.03860718011856079,-0.12468811869621277,0.01998073815099133,0.10131499171257019,-0.20081827044487,0.029246945145644077,0.164545476436615,-0.23737159371376038,0.034969458568014034,0.206457257270813,-0.23810306191444397,0.04478346763841046,0.16080105304718018,-0.21131636202335358,0.02228342762879265,0.2172635793685913,-0.1988835334777832,0.03730215339652432,0.19747984409332275,-0.17731350660324097,0.05275373368255032,0.16793254017829895,-0.16868063807487488,0.06350551007977856,0.1776563823223114,-0.142880380153656,0.01381115729651583,0.22546201944351196,-0.1376751959323883,0.03291539310208691,0.20230716466903687,-0.12266552448272705,0.04213037549249066,0.17289242148399353,-0.11459341645240784,0.04569642453185452,0.1833755373954773,-0.06774646043777466,0.008155761498130687,0.22993123531341553,-0.0793796181678772,0.026362478944577106,0.2082255482673645,-0.0700991153717041,0.03530663086763752,0.17857378721237183,-0.06384515762329102,0.03687581999889744,0.18062525987625122,0.00485914945602417,0.004437277305044063,0.22654128074645996,-0.01180487871170044,0.021576211067952045,0.21304327249526978,-0.016752779483795166,0.035620494025863536,0.1901492476463318,-0.01781401038169861,0.04439493476144207
0.0,0.0,0.0,0.03395375609397888,-0.12399157881736755,0.015809693813650938,0.09515181183815002,-0.2070232629776001,0.021414638936846586,0.16023603081703186,-0.24867288768291473,0.023087264478533598,0.20811232924461365,-0.2512732893228531,0.028446258485644194,0.16341301798820496,-0.21848247945308685,0.022160695374338957,0.21922388672828674,-0.21980220079421997,0.03161363627049241,0.19501850008964539,-0.19333070516586304,0.04152486051651749,0.16441115736961365,-0.17965352535247803,0.049155871823757025,0.18606063723564148,-0.15722119808197021,0.014700799689023825,0.22487089037895203,-0.15337586402893066,0.03375600601765427,0.19736894965171814,-0.1354558765888214,0.040259345874517294,0.1696799099445343,-0.1252422034740448,0.040003306672304006,0.1970033347606659,-0.08621636033058167,0.008909445695906015,0.2264644205570221,-0.09474638104438782,0.028086795911519857,0.19996389746665955,-0.07878199219703674,0.03482899020644936,0.17061594128608704,-0.06804981827735901,0.0327922175380877,0.20045551657676697,-0.015990138053894043,0.0042020142752221545,0.22204533219337463,-0.032357633113861084,0.024268136799662443,0.19845184683799744,-0.02541273832321167,0.03788193638655457,0.1724071204662323,-0.01732012629508972,0.045035540566175314
0.0,0.0,0.0,0.037558019161224365,-0.1231965720653534,0.019344506667437145,0.10199478268623352,-0.2027493715286255,0.028513312221946308,0.16746532917022705,-0.23905709385871887,0.033591052399458476,0.21356076002120972,-0.23183844983577728,0.042022572712483,0.17447805404663086,-0.20704051852226257,0.029013780759157726,0.22318512201309204,-0.19484072923660278,0.04455150838333566,0.1996104121208191,-0.17161473631858826,0.05790184985238511,0.1705857515335083,-0.16236430406570435,0.06717457796770532,0.1938314437866211,-0.14328616857528687,0.02145892556148965,0.22577780485153198,-0.13120850920677185,0.04586576844889123,0.19888031482696533,-0.11530160903930664,0.05398450593787629,0.1716671586036682,-0.10758557915687561,0.05443205486375291,0.20005834102630615,-0.0711241364479065,0.016013976068677493,0.22480839490890503,-0.07204094529151917,0.038751048849405834,0.1976873278617859,-0.05795496702194214,0.04482709045845468,0.16852033138275146,-0.050645291805267334,0.04209973837572534,0.19870716333389282,-0.0006947815418243408,0.012017967061581203,0.21824347972869873,-0.010063499212265015,0.034109199301781246,0.19238805770874023,-0.004785865545272827,0.04729754652220208,0.16535162925720215,0.0005633533000946045,0.0539556684656759
0.0,0.0,0.0,0.03476116061210632,-0.12264448404312134,0.017071120412254004,0.09750732779502869,-0.20232856273651123,0.025284823001527457,0.16554763913154602,-0.24153725802898407,0.029738813609981207,0.21394529938697815,-0.23865729570388794,0.03766611401846376,0.17104807496070862,-0.2035578489303589,0.030135858775281577,0.22216621041297913,-0.20060443878173828,0.04495518837978807,0.19677618145942688,-0.17907163500785828,0.05689533238222566,0.1665228307247162,-0.16826948523521423,0.065185109124684,0.1899367868900299,-0.14098963141441345,0.023736886651420264,0.2255593240261078,-0.13846740126609802,0.04741760899236169,0.19783684611320496,-0.12389481067657471,0.05454927493741479,0.170059472322464,-0.11507007479667664,0.05456238795926538,0.19546601176261902,-0.06997770071029663,0.01904518340637651,0.2261902391910553,-0.08058977127075195,0.04024852623155084,0.19893863797187805,-0.06670224666595459,0.0456286724369761,0.1693364679813385,-0.05753430724143982,0.04289455522706476,0.19317933917045593,0.00030741095542907715,0.01575713415553537,0.2187354862689972,-0.016602784395217896,0.03604582880547014,0.19317558407783508,-0.011988848447799683,0.04878368412067857,0.16539731621742249,-0.00462910532951355,0.055478287832045226
0.0,0.0,0.0,0.034237563610076904,-0.12529179453849792,0.01947436268585534,0.09698370099067688,-0.20667514204978943,0.030125075682576608,0.16262072324752808,-0.24508708715438843,0.037081153794702004,0.20891988277435303,-0.24006476998329163,0.047458367153581094,0.17192178964614868,-0.2112657129764557,0.034068846806462716,0.21730190515518188,-0.20045951008796692,0.05389379869359345,0.19120323657989502,-0.17898395657539368,0.06839471842306466,0.16237062215805054,-0.1699233055114746,0.07748991782921166,0.19209623336791992,-0.14716312289237976,0.0276226529027781,0.21941310167312622,-0.13764798641204834,0.05648939470904679,0.19104057550430298,-0.12305760383605957,0.0647942775036654,0.1645471453666687,-0.11607593297958374,0.0644593217517695,0.19769221544265747,-0.07566094398498535,0.02336682911175103,0.21922117471694946,-0.080028235912323,0.049117574199613045,0.19142788648605347,-0.06595423817634583,0.05450316305416436,0.162370502948761,-0.05829635262489319,0.05059877197402329,0.19577455520629883,-0.005023270845413208,0.0206415129001698,0.21233826875686646,-0.019102126359939575,0.04424998323577256,0.1863948106765747,-0.01268690824508667,0.057294880702670525,0.15952706336975098,-0.006218224763870239,0.06354527707355828
0.0,0.0,0.0,0.03642880916595459,-0.12473759055137634,0.014200077634654917,0.10381397604942322,-0.2048933506011963,0.02032799111714212,0.17097723484039307,-0.24053886532783508,0.023429194707773604,0.21844136714935303,-0.23293602466583252,0.030322719607852378,0.17941075563430786,-0.2090126872062683,0.021950887758634963,0.22490346431732178,-0.19589149951934814,0.033216206599377074,0.20012682676315308,-0.17360275983810425,0.043702094126842894,0.16978228092193604,-0.16460710763931274,0.05109631480684129,0.19901180267333984,-0.1469673216342926,0.015257191155455985,0.23015296459197998,-0.13532954454421997,0.034592157472275176,0.2034289836883545,-0.1203581690788269,0.04166925163974611,0.17488551139831543,-0.11412063241004944,0.04200828285922853,0.20533698797225952,-0.076264888048172,0.010057646092377581,0.23124080896377563,-0.07849147915840149,0.02706687362899629,0.2049749493598938,-0.0638359785079956,0.032955082375906386,0.17431169748306274,-0.05593240261077881,0.031354749817751326,0.20469993352890015,-0.006387621164321899,0.005881792176865019,0.2255319356918335,-0.017638802528381348,0.02233856568147985,0.19922399520874023,-0.013406753540039062,0.03403459327330438,0.17107141017913818,-0.008373856544494629,0.04046012299170343
0.0,0.0,0.0,0.037207990884780884,-0.1292199194431305,0.011990741623435497,0.10084658861160278,-0.20420005917549133,0.01906049510637331,0.16961470246315002,-0.23898038268089294,0.023529541475568294,0.21830859780311584,-0.2403746247291565,0.0318282533268075,0.1760329306125641,-0.19596454501152039,0.030085176957641124,0.2220192849636078,-0.2020699679851532,0.044046020863447666,0.19489678740501404,-0.18795859813690186,0.05368200576106119,0.16543427109718323,-0.17624467611312866,0.0598664011637311,0.19358322024345398,-0.1289578676223755,0.026136657951269626,0.22783228754997253,-0.1427903175354004,0.04760641118684816,0.2003171741962433,-0.13519638776779175,0.053281224129591465,0.1738065779209137,-0.1253088116645813,0.05244700869718599,0.1980418860912323,-0.05929479002952576,0.02316420970657873,0.23091134428977966,-0.08613196015357971,0.04111966377297449,0.20574477314949036,-0.08003047108650208,0.04568693673411417,0.17676112055778503,-0.07003748416900635,0.0432951103726964,0.1958313286304474,0.007607877254486084,0.021220595372710704,0.22460272908210754,-0.022951781749725342,0.03863498082557726,0.20321187376976013,-0.025747179985046387,0.05076760685244608,0.17715570330619812,-0.01908978819847107,0.05746403968134928
0.0,0.0,0.0,0.04102560877799988,-0.13143637776374817,0.01728501140496519,0.1074795126914978,-0.2015242874622345,0.027294907415125635,0.1770334243774414,-0.2343253493309021,0.0342511922808626,0.22483676671981812,-0.23469042778015137,0.04452150843462732,0.18021923303604126,-0.1892527937889099,0.034438227930877474,0.2251632809638977,-0.1957157552242279,0.05251379466972139,0.19940179586410522,-0.18312323093414307,0.06563865921816614,0.17116796970367432,-0.17148417234420776,0.07405344180187967,0.19691580533981323,-0.12028646469116211,0.02999015494606283,0.23045235872268677,-0.13642701506614685,0.055829619685027865,0.203011155128479,-0.13243460655212402,0.06381850473007944,0.1777031421661377,-0.12358427047729492,0.06388233385405329,0.20007050037384033,-0.05056318640708923,0.02723916962168005,0.23184198141098022,-0.08036774396896362,0.04944878599962976,0.20679497718811035,-0.07623544335365295,0.05495450056514528,0.1781238317489624,-0.06667274236679077,0.052122747221801546,0.19685113430023193,0.014712989330291748,0.026018818536613253,0.2220137119293213,-0.02084529399871826,0.047822510519836214,0.19989150762557983,-0.02349388599395752,0.06079392291030672,0.1742735505104065,-0.016787171363830566,0.06712560139021662
0.0,0.0,0.0,0.03487694263458252,-0.1286790668964386,0.008802575441279714,0.0998724102973938,-0.20497068762779236,0.01338398867306978,0.17058300971984863,-0.2419794201850891,0.015947375828602617,0.22184419631958008,-0.243190735578537,0.022698551798441713,0.1809927225112915,-0.18794775009155273,0.02219290883300573,0.226101815700531,-0.19860023260116577,0.033117002258279626,0.19630557298660278,-0.1936577558517456,0.04090258331058294,0.16579043865203857,-0.18470659852027893,0.04560877979753286,0.19830363988876343,-0.12138453125953674,0.01865745187757284,0.22969728708267212,-0.14401760697364807,0.03847742305157453,0.20212727785110474,-0.14507216215133667,0.0456418641006735,0.1759932041168213,-0.1354915201663971,0.045473309615829294,0.20151525735855103,-0.054375022649765015,0.015938222790339296,0.23078644275665283,-0.08937644958496094,0.032559914896467035,0.20565491914749146,-0.09038600325584412,0.03959921971915037,0.1771945357322693,-0.08135068416595459,0.03851884082911283,0.19884204864501953,0.009854316711425781,0.013761811340430086,0.22226423025131226,-0.028793692588806152,0.02982259579954416,0.19989502429962158,-0.03570377826690674,0.042513976255634134,0.17466360330581665,-0.029116392135620117,0.0496399127042082
0.0,0.0,0.0,-0.00032702088356018066,-0.11833322048187256,0.009387958212357717,-0.050417304039001465,-0.2064988911151886,0.012115021585088925,-0.10914376378059387,-0.24315544962882996,0.015600753365617948,-0.13906219601631165,-0.21823960542678833,0.01798798737542029,-0.1153998076915741,-0.17455244064331055,-0.01603364350779657,-0.16785550117492676,-0.19112777709960938,-0.01580461452289228,-0.14078539609909058,-0.18012341856956482,-0.016910114908057494,-0.11183318495750427,-0.1703428030014038,-0.018725834438043876,-0.13792473077774048,-0.1057068407535553,-0.021126554930049224,-0.1772606074810028,-0.13189679384231567,-0.009037197218674464,-0.15204614400863647,-0.12605524063110352,-0.0003024451729629618,-0.12807363271713257,-0.11310088634490967,-0.000768186233869983,-0.14904913306236267,-0.042476654052734375,-0.022876321920591636,-0.17872783541679382,-0.06984603404998779,-0.008451951318818374,-0.15699714422225952,-0.06927308440208435,0.002421347307574706,-0.1334882378578186,-0.05682814121246338,0.002267992007148223,-0.15061867237091064,0.01265031099319458,-0.023697757744628234,-0.17604577541351318,-0.01732015609741211,-0.011025481508511348,-0.15681982040405273,-0.017397403717041016,0.0020406352119266558,-0.13764888048171997,-0.006544828414916992,0.007627080077838855
0.0,0.0,0.0,-0.0022685229778289795,-0.11944684386253357,0.0060417575430307124,-0.05577775835990906,-0.20617106556892395,0.006936460048351023,-0.11833041906356812,-0.2421879768371582,0.009599280324223969,-0.14777013659477234,-0.22070267796516418,0.011782801490667794,-0.11806613206863403,-0.16603252291679382,-0.022571542519685295,-0.1734713613986969,-0.1911686658859253,-0.02284582446849015,-0.1442623734474182,-0.18408194184303284,-0.022157429936882522,-0.11452043056488037,-0.17373690009117126,-0.02214300002491143,-0.14006951451301575,-0.09708327054977417,-0.025606873664614227,-0.18335220217704773,-0.13194766640663147,-0.014552170630153682,-0.1558026373386383,-0.1319374442100525,-0.004843822899815109,-0.13129249215126038,-0.11875167489051819,-0.003873582683112886,-0.15000596642494202,-0.0359114408493042,-0.025176330688950088,-0.18346619606018066,-0.06961917877197266,-0.010408253628369835,-0.16058588027954102,-0.0753626823425293,0.0010119187779906724,-0.13735100626945496,-0.06400203704833984,0.0016344973253268336,-0.14974427223205566,0.016492068767547607,-0.023958270657416847,-0.1782648265361786,-0.016242563724517822,-0.009992743130382564,-0.1588786542415619,-0.022171616554260254,0.0033618332952443097,-0.13961711525917053,-0.01304405927658081,0.00916304696762893
0.0,0.0,0.0,-0.010850071907043457,-0.12088584899902344,0.00018797253181435103,-0.06704634428024292,-0.20422863960266113,-0.001350922233148255,-0.1310896873474121,-0.23480206727981567,0.00033324833241965557,-0.1611950397491455,-0.20727774500846863,0.002440151453295014,-0.12689512968063354,-0.14341288805007935,-0.029334154983705618,-0.1845415234565735,-0.1748012900352478,-0.030819521357959845,-0.1517176628112793,-0.17576533555984497,-0.029353925099319556,-0.12128821015357971,-0.16623374819755554,-0.02817673150236044,-0.1452069878578186,-0.07363128662109375,-0.029143572857326605,-0.19034162163734436,-0.11951559782028198,-0.019534549748248198,-0.1631259024143219,-0.127587229013443,-0.010502711942142584,-0.14003917574882507,-0.1141577959060669,-0.009969236401564219,-0.15130451321601868,-0.015981554985046387,-0.025731832792705633,-0.18694108724594116,-0.06003957986831665,-0.012265937475210764,-0.16534560918807983,-0.07113099098205566,-0.0012735600608426711,-0.14336594939231873,-0.05976593494415283,-0.0006910706429767988,-0.1490405797958374,0.030374646186828613,-0.02196907352442179,-0.18017712235450745,-0.010469913482666016,-0.009322662910169699,-0.16204628348350525,-0.02075183391571045,0.0033649803812589862,-0.14319202303886414,-0.010475873947143555,0.008833306769185922
0.0,0.0,0.0,-0.013021886348724365,-0.12149238586425781,-0.001486482107370346,-0.06890052556991577,-0.20463302731513977,-0.004388958224385231,-0.13306543231010437,-0.23794281482696533,-0.0038907562934897832,-0.16521486639976501,-0.21394705772399902,-0.002610126053272932,-0.12925919890403748,-0.14201053977012634,-0.03139245743799135,-0.1873956024646759,-0.17695742845535278,-0.03336536745476648,-0.1536785364151001,-0.17928695678710938,-0.03165977309393808,-0.12358254194259644,-0.16783764958381653,-0.03004721785831377,-0.14777466654777527,-0.07288098335266113,-0.030582441491364687,-0.19424444437026978,-0.12197834253311157,-0.02219784866022989,-0.16672152280807495,-0.13105767965316772,-0.01382319862890169,-0.14329028129577637,-0.11644124984741211,-0.013535118204831331,-0.15524977445602417,-0.015003740787506104,-0.026636809584974497,-0.19208139181137085,-0.06175875663757324,-0.014029179242729395,-0.1701158583164215,-0.07346558570861816,-0.0032239907973550253,-0.14740478992462158,-0.06075632572174072,-0.0026807482441060237,-0.15458449721336365,0.031597256660461426,-0.022482017529486864,-0.18608620762825012,-0.01148313283920288,-0.010653811049937456,-0.168058842420578,-0.02238708734512329,0.001579843685672433,-0.14895522594451904,-0.012383341789245605,0.006873795753986389
0.0,0.0,0.0,-0.011157393455505371,-0.12154239416122437,-0.0008238969940190799,-0.06777641177177429,-0.2052701711654663,-0.0026810454192069955,-0.13158050179481506,-0.23752406239509583,-0.0016193792444152422,-0.16226083040237427,-0.21242928504943848,4.514293594759522e-05,-0.12778803706169128,-0.14303842186927795,-0.02700903927781262,-0.18429267406463623,-0.17971834540367126,-0.0300397678265778,-0.1505981981754303,-0.18140628933906555,-0.03046849099793114,-0.12014162540435791,-0.17013639211654663,-0.030226736421367306,-0.146739661693573,-0.07468771934509277,-0.026747369299313206,-0.19149735569953918,-0.12473809719085693,-0.017939250076791424,-0.1635635495185852,-0.13312691450119019,-0.010324571373542923,-0.1400429904460907,-0.11855542659759521,-0.010430516766986031,-0.15331822633743286,-0.017447471618652344,-0.023821606392642636,-0.18817153573036194,-0.0644826889038086,-0.010916139091035504,-0.16620782017707825,-0.07609039545059204,-0.0007361917860304601,-0.14398610591888428,-0.06402605772018433,-0.00044793962025657663,-0.15111508965492249,0.028518080711364746,-0.02077161064245381,-0.18118715286254883,-0.01301586627960205,-0.00824948223181643,-0.1629537045955658,-0.024081707000732422,0.004006924481460672,-0.14416438341140747,-0.01435244083404541,0.009276203719297271
0.0,0.0,0.0,-0.010385572910308838,-0.12218976020812988,8.323713455204995e-05,-0.06545442342758179,-0.2050369679927826,-0.001729969403365672,-0.12940168380737305,-0.23724287748336792,-0.0005989138759989743,-0.15981510281562805,-0.2137795090675354,0.001051442695191085,-0.12625879049301147,-0.14397400617599487,-0.029041238015176774,-0.18432506918907166,-0.17736175656318665,-0.031241461520673752,-0.1505991518497467,-0.17882251739501953,-0.030401127298953057,-0.12027272582054138,-0.16809526085853577,-0.02961139369535637,-0.1445712447166443,-0.07543408870697021,-0.02898120496201706,-0.19021713733673096,-0.12159907817840576,-0.02001509245264721,-0.16229835152626038,-0.12978246808052063,-0.011493448985399723,-0.13873636722564697,-0.11633175611495972,-0.011367203553797722,-0.15120476484298706,-0.017867684364318848,-0.025863775869490624,-0.1867319941520691,-0.06152087450027466,-0.012867477608503819,-0.16455233097076416,-0.0723533034324646,-0.001936317540364385,-0.14182919263839722,-0.060822904109954834,-0.0014832804469708805,-0.149587482213974,0.029024243354797363,-0.02248049888539505,-0.17978885769844055,-0.0104292631149292,-0.010457499770106793,-0.16141650080680847,-0.020767629146575928,0.0017260847355853315,-0.14214631915092468,-0.011536240577697754,0.006874822659758806
0.0,0.0,0.0,-0.01244613528251648,-0.12343382835388184,-0.0013833896404165102,-0.06777426600456238,-0.2080850899219513,-0.004689049153405733,-0.13193348050117493,-0.23932558298110962,-0.004682338974255629,-0.16287806630134583,-0.20992514491081238,-0.004232566515732117,-0.12736999988555908,-0.14340397715568542,-0.0325172182086888,-0.18524444103240967,-0.1793718934059143,-0.03585538378991515,-0.15167373418807983,-0.1818915605545044,-0.03533354512490661,-0.12183862924575806,-0.17138853669166565,-0.03451285994686515,-0.14622682332992554,-0.07437646389007568,-0.032384463763612814,-0.19273096323013306,-0.12412238121032715,-0.02503923437632949,-0.16472190618515015,-0.1338089406490326,-0.016838682061809607,-0.14090391993522644,-0.11956727504730225,-0.016519322237748213,-0.1540190577507019,-0.01653045415878296,-0.02913381456472308,-0.190812349319458,-0.0642361044883728,-0.017796506351608343,-0.16875648498535156,-0.07615190744400024,-0.006986466879773445,-0.14590990543365479,-0.06336170434951782,-0.006049967548626967,-0.15360340476036072,0.030005335807800293,-0.025645720950144835,-0.18538472056388855,-0.013623297214508057,-0.014732362880188532,-0.1671716272830963,-0.025027692317962646,-0.00244784023687572,-0.14796745777130127,-0.014637887477874756,0.003051326665278964
0.0,0.0,0.0,-0.011263668537139893,-0.12405920028686523,-2.2298474040560734e-06,-0.06824114918708801,-0.20862367749214172,-0.0024059782810117447,-0.13386750221252441,-0.2397061586380005,-0.001430538956036731,-0.16462597250938416,-0.20740759372711182,0.0001624967042981318,-0.12741655111312866,-0.147012859582901,-0.030939972268378302,-0.18596401810646057,-0.18264740705490112,-0.03254498937908368,-0.15075883269309998,-0.18197113275527954,-0.030726721750533148,-0.12031698226928711,-0.17105522751808167,-0.0293342883307095,-0.1462741494178772,-0.07750743627548218,-0.03070024797502713,-0.1921277642250061,-0.12733346223831177,-0.021171866225039526,-0.1624051332473755,-0.13441097736358643,-0.011706904748415514,-0.13891589641571045,-0.12055575847625732,-0.01084871521029429,-0.1523798704147339,-0.020472347736358643,-0.02705990547124104,-0.1887224018573761,-0.06744533777236938,-0.01334418101046042,-0.16510900855064392,-0.0777936577796936,-0.0017066674846764052,-0.14260777831077576,-0.06558877229690552,-0.0007505621253121042,-0.1502717137336731,0.025312185287475586,-0.02310768725160317,-0.18098539113998413,-0.017170488834381104,-0.010346935370897814,-0.16166391968727112,-0.026553988456726074,0.002523054594213203,-0.1425899863243103,-0.01580989360809326,0.008057350983882383
0.0,0.0,0.0,-0.008282989263534546,-0.12204372882843018,-0.0009768961320570924,-0.06408199667930603,-0.20836031436920166,-0.0028465901126093485,-0.1285976767539978,-0.2408706247806549,-0.0017218703727177598,-0.16047042608261108,-0.2145465910434723,-6.824191980392413e-05,-0.12556400895118713,-0.1499936282634735,-0.027640824308333478,-0.18375259637832642,-0.18470191955566406,-0.030739219030079923,-0.14969879388809204,-0.1833038032054901,-0.030630932291684232,-0.1188025176525116,-0.1719665825366974,-0.030103326877293668,-0.1446661651134491,-0.08166539669036865,-0.027498928000865064,-0.19017502665519714,-0.12883317470550537,-0.019729926353035054,-0.16117823123931885,-0.13541430234909058,-0.011832527918455682,-0.13744232058525085,-0.12192153930664062,-0.011554286917386136,-0.1513955295085907,-0.024960815906524658,-0.02460923894279965,-0.1879807710647583,-0.07054650783538818,-0.013580733081040464,-0.1648939549922943,-0.0795053243637085,-0.0030709084679312326,-0.14248648285865784,-0.06748032569885254,-0.0020247512587285854,-0.14973056316375732,0.020504772663116455,-0.02151272363000878,-0.1805209517478943,-0.021030783653259277,-0.010889290002820573,-0.16119396686553955,-0.029381394386291504,0.0013100252396487377,-0.14220726490020752,-0.01848512887954712,0.0069286426439010285
0.0,0.0,0.0,-0.008801460266113281,-0.12128549814224243,-0.0022705236355982095,-0.06394287943840027,-0.20791184902191162,-0.0048020020499102145,-0.12927508354187012,-0.23893427848815918,-0.003753567524181989,-0.15781083703041077,-0.2112552523612976,-0.002170479334818509,-0.12329345941543579,-0.14348432421684265,-0.03254567593328872,-0.1818503737449646,-0.18245643377304077,-0.03553118690841117,-0.14896783232688904,-0.18510013818740845,-0.03446579486124435,-0.11923271417617798,-0.17412176728248596,-0.033157029598879006,-0.14252737164497375,-0.07545197010040283,-0.03154011577360549,-0.18962633609771729,-0.12661856412887573,-0.023787188753413346,-0.16119998693466187,-0.13681772351264954,-0.015451125278996614,-0.13762906193733215,-0.12298136949539185,-0.014831597395168927,-0.14983943104743958,-0.01977461576461792,-0.027513101175355104,-0.1876411736011505,-0.0675923228263855,-0.015764312297033456,-0.16468241810798645,-0.08048957586288452,-0.005667715743111756,-0.14205005764961243,-0.06890290975570679,-0.005046209730135587,-0.14838340878486633,0.02439969778060913,-0.02326865069560924,-0.18126946687698364,-0.018272578716278076,-0.011790823601113942,-0.16291987895965576,-0.031029343605041504,-2.229469872006007e-05,-0.14374354481697083,-0.021347761154174805,0.005036913845760438
0.0,0.0,0.0,-0.025019824504852295,-0.11365240812301636,-0.001206439522881908,-0.08354488015174866,-0.18534016609191895,-0.004709376207408411,-0.1442873179912567,-0.2173725664615631,-0.005202224663314325,-0.1741485595703125,-0.18660324811935425,-0.004543725586351854,-0.14102023839950562,-0.11124944686889648,-0.02804693831023286,-0.1937016248703003,-0.15151965618133545,-0.029075148234930737,-0.1622718870639801,-0.16008776426315308,-0.027586602325406773,-0.13440337777137756,-0.1514766812324524,-0.026518263573613865,-0.1548035740852356,-0.04382789134979248,-0.02769288858291219,-0.19374683499336243,-0.09894388914108276,-0.018265553469625218,-0.16832897067070007,-0.11159723997116089,-0.010955656598177654,-0.1468283236026764,-0.09848570823669434,-0.011917987557914955,-0.1565062701702118,0.011846959590911865,-0.024364062304464085,-0.18794000148773193,-0.041005074977874756,-0.011141417267587883,-0.16783463954925537,-0.05483311414718628,-0.0007947799855330118,-0.14629089832305908,-0.042498648166656494,-0.0009439166275271305,-0.1518576741218567,0.05595284700393677,-0.020935651565757496,-0.1803363561630249,0.010230600833892822,-0.00905210869279216,-0.16438737511634827,-0.0031613707542419434,0.002829114022809165,-0.14557456970214844,0.005875587463378906,0.0077614875521092586
0.0,0.0,0.0,-0.02424919605255127,-0.11987090110778809,0.0021921738907764166,-0.08309444785118103,-0.19214707612991333,-0.0005901980521088035,-0.1461397409439087,-0.22027868032455444,-0.0006722358711925835,-0.17757907509803772,-0.18739229440689087,0.00016896503349528302,-0.1407451629638672,-0.11793166399002075,-0.027491118952625015,-0.1926313042640686,-0.15818887948989868,-0.027175098851316193,-0.15800124406814575,-0.16456925868988037,-0.024899833098046997,-0.12996900081634521,-0.1540399193763733,-0.023502187997095803,-0.155492901802063,-0.04909360408782959,-0.028056428030126312,-0.19466891884803772,-0.10492902994155884,-0.01670990344881318,-0.16766366362571716,-0.1166985034942627,-0.007860695205621937,-0.14576053619384766,-0.10295635461807251,-0.008219771280877808,-0.15744900703430176,0.007794320583343506,-0.02504548636078141,-0.1892898678779602,-0.04705154895782471,-0.009391673102967957,-0.16839838027954102,-0.05955147743225098,0.0028176848236540764,-0.14663946628570557,-0.04654651880264282,0.0032486855443636387,-0.1527250111103058,0.052330076694488525,-0.021634949564926842,-0.18160271644592285,0.005201220512390137,-0.007697129350148657,-0.16484001278877258,-0.007219493389129639,0.005752104140825054,-0.14589998126029968,0.002355515956878662,0.01135520058871009
0.0,0.0,0.0,-0.027150869369506836,-0.11910170316696167,0.004794097534516872,-0.0877411961555481,-0.19096380472183228,0.0039590332015846386,-0.14934149384498596,-0.22269779443740845,0.005220896593431057,-0.17961502075195312,-0.19184160232543945,0.007400210510144056,-0.14541316032409668,-0.11962330341339111,-0.023747006402214943,-0.19979053735733032,-0.1561853289604187,-0.02218204547544378,-0.16647309064865112,-0.1630052924156189,-0.018862644181450783,-0.13744136691093445,-0.153711199760437,-0.01675560322483438,-0.15914589166641235,-0.05032455921173096,-0.025359617517193733,-0.19798964262008667,-0.10204863548278809,-0.012733864568969189,-0.17095506191253662,-0.11269378662109375,-0.003287919302334963,-0.14861994981765747,-0.09976726770401001,-0.0033300674696024046,-0.1601179540157318,0.00760495662689209,-0.023340493411621033,-0.19023501873016357,-0.04298901557922363,-0.006493809138288675,-0.16933411359786987,-0.054773032665252686,0.005537493649074854,-0.1474534571170807,-0.04245603084564209,0.005565764877149881,-0.15434220433235168,0.05435490608215332,-0.02080853094240087,-0.18166914582252502,0.010102450847625732,-0.005969698046198069,-0.16468265652656555,-0.0016502737998962402,0.007425929914364637,-0.1455477476119995,0.007365047931671143,0.0129163693926726
0.0,0.0,0.0,-0.026196956634521484,-0.11730271577835083,0.00463693935023235,-0.08730524778366089,-0.18955737352371216,0.003499839888602363,-0.14967119693756104,-0.22088167071342468,0.004203673187360035,-0.18218308687210083,-0.1907328963279724,0.005555924694701897,-0.14336168766021729,-0.12011277675628662,-0.023033011038139595,-0.1972275972366333,-0.15590959787368774,-0.023925750781133903,-0.16434991359710693,-0.16129612922668457,-0.02332107656104876,-0.1354614496231079,-0.1508021354675293,-0.022755033601358665,-0.1578572690486908,-0.05202525854110718,-0.025171765391066803,-0.19784164428710938,-0.10105854272842407,-0.014487939220205082,-0.17139878869056702,-0.11162221431732178,-0.006490849688932432,-0.1491829752922058,-0.09865987300872803,-0.007148195788547529,-0.16045242547988892,0.005809962749481201,-0.02400960520310713,-0.19203299283981323,-0.04274249076843262,-0.008941292096212639,-0.17149147391319275,-0.05468130111694336,0.0025780531258283723,-0.1497807800769806,-0.04277008771896362,0.0027973353543280233,-0.156072735786438,0.05249112844467163,-0.022349949259594215,-0.18381935358047485,0.00981968641281128,-0.008683094088271393,-0.1669960618019104,-0.002267777919769287,0.004370034873202311,-0.14800375699996948,0.006713509559631348,0.009927630159720646
0.0,0.0,0.0,-0.021765947341918945,-0.11978781223297119,0.0007536358104696106,-0.08205559849739075,-0.19611704349517822,-0.0016313609296778608,-0.14525774121284485,-0.22932741045951843,-0.0017534967840040494,-0.1773342490196228,-0.19638341665267944,-0.0010092145160163213,-0.13836219906806946,-0.12176787853240967,-0.025506589524666445,-0.1929488480091095,-0.16229397058486938,-0.028960412331143992,-0.1576734185218811,-0.16870707273483276,-0.030161324851433413,-0.12852099537849426,-0.15742403268814087,-0.03067756626776852,-0.15369769930839539,-0.054784953594207764,-0.026585990526000636,-0.19642120599746704,-0.10922890901565552,-0.01827136609725155,-0.16799360513687134,-0.12033313512802124,-0.011250873059252875,-0.14508435130119324,-0.10559606552124023,-0.012180974669973033,-0.15708503127098083,0.0013941526412963867,-0.024982444904963153,-0.19058892130851746,-0.050871074199676514,-0.012482641227761881,-0.16841626167297363,-0.06340271234512329,-0.0015556134378860165,-0.1462601125240326,-0.049986422061920166,-0.0011313204516048003,-0.1533498764038086,0.04685020446777344,-0.023283794485251086,-0.18184465169906616,0.0016603469848632812,-0.011777065657297747,-0.16424188017845154,-0.010531961917877197,0.0004912767696803044,-0.14515122771263123,-4.7087669372558594e-05,0.0057022762855192255
0.0,0.0,0.0,-0.0262223482131958,-0.11507439613342285,0.002495798869928123,-0.08671051263809204,-0.18591219186782837,0.001478967145954968,-0.14781710505485535,-0.21808260679244995,0.002590338355799915,-0.1794433891773224,-0.18862932920455933,0.004854405420770647,-0.14528268575668335,-0.1163373589515686,-0.02151882403443217,-0.19787773489952087,-0.15584146976470947,-0.022570777096847294,-0.16502711176872253,-0.16140317916870117,-0.02189640083263278,-0.13626503944396973,-0.15017133951187134,-0.020989886828759907,-0.15902864933013916,-0.04829692840576172,-0.022042596125105618,-0.19862568378448486,-0.10053002834320068,-0.012064045638839005,-0.1715620458126068,-0.11161535978317261,-0.004588638310382365,-0.1488165557384491,-0.09880340099334717,-0.00508905376220703,-0.1605520248413086,0.00852292776107788,-0.019674397417405842,-0.1920706033706665,-0.04198974370956421,-0.005480793182799815,-0.17121976613998413,-0.05431199073791504,0.00530523958702922,-0.14915558695793152,-0.04171687364578247,0.005523818666985036,-0.1554829180240631,0.05431652069091797,-0.01702681125054717,-0.18250814080238342,0.010018229484558105,-0.004390354146311282,-0.16604498028755188,-0.002603590488433838,0.007587015285094978,-0.14708706736564636,0.006164193153381348,0.0127729518627131
0.0,0.0,0.0,-0.022951960563659668,-0.11834841966629028,0.0020488529216429185,-0.08372965455055237,-0.1926189661026001,0.0006956503011217308,-0.14657652378082275,-0.22529000043869019,0.0017113126331871342,-0.1775137484073639,-0.19197607040405273,0.0035560802306910944,-0.14033377170562744,-0.12232571840286255,-0.02519350492098127,-0.19527965784072876,-0.16070258617401123,-0.026520255884907584,-0.162289559841156,-0.16704249382019043,-0.02588455372192655,-0.13319474458694458,-0.15719372034072876,-0.02534921833016668,-0.1554284393787384,-0.05441570281982422,-0.0259595177386025,-0.19697731733322144,-0.10679137706756592,-0.01595531955995355,-0.17015069723129272,-0.11799824237823486,-0.008141677758477073,-0.14773446321487427,-0.10492438077926636,-0.00879419308789764,-0.15841275453567505,0.0023075342178344727,-0.023608617416403632,-0.19119247794151306,-0.048127174377441406,-0.00947909143456016,-0.1702294647693634,-0.061158061027526855,0.0012124254817074132,-0.14819645881652832,-0.04890894889831543,0.0011012838903745603,-0.15446749329566956,0.048162758350372314,-0.020961549064896445,-0.18250471353530884,0.003774106502532959,-0.008409883758805137,-0.1655675172805786,-0.008488059043884277,0.0036184301815858078,-0.14642122387886047,0.0011023879051208496,0.008511283503093381
0.0,0.0,0.0,-0.02060675621032715,-0.11752617359161377,0.0028133524684399447,-0.08096718788146973,-0.1921061873435974,0.002011875585669287,-0.1438715159893036,-0.2268151044845581,0.0037929718019604763,-0.1736566424369812,-0.19210726022720337,0.006285893228852757,-0.13980457186698914,-0.12547624111175537,-0.025559631678259365,-0.1934676468372345,-0.15965557098388672,-0.024135749357736103,-0.16003206372261047,-0.16515660285949707,-0.021387172433531276,-0.13138064742088318,-0.15661466121673584,-0.020016043948924533,-0.1543172299861908,-0.05579960346221924,-0.02608372600654363,-0.19454887509346008,-0.1062975525856018,-0.014355152416026584,-0.16709843277931213,-0.11674386262893677,-0.005487010850554697,-0.1444585621356964,-0.10366940498352051,-0.005741773209518186,-0.15654706954956055,0.002154052257537842,-0.02301447423080205,-0.18865054845809937,-0.04747062921524048,-0.007276456839388601,-0.16779354214668274,-0.05983579158782959,0.0038864975432097992,-0.14580118656158447,-0.0467759370803833,0.0036971864393144926,-0.15224245190620422,0.048578083515167236,-0.019523731934821598,-0.181026428937912,0.004760861396789551,-0.005905844307488195,-0.1644897758960724,-0.006195962429046631,0.006418536380881079,-0.1455528438091278,0.0038313865661621094,0.011257863101565846
0.0,0.0,0.0,-0.01974266767501831,-0.11777955293655396,0.0010092257004679084,-0.07840383052825928,-0.19356542825698853,-0.00024405795491944104,-0.14034578204154968,-0.22409939765930176,0.0005777144403644741,-0.17100751399993896,-0.19373613595962524,0.0018576286681444287,-0.13794410228729248,-0.12881618738174438,-0.022690944052815354,-0.19175389409065247,-0.16236436367034912,-0.02465005931961528,-0.15977221727371216,-0.16769951581954956,-0.025251734681010163,-0.13080918788909912,-0.15939092636108398,-0.025703102029442704,-0.15262669324874878,-0.06092280149459839,-0.02373194289910785,-0.19481241703033447,-0.10862451791763306,-0.01554774554032079,-0.16782918572425842,-0.11955511569976807,-0.009260556339800274,-0.1444089412689209,-0.10629212856292725,-0.010353977471172726,-0.15524759888648987,-0.003704369068145752,-0.022045982680797493,-0.19021075963974,-0.04826235771179199,-0.01046872386294595,-0.16931754350662231,-0.060961782932281494,-0.0011264350316970706,-0.14663249254226685,-0.04903370141983032,-0.0011812536097615123,-0.15066108107566833,0.04254072904586792,-0.02011882667946807,-0.18200749158859253,0.0041405558586120605,-0.009718586369931614,-0.1655467450618744,-0.008117198944091797,0.0013436343003512263,-0.14597567915916443,0.0002766847610473633,0.006089970790267074
0.0,0.0,0.0,-0.020208001136779785,-0.12042230367660522,0.001046844186749496,-0.08060154318809509,-0.1960431933403015,-0.0003444266514627259,-0.14361292123794556,-0.22479021549224854,0.0007143188957350333,-0.17427396774291992,-0.19448989629745483,0.002465654058870115,-0.13706156611442566,-0.13224869966506958,-0.024164090970042906,-0.19293037056922913,-0.16379481554031372,-0.02577141031015273,-0.16023898124694824,-0.16780000925064087,-0.026119089791063033,-0.13110077381134033,-0.15995830297470093,-0.026449983113888464,-0.15154176950454712,-0.06353974342346191,-0.024612001249078475,-0.1945520043373108,-0.11102300882339478,-0.01493396713722106,-0.16824078559875488,-0.12275165319442749,-0.007858120942000113,-0.14506015181541443,-0.11157959699630737,-0.008851881244662962,-0.15377014875411987,-0.007537841796875,-0.022132565373066626,-0.1875545084476471,-0.05481886863708496,-0.008748022013786994,-0.1675565540790558,-0.06803494691848755,0.0007551908018292863,-0.14573603868484497,-0.05713540315628052,0.0003363561516387392,-0.14924675226211548,0.03730231523513794,-0.01945553637433406,-0.17822396755218506,-0.004496395587921143,-0.00791878636318799,-0.16199728846549988,-0.01620626449584961,0.003043459855508246,-0.14340943098068237,-0.008029639720916748,0.007472467037406005
0.0,0.0,0.0,-0.010873973369598389,-0.11691862344741821,-0.0012388633133504356,-0.06608718633651733,-0.2045499086380005,-0.003944775186258909,-0.13257849216461182,-0.23443222045898438,-0.0037016189692202772,-0.16563546657562256,-0.2034909427165985,-0.003059997319954988,-0.11982715129852295,-0.14464783668518066,-0.028335149030912277,-0.1852778196334839,-0.17343708872795105,-0.034001513015258666,-0.15338265895843506,-0.17371699213981628,-0.036894897561300155,-0.12326985597610474,-0.16571298241615295,-0.03856470678352153,-0.13926029205322266,-0.07655537128448486,-0.029488957118022796,-0.19534513354301453,-0.12161678075790405,-0.024567811380851623,-0.16811984777450562,-0.12911951541900635,-0.01852673907183444,-0.1437894105911255,-0.11600029468536377,-0.019238073941099998,-0.14889639616012573,-0.01987701654434204,-0.028010001968372222,-0.1951870322227478,-0.06520813703536987,-0.020414239357936736,-0.1725839376449585,-0.0743224024772644,-0.009698154967058059,-0.14943140745162964,-0.06207484006881714,-0.00771910101525819,-0.1512432098388672,0.026693224906921387,-0.026365029256570693,-0.19066905975341797,-0.016743898391723633,-0.01915160436533725,-0.17210793495178223,-0.02419179677963257,-0.00690822825186288,-0.15291202068328857,-0.012202918529510498,-0.0007798114477317597
0.0,0.0,0.0,-0.010954141616821289,-0.11841964721679688,-0.0020212872123450687,-0.06711745262145996,-0.20895788073539734,-0.00620631954466111,-0.13380295038223267,-0.24009975790977478,-0.006687574431496923,-0.1656433343887329,-0.20452794432640076,-0.006768917076486414,-0.11705917119979858,-0.14595025777816772,-0.03557492454369671,-0.18520283699035645,-0.17581936717033386,-0.041140850976306265,-0.1523582935333252,-0.17559251189231873,-0.04313475300391323,-0.12213826179504395,-0.1675499677658081,-0.04431124438365108,-0.13684886693954468,-0.07669997215270996,-0.036174863919812505,-0.1945171058177948,-0.12386047840118408,-0.030262014240223234,-0.16661661863327026,-0.1318790316581726,-0.022583641454774206,-0.14204728603363037,-0.11888527870178223,-0.022875696763593023,-0.14701658487319946,-0.020199835300445557,-0.03360118006189472,-0.1939603090286255,-0.06834226846694946,-0.024369307205277746,-0.17037415504455566,-0.07800096273422241,-0.01247683946807987,-0.14650708436965942,-0.06528520584106445,-0.01055618130435354,-0.15004199743270874,0.025449812412261963,-0.030953910544711416,-0.1878596842288971,-0.019909322261810303,-0.022976622328358953,-0.168526291847229,-0.027283549308776855,-0.010658375330466097,-0.1492050290107727,-0.01463097333908081,-0.005031917121458118
0.0,0.0,0.0,-0.007755935192108154,-0.11565005779266357,-0.0025838122922784423,-0.06262999773025513,-0.20473241806030273,-0.00604631851761106,-0.12553220987319946,-0.23540738224983215,-0.006069060017899308,-0.15602946281433105,-0.20366913080215454,-0.00569451886563066,-0.11406970024108887,-0.14751547574996948,-0.03257064062504533,-0.17871463298797607,-0.17405903339385986,-0.03868619266299966,-0.14609295129776,-0.17299717664718628,-0.04167462426571611,-0.11623334884643555,-0.16577649116516113,-0.0436284943237758,-0.1332453489303589,-0.07880395650863647,-0.033117502064988646,-0.18825995922088623,-0.12110835313796997,-0.02804704296736482,-0.16013455390930176,-0.12795251607894897,-0.02114203485994104,-0.13582932949066162,-0.1152184009552002,-0.021710104377553496,-0.14246731996536255,-0.021855950355529785,-0.0310208639815307,-0.18765389919281006,-0.06512153148651123,-0.02307115408925775,-0.16448795795440674,-0.07416296005249023,-0.011921556735024486,-0.1410970687866211,-0.06234872341156006,-0.01001156780271295,-0.14453965425491333,0.02399158477783203,-0.028924663619682822,-0.18259140849113464,-0.01741260290145874,-0.021632672356054816,-0.1638336181640625,-0.024437904357910156,-0.00963398634789947,-0.14497995376586914,-0.012642145156860352,-0.004022622083858285
0.0,0.0,0.0,-0.008718669414520264,-0.11506050825119019,-0.0024592612547245096,-0.06370759010314941,-0.20464205741882324,-0.004922498171534784,-0.12796509265899658,-0.23818367719650269,-0.00360713565288151,-0.15793341398239136,-0.20778760313987732,-0.0016624154898714494,-0.1188703179359436,-0.14584410190582275,-0.031585472789910085,-0.18242359161376953,-0.17592081427574158,-0.03393923413505817,-0.1518641710281372,-0.17711594700813293,-0.03342685770740772,-0.1222151517868042,-0.17043250799179077,-0.03323164877047802,-0.13767290115356445,-0.07626819610595703,-0.030824910071995504,-0.1899394989013672,-0.12228959798812866,-0.0224220502798822,-0.16374951601028442,-0.1314334273338318,-0.014440653999653108,-0.13935595750808716,-0.11973744630813599,-0.014699776810910947,-0.14494013786315918,-0.0202561616897583,-0.027056536791231878,-0.18789830803871155,-0.06700873374938965,-0.01589990888288284,-0.16656368970870972,-0.07767993211746216,-0.005664291945603139,-0.14311754703521729,-0.06564199924468994,-0.005086150640007503,-0.14465022087097168,0.025875866413116455,-0.023224412617590673,-0.17962193489074707,-0.014666378498077393,-0.0140299584393766,-0.16214227676391602,-0.024224042892456055,-0.0033881924257990192,-0.1425635814666748,-0.014764726161956787,0.0010077810936230946
0.0,0.0,0.0,-0.008806228637695312,-0.11617487668991089,-0.0031627620834697723,-0.06279444694519043,-0.2052537500858307,-0.00690614891087904,-0.1273021101951599,-0.2323407530784607,-0.007077583976446533,-0.1564156413078308,-0.19886836409568787,-0.006771233797429943,-0.11604279279708862,-0.14544785022735596,-0.032941416304915094,-0.18099606037139893,-0.17518436908721924,-0.038150839906542444,-0.1503148078918457,-0.17485174536705017,-0.03970190177521005,-0.11996477842330933,-0.16843938827514648,-0.040479883950560236,-0.1360113024711609,-0.07489675283432007,-0.032840341728537226,-0.18957826495170593,-0.12056505680084229,-0.02686613092979684,-0.1632692813873291,-0.1279335618019104,-0.01941208953818574,-0.13836157321929932,-0.11562788486480713,-0.019421250027029657,-0.1438840627670288,-0.018531084060668945,-0.03003542910179391,-0.18874230980873108,-0.0644492506980896,-0.020808689695208216,-0.16715162992477417,-0.07426351308822632,-0.010234804291634703,-0.14326560497283936,-0.06281131505966187,-0.008680452991633558,-0.14344030618667603,0.026675403118133545,-0.027272068363039637,-0.18068891763687134,-0.013238131999969482,-0.018483536716907167,-0.16351979970932007,-0.0219576358795166,-0.006977867268382454,-0.14441901445388794,-0.012346923351287842,-0.0017456937845636844
0.0,0.0,0.0,-0.009702563285827637,-0.1163564920425415,-0.0017368857032966645,-0.06442540884017944,-0.2058943808078766,-0.00467190386088312,-0.12987422943115234,-0.23627784848213196,-0.00439176435874522,-0.1617962121963501,-0.2036227583885193,-0.0037044750742030175,-0.11619764566421509,-0.1472209095954895,-0.029939407550857666,-0.1846652626991272,-0.17647653818130493,-0.034356802770064476,-0.15415877103805542,-0.17619076371192932,-0.03552670038597405,-0.12344801425933838,-0.16930824518203735,-0.03599614656822503,-0.13597464561462402,-0.07754409313201904,-0.03040537058667958,-0.19304829835891724,-0.12227249145507812,-0.02445638186590493,-0.16600996255874634,-0.12939846515655518,-0.017771205001638535,-0.14074772596359253,-0.1167415976524353,-0.018084809252188805,-0.14500778913497925,-0.021156489849090576,-0.028023535453842285,-0.1912960410118103,-0.06623446941375732,-0.0191732794727546,-0.16835284233093262,-0.07531416416168213,-0.008913709850178364,-0.14422613382339478,-0.06339722871780396,-0.007384433944837454,-0.1464659571647644,0.025078773498535156,-0.025521941551135185,-0.18397337198257446,-0.01582413911819458,-0.017542153664992455,-0.1651340126991272,-0.023662865161895752,-0.006208549787418249,-0.14515870809555054,-0.013036370277404785,-0.0008109919243839414
0.0,0.0,0.0,-0.012013554573059082,-0.11741632223129272,-0.000698605105572625,-0.06793814897537231,-0.2053748369216919,-0.003375438817602827,-0.13343405723571777,-0.23618662357330322,-0.0030969414699946185,-0.1649598479270935,-0.2020277976989746,-0.0023693440787617703,-0.123249351978302,-0.14687836170196533,-0.028503458558407857,-0.1878374218940735,-0.1756623089313507,-0.03279539345094307,-0.1550232172012329,-0.17608535289764404,-0.03460326565691574,-0.12485545873641968,-0.16802531480789185,-0.035825984163967206,-0.14121806621551514,-0.07764089107513428,-0.02953336721548183,-0.19625258445739746,-0.12207353115081787,-0.02331330588349445,-0.16742897033691406,-0.1294829249382019,-0.016662790982810094,-0.14234673976898193,-0.11620688438415527,-0.017315774767485692,-0.1491122841835022,-0.020253658294677734,-0.027659659816709592,-0.19413787126541138,-0.06482201814651489,-0.018746792881575658,-0.1702297329902649,-0.07436466217041016,-0.007902228816238477,-0.14621150493621826,-0.061545610427856445,-0.006275466254738404,-0.1498529314994812,0.02736002206802368,-0.025605646504846646,-0.1868516206741333,-0.01431494951248169,-0.017925511657086446,-0.16746145486831665,-0.022264599800109863,-0.006135329215613439,-0.14763164520263672,-0.010792851448059082,-0.0005191798743915399
0.0,0.0,0.0,-0.009938716888427734,-0.11657541990280151,-0.0017425018564392047,-0.06510764360427856,-0.20329546928405762,-0.005247543912060948,-0.12964653968811035,-0.23147085309028625,-0.005259844820626469,-0.15948182344436646,-0.19697874784469604,-0.0048912799653191286,-0.11732453107833862,-0.14226150512695312,-0.03431952360240409,-0.18206340074539185,-0.1700286865234375,-0.04017611208526084,-0.1491703987121582,-0.17065727710723877,-0.042148601144232245,-0.11894470453262329,-0.16356933116912842,-0.04319495695797393,-0.13552957773208618,-0.07322120666503906,-0.034935042142548056,-0.19119030237197876,-0.11808931827545166,-0.029900522783078642,-0.16317105293273926,-0.1260281801223755,-0.022143043458141776,-0.1384979486465454,-0.11389517784118652,-0.021820144608296843,-0.14365196228027344,-0.016708552837371826,-0.032536048322596045,-0.18965443968772888,-0.06165117025375366,-0.024338537707604857,-0.16680121421813965,-0.07187908887863159,-0.012492751583137007,-0.143038809299469,-0.06065279245376587,-0.009968111171998473,-0.14440643787384033,0.029060721397399902,-0.02996738056806514,-0.18371325731277466,-0.01327669620513916,-0.02239797624913642,-0.16495907306671143,-0.02180337905883789,-0.009881200149335356,-0.14528954029083252,-0.010825812816619873,-0.003757499970175715
0.0,0.0,0.0,-0.009790778160095215,-0.11577701568603516,-0.0009829579757107965,-0.06570839881896973,-0.20285996794700623,-0.003125771381664144,-0.13019436597824097,-0.23140990734100342,-0.0021280916079460255,-0.1593889594078064,-0.2001190483570099,-0.0007202705272986165,-0.11918884515762329,-0.144603431224823,-0.030335342711540925,-0.18477553129196167,-0.17374002933502197,-0.03439754081401514,-0.1531010866165161,-0.17499062418937683,-0.035333657837244736,-0.1224563717842102,-0.16763675212860107,-0.03582012114557909,-0.1375907063484192,-0.0746757984161377,-0.030777478790613877,-0.19316279888153076,-0.1194717288017273,-0.02416900937888311,-0.16559654474258423,-0.1281977891921997,-0.016740929535361992,-0.13985085487365723,-0.11519819498062134,-0.016851026764842736,-0.14495956897735596,-0.017644047737121582,-0.028296284577581154,-0.19177573919296265,-0.06298530101776123,-0.018686397201153504,-0.16876232624053955,-0.0738060474395752,-0.008120577051076161,-0.14381003379821777,-0.061728477478027344,-0.006817624172898995,-0.14465343952178955,0.02923882007598877,-0.025626315003964173,-0.18264532089233398,-0.009499132633209229,-0.017755989185306298,-0.16369587182998657,-0.019977867603302002,-0.006937769441637265,-0.14292657375335693,-0.010599792003631592,-0.002099150293278562
0.0,0.0,0.0,-0.011735200881958008,-0.11554282903671265,-0.0023518416546535192,-0.06717073917388916,-0.20564419031143188,-0.006137059533993572,-0.13378363847732544,-0.2358837127685547,-0.0067804702539246975,-0.1653692126274109,-0.1998821198940277,-0.006986872756878704,-0.11967039108276367,-0.14548474550247192,-0.030758694743762582,-0.18616622686386108,-0.17353689670562744,-0.036924355661521524,-0.15381133556365967,-0.17327940464019775,-0.04012541193331298,-0.12364447116851807,-0.16578388214111328,-0.04209212306703147,-0.13884872198104858,-0.0769684910774231,-0.03194929007257041,-0.19596785306930542,-0.12110185623168945,-0.027692451139937013,-0.16805505752563477,-0.12853127717971802,-0.021660233845959276,-0.14318209886550903,-0.11521506309509277,-0.022309673016915887,-0.14787352085113525,-0.020283043384552002,-0.030421593224654764,-0.1948307752609253,-0.06345641613006592,-0.02303681056762752,-0.17139428853988647,-0.07268285751342773,-0.011985166927824586,-0.14747512340545654,-0.06058579683303833,-0.009803890248785585,-0.14961743354797363,0.02640986442565918,-0.02893762755955276,-0.18873631954193115,-0.014150023460388184,-0.021725921889792055,-0.16993486881256104,-0.021560251712799072,-0.009384100323567957,-0.1503458023071289,-0.010003924369812012,-0.003284540258372992
0.0,0.0,0.0,-0.00849086046218872,-0.10583853721618652,0.008175031975056868,-0.050361812114715576,-0.20186060667037964,0.009788380697514754,-0.09985935688018799,-0.2487541139125824,0.010685564711835127,-0.13227450847625732,-0.2451488971710205,0.010824746213998537,-0.10409867763519287,-0.19348955154418945,-0.008622948318574686,-0.16810494661331177,-0.1937500536441803,-0.013292560592148561,-0.14717847108840942,-0.1711708903312683,-0.016978640347574014,-0.1198965311050415,-0.1638929545879364,-0.019368462502811212,-0.1245306134223938,-0.1310790777206421,-0.016924819215986986,-0.1821867823600769,-0.13781297206878662,-0.01401018747672822,-0.16067183017730713,-0.1207427978515625,-0.009069165453169603,-0.1348147988319397,-0.11127257347106934,-0.009216720476601381,-0.13680744171142578,-0.06951513886451721,-0.02333313623056199,-0.18556416034698486,-0.0835384726524353,-0.02150446014091756,-0.16578823328018188,-0.07215824723243713,-0.012622788786742944,-0.14069205522537231,-0.061593711376190186,-0.009695188380632658,-0.14315366744995117,-0.01114577054977417,-0.0287716633228996,-0.18167239427566528,-0.03498727083206177,-0.02586447471365716,-0.16389119625091553,-0.025301754474639893,-0.014063382759545107,-0.1425405740737915,-0.013984739780426025,-0.0062125024905839155
0.0,0.0,0.0,-0.005491435527801514,-0.10979405045509338,0.00819549792208818,-0.04579508304595947,-0.20832374691963196,0.008997709385539565,-0.0969359278678894,-0.2567247450351715,0.009907459735359225,-0.13071441650390625,-0.24658909440040588,0.010048241249705825,-0.09748440980911255,-0.19905921816825867,-0.01205694872191998,-0.16358810663223267,-0.20369192957878113,-0.015004267089580026,-0.14336222410202026,-0.1815904676914215,-0.01735574390045258,-0.11628443002700806,-0.17369896173477173,-0.01900568428686711,-0.11927962303161621,-0.1355377733707428,-0.019493704766546216,-0.17830973863601685,-0.14670372009277344,-0.013459689088676896,-0.15788483619689941,-0.13082724809646606,-0.007111274276439872,-0.1324021816253662,-0.12144967913627625,-0.007234742969785657,-0.1331843137741089,-0.07413378357887268,-0.024420425400649037,-0.18163442611694336,-0.09292849898338318,-0.019370732933793988,-0.16338872909545898,-0.08340626955032349,-0.010515106015418496,-0.1389738917350769,-0.0721832811832428,-0.008552686416123834,-0.1407381296157837,-0.01699286699295044,-0.028232080966745343,-0.17787647247314453,-0.04480460286140442,-0.022180009738121953,-0.16157746315002441,-0.03546631336212158,-0.009649572067473855,-0.14125102758407593,-0.021995723247528076,-0.002029208105568614
0.0,0.0,0.0,-0.004251360893249512,-0.10733175277709961,0.007907415410357999,-0.045977115631103516,-0.2065759301185608,0.009515526374656247,-0.09712415933609009,-0.2560705244541168,0.010865261448401498,-0.130848228931427,-0.24710655212402344,0.011269049389142083,-0.1002657413482666,-0.19999030232429504,-0.011464489022415592,-0.16538208723068237,-0.20520171523094177,-0.015581957394402934,-0.14600801467895508,-0.18275555968284607,-0.01874567508153291,-0.11928355693817139,-0.17479893565177917,-0.02094795494727464,-0.12254530191421509,-0.13751721382141113,-0.01909405677966447,-0.17992985248565674,-0.14770790934562683,-0.01488157580993743,-0.15905171632766724,-0.13154450058937073,-0.008809968227666332,-0.13315719366073608,-0.12316986918449402,-0.008670266116183711,-0.13620084524154663,-0.0759003758430481,-0.024436201298755122,-0.1830209493637085,-0.09340032935142517,-0.021353247905295802,-0.16413193941116333,-0.08375084400177002,-0.012269183391850902,-0.13933873176574707,-0.07273796200752258,-0.0095705607479033,-0.14316457509994507,-0.01783815026283264,-0.028785948971432163,-0.17890387773513794,-0.045385539531707764,-0.024305046865862323,-0.16218078136444092,-0.036573171615600586,-0.011941279614489986,-0.14141368865966797,-0.023104488849639893,-0.004080112422030879
0.0,0.0,0.0,-0.004254758358001709,-0.10738253593444824,0.007118101489481887,-0.043391644954681396,-0.20338037610054016,0.00717559389465805,-0.09660804271697998,-0.2511315941810608,0.007019772452053985,-0.13036024570465088,-0.24328851699829102,0.005869789772418699,-0.0949065089225769,-0.19764840602874756,-0.012069227381857672,-0.16277283430099487,-0.20430150628089905,-0.018245998046609202,-0.14407765865325928,-0.18121391534805298,-0.022887588686558047,-0.11747384071350098,-0.17340901494026184,-0.025649967811318675,-0.1171039342880249,-0.13442334532737732,-0.0195334341593707,-0.17756164073944092,-0.14593595266342163,-0.016413030422540942,-0.15736228227615356,-0.12917619943618774,-0.010871724433513918,-0.13120824098587036,-0.12062317132949829,-0.010995030611070433,-0.13144224882125854,-0.07328659296035767,-0.024962577245446482,-0.1808537244796753,-0.09036731719970703,-0.02221057305416707,-0.16281884908676147,-0.08002975583076477,-0.013001700139852801,-0.13802778720855713,-0.06939634680747986,-0.010140575676473418,-0.1397254467010498,-0.015454649925231934,-0.029466823882671633,-0.17817378044128418,-0.0405806303024292,-0.024678413964124957,-0.16176718473434448,-0.03193536400794983,-0.01224020516804103,-0.14095008373260498,-0.01919466257095337,-0.004316870331081191
0.0,0.0,0.0,-0.00571829080581665,-0.10741013288497925,0.008301845427084231,-0.04447829723358154,-0.20060747861862183,0.008853309463191295,-0.09550905227661133,-0.24450957775115967,0.008935721266496444,-0.12823349237442017,-0.2410823404788971,0.008175435151386523,-0.09969305992126465,-0.1935918629169464,-0.010519392181706166,-0.1630900502204895,-0.19728291034698486,-0.01514077591575358,-0.1426435112953186,-0.17628103494644165,-0.01867921124078009,-0.11567854881286621,-0.16820937395095825,-0.02088878336228106,-0.1215241551399231,-0.12995421886444092,-0.018548710596334672,-0.17661118507385254,-0.1402413547039032,-0.014664357852709031,-0.1561211347579956,-0.12533092498779297,-0.009726891618740297,-0.13025450706481934,-0.11628806591033936,-0.010359694574546552,-0.13482671976089478,-0.06840133666992188,-0.024336845007312036,-0.17966985702514648,-0.08613786101341248,-0.021833988231193757,-0.1620885729789734,-0.07692226767539978,-0.013366064381372667,-0.13781458139419556,-0.06636136770248413,-0.010957568277191854,-0.14170324802398682,-0.010938525199890137,-0.028954109501611924,-0.17698776721954346,-0.03836929798126221,-0.024753673326742387,-0.16081887483596802,-0.02920311689376831,-0.012253876168799138,-0.14041590690612793,-0.0165826678276062,-0.00409248550288055
0.0,0.0,0.0,-0.0052678585052490234,-0.11037325859069824,0.006392668578627081,-0.04605525732040405,-0.21025165915489197,0.006976596657040091,-0.09910213947296143,-0.2574597895145416,0.007711680717619629,-0.13415539264678955,-0.24553412199020386,0.007704524434956284,-0.09967958927154541,-0.19607055187225342,-0.012483936157224207,-0.16499555110931396,-0.20356357097625732,-0.01728996669888261,-0.1432892084121704,-0.18260791897773743,-0.021299500372407465,-0.1155821681022644,-0.17419132590293884,-0.023892969247100382,-0.1206965446472168,-0.133355975151062,-0.019544396903512506,-0.17867249250411987,-0.14685571193695068,-0.015269102882740526,-0.15756094455718994,-0.1324266493320465,-0.010064080711600809,-0.13227754831314087,-0.12261396646499634,-0.01067664602786067,-0.13341718912124634,-0.07297706604003906,-0.024487905558345346,-0.18131744861602783,-0.09354877471923828,-0.02062240650892022,-0.16341513395309448,-0.08459421992301941,-0.011706092748937635,-0.13938367366790771,-0.07305803894996643,-0.009360171277222662,-0.1401364803314209,-0.01650369167327881,-0.028615463879106073,-0.17922461032867432,-0.04560694098472595,-0.023252969961760073,-0.16334384679794312,-0.037608563899993896,-0.010547352377471952,-0.14321672916412354,-0.024393975734710693,-0.0026581714676296997
0.0,0.0,0.0,-0.005261361598968506,-0.10841813683509827,0.0059532700887530154,-0.045759618282318115,-0.2065923810005188,0.005899798203131468,-0.09998655319213867,-0.25274911522865295,0.006131582971534044,-0.13596665859222412,-0.24050602316856384,0.005670020900538475,-0.09921371936798096,-0.19170978665351868,-0.012054505679884642,-0.16394281387329102,-0.19840818643569946,-0.016317072246351927,-0.1440085768699646,-0.1764976978302002,-0.019917474050203055,-0.11701387166976929,-0.16803574562072754,-0.02243569764880249,-0.12177568674087524,-0.12946349382400513,-0.018830223862210005,-0.17869919538497925,-0.1412980854511261,-0.01474711849925825,-0.15697753429412842,-0.12499704957008362,-0.009840366352477758,-0.13081306219100952,-0.11537736654281616,-0.010370917540171831,-0.13518846035003662,-0.07018589973449707,-0.023437286649027556,-0.18166989088058472,-0.0874871015548706,-0.020026803869882315,-0.16202569007873535,-0.07719403505325317,-0.011620666753628939,-0.13701480627059937,-0.06648457050323486,-0.009429550651589125,-0.14181017875671387,-0.014482647180557251,-0.027134078476706236,-0.17889642715454102,-0.04026973247528076,-0.02210537429539272,-0.16139376163482666,-0.03122219443321228,-0.009816347543278425,-0.14019447565078735,-0.01901116967201233,-0.0020735500530690842
0.0,0.0,0.0,-0.0015071630477905273,-0.10712134838104248,0.00532864451245274,-0.04217904806137085,-0.20949622988700867,0.0055801528303405235,-0.09557145833969116,-0.2569005638360977,0.0061538009701749274,-0.13010716438293457,-0.24243932962417603,0.005901019068666358,-0.09742790460586548,-0.19742736220359802,-0.014230940976879936,-0.16196012496948242,-0.2033671736717224,-0.01987790458067451,-0.14001524448394775,-0.18173563480377197,-0.02467115365131889,-0.11214476823806763,-0.1738647222518921,-0.02806509055360351,-0.11983519792556763,-0.1350196897983551,-0.021434003041825633,-0.1759425401687622,-0.14740726351737976,-0.018085704670987468,-0.15320682525634766,-0.1320224106311798,-0.013007128165803294,-0.12721312046051025,-0.12324386835098267,-0.013488609829686027,-0.13315027952194214,-0.07489687204360962,-0.026652741731844287,-0.17861849069595337,-0.09393590688705444,-0.024001178817592006,-0.15889257192611694,-0.08435121178627014,-0.0153338383154491,-0.13447189331054688,-0.07354366779327393,-0.012817638480804305,-0.13965827226638794,-0.018462002277374268,-0.031166003571591716,-0.17530953884124756,-0.04762876033782959,-0.026893671156607013,-0.15851056575775146,-0.03763115406036377,-0.014504240380368572,-0.1388809084892273,-0.023656129837036133,-0.006678169147811275
0.0,0.0,0.0,-0.0042070746421813965,-0.10819140076637268,0.0052779349392864106,-0.043358445167541504,-0.20661091804504395,0.005583241571358144,-0.0952533483505249,-0.25228647887706757,0.0064306650205168125,-0.12995439767837524,-0.23865076899528503,0.0067100729687723515,-0.09875059127807617,-0.19360342621803284,-0.013074514000990689,-0.16183960437774658,-0.1996854841709137,-0.017566776379325688,-0.14011752605438232,-0.17851120233535767,-0.021609208091476262,-0.11281895637512207,-0.1705348789691925,-0.02431992116508752,-0.12053322792053223,-0.13135263323783875,-0.01931780438063413,-0.17534738779067993,-0.1441492736339569,-0.014676061003783047,-0.15448004007339478,-0.1297774612903595,-0.009687277964630425,-0.12951797246932983,-0.12055382132530212,-0.010432159073033631,-0.13357216119766235,-0.07220786809921265,-0.02347521717784673,-0.17747491598129272,-0.09103047847747803,-0.0192791209661749,-0.15965604782104492,-0.08262133598327637,-0.01118321112481624,-0.13601571321487427,-0.07164132595062256,-0.009384075655916035,-0.14016270637512207,-0.017230570316314697,-0.02691643918988973,-0.1743689775466919,-0.043862760066986084,-0.021464609085896313,-0.15833425521850586,-0.03544461727142334,-0.009471120789029897,-0.13881105184555054,-0.02249675989151001,-0.0020222163399097326
0.0,0.0,0.0,-0.00581282377243042,-0.10822734236717224,0.006720235621600068,-0.0469512939453125,-0.20504310727119446,0.006325491754381574,-0.10119694471359253,-0.2503502070903778,0.005932206338314927,-0.1341598629951477,-0.23627501726150513,0.004398590004115022,-0.09870260953903198,-0.1972445547580719,-0.013799959277690732,-0.1659708023071289,-0.19875529408454895,-0.019003021014810884,-0.1457887887954712,-0.17643412947654724,-0.02325654816436895,-0.11837804317474365,-0.16900253295898438,-0.02616763901519903,-0.11952602863311768,-0.13321521878242493,-0.021564646108032548,-0.1783771514892578,-0.14056459069252014,-0.017460884941698396,-0.157881498336792,-0.1253456175327301,-0.012199118217409932,-0.13154488801956177,-0.11713865399360657,-0.012906264929057443,-0.13227474689483643,-0.07104524970054626,-0.027016640124799096,-0.17997699975967407,-0.08569827675819397,-0.023564165873409593,-0.16191619634628296,-0.07686731219291687,-0.01522819739389547,-0.13707417249679565,-0.06728661060333252,-0.013319035476030194,-0.13884186744689941,-0.012820631265640259,-0.031587524754883134,-0.17481374740600586,-0.03675466775894165,-0.026637791139961564,-0.15907585620880127,-0.028758138418197632,-0.014538187017620885,-0.13930487632751465,-0.017127007246017456,-0.007064047684849584
0.0,0.0,0.0,-0.007287919521331787,-0.10798400640487671,0.013257028571217688,-0.045915424823760986,-0.1922614425420761,0.014444719104915293,-0.09419852495193481,-0.22941288352012634,0.013216778672187957,-0.12453693151473999,-0.22794385254383087,0.009959365277438792,-0.10089915990829468,-0.19856923818588257,-0.004439224918485252,-0.15970775485038757,-0.19225995242595673,-0.007120604124963847,-0.1405021846294403,-0.16699770092964172,-0.010152071678191987,-0.11402896046638489,-0.15706917643547058,-0.012314314917773572,-0.1239396333694458,-0.1355379819869995,-0.014594984204620687,-0.16956579685211182,-0.13126835227012634,-0.008407590874583093,-0.14817887544631958,-0.11322754621505737,-0.0036778736031806147,-0.12178528308868408,-0.10392594337463379,-0.005161351488084165,-0.13646382093429565,-0.07089078426361084,-0.022092075050920812,-0.1717711091041565,-0.07727771997451782,-0.017465363220424024,-0.1518521010875702,-0.06561923027038574,-0.009982666895837156,-0.12753570079803467,-0.05454307794570923,-0.009053569250852433,-0.1425066888332367,-0.010588079690933228,-0.028069638610929815,-0.16951650381088257,-0.029192090034484863,-0.02221213743194994,-0.1516297161579132,-0.02029728889465332,-0.009921776094586221,-0.13167804479599,-0.009419739246368408,-0.002128826650903193
0.0,0.0,0.0,-0.006674826145172119,-0.10725757479667664,0.013011438092831895,-0.043955087661743164,-0.19211578369140625,0.013665491035823152,-0.0913037657737732,-0.2351285219192505,0.012302455744389817,-0.12084373831748962,-0.23648734390735626,0.009041673755888269,-0.09834104776382446,-0.19533690810203552,-0.009003661320861056,-0.15754863619804382,-0.19570332765579224,-0.011410956018920615,-0.13967296481132507,-0.1718517541885376,-0.013427939013894274,-0.11465132236480713,-0.16123712062835693,-0.015045276590939238,-0.12187528610229492,-0.13272958993911743,-0.018935264767463877,-0.1684911549091339,-0.13404318690299988,-0.012470277705546096,-0.14783000946044922,-0.11720272898674011,-0.006574271460380032,-0.12223473191261292,-0.10736715793609619,-0.0074381169204968955,-0.13491034507751465,-0.07006001472473145,-0.025811075912173465,-0.1700095534324646,-0.07950454950332642,-0.01999991175657101,-0.15093320608139038,-0.06937417387962341,-0.011365648106988147,-0.12732189893722534,-0.05820852518081665,-0.010126524352784827,-0.14099764823913574,-0.011749863624572754,-0.031227243812139704,-0.16763418912887573,-0.030801773071289062,-0.024292045952137187,-0.15030306577682495,-0.023739278316497803,-0.011602911846097186,-0.13069817423820496,-0.013846129179000854,-0.0039146572624702
0.0,0.0,0.0,-0.0049399733543396,-0.10866150259971619,0.013120300580524713,-0.041602253913879395,-0.19362443685531616,0.014954877530001909,-0.08816391229629517,-0.23485353589057922,0.014318250563704282,-0.11842763423919678,-0.2282589077949524,0.011768060249053747,-0.09844982624053955,-0.19774359464645386,-0.0027181587864077983,-0.15679383277893066,-0.1963420808315277,-0.0039445781365401444,-0.13827446103096008,-0.17124199867248535,-0.005889991785622328,-0.11303022503852844,-0.16023916006088257,-0.007421711015737742,-0.1214582622051239,-0.13488006591796875,-0.01217691183391878,-0.16680419445037842,-0.1343470811843872,-0.005217438119686335,-0.1455489695072174,-0.11745691299438477,-0.00043186780366966104,-0.11961138248443604,-0.10751521587371826,-0.0017823929882041512,-0.13436642289161682,-0.07184907793998718,-0.018965764458513945,-0.16941308975219727,-0.0800115168094635,-0.013057876865602225,-0.150142639875412,-0.07051879167556763,-0.0059226039082176385,-0.12632626295089722,-0.058964312076568604,-0.005331983345783442,-0.14082658290863037,-0.013776421546936035,-0.024341770003772467,-0.167091965675354,-0.03188145160675049,-0.016685789938307494,-0.14940565824508667,-0.02516317367553711,-0.0046096686490244565,-0.1292446255683899,-0.015234768390655518,0.0026584958906852307
0.0,0.0,0.0,-0.004788994789123535,-0.10880839824676514,0.012459119021656306,-0.04187273979187012,-0.19727826118469238,0.013530333697559627,-0.0931282639503479,-0.23906061053276062,0.012739781461419852,-0.12559866905212402,-0.2338484823703766,0.010217783212425502,-0.09765845537185669,-0.19969645142555237,-0.006249407135186402,-0.15781950950622559,-0.20225253701210022,-0.0074863576481618566,-0.13906905055046082,-0.1769089698791504,-0.009165872648594586,-0.11279386281967163,-0.16465166211128235,-0.010642054319617955,-0.12263244390487671,-0.13717642426490784,-0.01544284524047157,-0.16852432489395142,-0.13925614953041077,-0.007627434391764609,-0.14716315269470215,-0.12195479869842529,-0.0020175395219155234,-0.1211327612400055,-0.11131730675697327,-0.0032389301958062333,-0.13666567206382751,-0.07411381602287292,-0.02174696681672117,-0.17203941941261292,-0.0851905345916748,-0.01535162126296541,-0.15235459804534912,-0.07453969120979309,-0.007592856712875573,-0.1286691129207611,-0.06148427724838257,-0.007024832830069272,-0.14362135529518127,-0.014995157718658447,-0.02659286914044401,-0.16969802975654602,-0.03457123041152954,-0.01919591782265684,-0.1512748897075653,-0.026402592658996582,-0.0068582248094060105,-0.13108307123184204,-0.014737069606781006,0.0004643806570641118
0.0,0.0,0.0,-0.0074669718742370605,-0.11116546392440796,0.010588902294273339,-0.046849608421325684,-0.20093297958374023,0.010282079934711419,-0.09788185358047485,-0.23947608470916748,0.00851290418171402,-0.1301897168159485,-0.22760547697544098,0.00501676487141367,-0.10102307796478271,-0.19895139336585999,-0.00989145947283987,-0.16249442100524902,-0.19670990109443665,-0.013569587596123256,-0.1422041654586792,-0.17262113094329834,-0.016805029228692092,-0.11538925766944885,-0.16312327980995178,-0.01901920767164711,-0.12382003664970398,-0.13232749700546265,-0.01900164665318016,-0.17169246077537537,-0.13390874862670898,-0.013108807370429076,-0.1492292284965515,-0.11829602718353271,-0.007707628175978698,-0.12247511744499207,-0.1090923547744751,-0.00879616638309244,-0.1362936794757843,-0.06741267442703247,-0.025443124339346923,-0.17320498824119568,-0.07808607816696167,-0.02026882836258892,-0.15293115377426147,-0.06906282901763916,-0.012370666243498363,-0.12848278880119324,-0.05763602256774902,-0.011379727848236598,-0.14200153946876526,-0.007857143878936768,-0.030620927676920928,-0.1699678599834442,-0.026932984590530396,-0.023845064208273925,-0.15143495798110962,-0.020087361335754395,-0.011437876835827865,-0.13084131479263306,-0.009621679782867432,-0.0039619065228748696
0.0,0.0,0.0,-0.007073700428009033,-0.1114686131477356,0.014385235756776638,-0.05219191312789917,-0.1971113681793213,0.017865185886762447,-0.10528737306594849,-0.23569583892822266,0.019789378419659442,-0.1361696422100067,-0.22568565607070923,0.020181981176278896,-0.11253625154495239,-0.18652129173278809,-0.006136909331985407,-0.1668376326560974,-0.1878901720046997,-0.0048215381985983186,-0.1425952911376953,-0.17039459943771362,-0.005446421187230044,-0.11427697539329529,-0.1615821123123169,-0.006780858356364661,-0.13287615776062012,-0.11845490336418152,-0.014645980410136872,-0.1725587546825409,-0.12485554814338684,-0.002777928225555115,-0.14807772636413574,-0.11430436372756958,0.004705436788640327,-0.12238949537277222,-0.10465234518051147,0.0035645149463334747,-0.14137476682662964,-0.05383265018463135,-0.019912103861429387,-0.1720038652420044,-0.06961396336555481,-0.008785865940012627,-0.15145540237426758,-0.06554582715034485,-0.00018060542163311766,-0.12725451588630676,-0.05380898714065552,-0.0005619261365836792,-0.14270278811454773,0.004240810871124268,-0.023686132132866078,-0.16742300987243652,-0.01790374517440796,-0.013224778435983353,-0.14812985062599182,-0.015295803546905518,-0.0008698410539409451,-0.12743446230888367,-0.004708468914031982,0.005400374326995916
0.0,0.0,0.0,-0.006634414196014404,-0.11085167527198792,0.009819037075587289,-0.051354944705963135,-0.196257084608078,0.010964494924493806,-0.10592383146286011,-0.23580539226531982,0.011282456833370702,-0.1383378803730011,-0.23181432485580444,0.010416396688171403,-0.11217755079269409,-0.18387866020202637,-0.008562657256177886,-0.16677016019821167,-0.1855579912662506,-0.010090957601121886,-0.14337265491485596,-0.16855701804161072,-0.013364353422574027,-0.11573195457458496,-0.1620115339756012,-0.01623560136233948,-0.1325596570968628,-0.11535871028900146,-0.015372766387216075,-0.17362430691719055,-0.12413042783737183,-0.005520960987112744,-0.1500788927078247,-0.11397188901901245,0.0008331697592183218,-0.12466070055961609,-0.10532364249229431,-0.0007869307026595607,-0.14091560244560242,-0.05089256167411804,-0.019658990409723742,-0.17300814390182495,-0.06844508647918701,-0.01060326976751469,-0.15286868810653687,-0.06475415825843811,-0.002070589894927366,-0.12838062644004822,-0.0539630651473999,-0.001929804655290468,-0.14190101623535156,0.006544530391693115,-0.02283161526595734,-0.16839852929115295,-0.01695019006729126,-0.01391352919911526,-0.14958810806274414,-0.01473197340965271,-0.0016864026855074599,-0.1287892460823059,-0.004968523979187012,0.0048863359535715745
0.0,0.0,0.0,-0.006680607795715332,-0.10987436771392822,0.008078226351273088,-0.05198490619659424,-0.1986040472984314,0.010569198520016698,-0.10753518342971802,-0.23744112253189087,0.012868111484777955,-0.14045369625091553,-0.2250165045261383,0.014653081537318258,-0.11140155792236328,-0.18295127153396606,-0.007826895921397181,-0.16729828715324402,-0.19292369484901428,-0.008252609989511939,-0.14345219731330872,-0.17704850435256958,-0.009696569762098761,-0.11506807804107666,-0.16806966066360474,-0.011191575325000258,-0.13258126378059387,-0.11581277847290039,-0.013392202093172045,-0.17605170607566833,-0.13367193937301636,-0.004213043956923457,-0.15303969383239746,-0.12533023953437805,0.001939646431338815,-0.12861129641532898,-0.11496582627296448,0.0008726826027043444,-0.14263463020324707,-0.053774625062942505,-0.016649610831308337,-0.17630580067634583,-0.07632386684417725,-0.007618857550340863,-0.15656223893165588,-0.07361030578613281,0.0007220194065951091,-0.13337278366088867,-0.0629187524318695,0.0010574456510141772,-0.1448628306388855,0.0015253424644470215,-0.01903482107715604,-0.17242524027824402,-0.026163458824157715,-0.009599190673696967,-0.15463995933532715,-0.024133682250976562,0.0024229155360728782,-0.13524672389030457,-0.014646172523498535,0.008700839706790475
0.0,0.0,0.0,-0.003438115119934082,-0.11249721050262451,0.010629805724249763,-0.047434210777282715,-0.19908511638641357,0.014069585117624683,-0.10040569305419922,-0.23942577838897705,0.017036558116899414,-0.13247165083885193,-0.22686496376991272,0.019187781016455574,-0.10742431879043579,-0.18206611275672913,-0.005658959516210871,-0.1608460545539856,-0.19054019451141357,-0.004560820304675417,-0.13664045929908752,-0.17418494820594788,-0.005800919153614359,-0.10831853747367859,-0.16516903042793274,-0.007387519826068001,-0.12849032878875732,-0.11571377515792847,-0.011490418587698059,-0.16993525624275208,-0.12960052490234375,0.0007731732792422008,-0.14636892080307007,-0.12090933322906494,0.007949782523439808,-0.12179160118103027,-0.11122173070907593,0.006736756290422363,-0.13752874732017517,-0.0540083646774292,-0.014653904375506954,-0.16870179772377014,-0.07354789972305298,-0.0030695055731371212,-0.14887398481369019,-0.07136201858520508,0.004997574712263031,-0.1255146563053131,-0.06029069423675537,0.0043681398845478725,-0.1384277641773224,0.0005548000335693359,-0.016667316679729538,-0.16390559077262878,-0.023005664348602295,-0.005689130642338114,-0.145423024892807,-0.02096700668334961,0.0062221130236252975,-0.12534242868423462,-0.010176360607147217,0.012033543537484093
0.0,0.0,0.0,-0.002371490001678467,-0.10983476042747498,0.008018249327299998,-0.04731094837188721,-0.19762295484542847,0.010188025103865073,-0.10295760631561279,-0.23765301704406738,0.011974926719425127,-0.13468840718269348,-0.22271156311035156,0.013041226806102202,-0.10828635096549988,-0.1786615550518036,-0.01031711822563608,-0.1613328456878662,-0.1904982030391693,-0.011926025470735624,-0.1372021734714508,-0.17649346590042114,-0.013656239343823984,-0.1085396409034729,-0.16745147109031677,-0.015311226567270353,-0.12930992245674133,-0.11403968930244446,-0.016422005688788488,-0.16803866624832153,-0.13258129358291626,-0.008234583159925535,-0.14441221952438354,-0.12465929985046387,-0.0016281309928913856,-0.12042710185050964,-0.11419376730918884,-0.0022288028542121197,-0.13905316591262817,-0.05276477336883545,-0.02020886758530338,-0.16832181811332703,-0.0750659704208374,-0.0120976225864311,-0.14735537767410278,-0.07264834642410278,-0.0033546586912294174,-0.12403404712677002,-0.061887770891189575,-0.0026544300764967943,-0.14053133130073547,0.0028631091117858887,-0.02314969370329578,-0.1643581986427307,-0.023629069328308105,-0.014631135707737997,-0.14556503295898438,-0.022349417209625244,-0.0029304675683548,-0.12626716494560242,-0.012837707996368408,0.0031099954228679394
0.0,0.0,0.0,0.012901604175567627,-0.06711483001708984,0.0037246134126291963,0.040899455547332764,-0.10562384128570557,0.006419699591930339,0.0776485800743103,-0.11842262744903564,0.009237782051201293,0.10106247663497925,-0.11287057399749756,0.013739108992155025,0.0854218602180481,-0.08761125802993774,0.00923488191270394,0.1038631796836853,-0.09537184238433838,0.021944689517255256,0.08686113357543945,-0.09199643135070801,0.030830821906562278,0.0716710090637207,-0.08564883470535278,0.035378699143763015,0.09407055377960205,-0.04962587356567383,0.010888094966645667,0.10901916027069092,-0.062300682067871094,0.0267110140522675,0.09318900108337402,-0.06369906663894653,0.032372810830707976,0.07933366298675537,-0.058933258056640625,0.0326488585671143,0.09266877174377441,-0.014568328857421875,0.013991309282715747,0.10830670595169067,-0.03138315677642822,0.028163283084865043,0.09463340044021606,-0.03336691856384277,0.03222830682003064,0.07904231548309326,-0.028990209102630615,0.03062399751448197,0.08593225479125977,0.017092645168304443,0.017523693804974982,0.09424775838851929,-0.0007856488227844238,0.0295123392244534,0.08334523439407349,-0.004240453243255615,0.035274119069214294,0.0705033540725708,-0.0001404881477355957,0.03733335523807568
0.0,0.0,0.0,0.014043986797332764,-0.06574869155883789,0.007526405611173459,0.04178100824356079,-0.10384023189544678,0.010647880834625312,0.07828229665756226,-0.11818969249725342,0.013417639759467193,0.10065710544586182,-0.10997796058654785,0.017884863530383655,0.08474147319793701,-0.09012877941131592,0.0076364758322995385,0.10885989665985107,-0.10123181343078613,0.020803162817941256,0.09155839681625366,-0.09681594371795654,0.03177008404313142,0.07535141706466675,-0.08993548154830933,0.03800157084046418,0.09428280591964722,-0.052701711654663086,0.007839850139902182,0.11150938272476196,-0.06511211395263672,0.024024579663858958,0.09424477815628052,-0.06406736373901367,0.031249655400500842,0.08047270774841309,-0.0579148530960083,0.03259934483943994,0.09419196844100952,-0.016462624073028564,0.010258921411917754,0.10949057340621948,-0.031080663204193115,0.02543644978581483,0.09477651119232178,-0.03130120038986206,0.0306217279183727,0.07923030853271484,-0.026234149932861328,0.0294053796577316,0.08887261152267456,0.0162431001663208,0.013562256460176059,0.09881258010864258,0.0018013715744018555,0.02663065678356702,0.08615493774414062,-0.0007502436637878418,0.03352600335060174,0.0718163251876831,0.0037747621536254883,0.036325301964865275
0.0,0.0,0.0,0.014574944972991943,-0.06381231546401978,0.0005636179356258708,0.04254186153411865,-0.10292845964431763,-0.0004576906559634608,0.07802677154541016,-0.11772584915161133,-0.001064392132462899,0.1012803316116333,-0.11079913377761841,0.0001933947877148512,0.08456474542617798,-0.0878828763961792,-0.0013972149228322905,0.10517287254333496,-0.09578299522399902,0.0036439703779649335,0.0891309380531311,-0.09033173322677612,0.009032419324142893,0.07344263792037964,-0.08211672306060791,0.012264135666413267,0.09270423650741577,-0.05016058683395386,-0.0008998567701894444,0.10909819602966309,-0.061173081398010254,0.007727086916787584,0.09389793872833252,-0.060916244983673096,0.012469822913629969,0.07969057559967041,-0.05432373285293579,0.013402154110593756,0.09222739934921265,-0.014000236988067627,0.0006738101018015641,0.10765314102172852,-0.029303133487701416,0.00773340081818219,0.09450322389602661,-0.030204951763153076,0.011588127725048025,0.0791163444519043,-0.025242149829864502,0.011540592089517077,0.0870169997215271,0.01832127571105957,0.002516949922068079,0.09535276889801025,0.0012720823287963867,0.008229767345113714,0.08373463153839111,-0.00111311674118042,0.012803110666794737,0.07085716724395752,0.004032909870147705,0.015458816103858908
0.0,0.0,0.0,0.0127183198928833,-0.06789052486419678,0.004311003792508927,0.04245424270629883,-0.10636156797409058,0.008332992974146691,0.07943540811538696,-0.11852651834487915,0.012240375462397424,0.10315549373626709,-0.11360335350036621,0.017873241636380044,0.08793753385543823,-0.08942371606826782,0.013561566430553285,0.10389810800552368,-0.09801375865936279,0.02751561540685543,0.0868481993675232,-0.0931854248046875,0.036076196539625016,0.07260805368423462,-0.08665978908538818,0.03997730191372284,0.09685522317886353,-0.05286240577697754,0.014875644888206807,0.11096203327178955,-0.06449395418167114,0.03128991376183876,0.09510159492492676,-0.06518816947937012,0.03623698379419693,0.0808594822883606,-0.060884714126586914,0.03603278945706734,0.09581667184829712,-0.018834471702575684,0.01745343681000122,0.10975027084350586,-0.03426426649093628,0.03252976115368256,0.09622889757156372,-0.036040544509887695,0.036387429642900315,0.08077102899551392,-0.03135836124420166,0.03448874231003174,0.08881092071533203,0.013472139835357666,0.020298662665709344,0.096427321434021,-0.0022251009941101074,0.033587155002578584,0.08574044704437256,-0.006156325340270996,0.03956826503895172,0.07291895151138306,-0.0028217434883117676,0.041429639864190904
0.0,0.0,0.0,0.01481562852859497,-0.06975394487380981,0.008428214417193658,0.043319880962371826,-0.10830241441726685,0.013122424782608277,0.08038902282714844,-0.12261611223220825,0.017396330201421506,0.1046103835105896,-0.11613661050796509,0.023091350981388814,0.08929717540740967,-0.09287703037261963,0.015462096148525006,0.10688638687133789,-0.10099422931671143,0.03434808302799297,0.08872425556182861,-0.09536558389663696,0.04655061412731243,0.07403510808944702,-0.08769011497497559,0.052499492952023274,0.0986364483833313,-0.054360032081604004,0.01661645371595455,0.11111944913864136,-0.06722515821456909,0.038620458283816106,0.09425067901611328,-0.0667644739151001,0.0457392980543716,0.08061206340789795,-0.06117945909500122,0.04583930347243381,0.09746170043945312,-0.019466936588287354,0.02007179271558357,0.11083430051803589,-0.03512483835220337,0.04068033147731853,0.09675347805023193,-0.03632861375808716,0.04547728348651958,0.08084511756896973,-0.031232357025146484,0.04269188393035961,0.09107089042663574,0.012885451316833496,0.0243264951942308,0.09912729263305664,-0.0029903054237365723,0.04180123407522274,0.0870700478553772,-0.00542372465133667,0.049329323062096364,0.07277858257293701,-0.0011988282203674316,0.05156045157590938
0.0,0.0,0.0,0.013550758361816406,-0.06778824329376221,0.00468529667048756,0.04264789819717407,-0.10596024990081787,0.007684676435729898,0.07962101697921753,-0.1186404824256897,0.010666950133582986,0.10346072912216187,-0.11338722705841064,0.015291194890579618,0.08699488639831543,-0.09129756689071655,0.009013450232288278,0.10704445838928223,-0.10076051950454712,0.021483189885458387,0.09041184186935425,-0.0969420075416565,0.03040840988322202,0.07507497072219849,-0.0901569128036499,0.035104205359658636,0.0958436131477356,-0.05306309461593628,0.010228329797229208,0.11060160398483276,-0.06695723533630371,0.0259286700682253,0.09439510107040405,-0.06824147701263428,0.031782196362456716,0.08042412996292114,-0.06295764446258545,0.03216631477042142,0.09488362073898315,-0.01762866973876953,0.012998352286359705,0.11046195030212402,-0.034565269947052,0.027085648377379812,0.097104012966156,-0.0372963547706604,0.031385978211602605,0.08120554685592651,-0.032973408699035645,0.0299144829557747,0.08864277601242065,0.01486194133758545,0.01627172296210233,0.09770065546035767,-0.003367602825164795,0.028294162352523244,0.08680224418640137,-0.007250487804412842,0.03422535349889699,0.0733499526977539,-0.003215968608856201,0.03641333197518293
0.0,0.0,0.0,0.015330612659454346,-0.06630921363830566,0.004117583644330125,0.04636770486831665,-0.1060415506362915,0.005535030991524081,0.08356428146362305,-0.1179128885269165,0.006647245746790986,0.10559868812561035,-0.10853660106658936,0.00935122116723619,0.0896269679069519,-0.08770197629928589,0.00376072225415669,0.10781192779541016,-0.09571731090545654,0.010643315755515914,0.09082138538360596,-0.09039628505706787,0.016590675593107562,0.07418811321258545,-0.08310890197753906,0.0199356472797092,0.09712809324264526,-0.05096036195755005,0.0031586822799738457,0.11151164770126343,-0.0625535249710083,0.013617647134452682,0.09515953063964844,-0.06219625473022461,0.018627036616891246,0.08062177896499634,-0.05592751502990723,0.019337905824869495,0.09585261344909668,-0.0152396559715271,0.003831105327918749,0.10984623432159424,-0.031051158905029297,0.013153888539164882,0.09587806463241577,-0.03188842535018921,0.017445592463701587,0.0801776647567749,-0.02731531858444214,0.017127033577054362,0.08961504697799683,0.017604172229766846,0.004911101677208762,0.09851890802383423,-0.00047892332077026367,0.013280241072862964,0.08642512559890747,-0.004027307033538818,0.01899193066427074,0.07269126176834106,0.00020885467529296875,0.021873072043746333
0.0,0.0,0.0,0.015743017196655273,-0.06829708814620972,0.005925543770160857,0.044953346252441406,-0.10439687967300415,0.008403206873651925,0.08246660232543945,-0.11579310894012451,0.011041123118218366,0.10625511407852173,-0.11049836874008179,0.015223132144626561,0.09036880731582642,-0.08751344680786133,0.006187384646352712,0.10923594236373901,-0.09569704532623291,0.020716653834995213,0.09145480394363403,-0.09053993225097656,0.032243601676043454,0.07618999481201172,-0.08363014459609985,0.03844621374827284,0.09844672679901123,-0.04884696006774902,0.007321856614169064,0.11339390277862549,-0.060567378997802734,0.024374013464864674,0.09616303443908691,-0.06062501668930054,0.032054390456494275,0.08176189661026001,-0.05584537982940674,0.033479030873593274,0.09635800123214722,-0.013104498386383057,0.010700523551520291,0.11071401834487915,-0.029002666473388672,0.02717810466509718,0.09551602602005005,-0.03018510341644287,0.03295890956741232,0.07987022399902344,-0.02550482749938965,0.03171228587251562,0.08890587091445923,0.01927119493484497,0.014716354828294698,0.09679967164993286,0.00327455997467041,0.029049111228403035,0.08422261476516724,-0.00017642974853515625,0.03612719818573851,0.07065480947494507,0.003743886947631836,0.03856142207604307
0.0,0.0,0.0,0.013232052326202393,-0.06480193138122559,0.004900989440812964,0.04188030958175659,-0.10281962156295776,0.006520976630582709,0.07818734645843506,-0.11627978086471558,0.007951570992901225,0.1011660099029541,-0.11037641763687134,0.011187467110886473,0.08330613374710083,-0.08889800310134888,0.0030730036940269656,0.10635864734649658,-0.0957498550415039,0.010712021348609824,0.0905921459197998,-0.0894627571105957,0.018592955862715144,0.07469624280929565,-0.08227008581161499,0.02349977972133388,0.09211701154708862,-0.05229461193084717,0.0026586431465887017,0.11098605394363403,-0.061019182205200195,0.013448934388890166,0.09468638896942139,-0.05916637182235718,0.01976978438122501,0.08035904169082642,-0.053239285945892334,0.021693777611091036,0.09235239028930664,-0.015900254249572754,0.003717173441856403,0.10967820882797241,-0.029174387454986572,0.013555224371685881,0.0954253077507019,-0.028570711612701416,0.018574497049286265,0.07987034320831299,-0.02348417043685913,0.018735893388821978,0.08750754594802856,0.01770251989364624,0.005344343689813513,0.09626519680023193,0.0028033852577209473,0.013927953635885615,0.08384472131729126,0.001282334327697754,0.019371472617223162,0.07069665193557739,0.00645369291305542,0.022052465324833292
0.0,0.0,0.0,0.01508098840713501,-0.06559103727340698,0.002539471981975794,0.044854819774627686,-0.10345989465713501,0.003458145333382845,0.0811467170715332,-0.11666172742843628,0.004288089254799843,0.10534018278121948,-0.11052125692367554,0.006948596591058731,0.08890849351882935,-0.0846179723739624,0.0062123954090509415,0.1066504716873169,-0.09121453762054443,0.014716307425800323,0.09104961156845093,-0.09025543928146362,0.02120185529619789,0.07544708251953125,-0.08521795272827148,0.02464884405762291,0.09549230337142944,-0.04765063524246216,0.006587644832137585,0.10923635959625244,-0.059892892837524414,0.01824375873238182,0.09464013576507568,-0.06294959783554077,0.022948932627144814,0.08077102899551392,-0.05801635980606079,0.02327228223711586,0.09331506490707397,-0.012812435626983643,0.007984591441157818,0.10836172103881836,-0.02914607524871826,0.01800470312863922,0.0959354043006897,-0.032179176807403564,0.02204051127463913,0.08079051971435547,-0.028069794178009033,0.021453856283727646,0.08656960725784302,0.01884937286376953,0.009684035347703457,0.09723514318466187,0.0017933249473571777,0.018438066149059296,0.08701843023300171,-0.002790510654449463,0.02404292745322323,0.07413733005523682,0.0009431242942810059,0.026731920221749306
0.0,0.0,0.0,0.025462031364440918,-0.06741082668304443,0.0028834847542782427,0.06183815002441406,-0.09920746088027954,0.005444941045283258,0.1001201868057251,-0.1058381199836731,0.007764925648956478,0.12450236082077026,-0.09747475385665894,0.011169436787753284,0.10885721445083618,-0.070248544216156,0.01028070731976527,0.12203013896942139,-0.08557522296905518,0.021351898489086807,0.10284757614135742,-0.08671557903289795,0.02739339920648831,0.08545297384262085,-0.08224660158157349,0.03024328540035981,0.1123780608177185,-0.028295695781707764,0.011254767356007278,0.1190253496170044,-0.05034208297729492,0.026260532838790596,0.10259491205215454,-0.056230366230010986,0.02847612502941388,0.08722466230392456,-0.05299156904220581,0.026212390912263572,0.10601896047592163,0.006773591041564941,0.013652416346161544,0.11340796947479248,-0.018735289573669434,0.02695990580090779,0.0990867018699646,-0.023986756801605225,0.0287076220191409,0.08291763067245483,-0.021950960159301758,0.02555389369794625,0.09584838151931763,0.03503841161727905,0.016336555061428726,0.10135489702224731,0.009562134742736816,0.027837489200322807,0.08916318416595459,0.0033069849014282227,0.033778127682893455,0.07536172866821289,0.004754483699798584,0.036332324547259987
0.0,0.0,0.0,0.022234797477722168,-0.06723296642303467,0.002350386258825665,0.05867725610733032,-0.0988759994506836,0.006000143968179827,0.09685146808624268,-0.10303771495819092,0.009819716241821652,0.12060773372650146,-0.09240829944610596,0.014576061655446892,0.1055336594581604,-0.06292277574539185,0.01422022378878296,0.11273199319839478,-0.0715099573135376,0.027737261754140263,0.09478217363357544,-0.07382893562316895,0.033697970238193875,0.07792425155639648,-0.07152771949768066,0.035947795984014874,0.10705024003982544,-0.022736310958862305,0.016254538696870213,0.10892140865325928,-0.04285132884979248,0.03457712384746969,0.09380251169204712,-0.04785168170928955,0.03675788643644751,0.07942390441894531,-0.04410344362258911,0.03371842953251303,0.09939795732498169,0.00988149642944336,0.019441656795009976,0.1036834716796875,-0.013477087020874023,0.03562703731344641,0.09050130844116211,-0.017980992794036865,0.03686948868320883,0.07546275854110718,-0.015469789505004883,0.032741967615351086,0.0882914662361145,0.03699159622192383,0.022708877947792416,0.09353381395339966,0.014019608497619629,0.036399453905090695,0.08188575506210327,0.007754981517791748,0.04232124986933172,0.0684615969657898,0.008824348449707031,0.04423236104534567
0.0,0.0,0.0,0.022441983222961426,-0.06495362520217896,0.002462724012588069,0.05737638473510742,-0.09825176000595093,0.004566940035005018,0.09400689601898193,-0.10306715965270996,0.006416946671237156,0.11543720960617065,-0.0896109938621521,0.009611867855568335,0.10192465782165527,-0.06542015075683594,0.010097370970328257,0.1123773455619812,-0.07428866624832153,0.018246992978532717,0.09522634744644165,-0.07566434144973755,0.022269939559777185,0.07859504222869873,-0.07270222902297974,0.024101189825017855,0.1044190526008606,-0.02732330560684204,0.010248483645995066,0.11119967699050903,-0.04339998960494995,0.02240241460808079,0.09597700834274292,-0.04787236452102661,0.02431026988037388,0.08106368780136108,-0.04439353942871094,0.02263752140410702,0.09824144840240479,0.0062729716300964355,0.011245773661215708,0.10619735717773438,-0.013958215713500977,0.021781585666616365,0.09316784143447876,-0.017679870128631592,0.023568771335561678,0.07760632038116455,-0.015095293521881104,0.021445480662663385,0.08835405111312866,0.034977734088897705,0.012380868683834478,0.09556907415390015,0.013645470142364502,0.02154799692638676,0.08478152751922607,0.008229553699493408,0.026909125524838373,0.07173436880111694,0.010047435760498047,0.02960899800368111
0.0,0.0,0.0,0.023587524890899658,-0.06407958269119263,0.006957315079915816,0.059431493282318115,-0.09416788816452026,0.012924215462106758,0.09658735990524292,-0.09732967615127563,0.01803506695111423,0.11890697479248047,-0.08487910032272339,0.024160049561459118,0.10398995876312256,-0.06166869401931763,0.02116430707653194,0.1167144775390625,-0.07066589593887329,0.03676924638827472,0.09957677125930786,-0.07183873653411865,0.04416591830928951,0.08320885896682739,-0.06977343559265137,0.04718274407466083,0.10671824216842651,-0.020525872707366943,0.021690262187320286,0.11427968740463257,-0.03719252347946167,0.041766473729211384,0.09842890501022339,-0.042613327503204346,0.04508783825119167,0.0835031270980835,-0.04092240333557129,0.042977755595046574,0.09987670183181763,0.012415051460266113,0.023481230888563687,0.10783088207244873,-0.006424963474273682,0.04070590220769077,0.09498775005340576,-0.012085258960723877,0.04281766869505077,0.07843875885009766,-0.010779857635498047,0.039376655299264485,0.08778852224349976,0.04290497303009033,0.025701705072123104,0.0964822769165039,0.023371756076812744,0.040066620040732914,0.0849561095237732,0.0167771577835083,0.04647152655203968,0.07005304098129272,0.016907572746276855,0.04882586159189373
0.0,0.0,0.0,0.02361851930618286,-0.06273609399795532,0.0005385927397583146,0.05909758806228638,-0.09486794471740723,0.0016983917339530308,0.09558767080307007,-0.09842342138290405,0.002904046548792394,0.11867350339889526,-0.08665186166763306,0.005381482642405899,0.10426360368728638,-0.05738377571105957,0.008522354055457981,0.11170691251754761,-0.07468628883361816,0.01654957233768073,0.09426701068878174,-0.07769453525543213,0.020175866771751316,0.0788583755493164,-0.0739983320236206,0.02144628203313914,0.10589176416397095,-0.019648492336273193,0.008954297740274342,0.11008596420288086,-0.040191650390625,0.020421637211256893,0.09522181749343872,-0.04625791311264038,0.021345838893466862,0.08053702116012573,-0.04320359230041504,0.018886569876485737,0.09867560863494873,0.01261681318283081,0.010195233848207863,0.10419982671737671,-0.01059579849243164,0.019116565574222477,0.09108716249465942,-0.016183972358703613,0.019842164580040844,0.07545989751815796,-0.01408243179321289,0.01733641325336066,0.08787226676940918,0.040392398834228516,0.011493996706121834,0.0951240062713623,0.018574416637420654,0.019219703961425694,0.08447545766830444,0.01144951581954956,0.02405353075664607,0.07117342948913574,0.012393951416015625,0.026586797077470692
0.0,0.0,0.0,0.020000219345092773,-0.061726927757263184,0.0009020742285201777,0.05459243059158325,-0.0944400429725647,0.002417868890347563,0.09171754121780396,-0.09864693880081177,0.0037532313284600605,0.11527788639068604,-0.08698982000350952,0.006104707208010041,0.10083961486816406,-0.0623091459274292,0.00851749158698567,0.10804367065429688,-0.0671919584274292,0.01668786066818484,0.09177619218826294,-0.06375247240066528,0.020243162245037638,0.07632708549499512,-0.059669315814971924,0.021420959339025103,0.10504531860351562,-0.022498726844787598,0.009198467202963911,0.10488718748092651,-0.0311468243598938,0.022929228798034273,0.09021937847137451,-0.0327831506729126,0.024205539331319414,0.07637929916381836,-0.03015279769897461,0.021255744576933466,0.09860223531723022,0.011566400527954102,0.01057833801257857,0.0967225432395935,-0.000420987606048584,0.022265251681687914,0.0835191011428833,-0.0018614530563354492,0.022304367229821764,0.06919360160827637,-0.0005473494529724121,0.018165046304943644,0.08787119388580322,0.04096287488937378,0.01183379623341807,0.08506518602371216,0.0274694561958313,0.021552804813268267,0.07367438077926636,0.023195385932922363,0.025063691616537653,0.061666905879974365,0.022288918495178223,0.02581171873259791
0.0,0.0,0.0,0.02348005771636963,-0.0652608871459961,0.0004991269971128531,0.059470951557159424,-0.09729969501495361,0.001925000543508304,0.09604084491729736,-0.10200279951095581,0.0033190477125231155,0.11920332908630371,-0.09158635139465332,0.005736307096469773,0.10247194766998291,-0.06087362766265869,0.008484122198808564,0.11210954189300537,-0.07930505275726318,0.016045007710147274,0.09451919794082642,-0.08153820037841797,0.018998166401672734,0.07877230644226074,-0.07691621780395508,0.019818428759265316,0.10544979572296143,-0.022308647632598877,0.009044437524664772,0.11194628477096558,-0.045073866844177246,0.02006783694474734,0.09728866815567017,-0.05197054147720337,0.020464680944371594,0.0823981761932373,-0.04921722412109375,0.01766898841111697,0.09925580024719238,0.010202765464782715,0.010379186686861885,0.10696929693222046,-0.014933645725250244,0.019216975052643193,0.09428161382675171,-0.021076440811157227,0.01980381817071475,0.07844221591949463,-0.019150853157043457,0.017090579350281132,0.08920556306838989,0.037926673889160156,0.011758793932187928,0.0958867073059082,0.012414157390594482,0.01929392837433852,0.08537757396697998,0.0049263834953308105,0.02385097727625407,0.07208329439163208,0.005795419216156006,0.026082714875030888
0.0,0.0,0.0,0.026006996631622314,-0.06784772872924805,0.0076820111440838446,0.061973750591278076,-0.09860974550247192,0.013339441882294523,0.09808015823364258,-0.10129308700561523,0.01735892766885172,0.12067931890487671,-0.09037446975708008,0.02175737978689085,0.10655337572097778,-0.06467664241790771,0.023898767920059072,0.1148911714553833,-0.07738614082336426,0.03865366117827307,0.09648984670639038,-0.08044540882110596,0.0444572611319245,0.08020752668380737,-0.07829815149307251,0.04658865617386709,0.10872101783752441,-0.024775326251983643,0.022586003558558332,0.1111564040184021,-0.04437369108200073,0.04088187278978239,0.09447234869003296,-0.05005669593811035,0.04116319926254164,0.07938432693481445,-0.04699349403381348,0.03733242364398848,0.10204082727432251,0.007843852043151855,0.022502041103166448,0.10565227270126343,-0.014873385429382324,0.03866685988180052,0.09091943502426147,-0.020247042179107666,0.03865610869399916,0.07509469985961914,-0.017993569374084473,0.03404779793493162,0.09135550260543823,0.03573322296142578,0.022919314594787465,0.09584367275238037,0.011307954788208008,0.03756669224969755,0.08372664451599121,0.004833102226257324,0.044141505526226865,0.07031500339508057,0.005932211875915527,0.04663749845497023
0.0,0.0,0.0,0.021290481090545654,-0.06309545040130615,0.002133493110704876,0.05523180961608887,-0.09548753499984741,0.0026856826470975648,0.09136921167373657,-0.09961366653442383,0.0029036191144768964,0.11333876848220825,-0.08778572082519531,0.00414528305100248,0.10167711973190308,-0.067679762840271,0.004876613881606318,0.11235791444778442,-0.08006906509399414,0.010481576699930883,0.09469908475875854,-0.07985150814056396,0.013640214953738905,0.07719868421554565,-0.07672345638275146,0.01519531689973519,0.10600018501281738,-0.028703808784484863,0.004348751887846447,0.11001098155975342,-0.04832661151885986,0.015075985606927134,0.09346598386764526,-0.05253702402114868,0.017061527151781775,0.07853043079376221,-0.04854613542556763,0.015235591944474436,0.10082322359085083,0.005783796310424805,0.0048151549735848675,0.10579699277877808,-0.017486393451690674,0.014511857446450449,0.09115123748779297,-0.021956145763397217,0.016502575282174803,0.07567495107650757,-0.01941847801208496,0.01420422017963574,0.09204977750778198,0.03522944450378418,0.005354969095606066,0.09706258773803711,0.01180940866470337,0.01400603939237044,0.08455872535705566,0.005645334720611572,0.019359990287739492,0.07126539945602417,0.007597386837005615,0.021918054003435827
0.0,0.0,0.0,0.026532232761383057,-0.05830180644989014,-0.0010804952700596004,0.06111198663711548,-0.09065604209899902,-0.004549730883070424,0.1014089584350586,-0.10151064395904541,-0.006988695205279782,0.12748855352401733,-0.09529179334640503,-0.007053186965265468,0.09715884923934937,-0.07437151670455933,-0.01186998592419286,0.13216936588287354,-0.07597905397415161,-0.008870892540642217,0.11735135316848755,-0.07347047328948975,-0.0007731378074709028,0.10068178176879883,-0.07012367248535156,0.004843318055293366,0.10151463747024536,-0.0368579626083374,-0.011131078318783239,0.1336621642112732,-0.04251837730407715,-0.004842862800785497,0.11746841669082642,-0.045827388763427734,0.0026231723957721442,0.1018451452255249,-0.04474514722824097,0.0054854281832490415,0.09956401586532593,-0.0010955333709716797,-0.009080923476346925,0.1280004382133484,-0.014217972755432129,-0.0024244546304430514,0.11353451013565063,-0.016582608222961426,0.004119962605557248,0.09729713201522827,-0.016569077968597412,0.005310267361721799,0.09409964084625244,0.03013080358505249,-0.006931073346265748,0.11229550838470459,0.013338446617126465,-0.0011215778878863603,0.10171228647232056,0.009679079055786133,0.004104230704626843,0.08904939889907837,0.01035618782043457,0.006703705212942168
0.0,0.0,0.0,0.024592101573944092,-0.05980044603347778,0.0009169865559215395,0.0562359094619751,-0.09330856800079346,-0.0014691299249989243,0.09497219324111938,-0.10530823469161987,-0.003468278325499341,0.12004268169403076,-0.0987464189529419,-0.0030739214228105993,0.09366023540496826,-0.08058995008468628,-0.00692066689521198,0.1244167685508728,-0.07622420787811279,-0.0037637450689089746,0.1097869873046875,-0.06903648376464844,0.0033838108690815716,0.09393388032913208,-0.06568050384521484,0.00851454772487159,0.09868210554122925,-0.04480433464050293,-0.0070099024990213366,0.1264413595199585,-0.04242652654647827,-9.991883712245908e-05,0.11121517419815063,-0.04141205549240112,0.006285537038593247,0.09585291147232056,-0.040563344955444336,0.008640803401021913,0.09714555740356445,-0.00889575481414795,-0.005873388606460139,0.11849510669708252,-0.014484882354736328,0.001483323173260942,0.10524511337280273,-0.012922406196594238,0.0068298783196496515,0.08977919816970825,-0.012137353420257568,0.007354567763059094,0.09177541732788086,0.02351200580596924,-0.004591993517578885,0.10257512331008911,0.01472407579421997,0.002247366592882827,0.09115225076675415,0.013572752475738525,0.007209870968608811,0.07875686883926392,0.014821946620941162,0.009710847404448941
0.0,0.0,0.0,0.025368988513946533,-0.06374728679656982,4.371942938519169e-05,0.060866594314575195,-0.09876996278762817,-0.0017413183477685834,0.10174411535263062,-0.10916674137115479,-0.0029420411110834266,0.12764286994934082,-0.1050713062286377,-0.0018212204695657874,0.0977926254272461,-0.08135783672332764,-0.00638069989057044,0.13435202836990356,-0.08459901809692383,-0.003622657935039797,0.1194271445274353,-0.08254855871200562,0.00279129986753901,0.10232019424438477,-0.07912260293960571,0.00734134638784667,0.10276663303375244,-0.04379087686538696,-0.006108097116367617,0.13435053825378418,-0.05180478096008301,0.00030141359181357075,0.11890524625778198,-0.054559528827667236,0.006362578515989981,0.10324019193649292,-0.05245637893676758,0.008416789733900032,0.10157626867294312,-0.008061230182647705,-0.004850521999316015,0.12887513637542725,-0.022311925888061523,0.0014474250246792053,0.11529797315597534,-0.024582505226135254,0.006924789083285532,0.09927505254745483,-0.023929059505462646,0.00781691648168703,0.09712964296340942,0.023651599884033203,-0.003480379319654503,0.1144370436668396,0.005069553852081299,0.0022694407134338235,0.10396236181259155,0.0017496347427368164,0.007276221328510246,0.09152108430862427,0.003901958465576172,0.0099332995350494
0.0,0.0,0.0,0.026839077472686768,-0.06152981519699097,0.0015580610317158516,0.06143832206726074,-0.09451901912689209,-0.00038495169687280395,0.1012771725654602,-0.10331237316131592,-0.0014633379931581203,0.1263716220855713,-0.09789884090423584,-0.00015790548317795583,0.0984950065612793,-0.08132004737854004,-0.01096064639827432,0.13163059949874878,-0.08204078674316406,-0.005945704370645899,0.11648178100585938,-0.07667022943496704,0.0040532034301179465,0.10033315420150757,-0.0732530951499939,0.010748580604882818,0.10351318120956421,-0.04415076971054077,-0.011160109616724867,0.13207578659057617,-0.047106385231018066,-0.002871986670328397,0.11509215831756592,-0.04851561784744263,0.005575547035874706,0.09977096319198608,-0.04699301719665527,0.00870826797941504,0.10154086351394653,-0.00759124755859375,-0.009572052821425814,0.12549495697021484,-0.015710294246673584,-0.0014175707063657228,0.11107933521270752,-0.01657700538635254,0.005188404623510223,0.0949355959892273,-0.016410410404205322,0.005935100879611355,0.09526646137237549,0.02472633123397827,-0.007620978593735117,0.10823196172714233,0.012846291065216064,-0.0008007845779900435,0.09678685665130615,0.010451853275299072,0.004591936286630016,0.0843159556388855,0.011308252811431885,0.00708384536588369
0.0,0.0,0.0,0.02690964937210083,-0.06050795316696167,0.002571307190407879,0.06219202280044556,-0.09283697605133057,0.0018506861037508315,0.10156106948852539,-0.10159134864807129,0.0013677140909180707,0.1255374550819397,-0.09638643264770508,0.00320300047536648,0.1024632453918457,-0.08354109525680542,-0.0050745896783723765,0.13395792245864868,-0.08105623722076416,0.0001590627311429671,0.11937820911407471,-0.07342588901519775,0.008671819532935388,0.10346847772598267,-0.07005780935287476,0.014355156871204144,0.10809481143951416,-0.04645448923110962,-0.005824650802935594,0.13364410400390625,-0.04466193914413452,0.003025196793203122,0.11735552549362183,-0.04291945695877075,0.01011033106846071,0.10199075937271118,-0.04161280393600464,0.012441320645336873,0.10599690675735474,-0.009343743324279785,-0.0051267470021798545,0.12650567293167114,-0.012997448444366455,0.0035699920940146512,0.11265671253204346,-0.012491226196289062,0.009040467741613156,0.09650897979736328,-0.013539791107177734,0.009183751719717748,0.09923970699310303,0.024142801761627197,-0.004182748196001285,0.10946685075759888,0.017139434814453125,0.003377253490214116,0.09844100475311279,0.014474749565124512,0.008650149519269235,0.0855633020401001,0.013265371322631836,0.011215133893017537
0.0,0.0,0.0,0.023455560207366943,-0.057543158531188965,0.004489326726712761,0.05607473850250244,-0.08785873651504517,0.004117472440071879,0.09446930885314941,-0.0968286395072937,0.0037005209532310346,0.11887359619140625,-0.09100115299224854,0.0050738429353316405,0.09290331602096558,-0.07567286491394043,-0.004815044935725155,0.12525951862335205,-0.07305347919464111,0.00155259726389545,0.1114303469657898,-0.06672501564025879,0.011186201468177615,0.09662634134292603,-0.06337177753448486,0.017550062730975924,0.09827017784118652,-0.039617955684661865,-0.005779985461316528,0.12667298316955566,-0.036357879638671875,0.004395953256704388,0.11065149307250977,-0.034719109535217285,0.012820170603760062,0.09601366519927979,-0.033607661724090576,0.01590546441084939,0.09613418579101562,-0.0031062960624694824,-0.004994891241125288,0.12118697166442871,-0.005301475524902344,0.005377984017201243,0.1062585711479187,-0.0046885013580322266,0.011883823543854533,0.09036821126937866,-0.005581080913543701,0.012266697704859553,0.08931231498718262,0.030024826526641846,-0.003765662556446614,0.10129231214523315,0.02495408058166504,0.005109427373923836,0.08963185548782349,0.02290213108062744,0.010727131150730429,0.07692474126815796,0.022525787353515625,0.013074906885691462
0.0,0.0,0.0,0.02351367473602295,-0.06046605110168457,0.00027388073613110464,0.056680381298065186,-0.09233051538467407,-0.0013588046003860654,0.09543061256408691,-0.10010778903961182,-0.0021933749831077876,0.12054723501205444,-0.09527498483657837,-0.0007994191419129493,0.09665584564208984,-0.07590490579605103,-0.00793675119530235,0.12782591581344604,-0.07934612035751343,-0.003240082371121389,0.11357033252716064,-0.07693290710449219,0.004915561801681179,0.09790414571762085,-0.0737379789352417,0.010220867856332916,0.10136985778808594,-0.03967767953872681,-0.007576502584925038,0.12743723392486572,-0.04295063018798828,0.0005370960989239393,0.11177057027816772,-0.045119285583496094,0.007777612931022304,0.09671306610107422,-0.04375278949737549,0.010207333876678604,0.09850722551345825,-0.004517257213592529,-0.005879697580894572,0.1210058331489563,-0.011609494686126709,0.0011075674974563299,0.1075170636177063,-0.013597071170806885,0.006438147085646051,0.09131914377212524,-0.013744652271270752,0.006821944187322515,0.09149307012557983,0.0265234112739563,-0.00397818321835075,0.10381555557250977,0.015754103660583496,0.0013636200874316273,0.09293347597122192,0.012242138385772705,0.0055679006454738555,0.08014839887619019,0.012650132179260254,0.007550588617959875
0.0,0.0,0.0,0.022228240966796875,-0.06152302026748657,-0.0025629404685219015,0.056242406368255615,-0.09437817335128784,-0.00478919490564067,0.0966724157333374,-0.10315167903900146,-0.005760403232159206,0.12297099828720093,-0.0973656177520752,-0.004247303468616792,0.09645348787307739,-0.07042133808135986,-0.0070309693678041185,0.12399530410766602,-0.07921361923217773,-0.0027823505210449184,0.1078525185585022,-0.078460693359375,0.004165769206849745,0.09200119972229004,-0.07342743873596191,0.008359735483793429,0.10035717487335205,-0.03479427099227905,-0.005653035243483373,0.12724173069000244,-0.04530984163284302,0.00037483772172208774,0.11119753122329712,-0.050292134284973145,0.006249034895120076,0.09546250104904175,-0.04818695783615112,0.008416278871266059,0.09711545705795288,-0.0021602511405944824,-0.0033241800251175846,0.12062907218933105,-0.016475915908813477,0.001648320119386426,0.10697656869888306,-0.019861280918121338,0.006526615122822932,0.09129244089126587,-0.01833641529083252,0.007332555601863078,0.08984947204589844,0.026406049728393555,-0.0010197176583801593,0.10433107614517212,0.011557936668395996,0.002804630321008972,0.09353166818618774,0.007535338401794434,0.006834188594041279,0.08132845163345337,0.009803235530853271,0.00907470530506771
0.0,0.0,0.0,0.022158563137054443,-0.06268095970153809,-0.0013564950033924106,0.056329548358917236,-0.0969163179397583,-0.0031006255132979277,0.09645998477935791,-0.10633999109268188,-0.0037112785914814594,0.12157392501831055,-0.09937423467636108,-0.001860130270188165,0.09918433427810669,-0.07832062244415283,-0.006369016174403441,0.12633448839187622,-0.08451730012893677,-0.0009242907810858014,0.10966604948043823,-0.08238345384597778,0.006945758551182735,0.09313297271728516,-0.07781028747558594,0.011732681613239038,0.10366547107696533,-0.0415690541267395,-0.005226039834496987,0.1283988356590271,-0.04962813854217529,0.0026552595252269384,0.11154419183731079,-0.05236119031906128,0.009222611743780362,0.09576743841171265,-0.0496525764465332,0.01145133465138315,0.10022646188735962,-0.006516695022583008,-0.0029298691490566853,0.1221509575843811,-0.019215285778045654,0.0035425952689820406,0.10776984691619873,-0.02109813690185547,0.00847134083119272,0.09167098999023438,-0.01960122585296631,0.008866068865927446,0.09250986576080322,0.024708449840545654,-0.0005348964889435592,0.1051599383354187,0.010209083557128906,0.004358919296237218,0.09378457069396973,0.007095038890838623,0.008592128712507474,0.08136194944381714,0.0094185471534729,0.010767616290422666
0.0,0.0,0.0,0.024892807006835938,-0.06268453598022461,0.0028227387297192763,0.059622228145599365,-0.09625345468521118,0.003168338567320461,0.09800416231155396,-0.10622674226760864,0.0031187319032142113,0.12260127067565918,-0.10232537984848022,0.005091590464417095,0.10058420896530151,-0.07655078172683716,0.002894279204610939,0.12753963470458984,-0.08142048120498657,0.007488438517157192,0.11103618144989014,-0.07916736602783203,0.012291649479720945,0.0948682427406311,-0.07453733682632446,0.015321872320328112,0.10427141189575195,-0.04212087392807007,0.001829465974424238,0.12714654207229614,-0.04677671194076538,0.010229138780687208,0.11154705286026001,-0.04891645908355713,0.014843835618648882,0.09625732898712158,-0.04645806550979614,0.015876020428095217,0.10062175989151001,-0.008374452590942383,0.0016538939739803027,0.12006598711013794,-0.017015814781188965,0.009209236253354902,0.10668283700942993,-0.018642544746398926,0.013186094474349375,0.09104347229003906,-0.017309486865997314,0.013124825556133146,0.09301227331161499,0.02279418706893921,0.0017196406911352824,0.10605359077453613,0.013709783554077148,0.0088322536389569,0.09473127126693726,0.00982731580734253,0.01435744867876565,0.08148962259292603,0.011053323745727539,0.017442745279822702
0.0,0.0,0.0,0.021931767463684082,-0.049957275390625,0.005988778946857565,0.05407482385635376,-0.08038544654846191,0.00532409542233836,0.08742010593414307,-0.0901612639427185,0.002822771603177898,0.11074608564376831,-0.09203445911407471,0.0019044182774905494,0.07804727554321289,-0.08703869581222534,-0.0015258074924986431,0.11608201265335083,-0.07584869861602783,-0.005779131380904801,0.10563933849334717,-0.06144678592681885,-0.006170345069904215,0.09080147743225098,-0.05947613716125488,-0.004795197462726719,0.08326339721679688,-0.05840820074081421,-0.0069630249124656984,0.11846113204956055,-0.04535186290740967,-0.006129615539748556,0.10614335536956787,-0.03526180982589722,-0.0036459938344250986,0.09098958969116211,-0.03591340780258179,-0.0027139897645156452,0.08510816097259521,-0.02589339017868042,-0.011859450088877566,0.11385053396224976,-0.016941487789154053,-0.00911062729551304,0.10222673416137695,-0.009651124477386475,-0.003876686859939582,0.0872531533241272,-0.010847628116607666,-0.001969124488596208,0.08458983898162842,0.00590437650680542,-0.016471006507117636,0.105679452419281,0.011503279209136963,-0.012048663171071894,0.09510535001754761,0.014922618865966797,-0.005553668895800001,0.08198946714401245,0.01400679349899292,-0.0014738134993876884
0.0,0.0,0.0,0.003032207489013672,-0.06252789497375488,0.01632634837037017,0.016733169555664062,-0.10008734464645386,0.022539907208141585,0.038803815841674805,-0.11751562356948853,0.026455433180984755,0.05299222469329834,-0.11929833889007568,0.030580564475116034,0.06359505653381348,-0.11576086282730103,0.01327164664721181,0.08215808868408203,-0.10418516397476196,0.02992497857516696,0.06889194250106812,-0.0893399715423584,0.04169601674979617,0.055680692195892334,-0.08087790012359619,0.04787907104795863,0.08209562301635742,-0.08506619930267334,0.009124653486964007,0.09024560451507568,-0.076823890209198,0.0320538553208678,0.07554960250854492,-0.06727039813995361,0.03972843017285754,0.06419509649276733,-0.05959135293960571,0.039407939723190566,0.08963054418563843,-0.05048668384552002,0.007995767591950198,0.09514087438583374,-0.04958087205886841,0.030154650172647735,0.08155900239944458,-0.0416792631149292,0.03378182750051906,0.06777548789978027,-0.035380661487579346,0.029136722049173613,0.09165143966674805,-0.018485963344573975,0.008183151556607982,0.09317439794540405,-0.020216703414916992,0.02662602726226737,0.08042943477630615,-0.015304148197174072,0.03393039580291202,0.06688237190246582,-0.011166989803314209,0.035648905745205184
0.0,0.0,0.0,0.003189980983734131,-0.060533881187438965,0.010967363425123722,0.017562806606292725,-0.09577333927154541,0.0126394655635238,0.04114067554473877,-0.10544192790985107,0.01251970586233142,0.05435675382614136,-0.10011154413223267,0.013001413837599785,0.062191545963287354,-0.11437541246414185,0.0017365256171331112,0.08399730920791626,-0.09800982475280762,0.011660267420637638,0.07142293453216553,-0.07998627424240112,0.02050545793824199,0.057270824909210205,-0.0722307562828064,0.025081742376613647,0.0812063217163086,-0.08452492952346802,-0.002830385408771008,0.09383600950241089,-0.06733983755111694,0.012443966985273391,0.07941877841949463,-0.054704248905181885,0.019016880363750488,0.06523889303207397,-0.0495448112487793,0.019095800638723404,0.08988213539123535,-0.05017518997192383,-0.004946213859540194,0.09656280279159546,-0.03830397129058838,0.009810908519256145,0.08285313844680786,-0.028569459915161133,0.013627067961323291,0.0678136944770813,-0.024944543838500977,0.010548050337064296,0.0928698182106018,-0.01733773946762085,-0.006221250343543261,0.09407234191894531,-0.008523285388946533,0.005812890649366409,0.08065050840377808,-0.0030651092529296875,0.011376304373669655,0.06660234928131104,-0.001972496509552002,0.01278054975770715
0.0,0.0,0.0,0.0022562146186828613,-0.06016451120376587,0.00498939558605116,0.016909122467041016,-0.09901195764541626,0.003201990590639525,0.03954535722732544,-0.1142587661743164,0.0004186061545965458,0.05181187391281128,-0.11501491069793701,-0.0014512086359559362,0.06159937381744385,-0.11682319641113281,-0.005703630189202613,0.0826844573020935,-0.10168647766113281,-0.0003783685693292682,0.07066673040390015,-0.08297586441040039,0.005799817589320355,0.05650061368942261,-0.07375359535217285,0.00879350045437377,0.08144176006317139,-0.08671420812606812,-0.009115929513029641,0.09392499923706055,-0.07153129577636719,0.0011323031198458011,0.08053821325302124,-0.05883282423019409,0.006133018729485684,0.06638538837432861,-0.05303555727005005,0.00581115970129531,0.09157305955886841,-0.05266737937927246,-0.01072597762828309,0.09843844175338745,-0.04177159070968628,-0.0006454616391806667,0.08532840013504028,-0.03233993053436279,0.0024204381901995475,0.06986367702484131,-0.029233276844024658,-0.0001834453447031592,0.09552836418151855,-0.020336508750915527,-0.012072111277632303,0.09543520212173462,-0.010640382766723633,-0.00409429034476716,0.08259767293930054,-0.004720628261566162,2.7746228113301186e-05,0.06840145587921143,-0.0033239126205444336,0.0011722297335268195
0.0,0.0,0.0,0.0027478933334350586,-0.062394917011260986,0.009141753704597022,0.016467750072479248,-0.1056714653968811,0.009394420587767627,0.036012887954711914,-0.13172560930252075,0.007844611347962882,0.045053720474243164,-0.14612805843353271,0.006688237467159297,0.0665329098701477,-0.1181536316871643,4.9117460321213e-08,0.08469778299331665,-0.09944397211074829,0.0078063954574361105,0.07091575860977173,-0.08133792877197266,0.014323515163113143,0.056011080741882324,-0.07361096143722534,0.01744796456520703,0.08497047424316406,-0.08853375911712646,-0.004802826049427722,0.09271109104156494,-0.06782102584838867,0.008807015882183578,0.07776188850402832,-0.05606001615524292,0.01349241686736491,0.06374752521514893,-0.05131852626800537,0.012395464160789516,0.09311407804489136,-0.0542910099029541,-0.00737096946934912,0.09674519300460815,-0.037982940673828125,0.005989154612024095,0.08252757787704468,-0.028961896896362305,0.008454705865432288,0.0679694414138794,-0.026816070079803467,0.004761326869328286,0.09547513723373413,-0.02157139778137207,-0.00933135366315696,0.09504836797714233,-0.0072782039642333984,0.001620702373173799,0.08134466409683228,-0.0022415518760681152,0.006551926766832139,0.06775534152984619,-0.002714097499847412,0.007825700843085315
0.0,0.0,0.0,0.002543509006500244,-0.058940887451171875,0.010308047641956364,0.017151176929473877,-0.0952141284942627,0.012467132766687428,0.04125010967254639,-0.10808151960372925,0.01283204264655069,0.05470353364944458,-0.10189241170883179,0.013733276982748066,0.06280434131622314,-0.10883533954620361,0.004592764542394434,0.08260291814804077,-0.09280836582183838,0.015323277448260342,0.06936919689178467,-0.07587480545043945,0.024338466000699555,0.054897844791412354,-0.0675094723701477,0.029079132598781143,0.0805085301399231,-0.07917934656143188,0.0009487938968959497,0.09183871746063232,-0.06501567363739014,0.01600773341669992,0.07723963260650635,-0.05356496572494507,0.021866585013412987,0.06286245584487915,-0.04676210880279541,0.021925001290583168,0.08836334943771362,-0.04605823755264282,-0.0004316892573115183,0.09494972229003906,-0.037959158420562744,0.01407311565890268,0.08127099275588989,-0.028995394706726074,0.01706470630779222,0.06590384244918823,-0.024304568767547607,0.013928683360063587,0.09054028987884521,-0.014407038688659668,-0.0010106838290084852,0.09087085723876953,-0.008627772331237793,0.010945284624540363,0.07784277200698853,-0.0033922195434570312,0.015955286917233025,0.06392437219619751,-0.0012062788009643555,0.01721967279627279
0.0,0.0,0.0,0.007887661457061768,-0.055232465267181396,0.005608851455349395,0.024201273918151855,-0.08783566951751709,0.0038989162000007127,0.045426368713378906,-0.09697514772415161,0.0011950520726031755,0.05797821283340454,-0.09073340892791748,-0.0008101354309246744,0.06200432777404785,-0.10146915912628174,-0.006042984414648345,0.07958030700683594,-0.08648568391799927,-0.0009589758541324045,0.06951791048049927,-0.07071733474731445,0.005368006780940959,0.05762839317321777,-0.06329125165939331,0.008605021417338321,0.0782843828201294,-0.07271116971969604,-0.00919184610972934,0.08859974145889282,-0.061489105224609375,0.0002472780921607409,0.07570093870162964,-0.05109560489654541,0.0056758172737545465,0.06376397609710693,-0.04540592432022095,0.005894254327017734,0.08613008260726929,-0.04067200422286987,-0.010413138761919072,0.09219622611999512,-0.03552192449569702,-0.0006436992974840905,0.07987421751022339,-0.027375996112823486,0.003243050437617967,0.06618160009384155,-0.023965060710906982,0.0015172400904930328,0.08889490365982056,-0.010711252689361572,-0.011221231527429154,0.09062135219573975,-0.00779491662979126,-0.003080337408732703,0.07914888858795166,-0.00269240140914917,0.0017686060324422215,0.06670457124710083,-0.00025331974029541016,0.0035708955416566823
0.0,0.0,0.0,0.00499725341796875,-0.059584617614746094,0.015198754946709414,0.01935797929763794,-0.09518861770629883,0.02018672587257697,0.040152788162231445,-0.11310142278671265,0.02288819277566745,0.05036807060241699,-0.12259912490844727,0.025566073003233214,0.06252932548522949,-0.10968595743179321,0.009666604789913436,0.0815662145614624,-0.09339118003845215,0.02402581447643115,0.06997764110565186,-0.07797503471374512,0.034770611542285224,0.05773270130157471,-0.07096713781356812,0.040408946442425986,0.08032882213592529,-0.08018893003463745,0.005043859927923222,0.08858424425125122,-0.06750649213790894,0.025066235902727385,0.07382071018218994,-0.05756634473800659,0.032163970041096945,0.061669111251831055,-0.05090653896331787,0.032071258741439124,0.08824020624160767,-0.046774446964263916,0.0033033721698529916,0.09184390306472778,-0.0424160361289978,0.02290211232286765,0.07862979173660278,-0.0341067910194397,0.026090608778417845,0.06463819742202759,-0.02848416566848755,0.021828349548400183,0.09146672487258911,-0.015182077884674072,0.0028100764462806183,0.09125638008117676,-0.016675055027008057,0.019228907170713683,0.07899004220962524,-0.01138538122177124,0.025544369461954375,0.0661972165107727,-0.0069471001625061035,0.02696971954685523
0.0,0.0,0.0,0.00568699836730957,-0.05873841047286987,0.00758112703888969,0.020689010620117188,-0.09835159778594971,0.007333287666284605,0.04238182306289673,-0.11552220582962036,0.005768544668995901,0.05342817306518555,-0.11745065450668335,0.004827734711312814,0.06624799966812134,-0.11035388708114624,-0.002200298779911236,0.08496874570846558,-0.0926675796508789,0.00550334590926127,0.07155489921569824,-0.07658123970031738,0.012618410098099275,0.05730718374252319,-0.06999331712722778,0.016183656337403818,0.08361870050430298,-0.08022063970565796,-0.005801725969917015,0.09211379289627075,-0.06367653608322144,0.007333560543798967,0.0778578519821167,-0.05329334735870361,0.012652613850974603,0.06403446197509766,-0.04836690425872803,0.012211858923279806,0.09113311767578125,-0.04625135660171509,-0.007237242837703661,0.09502887725830078,-0.03619033098220825,0.005514517123543783,0.0819547176361084,-0.027779996395111084,0.008177856611752077,0.06709116697311401,-0.024223625659942627,0.004990186239325567,0.09369456768035889,-0.014276266098022461,-0.008095804904854731,0.09360271692276001,-0.009541809558868408,0.002085001370602413,0.08072060346603394,-0.004643261432647705,0.006850744760328098,0.06700849533081055,-0.0023393630981445312,0.008271457324468656
0.0,0.0,0.0,0.009089529514312744,-0.05981874465942383,0.007226104845244663,0.02599477767944336,-0.09365171194076538,0.006398684808004873,0.050113141536712646,-0.10008877515792847,0.003993619230527656,0.06359893083572388,-0.09092569351196289,0.002374660919372218,0.07044953107833862,-0.10727208852767944,-0.0010647503687550852,0.08957993984222412,-0.0896143913269043,0.005116336044807213,0.07686090469360352,-0.07447320222854614,0.010851421390611904,0.06301641464233398,-0.06878769397735596,0.013676338826257961,0.08657866716384888,-0.07622909545898438,-0.005129599946599228,0.09741538763046265,-0.060496509075164795,0.006578218654681223,0.08369755744934082,-0.05045217275619507,0.011618774381418007,0.06990712881088257,-0.046215832233428955,0.011355267834801452,0.0933576226234436,-0.04206579923629761,-0.007308640985797865,0.09952455759048462,-0.03373062610626221,0.004350744184989708,0.08681279420852661,-0.025632858276367188,0.007934511636335628,0.07199907302856445,-0.022449493408203125,0.0057136877411494424,0.09488731622695923,-0.01070094108581543,-0.009105130101602299,0.09557843208312988,-0.006697297096252441,0.0005799274048285952,0.083202064037323,-0.0016870498657226562,0.006099767980117576,0.06968122720718384,0.0004373788833618164,0.008260123428840416
0.0,0.0,0.0,0.017887771129608154,-0.05849188566207886,0.009528856550019782,0.04281163215637207,-0.08949440717697144,0.010282811534267466,0.06982934474945068,-0.094798743724823,0.009298746299606364,0.08528029918670654,-0.08976346254348755,0.009698144917052787,0.07224535942077637,-0.10609912872314453,-0.001631772552940447,0.10705775022506714,-0.09182387590408325,0.0026916424396006278,0.09650582075119019,-0.07466942071914673,0.010199039068680804,0.08264577388763428,-0.07116919755935669,0.015386059705775779,0.08423101902008057,-0.07535266876220703,-0.006685741885888774,0.11260509490966797,-0.06518489122390747,0.002547301876035135,0.09809643030166626,-0.05361759662628174,0.010147067543726962,0.08309823274612427,-0.05218321084976196,0.012564942066234153,0.09086614847183228,-0.04149830341339111,-0.009977386507529218,0.11224484443664551,-0.03735637664794922,0.0009083437036281339,0.09837377071380615,-0.028421342372894287,0.007834329095345538,0.08295917510986328,-0.028066933155059814,0.008103975851696532,0.09347277879714966,-0.00979691743850708,-0.012726612563568551,0.10186344385147095,-0.009388327598571777,-0.0031257403896631786,0.08979034423828125,-0.004860103130340576,0.003606462676685851,0.07716637849807739,-0.004464209079742432,0.0064739098890242985
0.0,0.0,0.0,0.015778422355651855,-0.056045353412628174,0.009573799200609301,0.0397413969039917,-0.0891466736793518,0.010489781961098288,0.06539499759674072,-0.09839260578155518,0.009368328951552485,0.07886707782745361,-0.09747785329818726,0.00960030929769573,0.07074999809265137,-0.10887336730957031,3.6622662321406096e-05,0.10395324230194092,-0.09550738334655762,0.003746599300086473,0.09471690654754639,-0.07697862386703491,0.010170682907357786,0.08144080638885498,-0.07263565063476562,0.014557405017569636,0.08290845155715942,-0.0800853967666626,-0.005853425603106643,0.11132752895355225,-0.0676315426826477,0.002220726913094495,0.09776818752288818,-0.053659021854400635,0.009010819360867117,0.08279138803482056,-0.052006423473358154,0.01124326010818777,0.08976608514785767,-0.04693096876144409,-0.01018613519494238,0.11184066534042358,-0.038384318351745605,-0.0005853882257156329,0.09778302907943726,-0.02801811695098877,0.0060565645026713355,0.08229321241378784,-0.027731359004974365,0.006588667273774718,0.09226477146148682,-0.01506870985031128,-0.014065659962341215,0.10221725702285767,-0.009169995784759521,-0.005633767585948135,0.08980649709701538,-0.0034311413764953613,0.0009450085845514877,0.0769607424736023,-0.0029219388961791992,0.003986787159249161
0.0,0.0,0.0,0.015562355518341064,-0.05809497833251953,0.008022068681356131,0.03804200887680054,-0.09010368585586548,0.007914701158341586,0.06473749876022339,-0.0993720293045044,0.00649606544354242,0.08128303289413452,-0.09766364097595215,0.006509143075135171,0.07004868984222412,-0.10848313570022583,-0.004984523488047898,0.10511088371276855,-0.09576433897018433,-0.0007054835132578319,0.09612441062927246,-0.07924914360046387,0.007582343330767571,0.083171546459198,-0.07581514120101929,0.013320041502055346,0.08260267972946167,-0.07763493061065674,-0.009515051117006124,0.11157113313674927,-0.06860989332199097,-0.0008187628391453927,0.09764820337295532,-0.057061195373535156,0.007035866061386287,0.08286666870117188,-0.055359601974487305,0.009670329893168628,0.08968859910964966,-0.04345768690109253,-0.012150422988298715,0.11264258623123169,-0.04142647981643677,-0.0017106084542604094,0.09912234544754028,-0.03216809034347534,0.005634746661570489,0.08380347490310669,-0.03125488758087158,0.006235922834065377,0.09274405241012573,-0.011870741844177246,-0.014277063628497899,0.10435837507247925,-0.014030933380126953,-0.005135399607780755,0.09323197603225708,-0.00906360149383545,0.001937801049251675,0.08113265037536621,-0.007967054843902588,0.005133363099929511
0.0,0.0,0.0,0.018461763858795166,-0.05853533744812012,0.010710731504474325,0.043285250663757324,-0.09032422304153442,0.011186233146105451,0.07059943675994873,-0.09482771158218384,0.00967629475704257,0.08614307641983032,-0.08383530378341675,0.009648078476999444,0.07274144887924194,-0.10882693529129028,-0.0023837789129572684,0.10820341110229492,-0.09714245796203613,0.0024264144077790206,0.09744119644165039,-0.07856482267379761,0.010897902196262521,0.08286833763122559,-0.07394099235534668,0.01673198526910369,0.08457762002944946,-0.0788835883140564,-0.008309026824321109,0.11455106735229492,-0.06782805919647217,0.0010860005924371308,0.09999799728393555,-0.0544469952583313,0.009078641777847452,0.08447426557540894,-0.05269819498062134,0.011698626337562246,0.09109091758728027,-0.045307040214538574,-0.01213080307283576,0.11344361305236816,-0.039116740226745605,-0.00042865497457000856,0.09939152002334595,-0.028683364391326904,0.007353217231099052,0.08315563201904297,-0.028042316436767578,0.007912480628107232,0.09318214654922485,-0.0140380859375,-0.015354593859996157,0.10336524248123169,-0.010791003704071045,-0.004788674989725905,0.09122389554977417,-0.004927217960357666,0.002954742062826199,0.07762962579727173,-0.004748106002807617,0.006386680884276075
0.0,0.0,0.0,0.01682865619659424,-0.06080770492553711,0.009020883758580567,0.04243206977844238,-0.0932510495185852,0.010231911373352887,0.07116591930389404,-0.09908723831176758,0.00996589025578487,0.08700436353683472,-0.08854860067367554,0.011360133235370995,0.07055366039276123,-0.1101299524307251,-0.0015468669067786323,0.10572552680969238,-0.09955692291259766,0.0035387328183560385,0.09529906511306763,-0.08230602741241455,0.012078974564587952,0.08082008361816406,-0.07783770561218262,0.017988229339039208,0.08292227983474731,-0.07876300811767578,-0.0059629253288449036,0.11200791597366333,-0.07320922613143921,0.002955828496283175,0.09746825695037842,-0.06120103597640991,0.010450312105035664,0.08201336860656738,-0.05814880132675171,0.013105288316523911,0.09003490209579468,-0.04452657699584961,-0.008480925875687717,0.11265480518341064,-0.04544687271118164,0.001998807006543757,0.098979651927948,-0.03569513559341431,0.009218251501238228,0.08290791511535645,-0.03341543674468994,0.010053327475702645,0.09255027770996094,-0.013319790363311768,-0.010425889695966362,0.10171616077423096,-0.016257822513580322,-0.0007227417141848491,0.09039938449859619,-0.0109671950340271,0.0064692154350041164,0.07798278331756592,-0.009141385555267334,0.009827152063166977
0.0,0.0,0.0,0.016520142555236816,-0.05805402994155884,0.011598156770702417,0.039645493030548096,-0.08969569206237793,0.012749359948571737,0.06509298086166382,-0.09994035959243774,0.011586176237102563,0.07982790470123291,-0.09936076402664185,0.011672583414252813,0.07145088911056519,-0.10910660028457642,-0.00040178695948611676,0.10730135440826416,-0.09816235303878784,0.004772704565908725,0.09694927930831909,-0.08067595958709717,0.012915987527009065,0.08299535512924194,-0.07664453983306885,0.01845798362606388,0.08343291282653809,-0.07943922281265259,-0.006672825658682768,0.11351019144058228,-0.07120758295059204,0.003010090678941424,0.09916305541992188,-0.05834430456161499,0.010624311869975145,0.08340775966644287,-0.056004226207733154,0.013016824616130407,0.0899457335472107,-0.04618227481842041,-0.010873318644229357,0.11257100105285645,-0.042974770069122314,0.0011034410037211728,0.09890526533126831,-0.03228342533111572,0.00829706714117151,0.08250224590301514,-0.030620157718658447,0.008479499263700063,0.09244364500045776,-0.014849185943603516,-0.014414480881754343,0.102813720703125,-0.013605833053588867,-0.0037843659464158463,0.09122437238693237,-0.007521986961364746,0.0034620023854188275,0.07774651050567627,-0.0064241886138916016,0.006568732211377437
0.0,0.0,0.0,0.01851898431777954,-0.057132065296173096,0.011870391218764098,0.04477357864379883,-0.08663219213485718,0.013679535611373694,0.07153528928756714,-0.08781898021697998,0.013253905362290652,0.08571767807006836,-0.07365697622299194,0.01403401188443354,0.07397216558456421,-0.10500586032867432,0.0015739561233942823,0.10941457748413086,-0.0923815369606018,0.0072621377360349015,0.09908157587051392,-0.07527554035186768,0.015252391359609874,0.08517032861709595,-0.0706973671913147,0.020580525993210586,0.0854753851890564,-0.07632172107696533,-0.004369790648269145,0.11488896608352661,-0.06432950496673584,0.00598281251157573,0.10045808553695679,-0.05143570899963379,0.013283554016453536,0.08532404899597168,-0.04914736747741699,0.015337190142673762,0.0912787914276123,-0.04303014278411865,-0.008300403581159799,0.11388736963272095,-0.03568321466445923,0.003415825561461361,0.10005223751068115,-0.02559041976928711,0.00985931467155865,0.08421057462692261,-0.02496802806854248,0.009663229360086234,0.09283345937728882,-0.01120460033416748,-0.011419186816709725,0.10399454832077026,-0.006969094276428223,-0.0008589495962212368,0.09151613712310791,-0.001869499683380127,0.006325134559375556,0.07781028747558594,-0.001916348934173584,0.009346959664327414
0.0,0.0,0.0,0.01798325777053833,-0.05561816692352295,0.013348038516141969,0.044214844703674316,-0.08323138952255249,0.015689575321175653,0.07081496715545654,-0.08530795574188232,0.015401181041397649,0.0854983925819397,-0.07357347011566162,0.01618631856808861,0.06888532638549805,-0.10155677795410156,0.0019422702939664305,0.10610264539718628,-0.08975660800933838,0.0064616997010489285,0.09532839059829712,-0.07242321968078613,0.01361129826227625,0.08159762620925903,-0.06867188215255737,0.018586003429390985,0.08017045259475708,-0.07382237911224365,-0.004997357518277568,0.11165642738342285,-0.06106150150299072,0.004332248794980842,0.09721523523330688,-0.04804646968841553,0.011449198446371156,0.08251082897186279,-0.047223806381225586,0.013492587230302888,0.08691346645355225,-0.04109245538711548,-0.00992830170025627,0.11162889003753662,-0.03171849250793457,0.0014354771451507986,0.09754705429077148,-0.02212148904800415,0.008527914269961911,0.08201992511749268,-0.022515475749969482,0.0087347833655258,0.0899922251701355,-0.009428083896636963,-0.014023427643678588,0.10224437713623047,-0.0031527280807495117,-0.0037930559151391208,0.08952111005783081,0.0017878413200378418,0.003487642130949098,0.07614576816558838,0.001270592212677002,0.006453853308357793
0.0,0.0,0.0,0.02234560251235962,-0.05009293556213379,0.015154434861642585,0.049952685832977295,-0.07502198219299316,0.016982971252900825,0.0774688720703125,-0.07359248399734497,0.015455015497309432,0.09213626384735107,-0.0595850944519043,0.01476168029944347,0.0767473578453064,-0.09278613328933716,0.0029801850021158316,0.11455899477005005,-0.08131372928619385,0.006838628118885026,0.1033395528793335,-0.0670592188835144,0.013651047395569549,0.08992940187454224,-0.06384581327438354,0.018192368121844993,0.08568394184112549,-0.06471920013427734,-0.005488580530482068,0.11930376291275024,-0.05216860771179199,0.0032817768212680676,0.10428345203399658,-0.04058957099914551,0.010560181485516296,0.09025132656097412,-0.04020506143569946,0.012116751195890174,0.08969193696975708,-0.03287804126739502,-0.011989342486458554,0.11893898248672485,-0.02353769540786743,-0.0017243126360426686,0.1040228009223938,-0.01501685380935669,0.0061162449699168064,0.08867049217224121,-0.016878843307495117,0.006533161299330459,0.09070241451263428,-0.002161860466003418,-0.017470187945264115,0.10908365249633789,0.00572580099105835,-0.008267835220294728,0.09713190793991089,0.01001352071762085,-0.0004626628372079722,0.08408898115158081,0.007995665073394775,0.0025877110008423188
0.0,0.0,0.0,0.02174478769302368,-0.046185851097106934,0.011995587186106604,0.05140489339828491,-0.07513511180877686,0.011450755098053378,0.07945531606674194,-0.07798159122467041,0.008241383978315753,0.0964469313621521,-0.06571704149246216,0.006155074727871579,0.07224017381668091,-0.09569066762924194,-0.006704625519773799,0.11516773700714111,-0.08793103694915771,-0.008527520424536306,0.1035761833190918,-0.07270538806915283,-0.003796425261384684,0.08788609504699707,-0.06946343183517456,0.00040452750647546054,0.07794398069381714,-0.06917804479598999,-0.015815292796901304,0.11998307704925537,-0.05926692485809326,-0.013815865232459146,0.10468888282775879,-0.047269999980926514,-0.007248909058830577,0.08884274959564209,-0.048015594482421875,-0.00459117752950533,0.08044248819351196,-0.037912070751190186,-0.023069457462838727,0.11924880743026733,-0.03040677309036255,-0.01949589265029772,0.10354739427566528,-0.02115046977996826,-0.009954300089589196,0.08764809370040894,-0.023281216621398926,-0.00638861519735201,0.07974094152450562,-0.007144153118133545,-0.029281632355264264,0.11095607280731201,-0.0011507272720336914,-0.02542100226025923,0.097567617893219,0.0028739571571350098,-0.015994138396195012,0.08245342969894409,0.0006579756736755371,-0.01069259861003502
0.0,0.0,0.0,0.02555716037750244,-0.053585827350616455,0.009300656594916745,0.05757343769073486,-0.08127105236053467,0.008770337306543752,0.08862197399139404,-0.0812491774559021,0.006639993262126609,0.10421401262283325,-0.06743955612182617,0.005643570308222934,0.08635151386260986,-0.09184509515762329,-0.00789005311520441,0.12355941534042358,-0.07760059833526611,-0.005864494036302403,0.11086148023605347,-0.06393194198608398,0.0016874914072673164,0.09612387418746948,-0.06087076663970947,0.006956941426381036,0.09399914741516113,-0.05712294578552246,-0.013630678899005488,0.1282637119293213,-0.043964385986328125,-0.00688585454912527,0.11187350749969482,-0.03475320339202881,0.0014116267921622239,0.09620392322540283,-0.03440934419631958,0.004121510755851432,0.09582406282424927,-0.019741415977478027,-0.017367521322682933,0.12482988834381104,-0.014329791069030762,-0.008993016577676372,0.10843145847320557,-0.007350921630859375,-0.0005751349016804852,0.09230506420135498,-0.008201003074645996,0.0006772225388544939,0.0935179591178894,0.014534592628479004,-0.020358692876413897,0.1125187873840332,0.0150032639503479,-0.012968668735936717,0.09932738542556763,0.017702698707580566,-0.0053428551399861135,0.0858774185180664,0.01766180992126465,-0.001952093465604321
0.0,0.0,0.0,0.026780366897583008,-0.05341207981109619,0.009823794320965362,0.05835068225860596,-0.08002293109893799,0.010172019556904388,0.08737319707870483,-0.07790833711624146,0.008678379312897277,0.10241752862930298,-0.0641055703163147,0.008350944922113968,0.08597695827484131,-0.09319639205932617,-0.005056488483404564,0.12415468692779541,-0.08036106824874878,-0.002854463101556348,0.11163198947906494,-0.06753456592559814,0.004419742462033582,0.09613567590713501,-0.06478387117385864,0.009687312722945762,0.09301245212554932,-0.057231009006500244,-0.010843328356003212,0.1281154751777649,-0.04692363739013672,-0.004283781319116997,0.11270928382873535,-0.0382235050201416,0.002987994191045118,0.0972292423248291,-0.037061214447021484,0.005239196897292686,0.09457069635391235,-0.01893550157546997,-0.014724920659517693,0.12432688474655151,-0.01706874370574951,-0.006284339509164738,0.10908776521682739,-0.010221123695373535,0.0014286409903263575,0.09312546253204346,-0.010060667991638184,0.0023876501552706486,0.0922766923904419,0.016391515731811523,-0.01780856323168223,0.11189264059066772,0.012736618518829346,-0.009907780370866703,0.09942233562469482,0.015707850456237793,-0.002141667918493795,0.08613502979278564,0.01653498411178589,0.0013883024992367154
0.0,0.0,0.0,0.024751484394073486,-0.057051777839660645,0.00631425921935147,0.05705392360687256,-0.0891118049621582,0.005080566472742021,0.08984798192977905,-0.09277498722076416,0.0027056017065376636,0.10722589492797852,-0.0829077959060669,0.0018391740381673571,0.0872265100479126,-0.09673315286636353,-0.00685500101056391,0.1249346137046814,-0.08496826887130737,-0.006107066561099828,0.11223846673965454,-0.0736846923828125,-0.0004195327415175143,0.09703892469406128,-0.07172924280166626,0.0037926945010156032,0.0942232608795166,-0.06126636266708374,-0.011342867546346724,0.12844973802566528,-0.05279618501663208,-0.00597501247059995,0.11276108026504517,-0.045557379722595215,0.0006780493644953367,0.09733313322067261,-0.044508397579193115,0.0027430762642950413,0.09588372707366943,-0.023483872413635254,-0.014386276983287871,0.12575310468673706,-0.02340114116668701,-0.007501397085007966,0.1105036735534668,-0.017283141613006592,7.019604680635894e-06,0.09429943561553955,-0.016780495643615723,0.0013379579981744882,0.09362584352493286,0.011538028717041016,-0.016970143922236502,0.1130685806274414,0.005586028099060059,-0.01064789974000746,0.10091161727905273,0.007605433464050293,-0.0034808148989498022,0.08774220943450928,0.009155809879302979,4.7251338827436484e-05
0.0,0.0,0.0,0.025706350803375244,-0.05539745092391968,0.008593880559317313,0.05608773231506348,-0.08227777481079102,0.007450435764155827,0.08628851175308228,-0.07879477739334106,0.004815174254588328,0.10253053903579712,-0.06324374675750732,0.0033618428157637936,0.08978074789047241,-0.09230059385299683,-0.007851226267405309,0.12609177827835083,-0.08035188913345337,-0.005678829283453979,0.11332720518112183,-0.06718391180038452,0.0017054657097901327,0.09818810224533081,-0.06388294696807861,0.00683521478157445,0.09776371717453003,-0.05617570877075195,-0.013261836965568818,0.13111728429794312,-0.04585921764373779,-0.006373433408327855,0.1148032546043396,-0.03748667240142822,0.001389740255660854,0.09926223754882812,-0.036668598651885986,0.0036566299265246016,0.09876394271850586,-0.01846247911453247,-0.016672064562328615,0.12772536277770996,-0.016979336738586426,-0.008069565531798162,0.11190813779830933,-0.010305047035217285,0.00013173352880357925,0.09587228298187256,-0.01065969467163086,0.0012107108365739805,0.09513461589813232,0.015900075435638428,-0.019346787606366433,0.11491125822067261,0.012690901756286621,-0.011204786610790052,0.10233807563781738,0.015307247638702393,-0.003006640833802976,0.08874934911727905,0.015316009521484375,0.0008162243054243845
0.0,0.0,0.0,0.025387883186340332,-0.05508100986480713,0.007526890752785675,0.05686616897583008,-0.08369767665863037,0.0068400426823131966,0.0866815447807312,-0.08281713724136353,0.004708575928532355,0.10273933410644531,-0.06708550453186035,0.004179295996152632,0.08747011423110962,-0.09269708395004272,-0.004673830321110017,0.12362551689147949,-0.08079707622528076,-0.0032054542974151445,0.11127346754074097,-0.0673179030418396,0.003229052439280622,0.0959634780883789,-0.06401151418685913,0.008027985138767235,0.09483599662780762,-0.05884069204330444,-0.009885993408090599,0.12898921966552734,-0.04803186655044556,-0.004361153667844064,0.11367738246917725,-0.03946101665496826,0.00219726926269459,0.09775227308273315,-0.03842872381210327,0.004535275889509194,0.09599405527114868,-0.022405624389648438,-0.013596254022843368,0.12553387880325317,-0.020117580890655518,-0.006440094759739168,0.11046218872070312,-0.012976586818695068,0.0008264443892471718,0.09408318996429443,-0.012512624263763428,0.002221611007996671,0.09246981143951416,0.011817634105682373,-0.016774280550009735,0.11220765113830566,0.009380578994750977,-0.009959904098934658,0.10003858804702759,0.0118827223777771,-0.002705336403153069,0.08656185865402222,0.012132644653320312,0.0009718135403886663
