0.0,0.0,0.0,0.02418658137321472,-0.048896968364715576,-0.010729484577026938,0.06035777926445007,-0.0886005163192749,-0.022178137991872404,0.08887660503387451,-0.12009632587432861,-0.032069150675383185,0.10259580612182617,-0.15469205379486084,-0.04285099389061031,0.07235223054885864,-0.06263697147369385,-0.035554766971912954,0.1254623532295227,-0.06570929288864136,-0.04947064103588161,0.15696460008621216,-0.06674081087112427,-0.055087276120033835,0.18174850940704346,-0.06661951541900635,-0.058400344420519446,0.07570037245750427,-0.021996617317199707,-0.037601091284599875,0.13545984029769897,-0.03067415952682495,-0.05087046356901226,0.1723560094833374,-0.036273419857025146,-0.05642815338477192,0.20084255933761597,-0.0404166579246521,-0.060788367260542486,0.07735985517501831,0.013167500495910645,-0.039009649623480414,0.13488435745239258,0.002897024154663086,-0.04983756350382862,0.1706225872039795,-0.0033940672874450684,-0.05597253920539913,0.19776904582977295,-0.010426998138427734,-0.060302611757364843,0.07752561569213867,0.04177314043045044,-0.040674329120960806,0.12112540006637573,0.03463387489318848,-0.048354901690331076,0.14711546897888184,0.028623998165130615,-0.051562641132917975,0.16838598251342773,0.020780980587005615,-0.054011624623385046
0.0,0.0,0.0,0.02595287561416626,-0.04985994100570679,-0.009997924411678127,0.06382301449775696,-0.08888393640518188,-0.019717522518718056,0.0934813916683197,-0.11914181709289551,-0.02790029215999823,0.10543233156204224,-0.15320271253585815,-0.03668283726462107,0.07464054226875305,-0.06358069181442261,-0.03286583776959162,0.13050240278244019,-0.06528085470199585,-0.04554345514067393,0.16350877285003662,-0.0654522180557251,-0.04984284247645121,0.18876433372497559,-0.06503510475158691,-0.05207266341336947,0.07842642068862915,-0.02283000946044922,-0.03473295699247103,0.13909119367599487,-0.030753374099731445,-0.0473859650958417,0.17689299583435059,-0.03514033555984497,-0.05195098425635081,0.20560473203659058,-0.03887462615966797,-0.0550250379312871,0.08052098751068115,0.012037277221679688,-0.036034204619014076,0.13758057355880737,0.003330051898956299,-0.046772596048199944,0.17286980152130127,-0.0007078051567077637,-0.05227449591644984,0.19970464706420898,-0.0064351558685302734,-0.05542553271540385,0.08081772923469543,0.039958298206329346,-0.03749305437692385,0.12518221139907837,0.03384345769882202,-0.04498270581849795,0.15177398920059204,0.029502570629119873,-0.047632579313599877,0.1735466718673706,0.02314126491546631,-0.04921791757830363
0.0,0.0,0.0,0.02659204602241516,-0.048787593841552734,-0.007049687628605916,0.06500497460365295,-0.08950084447860718,-0.016342089933314874,0.09587395191192627,-0.11807054281234741,-0.02439895780102308,0.11191534996032715,-0.1495189666748047,-0.03330841423288877,0.071330726146698,-0.06286883354187012,-0.034369402986922815,0.12587416172027588,-0.06603443622589111,-0.048143630337873056,0.15712672472000122,-0.06762683391571045,-0.05253934623018797,0.1822698712348938,-0.0684962272644043,-0.054352575403609826,0.0749371349811554,-0.02115809917449951,-0.03737133131639059,0.1375381350517273,-0.029879748821258545,-0.05194838852898176,0.176072359085083,-0.037162959575653076,-0.05579871447102125,0.20562785863876343,-0.04350996017456055,-0.05792865292445715,0.0773082971572876,0.013567686080932617,-0.03921720520869787,0.13735759258270264,0.0035864710807800293,-0.05143006653801496,0.1734234094619751,-0.004132449626922607,-0.054662649941602304,0.20045018196105957,-0.013902783393859863,-0.05548117817656095,0.078309565782547,0.040338873863220215,-0.04078060151354368,0.12790822982788086,0.03146559000015259,-0.047548392278113916,0.1545308232307434,0.023176729679107666,-0.04719280214325483,0.17490482330322266,0.012967348098754883,-0.04629432545320089
0.0,0.0,0.0,0.009935736656188965,-0.0172271728515625,-0.05125386104320029,0.009790360927581787,-0.030000686645507812,-0.0821133872899864,0.0038701891899108887,-0.04200929403305054,-0.10478086233471373,-0.0012238025665283203,-0.045342206954956055,-0.12657647043798903,-0.06135118007659912,-0.031161010265350342,-0.06623035878275374,-0.10293495655059814,-0.019963622093200684,-0.09394099027250746,-0.1332087516784668,-0.009952127933502197,-0.11510498285625914,-0.16286394000053406,0.0016996264457702637,-0.1289421638879631,-0.07702559232711792,-0.033396244049072266,-0.049091166112170015,-0.12674874067306519,-0.027024447917938232,-0.07483099609945754,-0.1619168519973755,-0.017546772956848145,-0.09347645402286986,-0.19333022832870483,-0.0018941164016723633,-0.10612560272549132,-0.08621615171432495,-0.03717440366744995,-0.03387593314383963,-0.13111922144889832,-0.030272185802459717,-0.054684067371830736,-0.16287505626678467,-0.0217781662940979,-0.06738744140003661,-0.18989622592926025,-0.010227203369140625,-0.07455913931463698,-0.09156167507171631,-0.04107308387756348,-0.022404827404365335,-0.1266123652458191,-0.03600931167602539,-0.03465451509092787,-0.15179646015167236,-0.028323650360107422,-0.0400490334663246,-0.17290660738945007,-0.01798248291015625,-0.04358473629091719
0.0,0.0,0.0,0.02311563491821289,-0.04673302173614502,-0.010640365834449383,0.06104835867881775,-0.08534526824951172,-0.021448867227052304,0.0922490656375885,-0.11257284879684448,-0.03003650141796932,0.1084599494934082,-0.14423131942749023,-0.03926483897409305,0.06711593270301819,-0.060636043548583984,-0.03945255635223255,0.12174278497695923,-0.06213170289993286,-0.05451370758852825,0.15362995862960815,-0.06309241056442261,-0.059750336985205266,0.17861807346343994,-0.06381851434707642,-0.06209465844473705,0.07001081109046936,-0.018901586532592773,-0.040826171468113515,0.13200771808624268,-0.02619117498397827,-0.05688373355111942,0.17063742876052856,-0.03227663040161133,-0.06187115220270023,0.19992715120315552,-0.03817826509475708,-0.06455504504880771,0.07217815518379211,0.016136229038238525,-0.041118606756542775,0.13101303577423096,0.007058978080749512,-0.054881911556337926,0.16754037141799927,7.569789886474609e-06,-0.05965007079682216,0.19511377811431885,-0.009767889976501465,-0.061328459362600896,0.07306423783302307,0.04305076599121094,-0.041310161183689686,0.11952859163284302,0.037232279777526855,-0.04996672255835399,0.14567750692367554,0.030550479888916016,-0.05126426724634037,0.16538596153259277,0.020505905151367188,-0.05130655301651821
0.0,0.0,0.0,0.030139237642288208,-0.049951374530792236,-0.0071709947013811615,0.07018253207206726,-0.08748555183410645,-0.014568221690650418,0.10163173079490662,-0.11422675848007202,-0.020771257514651253,0.11661112308502197,-0.14452236890792847,-0.02754287042706771,0.07744914293289185,-0.062060415744781494,-0.029571402753289178,0.13123458623886108,-0.0666157603263855,-0.04252494306355281,0.1647167205810547,-0.06736016273498535,-0.04707265080004497,0.19054895639419556,-0.0670919418334961,-0.04923909709840579,0.08069312572479248,-0.020870327949523926,-0.032300552288587525,0.14234590530395508,-0.029523789882659912,-0.04547800676017566,0.18127989768981934,-0.03533560037612915,-0.0494364816048698,0.21090632677078247,-0.040041327476501465,-0.051833597878511384,0.0826055109500885,0.014027535915374756,-0.03436679572850032,0.14138174057006836,0.003981888294219971,-0.04533164755492969,0.17810344696044922,-0.0023107528686523438,-0.049458650807435944,0.20653539896011353,-0.00951308012008667,-0.05133820504933162,0.08296462893486023,0.04084068536758423,-0.03645621792465015,0.13013499975204468,0.032750725746154785,-0.04372482554107471,0.15747994184494019,0.02533423900604248,-0.045237438688571885,0.17971956729888916,0.016466856002807617,-0.04583755315333171
0.0,0.0,0.0,0.013385415077209473,-0.04598873853683472,-0.008366341951031586,0.02254834771156311,-0.08489584922790527,-0.01988331253333797,0.032563984394073486,-0.11092650890350342,-0.030766694123585125,0.0395166277885437,-0.13540399074554443,-0.04275077233715763,-0.0011072158813476562,-0.06285083293914795,-0.037192389617402455,0.013903915882110596,-0.0759819746017456,-0.05270600716276874,0.028577834367752075,-0.07548648118972778,-0.060968440274436375,0.0384330153465271,-0.07061445713043213,-0.06569337124629726,-0.003314197063446045,-0.027553975582122803,-0.04019111047192325,0.02141442894935608,-0.03636831045150757,-0.05412432948752155,0.03938168287277222,-0.03851306438446045,-0.056688908735949894,0.04573780298233032,-0.03785872459411621,-0.059838511298139,-0.00040015578269958496,0.005877077579498291,-0.042480066667039296,0.02338281273841858,0.0004146099090576172,-0.05774160499377956,0.038243114948272705,-0.004998266696929932,-0.05846324215336551,0.041299641132354736,-0.009172976016998291,-0.057991959402997395,0.003906965255737305,0.03506743907928467,-0.044868115584094426,0.027982890605926514,0.03085237741470337,-0.05766439835234394,0.04162245988845825,0.023572444915771484,-0.05851526955767383,0.04575985670089722,0.016487717628479004,-0.05876715878649463
0.0,0.0,0.0,-0.007089972496032715,-0.04696005582809448,-0.01128604432078717,-0.024990946054458618,-0.09124141931533813,-0.02796283533307431,-0.030535727739334106,-0.12339943647384644,-0.04304852319392083,-0.029000550508499146,-0.15073877573013306,-0.06081113947066186,-0.040763795375823975,-0.07799863815307617,-0.04923996312054513,-0.04455900192260742,-0.08418315649032593,-0.06970475224288819,-0.027773797512054443,-0.0779384970664978,-0.08695872483285783,-0.00931614637374878,-0.06620019674301147,-0.10036430118116257,-0.04386723041534424,-0.0371708869934082,-0.05285832268627999,-0.03547680377960205,-0.03865766525268555,-0.0633192842963588,-0.018978774547576904,-0.03748589754104614,-0.06735322234662888,-0.001170814037322998,-0.03224813938140869,-0.07614717242750046,-0.03984469175338745,-0.00015604496002197266,-0.055449422276343086,-0.037606239318847656,0.0022056102752685547,-0.07050630805524705,-0.02544724941253662,0.0013579726219177246,-0.07233850268157838,-0.013395309448242188,0.004638791084289551,-0.07782302407058594,-0.03669336438179016,0.030503511428833008,-0.05853995291026948,-0.05887961387634277,0.04019045829772949,-0.07832631078990815,-0.07547101378440857,0.04372674226760864,-0.08123873529466508,-0.08782428503036499,0.05001276731491089,-0.08486836758884309
0.0,0.0,0.0,0.012209534645080566,-0.03803819417953491,-0.051455108795636306,-0.0003432631492614746,-0.06702578067779541,-0.07973702472853006,-0.017593979835510254,-0.09870392084121704,-0.0985938779752189,-0.03267467021942139,-0.12312883138656616,-0.11714593542026819,-0.06960189342498779,-0.026401400566101074,-0.07387203199075998,-0.11031234264373779,-0.008746743202209473,-0.09890662354635538,-0.13821297883987427,-0.00010496377944946289,-0.11806668562101663,-0.1684790849685669,0.010963678359985352,-0.13211655092644037,-0.08435758948326111,-0.016387104988098145,-0.05543679592418016,-0.13690263032913208,0.0016467571258544922,-0.07801030052112878,-0.16772887110710144,0.0030449628829956055,-0.09500816685365976,-0.19716191291809082,0.01094585657119751,-0.10887895000385583,-0.09077998995780945,-0.014729738235473633,-0.03800637123393358,-0.13704034686088562,-0.01072758436203003,-0.056591121826642166,-0.15640133619308472,-0.019146263599395752,-0.06810846400665582,-0.17520517110824585,-0.01928865909576416,-0.07671877962755502,-0.09292122721672058,-0.017107009887695312,-0.02402478677439035,-0.1261214315891266,-0.01720064878463745,-0.03973836672710718,-0.14446929097175598,-0.01891535520553589,-0.0474921971301967,-0.16074883937835693,-0.014706194400787354,-0.05326016468214334
0.0,0.0,0.0,0.008589446544647217,-0.04566711187362671,-0.05001590693739644,-0.006314516067504883,-0.08479946851730347,-0.07709538856891385,-0.026670515537261963,-0.12263286113739014,-0.09513142625240079,-0.040170133113861084,-0.15437185764312744,-0.11268538901952496,-0.06567531824111938,-0.02705937623977661,-0.07103867004064313,-0.10574397444725037,-0.010164201259613037,-0.09623888055232754,-0.13226723670959473,0.0030679702758789062,-0.11447749952224484,-0.15859955549240112,0.01494300365447998,-0.12693219552186719,-0.07835900783538818,-0.009819388389587402,-0.0534201591685175,-0.12662330269813538,0.005236387252807617,-0.076255551673448,-0.15908297896385193,0.008275210857391357,-0.09178593675044766,-0.18806999921798706,0.014824509620666504,-0.1038543275967001,-0.08389413356781006,-0.0024222731590270996,-0.03716914276031247,-0.12534606456756592,-0.0019165873527526855,-0.055734037555730254,-0.14865824580192566,-0.007851660251617432,-0.06548970112947217,-0.1703374683856964,-0.010052621364593506,-0.07223192522672406,-0.08532312512397766,0.0007225275039672852,-0.024471950851356894,-0.11762255430221558,0.0005550384521484375,-0.038950673438584715,-0.1388016641139984,9.697675704956055e-05,-0.04527346710113278,-0.15790504217147827,0.0016675591468811035,-0.049596923537528426
0.0,0.0,0.0,0.008568763732910156,-0.03552526235580444,-0.051644449336990306,-0.006039321422576904,-0.0658116340637207,-0.08093412335084338,-0.02520960569381714,-0.09969192743301392,-0.10077587629722018,-0.036845624446868896,-0.12921452522277832,-0.12000711376832385,-0.0688135027885437,-0.026874244213104248,-0.07746207083629031,-0.11241006851196289,-0.007185816764831543,-0.10628119225667376,-0.14024639129638672,0.005507946014404297,-0.1282922562496509,-0.17038637399673462,0.021018564701080322,-0.1440262284414615,-0.0834704041481018,-0.016286611557006836,-0.05942073578999896,-0.1385895013809204,-0.0015488862991333008,-0.08402413989470858,-0.1611989140510559,-0.0021706223487854004,-0.10026783610747714,-0.18258455395698547,0.005917191505432129,-0.11345148201154132,-0.0908505916595459,-0.012310326099395752,-0.042676714463695475,-0.13628295063972473,-0.01400846242904663,-0.06301005299256701,-0.136198490858078,-0.0278356671333313,-0.07170502211020846,-0.13473200798034668,-0.027075350284576416,-0.07749486829207797,-0.09470546245574951,-0.009927749633789062,-0.029582464350923487,-0.1290646195411682,-0.007744550704956055,-0.0464479897456016,-0.14153996109962463,-0.009148240089416504,-0.05393141622708697,-0.15085071325302124,-0.0011454224586486816,-0.059123994065984675
0.0,0.0,0.0,-0.014010608196258545,-0.05565375089645386,-0.008007666415370096,-0.037858426570892334,-0.09713327884674072,-0.011444297007120241,-0.05764287710189819,-0.12797611951828003,-0.015919384865856756,-0.07806414365768433,-0.14562511444091797,-0.021000151841736425,-0.08866679668426514,-0.078838050365448,0.0018753406192892896,-0.1213427484035492,-0.092384934425354,-0.006883841327226747,-0.13986864686012268,-0.09297287464141846,-0.016701632498598684,-0.15645834803581238,-0.09296655654907227,-0.02490861466417371,-0.09723159670829773,-0.05726814270019531,-0.0013114241583487285,-0.13681340217590332,-0.052853941917419434,-0.012135137191808809,-0.16833102703094482,-0.04605889320373535,-0.02662416858861505,-0.19657695293426514,-0.037719547748565674,-0.03793711340317785,-0.0984218418598175,-0.03526628017425537,-0.006191501247531761,-0.13999533653259277,-0.030949950218200684,-0.019580218328929533,-0.17203634977340698,-0.02285224199295044,-0.03208458921203672,-0.19736793637275696,-0.014408469200134277,-0.04064210629353582,-0.09396499395370483,-0.015000522136688232,-0.011514630487955202,-0.1284787952899933,-0.011270284652709961,-0.024682854621506323,-0.15485206246376038,-0.0040604472160339355,-0.0322432679522997,-0.1770542860031128,0.003924846649169922,-0.037194838135338415
0.0,0.0,0.0,-0.020500779151916504,-0.06575149297714233,-0.00039870205286973714,-0.05230778455734253,-0.11383205652236938,-0.00275165134294042,-0.07594287395477295,-0.1543358564376831,-0.007436843944695681,-0.09009277820587158,-0.18449437618255615,-0.012394677272048682,-0.09384065866470337,-0.10387295484542847,-0.0023144244979889095,-0.11713212728500366,-0.12558424472808838,-0.014976798912492484,-0.10715249180793762,-0.12415820360183716,-0.02405710926463911,-0.10022801160812378,-0.11925649642944336,-0.03015611542573282,-0.09892874956130981,-0.07259619235992432,-0.009599030373600215,-0.12034717202186584,-0.08716577291488647,-0.02353883756509134,-0.10958594083786011,-0.08249592781066895,-0.032391397638228625,-0.10360884666442871,-0.07323485612869263,-0.038755158318188876,-0.09792369604110718,-0.03829085826873779,-0.018275995163229197,-0.12686768174171448,-0.04718977212905884,-0.03409060685148546,-0.12691766023635864,-0.04015380144119263,-0.039542807621863574,-0.12958425283432007,-0.029297173023223877,-0.04258883593788454,-0.09235525131225586,-0.0021072030067443848,-0.026499538106826037,-0.12986677885055542,0.0007523894309997559,-0.04196494294514963,-0.15112996101379395,0.005835771560668945,-0.04905039666405031,-0.17199993133544922,0.010619759559631348,-0.05309651641359636
0.0,0.0,0.0,-0.017380475997924805,-0.06541967391967773,0.0015148515404206364,-0.05030268430709839,-0.11368775367736816,-0.0005339062017384322,-0.07857465744018555,-0.14910560846328735,-0.005133958108629599,-0.09885916113853455,-0.17249321937561035,-0.009628303389902726,-0.08246910572052002,-0.10713690519332886,-0.0011496658380139024,-0.10924774408340454,-0.129916250705719,-0.009829497005696908,-0.10101571679115295,-0.12599867582321167,-0.015291132073755875,-0.09449785947799683,-0.1220598816871643,-0.019379153888579026,-0.08660441637039185,-0.0797993540763855,-0.0081528062409717,-0.11060351133346558,-0.0968748927116394,-0.014419694472010747,-0.09982025623321533,-0.09316021203994751,-0.01719229486202778,-0.09210693836212158,-0.08638644218444824,-0.021302899386640206,-0.0865439772605896,-0.047582387924194336,-0.016282031353469506,-0.11203378438949585,-0.0641440749168396,-0.024223683442826882,-0.10368117690086365,-0.059796929359436035,-0.02458713952815117,-0.09877762198448181,-0.051197052001953125,-0.02638477277373852,-0.08457458019256592,-0.013090014457702637,-0.024163808714504853,-0.11421644687652588,-0.02002781629562378,-0.03373855729019226,-0.12047657370567322,-0.02087247371673584,-0.03702932227766098,-0.1266869306564331,-0.01689434051513672,-0.03949334476506294
0.0,0.0,0.0,-0.028055846691131592,-0.06242990493774414,0.002907282628067165,-0.06301122903823853,-0.11157673597335815,0.0013848030492145114,-0.08174139261245728,-0.14981022477149963,-0.0021132843550812908,-0.09071999788284302,-0.18150705099105835,-0.007485740862838597,-0.07934260368347168,-0.09159135818481445,-0.001399873218550951,-0.11739775538444519,-0.09466436505317688,-0.010858530223421425,-0.13681530952453613,-0.0878785252571106,-0.01899930280452189,-0.14961695671081543,-0.08331745862960815,-0.024821413725666375,-0.08554947376251221,-0.05925869941711426,-0.007834175646356911,-0.1244158148765564,-0.055821776390075684,-0.01600250233714995,-0.14991465210914612,-0.04800158739089966,-0.024473166137985558,-0.16857972741127014,-0.04132485389709473,-0.0316130929142755,-0.08573609590530396,-0.02414637804031372,-0.014408391945115895,-0.12936246395111084,-0.02035701274871826,-0.024666165977768273,-0.1577930450439453,-0.008727192878723145,-0.03173659001295981,-0.17933443188667297,0.0003591179847717285,-0.036751728549651475,-0.08079272508621216,0.007230579853057861,-0.019876431718520493,-0.11852860450744629,0.014021694660186768,-0.02941317860787329,-0.14277559518814087,0.025398612022399902,-0.033026695296220154,-0.16324883699417114,0.034715473651885986,-0.03507374976580557
0.0,0.0,0.0,-0.028598546981811523,-0.0675690770149231,0.0018468465780152599,-0.06322067975997925,-0.11911973357200623,-0.0008118747143761595,-0.08498519659042358,-0.15758371353149414,-0.004800096584180125,-0.09585458040237427,-0.19109809398651123,-0.010247850754925736,-0.08469820022583008,-0.09647658467292786,-0.010716714860567578,-0.1248970627784729,-0.10081350803375244,-0.02343869764513684,-0.13865599036216736,-0.0987733006477356,-0.030743621254035958,-0.1440785527229309,-0.09374383091926575,-0.034823831135103234,-0.09227150678634644,-0.06286454200744629,-0.017186241188714035,-0.13507375121116638,-0.06150859594345093,-0.028512470388481148,-0.1595921516418457,-0.05490875244140625,-0.035510305279562004,-0.17372405529022217,-0.04412508010864258,-0.04119428243643952,-0.09294712543487549,-0.025882244110107422,-0.023674283140966423,-0.14018917083740234,-0.02288919687271118,-0.03673848506219102,-0.1692017912864685,-0.009588778018951416,-0.043776910716363915,-0.18761464953422546,0.0024254322052001953,-0.0487067475558014,-0.08795112371444702,0.009188234806060791,-0.0289630852282734,-0.12682563066482544,0.015420019626617432,-0.04339414458877755,-0.1532723307609558,0.026292860507965088,-0.05037229877121163,-0.17329952120780945,0.03692293167114258,-0.05444942411191178
0.0,0.0,0.0,-0.029412031173706055,-0.06706923246383667,0.0007844441641680078,-0.0654858946800232,-0.11721792817115784,-0.00021654168827467402,-0.09039932489395142,-0.1534218192100525,-0.0022235698344559296,-0.1058570146560669,-0.18271219730377197,-0.005687181539684616,-0.08980250358581543,-0.09303945302963257,-0.007646143138259731,-0.1314009428024292,-0.09379824995994568,-0.019055290780812584,-0.14951357245445251,-0.08769908547401428,-0.026065638922005974,-0.15942111611366272,-0.08158090710639954,-0.030228516720086418,-0.09720474481582642,-0.05895301699638367,-0.012949985153824173,-0.1418134868144989,-0.04833853244781494,-0.0239017295463384,-0.1719510853290558,-0.0354762077331543,-0.03261128131285318,-0.19240784645080566,-0.022401750087738037,-0.039399881549030624,-0.09683722257614136,-0.023265719413757324,-0.01842429179683336,-0.14406520128250122,-0.011815190315246582,-0.03263440418973573,-0.1769411265850067,0.004524588584899902,-0.04266851831212648,-0.19865387678146362,0.017314136028289795,-0.049248386807590805,-0.0903477668762207,0.008542180061340332,-0.022663267962485634,-0.12796318531036377,0.01749628782272339,-0.0384882955624164,-0.15602949261665344,0.030043423175811768,-0.04709398064747461,-0.17777353525161743,0.04145699739456177,-0.052138548977524124
0.0,0.0,0.0,-0.032621562480926514,-0.06709259748458862,-0.0007966086835722308,-0.0698356032371521,-0.12021839618682861,-0.0026324629419605117,-0.09021931886672974,-0.15879976749420166,-0.005096990671859203,-0.09924733638763428,-0.19130131602287292,-0.009431935903535305,-0.09404271841049194,-0.0877450704574585,-0.013909395840869365,-0.1389409601688385,-0.07956904172897339,-0.026810209323571144,-0.16247594356536865,-0.0673920214176178,-0.0343074640826444,-0.17789864540100098,-0.05728501081466675,-0.03916175576011938,-0.10001230239868164,-0.05350625514984131,-0.01955780858259004,-0.1513744592666626,-0.028703629970550537,-0.032389706988738,-0.18721431493759155,-0.007732093334197998,-0.041402085740969596,-0.21208235621452332,0.01028144359588623,-0.048810302336619316,-0.09795641899108887,-0.019275009632110596,-0.025387917702005325,-0.15050506591796875,-0.0011031627655029297,-0.04169041948478025,-0.18774500489234924,0.016917109489440918,-0.05278411792676252,-0.2118009328842163,0.031170129776000977,-0.06018024223010343,-0.08968311548233032,0.007887065410614014,-0.030079818387434898,-0.1287543773651123,0.01454693078994751,-0.04830191569487852,-0.15733182430267334,0.025652706623077393,-0.05814376013438505,-0.17902886867523193,0.03779125213623047,-0.06430941360156339
0.0,0.0,0.0,-0.02807241678237915,-0.06903454661369324,0.0028226300539628824,-0.06387358903884888,-0.12240538001060486,0.0019084142452285846,-0.08573585748672485,-0.16412511467933655,-0.000896756707113866,-0.09589231014251709,-0.19810408353805542,-0.005312613032181446,-0.08852702379226685,-0.09697023034095764,-0.0019912259256287257,-0.1277037262916565,-0.10409656167030334,-0.012197294558752958,-0.1432974934577942,-0.09550097584724426,-0.020247340488602106,-0.15448173880577087,-0.08700579404830933,-0.02578718988912243,-0.0956723690032959,-0.06208103895187378,-0.008738780680467073,-0.13658854365348816,-0.05817693471908569,-0.018412240135837976,-0.16089433431625366,-0.046906232833862305,-0.02815731829719681,-0.17955750226974487,-0.034930646419525146,-0.03623500122444767,-0.09591817855834961,-0.02499854564666748,-0.015567513469029848,-0.14124855399131775,-0.021430134773254395,-0.027122536960412447,-0.1690167784690857,-0.0078621506690979,-0.03537960006611485,-0.18931159377098083,0.004127025604248047,-0.041505303520132486,-0.09057557582855225,0.007650971412658691,-0.021268129635025446,-0.13010558485984802,0.01204681396484375,-0.033221453714538995,-0.15567588806152344,0.02249377965927124,-0.03881169884221691,-0.1767462193965912,0.03182399272918701,-0.042323295313288156
0.0,0.0,0.0,-0.02098459005355835,-0.06224250793457031,0.00043483948214628754,-0.052342891693115234,-0.1054900586605072,0.00031637909236081896,-0.07745563983917236,-0.13351091742515564,-0.0010494441714072877,-0.09610611200332642,-0.14682543277740479,-0.00366181132736898,-0.07828432321548462,-0.08422178030014038,0.0013065723713552302,-0.11680129170417786,-0.09173673391342163,-0.005343449510441189,-0.13762253522872925,-0.08552628755569458,-0.011743154119507437,-0.15171170234680176,-0.07821747660636902,-0.01654607776905692,-0.0870937705039978,-0.05240321159362793,-0.002843575294868117,-0.12935388088226318,-0.04168832302093506,-0.008975038047687178,-0.15869593620300293,-0.03052729368209839,-0.01798629735018409,-0.17922112345695496,-0.017516493797302246,-0.02593190942312873,-0.08909744024276733,-0.020828723907470703,-0.007389141455099946,-0.132260262966156,-0.014127612113952637,-0.01611084465290702,-0.16071105003356934,-0.004766523838043213,-0.02476998765374816,-0.17977941036224365,0.004736900329589844,-0.031401226039783126,-0.08347785472869873,0.002869248390197754,-0.011126734059111243,-0.11993798613548279,0.008305490016937256,-0.021331391971365576,-0.14366430044174194,0.01760333776473999,-0.026612613092915183,-0.1619216799736023,0.02710115909576416,-0.02990471918489135
0.0,0.0,0.0,-0.025518953800201416,-0.0745057761669159,0.00019163572605407353,-0.05874544382095337,-0.12372040748596191,-0.000818630406598686,-0.0871019959449768,-0.1573825180530548,-0.003739672264515548,-0.10673487186431885,-0.18431276082992554,-0.007983090606018095,-0.09071558713912964,-0.10812121629714966,-0.000361053755938201,-0.13051673769950867,-0.12394088506698608,-0.012239028949721842,-0.14555472135543823,-0.12464278936386108,-0.021493387658580332,-0.15427929162979126,-0.1265510618686676,-0.027838208962663202,-0.09921669960021973,-0.07756537199020386,-0.00656510681702116,-0.13881635665893555,-0.08402767777442932,-0.01978075063644269,-0.16312190890312195,-0.07844376564025879,-0.031263561238034754,-0.18107476830482483,-0.07431089878082275,-0.03969908251283982,-0.10150659084320068,-0.04217377305030823,-0.013620851811452894,-0.14553716778755188,-0.046099305152893066,-0.028185564343317537,-0.17641443014144897,-0.035958051681518555,-0.037676268507226496,-0.19843748211860657,-0.026931703090667725,-0.043877781618817835,-0.09930169582366943,-0.005348563194274902,-0.020173467014416246,-0.13649693131446838,-0.004897773265838623,-0.03527158616898873,-0.16477355360984802,0.001544654369354248,-0.04386974616764405,-0.1890043020248413,0.007980048656463623,-0.04898658885477403
0.0,0.0,0.0,-0.025611579418182373,-0.0676235556602478,0.005449448933703138,-0.0639912486076355,-0.11933743953704834,0.004942861141515209,-0.09062951803207397,-0.158114492893219,0.002205175103497936,-0.1040303111076355,-0.18914031982421875,-0.001920598570379184,-0.07565099000930786,-0.1077379584312439,0.0006404145274956363,-0.12127333879470825,-0.12098994851112366,-0.007905711664008663,-0.13190364837646484,-0.10990643501281738,-0.014160620292770432,-0.13440275192260742,-0.10660147666931152,-0.018424072547006176,-0.08081364631652832,-0.07637849450111389,-0.006370090657966898,-0.12438437342643738,-0.08257588744163513,-0.013410477211820648,-0.13762199878692627,-0.0701536238193512,-0.01904236084048705,-0.14276465773582458,-0.0646209716796875,-0.024070074094581173,-0.08362209796905518,-0.039921343326568604,-0.01301587769960122,-0.12954339385032654,-0.048464059829711914,-0.019332704378413723,-0.1461384892463684,-0.037570834159851074,-0.020376890210556553,-0.15464872121810913,-0.0315089225769043,-0.0221157961172338,-0.08253276348114014,-0.0022545456886291504,-0.01869019424741225,-0.12430047988891602,-0.0029109716415405273,-0.02488436667447047,-0.14498382806777954,0.0020006895065307617,-0.025338116346048878,-0.1606544852256775,0.004368960857391357,-0.025218698440241383
0.0,0.0,0.0,0.02275654673576355,-0.04873228073120117,-0.009588239949685828,0.05361601710319519,-0.08683457970619202,-0.021278592061740653,0.08246642351150513,-0.11392173171043396,-0.03160954290304829,0.10183209180831909,-0.1418481469154358,-0.042799461868149535,0.044960737228393555,-0.05839410424232483,-0.03680133843098332,0.08914381265640259,-0.0658491849899292,-0.05235794582639386,0.11993330717086792,-0.06691351532936096,-0.05907660746250798,0.14383864402770996,-0.06362080574035645,-0.06274750479732205,0.04469943046569824,-0.01854005455970764,-0.04000636958752324,0.10110634565353394,-0.01599845290184021,-0.053830668565375106,0.1382826566696167,-0.016011327505111694,-0.05739051499639203,0.16501927375793457,-0.013221144676208496,-0.06047610217009236,0.04609501361846924,0.017036229372024536,-0.04263356351528813,0.10086095333099365,0.019639581441879272,-0.054581668463093536,0.13505083322525024,0.02181825041770935,-0.056881897386652724,0.16145753860473633,0.023748964071273804,-0.05799725675259282,0.047983318567276,0.04530641436576843,-0.04546750360403706,0.09045439958572388,0.050256818532943726,-0.053149476882559554,0.11624747514724731,0.05202719569206238,-0.05281670415077855,0.1379249095916748,0.05108478665351868,-0.05259989970598866
0.0,0.0,0.0,-0.021557509899139404,-0.06878611445426941,0.004258249409385684,-0.05588418245315552,-0.1210629940032959,0.003564773581810954,-0.08166360855102539,-0.15986648201942444,0.0010458768698207166,-0.09796291589736938,-0.1881379783153534,-0.0024099273254343245,-0.07374894618988037,-0.10491213202476501,0.001613232528679731,-0.11686798930168152,-0.1211850643157959,-0.006183980509749887,-0.12551316618919373,-0.11620080471038818,-0.012796987790725467,-0.12579041719436646,-0.1140458881855011,-0.01699948125716233,-0.0816342830657959,-0.07356801629066467,-0.0035124467798688386,-0.12175196409225464,-0.08635616302490234,-0.009003745403251884,-0.13172200322151184,-0.08140900731086731,-0.013819278229139087,-0.13285428285598755,-0.07835531234741211,-0.018374117102585075,-0.08617031574249268,-0.03842318058013916,-0.008563472900650737,-0.12609106302261353,-0.05413848161697388,-0.01276400313910031,-0.13711249828338623,-0.049264490604400635,-0.012263466615340946,-0.1400880515575409,-0.044330984354019165,-0.012871562514565227,-0.0863831639289856,-0.004073619842529297,-0.012942948389909503,-0.12139186263084412,-0.014700531959533691,-0.01643204503890061,-0.13551709055900574,-0.01356804370880127,-0.014954579074046848,-0.14490878582000732,-0.010810494422912598,-0.013543904770276782
0.0,0.0,0.0,0.025149911642074585,-0.04525381326675415,-0.010657175956801046,0.06055900454521179,-0.08297267556190491,-0.02233496266467916,0.09037742018699646,-0.11158469319343567,-0.032118955208495725,0.10917946696281433,-0.14095324277877808,-0.042158850981429685,0.047857969999313354,-0.05987578630447388,-0.03863924141092645,0.09557923674583435,-0.06280189752578735,-0.05485633905096399,0.127528578042984,-0.06312394142150879,-0.060782739474013914,0.15203949809074402,-0.06063598394393921,-0.06328752408786165,0.04718098044395447,-0.01899293065071106,-0.041194153531030286,0.10856625437736511,-0.01570749282836914,-0.056712684734300245,0.1470564901828766,-0.015265464782714844,-0.05990008409185754,0.17491158843040466,-0.012005835771560669,-0.06177360708876001,0.049032241106033325,0.01850488781929016,-0.04320069919391023,0.10846331715583801,0.021705269813537598,-0.056512428029016126,0.1439746916294098,0.024014055728912354,-0.058301219298080076,0.17113879323005676,0.026058495044708252,-0.05796198318763124,0.05175355076789856,0.048779308795928955,-0.04538086946173059,0.0996461808681488,0.05240863561630249,-0.05278699244423257,0.12686768174171448,0.05263996124267578,-0.05153137589855539,0.14895406365394592,0.04995596408843994,-0.05013366187973367
0.0,0.0,0.0,-0.01902669668197632,-0.06438174843788147,0.004211628750461216,-0.05432319641113281,-0.11602994799613953,0.004103518963354702,-0.08282577991485596,-0.15272387862205505,0.002430190738785143,-0.10177534818649292,-0.17855244874954224,-0.0008847945728049922,-0.06806671619415283,-0.10356175899505615,-0.0016266129105062532,-0.11132609844207764,-0.11775669455528259,-0.008813164256018524,-0.12368682026863098,-0.10973632335662842,-0.014341854549449806,-0.12607795000076294,-0.10635676980018616,-0.018072104140621548,-0.07349491119384766,-0.07205188274383545,-0.007204067021113758,-0.11480158567428589,-0.08035966753959656,-0.011013682059449081,-0.12619549036026,-0.07176277041435242,-0.014874914720159893,-0.12809514999389648,-0.06773754954338074,-0.019442349731427555,-0.07627862691879272,-0.03664970397949219,-0.012371022313338642,-0.11795240640640259,-0.04630953073501587,-0.016339946597319965,-0.13121140003204346,-0.03917491436004639,-0.0163889062250675,-0.13660183548927307,-0.03562474250793457,-0.018030064239603405,-0.07481151819229126,-0.001201331615447998,-0.016648545920354252,-0.11458456516265869,-0.004385709762573242,-0.020865943341952686,-0.13197848200798035,-0.0016185641288757324,-0.019886771276098614,-0.14420580863952637,-0.0009324550628662109,-0.019178971707326298
0.0,0.0,0.0,-0.023444652557373047,-0.0654769241809845,0.002882073440808597,-0.05943399667739868,-0.11715209484100342,0.000527400796521249,-0.0847632884979248,-0.15820375084877014,-0.0036448000061923835,-0.09824919700622559,-0.19243454933166504,-0.00998859452713674,-0.07317936420440674,-0.09880635142326355,-0.004821730970185456,-0.1170816719532013,-0.1115763783454895,-0.01526922519017404,-0.13671228289604187,-0.10370320081710815,-0.023403997259926257,-0.1495840847492218,-0.09769430756568909,-0.02919392353553718,-0.08072143793106079,-0.06649196147918701,-0.012261871906709132,-0.12350496649742126,-0.07328587770462036,-0.02250563791651672,-0.14302071928977966,-0.06375464797019958,-0.03097225418944305,-0.15415066480636597,-0.057423681020736694,-0.0379636908944363,-0.08486920595169067,-0.029454529285430908,-0.019489641028236804,-0.1320379078388214,-0.03776836395263672,-0.029679328861426768,-0.15567731857299805,-0.029660463333129883,-0.03372014938552326,-0.1695430874824524,-0.024611830711364746,-0.037071707385372576,-0.08515983819961548,0.006392359733581543,-0.025839284720611033,-0.12797331809997559,0.005514919757843018,-0.0358574899907822,-0.15644222497940063,0.010370135307312012,-0.03903937219340747,-0.17922669649124146,0.012881755828857422,-0.04090856267769283
0.0,0.0,0.0,-0.018268585205078125,-0.06707543134689331,0.002463810644883324,-0.053406476974487305,-0.11965236067771912,0.001609255942355503,-0.08134722709655762,-0.15859591960906982,-0.0007285980639721856,-0.09757077693939209,-0.1907171905040741,-0.004076694104981016,-0.07228153944015503,-0.10586199164390564,-0.0006906852025281296,-0.11512139439582825,-0.1229131817817688,-0.008840953432184051,-0.12438121438026428,-0.11734545230865479,-0.015096227139395069,-0.12634435296058655,-0.11664056777954102,-0.01934910143182833,-0.08066320419311523,-0.07424330711364746,-0.005670654088419269,-0.12108081579208374,-0.08585101366043091,-0.012996621862214397,-0.13261616230010986,-0.07946950197219849,-0.018824893482189964,-0.13664782047271729,-0.07716062664985657,-0.023830858491521667,-0.08573669195175171,-0.038217246532440186,-0.010622612632971595,-0.12807652354240417,-0.05158671736717224,-0.017549402512770484,-0.14313751459121704,-0.045642733573913574,-0.018490889541965316,-0.15066182613372803,-0.041528284549713135,-0.019683639951210807,-0.08670341968536377,-0.002411186695098877,-0.01487364942596514,-0.12577709555625916,-0.008128345012664795,-0.021607761703592132,-0.14544397592544556,-0.0055081844329833984,-0.02223264748619158,-0.16071483492851257,-0.003599882125854492,-0.022010398529630493
0.0,0.0,0.0,-0.02106642723083496,-0.06909102201461792,0.0030382306985217156,-0.05627316236495972,-0.12013357877731323,0.0033741943742739977,-0.08526289463043213,-0.15506067872047424,0.0022080562747675003,-0.10391354560852051,-0.18116506934165955,6.735573414573537e-05,-0.07459765672683716,-0.105004221200943,0.003282789487357718,-0.11572778224945068,-0.12053492665290833,-0.003252794619683641,-0.12654650211334229,-0.11839514970779419,-0.00933119620013656,-0.1300247311592102,-0.11971509456634521,-0.013605361457948106,-0.08244723081588745,-0.07511836290359497,-0.0009846800268036304,-0.12082076072692871,-0.08686995506286621,-0.005844190835986751,-0.13212019205093384,-0.08359438180923462,-0.011321577828411478,-0.13614141941070557,-0.08244863152503967,-0.016479908142272848,-0.08660805225372314,-0.04084354639053345,-0.005375757467035669,-0.1264093816280365,-0.05514732003211975,-0.009961178179864305,-0.13974711298942566,-0.051077187061309814,-0.011172440487925428,-0.14600306749343872,-0.047014594078063965,-0.012931543055955785,-0.08624690771102905,-0.006479859352111816,-0.009225321587209123,-0.12238472700119019,-0.013472259044647217,-0.014302118334953207,-0.14008527994155884,-0.013165116310119629,-0.0152028274052185,-0.15358465909957886,-0.01188814640045166,-0.015482557591084856
0.0,0.0,0.0,0.0202786922454834,-0.04403910040855408,-0.013979435968625609,0.048845142126083374,-0.07906287908554077,-0.0287849670978666,0.07565316557884216,-0.10600322484970093,-0.04112692091189629,0.09353169798851013,-0.13572460412979126,-0.05457985687576539,0.03417611122131348,-0.05463603138923645,-0.04819278705440766,0.07974746823310852,-0.058548301458358765,-0.06582171011291749,0.11040505766868591,-0.0589575469493866,-0.07313996839843995,0.13511082530021667,-0.055274367332458496,-0.0772134392293573,0.03272780776023865,-0.01562875509262085,-0.05002945947967774,0.08959916234016418,-0.011963456869125366,-0.06613625127397782,0.12730631232261658,-0.010636448860168457,-0.07084314066492325,0.15608593821525574,-0.006485968828201294,-0.07489650237880952,0.03416666388511658,0.019588857889175415,-0.05096697721205956,0.08998289704322815,0.021777987480163574,-0.06522991049610383,0.12526991963386536,0.02429366111755371,-0.06897848385893113,0.1535070240497589,0.026119649410247803,-0.07106768626295334,0.037785083055496216,0.04836183786392212,-0.05217917549930817,0.08168455958366394,0.05210763216018677,-0.061742140981781546,0.10830262303352356,0.05294710397720337,-0.062332346174347464,0.13091608881950378,0.0505826473236084,-0.06279867428861863
0.0,0.0,0.0,-0.026479005813598633,-0.06414401531219482,0.0031434689272273886,-0.06302183866500854,-0.11284750699996948,-4.9191034996454164e-05,-0.08532428741455078,-0.15324044227600098,-0.00533533207177328,-0.09424424171447754,-0.18896940350532532,-0.012640312491349448,-0.0729556679725647,-0.10061237215995789,-0.005266042603544463,-0.11664938926696777,-0.11220261454582214,-0.017379540196053256,-0.13380515575408936,-0.10253021121025085,-0.0264702767044227,-0.14284145832061768,-0.09586456418037415,-0.03249182849227594,-0.07936817407608032,-0.06800717115402222,-0.012877343399814833,-0.121143639087677,-0.07237201929092407,-0.02488358057140516,-0.13912251591682434,-0.06051871180534363,-0.03360766469537424,-0.14750903844833374,-0.05317804217338562,-0.04033441021143602,-0.0825812816619873,-0.030220866203308105,-0.02034404612182783,-0.1272851526737213,-0.036343276500701904,-0.03225467278658556,-0.15012642741203308,-0.026186764240264893,-0.03635962604581522,-0.16263937950134277,-0.01995217800140381,-0.039155165842167605,-0.08161884546279907,0.006425380706787109,-0.02675779833494829,-0.12279975414276123,0.007907986640930176,-0.03734057321249651,-0.14949485659599304,0.014429330825805664,-0.03999777807890581,-0.17086255550384521,0.0180472731590271,-0.04112268908917116
0.0,0.0,0.0,-0.022415757179260254,-0.0666961669921875,0.005791183504705089,-0.058149516582489014,-0.1136418879032135,0.0064277550573095255,-0.0877082347869873,-0.14465981721878052,0.005187191012744563,-0.10939246416091919,-0.16304582357406616,0.0022063212836727075,-0.07276290655136108,-0.10248786211013794,0.002888043354694503,-0.1169249415397644,-0.1157882809638977,-0.0024200992756888695,-0.13267463445663452,-0.11037418246269226,-0.00796558527326141,-0.14109507203102112,-0.10841035842895508,-0.01213021954571758,-0.07997369766235352,-0.07250770926475525,-0.00290569086609338,-0.12115636467933655,-0.08134663105010986,-0.006310744267459256,-0.13744989037513733,-0.07613605260848999,-0.011622292977328641,-0.1456504762172699,-0.07276344299316406,-0.017070283238346917,-0.08377718925476074,-0.038100242614746094,-0.008256803323085649,-0.1260019838809967,-0.05004563927650452,-0.010910960902030808,-0.14367425441741943,-0.04483914375305176,-0.012545264382417542,-0.1537386178970337,-0.04086703062057495,-0.015377560686822278,-0.08318078517913818,-0.003481447696685791,-0.01273983070677076,-0.12067773938179016,-0.0068590641021728516,-0.01661324227278982,-0.14034324884414673,-0.004404604434967041,-0.017052465174849374,-0.15580517053604126,-0.0019252896308898926,-0.01737385341947828
0.0,0.0,0.0,-0.021681666374206543,-0.0634259581565857,0.0030061638981422334,-0.05699586868286133,-0.11328631639480591,0.0009589200208282023,-0.08244997262954712,-0.15235501527786255,-0.0026422907530943007,-0.0958666205406189,-0.18473660945892334,-0.007645164702800855,-0.06813246011734009,-0.09848013520240784,-0.0012859230328032822,-0.11054688692092896,-0.11277633905410767,-0.010097728662906036,-0.1267644464969635,-0.10605102777481079,-0.01764545458626543,-0.13536614179611206,-0.10179460048675537,-0.022608506114004,-0.07590693235397339,-0.06667712330818176,-0.006490458820728406,-0.11613038182258606,-0.07776880264282227,-0.013842764862594947,-0.1293250322341919,-0.07111203670501709,-0.019916842312333927,-0.13415050506591797,-0.06707122921943665,-0.025129810527680263,-0.08056944608688354,-0.03125274181365967,-0.01151102370840107,-0.12148544192314148,-0.04496026039123535,-0.01798684205186163,-0.13664475083351135,-0.040856897830963135,-0.018255437345025882,-0.14397001266479492,-0.03751879930496216,-0.018987192393062458,-0.08077859878540039,0.001558065414428711,-0.015707361132619724,-0.11725407838821411,-0.007350742816925049,-0.020312065810678348,-0.1341535747051239,-0.005923271179199219,-0.01857524792921339,-0.14732104539871216,-0.0038567185401916504,-0.01696379724216257
0.0,0.0,0.0,0.02602142095565796,-0.048918724060058594,-0.013220061182892984,0.06362181901931763,-0.08766525983810425,-0.02523093727222747,0.09527146816253662,-0.11539387702941895,-0.03516303804508514,0.11298620700836182,-0.14642995595932007,-0.045644958138383096,0.06205713748931885,-0.054280996322631836,-0.03864435535661048,0.1106424331665039,-0.052926599979400635,-0.0542506618498928,0.14191555976867676,-0.050485193729400635,-0.06095545050493545,0.16676878929138184,-0.04578176140785217,-0.06459105816475219,0.06377479434013367,-0.011101841926574707,-0.039494291514075464,0.12080651521682739,-0.012646108865737915,-0.053710952967322534,0.1583571434020996,-0.014451563358306885,-0.05813691076628036,0.18701279163360596,-0.013081908226013184,-0.06148638632885284,0.06669840216636658,0.025597989559173584,-0.039966781258500284,0.12286591529846191,0.02117866277694702,-0.051491641074336236,0.15804702043533325,0.018063843250274658,-0.05456693154565162,0.18523955345153809,0.015283465385437012,-0.05600941237798995,0.06923466920852661,0.05395251512527466,-0.04113624301544494,0.11426937580108643,0.05129384994506836,-0.04798814710966415,0.14077091217041016,0.04666978120803833,-0.048288632750428384,0.16226208209991455,0.04034847021102905,-0.04830963593713111
0.0,0.0,0.0,0.026648402214050293,-0.04883188009262085,-0.012887453012297101,0.0649791955947876,-0.08749443292617798,-0.024664000891277738,0.09650313854217529,-0.11777284741401672,-0.03430825965864415,0.11450058221817017,-0.14986500144004822,-0.04437243687374348,0.06355985999107361,-0.05545005202293396,-0.036868495218584485,0.11087274551391602,-0.05299288034439087,-0.051652589164802976,0.14086943864822388,-0.05028769373893738,-0.0579401155040955,0.16474735736846924,-0.04641363024711609,-0.061306269191334195,0.06432786583900452,-0.013816297054290771,-0.03768991055352444,0.12049472332000732,-0.0132712721824646,-0.05103914933664555,0.15671426057815552,-0.014050036668777466,-0.05521186562640423,0.1847715973854065,-0.013087093830108643,-0.05840056511027569,0.06528767943382263,0.021613329648971558,-0.03819977986080403,0.120219886302948,0.020052224397659302,-0.049314075432846494,0.15402907133102417,0.019133836030960083,-0.05257198708517308,0.18061453104019165,0.017355233430862427,-0.05424470575911755,0.06529605388641357,0.048814862966537476,-0.03928237902385945,0.10816079378128052,0.05014023184776306,-0.04583080979449505,0.1327940821647644,0.04926213622093201,-0.046244466029236264,0.15297818183898926,0.04573628306388855,-0.04644310968382115
0.0,0.0,0.0,0.025518596172332764,-0.0480991005897522,-0.01408608713980719,0.06331104040145874,-0.08632376790046692,-0.026459956447146382,0.09536558389663696,-0.11489194631576538,-0.036425538266561475,0.11416488885879517,-0.14614224433898926,-0.046802364195249524,0.059634655714035034,-0.055168718099594116,-0.039902266020439114,0.10560446977615356,-0.05415189266204834,-0.05633877580847546,0.1368890404701233,-0.05226337909698486,-0.06365310391273304,0.16200661659240723,-0.0485253632068634,-0.06765216579522892,0.06045949459075928,-0.014041364192962646,-0.04052394246544644,0.11612111330032349,-0.013051927089691162,-0.05553035801138684,0.1540173888206482,-0.013772249221801758,-0.06021196385707661,0.182672917842865,-0.012683302164077759,-0.0637195779928188,0.06221172213554382,0.020847022533416748,-0.04089147588100239,0.11752402782440186,0.020342111587524414,-0.05365965133395001,0.15240484476089478,0.019511818885803223,-0.057239781970642056,0.1796322464942932,0.018060505390167236,-0.05889000734176442,0.06348180770874023,0.04733538627624512,-0.0418791583725433,0.10649245977401733,0.04968327283859253,-0.050023320967815366,0.131994366645813,0.0496097207069397,-0.05109307905521199,0.15300345420837402,0.04704880714416504,-0.051596112454793897
0.0,0.0,0.0,-0.020451903343200684,-0.06457090377807617,0.0034112446257594797,-0.05368220806121826,-0.11411851644515991,0.002628858924445865,-0.07764929533004761,-0.15045174956321716,0.00025806005142925414,-0.09323078393936157,-0.1793462038040161,-0.002918301591115835,-0.06938999891281128,-0.10025769472122192,0.002314803913769481,-0.11124801635742188,-0.11306419968605042,-0.005050504089730623,-0.1252496838569641,-0.10849437117576599,-0.011668534459012392,-0.1308594048023224,-0.10681861639022827,-0.01607419780774677,-0.07740235328674316,-0.07077834010124207,-0.002263730832773092,-0.11546701192855835,-0.08103471994400024,-0.007550087266999128,-0.12955763936042786,-0.07826897501945496,-0.012777336382704618,-0.13529667258262634,-0.07697245478630066,-0.017812166803913954,-0.08151954412460327,-0.03741312026977539,-0.006956026398974302,-0.11992812156677246,-0.05053931474685669,-0.012189174511867407,-0.13481628894805908,-0.04750192165374756,-0.012637415410416963,-0.14156889915466309,-0.045195579528808594,-0.013673603044288996,-0.08097106218338013,-0.0063370466232299805,-0.010943211124676111,-0.11566382646560669,-0.016090095043182373,-0.015145600282984617,-0.13162070512771606,-0.014026045799255371,-0.01384810961170757,-0.14327594637870789,-0.01120227575302124,-0.012643799626665952
0.0,0.0,0.0,-0.02646338939666748,-0.06267118453979492,0.0038380765699415065,-0.061742424964904785,-0.1147320568561554,0.0023897293367056704,-0.08488613367080688,-0.1559966802597046,-0.0009957738575891995,-0.09682488441467285,-0.1915099024772644,-0.005639543908777966,-0.07642269134521484,-0.09755384922027588,-0.0002656234201410257,-0.11854496598243713,-0.10945886373519897,-0.008708364482167497,-0.12913712859153748,-0.10348173975944519,-0.015753041173461213,-0.13123753666877747,-0.10004442930221558,-0.020610614831689134,-0.08162140846252441,-0.06621533632278442,-0.006334571785423293,-0.12185817956924438,-0.0752142071723938,-0.012538510526660218,-0.13241058588027954,-0.06899970769882202,-0.018150889466646447,-0.13445138931274414,-0.06499123573303223,-0.023644105683210626,-0.08356833457946777,-0.0306205153465271,-0.012460398639682069,-0.1254885196685791,-0.042150259017944336,-0.018652732635977998,-0.13960397243499756,-0.03524577617645264,-0.01995091434860541,-0.14518621563911438,-0.030050814151763916,-0.0218708805396588,-0.08175420761108398,0.0037686824798583984,-0.017838723178151383,-0.1214648187160492,0.003299415111541748,-0.024264319951775803,-0.1419816017150879,0.008311688899993896,-0.02553112354421927,-0.1569843292236328,0.012083470821380615,-0.026186262409332528
0.0,0.0,0.0,-0.026355504989624023,-0.06590026617050171,0.0033139886582063127,-0.062249720096588135,-0.11724716424942017,0.0015815351871566463,-0.08503693342208862,-0.1570664346218109,-0.0018227281034199905,-0.09453356266021729,-0.19206774234771729,-0.0066257245125456166,-0.07631468772888184,-0.10001108050346375,-0.0032684544785155367,-0.12038624286651611,-0.11159351468086243,-0.013031481321363003,-0.13669711351394653,-0.10545358061790466,-0.02041370563527778,-0.14425069093704224,-0.10124626755714417,-0.025408772307841332,-0.08280259370803833,-0.0675552487373352,-0.009295514340905697,-0.12404090166091919,-0.07653096318244934,-0.018018446418849976,-0.1429964303970337,-0.07198134064674377,-0.02481463134607509,-0.1525840163230896,-0.0678144097328186,-0.030956329333989174,-0.08472061157226562,-0.03139263391494751,-0.015159542228488476,-0.12811437249183655,-0.04230839014053345,-0.02412142001411155,-0.1504036784172058,-0.03636288642883301,-0.027036267820207627,-0.16332221031188965,-0.03180813789367676,-0.029605151641575844,-0.08248662948608398,0.002948462963104248,-0.020065797049014122,-0.12313735485076904,0.0008402466773986816,-0.02893518053313926,-0.14678382873535156,0.006022930145263672,-0.03127340928038791,-0.1652577519416809,0.010476768016815186,-0.03244698375782207
0.0,0.0,0.0,-0.028666257858276367,-0.06231814622879028,0.002020090801572394,-0.06513649225234985,-0.11186128854751587,-0.002713900774786282,-0.08443349599838257,-0.152010977268219,-0.0091406826563869,-0.09074938297271729,-0.18561893701553345,-0.017436287615517188,-0.07210195064544678,-0.09726828336715698,-0.010884098026970435,-0.1181478500366211,-0.10629409551620483,-0.024659420613268423,-0.13624638319015503,-0.0967339277267456,-0.03420970334492068,-0.14440953731536865,-0.0911051332950592,-0.040148006070474196,-0.07802987098693848,-0.0641588568687439,-0.017592876467922736,-0.12144416570663452,-0.0706472396850586,-0.030586009163478423,-0.140241801738739,-0.06166964769363403,-0.03842607631168704,-0.14816203713417053,-0.057140469551086426,-0.0445551250763927,-0.0804937481880188,-0.02741396427154541,-0.023895849723437834,-0.12526020407676697,-0.03681302070617676,-0.03593057139597278,-0.148270845413208,-0.028749585151672363,-0.03842341645441394,-0.15997213125228882,-0.024472832679748535,-0.039943092752317,-0.07911431789398193,0.0062049031257629395,-0.029234678734162856,-0.11929723620414734,0.0041615962982177734,-0.03850709392509799,-0.14367079734802246,0.01025092601776123,-0.03940180062136989,-0.16219907999038696,0.014832854270935059,-0.03926567478857379
0.0,0.0,0.0,-0.024817287921905518,-0.059044837951660156,0.002109774613657578,-0.06083482503890991,-0.11008372902870178,-0.001377868473625199,-0.08313643932342529,-0.1495671272277832,-0.006710614318123476,-0.09442824125289917,-0.17932531237602234,-0.013474208543172495,-0.06667983531951904,-0.10175412893295288,-0.008566078038981573,-0.11600875854492188,-0.11345738172531128,-0.022283111007979528,-0.1293010711669922,-0.09803396463394165,-0.030448582263758794,-0.13170886039733887,-0.09300276637077332,-0.035390952842405454,-0.07000303268432617,-0.07122623920440674,-0.015577712336650507,-0.11602145433425903,-0.07641163468360901,-0.029354484992197172,-0.12922468781471252,-0.06053513288497925,-0.03644396947520079,-0.13328564167022705,-0.0554502010345459,-0.04173454480068983,-0.07110124826431274,-0.035520195960998535,-0.022372447194626943,-0.11833363771438599,-0.04267317056655884,-0.034714015441110746,-0.1350615918636322,-0.029266536235809326,-0.03613406257527174,-0.14195755124092102,-0.024251818656921387,-0.03702508868472876,-0.06956475973129272,0.0008880496025085449,-0.028308943154385702,-0.11292904615402222,0.0029494762420654297,-0.03872414143579306,-0.13521921634674072,0.011232197284698486,-0.04039579840200247,-0.15146362781524658,0.014939367771148682,-0.04065013887183966
0.0,0.0,0.0,0.023569256067276,-0.046612948179244995,-0.015153829046206546,0.0597996711730957,-0.08177071809768677,-0.028470005877928806,0.09191146492958069,-0.10630473494529724,-0.038743870370702815,0.11345669627189636,-0.1333845555782318,-0.049339404367523265,0.05026721954345703,-0.0541607141494751,-0.04587901573689468,0.10033193230628967,-0.052281856536865234,-0.062487589233236385,0.1327049434185028,-0.05112442374229431,-0.06816258844049461,0.15806898474693298,-0.047876596450805664,-0.07062200274379737,0.05035325884819031,-0.01274678111076355,-0.04571252133758552,0.11116322875022888,-0.008031070232391357,-0.06160808917196281,0.15024951100349426,-0.008199155330657959,-0.06504262801321037,0.1792219579219818,-0.006811082363128662,-0.0672584828367997,0.052919745445251465,0.02310103178024292,-0.04494056668193824,0.11086300015449524,0.02581995725631714,-0.05828220959814079,0.14660510420799255,0.025904059410095215,-0.061012158208208156,0.1744702160358429,0.025243639945983887,-0.06170029010684974,0.056791454553604126,0.05066335201263428,-0.04466366585405357,0.10331228375434875,0.051943063735961914,-0.052939148657636714,0.130147784948349,0.05000007152557373,-0.05311475884230621,0.1522218883037567,0.045249998569488525,-0.052721018009500575
0.0,0.0,0.0,0.02527308464050293,-0.04750743508338928,-0.013454830390394079,0.06255900859832764,-0.08375942707061768,-0.02492237940895592,0.0936640202999115,-0.10925620794296265,-0.033812864799976694,0.11361482739448547,-0.13842761516571045,-0.04280344315338169,0.049998730421066284,-0.05748951435089111,-0.04025041975545918,0.09912815690040588,-0.05584961175918579,-0.05674291320610081,0.13072553277015686,-0.05374956130981445,-0.0629932089941505,0.15571972727775574,-0.050335824489593506,-0.06558197282719647,0.049223512411117554,-0.01627182960510254,-0.040905340691089975,0.10831019282341003,-0.012469470500946045,-0.05613677122163807,0.1470828354358673,-0.012270897626876831,-0.06000935204792057,0.1770898401737213,-0.011078715324401855,-0.06255862407851254,0.051608115434646606,0.019414961338043213,-0.04121084802317654,0.10902717709541321,0.02009415626525879,-0.05413586564827,0.14404121041297913,0.019973337650299072,-0.05652613111305271,0.17208322882652283,0.018853962421417236,-0.05685159482526814,0.055290013551712036,0.04666483402252197,-0.04200711019802128,0.10173365473747253,0.04737597703933716,-0.04955006309318577,0.1277259886264801,0.04615217447280884,-0.04927245073485409,0.14911356568336487,0.04237055778503418,-0.048655985970974314
0.0,0.0,0.0,0.025925278663635254,-0.047840118408203125,-0.012898778966013325,0.06401145458221436,-0.08474379777908325,-0.02484788322294129,0.0961793065071106,-0.11124911904335022,-0.034234620122555626,0.11666977405548096,-0.1413147747516632,-0.043908208100441826,0.05068933963775635,-0.06004473567008972,-0.04247510754907502,0.1002206802368164,-0.058278679847717285,-0.05886192941511048,0.13158398866653442,-0.05713292956352234,-0.06469986164415253,0.1565212607383728,-0.0543380081653595,-0.0672333943232335,0.04939734935760498,-0.018286824226379395,-0.04352479749763383,0.11040973663330078,-0.016157150268554688,-0.05914442935431374,0.14971697330474854,-0.01742500066757202,-0.06290395134532822,0.18001610040664673,-0.017219066619873047,-0.06544628316009415,0.050700098276138306,0.017699211835861206,-0.043890624730233085,0.10981279611587524,0.0170840322971344,-0.057362608103398216,0.14520668983459473,0.016565591096878052,-0.059872801838759315,0.17326891422271729,0.015015125274658203,-0.06038599037969483,0.05337610840797424,0.0450996458530426,-0.04450428435051812,0.1001926064491272,0.04471912980079651,-0.05269413763130082,0.12675929069519043,0.04379996657371521,-0.05261166342938317,0.14880365133285522,0.04039093852043152,-0.052195962010268104
0.0,0.0,0.0,0.025418639183044434,-0.0446019172668457,-0.012469540394890899,0.060253918170928955,-0.07942941784858704,-0.02513273716722786,0.09016728401184082,-0.1043950617313385,-0.03535351254795849,0.11011844873428345,-0.13153350353240967,-0.04596423082803547,0.04808041453361511,-0.05531233549118042,-0.04441228979085743,0.09792536497116089,-0.05356234312057495,-0.06159111582492649,0.1305532455444336,-0.05246150493621826,-0.06742417537425816,0.15589118003845215,-0.04844138026237488,-0.07005060189222156,0.04612806439399719,-0.014597833156585693,-0.046161008112180824,0.10794776678085327,-0.009240716695785522,-0.0632058652565366,0.14773303270339966,-0.009151846170425415,-0.0668405862972623,0.17730975151062012,-0.006450742483139038,-0.06910844617341816,0.047254323959350586,0.020705610513687134,-0.04716295474027454,0.10563957691192627,0.02386900782585144,-0.061977972321260566,0.14223670959472656,0.024367719888687134,-0.06469199531530201,0.17128372192382812,0.024495631456375122,-0.0651693912670499,0.05012047290802002,0.048147350549697876,-0.048390553377616996,0.09570056200027466,0.04986390471458435,-0.05803214483712971,0.12331962585449219,0.04827222228050232,-0.058500495784032935,0.14680075645446777,0.044347554445266724,-0.058309615634430045
0.0,0.0,0.0,0.026247352361679077,-0.0459674596786499,-0.013633833555424246,0.06343203783035278,-0.08181357383728027,-0.026567890597426924,0.0958116352558136,-0.10862749814987183,-0.0368375920782924,0.11696311831474304,-0.1395719051361084,-0.04756326536639932,0.0518224835395813,-0.058624327182769775,-0.04452553699716333,0.10376366972923279,-0.05660560727119446,-0.061835191501224074,0.13549694418907166,-0.054626137018203735,-0.06788217957123521,0.16018548607826233,-0.051517605781555176,-0.07037144090040925,0.050752997398376465,-0.01689198613166809,-0.04543330828651193,0.11280593276023865,-0.013686895370483398,-0.06237081374033693,0.15258046984672546,-0.013562321662902832,-0.06664174730881456,0.1823594868183136,-0.012736231088638306,-0.06947859312399629,0.052303165197372437,0.019119560718536377,-0.045754722608172926,0.11213245987892151,0.020092368125915527,-0.060333187980496916,0.14945712685585022,0.01989758014678955,-0.06396103586062196,0.178257554769516,0.018398821353912354,-0.06519333953961137,0.055516213178634644,0.04700040817260742,-0.046304623884999785,0.10412994027137756,0.04577678442001343,-0.0557301559577823,0.13212677836418152,0.0435909628868103,-0.05687274719580415,0.1548464596271515,0.03886854648590088,-0.0572620884607673
0.0,0.0,0.0,0.026551544666290283,-0.04355156421661377,-0.014384160474605778,0.06517741084098816,-0.07882097363471985,-0.027327654608257035,0.09710299968719482,-0.10602930188179016,-0.03719650181449197,0.11775177717208862,-0.1365710198879242,-0.047440673880942086,0.05190235376358032,-0.05510261654853821,-0.04603788974202416,0.10183852910995483,-0.05328318476676941,-0.0634216663471534,0.1335233449935913,-0.051101893186569214,-0.06974731358207009,0.1585727334022522,-0.04704505205154419,-0.07234793128884576,0.050501614809036255,-0.012973994016647339,-0.04628220918095849,0.11199820041656494,-0.00955304503440857,-0.06281392993844293,0.15199649333953857,-0.00913509726524353,-0.06712920191205285,0.18232524394989014,-0.00789746642112732,-0.0699449402324035,0.05219179391860962,0.02302810549736023,-0.04575207056916497,0.11229383945465088,0.02337440848350525,-0.059977639191515664,0.14923298358917236,0.023271828889846802,-0.06340383710778497,0.1778152585029602,0.021836012601852417,-0.06435134979403756,0.05579936504364014,0.04998466372489929,-0.04548926251447938,0.10453921556472778,0.04975917935371399,-0.05450744154370568,0.13205087184906006,0.04787197709083557,-0.055187657200463036,0.15416449308395386,0.043232470750808716,-0.055117230587370614
0.0,0.0,0.0,0.008745312690734863,-0.03214621543884277,-0.005209985667534056,0.025893747806549072,-0.060771048069000244,-0.010524557450480643,0.04015803337097168,-0.08094519376754761,-0.014923165099389735,0.04562580585479736,-0.10039371252059937,-0.01940033539540309,0.02704256772994995,-0.05071306228637695,-0.017864198902316275,0.055244266986846924,-0.054444074630737305,-0.02634909331209201,0.07180458307266235,-0.055803894996643066,-0.030227157765693846,0.08517831563949585,-0.05717182159423828,-0.03224266461438674,0.03121042251586914,-0.02947676181793213,-0.019815044024653616,0.06335484981536865,-0.0359957218170166,-0.026858772629566374,0.0825960636138916,-0.039854466915130615,-0.02949148184961814,0.09780305624008179,-0.04369324445724487,-0.03170567146844405,0.03491640090942383,-0.010225057601928711,-0.02164444654590625,0.06524604558944702,-0.01759403944015503,-0.0278177126438095,0.08343279361724854,-0.02152019739151001,-0.029796225497193518,0.09727030992507935,-0.025435984134674072,-0.031149668166108313,0.038280606269836426,0.00558239221572876,-0.023600238853759947,0.061748206615448,-0.0016362667083740234,-0.027745646902985754,0.07487434148788452,-0.005587160587310791,-0.028393035301633063,0.08527737855911255,-0.009379446506500244,-0.02900886862880725
0.0,0.0,0.0,0.01054525375366211,-0.032138168811798096,-0.004744357671285115,0.02886641025543213,-0.060054898262023926,-0.01016787556901022,0.04399007558822632,-0.08121448755264282,-0.014800134356761419,0.04909670352935791,-0.10165178775787354,-0.01938791690363928,0.029181241989135742,-0.05005365610122681,-0.017340949978375875,0.058247923851013184,-0.054188668727874756,-0.02548176540031477,0.07484769821166992,-0.054357290267944336,-0.028963863160157644,0.08778399229049683,-0.05408245325088501,-0.030604354347730123,0.03234410285949707,-0.029090046882629395,-0.01939155092432543,0.06532680988311768,-0.035274505615234375,-0.025799018572712384,0.08442920446395874,-0.03790372610092163,-0.02772464347972914,0.09898597002029419,-0.03953874111175537,-0.02928636154129549,0.03537917137145996,-0.009204864501953125,-0.021271291430736028,0.0659787654876709,-0.01628553867340088,-0.026447777878189527,0.08418184518814087,-0.019489705562591553,-0.027579472642088376,0.09767305850982666,-0.021730244159698486,-0.028404911290550672,0.038137078285217285,0.008219420909881592,-0.023324185292864286,0.061332881450653076,0.0012202858924865723,-0.026365501116657697,0.07426333427429199,-0.002741515636444092,-0.026219769622827016,0.0845191478729248,-0.005775153636932373,-0.02627597307755991
0.0,0.0,0.0,0.009318649768829346,-0.031319260597229004,-0.005220469155304386,0.026000678539276123,-0.05930393934249878,-0.010957923320077612,0.03992539644241333,-0.07894885540008545,-0.015880670932077123,0.04514127969741821,-0.09772491455078125,-0.02094049618854399,0.027843356132507324,-0.047163307666778564,-0.01846784220352049,0.05636441707611084,-0.050848424434661865,-0.026746554833792402,0.07290041446685791,-0.05152702331542969,-0.030475745511196806,0.08631658554077148,-0.05172008275985718,-0.032370698240541174,0.03160595893859863,-0.02540004253387451,-0.02030681685819502,0.0639185905456543,-0.030917108058929443,-0.02671822213842745,0.08291244506835938,-0.034252047538757324,-0.02887171746506567,0.09767669439315796,-0.03717517852783203,-0.030826692071698858,0.03523671627044678,-0.006011068820953369,-0.02194861748530741,0.06540608406066895,-0.012247920036315918,-0.02725113795413847,0.08364379405975342,-0.016283929347991943,-0.02876791597618933,0.0971689224243164,-0.02072274684906006,-0.02991484158947344,0.03850752115249634,0.010344445705413818,-0.02378969692900057,0.06206291913986206,0.004086136817932129,-0.02715745807900305,0.07512867450714111,-0.0005356073379516602,-0.027228218105577184,0.08496612310409546,-0.005961894989013672,-0.027469106552146627
0.0,0.0,0.0,0.01114344596862793,-0.033938586711883545,-0.003697530929294146,0.02941840887069702,-0.06347137689590454,-0.008670345511582411,0.044834256172180176,-0.08530211448669434,-0.01308870092436365,0.05114316940307617,-0.10528188943862915,-0.017538919676390208,0.03207916021347046,-0.05490940809249878,-0.015306717347648657,0.06129211187362671,-0.059229254722595215,-0.023188456524458445,0.07812798023223877,-0.06007951498031616,-0.026792030412998713,0.0914297103881836,-0.06050902605056763,-0.028510942686644114,0.03578227758407593,-0.03339719772338867,-0.01769651994511179,0.06932604312896729,-0.03998541831970215,-0.023479533944573916,0.08906620740890503,-0.04399055242538452,-0.025310353938785113,0.1044887900352478,-0.04717344045639038,-0.02694050558313421,0.03903394937515259,-0.013463437557220459,-0.019924072180238284,0.07063913345336914,-0.02132272720336914,-0.024456144873347796,0.08940392732620239,-0.025332272052764893,-0.025162428248968638,0.10360103845596313,-0.02876180410385132,-0.02577025220200113,0.04174351692199707,0.0035700201988220215,-0.022273093093481577,0.06641596555709839,-0.004253208637237549,-0.02488020770653776,0.08054810762405396,-0.008610308170318604,-0.024218251560178317,0.0918847918510437,-0.012524724006652832,-0.023870687563267268
0.0,0.0,0.0,0.010535478591918945,-0.033091604709625244,-0.003882151288962632,0.027684152126312256,-0.061796724796295166,-0.009180851006931334,0.042098820209503174,-0.08293342590332031,-0.013972135918265849,0.04698467254638672,-0.10277295112609863,-0.018870631890422374,0.029140710830688477,-0.0510859489440918,-0.015768854605084925,0.05696171522140503,-0.055123090744018555,-0.023568276973492175,0.07311367988586426,-0.05611938238143921,-0.027172480436092883,0.08608204126358032,-0.05667012929916382,-0.029041380347734957,0.03281337022781372,-0.029785096645355225,-0.018371202709204226,0.06531339883804321,-0.036151766777038574,-0.024368461879021197,0.08458054065704346,-0.04010510444641113,-0.026328765513426333,0.09972703456878662,-0.04344457387924194,-0.028132128255492717,0.03600788116455078,-0.01017230749130249,-0.020793542923456698,0.06678515672683716,-0.017802000045776367,-0.025737962411767512,0.08501362800598145,-0.022128283977508545,-0.026679790305024653,0.09876042604446411,-0.025917232036590576,-0.027451443212157756,0.03868168592453003,0.0069321393966674805,-0.023348523961431056,0.06271976232528687,-0.00041478872299194336,-0.026297270046597987,0.07658398151397705,-0.005367755889892578,-0.0258967584986749,0.08756834268569946,-0.01007390022277832,-0.02581384843779233
0.0,0.0,0.0,0.006915748119354248,-0.03185480833053589,-0.005852310985581255,0.02254045009613037,-0.059126436710357666,-0.011885100577281094,0.03674745559692383,-0.07831674814224243,-0.016867728505538082,0.042070984840393066,-0.09762930870056152,-0.02193786909084139,0.023756444454193115,-0.04674506187438965,-0.0198546495030385,0.051618099212646484,-0.05252504348754883,-0.02860999812583742,0.06824368238449097,-0.05409473180770874,-0.03246793483595667,0.08162349462509155,-0.05441892147064209,-0.034383527536199665,0.028285503387451172,-0.02508413791656494,-0.021371442426250553,0.060516536235809326,-0.03235197067260742,-0.028033885706470585,0.07958072423934937,-0.03666192293167114,-0.030027102280662632,0.09428930282592773,-0.0397830605506897,-0.031885321785019016,0.03239309787750244,-0.005845189094543457,-0.022700594339774227,0.062343716621398926,-0.013678312301635742,-0.02836055641274271,0.08053374290466309,-0.018331706523895264,-0.029647947822020626,0.09401172399520874,-0.022809088230133057,-0.03065232706467924,0.035881876945495605,0.01057523488998413,-0.024243864763782597,0.059013187885284424,0.0030957460403442383,-0.028049269292758083,0.07177227735519409,-0.0024484992027282715,-0.028171849970028973,0.0815477967262268,-0.008626699447631836,-0.02844775055746851
0.0,0.0,0.0,0.008061051368713379,-0.031417250633239746,-0.0052814104369645065,0.02362990379333496,-0.05912196636199951,-0.011286089453733439,0.03705805540084839,-0.07899105548858643,-0.016373958695567126,0.04258686304092407,-0.09833812713623047,-0.021540750075018877,0.02528965473175049,-0.04878276586532593,-0.01924937989178943,0.054075777530670166,-0.054371178150177,-0.027878018353021616,0.07029247283935547,-0.054942548274993896,-0.031573772687352175,0.08326929807662964,-0.054489850997924805,-0.03329429428640651,0.02914196252822876,-0.027534067630767822,-0.021034524101651186,0.06173980236053467,-0.034273505210876465,-0.027642237279451365,0.08042740821838379,-0.037549495697021484,-0.029641233641541476,0.09457606077194214,-0.03978699445724487,-0.03136643047992038,0.032586634159088135,-0.00831979513168335,-0.02260774772230434,0.0623355507850647,-0.015865027904510498,-0.02800213571254062,0.08022594451904297,-0.019923269748687744,-0.029334225017464632,0.0932738184928894,-0.023577868938446045,-0.030336641032135958,0.03557693958282471,0.008015334606170654,-0.024346268061435694,0.05835580825805664,0.000999152660369873,-0.027758825827277178,0.07072120904922485,-0.003575563430786133,-0.027712907899058337,0.08009731769561768,-0.008195638656616211,-0.02782346892718124
0.0,0.0,0.0,0.008868098258972168,-0.029871881008148193,-0.0037823769831533127,0.0249822735786438,-0.05757230520248413,-0.009000097271936625,0.03817784786224365,-0.07716560363769531,-0.013675160576539724,0.04309237003326416,-0.09577786922454834,-0.01844453239901611,0.024620234966278076,-0.046584486961364746,-0.01716686958535263,0.05216151475906372,-0.05196237564086914,-0.02552693510516235,0.06772029399871826,-0.05309683084487915,-0.029230477158861845,0.07989746332168579,-0.05364745855331421,-0.031014779453116148,0.027697443962097168,-0.02603369951248169,-0.019806673620777815,0.05963408946990967,-0.03264802694320679,-0.02665240677161762,0.07859283685684204,-0.036833107471466064,-0.029031438623505323,0.09320282936096191,-0.040700435638427734,-0.031023239587383955,0.030700206756591797,-0.007243990898132324,-0.022208340336518972,0.061002910137176514,-0.014567196369171143,-0.02820361765189716,0.07931733131408691,-0.01883333921432495,-0.030112780501085012,0.0929558277130127,-0.023134887218475342,-0.03135957742198059,0.033518433570861816,0.009227275848388672,-0.024600529913740843,0.05737060308456421,0.0025257468223571777,-0.02878061855300018,0.0706028938293457,-0.002458333969116211,-0.02938707718713829,0.08088111877441406,-0.007828354835510254,-0.02990178192122528
0.0,0.0,0.0,0.008212745189666748,-0.030979275703430176,-0.004522716547342043,0.02451634407043457,-0.058918118476867676,-0.009946871004046898,0.038436293601989746,-0.07843625545501709,-0.01456842610144804,0.04371148347854614,-0.09705555438995361,-0.01929870100224207,0.02430206537246704,-0.04725402593612671,-0.018953867643119793,0.053314924240112305,-0.05269747972488403,-0.027390862270237903,0.07001793384552002,-0.05418598651885986,-0.030824248134138088,0.0830848217010498,-0.05518507957458496,-0.032430425672771435,0.02818852663040161,-0.026531219482421875,-0.021190721928121548,0.06070655584335327,-0.03424537181854248,-0.02826699280643652,0.0799897313117981,-0.0384708046913147,-0.030404897793175678,0.09490907192230225,-0.042265236377716064,-0.03220141717696379,0.031878530979156494,-0.0076940059661865234,-0.02314587907397936,0.06237512826919556,-0.016258180141448975,-0.029261123775484066,0.08071565628051758,-0.020983099937438965,-0.030985245867611866,0.09466338157653809,-0.025611162185668945,-0.03218373322391699,0.03532850742340088,0.008461236953735352,-0.025121374442221622,0.05887413024902344,0.0009312629699707031,-0.029386850460412006,0.07179385423660278,-0.004251539707183838,-0.029988080649616222,0.08191341161727905,-0.009782373905181885,-0.030550921722294788
0.0,0.0,0.0,0.00921165943145752,-0.031254708766937256,-0.003961988152774154,0.02625894546508789,-0.05989331007003784,-0.009142975216569482,0.0404086709022522,-0.08046716451644897,-0.013666878348054468,0.04542809724807739,-0.09960669279098511,-0.01832379203832346,0.026227891445159912,-0.049846529960632324,-0.017748018620373784,0.055050790309906006,-0.055158376693725586,-0.026081832019450246,0.07126009464263916,-0.05601984262466431,-0.029605835569860517,0.08393746614456177,-0.05645477771759033,-0.03130330879783827,0.02948462963104248,-0.02941220998764038,-0.02021642018652159,0.0621148943901062,-0.036254048347473145,-0.02703479853069979,0.08134818077087402,-0.04039573669433594,-0.029247959969403325,0.09615075588226318,-0.04403090476989746,-0.03112552863156992,0.03240996599197388,-0.010376334190368652,-0.022395724324347555,0.06246548891067505,-0.01822483539581299,-0.02818145964837271,0.08082115650177002,-0.022378385066986084,-0.029886720595719396,0.09475195407867432,-0.0262945294380188,-0.031117522982718526,0.035051941871643066,0.006524860858917236,-0.024589117510082303,0.05796170234680176,0.00014227628707885742,-0.028543904317380964,0.07116842269897461,-0.004085361957550049,-0.029079051581980764,0.08198481798171997,-0.008096456527709961,-0.02962775145268637
0.0,0.0,0.0,0.009280025959014893,-0.0319254994392395,-0.004692012501173792,0.025870144367218018,-0.061142683029174805,-0.01045946689438182,0.04015845060348511,-0.08239877223968506,-0.01544770883511859,0.04620629549026489,-0.10166561603546143,-0.020436314922982035,0.026319146156311035,-0.05042451620101929,-0.01817303342860299,0.054706573486328125,-0.05586296319961548,-0.02668809151392537,0.07066869735717773,-0.0577961802482605,-0.030358592105322657,0.08315742015838623,-0.05901360511779785,-0.032062035111003695,0.030217766761779785,-0.029307425022125244,-0.02032528078299123,0.0628090500831604,-0.03695565462112427,-0.02725557802360612,0.0817151665687561,-0.041690051555633545,-0.029382737410479365,0.09628868103027344,-0.04571253061294556,-0.031131461319738207,0.03384941816329956,-0.010105013847351074,-0.02226335747283059,0.06501585245132446,-0.019353389739990234,-0.028101993781739054,0.08313405513763428,-0.024424076080322266,-0.0292488337133463,0.09654980897903442,-0.028765380382537842,-0.029949516115003405,0.037413835525512695,0.006267547607421875,-0.024283811507039843,0.06159710884094238,-0.0030567049980163574,-0.027969561574273882,0.07524049282073975,-0.00894087553024292,-0.02789245179038602,0.0858491063117981,-0.014345288276672363,-0.027862072048002062
0.0,0.0,0.0,0.008882105350494385,-0.03138202428817749,-0.005241882800071096,0.02562248706817627,-0.05959141254425049,-0.01066190870380268,0.03971302509307861,-0.07973772287368774,-0.015135765354095554,0.04537588357925415,-0.09900319576263428,-0.01967058917409048,0.027376234531402588,-0.0499119758605957,-0.017102793137489414,0.05424630641937256,-0.0547947883605957,-0.025114108155428028,0.07064932584762573,-0.05637723207473755,-0.028870685304461574,0.08387583494186401,-0.05758863687515259,-0.030774256492911434,0.03093355894088745,-0.02920091152191162,-0.01859213253384695,0.06266087293624878,-0.03584408760070801,-0.02451753457909689,0.08158069849014282,-0.03991514444351196,-0.026472725252567386,0.09660601615905762,-0.04362291097640991,-0.028249450306354618,0.03448474407196045,-0.009843409061431885,-0.019972967262326335,0.06409949064254761,-0.017768383026123047,-0.02489832257753477,0.08230477571487427,-0.022411346435546875,-0.026103265861927127,0.09598004817962646,-0.02718287706375122,-0.026991328502951717,0.037667691707611084,0.007024645805358887,-0.02156079215830431,0.06069493293762207,-0.0007709860801696777,-0.02465524738556013,0.0736457109451294,-0.00591963529586792,-0.02448592735355959,0.08374619483947754,-0.011396348476409912,-0.024505457187949276
0.0,0.0,0.0,0.009129226207733154,-0.02926492691040039,-0.004539655876982351,0.02565455436706543,-0.05785590410232544,-0.01055503858410134,0.03889065980911255,-0.07850843667984009,-0.01572383137576594,0.043980956077575684,-0.09770786762237549,-0.021056990494656702,0.024495363235473633,-0.04710668325424194,-0.020476884564089914,0.05280023813247681,-0.052077531814575195,-0.029342525994110247,0.06861251592636108,-0.05292230844497681,-0.033078878542113443,0.08091139793395996,-0.0532839298248291,-0.03488518240087046,0.026845693588256836,-0.02592545747756958,-0.02294220531516089,0.059196650981903076,-0.032624900341033936,-0.030428328906822344,0.07849562168121338,-0.03671079874038696,-0.03294468986027255,0.09328633546829224,-0.04046511650085449,-0.0349965015255691,0.02908909320831299,-0.00664973258972168,-0.02497714514069571,0.05948317050933838,-0.014555871486663818,-0.031552682986188074,0.07829231023788452,-0.018871665000915527,-0.03372738452785029,0.0926581621170044,-0.022890746593475342,-0.03515039326779856,0.03140538930892944,0.010103762149810791,-0.026934332569766184,0.0544358491897583,0.0030791759490966797,-0.03167262615792765,0.06776738166809082,-0.0018305182456970215,-0.03251508193247332,0.07854211330413818,-0.0063895583152771,-0.03314148949615969
0.0,0.0,0.0,0.008708178997039795,-0.03107386827468872,-0.0049726371674907455,0.02583831548690796,-0.05976378917694092,-0.010663446041114355,0.04034721851348877,-0.08010554313659668,-0.015372704716689611,0.045865416526794434,-0.0991353988647461,-0.020092346707649256,0.025916755199432373,-0.04908192157745361,-0.019415683115191484,0.054251670837402344,-0.054495811462402344,-0.0279255704975796,0.0702052116394043,-0.05653023719787598,-0.03142712172336104,0.08263444900512695,-0.05777859687805176,-0.03304931801027777,0.029546022415161133,-0.02839905023574829,-0.021322182381815935,0.061964571475982666,-0.036366939544677734,-0.02835417259699824,0.08132123947143555,-0.04107481241226196,-0.030515647495455767,0.09614992141723633,-0.044656217098236084,-0.032311680728859926,0.03274571895599365,-0.00965273380279541,-0.022947904656000162,0.06316113471984863,-0.01879805326461792,-0.02903219219512465,0.08169764280319214,-0.02348339557647705,-0.030869263226456667,0.09550595283508301,-0.02704864740371704,-0.03206051420635703,0.03566586971282959,0.0062261223793029785,-0.024606526831455255,0.0592421293258667,-0.0020210742950439453,-0.02884613257116797,0.07235574722290039,-0.007317185401916504,-0.02953544352418902,0.08252012729644775,-0.011916399002075195,-0.030057688245840097
0.0,0.0,0.0,0.009017348289489746,-0.032221972942352295,-0.004937886930711954,0.025708138942718506,-0.059989750385284424,-0.010202412232466429,0.0405537486076355,-0.07925170660018921,-0.014564729965933054,0.04674863815307617,-0.09794127941131592,-0.019006089046307295,0.026085376739501953,-0.049563586711883545,-0.017895149737306326,0.053721070289611816,-0.05463224649429321,-0.02639493785769531,0.0703917145729065,-0.05563795566558838,-0.030396585091658324,0.08381730318069458,-0.056168973445892334,-0.032441599964805334,0.029965877532958984,-0.02821636199951172,-0.019601448178001135,0.061800241470336914,-0.035803139209747314,-0.025996642857499808,0.08075487613677979,-0.03979086875915527,-0.028163513838954657,0.09561383724212646,-0.04308980703353882,-0.030093972310133665,0.03360259532928467,-0.008809566497802734,-0.02112755991489479,0.06317085027694702,-0.017501413822174072,-0.02638801068038532,0.08142471313476562,-0.022456645965576172,-0.027803648933478087,0.09507161378860474,-0.02715069055557251,-0.028888766392775267,0.036716580390930176,0.007807672023773193,-0.02282372742862293,0.059139907360076904,0.000293731689453125,-0.02629294872254917,0.07207179069519043,-0.005061328411102295,-0.026503029018350333,0.08211278915405273,-0.010537564754486084,-0.02681520834536144
0.0,0.0,0.0,0.009478151798248291,-0.03011983633041382,-0.004287278517395521,0.0265006422996521,-0.05782675743103027,-0.009675270184189344,0.040943920612335205,-0.0774042010307312,-0.014446215941816831,0.047274768352508545,-0.0959591269493103,-0.01935171080312159,0.026264965534210205,-0.04685533046722412,-0.018073740653008485,0.054264068603515625,-0.052139103412628174,-0.027112764544099832,0.0708153247833252,-0.05339688062667847,-0.031354678101152444,0.08399492502212524,-0.0542682409286499,-0.03351203841647532,0.02911853790283203,-0.026810824871063232,-0.020730805821031595,0.061318039894104004,-0.033618390560150146,-0.02836062131008532,0.0808265209197998,-0.037579476833343506,-0.031129568121642137,0.09601664543151855,-0.04128974676132202,-0.03327131388267901,0.03179270029067993,-0.008071064949035645,-0.023184775612563158,0.06209319829940796,-0.015986919403076172,-0.02973015723308947,0.08079248666763306,-0.0202333927154541,-0.031816219217390085,0.09506404399871826,-0.024498462677001953,-0.033153058267444635,0.03432154655456543,0.008485376834869385,-0.02569300053200152,0.05753070116043091,0.001886606216430664,-0.03027756442806151,0.0705990195274353,-0.0030032992362976074,-0.031031280062407518,0.08079200983047485,-0.008189141750335693,-0.03161220741948512
0.0,0.0,0.0,0.010083496570587158,-0.032031476497650146,-0.005292436715656379,0.02820533514022827,-0.06011420488357544,-0.010799417414212087,0.04332089424133301,-0.07994067668914795,-0.015337520420992234,0.05029702186584473,-0.09938079118728638,-0.019938392706656316,0.028445065021514893,-0.050868451595306396,-0.018329883136296132,0.05619889497756958,-0.05511736869812012,-0.027201991670274595,0.07332873344421387,-0.056062519550323486,-0.03156092218353734,0.087399423122406,-0.05689835548400879,-0.033883327760243276,0.03132730722427368,-0.029864788055419922,-0.020153669782423833,0.06324392557144165,-0.03638178110122681,-0.02718931450738893,0.08297383785247803,-0.03984135389328003,-0.02985480628206716,0.09911578893661499,-0.043086349964141846,-0.03206856749250875,0.03431671857833862,-0.01004338264465332,-0.02181684053733335,0.06446605920791626,-0.017823994159698486,-0.027828982241892675,0.08355593681335449,-0.022446036338806152,-0.02969141691222177,0.09828472137451172,-0.027066469192504883,-0.030918866537952283,0.037180423736572266,0.007222235202789307,-0.02364675528600202,0.06058335304260254,-0.0001595020294189453,-0.027749898054146627,0.0742872953414917,-0.0049024224281311035,-0.028282381736183027,0.08534562587738037,-0.009650826454162598,-0.028724378116869786
0.0,0.0,0.0,0.009890079498291016,-0.0319591760635376,-0.005066990021894924,0.02789771556854248,-0.06015747785568237,-0.010755261507163993,0.0434727668762207,-0.07962363958358765,-0.015525969777534954,0.05024451017379761,-0.09907400608062744,-0.02025776180280303,0.02818751335144043,-0.051878273487091064,-0.018651539560686103,0.05760616064071655,-0.05658853054046631,-0.027491241794358245,0.07439303398132324,-0.05705130100250244,-0.03149003359330749,0.0879705548286438,-0.05705469846725464,-0.033457914468179695,0.03176087141036987,-0.030116260051727295,-0.02055977108729934,0.06488978862762451,-0.037111878395080566,-0.02753989036036586,0.08410781621932983,-0.04088503122329712,-0.029791658845077507,0.09904158115386963,-0.044077277183532715,-0.03166822167886352,0.035330116748809814,-0.009942173957824707,-0.022267682578693382,0.06615656614303589,-0.018355846405029297,-0.027955325421224586,0.08445769548416138,-0.02323669195175171,-0.029191024702321045,0.09795701503753662,-0.027734041213989258,-0.030029174041281692,0.03891289234161377,0.007575392723083496,-0.024151142787466995,0.06292968988418579,-0.0014500021934509277,-0.027757780727277748,0.0759856104850769,-0.007449150085449219,-0.027760870855580322,0.08615219593048096,-0.013345539569854736,-0.027831653233896247
0.0,0.0,0.0,0.00865548849105835,-0.1720350980758667,-0.03178004681186053,0.03149521350860596,-0.3375243842601776,-0.06023660062865588,0.04553353786468506,-0.45413094758987427,-0.08546784653381678,0.04285550117492676,-0.5604640692472458,-0.11454946680979106,-0.004478633403778076,-0.2976962924003601,-0.10190638287977549,0.07081413269042969,-0.32340008020401,-0.1599849326820788,0.12487483024597168,-0.33488717675209045,-0.2015768004866061,0.17819184064865112,-0.3407137393951416,-0.2315784855099139,-0.019033372402191162,-0.18695557117462158,-0.11895513667778346,0.09682977199554443,-0.20584869384765625,-0.172032625815433,0.16743606328964233,-0.2217046618461609,-0.20199272169784876,0.22932809591293335,-0.23666206002235413,-0.2327030016394076,-0.025811314582824707,-0.07152366638183594,-0.1360211385698733,0.08059585094451904,-0.08343511819839478,-0.1963437510939059,0.1452188491821289,-0.10161173343658447,-0.2109684510441241,0.19760578870773315,-0.11871534585952759,-0.22367918624595973,-0.021877050399780273,0.031011104583740234,-0.1541340513439593,0.047470152378082275,0.01804661750793457,-0.20268018676952693,0.08698993921279907,0.0016353130340576172,-0.2104346318455157,0.11823767423629761,-0.01696920394897461,-0.21836421026901576
0.0,0.0,0.0,0.026301026344299316,-0.1575414538383484,-0.03185952795655567,0.07019442319869995,-0.2990863621234894,-0.061284530591080966,0.09166920185089111,-0.402127206325531,-0.08368562875301677,0.08271878957748413,-0.49336758255958557,-0.10750705717117626,0.0008036494255065918,-0.1873975694179535,-0.10616681693107921,0.0913231372833252,-0.2084583342075348,-0.15283171800882656,0.15541678667068481,-0.2347656786441803,-0.18478417364866573,0.21153414249420166,-0.2510426938533783,-0.20829087464124996,0.009724676609039307,-0.06833350658416748,-0.11529525337726909,0.12097048759460449,-0.10350799560546875,-0.15237259833128292,0.19379031658172607,-0.137739896774292,-0.17036089269430477,0.25503009557724,-0.1636320948600769,-0.194093286674331,0.02231365442276001,0.030820369720458984,-0.12272446570904094,0.12760990858078003,-0.006261765956878662,-0.1638523486068948,0.1886267066001892,-0.04526644945144653,-0.1687491980007394,0.23963987827301025,-0.0707859992980957,-0.17653904823572475,0.04043394327163696,0.10674476623535156,-0.13129535285742122,0.12067461013793945,0.07490098476409912,-0.15918640760691005,0.16948354244232178,0.03650188446044922,-0.1585633304527505,0.21097332239151,0.006048738956451416,-0.16302806107313472
0.0,0.0,0.0,0.06133037805557251,-0.12333208322525024,-0.03765123202424547,0.12111306190490723,-0.2487151026725769,-0.07939256592612765,0.14531958103179932,-0.34785449504852295,-0.1138671250544121,0.13373911380767822,-0.4354194402694702,-0.1482066647611191,0.057506680488586426,-0.16536691784858704,-0.14817562564235232,0.1651509404182434,-0.17212381958961487,-0.21292970939498446,0.23400241136550903,-0.1652275025844574,-0.24621927603106997,0.29268211126327515,-0.15932485461235046,-0.2676735357842972,0.043799638748168945,-0.05550724267959595,-0.15941391750197909,0.16752994060516357,-0.06669026613235474,-0.2198575572572281,0.25215935707092285,-0.06544512510299683,-0.23855452104430697,0.3189395070075989,-0.058776021003723145,-0.25667114420753023,0.04446685314178467,0.04139554500579834,-0.1684773699842026,0.16157329082489014,0.045709967613220215,-0.23431898518424532,0.2384079098701477,0.0532185435295105,-0.25014828010421297,0.29779213666915894,0.05371534824371338,-0.25988899036269686,0.056037843227386475,0.1231529712677002,-0.1774718449912598,0.15607529878616333,0.1540389060974121,-0.23166656359057924,0.21396100521087646,0.17759782075881958,-0.24530286951880953,0.26343852281570435,0.190421462059021,-0.25559039278846285
0.0,0.0,0.0,0.006996095180511475,-0.15457242727279663,-0.04580601718031119,0.022631704807281494,-0.3060481548309326,-0.07821339037023733,0.029905080795288086,-0.4142424166202545,-0.106066573818552,0.0310172438621521,-0.5126392692327499,-0.13667999621235083,-0.0037308931350708008,-0.26371192932128906,-0.10626484121881674,0.08365708589553833,-0.254585325717926,-0.17419834848247717,0.1324150562286377,-0.24952340126037598,-0.22355980094276617,0.17129111289978027,-0.24272513389587402,-0.2558223646482105,-0.0392950177192688,-0.15833276510238647,-0.11747609492145727,0.07206201553344727,-0.14568978548049927,-0.17549668665729712,0.1436401605606079,-0.14511632919311523,-0.203001548012125,0.19962948560714722,-0.14511483907699585,-0.2294971239169712,-0.06125521659851074,-0.0461387038230896,-0.13136920746170233,0.03910797834396362,-0.03275388479232788,-0.19629049714409064,0.1082451343536377,-0.02710700035095215,-0.20474036451183508,0.1582791805267334,-0.028406202793121338,-0.2105614286264057,-0.06938469409942627,0.05127209424972534,-0.1485790055593128,-0.003459453582763672,0.0715215802192688,-0.19935942109428595,0.04161590337753296,0.07774525880813599,-0.2025294792255039,0.07734930515289307,0.07897084951400757,-0.20478351827465247
0.0,0.0,0.0,0.01479041576385498,-0.08969080448150635,-0.06360011278184174,0.005659282207489014,-0.14407944679260254,-0.13344021616967439,0.006059587001800537,-0.1755671501159668,-0.1920959251979184,-0.009337246417999268,-0.20679378509521484,-0.25606433032544373,-0.10754168033599854,-0.13149893283843994,-0.2308321791747403,-0.05479276180267334,-0.1403461992740631,-0.3141396391251874,0.012314379215240479,-0.14049434661865234,-0.3611289608338666,0.08377218246459961,-0.13610029220581055,-0.39480516789944886,-0.1298500895500183,-0.053077757358551025,-0.2372672754386258,-0.041127562522888184,-0.05650949478149414,-0.31537646530659913,0.040184855461120605,-0.05225104093551636,-0.3402192640164685,0.11911100149154663,-0.046646714210510254,-0.3676528680184674,-0.12348169088363647,0.018810749053955078,-0.24015981434376954,-0.051638245582580566,0.026940345764160156,-0.3199372339108777,0.02546757459640503,0.030192196369171143,-0.33876809953244447,0.10024172067642212,0.028369247913360596,-0.35532340882809876,-0.10557782649993896,0.08376318216323853,-0.24496415732892274,-0.059571027755737305,0.10541772842407227,-0.3110927092889142,-0.018535912036895752,0.10477721691131592,-0.3324702131608319,0.02953726053237915,0.10065710544586182,-0.35461378572972535
0.0,0.0,0.0,0.013228952884674072,-0.1459035873413086,-0.057954383014791944,0.024972975254058838,-0.272441565990448,-0.10545516472970817,0.03331804275512695,-0.37968510389328003,-0.1483531193128762,0.03741353750228882,-0.47620365023612976,-0.1944564626804528,-0.027732014656066895,-0.22125786542892456,-0.14278889161264274,0.05361294746398926,-0.20166358351707458,-0.2247480944982705,0.11582410335540771,-0.20110046863555908,-0.2780477003446755,0.17135608196258545,-0.2117876410484314,-0.31066312354719017,-0.05966642498970032,-0.09755122661590576,-0.15523779851114128,0.04625570774078369,-0.09902828931808472,-0.24247195285474632,0.14740973711013794,-0.10745799541473389,-0.2744495169511971,0.23321282863616943,-0.1131587028503418,-0.2940473751417336,-0.07551947236061096,0.020598292350769043,-0.17073132556592796,0.0174444317817688,0.030464470386505127,-0.2600946919313607,0.1178123950958252,0.02006673812866211,-0.2720983223310647,0.19368994235992432,0.006612181663513184,-0.2707099513403115,-0.0790269672870636,0.12475788593292236,-0.18958451312696312,-0.034050822257995605,0.17235195636749268,-0.2551678017965493,0.004010617733001709,0.17962074279785156,-0.2643823818556008,0.03502267599105835,0.1774662733078003,-0.26566155713712547
0.0,0.0,0.0,-0.0014355778694152832,-0.1551607847213745,-0.04905020060936316,-0.0006568431854248047,-0.29092442989349365,-0.08970884594122275,0.00568002462387085,-0.39579063653945923,-0.12766281875769003,0.013439714908599854,-0.4926462024450302,-0.1690619251410137,-0.03295731544494629,-0.2414126694202423,-0.12186085048118933,0.03995227813720703,-0.2396830916404724,-0.2018160334507595,0.09692227840423584,-0.23885953426361084,-0.2573798558394085,0.14472335577011108,-0.236097514629364,-0.2918232342878948,-0.0660325288772583,-0.12642306089401245,-0.13717865559259756,0.031922757625579834,-0.13099712133407593,-0.22108359250227316,0.12455445528030396,-0.13427138328552246,-0.25802173825899466,0.19491833448410034,-0.1318541169166565,-0.28272327396074637,-0.08343815803527832,-0.010127425193786621,-0.1551580241600643,-0.0054770708084106445,-0.010331153869628906,-0.24201963457266196,0.09009337425231934,-0.009848475456237793,-0.25550725671450003,0.15596169233322144,-0.015301942825317383,-0.25681441637674673,-0.0891408920288086,0.09237086772918701,-0.17578680428663596,-0.05140644311904907,0.1214105486869812,-0.24182033154169424,-0.008345305919647217,0.12709712982177734,-0.25044077250162466,0.025585711002349854,0.12347948551177979,-0.25143938872019156
0.0,0.0,0.0,0.05190455913543701,-0.11440318822860718,-0.050765963123012625,0.09851235151290894,-0.21864020824432373,-0.10614225067274674,0.124203622341156,-0.3101787567138672,-0.15207053519861802,0.11085587739944458,-0.4011831283569336,-0.19817568160669907,0.033399224281311035,-0.1466352343559265,-0.18786559797899827,0.12050282955169678,-0.14929771423339844,-0.27090205051081284,0.1798418164253235,-0.1453869342803955,-0.3147157261528264,0.235643208026886,-0.14558473229408264,-0.34149084784166917,0.025903284549713135,-0.039658188819885254,-0.19634254075663193,0.12708836793899536,-0.05187422037124634,-0.2739880809940587,0.20515787601470947,-0.061180710792541504,-0.2975243458904515,0.271533727645874,-0.06141459941864014,-0.3177587220825444,0.031541287899017334,0.05366981029510498,-0.20301086999552354,0.12029224634170532,0.0648108720779419,-0.286358637587,0.18992453813552856,0.06191366910934448,-0.3086319992698918,0.25002390146255493,0.05553478002548218,-0.32079057194368943,0.047007977962493896,0.13649064302444458,-0.2097153643526326,0.12298429012298584,0.17876821756362915,-0.27455471254961594,0.16915786266326904,0.19407469034194946,-0.29347197510378464,0.2134615182876587,0.19777131080627441,-0.3078097829975377
0.0,0.0,0.0,0.03737688064575195,-0.13396602869033813,-0.03333387785380637,0.09379345178604126,-0.25984102487564087,-0.05920784064358031,0.1288614273071289,-0.346797913312912,-0.07963001989548957,0.13172799348831177,-0.4265124201774597,-0.10051635169213569,0.038820087909698486,-0.19594144821166992,-0.09597829245751655,0.1353352665901184,-0.1937984824180603,-0.14257807546084678,0.19288992881774902,-0.19651412963867188,-0.17052375786727225,0.23896163702011108,-0.1941865086555481,-0.19023780041163718,0.03811034560203552,-0.08922511339187622,-0.1072209876102761,0.14564859867095947,-0.09412628412246704,-0.14830980711406028,0.21861863136291504,-0.10291087627410889,-0.16821528487628257,0.27737540006637573,-0.10829806327819824,-0.18933912628119742,0.042877912521362305,0.012001335620880127,-0.11874865256970679,0.14575982093811035,0.012115180492401123,-0.1707644116205529,0.2105882167816162,0.009820997714996338,-0.18819109611933982,0.26150351762771606,0.001770317554473877,-0.20148191862529075,0.05230957269668579,0.09828943014144897,-0.13080904894297873,0.1357150673866272,0.12492972612380981,-0.17878891044085776,0.17983627319335938,0.14775162935256958,-0.19108826928561484,0.2184656262397766,0.16181981563568115,-0.2005364697498635
0.0,0.0,0.0,0.021653592586517334,-0.09293287992477417,-0.05389109480623233,0.026317834854125977,-0.17789414525032043,-0.11306316632274616,0.038085341453552246,-0.25595027208328247,-0.16278292465452182,0.04011976718902588,-0.3451976478099823,-0.2156292520785712,-0.028948187828063965,-0.12304502725601196,-0.19599111604932773,0.04479020833969116,-0.12077665328979492,-0.2832189373994254,0.09936350584030151,-0.11784446239471436,-0.33622758317235935,0.1527087688446045,-0.11693871021270752,-0.37032683420423496,-0.035857200622558594,-0.022414803504943848,-0.20029311108831394,0.05956101417541504,-0.026063501834869385,-0.2757987849736594,0.1266345977783203,-0.02601325511932373,-0.3053557150388144,0.18983930349349976,-0.023410379886627197,-0.33345867920164096,-0.02648717164993286,0.06272011995315552,-0.2018740646863364,0.04619264602661133,0.07074332237243652,-0.27655698585752475,0.10873925685882568,0.07149189710617065,-0.29679818678144443,0.1629403829574585,0.06900680065155029,-0.31224055814985263,-0.011375010013580322,0.1369737982749939,-0.20435305166486728,0.039359986782073975,0.15817642211914062,-0.2625214331174277,0.0752648115158081,0.1607755422592163,-0.2799663417363547,0.11031746864318848,0.15907162427902222,-0.29697664308790195
0.0,0.0,0.0,0.04622244834899902,-0.12285631895065308,-0.0338047376201871,0.10826259851455688,-0.23982542753219604,-0.058961328707766825,0.1453341245651245,-0.3258850574493408,-0.07866589411361247,0.15036064386367798,-0.4089612364768982,-0.09966426029069453,0.055557191371917725,-0.17773228883743286,-0.09640229924781352,0.14222365617752075,-0.17774724960327148,-0.14407010807855158,0.20376604795455933,-0.1835678219795227,-0.17351919844014674,0.25831401348114014,-0.18809208273887634,-0.194242422126365,0.05366480350494385,-0.07652521133422852,-0.10637394025189906,0.1555909514427185,-0.08192729949951172,-0.1498868061528924,0.23431706428527832,-0.09081810712814331,-0.171528120182586,0.30431067943573,-0.0979163646697998,-0.19256791903836756,0.05741754174232483,0.018578052520751953,-0.1163925497160676,0.15402179956436157,0.023790717124938965,-0.1685289634691003,0.2218414545059204,0.019463717937469482,-0.185226668261123,0.28091108798980713,0.01252812147140503,-0.19676824345452815,0.06602585315704346,0.10214924812316895,-0.1273726268039468,0.14545375108718872,0.1277676820755005,-0.17394371762139826,0.19029057025909424,0.1463966965675354,-0.18504536583287745,0.23230743408203125,0.15874040126800537,-0.19293515815598994
0.0,0.0,0.0,0.023153305053710938,-0.12324011325836182,-0.05480296825995978,0.04878419637680054,-0.23429542779922485,-0.09543473934760627,0.07383996248245239,-0.32332682609558105,-0.13077678447595176,0.09525185823440552,-0.4087221324443817,-0.16802663272252616,0.016973435878753662,-0.18529099225997925,-0.12758582001557883,0.09248065948486328,-0.19695913791656494,-0.20423292284837302,0.15644872188568115,-0.1919553279876709,-0.2521097279154354,0.21617043018341064,-0.17970800399780273,-0.27707301741471824,-0.007878422737121582,-0.07932251691818237,-0.13361946409574088,0.11719781160354614,-0.09493368864059448,-0.20788162117829856,0.20563042163848877,-0.09796202182769775,-0.23294002478948173,0.276212215423584,-0.10159730911254883,-0.2484882987104946,-0.018974125385284424,0.019146740436553955,-0.14323589866986808,0.09567064046859741,0.020306050777435303,-0.21851288443437156,0.1819150447845459,0.013641417026519775,-0.22685477798810538,0.2470548152923584,-0.004504203796386719,-0.2250391907059246,-0.021341472864151,0.09983962774276733,-0.15652123754849967,0.03930950164794922,0.1292312741279602,-0.21003483897080955,0.08490753173828125,0.1273745894432068,-0.2135786480270916,0.12618064880371094,0.11448651552200317,-0.21147424643865165
0.0,0.0,0.0,0.040017008781433105,-0.08979976177215576,-0.03993978879225324,0.06729412078857422,-0.1768490970134735,-0.09134305423867772,0.08939379453659058,-0.2545569837093353,-0.13521968728673528,0.09452962875366211,-0.33554303646087646,-0.1826691568530805,0.00718003511428833,-0.11554813385009766,-0.16920589810979436,0.08995723724365234,-0.11523252725601196,-0.24018900996816228,0.15283453464508057,-0.11280560493469238,-0.2784984201825864,0.21088451147079468,-0.11165374517440796,-0.3024678618348844,-0.002629518508911133,-0.015024662017822266,-0.1776998878158338,0.11069661378860474,-0.0140761137008667,-0.24139502054822515,0.18915581703186035,-0.01443779468536377,-0.26177663511407445,0.2552906274795532,-0.011461198329925537,-0.28038964575898717,0.002151966094970703,0.07127213478088379,-0.18308343893659185,0.10561114549636841,0.07336491346359253,-0.24133656329286168,0.1767328381538391,0.07649147510528564,-0.2534781486428983,0.2372559905052185,0.07441407442092896,-0.2621582836545713,0.012690305709838867,0.1424214243888855,-0.1888579369224317,0.0844564437866211,0.15535789728164673,-0.23316522843015264,0.13415294885635376,0.1579168438911438,-0.24355905658376287,0.180131196975708,0.15543603897094727,-0.25330481833589147
0.0,0.0,0.0,0.017631947994232178,-0.10046333074569702,-0.045174307155178894,0.006501913070678711,-0.1955851912498474,-0.10652761064724814,0.0028479695320129395,-0.2879346013069153,-0.16121794186787497,-0.0016745328903198242,-0.3771575093269348,-0.2211277624245156,-0.08014047145843506,-0.14134782552719116,-0.187680452096032,-0.004154682159423828,-0.14189279079437256,-0.2613233318205346,0.055006444454193115,-0.14141607284545898,-0.302128135191964,0.11156821250915527,-0.14127248525619507,-0.32888030909256827,-0.09258389472961426,-0.0431513786315918,-0.19720016323284995,0.01622927188873291,-0.037635207176208496,-0.2622884800310601,0.09160804748535156,-0.03919881582260132,-0.28356683157639395,0.15520966053009033,-0.03610026836395264,-0.30594250463204276,-0.08016553521156311,0.045245349407196045,-0.20307968460278403,0.013908684253692627,0.05072706937789917,-0.266046284663247,0.08467304706573486,0.04786735773086548,-0.28059786461548697,0.14157235622406006,0.038248300552368164,-0.29331982039170157,-0.058116018772125244,0.12383884191513062,-0.2098752399559487,0.0033036470413208008,0.14574050903320312,-0.2616085996504296,0.047041475772857666,0.1462709903717041,-0.27563831113533865,0.08388280868530273,0.13727903366088867,-0.2900657942171563
0.0,0.0,0.0,0.019093453884124756,-0.09499257802963257,-0.040863109892285365,0.010243475437164307,-0.19303423166275024,-0.09824169999924948,0.008716285228729248,-0.2817445695400238,-0.14846785194245626,0.005278289318084717,-0.35999271273612976,-0.20343437618581106,-0.07501691579818726,-0.14094245433807373,-0.187086327141202,-0.003937959671020508,-0.13790160417556763,-0.2604409141000872,0.05588418245315552,-0.1318466067314148,-0.3012656850275164,0.11371994018554688,-0.12285435199737549,-0.3279508037027483,-0.08901005983352661,-0.04084300994873047,-0.1971612108406191,0.017360985279083252,-0.03728663921356201,-0.26223817295399954,0.0945359468460083,-0.03732079267501831,-0.28300416297284414,0.160835862159729,-0.031208574771881104,-0.30470627374020864,-0.07641932368278503,0.047034263610839844,-0.20266450769273092,0.014872848987579346,0.05164611339569092,-0.2644581181463366,0.08650732040405273,0.04981398582458496,-0.27586084431973745,0.14384377002716064,0.04352366924285889,-0.28578656739560415,-0.05308568477630615,0.12545478343963623,-0.20873956209985067,0.006968021392822266,0.14152801036834717,-0.25692811436024954,0.054571568965911865,0.13774770498275757,-0.2674414498266344,0.09559530019760132,0.12728577852249146,-0.2790554446634417
0.0,0.0,0.0,0.04659932851791382,-0.08744537830352783,-0.03715957024550676,0.08591735363006592,-0.17996585369110107,-0.08501905271268129,0.10915249586105347,-0.2653995752334595,-0.12589935281729936,0.10689449310302734,-0.34844258427619934,-0.17010853507972,0.026205003261566162,-0.12174397706985474,-0.15709092536425828,0.10409677028656006,-0.12114745378494263,-0.22297503867602586,0.16176384687423706,-0.1184002161026001,-0.2602339766309285,0.2198578119277954,-0.11330592632293701,-0.2846424958989644,0.013089299201965332,-0.02286010980606079,-0.1662565849111104,0.1225857138633728,-0.01819056272506714,-0.22436776080584764,0.1992444396018982,-0.01749521493911743,-0.24524030902838945,0.26649755239486694,-0.01322406530380249,-0.2656346044824147,0.016128480434417725,0.06369978189468384,-0.1725042096660161,0.11497437953948975,0.06830531358718872,-0.22720391371703386,0.1869756579399109,0.07197386026382446,-0.2418415925786519,0.2470475435256958,0.0681719183921814,-0.2531289837644124,0.027380406856536865,0.13976794481277466,-0.17918007889247178,0.10035556554794312,0.1503881812095642,-0.22083764591670274,0.14905494451522827,0.14800715446472168,-0.23205790737128495,0.1933690905570984,0.13770800828933716,-0.24337320843196153
0.0,0.0,0.0,0.023038089275360107,-0.1038433313369751,-0.04454866878319308,0.012391746044158936,-0.20610764622688293,-0.10466003499556109,0.009742975234985352,-0.29341766238212585,-0.15667510114241168,0.005399465560913086,-0.3772605359554291,-0.21447658620405718,-0.0718042254447937,-0.1456921100616455,-0.1921316244416289,-0.004768848419189453,-0.1449078917503357,-0.2675914325528197,0.06178563833236694,-0.14365530014038086,-0.31223221204805895,0.12693583965301514,-0.1442965865135193,-0.3411726810746245,-0.08840388059616089,-0.04289668798446655,-0.1981641807370238,0.018090426921844482,-0.03791314363479614,-0.2634644665532164,0.10025542974472046,-0.04338616132736206,-0.28278930566835925,0.17156004905700684,-0.043081581592559814,-0.3035178341679625,-0.07683217525482178,0.0460582971572876,-0.19980783842134997,0.017261862754821777,0.0488433837890625,-0.2578933098130278,0.09638792276382446,0.038821280002593994,-0.2670105554871611,0.15784794092178345,0.02472686767578125,-0.2753877200894408,-0.05432862043380737,0.12125468254089355,-0.20260804973173663,0.01535344123840332,0.12886124849319458,-0.24786336801577136,0.06873375177383423,0.11771601438522339,-0.256573841791635,0.11300861835479736,0.09816193580627441,-0.2665458776764922
0.0,0.0,0.0,0.03156101703643799,-0.09435057640075684,-0.03404174547524974,0.04335439205169678,-0.19068479537963867,-0.08153612341614291,0.05625438690185547,-0.2768879234790802,-0.12258735474081561,0.05888766050338745,-0.3574025630950928,-0.16806699510546252,-0.021066904067993164,-0.1265394687652588,-0.15725033160181567,0.05424076318740845,-0.12975335121154785,-0.22024779196711108,0.11690306663513184,-0.12852883338928223,-0.25584657665224597,0.1773080825805664,-0.1255422830581665,-0.2792184221360259,-0.033112168312072754,-0.030688941478729248,-0.16563831444712207,0.07743024826049805,-0.030168890953063965,-0.2214282470557265,0.15448373556137085,-0.03167760372161865,-0.23914016958208606,0.2226201295852661,-0.027664124965667725,-0.25757979031534717,-0.024223268032073975,0.053341567516326904,-0.1701705771300368,0.07946199178695679,0.0549999475479126,-0.22129863675566241,0.15385639667510986,0.05455666780471802,-0.23209297831984088,0.21608203649520874,0.04917621612548828,-0.2412133085343413,-0.007507443428039551,0.12464940547943115,-0.17502594169111774,0.06628376245498657,0.13724857568740845,-0.2156786191079192,0.11636263132095337,0.13615339994430542,-0.22531554277868793,0.16225385665893555,0.1255478858947754,-0.23520820017786548
0.0,0.0,0.0,0.024682998657226562,-0.11838990449905396,-0.04961051295114416,0.012763619422912598,-0.22396516799926758,-0.11233581105781454,-0.0003777146339416504,-0.3049338757991791,-0.16704330096555609,-0.00509333610534668,-0.3846662938594818,-0.22806978473974127,-0.07901132106781006,-0.167405903339386,-0.19735677788568395,-0.013107478618621826,-0.1728307604789734,-0.26968176911188024,0.05055946111679077,-0.171284019947052,-0.3112141365797605,0.11303400993347168,-0.16314107179641724,-0.339611666897067,-0.09481987357139587,-0.0697813630104065,-0.2032482499868955,0.008134782314300537,-0.06972038745880127,-0.2728608424456205,0.08590245246887207,-0.07490044832229614,-0.29945434878183264,0.157598614692688,-0.07013064622879028,-0.3253295297415342,-0.0812029242515564,0.0224992036819458,-0.20416951427770513,0.0100632905960083,0.014855504035949707,-0.2673479492456998,0.08515149354934692,0.004439294338226318,-0.28514208147836584,0.15005719661712646,-0.006028294563293457,-0.29947470376802343,-0.054595112800598145,0.10176366567611694,-0.206378760436305,0.007079184055328369,0.09884065389633179,-0.25328238556695837,0.05420887470245361,0.08068966865539551,-0.26571859667611974,0.09873378276824951,0.058399200439453125,-0.27973951647592443
0.0,0.0,0.0,0.0424593985080719,-0.08292263746261597,-0.04325732097146329,0.07644990086555481,-0.16396206617355347,-0.0923036250483733,0.09893724322319031,-0.23784136772155762,-0.1323220866930228,0.10834202170372009,-0.3203199505805969,-0.1739037621032935,0.021899133920669556,-0.11612522602081299,-0.1665851461899024,0.09991839528083801,-0.11287343502044678,-0.24035680174944218,0.15914645791053772,-0.10590493679046631,-0.28315539538976964,0.21662607789039612,-0.10105609893798828,-0.31045694530126866,0.013210982084274292,-0.015202462673187256,-0.1726101624977332,0.12095072865486145,-0.014089107513427734,-0.23573329925653752,0.19456300139427185,-0.012387633323669434,-0.25963257134077367,0.2609005272388458,-0.01182258129119873,-0.2816351789247733,0.019146233797073364,0.0697060227394104,-0.1760729688417655,0.11081913113594055,0.07310539484024048,-0.236795379520629,0.17823025584220886,0.0744900107383728,-0.25103245556471165,0.2379147708415985,0.07024025917053223,-0.2614040213834983,0.033083945512771606,0.14101189374923706,-0.18005153417703923,0.10050532221794128,0.1522819995880127,-0.22773957133409795,0.1421324908733368,0.15230971574783325,-0.23993961393949803,0.1823747456073761,0.14835786819458008,-0.25111745178816136
0.0,0.0,0.0,0.034272611141204834,-0.09644973278045654,-0.04664290533185067,0.05541789531707764,-0.18355387449264526,-0.10430161119222703,0.06328815221786499,-0.2602258324623108,-0.1531814208698279,0.05943012237548828,-0.33606815338134766,-0.2070432326269156,-0.02182072401046753,-0.13520246744155884,-0.19944279105186524,0.05424553155899048,-0.1404617428779602,-0.27967974752903046,0.11463409662246704,-0.13697320222854614,-0.3230490407419211,0.17252719402313232,-0.13161182403564453,-0.3519772312116629,-0.03257584571838379,-0.040072083473205566,-0.2086383423280722,0.07583904266357422,-0.04057872295379639,-0.28440803498745026,0.15387195348739624,-0.04033714532852173,-0.31133693665981355,0.22305649518966675,-0.037884533405303955,-0.3361793181371695,-0.02319478988647461,0.04554218053817749,-0.2142262330722815,0.07386016845703125,0.04714381694793701,-0.286244066662789,0.1441928744316101,0.046507179737091064,-0.3086010834646231,0.20492911338806152,0.039505839347839355,-0.3254094740819937,-0.004737734794616699,0.12106412649154663,-0.22018723399162354,0.06242978572845459,0.1347227692604065,-0.28223741263866486,0.11052864789962769,0.13406461477279663,-0.3074632605981833,0.1560094952583313,0.1273370385169983,-0.3291592618894583
0.0,0.0,0.0,0.028840959072113037,-0.09199118614196777,-0.04361925961944735,0.03704339265823364,-0.17817217111587524,-0.09698907228681719,0.045545339584350586,-0.25320732593536377,-0.14164601954195177,0.053378522396087646,-0.32977554202079773,-0.18977113755914843,-0.03327333927154541,-0.12176138162612915,-0.1795027920839516,0.04629749059677124,-0.11694729328155518,-0.2545902648803917,0.1125991940498352,-0.10742884874343872,-0.2988119641182152,0.1741287112236023,-0.09968841075897217,-0.32747053297731554,-0.04844629764556885,-0.019710183143615723,-0.18662977906438982,0.06759011745452881,-0.020088553428649902,-0.2534052351352898,0.14919757843017578,-0.017935097217559814,-0.2784439245102135,0.2211945652961731,-0.01561814546585083,-0.3017852524158684,-0.04202336072921753,0.06628775596618652,-0.19001712592813647,0.06104332208633423,0.06627124547958374,-0.2511830249664513,0.13775664567947388,0.06875813007354736,-0.26493417414400255,0.20269769430160522,0.06577873229980469,-0.2755141774055687,-0.025965094566345215,0.13659882545471191,-0.19399700256559527,0.04333031177520752,0.14553123712539673,-0.24060933979723131,0.09386718273162842,0.14255648851394653,-0.25155176910135424,0.1407029628753662,0.1331501603126526,-0.26266591938707506
0.0,0.0,0.0,0.047667890787124634,-0.08679759502410889,-0.04333448640534243,0.09548619389533997,-0.17243969440460205,-0.09115083746144137,0.1271495521068573,-0.24913132190704346,-0.12960808954665026,0.13991382718086243,-0.33280783891677856,-0.16948921463915667,0.047271937131881714,-0.12510251998901367,-0.16651452563235125,0.1325613558292389,-0.12277489900588989,-0.23946529112288317,0.1971767246723175,-0.11556702852249146,-0.2806995906634029,0.2580520808696747,-0.10967755317687988,-0.3065290548605617,0.0384620726108551,-0.024971306324005127,-0.17184006653258166,0.15381112694740295,-0.022703826427459717,-0.2356606670422252,0.23365148901939392,-0.01869124174118042,-0.2593720652861293,0.3025716245174408,-0.01469886302947998,-0.2801254787249263,0.04183134436607361,0.06332075595855713,-0.17434866211840472,0.14326968789100647,0.06753647327423096,-0.23265297196337542,0.21345558762550354,0.07011401653289795,-0.24498050890395007,0.2736679017543793,0.06785517930984497,-0.25365961573550067,0.05298075079917908,0.13790643215179443,-0.1775007345480617,0.12876483798027039,0.1498085856437683,-0.22227917097040972,0.17286339402198792,0.14927071332931519,-0.23252453885504565,0.21448877453804016,0.14530831575393677,-0.2417370774550136
0.0,0.0,0.0,0.04836130142211914,-0.08801430463790894,-0.038917206934200976,0.09453374147415161,-0.1733904480934143,-0.08492960478972122,0.12478750944137573,-0.2520627975463867,-0.12323108758639023,0.12916481494903564,-0.3353152573108673,-0.16383791413019821,0.041276514530181885,-0.11159169673919678,-0.15092957462977097,0.12789392471313477,-0.10826915502548218,-0.21207334544371292,0.19043850898742676,-0.10210156440734863,-0.24358359422396347,0.24739187955856323,-0.09524136781692505,-0.2625778063745372,0.03011220693588257,-0.013492584228515625,-0.15711944248388932,0.14905869960784912,-0.009762465953826904,-0.21198977973173783,0.2290521264076233,-0.006198287010192871,-0.228935812375056,0.2946398854255676,-0.0011704564094543457,-0.24366790499399826,0.03196215629577637,0.07298046350479126,-0.16048410978029892,0.1397167444229126,0.07550466060638428,-0.20940372791002915,0.21463638544082642,0.08224225044250488,-0.21822479810427353,0.27592527866363525,0.08262234926223755,-0.22357471730421707,0.039678215980529785,0.14448153972625732,-0.16463324870775864,0.12326186895370483,0.15474754571914673,-0.19882677938650772,0.17362725734710693,0.1599942445755005,-0.20333746518801377,0.2174094319343567,0.15977108478546143,-0.20800736989687607
0.0,0.0,0.0,0.050863415002822876,-0.08537942171096802,-0.035784140957730415,0.09332439303398132,-0.17174237966537476,-0.08233580811156571,0.12099584937095642,-0.25186896324157715,-0.12182701451911271,0.12562736868858337,-0.33653149008750916,-0.16464352680577576,0.035964757204055786,-0.11032772064208984,-0.15526731385125458,0.11917749047279358,-0.10699588060379028,-0.21938553525342286,0.1807258427143097,-0.1014217734336853,-0.25342108382119477,0.2391481101512909,-0.0929902195930481,-0.2742041505707675,0.02222380042076111,-0.010749638080596924,-0.16240608765019715,0.14083686470985413,-0.005286991596221924,-0.21885269953145325,0.22269132733345032,-0.0006361603736877441,-0.23637980295552552,0.29240235686302185,0.007932424545288086,-0.2526391602887088,0.023095041513442993,0.07477831840515137,-0.1662698395384723,0.13321855664253235,0.08176565170288086,-0.21744324339761079,0.2086637318134308,0.09053587913513184,-0.22840564025773347,0.27137133479118347,0.09272420406341553,-0.23551681710614503,0.0309789776802063,0.1461520791053772,-0.1703291244639331,0.11541333794593811,0.16199570894241333,-0.20752833856477082,0.16708692908287048,0.1658484935760498,-0.21478216422929108,0.21291717886924744,0.16096794605255127,-0.22170023692979157
0.0,0.0,0.0,0.03934895992279053,-0.04330125451087952,-0.007398657009968446,0.08191955089569092,-0.07916533946990967,-0.01720403504840462,0.11786025762557983,-0.105063796043396,-0.02665276450387566,0.14367938041687012,-0.1314653754234314,-0.036469383140126155,0.07517486810684204,-0.049537211656570435,-0.027910949637213633,0.1329309344291687,-0.06080126762390137,-0.04242569391898243,0.16773205995559692,-0.06040692329406738,-0.04880178903512089,0.194469153881073,-0.057219862937927246,-0.05191582252554028,0.07371902465820312,-0.008757293224334717,-0.03137761538199513,0.13887661695480347,-0.02069467306137085,-0.045628214229861186,0.1798398494720459,-0.024787187576293945,-0.049881277580777095,0.20937567949295044,-0.027928918600082397,-0.05267524157933323,0.07403254508972168,0.02877137064933777,-0.0345074254768285,0.1376739740371704,0.016731351613998413,-0.04717576314977734,0.17512726783752441,0.010424613952636719,-0.048882162173310206,0.20316863059997559,0.0038795769214630127,-0.04876826514772503,0.07398116588592529,0.06171485781669617,-0.037846671392241404,0.1243939995765686,0.055060386657714844,-0.04552706142238705,0.15179359912872314,0.04758560657501221,-0.04391834696106045,0.17469781637191772,0.04020228981971741,-0.04210889523200123
0.0,0.0,0.0,0.05015730857849121,-0.009426295757293701,0.006209929797378777,0.0975191593170166,-0.01740485429763794,0.004897528651682137,0.1357927918434143,-0.031820714473724365,0.0007376199099695668,0.16381412744522095,-0.04829758405685425,-0.0057271091755950465,0.10308170318603516,0.002323538064956665,-0.0033736335136467233,0.1669400930404663,-0.013491421937942505,-0.010525196001353265,0.2056989073753357,-0.02058720588684082,-0.014537996754469873,0.23340892791748047,-0.023526370525360107,-0.01681008297246933,0.09788155555725098,0.03422316908836365,-0.012077238552691938,0.16948717832565308,0.012222647666931152,-0.018777604356827737,0.21235573291778564,0.0037877261638641357,-0.0250290717486763,0.24297279119491577,-0.004734218120574951,-0.029948906183662416,0.09367960691452026,0.06073695421218872,-0.01964899818641186,0.1617565155029297,0.04530447721481323,-0.026804442659440042,0.20444107055664062,0.03683650493621826,-0.03226196686965466,0.23599320650100708,0.027759850025177002,-0.03566230382067204,0.08877253532409668,0.08455988764762878,-0.02606860841852665,0.1446439027786255,0.07891923189163208,-0.03105254578632355,0.177382230758667,0.07003653049468994,-0.029540163606824876,0.20418989658355713,0.06005540490150452,-0.02779939691764355
0.0,0.0,0.0,0.007790982723236084,0.0554506778717041,0.008288438697846345,0.04050716757774353,0.09100723266601562,0.012314081457944326,0.07356986403465271,0.10127457976341248,0.013476537806482725,0.09884914755821228,0.09271228313446045,0.011889755060465745,0.06373676657676697,0.10137227177619934,0.006056045447976999,0.10861125588417053,0.11209717392921448,4.487140212461327e-05,0.13306739926338196,0.10445308685302734,-0.006514038159011193,0.14995089173316956,0.09064725041389465,-0.010607409956364222,0.07117024064064026,0.07553249597549438,-0.0010185429961069303,0.1168195903301239,0.07389697432518005,-0.006695450948981829,0.1446763575077057,0.06289675831794739,-0.015458032222895213,0.1660536825656891,0.04984298348426819,-0.022066886270849295,0.07459554076194763,0.04561391472816467,-0.007431483095942326,0.1194029152393341,0.036837488412857056,-0.01570306598624427,0.14897194504737854,0.026899009943008423,-0.025641736308543273,0.17069104313850403,0.015630066394805908,-0.03204699113449294,0.0745517909526825,0.013974934816360474,-0.012169700781313963,0.1137528121471405,0.005025655031204224,-0.020680418903438635,0.13989755511283875,-0.002514570951461792,-0.025831450442282744,0.1612248718738556,-0.009876281023025513,-0.02858768283805091
0.0,0.0,0.0,0.010142147541046143,-0.045798659324645996,-0.011732776694699965,0.03162497282028198,-0.08418411016464233,-0.02389331818442031,0.052640318870544434,-0.1089971661567688,-0.033566483341857634,0.06944119930267334,-0.13426586985588074,-0.04341468685190364,0.029802262783050537,-0.06913936138153076,-0.04239466884057208,0.07587599754333496,-0.07747232913970947,-0.058749024801656446,0.10423582792282104,-0.07952460646629333,-0.0644118311337678,0.12579762935638428,-0.08051350712776184,-0.06664904677192851,0.033643364906311035,-0.03253054618835449,-0.04381228336016818,0.08617722988128662,-0.043810248374938965,-0.05828097932855769,0.11803275346755981,-0.049521684646606445,-0.06169800185482188,0.14154434204101562,-0.05332911014556885,-0.0642231749824731,0.038074791431427,-0.00049591064453125,-0.04466538973967715,0.08668017387390137,-0.011886179447174072,-0.056836520367070875,0.11698919534683228,-0.016815185546875,-0.05990786203066989,0.13977861404418945,-0.02233022451400757,-0.06156176798860713,0.04283410310745239,0.02556711435317993,-0.04564016410033389,0.08031368255615234,0.018831610679626465,-0.05485802614013835,0.10197794437408447,0.0134505033493042,-0.056846526496812544,0.11927980184555054,0.0054381489753723145,-0.05795219265739604
0.0,0.0,0.0,0.013591647148132324,-0.04629641771316528,-0.006557277326194821,0.03874194622039795,-0.09303450584411621,-0.014197622813938438,0.06078934669494629,-0.12634015083312988,-0.02058445142274934,0.07432764768600464,-0.15293365716934204,-0.026900899053273974,0.039673805236816406,-0.08454960584640503,-0.027253032118736087,0.08171415328979492,-0.09929627180099487,-0.04048462809687692,0.10741257667541504,-0.10343945026397705,-0.045997711286602794,0.12755990028381348,-0.10577929019927979,-0.0483209140754326,0.042984068393707275,-0.05146414041519165,-0.030192407236157237,0.09159928560256958,-0.06744170188903809,-0.040707974151430903,0.12144047021865845,-0.07412064075469971,-0.04321320580011445,0.14494282007217407,-0.07829713821411133,-0.04515286760097581,0.04672771692276001,-0.019601821899414062,-0.032909593001662074,0.09225267171859741,-0.03385382890701294,-0.04165511803394395,0.1205134391784668,-0.04037445783615112,-0.043017590806542216,0.14153647422790527,-0.04680192470550537,-0.04345439972048837,0.051313161849975586,0.009065210819244385,-0.03568246440654832,0.0868682861328125,-0.002599477767944336,-0.04109763206606942,0.10838639736175537,-0.009856998920440674,-0.040933920458613215,0.12586432695388794,-0.017692089080810547,-0.040613005325852214
0.0,0.0,0.0,0.012809157371520996,-0.048192501068115234,-0.008795469088354935,0.037167370319366455,-0.09110647439956665,-0.018441534621516098,0.05924326181411743,-0.11978405714035034,-0.02639327293435656,0.07367414236068726,-0.146567702293396,-0.034375033361712326,0.029284179210662842,-0.0802881121635437,-0.03605393229226195,0.07444298267364502,-0.09171760082244873,-0.05169232098559462,0.10252100229263306,-0.09393852949142456,-0.057516342980662216,0.12416243553161621,-0.09538722038269043,-0.05998464582661711,0.03214418888092041,-0.04494166374206543,-0.03908196745614134,0.0827597975730896,-0.05904024839401245,-0.05315506367186629,0.11423605680465698,-0.0649673342704773,-0.05696163607935034,0.1378195881843567,-0.0695766806602478,-0.059755607528487076,0.03650468587875366,-0.011515974998474121,-0.04159442244271361,0.08341622352600098,-0.02513211965560913,-0.053439172936478485,0.11337709426879883,-0.03082096576690674,-0.05616936741570555,0.13624364137649536,-0.03747349977493286,-0.057601480765143265,0.041947364807128906,0.01709967851638794,-0.04410595728258215,0.07900089025497437,0.006905853748321533,-0.052780765129128326,0.10148483514785767,0.0005671381950378418,-0.05450752286414229,0.12025511264801025,-0.007129073143005371,-0.05557813404301726
0.0,0.0,0.0,0.011538982391357422,-0.0466344952583313,-0.01166523794773866,0.033883869647979736,-0.08517515659332275,-0.02415316633079101,0.055465877056121826,-0.11160075664520264,-0.03410634665880252,0.07140445709228516,-0.13969582319259644,-0.044231227479315294,0.02447909116744995,-0.07109701633453369,-0.04465054243001987,0.07120037078857422,-0.07920444011688232,-0.06187596812043239,0.10075056552886963,-0.08011621236801147,-0.06785978644285251,0.1233932375907898,-0.08024805784225464,-0.07017228274736453,0.026233971118927002,-0.034681856632232666,-0.046356360308266176,0.07975929975509644,-0.04340934753417969,-0.06194022937808086,0.11378300189971924,-0.04798203706741333,-0.06516483693513919,0.13904887437820435,-0.051753997802734375,-0.0675904777565961,0.03037548065185547,-0.0016228556632995605,-0.0473733049551015,0.0800207257270813,-0.010168075561523438,-0.06037159904036571,0.11171191930770874,-0.014162600040435791,-0.062491173736191286,0.13517063856124878,-0.020178914070129395,-0.0633693811217313,0.03617328405380249,0.025311291217803955,-0.04850870638284732,0.07549864053726196,0.020418405532836914,-0.05772720172200252,0.09894531965255737,0.01596832275390625,-0.05911492451224376,0.11756545305252075,0.007563471794128418,-0.05999462573919345
0.0,0.0,0.0,0.01175987720489502,-0.04715836048126221,-0.010490454943237637,0.03496628999710083,-0.08854961395263672,-0.022188252979276513,0.05696946382522583,-0.11599212884902954,-0.031561258458850716,0.07375162839889526,-0.1428608000278473,-0.040845292830226754,0.02833104133605957,-0.07702815532684326,-0.041483397805450295,0.07576137781143188,-0.08669465780258179,-0.057626418047902916,0.10484838485717773,-0.08751702308654785,-0.06236987861370835,0.12619584798812866,-0.08701610565185547,-0.06365750285362992,0.03184401988983154,-0.03990519046783447,-0.043568889820335244,0.08646422624588013,-0.05191880464553833,-0.058253145986554955,0.11890161037445068,-0.056408822536468506,-0.060597504698989724,0.14217078685760498,-0.058572471141815186,-0.06206521692251954,0.036950647830963135,-0.0060037970542907715,-0.0450178563830832,0.08652722835540771,-0.01834237575531006,-0.05696007909750733,0.11703091859817505,-0.02316582202911377,-0.05833686071014199,0.13911056518554688,-0.028108656406402588,-0.05859700890755448,0.04293942451477051,0.021779417991638184,-0.04655983226871285,0.08260279893875122,0.012232482433319092,-0.054682004475353096,0.10513371229171753,0.005413949489593506,-0.05531640651201997,0.12267297506332397,-0.003390491008758545,-0.05549281763410363
0.0,0.0,0.0,0.013807713985443115,-0.04851037263870239,-0.009461522623070096,0.03982555866241455,-0.091683030128479,-0.018811687416501854,0.06357437372207642,-0.11834824085235596,-0.026151107213564728,0.07973212003707886,-0.14336910843849182,-0.033350381589599465,0.030937790870666504,-0.07959634065628052,-0.03634789172477326,0.07863485813140869,-0.08826494216918945,-0.051547988838620995,0.1079866886138916,-0.08929729461669922,-0.056699938661523674,0.13028192520141602,-0.08975553512573242,-0.058569188750453804,0.03434652090072632,-0.04338562488555908,-0.038637406713434075,0.08781945705413818,-0.05512833595275879,-0.0521542053288897,0.12062835693359375,-0.059506893157958984,-0.05572145018643937,0.14471358060836792,-0.06279176473617554,-0.05832882929510674,0.03910565376281738,-0.010185539722442627,-0.04042132157749734,0.08784496784210205,-0.02275186777114868,-0.05183246318168244,0.11947065591812134,-0.02741318941116333,-0.05533085349864564,0.14318156242370605,-0.0332375168800354,-0.057321186698146676,0.044920384883880615,0.01735246181488037,-0.04220674518413148,0.083240807056427,0.009569227695465088,-0.05075807455844483,0.10603845119476318,0.004100203514099121,-0.05314480472273431,0.12437307834625244,-0.0035683512687683105,-0.05469410080380044
0.0,0.0,0.0,0.010492205619812012,-0.04477190971374512,-0.011232551111248767,0.03330028057098389,-0.08275890350341797,-0.022780886775223053,0.05602848529815674,-0.10934233665466309,-0.031896867713300026,0.07254934310913086,-0.13652151823043823,-0.04097366418537263,0.023595094680786133,-0.0682973861694336,-0.0408279159277356,0.0711284875869751,-0.07967889308929443,-0.05691875602897767,0.0989537239074707,-0.08223295211791992,-0.062030580750075615,0.11952018737792969,-0.08239191770553589,-0.06358173202571038,0.02692931890487671,-0.032386720180511475,-0.04183948498067025,0.08079427480697632,-0.04373866319656372,-0.05703495528396729,0.11267900466918945,-0.05055844783782959,-0.05978162299689416,0.1359989047050476,-0.05552595853805542,-0.06139444645341996,0.033100664615631104,-4.5299530029296875e-05,-0.04235402207669381,0.08273971080780029,-0.011674463748931885,-0.054651793947783744,0.11194270849227905,-0.017559468746185303,-0.055876732727853096,0.13341403007507324,-0.024432778358459473,-0.05570286970433358,0.04075777530670166,0.025812149047851562,-0.04304573025402192,0.08038711547851562,0.017982840538024902,-0.05062471415695313,0.10225653648376465,0.012336254119873047,-0.05076339926418427,0.11905622482299805,0.0033683180809020996,-0.050574981531468666
0.0,0.0,0.0,-0.014119148254394531,-0.03575894236564636,-0.018368822834020193,-0.029049277305603027,-0.0744394063949585,-0.038025577864175375,-0.03786206245422363,-0.10611081123352051,-0.05552405615759426,-0.03945368528366089,-0.1334502100944519,-0.07444714879108005,-0.03376740217208862,-0.03820791840553284,-0.06194293623281055,-0.065196692943573,-0.041296929121017456,-0.0910689321668201,-0.08913177251815796,-0.04819026589393616,-0.11047484850001865,-0.10766786336898804,-0.05767124891281128,-0.12143404161048466,-0.030612587928771973,-0.007365763187408447,-0.0633214352042728,-0.06705808639526367,-0.013037323951721191,-0.09036904697728687,-0.09299826622009277,-0.02295750379562378,-0.1032803294570499,-0.11071181297302246,-0.03519481420516968,-0.11369170372796589,-0.022477567195892334,0.020958244800567627,-0.06333474194121891,-0.05084282159805298,0.016750335693359375,-0.08905945842576557,-0.07507210969924927,0.004680156707763672,-0.09594044958663517,-0.09353959560394287,-0.008645474910736084,-0.09888937448573643,-0.011040806770324707,0.044676005840301514,-0.06392495458436542,-0.01398169994354248,0.04793083667755127,-0.08113442485642963,-0.018545806407928467,0.04584687948226929,-0.0838958633453899,-0.024864792823791504,0.037887632846832275,-0.08551614855838352
0.0,0.0,0.0,-0.01422971487045288,-0.045889079570770264,-0.004051752211466919,-0.04071754217147827,-0.08775994181632996,-0.00846277532161821,-0.05762159824371338,-0.11988314986228943,-0.012258734377041947,-0.05741298198699951,-0.14881262183189392,-0.01770774723024715,-0.039356768131256104,-0.07142370939254761,-0.01823001430364002,-0.07725703716278076,-0.07275038957595825,-0.028341273600176464,-0.0988694429397583,-0.07375049591064453,-0.036510635921672474,-0.11686158180236816,-0.07771024107933044,-0.04283842519851078,-0.04099839925765991,-0.042378902435302734,-0.021899427110270153,-0.0831030011177063,-0.04577195644378662,-0.030080585563496243,-0.108684241771698,-0.05013728141784668,-0.036594868460610996,-0.12846046686172485,-0.05493366718292236,-0.04361344204278339,-0.04244333505630493,-0.014620065689086914,-0.025169576341227184,-0.08177751302719116,-0.01850414276123047,-0.032664985218957554,-0.10581904649734497,-0.023618638515472412,-0.03644331620068897,-0.12512493133544922,-0.029838144779205322,-0.04071414918632854,-0.043329596519470215,0.008741676807403564,-0.02843067684204925,-0.07225024700164795,0.006494402885437012,-0.035497695961907993,-0.09120553731918335,0.003706216812133789,-0.03762916178436626,-0.10784316062927246,0.00026673078536987305,-0.03982202784152378
0.0,0.0,0.0,-0.013680458068847656,-0.03893017768859863,-0.006733187166986454,-0.03091871738433838,-0.07550173997879028,-0.01140473659151553,-0.04127556085586548,-0.10560357570648193,-0.015081488220033634,-0.04187500476837158,-0.13313698768615723,-0.019626644132671345,-0.017330944538116455,-0.04802209138870239,-0.017084655044612873,-0.046925127506256104,-0.0461040735244751,-0.025794882951316822,-0.05465853214263916,-0.04433077573776245,-0.03216410676949977,-0.05794256925582886,-0.04565221071243286,-0.03629137824290751,-0.017799437046051025,-0.017677724361419678,-0.018281281618413914,-0.0521245002746582,-0.01583075523376465,-0.022861960036692608,-0.058587849140167236,-0.019067585468292236,-0.023979178322491634,-0.058818817138671875,-0.021897614002227783,-0.02725450198167323,-0.020259082317352295,0.008861720561981201,-0.019687195001182545,-0.05090475082397461,0.009840965270996094,-0.024888432277379025,-0.056500017642974854,0.0059372782707214355,-0.021611959366140354,-0.05720317363739014,0.0007706880569458008,-0.020824582008657444,-0.023036658763885498,0.029595494270324707,-0.021629106877384174,-0.046046316623687744,0.033545613288879395,-0.025467193378148067,-0.0518040657043457,0.03269308805465698,-0.02220008584671973,-0.05434775352478027,0.03190809488296509,-0.0205569366645193
0.0,0.0,0.0,-0.018614649772644043,-0.03738600015640259,-0.004402376734162772,-0.042771756649017334,-0.07328027486801147,-0.009980010357196534,-0.05808168649673462,-0.10433560609817505,-0.015012135286326611,-0.0626068115234375,-0.13290637731552124,-0.02095905740230819,-0.039948344230651855,-0.052697181701660156,-0.016031303000147545,-0.06511080265045166,-0.05258023738861084,-0.02477370437651416,-0.07679766416549683,-0.049227774143218994,-0.03163988750844737,-0.08615398406982422,-0.047545552253723145,-0.03646670889526149,-0.04212498664855957,-0.024070382118225098,-0.018147284653480256,-0.06824541091918945,-0.023393988609313965,-0.024274752032454217,-0.08227968215942383,-0.023671329021453857,-0.027719781291182244,-0.09142780303955078,-0.025108277797698975,-0.03204168614416858,-0.04412722587585449,0.002858400344848633,-0.020196926337177956,-0.06997138261795044,0.002348661422729492,-0.025253644701535904,-0.08331406116485596,0.0015451312065124512,-0.024583654966647828,-0.09214913845062256,-6.312131881713867e-05,-0.02550564568906566,-0.045622408390045166,0.025294899940490723,-0.022519970801170075,-0.06737661361694336,0.02517843246459961,-0.026411926862294877,-0.07899999618530273,0.02507251501083374,-0.025257878493960106,-0.0876874327659607,0.02541595697402954,-0.02487891775041362
0.0,0.0,0.0,-0.02072298526763916,-0.03768891096115112,-0.0037288594597058022,-0.04541599750518799,-0.07336187362670898,-0.009522760154403898,-0.06122356653213501,-0.10480934381484985,-0.015051909589864465,-0.0647696852684021,-0.13391375541687012,-0.02156490726182625,-0.04362165927886963,-0.052632153034210205,-0.014663199761606904,-0.06628304719924927,-0.05252838134765625,-0.023928186723686906,-0.07757890224456787,-0.0484081506729126,-0.031659287268020364,-0.08773267269134521,-0.04562175273895264,-0.03710578461895153,-0.04458421468734741,-0.02388232946395874,-0.017420382106401178,-0.06848466396331787,-0.022387981414794922,-0.02438479928085968,-0.08188092708587646,-0.021902620792388916,-0.028820888006784173,-0.09219682216644287,-0.02249610424041748,-0.03377294992814228,-0.04527181386947632,0.0028423666954040527,-0.02013479253063366,-0.0693126916885376,0.003246486186981201,-0.0256304059715049,-0.08221030235290527,0.0033753514289855957,-0.025523842179872247,-0.09182369709014893,0.003086090087890625,-0.026801884973146173,-0.045933663845062256,0.02545297145843506,-0.02312691775868103,-0.06724005937576294,0.02486211061477661,-0.027065087908603402,-0.07894307374954224,0.02497333288192749,-0.026080452704526635,-0.08867621421813965,0.025965988636016846,-0.025851740369297715
0.0,0.0,0.0,0.015608906745910645,-0.03594648838043213,-0.006775143646560622,0.03588056564331055,-0.07093322277069092,-0.012950320818386984,0.04779702425003052,-0.09923917055130005,-0.02008536932703109,0.05309903621673584,-0.12145394086837769,-0.027070871644578887,0.04509866237640381,-0.048611998558044434,-0.008836714641116572,0.047380805015563965,-0.05495339632034302,-0.025144076996408415,0.034724652767181396,-0.052720725536346436,-0.03790460442837329,0.024135053157806396,-0.049151599407196045,-0.044315151029191924,0.04734647274017334,-0.020892858505249023,-0.01240358231302352,0.05900293588638306,-0.01766979694366455,-0.02586152134176345,0.06193119287490845,-0.01081693172454834,-0.035604971551261855,0.064136803150177,-0.0053133368492126465,-0.04133482565816493,0.04827535152435303,0.004022777080535889,-0.017172577881179762,0.06074243783950806,0.008638083934783936,-0.029853249990306807,0.06378173828125,0.017406344413757324,-0.03400568579968066,0.06522434949874878,0.02360248565673828,-0.034480541103445006,0.048807382583618164,0.02411818504333496,-0.02234441330369563,0.06176871061325073,0.02803218364715576,-0.029537082740031195,0.07042139768600464,0.0337982177734375,-0.029341894292198134,0.07741236686706543,0.03822815418243408,-0.028045383372269583
0.0,0.0,0.0,-0.004193246364593506,-0.03394639492034912,-0.006784671594999736,-0.011750340461730957,-0.06358939409255981,-0.019745750961504882,-0.016332626342773438,-0.0865815281867981,-0.033248443765245383,-0.022336304187774658,-0.10586458444595337,-0.04778220565398783,-0.013886570930480957,-0.0404396653175354,-0.03240985484202952,-0.033797621726989746,-0.04347938299179077,-0.049199592930875724,-0.05111116170883179,-0.04124891757965088,-0.0597030303009376,-0.06144028902053833,-0.035009562969207764,-0.06504422487100214,-0.012222349643707275,-0.00700908899307251,-0.037426319582067435,-0.02901172637939453,-0.005100846290588379,-0.05333851711233706,-0.04384869337081909,-0.0019054412841796875,-0.0588582238682136,-0.05476486682891846,0.002416551113128662,-0.06191927255471796,-0.007472395896911621,0.021822988986968994,-0.04125856296499819,-0.016183972358703613,0.03218567371368408,-0.05594759867867083,-0.02382725477218628,0.041261494159698486,-0.056670122457347816,-0.030630767345428467,0.04866427183151245,-0.05511388616045565,-0.0006289482116699219,0.04583418369293213,-0.045225617153249686,0.001954197883605957,0.0560450553894043,-0.051469926399789756,0.008622705936431885,0.061067163944244385,-0.04791595102628321,0.015283286571502686,0.06477826833724976,-0.0453142269082889
0.0,0.0,0.0,-0.002259492874145508,-0.03767216205596924,-0.0067173391975785535,-0.006896674633026123,-0.07235366106033325,-0.019175415432485465,-0.011030197143554688,-0.09727257490158081,-0.03243807101848972,-0.014973461627960205,-0.1176103949546814,-0.04660232881310833,-0.0033216476440429688,-0.05246436595916748,-0.028298567554386977,-0.021510183811187744,-0.05598706007003784,-0.04631960908177746,-0.036142587661743164,-0.05204254388809204,-0.05820009628537548,-0.04732215404510498,-0.04566311836242676,-0.06399877885583294,-0.0011730790138244629,-0.018585681915283203,-0.033263736909660224,-0.022788166999816895,-0.019503355026245117,-0.04956791321042431,-0.03804588317871094,-0.01669067144393921,-0.05580924222472561,-0.049814462661743164,-0.014081060886383057,-0.05919988969567669,0.0016022324562072754,0.011408507823944092,-0.037661781108411674,-0.014810681343078613,0.014861762523651123,-0.05307788545492542,-0.028076231479644775,0.01936793327331543,-0.0536638326406802,-0.03837716579437256,0.021919429302215576,-0.05169263625744236,0.005075335502624512,0.03569328784942627,-0.04234437043074024,-0.00013399124145507812,0.04091382026672363,-0.05091956773999584,0.00034868717193603516,0.04439634084701538,-0.048267652785810355,0.002718806266784668,0.04626655578613281,-0.045300812965663795
0.0,0.0,0.0,0.00879746675491333,-0.031404972076416016,-0.0010919744468509407,0.015046894550323486,-0.05777096748352051,-0.007086651175583825,0.01694035530090332,-0.0743597149848938,-0.014677612818147168,0.01558065414428711,-0.08596104383468628,-0.022679218798245415,0.023533105850219727,-0.042308151721954346,-0.007568438313271031,0.011476695537567139,-0.045048534870147705,-0.01770775183972262,-0.0015036463737487793,-0.03790903091430664,-0.026255713551606163,-0.010465264320373535,-0.030482828617095947,-0.030665034204091057,0.025096654891967773,-0.014171779155731201,-0.011825018338228688,0.01605302095413208,-0.014326274394989014,-0.020686402692760453,0.005586981773376465,-0.00889676809310913,-0.02583850525256537,-0.0035101771354675293,-0.0034784674644470215,-0.02832171298500441,0.02799689769744873,0.011604607105255127,-0.01597582712706469,0.02686488628387451,0.015287995338439941,-0.023353127538527474,0.0228651762008667,0.0210111141204834,-0.023949447795118317,0.0182378888130188,0.026218712329864502,-0.022543979584540352,0.030949771404266357,0.033518433570861816,-0.02020861558553122,0.03788864612579346,0.0377885103225708,-0.022120889052118287,0.04346519708633423,0.04197877645492554,-0.01856909669872664,0.04861569404602051,0.045990824699401855,-0.015261820293332562
0.0,0.0,0.0,-0.004967391490936279,-0.03054368495941162,-0.009060270055542219,-0.01174551248550415,-0.05743521451950073,-0.02300044511945032,-0.015266716480255127,-0.08239763975143433,-0.036935625500390756,-0.015786468982696533,-0.10443973541259766,-0.05229390216560148,-0.0006372332572937012,-0.02953469753265381,-0.034020857788036096,-0.018474459648132324,-0.030363023281097412,-0.0502641926476457,-0.033616065979003906,-0.028246581554412842,-0.06168614504427694,-0.043855488300323486,-0.02138042449951172,-0.06925468695850157,-0.002100527286529541,-0.000903010368347168,-0.03842855048866056,-0.0180472731590271,0.002877354621887207,-0.05373339158983015,-0.030490458011627197,0.004147231578826904,-0.061076702452609766,-0.04036259651184082,0.00829225778579712,-0.06672846329898618,-0.0032114386558532715,0.022263526916503906,-0.042129697180698145,-0.012540042400360107,0.03138953447341919,-0.05735088316292547,-0.01797640323638916,0.03780007362365723,-0.06201374707312368,-0.02248746156692505,0.04339414834976196,-0.06477146399707578,-0.004256546497344971,0.03730058670043945,-0.04596400437445425,-0.012565195560455322,0.044274210929870605,-0.057325975871989954,-0.01769620180130005,0.05212676525115967,-0.058667199588725794,-0.021752476692199707,0.05956614017486572,-0.05945113850326322
0.0,0.0,0.0,-0.004187226295471191,0.009174466133117676,-0.02197604983300039,-0.005799710750579834,0.023728668689727783,-0.038558997057378974,-0.009129583835601807,0.03605407476425171,-0.05308014138788053,-0.01520681381225586,0.04357409477233887,-0.0674716716930277,0.0381888747215271,0.03652900457382202,-0.02909020132571527,0.0621333122253418,0.0421215295791626,-0.043561603717506614,0.08081579208374023,0.04336142539978027,-0.05450328051298925,0.0979265570640564,0.04439467191696167,-0.06196439623087713,0.047589004039764404,0.026762425899505615,-0.025620808668435302,0.07403397560119629,0.03224050998687744,-0.03848310171812841,0.09404993057250977,0.03423941135406494,-0.046119600377977576,0.111564040184021,0.03571200370788574,-0.0511183737143881,0.05408155918121338,0.01678311824798584,-0.02356773226708242,0.07782131433486938,0.02261364459991455,-0.03297744675725767,0.09328067302703857,0.02670443058013916,-0.03533378972858259,0.10651743412017822,0.030262231826782227,-0.036190323375166145,0.05707240104675293,0.005538582801818848,-0.02378023772686788,0.07584327459335327,0.013118743896484375,-0.028738848708570686,0.08843725919723511,0.01815742254257202,-0.028736477561295715,0.09931802749633789,0.023189961910247803,-0.02829889751225778
0.0,0.0,0.0,0.007860004901885986,-0.0030919909477233887,-0.011327965408248986,0.014473676681518555,0.0002522468566894531,-0.022150316498859013,0.01815086603164673,0.003399074077606201,-0.03266760636089572,0.02000141143798828,0.005606651306152344,-0.043272129483206356,0.047998011112213135,0.019243597984313965,-0.01800392869828471,0.07329434156417847,0.02116304636001587,-0.028366456962807263,0.0900389552116394,0.01892608404159546,-0.036624944992048825,0.10537117719650269,0.0172538161277771,-0.04267796803234347,0.054696857929229736,0.017435967922210693,-0.01886713806508311,0.08342289924621582,0.01762378215789795,-0.028967016599757756,0.1034461259841919,0.014642536640167236,-0.036062157936079586,0.1210411787033081,0.011195898056030273,-0.04128435928343066,0.058525264263153076,0.014741063117980957,-0.020269918478710736,0.08499294519424438,0.015035688877105713,-0.028113269470317448,0.10352963209152222,0.012788772583007812,-0.03152643818376788,0.1185981035232544,0.009701669216156006,-0.03386023569820651,0.05969041585922241,0.011705517768859863,-0.022831768951995457,0.0799439549446106,0.015557348728179932,-0.02748230401395091,0.09384578466415405,0.015742182731628418,-0.028008670769317234,0.10545575618743896,0.014873623847961426,-0.028423448316438282
0.0,0.0,0.0,-0.015783846378326416,-0.04273092746734619,-0.004893272078664523,-0.040971994400024414,-0.07763653993606567,-0.010810457530499917,-0.062406301498413086,-0.10417598485946655,-0.015927879500271303,-0.06697976589202881,-0.13328707218170166,-0.022167558210970384,-0.05625283718109131,-0.04606443643569946,-0.017016452166320306,-0.0907449722290039,-0.04218655824661255,-0.025816755729795915,-0.11103266477584839,-0.03696161508560181,-0.03274535237538956,-0.128506600856781,-0.03176224231719971,-0.03777171521175049,-0.059296607971191406,-0.015218138694763184,-0.019443903478862268,-0.09632015228271484,-0.011564433574676514,-0.02638480475831173,-0.12046700716018677,-0.009278714656829834,-0.03191323428142212,-0.13924741744995117,-0.00796043872833252,-0.037554080027224046,-0.05931121110916138,0.010917067527770996,-0.021468557777883035,-0.09438544511795044,0.012759387493133545,-0.02676448075759552,-0.11617976427078247,0.01306074857711792,-0.029014448064447862,-0.13375169038772583,0.012832999229431152,-0.03193324281561516,-0.056950390338897705,0.03185969591140747,-0.02366837522673748,-0.08531492948532104,0.03480130434036255,-0.028024066600085717,-0.10230386257171631,0.03608018159866333,-0.028399046870948297,-0.11732661724090576,0.036363422870635986,-0.02910091764021061
0.0,0.0,0.0,-0.014514327049255371,-0.054377973079681396,-0.0017451604560547729,-0.04409831762313843,-0.09905576705932617,-0.005063739974290993,-0.06725060939788818,-0.13094982504844666,-0.008478233959765102,-0.07286328077316284,-0.16298124194145203,-0.0133048616314837,-0.06662356853485107,-0.06625443696975708,-0.013842076432199146,-0.1077280044555664,-0.07044410705566406,-0.022221126962692406,-0.13249582052230835,-0.07283779978752136,-0.02849513981142726,-0.15333658456802368,-0.07543009519577026,-0.033711701069266464,-0.06970208883285522,-0.03457450866699219,-0.01945610474446502,-0.11535310745239258,-0.03907883167266846,-0.026574126813800003,-0.14477163553237915,-0.04357248544692993,-0.032914779518038895,-0.16721022129058838,-0.04868966341018677,-0.03934058863321033,-0.06835061311721802,-0.005435585975646973,-0.02466550599435058,-0.11043965816497803,-0.008930742740631104,-0.031101039979846146,-0.13779586553573608,-0.013269245624542236,-0.0356988975743362,-0.15918117761611938,-0.019953012466430664,-0.040400254909188416,-0.06398969888687134,0.018769025802612305,-0.029766508747131493,-0.09712642431259155,0.02175915241241455,-0.036273069117457535,-0.11827099323272705,0.021826088428497314,-0.03891953397193637,-0.13608330488204956,0.01839733123779297,-0.04128307792940822
0.0,0.0,0.0,-0.0110551118850708,-0.053863316774368286,-0.0038676625570843726,-0.03765380382537842,-0.09661278128623962,-0.009330889721084645,-0.06166034936904907,-0.12664687633514404,-0.01393819744573932,-0.06849426031112671,-0.15702295303344727,-0.019916135397423318,-0.058659911155700684,-0.06152123212814331,-0.02012284989343982,-0.10174816846847534,-0.06532031297683716,-0.029828853484858087,-0.12681621313095093,-0.06602975726127625,-0.0367662492661367,-0.1475592851638794,-0.06685012578964233,-0.042047563519943765,-0.06296300888061523,-0.026672184467315674,-0.023963694971669725,-0.10985815525054932,-0.032958030700683594,-0.03249078574465614,-0.13999474048614502,-0.03762120008468628,-0.03947106334256034,-0.1620730757713318,-0.04259449243545532,-0.046425308611858895,-0.06345444917678833,0.0030524730682373047,-0.027009710249174645,-0.10727250576019287,-0.0025447607040405273,-0.034222956326473764,-0.13441646099090576,-0.007965683937072754,-0.039079036143292,-0.15441304445266724,-0.01444476842880249,-0.043896857228745034,-0.060847699642181396,0.02587413787841797,-0.02983720372306209,-0.09551036357879639,0.027376413345336914,-0.03650315808938842,-0.11663174629211426,0.026279687881469727,-0.03910634252117973,-0.13382810354232788,0.022481679916381836,-0.04146151202606063
0.0,0.0,0.0,-0.012063324451446533,-0.05435377359390259,-0.003184554392802852,-0.04157853126525879,-0.09676650166511536,-0.00695435259710564,-0.06517404317855835,-0.1292044222354889,-0.01037926575388326,-0.07243537902832031,-0.16093987226486206,-0.015140477327960866,-0.06551975011825562,-0.06640627980232239,-0.013574195785778898,-0.10553044080734253,-0.06931409239768982,-0.021384889019984143,-0.12989258766174316,-0.07088786363601685,-0.027536796165961164,-0.1512497067451477,-0.07331117987632751,-0.032664870603341,-0.07107001543045044,-0.03505563735961914,-0.01754617480780496,-0.114124596118927,-0.03864341974258423,-0.025041039793151754,-0.1421605348587036,-0.04304218292236328,-0.03236921293880357,-0.16463637351989746,-0.048832058906555176,-0.03928885771181001,-0.07221990823745728,-0.00573575496673584,-0.02107139094020738,-0.11149746179580688,-0.008813679218292236,-0.027690125389355558,-0.13693642616271973,-0.013415038585662842,-0.03262270404245271,-0.15707820653915405,-0.01948457956314087,-0.03710254071499719,-0.06996095180511475,0.0186082124710083,-0.02452738745357408,-0.10248899459838867,0.019012391567230225,-0.03071954822387113,-0.1226763129234314,0.017366468906402588,-0.033416753394860166,-0.14026093482971191,0.01237177848815918,-0.03552720858003511
0.0,0.0,0.0,-0.011036157608032227,-0.05105245113372803,-0.005340135849888128,-0.038348615169525146,-0.09352508187294006,-0.011025438278789323,-0.06216210126876831,-0.12531760334968567,-0.015606222867841524,-0.06819278001785278,-0.15787634253501892,-0.02138442379223804,-0.05977290868759155,-0.05904647707939148,-0.019241005375857156,-0.10174912214279175,-0.06310442090034485,-0.027934160277123254,-0.12744373083114624,-0.06509989500045776,-0.033528058051938814,-0.1487334966659546,-0.06723913550376892,-0.038040464937562746,-0.06467193365097046,-0.0276414155960083,-0.022330858006949228,-0.11198163032531738,-0.03265434503555298,-0.030561315089340013,-0.14110761880874634,-0.037488341331481934,-0.03724094685899715,-0.1627470850944519,-0.04257470369338989,-0.043496331393594545,-0.06630659103393555,0.00022590160369873047,-0.02482397128629188,-0.11040395498275757,-0.004229545593261719,-0.03203852680313091,-0.1375032663345337,-0.009444713592529297,-0.037113340765113634,-0.15855824947357178,-0.01554650068283081,-0.041632993340368074,-0.06548118591308594,0.022349417209625244,-0.027252519696826738,-0.10061180591583252,0.022193968296051025,-0.03414759618031482,-0.12194567918777466,0.02071899175643921,-0.03752041813718776,-0.14033937454223633,0.016120731830596924,-0.040131965845699114
0.0,0.0,0.0,-0.008516788482666016,-0.05230104923248291,-0.006348090080983582,-0.036592304706573486,-0.09644222259521484,-0.011090372523732128,-0.05985057353973389,-0.12769374251365662,-0.014901220633156242,-0.06455260515213013,-0.1591874361038208,-0.02027226781702751,-0.058839261531829834,-0.06620913743972778,-0.015696924014456215,-0.10035854578018188,-0.06616267561912537,-0.023938068954713287,-0.1251007318496704,-0.06637537479400635,-0.030714385046131554,-0.14616316556930542,-0.06819808483123779,-0.036423226653106155,-0.062130868434906006,-0.03528904914855957,-0.017902660949594917,-0.10597330331802368,-0.03605520725250244,-0.02569398267424816,-0.13491451740264893,-0.03931349515914917,-0.03437984531975502,-0.1574057936668396,-0.04306536912918091,-0.04275179079032654,-0.06267118453979492,-0.008080601692199707,-0.019846753983266296,-0.10214722156524658,-0.010809361934661865,-0.02764517238593811,-0.1275423765182495,-0.01420527696609497,-0.03379117867208237,-0.14638042449951172,-0.018938183784484863,-0.03910277208543533,-0.06126546859741211,0.013853192329406738,-0.021845364777810516,-0.09349185228347778,0.010353565216064453,-0.029155071659452858,-0.11285054683685303,0.007661283016204834,-0.03231930902457947,-0.12904751300811768,0.002495884895324707,-0.034972941337592545
0.0,0.0,0.0,-0.012770116329193115,-0.054982662200927734,-0.0029746306543696477,-0.0404963493347168,-0.09835377335548401,-0.007421815390278752,-0.06383967399597168,-0.13072848320007324,-0.011222469242801125,-0.06901049613952637,-0.16222131252288818,-0.016458385246385987,-0.06270855665206909,-0.06555870175361633,-0.01627123038708156,-0.10513019561767578,-0.06650170683860779,-0.023937378632416184,-0.13025671243667603,-0.06725907325744629,-0.029536258983005936,-0.15151584148406982,-0.0698467493057251,-0.03422413821755832,-0.0676877498626709,-0.033843159675598145,-0.02002096231519168,-0.1149301528930664,-0.03613787889480591,-0.026706001343717034,-0.14366227388381958,-0.04037696123123169,-0.03306539412080234,-0.16569793224334717,-0.045687079429626465,-0.03953829463063663,-0.06899648904800415,-0.005673229694366455,-0.023001919122924264,-0.11251085996627808,-0.00770193338394165,-0.028678592848171647,-0.13857150077819824,-0.012472867965698242,-0.03316925148903316,-0.1586916446685791,-0.018349528312683105,-0.037703447597612794,-0.06758618354797363,0.01665264368057251,-0.025821162941445763,-0.10254299640655518,0.017692863941192627,-0.031104451599111016,-0.1231834888458252,0.017020881175994873,-0.03332844804464763,-0.1405404806137085,0.013484835624694824,-0.035375197040428574
0.0,0.0,0.0,0.012888610363006592,-0.017104268074035645,-0.019332183078798693,0.03239619731903076,-0.02378612756729126,-0.03148818343964521,0.0513119101524353,-0.03072279691696167,-0.041337772757682245,0.06551098823547363,-0.038156986236572266,-0.05088731229391996,0.062189340591430664,0.021805107593536377,-0.026255625785264414,0.09141528606414795,0.015816152095794678,-0.041628371477994364,0.11327660083770752,0.006771564483642578,-0.05380082458344404,0.13199299573898315,-0.0015704631805419922,-0.062280777395638864,0.068398118019104,0.028029322624206543,-0.023459504843625467,0.10287928581237793,0.013975739479064941,-0.03931238830176298,0.1286252737045288,0.0007014274597167969,-0.049533459843072336,0.149616539478302,-0.011956214904785156,-0.05617928087798063,0.07042467594146729,0.029712140560150146,-0.022044505477818888,0.10435175895690918,0.01667732000350952,-0.03678531900134985,0.1289595365524292,0.003993034362792969,-0.04418333947745268,0.14680713415145874,-0.01022946834564209,-0.0478705833860964,0.06959706544876099,0.026421546936035156,-0.022169926688942354,0.09525913000106812,0.022252023220062256,-0.034593339563283365,0.11414694786071777,0.014118313789367676,-0.04034996360627119,0.12855851650238037,0.0031081438064575195,-0.04313077360478346
0.0,0.0,0.0,0.020874619483947754,-0.017966866493225098,-0.010668549274922667,0.048630714416503906,-0.025771498680114746,-0.016587213201345263,0.06845223903656006,-0.03569042682647705,-0.022441527394474803,0.08170825242996216,-0.043920278549194336,-0.028279021901906787,0.0663418173789978,0.015946269035339355,-0.011539423426510154,0.09382456541061401,0.014728069305419922,-0.02386079594296342,0.11370134353637695,0.009055376052856445,-0.03454435296160108,0.13080185651779175,0.004824638366699219,-0.04222423262697583,0.07012319564819336,0.019554615020751953,-0.01295194640559083,0.10353374481201172,0.01318216323852539,-0.02631496876281625,0.129494309425354,0.002797544002532959,-0.03612258709770566,0.15011215209960938,-0.00677645206451416,-0.04227405465942746,0.07045137882232666,0.022386491298675537,-0.01582970708412057,0.10381048917770386,0.015101909637451172,-0.028704692197860537,0.12937569618225098,0.004267275333404541,-0.036334179861368,0.14847606420516968,-0.0075958967208862305,-0.04012736357551938,0.06763100624084473,0.023906290531158447,-0.019765254629672824,0.09292131662368774,0.022913753986358643,-0.031078436000169574,0.11284029483795166,0.016107022762298584,-0.036649290991844,0.12899291515350342,0.006019711494445801,-0.03944777004224187
0.0,0.0,0.0,-0.010781645774841309,-0.051691412925720215,-0.006535468050104853,-0.03628641366958618,-0.09570437669754028,-0.013008590680373189,-0.0589832067489624,-0.1281086504459381,-0.018210492920887944,-0.06499862670898438,-0.15972530841827393,-0.024940363955510136,-0.058450937271118164,-0.0614926815032959,-0.021365594011557576,-0.10056239366531372,-0.06138378381729126,-0.03132461000682163,-0.12683075666427612,-0.06025421619415283,-0.03810508911014843,-0.14889001846313477,-0.06072145700454712,-0.04332063336373615,-0.06161296367645264,-0.028616011142730713,-0.02433673281670856,-0.10981428623199463,-0.030000269412994385,-0.033776078265917775,-0.14092034101486206,-0.032819926738739014,-0.04180886585713672,-0.16436326503753662,-0.036323606967926025,-0.04945895065070438,-0.062451720237731934,-0.000573277473449707,-0.02670003090502071,-0.10660827159881592,-0.00216519832611084,-0.03549168993235874,-0.13438433408737183,-0.00572127103805542,-0.04093478236795711,-0.15511590242385864,-0.010765612125396729,-0.04562012840510654,-0.06151217222213745,0.021638214588165283,-0.029056638371956822,-0.09751343727111816,0.02186870574951172,-0.036677501988423344,-0.11920952796936035,0.020488083362579346,-0.03955314670206356,-0.1374989151954651,0.016455888748168945,-0.04194071133137989
0.0,0.0,0.0,-0.011150658130645752,-0.05431598424911499,-0.006967991297448961,-0.03831571340560913,-0.09853756427764893,-0.013690038291121809,-0.062410712242126465,-0.12983432412147522,-0.01877019618203768,-0.06765711307525635,-0.16185826063156128,-0.02545250271012911,-0.057067275047302246,-0.06402796506881714,-0.023027847227956144,-0.10263150930404663,-0.06283217668533325,-0.03262968052675852,-0.12917882204055786,-0.06181901693344116,-0.03927907784035334,-0.15120255947113037,-0.0629962682723999,-0.044580929619575826,-0.059567928314208984,-0.03023970127105713,-0.024998743725324957,-0.1097487211227417,-0.030364573001861572,-0.03427042875936159,-0.14068371057510376,-0.033302247524261475,-0.04242857609441408,-0.1641731858253479,-0.03719818592071533,-0.05049842659881243,-0.06053495407104492,-0.0017306804656982422,-0.026132908356691686,-0.10660868883132935,-0.004186153411865234,-0.03465400700023302,-0.13379424810409546,-0.007801532745361328,-0.04020750213911661,-0.15377885103225708,-0.012271463871002197,-0.0452669045751346,-0.06039011478424072,0.019805550575256348,-0.02713780168941149,-0.09746342897415161,0.01849496364593506,-0.034783822191263525,-0.11846637725830078,0.017526447772979736,-0.037758611780907,-0.13598769903182983,0.014536917209625244,-0.04030890081575045
0.0,0.0,0.0,-0.010534703731536865,-0.05102342367172241,-0.0056932161744853715,-0.03482198715209961,-0.09309324622154236,-0.01233579015323727,-0.05934685468673706,-0.12220022082328796,-0.017311090435477183,-0.0658646821975708,-0.1525220274925232,-0.02353387681731789,-0.055156052112579346,-0.05966442823410034,-0.024200821127386973,-0.09872859716415405,-0.060395658016204834,-0.034468941222520755,-0.12361043691635132,-0.05923056602478027,-0.04138198105582802,-0.14411234855651855,-0.059779465198516846,-0.046529002319665835,-0.0589371919631958,-0.02456730604171753,-0.026838168333860324,-0.10719656944274902,-0.02898198366165161,-0.03570834903010933,-0.13709187507629395,-0.032125651836395264,-0.04208788258919327,-0.15834712982177734,-0.03644514083862305,-0.04861886782536118,-0.059614360332489014,0.005008399486541748,-0.02852374298462479,-0.10466772317886353,0.0009367465972900391,-0.03626028059014885,-0.1317737102508545,-0.0030159354209899902,-0.04068226722964852,-0.15120947360992432,-0.008293330669403076,-0.04502157477626412,-0.05777925252914429,0.027447640895843506,-0.02999314090201466,-0.09324705600738525,0.029514610767364502,-0.03691989539155571,-0.11415255069732666,0.029739201068878174,-0.039146680216880725,-0.13074535131454468,0.027891933917999268,-0.04107967002281754
0.0,0.0,0.0,-0.010908424854278564,-0.052873075008392334,-0.002959008594895396,-0.038664042949676514,-0.09478175640106201,-0.007325311690489444,-0.06233412027359009,-0.12648913264274597,-0.010975398156712446,-0.06726312637329102,-0.15752148628234863,-0.016101159188816938,-0.06253254413604736,-0.06167107820510864,-0.01657729971773425,-0.10370105504989624,-0.06451323628425598,-0.02454796064264575,-0.12746042013168335,-0.06428521871566772,-0.03052473257846633,-0.1480669379234314,-0.06391748785972595,-0.03522826548285285,-0.06702464818954468,-0.029592812061309814,-0.019939774680803213,-0.11193680763244629,-0.03447556495666504,-0.02650646309919158,-0.13985896110534668,-0.038349688053131104,-0.03273018266625205,-0.16152191162109375,-0.042677462100982666,-0.03915871496863166,-0.06770366430282593,-0.001035451889038086,-0.022516962174246702,-0.10907566547393799,-0.00512540340423584,-0.028025478158066663,-0.13429027795791626,-0.009871363639831543,-0.03244314159817496,-0.1535872220993042,-0.014880597591400146,-0.037003016132781896,-0.06535089015960693,0.021629810333251953,-0.0248512011355857,-0.09882301092147827,0.023815512657165527,-0.03005163561172286,-0.11850887537002563,0.023296892642974854,-0.03212506141133109,-0.13530325889587402,0.019854724407196045,-0.03406976352996627
0.0,0.0,0.0,-0.011625885963439941,-0.053517550230026245,-0.004952575572342965,-0.039276182651519775,-0.09634116291999817,-0.008843220331282708,-0.06221812963485718,-0.12806233763694763,-0.011661580324680898,-0.06717348098754883,-0.1573391556739807,-0.015971896730871293,-0.06044292449951172,-0.06550908088684082,-0.013461545601995084,-0.1022331714630127,-0.06580251455307007,-0.020177138530225847,-0.12632113695144653,-0.0651644766330719,-0.02600922950407991,-0.14716917276382446,-0.06644505262374878,-0.030821961842985246,-0.062346458435058594,-0.03625798225402832,-0.014944124527783487,-0.10777223110198975,-0.03697091341018677,-0.02063888640007505,-0.13600265979766846,-0.04008054733276367,-0.027769844539971444,-0.15807455778121948,-0.043244779109954834,-0.034946098484606836,-0.06277698278427124,-0.010145485401153564,-0.015969404511661622,-0.10407215356826782,-0.012346088886260986,-0.021167218246073816,-0.12865334749221802,-0.01609480381011963,-0.025885229491205308,-0.1467815637588501,-0.0202256441116333,-0.03033783615431318,-0.06191885471343994,0.01132434606552124,-0.016957170822234247,-0.09569275379180908,0.008797526359558105,-0.02128770344755182,-0.11406117677688599,0.006859421730041504,-0.02271325842341909,-0.1293332576751709,0.0029520392417907715,-0.024210625820369813
0.0,0.0,0.0,-0.010280132293701172,-0.05460762977600098,-0.006794882196654584,-0.039091527462005615,-0.09673270583152771,-0.012080492641498353,-0.06281954050064087,-0.1262854039669037,-0.01598470025109222,-0.06735837459564209,-0.15638035535812378,-0.021334883946646954,-0.05881774425506592,-0.06336069107055664,-0.018415943909158017,-0.10209500789642334,-0.0636608898639679,-0.02704366781162193,-0.12725698947906494,-0.06416055560112,-0.03328833468603065,-0.1489667296409607,-0.0655674934387207,-0.038074211407174374,-0.061827123165130615,-0.031731247901916504,-0.019591172415484692,-0.10841530561447144,-0.03261888027191162,-0.02772253677593639,-0.13764655590057373,-0.036756813526153564,-0.03579431511806419,-0.1602398157119751,-0.04010897874832153,-0.0431214246933358,-0.06270736455917358,-0.005745112895965576,-0.020252774659265782,-0.10506528615951538,-0.008871018886566162,-0.027491883564461972,-0.13117742538452148,-0.013623416423797607,-0.03355509899901321,-0.1508668065071106,-0.018184304237365723,-0.03838237487124374,-0.06255167722702026,0.013683915138244629,-0.02090481035756042,-0.09720087051391602,0.009454488754272461,-0.026951442662348057,-0.11723488569259644,0.005688667297363281,-0.02982369549917152,-0.13427162170410156,0.0004349350929260254,-0.03202072270559242
0.0,0.0,0.0,-0.01211625337600708,-0.0528528094291687,-0.005084687477809879,-0.03915303945541382,-0.09722477197647095,-0.009942381276649925,-0.06291866302490234,-0.1283791959285736,-0.013939388661546204,-0.06689012050628662,-0.15943670272827148,-0.019412943727237675,-0.0599786639213562,-0.06283992528915405,-0.015449387586576435,-0.10208815336227417,-0.06478220224380493,-0.024055145314795467,-0.12721294164657593,-0.06453633308410645,-0.030589205778104755,-0.14859580993652344,-0.06470215320587158,-0.03551848754928777,-0.06331443786621094,-0.03181380033493042,-0.01800142378256986,-0.10954177379608154,-0.034567415714263916,-0.02525375560568044,-0.13895034790039062,-0.03838479518890381,-0.03273528963969419,-0.161513090133667,-0.0414620041847229,-0.03982536644385526,-0.06432467699050903,-0.005771636962890625,-0.02023450807378957,-0.1072695255279541,-0.010850727558135986,-0.027009006223542187,-0.1345164179801941,-0.015575230121612549,-0.03277743012355039,-0.15564268827438354,-0.020400524139404297,-0.03769785687969396,-0.06384795904159546,0.014428853988647461,-0.022404180473548863,-0.09885472059249878,0.009653329849243164,-0.02852354534612367,-0.11971396207809448,0.006591141223907471,-0.031329838192922566,-0.13767439126968384,0.0021305084228515625,-0.03357023150370786
0.0,0.0,0.0,-0.011721134185791016,-0.05191457271575928,-0.004984655808932814,-0.03804260492324829,-0.09444880485534668,-0.01049106793505672,-0.06051129102706909,-0.12715691328048706,-0.014840494301445517,-0.06716477870941162,-0.15797966718673706,-0.02054137961966518,-0.059035420417785645,-0.06244701147079468,-0.01872434692484859,-0.10047048330307007,-0.062117815017700195,-0.027516445536441836,-0.12601453065872192,-0.06126517057418823,-0.033823702875800166,-0.1477370262145996,-0.06185460090637207,-0.03862023020190719,-0.062896728515625,-0.02978503704071045,-0.021451948602027926,-0.10933923721313477,-0.03172332048416138,-0.029222835246748957,-0.13915878534317017,-0.03491777181625366,-0.0362836759726477,-0.16200578212738037,-0.03867387771606445,-0.04315507078570846,-0.06391775608062744,-0.0012121200561523438,-0.02346602307660106,-0.10669559240341187,-0.00301361083984375,-0.03042182737988952,-0.13372749090194702,-0.00644296407699585,-0.035459760967917475,-0.1544308066368103,-0.010514557361602783,-0.03995049038929466,-0.06336259841918945,0.02127140760421753,-0.0253490567396355,-0.09815442562103271,0.021003901958465576,-0.03132080698413375,-0.1192970871925354,0.019689559936523438,-0.03370806613964561,-0.1369726061820984,0.016153275966644287,-0.035692688469119105
0.0,0.0,0.0,0.02355802059173584,-0.028184890747070312,-0.00712733141759081,0.05345505475997925,-0.0391160249710083,-0.011266355716228915,0.07530373334884644,-0.046187758445739746,-0.015371450536489917,0.09268760681152344,-0.049804091453552246,-0.01948650771433158,0.07151341438293457,0.005010426044464111,-0.008226248749137355,0.10179805755615234,-0.003624856472015381,-0.01765729332023902,0.12413108348846436,-0.012905538082122803,-0.02587970191293998,0.14273494482040405,-0.020362019538879395,-0.03199730658584876,0.07235217094421387,0.016668200492858887,-0.010475671232283545,0.10633319616317749,0.004372775554656982,-0.021035971433461143,0.13262271881103516,-0.006161034107208252,-0.029594762564242316,0.15413039922714233,-0.015830278396606445,-0.035401778609097434,0.06986850500106812,0.024826228618621826,-0.013591415562272502,0.1038743257522583,0.012630164623260498,-0.02466129729205413,0.13012945652008057,0.0008578896522521973,-0.03189876148158355,0.1500905156135559,-0.012048840522766113,-0.03582908058220191,0.06489068269729614,0.028120756149291992,-0.017257182241023017,0.09205377101898193,0.023608148097991943,-0.02795932845825,0.11243146657943726,0.016018569469451904,-0.03334865564161582,0.1283312439918518,0.005492031574249268,-0.03608255305939956
0.0,0.0,0.0,-0.01155233383178711,-0.051288723945617676,-0.005738458314962003,-0.039042532444000244,-0.09261170029640198,-0.01157292369572005,-0.06463003158569336,-0.1229671835899353,-0.01600919775483689,-0.07090473175048828,-0.15530100464820862,-0.021516910938597533,-0.05773484706878662,-0.058655500411987305,-0.02158883139309964,-0.09987235069274902,-0.061013638973236084,-0.030753535402990195,-0.1250375509262085,-0.061094462871551514,-0.036356876788712356,-0.14590054750442505,-0.06256735324859619,-0.04069580435571751,-0.06316328048706055,-0.025571227073669434,-0.02388687170860848,-0.11063969135284424,-0.02993452548980713,-0.031816127894497725,-0.13938021659851074,-0.03359347581863403,-0.037379532305575225,-0.1608533263206482,-0.03840988874435425,-0.042964077739096496,-0.06494450569152832,0.002789616584777832,-0.02545230574724755,-0.10862314701080322,-0.001413106918334961,-0.032021518049813125,-0.13426953554153442,-0.005472123622894287,-0.035543563960171554,-0.15387272834777832,-0.011311590671539307,-0.039125501362658355,-0.06378495693206787,0.0243036150932312,-0.027020587770319793,-0.0977984070777893,0.024194955825805664,-0.032951212672568175,-0.11720293760299683,0.02342689037322998,-0.034837487338162276,-0.1331532597541809,0.02001631259918213,-0.03642141744313321
0.0,0.0,0.0,-0.015168607234954834,-0.05490124225616455,-0.0027886590837287173,-0.04434555768966675,-0.09744259715080261,-0.0066363559021400675,-0.06949692964553833,-0.12788796424865723,-0.009735631189380811,-0.0777517557144165,-0.15837949514389038,-0.014077144107853101,-0.06405782699584961,-0.06150692701339722,-0.017230186975632833,-0.10650449991226196,-0.06361913681030273,-0.024431478596364187,-0.13172757625579834,-0.06399428844451904,-0.02927313408914678,-0.15295159816741943,-0.06494426727294922,-0.03328854068282716,-0.06935954093933105,-0.02849036455154419,-0.020830897978578733,-0.1161731481552124,-0.031590402126312256,-0.02677459306183927,-0.14564234018325806,-0.03548365831375122,-0.032093717149530576,-0.16827279329299927,-0.040089190006256104,-0.03780400603178613,-0.07073706388473511,-3.1828880310058594e-05,-0.02356881498459451,-0.11412030458450317,-0.002566516399383545,-0.02835564351740949,-0.1402263045310974,-0.006511211395263672,-0.032161707422767805,-0.16076630353927612,-0.01208263635635376,-0.03643007799152009,-0.0690794587135315,0.0222204327583313,-0.02618293500605695,-0.10322397947311401,0.02388930320739746,-0.031281883261238264,-0.12376183271408081,0.024544239044189453,-0.03335885181192033,-0.1411556601524353,0.02227044105529785,-0.03524532764319055
0.0,0.0,0.0,-0.01186758279800415,-0.052362799644470215,-0.0054169018497098875,-0.04111379384994507,-0.0958814024925232,-0.00998207793807282,-0.06543385982513428,-0.12609189748764038,-0.01343193237905993,-0.07239526510238647,-0.15707051753997803,-0.017899131004266877,-0.0617794394493103,-0.060859620571136475,-0.017069100935511727,-0.10020732879638672,-0.06324625015258789,-0.02466196713274016,-0.12349504232406616,-0.06287425756454468,-0.030136243973426957,-0.14462870359420776,-0.06208294630050659,-0.03448034596865668,-0.06807756423950195,-0.02769368886947632,-0.019181161720805306,-0.11035311222076416,-0.031645238399505615,-0.025704098467283387,-0.1375688910484314,-0.03480261564254761,-0.031553597722702165,-0.15941375494003296,-0.037895023822784424,-0.03724100214665427,-0.07046705484390259,0.00026738643646240234,-0.020853967939071794,-0.10918784141540527,-0.004055023193359375,-0.02593520243888392,-0.13389450311660767,-0.008079826831817627,-0.030302127425127168,-0.15388798713684082,-0.011807084083557129,-0.03445520770972266,-0.0698588490486145,0.021077454090118408,-0.022660003576927323,-0.10113537311553955,0.01888507604598999,-0.02723033313875689,-0.12050056457519531,0.01755434274673462,-0.0293805856001903,-0.13706296682357788,0.01478564739227295,-0.031135562409215112
0.0,0.0,0.0,-0.012729465961456299,-0.05386912822723389,-0.004707429629029036,-0.04270040988922119,-0.09763529896736145,-0.009779566969932318,-0.06972694396972656,-0.12656846642494202,-0.013822275284887553,-0.07712572813034058,-0.1582624912261963,-0.019013677794696093,-0.06386733055114746,-0.061570823192596436,-0.018816209469200373,-0.10671418905258179,-0.06357032060623169,-0.027469079081178904,-0.13172441720962524,-0.06338804960250854,-0.033257822577120066,-0.15303587913513184,-0.06357574462890625,-0.03777287069356561,-0.0681079626083374,-0.028467774391174316,-0.021725262586237193,-0.11458981037139893,-0.031783461570739746,-0.029221045855642558,-0.142936110496521,-0.035262107849121094,-0.034986644122959376,-0.1647053360939026,-0.03942370414733887,-0.04070334795510888,-0.06885409355163574,-0.00032389163970947266,-0.024056901294947863,-0.11158156394958496,-0.003583669662475586,-0.0300358357617867,-0.1378014087677002,-0.007871389389038086,-0.03416292655861497,-0.15827935934066772,-0.012645363807678223,-0.038174792263866664,-0.06726610660552979,0.021338343620300293,-0.02638697724437833,-0.10183584690093994,0.020774662494659424,-0.031995195035101176,-0.12248343229293823,0.01997506618499756,-0.03439740750587106,-0.1397579312324524,0.017286956310272217,-0.03630044597780824
0.0,0.0,0.0,-0.015422463417053223,-0.05347925424575806,-0.0026125764774977966,-0.04461658000946045,-0.09392434358596802,-0.006419235265150647,-0.07022267580032349,-0.12340804934501648,-0.00955466170077024,-0.07830822467803955,-0.15400555729866028,-0.01381349832032619,-0.06514865159988403,-0.05950039625167847,-0.015821928980097155,-0.1056814193725586,-0.06113559007644653,-0.02277086757336555,-0.1296297311782837,-0.06117415428161621,-0.02756663494025169,-0.150049090385437,-0.06215137243270874,-0.03157225892160831,-0.0706789493560791,-0.027603566646575928,-0.01926282689188419,-0.1151590347290039,-0.031013131141662598,-0.025175663532957415,-0.14338570833206177,-0.03481471538543701,-0.03053115017925201,-0.16534626483917236,-0.039196550846099854,-0.036173156352981906,-0.07193857431411743,0.0002951622009277344,-0.02191295743201671,-0.11287766695022583,-0.0017731189727783203,-0.026948132442578654,-0.13807976245880127,-0.0058991312980651855,-0.030985969009146075,-0.1578531265258789,-0.011468768119812012,-0.035215801449760775,-0.0699077844619751,0.02214217185974121,-0.024376327993616442,-0.10302668809890747,0.0245743989944458,-0.02944498963867126,-0.12280040979385376,0.025452494621276855,-0.03150370612953601,-0.1392838954925537,0.02350747585296631,-0.0332921695730537
0.0,0.0,0.0,0.027099609375,-0.022514939308166504,-0.003441646268337095,0.05921316146850586,-0.0328025221824646,-0.005496562264605487,0.08025616407394409,-0.04029625654220581,-0.008476238038136685,0.09626424312591553,-0.044722795486450195,-0.011768100123598302,0.07489532232284546,-0.0018529891967773438,-0.004393009274943793,0.10388374328613281,-0.0034072399139404297,-0.012343500081195558,0.12393653392791748,-0.009170711040496826,-0.019224669124676907,0.14108198881149292,-0.014008581638336182,-0.024520027722909177,0.07295286655426025,0.010914087295532227,-0.008421633664264405,0.10412013530731201,0.006705105304718018,-0.01769774341185304,0.12827283143997192,-0.0015970468521118164,-0.025169984709217275,0.14848732948303223,-0.010199666023254395,-0.030175718750550473,0.06735891103744507,0.02363598346710205,-0.013201651435091222,0.09768271446228027,0.018857240676879883,-0.02262333155770513,0.12275755405426025,0.00925666093826294,-0.028452736597254003,0.14274030923843384,-0.0019631385803222656,-0.03174287201066228,0.059258222579956055,0.035346269607543945,-0.018361727978779996,0.0834234356880188,0.03390014171600342,-0.027266401137902463,0.10254675149917603,0.027549326419830322,-0.031074847366406644,0.11841392517089844,0.01831907033920288,-0.0329739388932726
0.0,0.0,0.0,-0.012555360794067383,-0.05034559965133667,-0.005839208568517051,-0.03957390785217285,-0.09140488505363464,-0.01095511481079825,-0.06319659948348999,-0.11959850788116455,-0.01513888031158217,-0.07142096757888794,-0.14972305297851562,-0.020431241913769327,-0.06113702058792114,-0.05584973096847534,-0.016469911634061418,-0.10093265771865845,-0.05636107921600342,-0.024563222154114328,-0.1246950626373291,-0.05600517988204956,-0.030441177039477907,-0.14504694938659668,-0.05518043041229248,-0.03505398236129054,-0.06522440910339355,-0.023709654808044434,-0.018817857801053606,-0.10860353708267212,-0.02568209171295166,-0.025894082113239847,-0.13627338409423828,-0.027738571166992188,-0.03246027506801852,-0.15772193670272827,-0.029936552047729492,-0.03858091585252055,-0.06607508659362793,0.004161238670349121,-0.02090464621696242,-0.10636955499649048,0.0013423562049865723,-0.027110244109366022,-0.13197576999664307,-0.0006356239318847656,-0.03218866415235766,-0.1520121693611145,-0.0028195977210998535,-0.03661020003173121,-0.06468641757965088,0.02615302801132202,-0.023086027204129778,-0.0961351990699768,0.02573370933532715,-0.028728296010825716,-0.11611640453338623,0.025591373443603516,-0.031573186590406976,-0.13312631845474243,0.02358335256576538,-0.0336999212941862
0.0,0.0,0.0,-0.012407779693603516,-0.048745036125183105,-0.009098015171090879,-0.04063212871551514,-0.08799010515213013,-0.01729613580236844,-0.06576657295227051,-0.11437416076660156,-0.02323807813654355,-0.07547301054000854,-0.14449280500411987,-0.02999329045842103,-0.05638343095779419,-0.05160468816757202,-0.027986036990384378,-0.09889423847198486,-0.05013895034790039,-0.03923417665491513,-0.12483692169189453,-0.04803466796875,-0.04542825408707074,-0.1457616090774536,-0.04565441608428955,-0.04960041903386525,-0.06059521436691284,-0.01725172996520996,-0.02894190550277642,-0.10871922969818115,-0.01965773105621338,-0.03951880000958852,-0.13841462135314941,-0.02120649814605713,-0.04542743452320508,-0.16024810075759888,-0.02303493022918701,-0.05028590597639493,-0.06234830617904663,0.011599361896514893,-0.029183859382371224,-0.10639142990112305,0.007306277751922607,-0.03761470728049687,-0.13356691598892212,0.004075884819030762,-0.041546773542265214,-0.15408283472061157,0.0010342597961425781,-0.044549625743727006,-0.06220042705535889,0.033208250999450684,-0.029541764785150804,-0.09576469659805298,0.031820476055145264,-0.036559954662422456,-0.11568313837051392,0.03172582387924194,-0.03872939981947354,-0.1322319507598877,0.03069084882736206,-0.03988600559959821
0.0,0.0,0.0,-0.01258617639541626,-0.04844766855239868,-0.007563411203371118,-0.039697229862213135,-0.0870140790939331,-0.013590145801352094,-0.06382399797439575,-0.11298340559005737,-0.0181933761957751,-0.07348799705505371,-0.14161637425422668,-0.0237303794745074,-0.05819648504257202,-0.051280319690704346,-0.02111333510016067,-0.09539562463760376,-0.050894200801849365,-0.030845249948249887,-0.11900067329406738,-0.049082398414611816,-0.03734362026785476,-0.1393945813179016,-0.04759931564331055,-0.04225005110834701,-0.06299901008605957,-0.018789172172546387,-0.022872728240834306,-0.10503983497619629,-0.01937544345855713,-0.03153629502390487,-0.13249069452285767,-0.020551860332489014,-0.03826285800074203,-0.1542162299156189,-0.02341514825820923,-0.044452025500284265,-0.06409233808517456,0.008632898330688477,-0.024227545541869233,-0.10271251201629639,0.007928967475891113,-0.03157349577282531,-0.12704747915267944,0.0062181949615478516,-0.03635213425491912,-0.1466125249862671,0.002638578414916992,-0.04060846468542678,-0.06211894750595093,0.029586315155029297,-0.02580446278785331,-0.09146249294281006,0.03283989429473877,-0.03242227336500747,-0.10980308055877686,0.03437227010726929,-0.03519869497154815,-0.12568145990371704,0.03309410810470581,-0.03729635005925758
0.0,0.0,0.0,-0.015465319156646729,-0.05313795804977417,-0.00528878397495447,-0.04424631595611572,-0.09496837854385376,-0.010322154548028095,-0.07141947746276855,-0.12164229154586792,-0.01421406497434674,-0.08290863037109375,-0.15039312839508057,-0.01909118336812554,-0.0629357099533081,-0.058010995388031006,-0.018004827249804123,-0.10298490524291992,-0.057181477546691895,-0.026855310473600014,-0.12656623125076294,-0.055590033531188965,-0.033233698505917175,-0.1471858024597168,-0.05431699752807617,-0.03790696715191899,-0.06733548641204834,-0.024331510066986084,-0.020300323192039116,-0.1113174557685852,-0.02475041151046753,-0.027697393719115837,-0.13998770713806152,-0.026607036590576172,-0.03381736581400929,-0.16221928596496582,-0.02910161018371582,-0.03980935369805394,-0.06895691156387329,0.003840148448944092,-0.02216537674144803,-0.10945284366607666,0.002328157424926758,-0.028062695685783012,-0.13567739725112915,-0.00021725893020629883,-0.03207632159070073,-0.1562896966934204,-0.0033176541328430176,-0.035987500149765594,-0.06830120086669922,0.024940967559814453,-0.024121759507814033,-0.09982830286026001,0.024911701679229736,-0.029140468735256775,-0.11954396963119507,0.024933159351348877,-0.030891671825209244,-0.13608187437057495,0.0234144926071167,-0.032329388011255844
0.0,0.0,0.0,-0.015825986862182617,-0.09158343076705933,0.002205868570349878,-0.059596121311187744,-0.16833007335662842,-0.004297200504474574,-0.09825992584228516,-0.2217179834842682,-0.010640278838359052,-0.10326278209686279,-0.26981040835380554,-0.02080530990638607,-0.10283076763153076,-0.145771324634552,-0.040065116628788644,-0.19265663623809814,-0.1613813042640686,-0.05917707402982586,-0.24653124809265137,-0.1682729423046112,-0.0692201810029971,-0.2892897129058838,-0.17087331414222717,-0.07592613567390316,-0.11621266603469849,-0.08691179752349854,-0.05184730459728115,-0.2193089723587036,-0.10973963141441345,-0.07306843568363064,-0.2833256721496582,-0.11985284090042114,-0.08426887859382504,-0.33116286993026733,-0.1270068883895874,-0.09223579187669628,-0.12632286548614502,-0.029736816883087158,-0.06061172057666653,-0.2205454707145691,-0.05581402778625488,-0.07861988563814037,-0.27876949310302734,-0.06797182559967041,-0.08763973732271069,-0.3230288028717041,-0.07820326089859009,-0.09329872150697582,-0.13184428215026855,0.0247652530670166,-0.06754124481954449,-0.20355862379074097,0.0017455816268920898,-0.0832592131642329,-0.24606293439865112,-0.011352121829986572,-0.08881650437393063,-0.2813248634338379,-0.025578558444976807,-0.0913906874207484
0.0,0.0,0.0,-0.0180819034576416,-0.08687198162078857,0.005748355386909765,-0.05922818183898926,-0.1600627601146698,0.002143549591433924,-0.09856247901916504,-0.21124178171157837,-0.002599282098803002,-0.11155194044113159,-0.2565723955631256,-0.010733589904251772,-0.10109150409698486,-0.13820672035217285,-0.025216519275549132,-0.18401050567626953,-0.15037432312965393,-0.040358945170286376,-0.23184502124786377,-0.15275409817695618,-0.04947036449039288,-0.26988446712493896,-0.15252390503883362,-0.05563987735832043,-0.11260515451431274,-0.08521240949630737,-0.037185940334442336,-0.20503181219100952,-0.10061731934547424,-0.052272043565157134,-0.26136624813079834,-0.10690641403198242,-0.061391610095146376,-0.303244948387146,-0.11152273416519165,-0.06905043441975423,-0.12029838562011719,-0.033413052558898926,-0.046866695770862776,-0.20619350671768188,-0.04912137985229492,-0.05866296161139317,-0.25852352380752563,-0.05743330717086792,-0.06415181923830815,-0.2983304262161255,-0.06507855653762817,-0.0689666898938448,-0.12418657541275024,0.016105711460113525,-0.05509555656636067,-0.18999814987182617,0.003322303295135498,-0.06461458970034428,-0.2290647029876709,-0.006476104259490967,-0.06695371437990971,-0.26131266355514526,-0.01946091651916504,-0.06832041163170643
0.0,0.0,0.0,-0.023243844509124756,-0.09109538793563843,0.009523648468892532,-0.06985741853713989,-0.16293302178382874,0.006003686858456092,-0.10883915424346924,-0.21822792291641235,0.0005077778390827348,-0.1138048768043518,-0.26561233401298523,-0.00857942395087008,-0.10766947269439697,-0.14272522926330566,-0.02380610753025536,-0.19358575344085693,-0.15421390533447266,-0.03764456633653168,-0.24206817150115967,-0.15464907884597778,-0.04625883076514725,-0.27980273962020874,-0.15242615342140198,-0.05215860653843407,-0.12015318870544434,-0.08774232864379883,-0.037486252674717946,-0.21716809272766113,-0.10321962833404541,-0.049677976706881566,-0.27396517992019653,-0.1078341007232666,-0.05693676073278908,-0.31674450635910034,-0.1107984185218811,-0.06374764565553193,-0.1290246844291687,-0.033993542194366455,-0.04834877450193886,-0.21783649921417236,-0.05105477571487427,-0.056931742766757054,-0.27003639936447144,-0.05866926908493042,-0.060152990111966176,-0.3100852966308594,-0.06624680757522583,-0.06417868409480576,-0.13302111625671387,0.01712554693222046,-0.057595086583752675,-0.20202910900115967,-0.0013225674629211426,-0.06418470416392807,-0.2402978539466858,-0.01142573356628418,-0.06366314862098221,-0.2712365388870239,-0.02246314287185669,-0.06353547547187333
0.0,0.0,0.0,-0.02173084020614624,-0.0894852876663208,0.0036530033906068127,-0.06598752737045288,-0.1659015715122223,-0.0016741073702384313,-0.10151422023773193,-0.21965858340263367,-0.007303455822441407,-0.10606998205184937,-0.26633912324905396,-0.016464778200063535,-0.10948240756988525,-0.13662731647491455,-0.03235320465293867,-0.19410032033920288,-0.14612290263175964,-0.049470112636957,-0.2451053261756897,-0.1481378674507141,-0.05947991551485998,-0.28619396686553955,-0.14732983708381653,-0.06648513393131239,-0.12063044309616089,-0.07895243167877197,-0.04411804766980154,-0.218589186668396,-0.0924304723739624,-0.06211717890230162,-0.27883052825927734,-0.09762167930603027,-0.07311234341588957,-0.32269424200057983,-0.10209023952484131,-0.08203032331195814,-0.12825453281402588,-0.02379518747329712,-0.05324190573421461,-0.21897679567337036,-0.03995048999786377,-0.0685946913215254,-0.27466803789138794,-0.04743474721908569,-0.0774261476251219,-0.31679147481918335,-0.053898394107818604,-0.08410022126165373,-0.13176584243774414,0.027626395225524902,-0.06064894141283972,-0.20043981075286865,0.013030767440795898,-0.07393093870607359,-0.24148708581924438,0.004359900951385498,-0.07928057478395445,-0.27630239725112915,-0.006517231464385986,-0.08261113332239134
0.0,0.0,0.0,-0.01975959539413452,-0.08907896280288696,-0.00018318301964015404,-0.06432610750198364,-0.1631922721862793,-0.008814362667276754,-0.10114508867263794,-0.21813815832138062,-0.017110220014824762,-0.0995376706123352,-0.26876765489578247,-0.02881131586410035,-0.10545510053634644,-0.13343238830566406,-0.03849790696777333,-0.19064581394195557,-0.14565134048461914,-0.057828315391912355,-0.24260437488555908,-0.14710038900375366,-0.06872751270212163,-0.2848513722419739,-0.14543765783309937,-0.07634354089178075,-0.1171141266822815,-0.07622694969177246,-0.0491747752276801,-0.21546697616577148,-0.09285110235214233,-0.07026397888339986,-0.2773749828338623,-0.09766465425491333,-0.08225545738615025,-0.3223586082458496,-0.10165756940841675,-0.09153610919393529,-0.12605470418930054,-0.020870506763458252,-0.057244558676853075,-0.21835440397262573,-0.03997182846069336,-0.07500724200881947,-0.27498000860214233,-0.04814028739929199,-0.0836446255890273,-0.31814640760421753,-0.05594414472579956,-0.08967119161762227,-0.13140857219696045,0.03047788143157959,-0.0637817949501418,-0.202692449092865,0.014384090900421143,-0.0780322969404601,-0.24480372667312622,0.0054776668548583984,-0.08286586855329503,-0.28116315603256226,-0.0061411261558532715,-0.08564943526662816
0.0,0.0,0.0,-0.019949495792388916,-0.08553820848464966,0.0009554700781677639,-0.06753909587860107,-0.16112872958183289,-0.004964526279820802,-0.10550796985626221,-0.21515563130378723,-0.01087392960022271,-0.10815125703811646,-0.26306572556495667,-0.02062198147456229,-0.11045688390731812,-0.13523894548416138,-0.03139673918764174,-0.19502472877502441,-0.1410297155380249,-0.047758612784548404,-0.2468404769897461,-0.14225924015045166,-0.05779386312048018,-0.2885667681694031,-0.14075767993927002,-0.06502614915649474,-0.12123697996139526,-0.07944715023040771,-0.042011182758017185,-0.22196638584136963,-0.09004074335098267,-0.059473220261736515,-0.2832633852958679,-0.09324675798416138,-0.07100214064399779,-0.327282190322876,-0.09370708465576172,-0.07998333126585067,-0.12812018394470215,-0.02573859691619873,-0.050293724986715915,-0.2214532494544983,-0.03848499059677124,-0.0664881691364485,-0.2759283781051636,-0.04431569576263428,-0.07584256679098189,-0.3165898323059082,-0.047366440296173096,-0.08202055096904814,-0.13067591190338135,0.025469958782196045,-0.057015322151585224,-0.20269107818603516,0.01304847002029419,-0.07091585547010482,-0.24542808532714844,0.00666731595993042,-0.07609912753383696,-0.2820196747779846,-0.0013397932052612305,-0.07882764190713942
0.0,0.0,0.0,-0.0219881534576416,-0.08876550197601318,0.0036911227344162967,-0.06825065612792969,-0.1590409278869629,-0.002357981766145656,-0.10468590259552002,-0.2104921042919159,-0.008862849690522978,-0.10872739553451538,-0.2584124803543091,-0.01870267874797804,-0.10802072286605835,-0.13122141361236572,-0.03259503691693766,-0.1921280026435852,-0.13914191722869873,-0.0499482959439419,-0.24173051118850708,-0.13847452402114868,-0.06016043051382525,-0.28178954124450684,-0.1350158452987671,-0.0672943800618313,-0.11894047260284424,-0.074374258518219,-0.04440304114719851,-0.21427518129348755,-0.08577996492385864,-0.06292825042506678,-0.27325648069381714,-0.08817493915557861,-0.07392334788342936,-0.3177453875541687,-0.09112662076950073,-0.08262035100957377,-0.1266893744468689,-0.01980459690093994,-0.05357066392203791,-0.21578460931777954,-0.03489255905151367,-0.0686153754522465,-0.2712864875793457,-0.04075884819030762,-0.07675329446097834,-0.31454718112945557,-0.04649782180786133,-0.08301270603438837,-0.13027942180633545,0.029810428619384766,-0.06110920979877932,-0.19903403520584106,0.016314208507537842,-0.07413013874789698,-0.24013018608093262,0.007776856422424316,-0.0790051430394314,-0.27535921335220337,-0.0037064552307128906,-0.08198112844726069
0.0,0.0,0.0,-0.018481552600860596,-0.08358478546142578,0.0012972606489336513,-0.06251382827758789,-0.15302777290344238,-0.005550477406578658,-0.09894013404846191,-0.2063780426979065,-0.012358706662999985,-0.10108333826065063,-0.25593551993370056,-0.022208258728134034,-0.10074347257614136,-0.12602561712265015,-0.032401977325426934,-0.18126463890075684,-0.13531774282455444,-0.04896012901757896,-0.22942739725112915,-0.13544070720672607,-0.058469800497042534,-0.26841193437576294,-0.13301247358322144,-0.06509837343786895,-0.1122702956199646,-0.07254189252853394,-0.04209529444073379,-0.2037397027015686,-0.0847158432006836,-0.05894368722532928,-0.26043105125427246,-0.08851516246795654,-0.06863533541058242,-0.3014862537384033,-0.09165680408477783,-0.07664046272133529,-0.12019801139831543,-0.02070009708404541,-0.0494764020988816,-0.20532310009002686,-0.035431087017059326,-0.0628227724084729,-0.2577815651893616,-0.04216724634170532,-0.06944349988793075,-0.2973284125328064,-0.04808324575424194,-0.07476463749502837,-0.12400555610656738,0.026340126991271973,-0.055569706703173516,-0.1898566484451294,0.013760030269622803,-0.0662521181950444,-0.2289445400238037,0.006545066833496094,-0.06976458265875518,-0.26178544759750366,-0.0036469101905822754,-0.07198564543818176
0.0,0.0,0.0,0.06709903478622437,-0.0710378885269165,-0.03838292160679657,0.12167394161224365,-0.12711673974990845,-0.06818815344621498,0.14831119775772095,-0.18388408422470093,-0.09438917064716179,0.16539394855499268,-0.2361418604850769,-0.1232100951080497,0.145910382270813,-0.01562941074371338,-0.07781711244632561,0.19120186567306519,0.01497262716293335,-0.1304047184591468,0.22328120470046997,0.03996306657791138,-0.16893830174257118,0.25310051441192627,0.06635195016860962,-0.19529347890664894,0.12684190273284912,0.01474994421005249,-0.08593613678266365,0.18435871601104736,0.04325520992279053,-0.14539020532419045,0.23559772968292236,0.06653070449829102,-0.1873401033287223,0.27586328983306885,0.09204930067062378,-0.21520078951169808,0.09402257204055786,0.03839939832687378,-0.09555296623756249,0.14150965213775635,0.05998086929321289,-0.15302834683706124,0.1872742772102356,0.0765499472618103,-0.18604429835130532,0.22057950496673584,0.09274131059646606,-0.20419586473752815,0.05841022729873657,0.043009936809539795,-0.10611179494907219,0.07162266969680786,0.057815611362457275,-0.15719927126218636,0.09171807765960693,0.06312882900238037,-0.18073251122285683,0.1070135235786438,0.06831324100494385,-0.19452091330339272
0.0,0.0,0.0,-0.016268372535705566,-0.08223241567611694,0.0004510150389691603,-0.06299477815628052,-0.1527806520462036,-0.005763176894426181,-0.10260021686553955,-0.20568493008613586,-0.011884922693162991,-0.1034955382347107,-0.2530916631221771,-0.021063250089675023,-0.10212826728820801,-0.12718969583511353,-0.03019237385192497,-0.1822601556777954,-0.13722819089889526,-0.04640592129030807,-0.23000162839889526,-0.13718944787979126,-0.05638105661669357,-0.2686389088630676,-0.1335873007774353,-0.06358056754866226,-0.11458927392959595,-0.07614940404891968,-0.03983690084019287,-0.20760434865951538,-0.08690154552459717,-0.055719344476848676,-0.2631760835647583,-0.08965843915939331,-0.06630748749771698,-0.30365437269210815,-0.09138333797454834,-0.07533501328030212,-0.12345266342163086,-0.026693105697631836,-0.04741557181873901,-0.20938527584075928,-0.03984898328781128,-0.06148931623497589,-0.2596110701560974,-0.04530590772628784,-0.06930556387701614,-0.29863208532333374,-0.050814270973205566,-0.07538632542887314,-0.12801629304885864,0.019651293754577637,-0.05374478043118103,-0.194402277469635,0.007419109344482422,-0.06595565618076904,-0.23293495178222656,0.0028336644172668457,-0.07035411388674362,-0.2674434781074524,-0.005452930927276611,-0.07312829286852462
0.0,0.0,0.0,-0.01737278699874878,-0.08347392082214355,0.00027207853274191507,-0.06663292646408081,-0.1545688509941101,-0.005584820691712622,-0.10597866773605347,-0.20995980501174927,-0.011054813914217476,-0.10616779327392578,-0.2594147026538849,-0.019741130113818173,-0.1032748818397522,-0.12812554836273193,-0.029862231627323155,-0.18552559614181519,-0.13452363014221191,-0.04484966681919289,-0.23313456773757935,-0.13300728797912598,-0.05361293913445664,-0.2709033489227295,-0.12889504432678223,-0.05983664007506562,-0.11352145671844482,-0.07691842317581177,-0.03873000206074906,-0.20928215980529785,-0.08282715082168579,-0.05365404398760987,-0.26553410291671753,-0.08392202854156494,-0.06389760510645104,-0.3057500123977661,-0.08383971452713013,-0.07269018428049279,-0.12160158157348633,-0.02812725305557251,-0.045433173939802174,-0.21000123023986816,-0.03812861442565918,-0.05891684727392388,-0.2605017423629761,-0.04291796684265137,-0.06669872538767052,-0.29884111881256104,-0.04759347438812256,-0.07261228100977135,-0.1262120008468628,0.016763389110565186,-0.05080402927122307,-0.19460296630859375,0.004139721393585205,-0.062136820569850926,-0.23389238119125366,-0.000882565975189209,-0.06587145017109108,-0.26841628551483154,-0.008973360061645508,-0.06816650466642571
0.0,0.0,0.0,-0.017622947692871094,-0.08366245031356812,0.0012514432681669518,-0.0667414665222168,-0.15694719552993774,-0.0038821887202615812,-0.10456699132919312,-0.2133077085018158,-0.008983910221239455,-0.10463923215866089,-0.2617301642894745,-0.017397372189542182,-0.10430818796157837,-0.1327962875366211,-0.026867048952361472,-0.1852300763130188,-0.13704681396484375,-0.04180574058332098,-0.23328709602355957,-0.13437420129776,-0.051344126600405104,-0.2714722156524658,-0.1313939094543457,-0.058355104315658934,-0.11361253261566162,-0.08163982629776001,-0.03656001775302542,-0.20753955841064453,-0.08637934923171997,-0.05207030861415518,-0.2628573179244995,-0.08610057830810547,-0.06329143433608664,-0.30270105600357056,-0.0866287350654602,-0.07264142124690665,-0.12071835994720459,-0.03175067901611328,-0.044097554076095946,-0.2082086205482483,-0.03826797008514404,-0.05815667672791136,-0.2588583827018738,-0.04227954149246216,-0.06555724530257834,-0.29756611585617065,-0.04789912700653076,-0.07098530619182242,-0.1252356767654419,0.01594477891921997,-0.050252325970312484,-0.19326764345169067,0.004488825798034668,-0.06116673364081038,-0.2317015528678894,-0.0007215142250061035,-0.06373381255902899,-0.2650447487831116,-0.010170280933380127,-0.06510519622602118
0.0,0.0,0.0,-0.016932904720306396,-0.08301538228988647,-0.000678869726890241,-0.06638312339782715,-0.15334659814834595,-0.00687358884029976,-0.10595506429672241,-0.20782536268234253,-0.012796867004418289,-0.1062285304069519,-0.25615203380584717,-0.02216708969213954,-0.10265976190567017,-0.12562817335128784,-0.030961877963328277,-0.18363618850708008,-0.1311110258102417,-0.04675892863311759,-0.23314839601516724,-0.13156884908676147,-0.055854250973844444,-0.27292245626449585,-0.1300296187400818,-0.06261453900375358,-0.11451864242553711,-0.07377433776855469,-0.040488087869071876,-0.2102305293083191,-0.08242905139923096,-0.0574722786609172,-0.26828086376190186,-0.08358532190322876,-0.06895758334436408,-0.30972617864608765,-0.08332371711730957,-0.07788130763807288,-0.12216818332672119,-0.023813486099243164,-0.047872809058809196,-0.2104012370109558,-0.03451257944107056,-0.06419006857910148,-0.2629193067550659,-0.038425326347351074,-0.07404612872638694,-0.3021935224533081,-0.04213893413543701,-0.080576741433525,-0.12560826539993286,0.02213531732559204,-0.053879303223276054,-0.19321537017822266,0.009954094886779785,-0.06829030189552299,-0.2342902421951294,0.004934370517730713,-0.07445146266260139,-0.2699544429779053,-0.0034794211387634277,-0.07800646249094001
0.0,0.0,0.0,-0.019826769828796387,-0.07380527257919312,0.001160243214001433,-0.06267404556274414,-0.13039478659629822,-0.005110613382528051,-0.09877806901931763,-0.17499899864196777,-0.01190787817827843,-0.10718083381652832,-0.21934276819229126,-0.021236528488913997,-0.09620833396911621,-0.1065412163734436,-0.027277347478190883,-0.16913920640945435,-0.11389130353927612,-0.042052452298919185,-0.21115642786026,-0.11527794599533081,-0.05117229822568081,-0.24444669485092163,-0.11516034603118896,-0.05763859379581593,-0.10661137104034424,-0.060852229595184326,-0.036555294725219234,-0.18708133697509766,-0.07206195592880249,-0.050269455495397075,-0.2364979088306427,-0.07673710584640503,-0.05950751978449009,-0.2739707827568054,-0.0796392560005188,-0.06762343722871922,-0.11246746778488159,-0.01583409309387207,-0.04385012466005467,-0.18610107898712158,-0.02841317653656006,-0.05458212721637867,-0.2319987714290619,-0.03436237573623657,-0.06067208278469227,-0.26785123348236084,-0.0390048623085022,-0.06626911539129399,-0.11427891254425049,0.024807989597320557,-0.05019591453961514,-0.17018592357635498,0.01185518503189087,-0.05929027203015469,-0.20288902521133423,0.005792200565338135,-0.06225539076618336,-0.2307456135749817,-0.000658571720123291,-0.06450522023729466
0.0,0.0,0.0,-0.015419363975524902,-0.06873121857643127,-0.0025519169784284923,-0.0549200177192688,-0.12586641311645508,-0.010732407673368582,-0.0905809998512268,-0.1688864827156067,-0.018433880052635798,-0.0955808162689209,-0.21269628405570984,-0.029216626650760302,-0.0869479775428772,-0.10140082240104675,-0.035789722568462023,-0.1547355055809021,-0.11085352301597595,-0.05294455773300899,-0.19615036249160767,-0.11464855074882507,-0.06264908424682392,-0.22980040311813354,-0.11688217520713806,-0.0697318818337418,-0.09688645601272583,-0.05622529983520508,-0.04403095877833141,-0.1738869547843933,-0.06885430216789246,-0.06185963562793506,-0.22073644399642944,-0.07460135221481323,-0.07227854243583454,-0.2553037405014038,-0.08020222187042236,-0.08074649981326831,-0.10147082805633545,-0.01311802864074707,-0.0502485688693024,-0.17236095666885376,-0.02728259563446045,-0.06550534627504123,-0.21664610505104065,-0.033274054527282715,-0.0732658561236359,-0.2509942650794983,-0.04005753993988037,-0.07921927235193027,-0.10165977478027344,0.025986969470977783,-0.05551132372684253,-0.15658646821975708,0.014680624008178711,-0.06906278244323505,-0.18867242336273193,0.010444819927215576,-0.07443923316068424,-0.21700948476791382,0.003696143627166748,-0.07790388724870456
0.0,0.0,0.0,-0.01587390899658203,-0.07027614116668701,-0.0008073963713179921,-0.05517899990081787,-0.12916728854179382,-0.008381772963264922,-0.08986461162567139,-0.1723109781742096,-0.016016698619285563,-0.0940244197845459,-0.21475669741630554,-0.026868931194702128,-0.08625054359436035,-0.10850790143013,-0.033244860535422305,-0.15457481145858765,-0.11562490463256836,-0.05058468989090059,-0.19525200128555298,-0.1178865134716034,-0.06108387670473192,-0.22827023267745972,-0.11859869956970215,-0.06853162980631922,-0.09447050094604492,-0.06279599666595459,-0.042425831025401095,-0.17155957221984863,-0.07408052682876587,-0.059806731706419924,-0.21916890144348145,-0.07842814922332764,-0.070256163543025,-0.254860520362854,-0.08216407895088196,-0.07911101466969583,-0.09886455535888672,-0.018174290657043457,-0.04962850100354288,-0.1706862449645996,-0.03218388557434082,-0.06454115844325159,-0.2151995599269867,-0.03710496425628662,-0.07140367216424082,-0.25027114152908325,-0.04274207353591919,-0.07690255827263925,-0.10019510984420776,0.02396571636199951,-0.05577297992066477,-0.15659081935882568,0.011189162731170654,-0.06852085626677606,-0.18885588645935059,0.004964232444763184,-0.07269517815665338,-0.2174849808216095,-0.0036278963088989258,-0.07550113386468027
0.0,0.0,0.0,-0.0187990665435791,-0.07697677612304688,0.004090828334973651,-0.06287497282028198,-0.13621199131011963,-0.00027197729510675117,-0.10058653354644775,-0.17974460124969482,-0.005739645121558112,-0.1085667610168457,-0.22318702936172485,-0.014280099442167682,-0.09556490182876587,-0.11512881517410278,-0.024494987932904166,-0.16704493761062622,-0.12498575448989868,-0.038064974380596084,-0.20893710851669312,-0.12752726674079895,-0.046558736843927306,-0.2424529790878296,-0.1288214921951294,-0.05289370102988045,-0.10575991868972778,-0.06960827112197876,-0.03492944596515457,-0.1858135461807251,-0.08227545022964478,-0.04771973101602356,-0.23431771993637085,-0.08790963888168335,-0.05604138506756584,-0.27067553997039795,-0.09182175993919373,-0.06375555230484764,-0.11064684391021729,-0.02459394931793213,-0.04322308955894272,-0.1847599744796753,-0.03818631172180176,-0.05314502773986618,-0.22885385155677795,-0.04467737674713135,-0.05816964714036743,-0.2631438374519348,-0.05072498321533203,-0.06325763745413582,-0.11089831590652466,0.016854584217071533,-0.050379640443189544,-0.16845273971557617,0.001694798469543457,-0.05922637416230003,-0.2005501389503479,-0.005373775959014893,-0.061643580926521224,-0.22768598794937134,-0.01374727487564087,-0.06355537010536949
0.0,0.0,0.0,-0.019572198390960693,-0.07184386253356934,0.0007161679582505798,-0.05817681550979614,-0.1297733187675476,-0.006617348767088416,-0.09208214282989502,-0.1728939414024353,-0.014156885105387929,-0.09728425741195679,-0.21538546681404114,-0.0247436460435555,-0.08901697397232056,-0.10480904579162598,-0.03175485100151754,-0.15755069255828857,-0.11286646127700806,-0.04727439175845838,-0.19849932193756104,-0.1149979829788208,-0.05627975951434827,-0.2319009006023407,-0.11553540825843811,-0.06273189898134923,-0.09828972816467285,-0.058599114418029785,-0.041256017643229725,-0.17595559358596802,-0.07163882255554199,-0.05679136480690694,-0.22409504652023315,-0.07804197072982788,-0.06582605804802633,-0.26017311215400696,-0.08241260051727295,-0.07364138926865316,-0.10343140363693237,-0.014184832572937012,-0.04855452816488004,-0.17574894428253174,-0.028999149799346924,-0.061027604746834996,-0.21984612941741943,-0.036569178104400635,-0.06686520542504049,-0.253909170627594,-0.04270148277282715,-0.07188422943951345,-0.10482269525527954,0.02565157413482666,-0.05477965216638303,-0.16201144456863403,0.01071619987487793,-0.06561911072136617,-0.19432926177978516,0.003933906555175781,-0.06884017552735067,-0.22194302082061768,-0.0034660696983337402,-0.07096221264006353
0.0,0.0,0.0,-0.0197107195854187,-0.07626509666442871,0.005289964592826379,-0.06107527017593384,-0.13318750262260437,0.0005288005162000786,-0.09817957878112793,-0.1763455867767334,-0.005446905055272566,-0.10797673463821411,-0.2193126082420349,-0.014456206717717635,-0.09209549427032471,-0.11411848664283752,-0.02348315135501622,-0.16539090871810913,-0.12246790528297424,-0.03681804404519795,-0.2066206932067871,-0.12369281053543091,-0.045084854372966277,-0.23901337385177612,-0.12317043542861938,-0.05093889103196858,-0.10234427452087402,-0.06879067420959473,-0.034363230475413786,-0.1835758090019226,-0.08099400997161865,-0.046278310724723326,-0.23121729493141174,-0.08607882261276245,-0.053969012358415114,-0.2669394016265869,-0.08920472860336304,-0.06116609067581891,-0.10838431119918823,-0.024009108543395996,-0.04305844918750523,-0.1828271746635437,-0.03731715679168701,-0.052198359527814375,-0.22723737359046936,-0.044218480587005615,-0.056824942835795866,-0.2617841064929962,-0.04987996816635132,-0.06169498504065274,-0.11036425828933716,0.01704353094100952,-0.050484677561748015,-0.16735142469406128,0.002163231372833252,-0.058471685060489165,-0.19899165630340576,-0.004781544208526611,-0.060195373156297194,-0.22586888074874878,-0.012450575828552246,-0.06165821642540692
0.0,0.0,0.0,-0.019954025745391846,-0.07588934898376465,0.002929811099255275,-0.062488555908203125,-0.13667738437652588,-0.00133734723675083,-0.09687739610671997,-0.18213599920272827,-0.006006344488179494,-0.1059991717338562,-0.2243419587612152,-0.0136481358542202,-0.09308475255966187,-0.11430639028549194,-0.02423783604643326,-0.1640445590019226,-0.12355023622512817,-0.036530956892585564,-0.20516234636306763,-0.12491500377655029,-0.04417428773484211,-0.238966166973114,-0.12453842163085938,-0.04981269341549854,-0.10314160585403442,-0.06935524940490723,-0.03322561856946926,-0.1824055314064026,-0.08046573400497437,-0.044916361837005425,-0.23059606552124023,-0.08547329902648926,-0.05321994078001957,-0.2665443420410156,-0.08894997835159302,-0.060870059101199914,-0.10973387956619263,-0.024116158485412598,-0.040144622592544366,-0.18342870473861694,-0.037301063537597656,-0.049352020291900445,-0.22828298807144165,-0.044104933738708496,-0.05560021129093151,-0.26333341002464294,-0.049868881702423096,-0.061441682545757104,-0.11255866289138794,0.016830086708068848,-0.0458418804093359,-0.17015928030014038,0.004180848598480225,-0.05434552979311924,-0.2035549283027649,-0.0016723871231079102,-0.057705287156915475,-0.2322925329208374,-0.009489238262176514,-0.06020004328927975
0.0,0.0,0.0,-0.021833956241607666,-0.07648301124572754,0.00479774098926633,-0.06509888172149658,-0.13667717576026917,0.0006568166761606875,-0.09912753105163574,-0.18110862374305725,-0.004454348552139109,-0.1095324158668518,-0.22318369150161743,-0.012706495671631401,-0.09625256061553955,-0.1135084331035614,-0.023555789924325055,-0.1679341197013855,-0.12154752016067505,-0.03704837601548583,-0.2093592882156372,-0.12411433458328247,-0.04556103687650115,-0.24318450689315796,-0.1242198646068573,-0.05158650766974837,-0.10571694374084473,-0.06829190254211426,-0.03429829966193587,-0.1858518123626709,-0.07987803220748901,-0.04687257002955825,-0.23463702201843262,-0.08552205562591553,-0.05549889694816024,-0.2708304524421692,-0.08918976783752441,-0.0631223161137715,-0.11126232147216797,-0.02299952507019043,-0.0428906221306935,-0.18499654531478882,-0.036253929138183594,-0.05266020338899047,-0.23040542006492615,-0.042991816997528076,-0.058594426921667164,-0.26569312810897827,-0.04856520891189575,-0.06411592554217727,-0.11286050081253052,0.018908262252807617,-0.05017878752118499,-0.1696605682373047,0.005471408367156982,-0.058835095576109,-0.20282715559005737,-0.001514434814453125,-0.06163461770779044,-0.23137202858924866,-0.009932458400726318,-0.0636416141307965
0.0,0.0,0.0,-0.020665228366851807,-0.07655388116836548,0.0036543489894954317,-0.06260567903518677,-0.13453304767608643,-0.001964789024076069,-0.0960545539855957,-0.1777171492576599,-0.008282276243424619,-0.1058301329612732,-0.21948140859603882,-0.01753011755690595,-0.0908021330833435,-0.11191007494926453,-0.027325539291358197,-0.1630631685256958,-0.11852622032165527,-0.041838419065332616,-0.204784095287323,-0.12143218517303467,-0.050296318158960546,-0.23855996131896973,-0.12298807501792908,-0.0561838973318102,-0.10090398788452148,-0.06586146354675293,-0.03776777200446149,-0.18222075700759888,-0.07830214500427246,-0.05185150019869825,-0.23138797283172607,-0.08465069532394409,-0.06054171212062856,-0.2681400775909424,-0.0895545482635498,-0.06797866560564061,-0.10825121402740479,-0.02073979377746582,-0.045933880284881795,-0.18307775259017944,-0.03538382053375244,-0.05704313553915044,-0.22878864407539368,-0.04312366247177124,-0.06305863745555898,-0.26410871744155884,-0.04993140697479248,-0.06829233504877111,-0.11219596862792969,0.020404040813446045,-0.05279657654509565,-0.16893142461776733,0.004483163356781006,-0.062400635704851354,-0.2014119029045105,-0.003305971622467041,-0.06528764255390188,-0.22896713018417358,-0.011811614036560059,-0.06719552017793676
0.0,0.0,0.0,-0.019735515117645264,-0.07441174983978271,0.0024888053660854226,-0.06232696771621704,-0.13446971774101257,-0.0033005316151664132,-0.09873110055923462,-0.1783498227596283,-0.009233160956426012,-0.10749709606170654,-0.22094768285751343,-0.018132384947164404,-0.09174126386642456,-0.10993877053260803,-0.02985983908794676,-0.16425704956054688,-0.11914438009262085,-0.044586032709701406,-0.2060767412185669,-0.1215679943561554,-0.053045123896224844,-0.2395724356174469,-0.12121674418449402,-0.058936584821565496,-0.10159611701965332,-0.06475752592086792,-0.039370559236629354,-0.1824944019317627,-0.0779990553855896,-0.053325861773116934,-0.23146724700927734,-0.08327919244766235,-0.06189683087788378,-0.26759833097457886,-0.08703494071960449,-0.06935806207977091,-0.10820412635803223,-0.0204656720161438,-0.04655077316485201,-0.18323218822479248,-0.03536409139633179,-0.05730783574901377,-0.22926050424575806,-0.04212301969528198,-0.06364229702077662,-0.2646687626838684,-0.04749798774719238,-0.06936784469209467,-0.11129051446914673,0.020038485527038574,-0.052457176229579794,-0.16835296154022217,0.005447447299957275,-0.06208761416993891,-0.2019163966178894,-0.001522839069366455,-0.06581181668363367,-0.23080646991729736,-0.009848237037658691,-0.06851806127153193
0.0,0.0,0.0,-0.01875615119934082,-0.07765012979507446,0.003890998179869598,-0.061427533626556396,-0.13495171070098877,-0.0003920541362987251,-0.09671545028686523,-0.17957904934883118,-0.005631460824204737,-0.10359793901443481,-0.22373604774475098,-0.013787918740106875,-0.09318757057189941,-0.1144692599773407,-0.02069192288179522,-0.16307252645492554,-0.12311220169067383,-0.03350409587581282,-0.20395123958587646,-0.12567132711410522,-0.04205408042032843,-0.23741888999938965,-0.1269051730632782,-0.04841541966159468,-0.1035338044166565,-0.07048290967941284,-0.030329697781397158,-0.17998987436294556,-0.08090335130691528,-0.04256105890233641,-0.22680026292800903,-0.08617782592773438,-0.051245265656305605,-0.2614758014678955,-0.09056222438812256,-0.059084021502329165,-0.10991162061691284,-0.026094377040863037,-0.03810982873399382,-0.18074941635131836,-0.03889298439025879,-0.04778833782036429,-0.22371703386306763,-0.045622050762176514,-0.05335005094964629,-0.2570286691188812,-0.052363574504852295,-0.05852163305242186,-0.11184191703796387,0.014540612697601318,-0.04477671256024962,-0.16730880737304688,-0.00020599365234375,-0.05349650328714972,-0.19903594255447388,-0.006748974323272705,-0.05633926858861571,-0.22629356384277344,-0.015228867530822754,-0.05829730724651938
0.0,0.0,0.0,-0.01997607946395874,-0.07327425479888916,0.002325482828686276,-0.06090039014816284,-0.13225969672203064,-0.0029548211729579776,-0.09422516822814941,-0.1743408441543579,-0.008674467053120694,-0.10377919673919678,-0.21514183282852173,-0.01725954476357039,-0.09062838554382324,-0.10901644825935364,-0.026037930581574997,-0.16009461879730225,-0.11586445569992065,-0.04008087802291449,-0.20094579458236694,-0.11905750632286072,-0.048535662773852906,-0.2337191104888916,-0.12019485235214233,-0.05447628262997206,-0.1009293794631958,-0.06395596265792847,-0.03556533444285925,-0.17829936742782593,-0.07448607683181763,-0.049149579439168534,-0.22587621212005615,-0.07995027303695679,-0.05816751632452544,-0.26089924573898315,-0.08432871103286743,-0.06576936978459891,-0.10724765062332153,-0.019635915756225586,-0.04309283855915602,-0.17806744575500488,-0.03173625469207764,-0.05379441666961249,-0.22264379262924194,-0.03828614950180054,-0.0605668752229267,-0.2567247450351715,-0.044101715087890625,-0.06635452348352011,-0.10930907726287842,0.02074456214904785,-0.049462213251596054,-0.16268390417099,0.009285390377044678,-0.05881321344137724,-0.1946764588356018,0.0027331113815307617,-0.06256344455838736,-0.22216826677322388,-0.005675852298736572,-0.0651372327244335
0.0,0.0,0.0,-0.02226114273071289,-0.07580047845840454,0.005209613129487423,-0.06580233573913574,-0.1351187825202942,0.001568920564828602,-0.10272479057312012,-0.17863920331001282,-0.0030728823002519334,-0.11311465501785278,-0.22006800770759583,-0.01058184261993489,-0.09656864404678345,-0.11148720979690552,-0.022374854419389578,-0.16821324825286865,-0.12141391634941101,-0.034620358604946944,-0.20989513397216797,-0.12296399474143982,-0.04243700112775883,-0.24351227283477783,-0.12238314747810364,-0.04807805921510777,-0.10676825046539307,-0.06771457195281982,-0.032196390438834044,-0.18625497817993164,-0.07846564054489136,-0.04263362567500195,-0.23380109667778015,-0.08312481641769409,-0.04962343256548962,-0.26939553022384644,-0.0857841968536377,-0.05666612740234456,-0.11259692907333374,-0.024362683296203613,-0.039848818439999434,-0.18558639287948608,-0.034654974937438965,-0.046912352550783964,-0.22881394624710083,-0.04082232713699341,-0.051082043904820296,-0.2623799443244934,-0.04590499401092529,-0.0561111448295506,-0.11416614055633545,0.015108346939086914,-0.04639106150344929,-0.17102915048599243,0.0030445456504821777,-0.05271087120846829,-0.20306283235549927,-0.003001570701599121,-0.054342313665905806,-0.23023837804794312,-0.010156035423278809,-0.056010245341816756
0.0,0.0,0.0,-0.019358396530151367,-0.07352316379547119,0.0029146372784460417,-0.05988723039627075,-0.1311900019645691,-0.002669264378345526,-0.09511351585388184,-0.17160528898239136,-0.008706257261655248,-0.1052665114402771,-0.21225297451019287,-0.017678501598856367,-0.0894656777381897,-0.10672980546951294,-0.02800517766954652,-0.15913939476013184,-0.11478126049041748,-0.042564984925410665,-0.20046252012252808,-0.11655178666114807,-0.05102471686186544,-0.23361709713935852,-0.11581790447235107,-0.05691949329557172,-0.09957617521286011,-0.06261426210403442,-0.03780035353483907,-0.17741858959197998,-0.07469719648361206,-0.05134124732794515,-0.2255135178565979,-0.07994264364242554,-0.05982634476604215,-0.26093605160713196,-0.08365434408187866,-0.06729971668901197,-0.10582035779953003,-0.01904982328414917,-0.045381397523305333,-0.17758816480636597,-0.03273218870162964,-0.0557790068465685,-0.22246170043945312,-0.039081454277038574,-0.062022045769116796,-0.25708645582199097,-0.04405730962753296,-0.06779947928371183,-0.10801321268081665,0.021142125129699707,-0.05174424550714246,-0.16252189874649048,0.008320331573486328,-0.06132179922642461,-0.19533371925354004,0.0016028881072998047,-0.06520462087573758,-0.22394955158233643,-0.006215095520019531,-0.06802104464950315
0.0,0.0,0.0,-0.019513845443725586,-0.07099586725234985,0.0007021738577419612,-0.060282766819000244,-0.1305938959121704,-0.005051016398913255,-0.09383046627044678,-0.1742641031742096,-0.010709880442566266,-0.09862226247787476,-0.216024249792099,-0.019259832390791765,-0.09010791778564453,-0.10849615931510925,-0.027862879970318666,-0.15919053554534912,-0.11755284667015076,-0.041652228274590364,-0.19977343082427979,-0.11927616596221924,-0.04983111430073439,-0.2330620288848877,-0.11904644966125488,-0.055725894459730974,-0.09894943237304688,-0.0639612078666687,-0.03616617579127013,-0.17522966861724854,-0.07462221384048462,-0.049648437240368715,-0.22286456823349,-0.07853931188583374,-0.05867472622657477,-0.25774234533309937,-0.08113569021224976,-0.06651140336061179,-0.10469400882720947,-0.019621551036834717,-0.042478382178789964,-0.17573851346969604,-0.033183515071868896,-0.05336915288234412,-0.21966075897216797,-0.03898388147354126,-0.060217693039423814,-0.2534884512424469,-0.043579161167144775,-0.06605049554372489,-0.10716557502746582,0.02133554220199585,-0.04764779988790213,-0.16179347038269043,0.009171843528747559,-0.05704344395662009,-0.19380873441696167,0.004133999347686768,-0.06082903180385291,-0.22143548727035522,-0.0028789639472961426,-0.06345970515275656
0.0,0.0,0.0,-0.018986761569976807,-0.07376080751419067,0.0031129863614172137,-0.061132192611694336,-0.13272106647491455,-0.0017566276678859793,-0.09576338529586792,-0.1768723428249359,-0.007154655732405146,-0.10282039642333984,-0.21888738870620728,-0.01545191146079894,-0.0889706015586853,-0.11081680655479431,-0.026086421307367047,-0.15902400016784668,-0.12073224782943726,-0.039630900692385396,-0.1992563009262085,-0.12312653660774231,-0.04770341477934714,-0.23157572746276855,-0.12224680185317993,-0.0533001009339511,-0.09915262460708618,-0.06743484735488892,-0.035347688567084035,-0.1770976185798645,-0.08063524961471558,-0.047473311048191746,-0.22428226470947266,-0.08600091934204102,-0.05512784383837577,-0.25897860527038574,-0.08858180046081543,-0.06213622130100127,-0.10590487718582153,-0.02413487434387207,-0.04248174242321845,-0.17697042226791382,-0.03894609212875366,-0.051406398039501866,-0.22058582305908203,-0.04563325643539429,-0.05671131200734969,-0.2538886070251465,-0.049984872341156006,-0.062000065665882786,-0.10912656784057617,0.016007721424102783,-0.04845688454453345,-0.16233378648757935,0.0013030171394348145,-0.05613285638038512,-0.19402575492858887,-0.005346477031707764,-0.05863519720379706,-0.22103947401046753,-0.012228786945343018,-0.060684468221110066
0.0,0.0,0.0,-0.01922023296356201,-0.07171636819839478,0.0036436177688869975,-0.05775398015975952,-0.13309034705162048,5.880841456473718e-06,-0.09025830030441284,-0.17693528532981873,-0.0037452005416866996,-0.10100460052490234,-0.21432983875274658,-0.010366013004329488,-0.08857327699661255,-0.10887652635574341,-0.02636397603049545,-0.15667718648910522,-0.11789596080780029,-0.038923183186795995,-0.19658321142196655,-0.11858662962913513,-0.04620817835524349,-0.22942274808883667,-0.1180448830127716,-0.05142224739387302,-0.09850376844406128,-0.06474339962005615,-0.035410275413539694,-0.17480677366256714,-0.07539933919906616,-0.04874237413599758,-0.2215508222579956,-0.07948338985443115,-0.05716125081374912,-0.25628340244293213,-0.08242571353912354,-0.06435151184990673,-0.10547661781311035,-0.021815121173858643,-0.042062623157050893,-0.17707324028015137,-0.0336000919342041,-0.0529009566743639,-0.2210768461227417,-0.04016190767288208,-0.05953013683750896,-0.2559201121330261,-0.04519909620285034,-0.06508262242272167,-0.10905212163925171,0.017577946186065674,-0.047259980543401525,-0.1651548147201538,0.005298435688018799,-0.05664519007399349,-0.19878631830215454,0.0005336403846740723,-0.06011378551914959,-0.22814005613327026,-0.005493819713592529,-0.062360005183961675
0.0,0.0,0.0,-0.019728481769561768,-0.07181227207183838,0.0028014255178963055,-0.05824488401412964,-0.1294434666633606,-0.001892709526805092,-0.09186339378356934,-0.1702922284603119,-0.007020941474115361,-0.10174423456192017,-0.20945703983306885,-0.015077545311873664,-0.0889139175415039,-0.10401654243469238,-0.02720480505806755,-0.15573245286941528,-0.1108945906162262,-0.041163434278791655,-0.19555121660232544,-0.11250483989715576,-0.049223345708673705,-0.2274889349937439,-0.11151674389839172,-0.05479906592947792,-0.09819138050079346,-0.05974096059799194,-0.036713101905410994,-0.17362970113754272,-0.0702858567237854,-0.050153695982521285,-0.21975177526474,-0.07440346479415894,-0.05841912422758888,-0.25455883145332336,-0.07696533203125,-0.0655117491303141,-0.10338836908340454,-0.016687393188476562,-0.044053302150791396,-0.1728190779685974,-0.029259562492370605,-0.05496784765703033,-0.21613425016403198,-0.0347478985786438,-0.06136484165174316,-0.25016316771507263,-0.0384831428527832,-0.06683521811348747,-0.1048588752746582,0.02351963520050049,-0.050151464533632506,-0.15792453289031982,0.00937122106552124,-0.06006515492183517,-0.19010353088378906,0.0038083791732788086,-0.06373742316347908,-0.2179560661315918,-0.0018318891525268555,-0.06617545430046867
0.0,0.0,0.0,-0.01743239164352417,-0.07126247882843018,0.002437629927850793,-0.05809122323989868,-0.1296820044517517,-0.0021349986037542124,-0.09130394458770752,-0.17292451858520508,-0.006819780725084712,-0.09955286979675293,-0.21135804057121277,-0.014538940317027738,-0.08562159538269043,-0.10731238126754761,-0.02804727693557041,-0.15410113334655762,-0.11494392156600952,-0.041484127095930745,-0.19446182250976562,-0.11621251702308655,-0.048881342909329106,-0.22738194465637207,-0.11555826663970947,-0.054164862534992864,-0.09504413604736328,-0.06348174810409546,-0.03696777885317104,-0.17118573188781738,-0.07358449697494507,-0.0506303108251025,-0.21828442811965942,-0.07709836959838867,-0.05905674611686962,-0.2527385950088501,-0.07892674207687378,-0.0663454069709708,-0.10174566507339478,-0.020113587379455566,-0.04363326197027462,-0.17281478643417358,-0.03238940238952637,-0.05471048717855709,-0.2165682315826416,-0.03760784864425659,-0.06118739610075252,-0.25056028366088867,-0.04205518960952759,-0.06661378433465259,-0.10508036613464355,0.020313918590545654,-0.04897782047747867,-0.1600969433784485,0.008415639400482178,-0.05874306549786823,-0.19296115636825562,0.0038066506385803223,-0.06266549070834415,-0.22155636548995972,-0.0025483369827270508,-0.06528232832907932
0.0,0.0,0.0,-0.0176774263381958,-0.07209843397140503,-0.00081888750317205,-0.05785512924194336,-0.13530701398849487,-0.007281315116031806,-0.09283089637756348,-0.18015849590301514,-0.013071204604401032,-0.09805786609649658,-0.2204221487045288,-0.021877156639291684,-0.08571022748947144,-0.1125844419002533,-0.030266802826716344,-0.15373963117599487,-0.11716079711914062,-0.04523665464837734,-0.1943722367286682,-0.11588385701179504,-0.0544457920583028,-0.22724133729934692,-0.11421716213226318,-0.06084149710257236,-0.09338384866714478,-0.06795430183410645,-0.037801828304125706,-0.17072147130966187,-0.07386064529418945,-0.05228907249291126,-0.21863216161727905,-0.07675576210021973,-0.06242141134460155,-0.25356733798980713,-0.07909393310546875,-0.07126392058451358,-0.09855079650878906,-0.02575737237930298,-0.04317288480122272,-0.17092210054397583,-0.03396272659301758,-0.05492337054927532,-0.21465760469436646,-0.039572298526763916,-0.06124196208436672,-0.24854159355163574,-0.0451807975769043,-0.06657829515059177,-0.10177844762802124,0.013688087463378906,-0.047444708714081685,-0.15865617990493774,0.0027954578399658203,-0.05665428943355266,-0.1907280683517456,-0.001896977424621582,-0.05895577750523273,-0.21872681379318237,-0.009434401988983154,-0.06049074611981098
0.0,0.0,0.0,-0.006670236587524414,-0.0029180049896240234,-0.046944598440461505,-0.001927495002746582,-0.008254528045654297,-0.08052853751593148,0.008945941925048828,-0.009342551231384277,-0.10573668289595162,0.020832538604736328,-0.007070720195770264,-0.13133216906004463,0.043126583099365234,0.024022340774536133,-0.08994487929754769,0.07847195863723755,0.019185900688171387,-0.12479888159447228,0.10529839992523193,0.014608979225158691,-0.14688761043959175,0.13202238082885742,0.012367784976959229,-0.16147300112658058,0.06511139869689941,0.022132813930511475,-0.07934568334036385,0.10793554782867432,0.01733851432800293,-0.11487633246593987,0.14367175102233887,0.010314106941223145,-0.13557594526224648,0.17650872468948364,0.0058040618896484375,-0.15014038491659676,0.08068519830703735,0.01712656021118164,-0.0692096080225042,0.12162816524505615,0.012054860591888428,-0.09807722527199303,0.1556764841079712,0.00555419921875,-0.1131558816474012,0.18314599990844727,0.002697467803955078,-0.12261636066847359,0.09077650308609009,0.0076544880867004395,-0.06171690929346596,0.12314194440841675,0.006813347339630127,-0.08220854658299004,0.14831441640853882,0.0032526254653930664,-0.09238592046909844,0.1680011749267578,0.0012096762657165527,-0.09960095841103112
0.0,0.0,0.0,-0.041993916034698486,-0.12920933961868286,0.008576357332927387,-0.12674301862716675,-0.23463860154151917,0.0035856431964162994,-0.19184815883636475,-0.3086702227592468,-0.0031684769169118,-0.20580923557281494,-0.38009774684906006,-0.015657856533366044,-0.17661917209625244,-0.19023507833480835,-0.045643241548972924,-0.3065888285636902,-0.18953382968902588,-0.07159660517616828,-0.3843827247619629,-0.18239301443099976,-0.08789691090031226,-0.4484550952911377,-0.17126119136810303,-0.09976787626190742,-0.1906476616859436,-0.10984796285629272,-0.06623722373886665,-0.34130388498306274,-0.11092221736907959,-0.09252336382313331,-0.434928834438324,-0.10296732187271118,-0.10939726739569267,-0.5091909468173981,-0.09249919652938843,-0.12396792083426078,-0.2006320357322693,-0.029615342617034912,-0.08295769750519355,-0.33894652128219604,-0.0354272723197937,-0.10464112221642097,-0.4247509241104126,-0.02966594696044922,-0.1174521347825106,-0.4960322976112366,-0.02165001630783081,-0.1288896700684603,-0.2060530185699463,0.04828298091888428,-0.09734673559113105,-0.30827051401138306,0.03246873617172241,-0.11738281458063682,-0.3696054220199585,0.03274291753768921,-0.12500677018805106,-0.4248475432395935,0.034703075885772705,-0.13069326191588004
0.0,0.0,0.0,-0.03941655158996582,-0.1461206078529358,-0.0012994195143960496,-0.12760251760482788,-0.25254637002944946,-0.015035870442659416,-0.2038438320159912,-0.33144378662109375,-0.025880541610092678,-0.22156548500061035,-0.40984827280044556,-0.04295370909807161,-0.193953275680542,-0.19988489151000977,-0.08211953747508005,-0.35333219170570374,-0.19685155153274536,-0.1178768034600921,-0.45069563388824463,-0.19110733270645142,-0.13499149489638285,-0.527965784072876,-0.18427741527557373,-0.14635315346953348,-0.2084478735923767,-0.10453516244888306,-0.0973273422145553,-0.3991600275039673,-0.10617971420288086,-0.1433219294571586,-0.514813631772995,-0.10277420282363892,-0.1670614610933967,-0.5977251529693604,-0.10136866569519043,-0.18256135094401316,-0.2174382209777832,-0.017804265022277832,-0.10628889310595468,-0.3909624218940735,-0.023089826107025146,-0.14457198786971048,-0.49281471967697144,-0.02295506000518799,-0.16376791703936533,-0.5676454603672028,-0.023485898971557617,-0.17438623118636087,-0.21804851293563843,0.060300350189208984,-0.11173134106633142,-0.3464556336402893,0.05096310377120972,-0.14335548687216715,-0.4231873154640198,0.04775547981262207,-0.15699676978823618,-0.4889655113220215,0.04219537973403931,-0.16403257656332926
0.0,0.0,0.0,-0.04591280221939087,-0.14183658361434937,0.009965438544733196,-0.1352899670600891,-0.25222015380859375,0.002981000961718827,-0.21063238382339478,-0.32885175943374634,-0.004179261941479773,-0.22650325298309326,-0.40469133853912354,-0.018776201494055123,-0.1945621371269226,-0.2018665075302124,-0.06123570617290053,-0.34560978412628174,-0.19807583093643188,-0.08920822929592642,-0.4365035593509674,-0.19651681184768677,-0.1027944300696424,-0.5088738799095154,-0.1930825114250183,-0.11219084899874243,-0.20870816707611084,-0.1116144061088562,-0.0808726165816358,-0.38848188519477844,-0.11409825086593628,-0.11407374482603583,-0.4965970516204834,-0.11178189516067505,-0.13231661062689337,-0.5735520720481873,-0.1076924204826355,-0.14582212906332526,-0.21661782264709473,-0.02563077211380005,-0.09447262328119788,-0.38114678859710693,-0.03216111660003662,-0.12329250466080222,-0.4764799475669861,-0.03209555149078369,-0.1397962782904676,-0.5468949973583221,-0.030473709106445312,-0.15070658069105658,-0.21693390607833862,0.05658698081970215,-0.10397090654821906,-0.3405795097351074,0.046421170234680176,-0.12818813961000952,-0.4101893901824951,0.04143255949020386,-0.138529023937898,-0.46894580125808716,0.03382706642150879,-0.14456874769182715
0.0,0.0,0.0,-0.05138254165649414,-0.12388944625854492,-0.007411347872945839,-0.14463627338409424,-0.22988814115524292,-0.022332550662937933,-0.20569247007369995,-0.31537926197052,-0.03350101940650063,-0.20639514923095703,-0.3917005658149719,-0.049534314948502356,-0.1705700159072876,-0.1893712282180786,-0.0706712581993969,-0.29853206872940063,-0.17369604110717773,-0.10088627569693642,-0.3771117031574249,-0.1604686975479126,-0.11762209765929299,-0.44011518359184265,-0.14918160438537598,-0.12911425315159875,-0.1722671389579773,-0.09901547431945801,-0.0802697741271885,-0.3240172863006592,-0.07720005512237549,-0.115220857489291,-0.4152970314025879,-0.06101900339126587,-0.1336975821139248,-0.47967207431793213,-0.04691910743713379,-0.1473340966584118,-0.1772003173828125,-0.015471279621124268,-0.08532582007664757,-0.32020604610443115,-0.0003726482391357422,-0.11324750416297036,-0.40148887038230896,0.00603097677230835,-0.12323564075249749,-0.4616357088088989,0.009831368923187256,-0.12890712701100426,-0.18345922231674194,0.059589505195617676,-0.08829089038390237,-0.29647964239120483,0.058610498905181885,-0.10719723783749657,-0.3592027425765991,0.05888599157333374,-0.10986341320294457,-0.4122612476348877,0.05469536781311035,-0.10982791118640023
0.0,0.0,0.0,-0.048277854919433594,-0.1283082365989685,-0.008288525877283348,-0.13662582635879517,-0.23373490571975708,-0.023796807875619663,-0.19956541061401367,-0.31533122062683105,-0.035553140466795696,-0.1982436180114746,-0.3851584196090698,-0.05254497927962376,-0.17467772960662842,-0.18409085273742676,-0.07082096291123463,-0.3035910129547119,-0.1678972840309143,-0.1008551771694286,-0.38301920890808105,-0.15756142139434814,-0.11833705556927754,-0.44637423753738403,-0.14947807788848877,-0.13037019026814534,-0.1757296919822693,-0.09256863594055176,-0.07932823700247837,-0.3266535997390747,-0.06916773319244385,-0.11406244886456562,-0.4177190363407135,-0.05476641654968262,-0.1333048398548229,-0.48113784193992615,-0.042897939682006836,-0.14736970317898823,-0.17908042669296265,-0.011162996292114258,-0.08316717100678517,-0.3216565251350403,0.00531768798828125,-0.11080223870812489,-0.40289732813835144,0.008757710456848145,-0.12217353833256794,-0.46108278632164,0.01116800308227539,-0.12854412746964528,-0.18207699060440063,0.06009584665298462,-0.08497438383637501,-0.29536014795303345,0.057536542415618896,-0.10209925276576115,-0.35877352952957153,0.05575406551361084,-0.10446896952925755,-0.4111781418323517,0.050891995429992676,-0.10453636748133732
0.0,0.0,0.0,-0.04829585552215576,-0.12646621465682983,-0.005165792478550202,-0.13772743940353394,-0.2292429804801941,-0.018461186847019917,-0.20297342538833618,-0.30882102251052856,-0.028817775136161572,-0.20527184009552002,-0.3826465606689453,-0.04459313157789779,-0.17745113372802734,-0.1808462142944336,-0.0657723121701963,-0.3064171075820923,-0.16259628534317017,-0.09405574429624153,-0.3845100700855255,-0.14786183834075928,-0.11030175763957573,-0.44708800315856934,-0.13556891679763794,-0.12167804170243812,-0.1805519461631775,-0.09249013662338257,-0.07617594528787208,-0.3321455717086792,-0.06751656532287598,-0.10788586962812019,-0.4228477478027344,-0.05070483684539795,-0.12687834579341484,-0.4878199100494385,-0.037644028663635254,-0.1414374806343801,-0.18362444639205933,-0.012949168682098389,-0.0819303937613256,-0.3256944417953491,0.007716238498687744,-0.10750086087577415,-0.4080914258956909,0.01601588726043701,-0.12000078189961982,-0.4700697064399719,0.02145439386367798,-0.12823190767161918,-0.18606144189834595,0.059557437896728516,-0.08549808937900139,-0.29844725131988525,0.06286299228668213,-0.10324439633481575,-0.3621993064880371,0.06754815578460693,-0.10721949715011192,-0.4167846143245697,0.06686872243881226,-0.10873642790906501
0.0,0.0,0.0,-0.053203582763671875,-0.1291753053665161,-0.0012806645282950058,-0.1422731876373291,-0.22956877946853638,-0.012851301642641033,-0.20845699310302734,-0.3082091808319092,-0.022437159033998455,-0.217290461063385,-0.3813260495662689,-0.03729671059785744,-0.18444985151290894,-0.1855151653289795,-0.05988608865676781,-0.3161478638648987,-0.16825109720230103,-0.08850572078166863,-0.3928588032722473,-0.15356826782226562,-0.10543223290382286,-0.4543710947036743,-0.14094620943069458,-0.11701411573825737,-0.18724888563156128,-0.10116255283355713,-0.07188983826576134,-0.33980613946914673,-0.07674896717071533,-0.104108495699748,-0.42986634373664856,-0.06084895133972168,-0.12370060204206368,-0.49485528469085693,-0.04920095205307007,-0.13906874327598473,-0.1896740198135376,-0.021593213081359863,-0.07918109564720055,-0.33310675621032715,-0.0012314915657043457,-0.10501994012533089,-0.4143231213092804,0.007573127746582031,-0.11636104999719521,-0.47593382000923157,0.011856377124786377,-0.12405705271898171,-0.19112712144851685,0.052551984786987305,-0.08403796522556206,-0.30375754833221436,0.05562311410903931,-0.10236156551776787,-0.3664587736129761,0.06042271852493286,-0.10611475078998467,-0.42033082246780396,0.05995357036590576,-0.10752726166187188
0.0,0.0,0.0,-0.0548931360244751,-0.12319988012313843,0.0016334840963736497,-0.14372795820236206,-0.22219908237457275,-0.010499582446072964,-0.2120211124420166,-0.2974679470062256,-0.02181762625173178,-0.2206820845603943,-0.37091219425201416,-0.03894073311880675,-0.1843167543411255,-0.18045490980148315,-0.06077091936663237,-0.3160989284515381,-0.1630370020866394,-0.09108286519244757,-0.3917413055896759,-0.14656662940979004,-0.10924298484519568,-0.45330268144607544,-0.13053488731384277,-0.12193802167371359,-0.19021552801132202,-0.09945410490036011,-0.07602726091340628,-0.3439931273460388,-0.0759994387626648,-0.10771037061408606,-0.43506646156311035,-0.058646976947784424,-0.12670712341264334,-0.5015444159507751,-0.04416924715042114,-0.1426153348822936,-0.19387173652648926,-0.021203994750976562,-0.08669637311891165,-0.3384544253349304,-0.0009132623672485352,-0.11221145261720267,-0.4210648536682129,0.0107496976852417,-0.12392638046935645,-0.4849230945110321,0.017945408821105957,-0.13340951670602408,-0.19495117664337158,0.05370050668716431,-0.09491070528224554,-0.3078412413597107,0.0615849494934082,-0.11422910709575262,-0.3722633123397827,0.07024002075195312,-0.11951129306748953,-0.4299665093421936,0.07226824760437012,-0.12309411336377707
0.0,0.0,0.0,-0.052071213722229004,-0.1266666054725647,-0.0025278268710451357,-0.14187324047088623,-0.2229432463645935,-0.014542888091199302,-0.20775699615478516,-0.3000984787940979,-0.024465097286991977,-0.21514493227005005,-0.3717465102672577,-0.039622508161954784,-0.18005114793777466,-0.1809849739074707,-0.05761827918260565,-0.30825740098953247,-0.16335105895996094,-0.0852489175137805,-0.3840916156768799,-0.14876645803451538,-0.10175143199532499,-0.4449390769004822,-0.1373121738433838,-0.11318133043616285,-0.18153434991836548,-0.09724146127700806,-0.06862206774323454,-0.3296346664428711,-0.07297593355178833,-0.09973270463316908,-0.4170529246330261,-0.056399643421173096,-0.11875829862921705,-0.47848081588745117,-0.04424780607223511,-0.13362005370228758,-0.18386483192443848,-0.01859724521636963,-0.07527408021061888,-0.3236340284347534,0.00014609098434448242,-0.10016096400588026,-0.4032919406890869,0.007940411567687988,-0.11153072881072035,-0.4622911214828491,0.011713564395904541,-0.11910875158875456,-0.1855108141899109,0.053765296936035156,-0.07969185727208128,-0.29602956771850586,0.05579507350921631,-0.09705981629460325,-0.35681527853012085,0.059138476848602295,-0.10078854131072035,-0.4085339307785034,0.0574151873588562,-0.1022191049393939
0.0,0.0,0.0,-0.053781747817993164,-0.12222433090209961,0.0022798601409874664,-0.1391412615776062,-0.22061967849731445,-0.009059677425540258,-0.20524632930755615,-0.2890685200691223,-0.019970767725027372,-0.21685975790023804,-0.3562237620353699,-0.036753390509403516,-0.18034201860427856,-0.1792427897453308,-0.06050153874210196,-0.3086509704589844,-0.1693611741065979,-0.08986290596774893,-0.38191115856170654,-0.15807825326919556,-0.10805083118728476,-0.4435899257659912,-0.14491546154022217,-0.12060093187145071,-0.18701225519180298,-0.09774607419967651,-0.07628940098337011,-0.3353640139102936,-0.08703809976577759,-0.10641928069642859,-0.4252539277076721,-0.07410228252410889,-0.12469095044187384,-0.4939870536327362,-0.060976624488830566,-0.1400372912769683,-0.19134658575057983,-0.01860654354095459,-0.08749347977689581,-0.33094125986099243,-0.010202109813690186,-0.11136823945096808,-0.4151545763015747,-0.002268493175506592,-0.12416201882413702,-0.4813268780708313,0.005001664161682129,-0.134745888937033,-0.1929592490196228,0.05618470907211304,-0.09621878765872793,-0.3024965524673462,0.05342024564743042,-0.11356844060472326,-0.364875853061676,0.05807387828826904,-0.11858563922694998,-0.4191220998764038,0.06060385704040527,-0.12251941167167502
0.0,0.0,0.0,-0.054265379905700684,-0.12241816520690918,0.008924623788516328,-0.13956791162490845,-0.21776604652404785,0.0008885128891051863,-0.20513665676116943,-0.2847713232040405,-0.00811619048454304,-0.21830254793167114,-0.35228246450424194,-0.023663497692723467,-0.18202662467956543,-0.174329936504364,-0.057086185714979365,-0.3086240887641907,-0.16492623090744019,-0.08480336626507778,-0.38025420904159546,-0.15360593795776367,-0.10094448288418789,-0.4414803385734558,-0.1400521993637085,-0.1122289534423544,-0.18837177753448486,-0.09445309638977051,-0.07647109886147518,-0.33717137575149536,-0.08379703760147095,-0.10341384371258755,-0.425410658121109,-0.07057452201843262,-0.11821299900748272,-0.4941292405128479,-0.05872046947479248,-0.13204173853137036,-0.19141948223114014,-0.016668319702148438,-0.09098837634064694,-0.32980793714523315,-0.008989870548248291,-0.11198386659361859,-0.4110714793205261,-0.000611424446105957,-0.12204025795199414,-0.47576284408569336,0.005636394023895264,-0.13187947978713055,-0.1906198263168335,0.05728036165237427,-0.10278460492827435,-0.3004470467567444,0.05370378494262695,-0.12017865588404675,-0.36252135038375854,0.05602449178695679,-0.1255108427021696,-0.41628172993659973,0.056709349155426025,-0.13015550484396954
0.0,0.0,0.0,-0.0537225604057312,-0.1268109679222107,0.010741420492138332,-0.13860094547271729,-0.225067138671875,0.005983698118086522,-0.2056056261062622,-0.2914274036884308,-0.0002557637981794869,-0.21992135047912598,-0.3586390018463135,-0.012285187438521916,-0.1856570839881897,-0.17876505851745605,-0.043811122484896714,-0.31161123514175415,-0.1718761920928955,-0.0663282857913714,-0.380865216255188,-0.1650034785270691,-0.0807468654293757,-0.44083476066589355,-0.15668654441833496,-0.09161070600936227,-0.19293010234832764,-0.1004217267036438,-0.062466441251729066,-0.3394608497619629,-0.0931633710861206,-0.08402426407525354,-0.4248697757720947,-0.08438646793365479,-0.09770201758334451,-0.49335142970085144,-0.07598978281021118,-0.11148780451009088,-0.19648098945617676,-0.023702621459960938,-0.07684003428408914,-0.33245033025741577,-0.018536627292633057,-0.09347630903909021,-0.41154706478118896,-0.01419985294342041,-0.10287528351733499,-0.4761740267276764,-0.01136171817779541,-0.1129724593538981,-0.19667929410934448,0.04985916614532471,-0.0887015299577456,-0.30445510149002075,0.043976783752441406,-0.10305318848082834,-0.3659248352050781,0.041902244091033936,-0.10788244620749765,-0.4198545813560486,0.038912415504455566,-0.1126922504682284
0.0,0.0,0.0,-0.05324429273605347,-0.1267404556274414,0.008987763583292008,-0.1382196545600891,-0.22497844696044922,0.0037897479847117665,-0.20249807834625244,-0.2933434844017029,-0.0024598085660443303,-0.21316039562225342,-0.363582581281662,-0.014225319341193199,-0.18133968114852905,-0.17724722623825073,-0.046406647503744125,-0.303946852684021,-0.16915369033813477,-0.07039277100599861,-0.37370967864990234,-0.16413527727127075,-0.08525663459337807,-0.43329405784606934,-0.15825706720352173,-0.09634803825653648,-0.18850237131118774,-0.09972202777862549,-0.06438314014710045,-0.3324589133262634,-0.09052205085754395,-0.08815853887833214,-0.41736534237861633,-0.08314263820648193,-0.1025210305456028,-0.4853942394256592,-0.07682514190673828,-0.11631462568081474,-0.1921434998512268,-0.024206221103668213,-0.07814057016409492,-0.32585471868515015,-0.017161905765533447,-0.0970162510279522,-0.4055112600326538,-0.011713206768035889,-0.10685629242695427,-0.4713808000087738,-0.009306907653808594,-0.11668640965260124,-0.19259071350097656,0.048050761222839355,-0.0894992187026844,-0.29803115129470825,0.044155895709991455,-0.10555045896805382,-0.35845768451690674,0.043473780155181885,-0.11096004241741753,-0.412322461605072,0.04133635759353638,-0.1157440825704441
0.0,0.0,0.0,-0.054237306118011475,-0.12291419506072998,0.007902191649677093,-0.13784056901931763,-0.21891364455223083,0.0020664515211450407,-0.20216894149780273,-0.2855890095233917,-0.0044144492824358395,-0.214275062084198,-0.35461437702178955,-0.016140210744438832,-0.17959988117218018,-0.17375051975250244,-0.046264731627402966,-0.3032681941986084,-0.16383212804794312,-0.06951176125973291,-0.3724224269390106,-0.15725862979888916,-0.08388231445520944,-0.4314360022544861,-0.15055012702941895,-0.09462382395237512,-0.18625932931900024,-0.09625238180160522,-0.06314858545034951,-0.33133870363235474,-0.08537644147872925,-0.08594295133322305,-0.415543794631958,-0.07691550254821777,-0.09996942181557245,-0.4824674427509308,-0.0695505142211914,-0.11379474152296609,-0.19059360027313232,-0.02178853750228882,-0.07596538711756295,-0.32478052377700806,-0.012972474098205566,-0.09409302223890847,-0.4034615159034729,-0.007377684116363525,-0.10400304694145746,-0.4678848683834076,-0.00446927547454834,-0.11405552674501962,-0.19250690937042236,0.0482335090637207,-0.08645805467337198,-0.2981051802635193,0.04501122236251831,-0.10161065806120462,-0.35793519020080566,0.045491933822631836,-0.10698231805532998,-0.41121262311935425,0.04448419809341431,-0.11202151079147882
0.0,0.0,0.0,-0.05658257007598877,-0.12200760841369629,0.007502018966206947,-0.14122998714447021,-0.21586105227470398,0.0014852339201212317,-0.20517736673355103,-0.28211045265197754,-0.0052883922788709015,-0.21760499477386475,-0.35254454612731934,-0.016961021322330794,-0.18194830417633057,-0.17375510931015015,-0.04374510605963167,-0.3037971258163452,-0.16150224208831787,-0.06710861434372362,-0.37267613410949707,-0.15626412630081177,-0.08155929853352006,-0.4313325881958008,-0.15059876441955566,-0.09210759957464631,-0.18873381614685059,-0.0968778133392334,-0.060389714289030394,-0.3326910138130188,-0.08367258310317993,-0.08306804110439714,-0.4158438444137573,-0.07539135217666626,-0.09614618678720888,-0.48196572065353394,-0.06883913278579712,-0.10881957222851213,-0.19261646270751953,-0.022511541843414307,-0.0732969399276584,-0.32579880952835083,-0.012064814567565918,-0.09124275108011659,-0.4031570553779602,-0.006156206130981445,-0.0996139999214023,-0.46623530983924866,-0.00417935848236084,-0.10817567070158418,-0.1935216188430786,0.04750746488571167,-0.08412405659588273,-0.29877233505249023,0.04586082696914673,-0.09923366268309053,-0.357602596282959,0.04627746343612671,-0.1036088820281833,-0.40959230065345764,0.04496145248413086,-0.10748795976074632
0.0,0.0,0.0,-0.05429023504257202,-0.12224632501602173,0.010786880193094817,-0.13811832666397095,-0.21414101123809814,0.006676043303500023,-0.20205694437026978,-0.2789362072944641,0.0010315644683345226,-0.21394586563110352,-0.346932053565979,-0.009724760042686853,-0.18216991424560547,-0.1721336841583252,-0.03893659132178584,-0.30056649446487427,-0.16109377145767212,-0.06086579951103488,-0.36687034368515015,-0.1534339189529419,-0.07505674156006137,-0.42338240146636963,-0.1443718671798706,-0.08541673662718097,-0.18861430883407593,-0.09592115879058838,-0.056403434449990186,-0.32674258947372437,-0.08352494239807129,-0.07773068788107196,-0.40728724002838135,-0.0743567943572998,-0.0904116058593587,-0.4712147116661072,-0.06560945510864258,-0.10261180492695132,-0.19097381830215454,-0.023016393184661865,-0.07002000751550952,-0.31937944889068604,-0.013367056846618652,-0.08612996580656329,-0.39432376623153687,-0.0072234272956848145,-0.09433318915422717,-0.45532283186912537,-0.003682851791381836,-0.10287282856758395,-0.18942320346832275,0.044828176498413086,-0.08135675134714404,-0.29230982065200806,0.04453402757644653,-0.09530640634353915,-0.35059088468551636,0.047099173069000244,-0.09959607067163745,-0.4017621874809265,0.047836124897003174,-0.10328401866014758
0.0,0.0,0.0,-0.05013692378997803,-0.11589580774307251,0.007896827355637015,-0.12831711769104004,-0.20890796184539795,0.0021165328180927645,-0.18865370750427246,-0.2740969955921173,-0.004812513656304418,-0.19933444261550903,-0.3368045687675476,-0.01695709134577328,-0.16726887226104736,-0.16054034233093262,-0.046779457657919465,-0.27858901023864746,-0.15273797512054443,-0.0692919121974569,-0.3442295789718628,-0.14346617460250854,-0.08271221089302117,-0.399893581867218,-0.13370656967163086,-0.09284552949605995,-0.17542076110839844,-0.0857701301574707,-0.06392326968847328,-0.30919748544692993,-0.0715605616569519,-0.08682362008033806,-0.39023029804229736,-0.05965346097946167,-0.10101586598096901,-0.4556397795677185,-0.050288617610931396,-0.11449330317913109,-0.1803954839706421,-0.013986527919769287,-0.07675243931947762,-0.30503636598587036,-0.000545799732208252,-0.09501492994962746,-0.37903353571891785,0.009521543979644775,-0.10516963171897942,-0.44010603427886963,0.017219603061676025,-0.11524710076986366,-0.1823074221611023,0.053369879722595215,-0.08730698394714409,-0.27986782789230347,0.05508124828338623,-0.10371375101743752,-0.3356456458568573,0.05917876958847046,-0.10992220061956459,-0.38545680046081543,0.06261575222015381,-0.11515112239061409
0.0,0.0,0.0,-0.04500764608383179,-0.11898648738861084,0.009207627292042275,-0.12045389413833618,-0.20866507291793823,0.004641649334942599,-0.18249475955963135,-0.2691683769226074,-0.001817666903818349,-0.19279247522354126,-0.33373114466667175,-0.013030257520014743,-0.16366010904312134,-0.165574312210083,-0.035662171874875526,-0.2735690474510193,-0.16152411699295044,-0.05493517357551525,-0.33660200238227844,-0.156313955783844,-0.06716354328834484,-0.3895273804664612,-0.15158528089523315,-0.07677315313064526,-0.17145013809204102,-0.09722739458084106,-0.05274030703746746,-0.3009646534919739,-0.08958101272583008,-0.07314503330432842,-0.3781304359436035,-0.08160483837127686,-0.08616934109174679,-0.44012451171875,-0.07595831155776978,-0.09843757141076992,-0.17625391483306885,-0.0303230881690979,-0.06619200993024776,-0.29826819896698,-0.024760782718658447,-0.08250856537067364,-0.370239794254303,-0.01795637607574463,-0.09118505704843471,-0.4290216267108917,-0.013618230819702148,-0.0995316519185252,-0.17826443910598755,0.033200740814208984,-0.0776023505970187,-0.2760235071182251,0.028606116771697998,-0.09190325576507519,-0.3306644558906555,0.029740750789642334,-0.09661007810079525,-0.3783266246318817,0.030513763427734375,-0.10034325111352871
0.0,0.0,0.0,-0.0348396897315979,-0.09826546907424927,0.0020686657151607335,-0.10001850128173828,-0.17884153127670288,-0.005879715645459527,-0.15219175815582275,-0.23666316270828247,-0.01391882086336338,-0.161574125289917,-0.29319918155670166,-0.026344809775945777,-0.12666410207748413,-0.14073073863983154,-0.04659638563334667,-0.2234765887260437,-0.1458771824836731,-0.06798435757100307,-0.2817014455795288,-0.14644169807434082,-0.07968340078532421,-0.330146849155426,-0.14461749792099,-0.0883714930170747,-0.13186848163604736,-0.07903718948364258,-0.06042215237557613,-0.2467164397239685,-0.08308017253875732,-0.08253134796559536,-0.3175240159034729,-0.08159828186035156,-0.09477997580706798,-0.3725498914718628,-0.08034014701843262,-0.10581430057227337,-0.13616710901260376,-0.016237318515777588,-0.07087758938014233,-0.2436610460281372,-0.022439181804656982,-0.08961649993598186,-0.3085116446018219,-0.021764934062957764,-0.0984643177145692,-0.36048221588134766,-0.023497462272644043,-0.10625448832452022,-0.13929367065429688,0.044008076190948486,-0.07952290037810528,-0.22009962797164917,0.036353111267089844,-0.09546485552727901,-0.2661638855934143,0.03369903564453125,-0.10081194350659572,-0.30731528997421265,0.028514564037322998,-0.10495403418481075
0.0,0.0,0.0,0.029086828231811523,-0.07453638315200806,-0.010862204861425084,0.07289963960647583,-0.1375378668308258,-0.026038674321554822,0.10940706729888916,-0.1860882043838501,-0.03861049531080596,0.12516450881958008,-0.23389014601707458,-0.052015691679500264,0.08022814989089966,-0.1156584620475769,-0.059393457752250356,0.1631116271018982,-0.12932732701301575,-0.08281641049363486,0.2121158242225647,-0.13465407490730286,-0.08878749949910514,0.24844539165496826,-0.13813388347625732,-0.09022672815301291,0.08759492635726929,-0.060051679611206055,-0.06446124209143989,0.1825891137123108,-0.08013761043548584,-0.08786703987099997,0.23847073316574097,-0.09034401178359985,-0.09299576623418204,0.2792901396751404,-0.09769636392593384,-0.09537462486007087,0.09427165985107422,-0.009063184261322021,-0.06781076980807654,0.18359887599945068,-0.030431270599365234,-0.08671838386037223,0.23575878143310547,-0.04076045751571655,-0.09258007599093787,0.2741128206253052,-0.05078023672103882,-0.09517823500611655,0.10013216733932495,0.03398430347442627,-0.07064030660369269,0.1656956672668457,0.018701016902923584,-0.08482047511317603,0.20478159189224243,0.009289979934692383,-0.08926639301755301,0.23649662733078003,-0.0004674196243286133,-0.09146533502318732
0.0,0.0,0.0,0.03868836164474487,-0.0697069764137268,-0.0034935081176428184,0.09226387739181519,-0.12499344348907471,-0.011822295401614724,0.1325245499610901,-0.16750884056091309,-0.01913666634671074,0.14520657062530518,-0.21451807022094727,-0.026999070335548936,0.10175895690917969,-0.10279428958892822,-0.039972529773038445,0.18272775411605835,-0.10686701536178589,-0.05680689311436993,0.2276362180709839,-0.10612243413925171,-0.059965808902305184,0.26041871309280396,-0.10542702674865723,-0.06027825645021778,0.10487061738967896,-0.050947368144989014,-0.046050325993817864,0.19918692111968994,-0.05944836139678955,-0.06429464465789181,0.25332462787628174,-0.06372272968292236,-0.06581629163436276,0.2934902310371399,-0.06743437051773071,-0.06596374607495648,0.10603034496307373,-0.002778351306915283,-0.050785147611421166,0.19404488801956177,-0.011555135250091553,-0.06596158540658337,0.24496054649353027,-0.015701889991760254,-0.06902152395657879,0.2832534909248352,-0.02414041757583618,-0.06960268414430004,0.10432392358779907,0.039299070835113525,-0.05494960865787846,0.16852295398712158,0.037351787090301514,-0.0648861089985786,0.20572292804718018,0.032817959785461426,-0.06687294787577969,0.23572444915771484,0.022716999053955078,-0.06783848351649624
0.0,0.0,0.0,0.04194241762161255,-0.06699055433273315,-0.004449149331421154,0.09734660387039185,-0.12195092439651489,-0.013636083545506494,0.13874953985214233,-0.163141131401062,-0.021911678107798593,0.15490156412124634,-0.20866137742996216,-0.031054650636733072,0.10364586114883423,-0.10741335153579712,-0.04099236728471567,0.18619173765182495,-0.10844409465789795,-0.05980698319000055,0.23469918966293335,-0.10408216714859009,-0.06577706636709024,0.2716778516769409,-0.09935718774795532,-0.0683961168102627,0.10629647970199585,-0.055551350116729736,-0.047757278399885195,0.1983029842376709,-0.06199193000793457,-0.06560579242032816,0.2543322443962097,-0.0618550181388855,-0.07153376491588403,0.29746830463409424,-0.06093776226043701,-0.07557177098316004,0.10675680637359619,-0.0057294368743896484,-0.05301164390367319,0.1937006115913391,-0.014033138751983643,-0.06773328335803797,0.24497860670089722,-0.01535862684249878,-0.07509002389234354,0.28434741497039795,-0.018926680088043213,-0.0798305005006199,0.10508471727371216,0.03946244716644287,-0.05761558862251093,0.16710656881332397,0.033812105655670166,-0.07003619821590235,0.20561671257019043,0.030169129371643066,-0.07596444638294031,0.23825603723526,0.02532118558883667,-0.07987468989414026
0.0,0.0,0.0,0.0368533730506897,-0.06869417428970337,-0.0054471968574603125,0.08949428796768188,-0.12613272666931152,-0.01403332230580645,0.1289132833480835,-0.1666851043701172,-0.021220468999274544,0.140877366065979,-0.20817631483078003,-0.029439647765286736,0.09542244672775269,-0.10827779769897461,-0.04363977638018923,0.1742958426475525,-0.11563658714294434,-0.06471966681016283,0.22163742780685425,-0.11379146575927734,-0.07187354293597537,0.2572339177131653,-0.10977637767791748,-0.07486811754239397,0.09913980960845947,-0.05849248170852661,-0.050511119039185814,0.1869523525238037,-0.06769716739654541,-0.07122686234248476,0.24260634183883667,-0.06910079717636108,-0.07793353226912814,0.2856566309928894,-0.06952762603759766,-0.08187368986142474,0.09986108541488647,-0.010066390037536621,-0.056114704431422524,0.1810045838356018,-0.01964867115020752,-0.07407322999966937,0.23375892639160156,-0.022720158100128174,-0.08340406146777468,0.27439916133880615,-0.027552545070648193,-0.08877527442706423,0.09864091873168945,0.033905208110809326,-0.06100229647887545,0.15797966718673706,0.0287400484085083,-0.07754825529588061,0.19640958309173584,0.02310192584991455,-0.08622369644177752,0.22837859392166138,0.01647084951400757,-0.09160264310372668
0.0,0.0,0.0,0.03682833909988403,-0.06961923837661743,-0.007048962107646162,0.0919676423072815,-0.12415671348571777,-0.015990381530272657,0.13237065076828003,-0.1608169674873352,-0.022772160759913618,0.1441706418991089,-0.20372533798217773,-0.030520576453554327,0.09612631797790527,-0.1091001033782959,-0.047787257871377165,0.17497432231903076,-0.11509239673614502,-0.06794901325439184,0.22369080781936646,-0.11523354053497314,-0.07424554362033575,0.26118624210357666,-0.11408525705337524,-0.07709669455026358,0.1002349853515625,-0.057854294776916504,-0.05308836086724966,0.18888121843338013,-0.06791245937347412,-0.07366152240966528,0.2450588345527649,-0.07185733318328857,-0.08001510187123984,0.2887476682662964,-0.0744544267654419,-0.08381319924329489,0.10221660137176514,-0.009187579154968262,-0.05671165271733969,0.18529438972473145,-0.0202789306640625,-0.0738080082747814,0.23763227462768555,-0.02404707670211792,-0.08225260063146322,0.27796459197998047,-0.029459238052368164,-0.08710840477679938,0.10228753089904785,0.033627867698669434,-0.059719239762770826,0.16429096460342407,0.02553004026412964,-0.07444799824689596,0.20290851593017578,0.020141422748565674,-0.08200992032026022,0.23489999771118164,0.01426607370376587,-0.08676849438880652
0.0,0.0,0.0,0.036209940910339355,-0.0706409215927124,-0.006535323445874042,0.09027957916259766,-0.12464666366577148,-0.014405290239679402,0.1301330327987671,-0.16009223461151123,-0.019846805014836377,0.14254212379455566,-0.20112141966819763,-0.026179595493900365,0.09540688991546631,-0.10802620649337769,-0.047599860110508985,0.1737845540046692,-0.11511725187301636,-0.0671099988903876,0.22165632247924805,-0.11546087265014648,-0.07287077290676791,0.25860118865966797,-0.11509370803833008,-0.0753415269937392,0.09999829530715942,-0.05810660123825073,-0.05241712612770755,0.18788599967956543,-0.0684511661529541,-0.07226562930010516,0.2431710958480835,-0.07286149263381958,-0.07824741733931262,0.28608089685440063,-0.07663595676422119,-0.081979316302764,0.10245370864868164,-0.010736703872680664,-0.0554411454286452,0.18447405099868774,-0.022606730461120605,-0.07207987142466266,0.23603743314743042,-0.02703714370727539,-0.08088345510624606,0.27547508478164673,-0.033396780490875244,-0.0862110896196242,0.10299134254455566,0.030568182468414307,-0.05775476304553706,0.16313475370407104,0.02399742603302002,-0.07257766706608493,0.20128262042999268,0.019478321075439453,-0.08086546940468509,0.23284220695495605,0.014283478260040283,-0.08631676865481097
0.0,0.0,0.0,0.03531366586685181,-0.06798571348190308,-0.0073620700149348295,0.08776193857192993,-0.12393951416015625,-0.01692621362046509,0.12714916467666626,-0.16129612922668457,-0.02452477578655987,0.1382809281349182,-0.2034628987312317,-0.03308007073239594,0.08843094110488892,-0.10913830995559692,-0.04786564734415322,0.16707533597946167,-0.1179923415184021,-0.06884843063191681,0.2150534987449646,-0.11884301900863647,-0.07539524835185318,0.2521059513092041,-0.11824387311935425,-0.07816132110194474,0.09282481670379639,-0.057617366313934326,-0.0535887102468422,0.1814427375793457,-0.07043451070785522,-0.07506602209643631,0.23748749494552612,-0.07580578327178955,-0.08181692612008362,0.28080296516418457,-0.07982486486434937,-0.08571349781588822,0.09600436687469482,-0.008824467658996582,-0.05778448235825806,0.17819136381149292,-0.023894786834716797,-0.07585310888127594,0.23072880506515503,-0.02967137098312378,-0.08451452058390885,0.27110588550567627,-0.036840975284576416,-0.08928113382891922,0.09823089838027954,0.034081101417541504,-0.06141706508235245,0.16018247604370117,0.023317933082580566,-0.07669046473340302,0.19845443964004517,0.016418635845184326,-0.08413020473555832,0.2299402356147766,0.00877457857131958,-0.08874319445924073
0.0,0.0,0.0,0.03488045930862427,-0.06929165124893188,-0.009052143907595678,0.08729755878448486,-0.12230855226516724,-0.018544785222459836,0.12644320726394653,-0.15708106756210327,-0.025075120395470663,0.1378875970840454,-0.1978161334991455,-0.03234174243216614,0.08745133876800537,-0.10604578256607056,-0.05308902031784157,0.16730725765228271,-0.11655348539352417,-0.0745055279791842,0.21527284383773804,-0.11934417486190796,-0.08074468142395119,0.2520725131034851,-0.12112784385681152,-0.08313003695612053,0.0922245979309082,-0.05418848991394043,-0.056926289117384954,0.18204474449157715,-0.06960749626159668,-0.07928545541172127,0.23769432306289673,-0.07824259996414185,-0.08526495612268548,0.2799909710884094,-0.08575284481048584,-0.08850753820543389,0.096535325050354,-0.006896495819091797,-0.05903962022667031,0.18034696578979492,-0.024130702018737793,-0.07769573993091683,0.23178482055664062,-0.03227907419204712,-0.08564340836410622,0.27080023288726807,-0.04163038730621338,-0.08973175800447564,0.09992730617523193,0.032311201095581055,-0.06062749913935761,0.16273820400238037,0.02139151096343994,-0.07639481640462975,0.20141029357910156,0.01415473222732544,-0.08392603463535409,0.23286134004592896,0.005787312984466553,-0.08847837663297753
0.0,0.0,0.0,0.03199923038482666,-0.07005530595779419,-0.006343699298600569,0.08053028583526611,-0.12357288599014282,-0.014987483393202439,0.1201789379119873,-0.15921923518180847,-0.02146145399267496,0.1345497965812683,-0.2015506625175476,-0.028449385199497357,0.08597433567047119,-0.1041264533996582,-0.04763105209524454,0.16354835033416748,-0.11405456066131592,-0.06702388893420519,0.2104874849319458,-0.11768025159835815,-0.07177002798373522,0.24563872814178467,-0.1203356385231018,-0.07314583729560198,0.0910075306892395,-0.054195940494537354,-0.0523315898662311,0.17968475818634033,-0.06982475519180298,-0.0743001184945804,0.23417747020721436,-0.07851898670196533,-0.07912179153020205,0.2755768299102783,-0.08551347255706787,-0.08140719752366365,0.09598839282989502,-0.007748663425445557,-0.0553528301006061,0.17817479372024536,-0.02322918176651001,-0.07397083263451876,0.22774124145507812,-0.03273040056228638,-0.08082038979584993,0.26568710803985596,-0.04414087533950806,-0.08372396301085772,0.09963202476501465,0.03179281949996948,-0.05767949368412317,0.16195350885391235,0.022790193557739258,-0.07236368279511751,0.19897806644439697,0.014495134353637695,-0.07880807738358797,0.2285459041595459,0.004174351692199707,-0.08252251218612017
0.0,0.0,0.0,0.034554243087768555,-0.06816411018371582,-0.005816097108713336,0.08676916360855103,-0.1217188835144043,-0.014022172631761975,0.12654918432235718,-0.15643107891082764,-0.02015176342620606,0.13960003852844238,-0.19760185480117798,-0.027120120095155187,0.09054291248321533,-0.10740935802459717,-0.04747163431539292,0.1685429811477661,-0.11501443386077881,-0.06701549069776291,0.215850830078125,-0.11679458618164062,-0.07246246861114258,0.2521688938140869,-0.11868691444396973,-0.0746785916556334,0.09493875503540039,-0.056956350803375244,-0.05280796738161797,0.18401777744293213,-0.06948035955429077,-0.07354019509448761,0.23949337005615234,-0.07625013589859009,-0.07950838582410569,0.28214186429977417,-0.08296191692352295,-0.08314461188211197,0.0985369086265564,-0.009312808513641357,-0.05632340462698693,0.18241095542907715,-0.023549199104309082,-0.0737664319743132,0.23386627435684204,-0.03120267391204834,-0.08207046167745347,0.27311182022094727,-0.04053163528442383,-0.08678805010213608,0.10079121589660645,0.03206038475036621,-0.059070843475005574,0.1634206771850586,0.022258639335632324,-0.07385862545861954,0.20236587524414062,0.015391528606414795,-0.08149947153224701,0.23449015617370605,0.007557332515716553,-0.08644086049690003
0.0,0.0,0.0,0.03427481651306152,-0.06909680366516113,-0.007198639513148919,0.08463549613952637,-0.12136125564575195,-0.01591081621234025,0.12313497066497803,-0.15418827533721924,-0.022081757729097262,0.13537639379501343,-0.1932317614555359,-0.028844690715118304,0.08487474918365479,-0.1049882173538208,-0.05025627354268636,0.16401034593582153,-0.11194342374801636,-0.07021143922690953,0.21115970611572266,-0.11399376392364502,-0.07548496017341222,0.24743813276290894,-0.11550700664520264,-0.07740910241489019,0.08902394771575928,-0.052075088024139404,-0.054733428006215945,0.17936891317367554,-0.0664588212966919,-0.07544071862582769,0.23414671421051025,-0.07402390241622925,-0.08055778483037557,0.27641427516937256,-0.08083367347717285,-0.08351728955392446,0.0930178165435791,-0.003644287586212158,-0.057362395172162906,0.17750287055969238,-0.01977783441543579,-0.07469968387965764,0.22772252559661865,-0.027189254760742188,-0.08135533223037328,0.2664582133293152,-0.035933077335357666,-0.08485319355611409,0.09659230709075928,0.036593735218048096,-0.05936078244928922,0.15910941362380981,0.02611297369003296,-0.07424893120412435,0.19674372673034668,0.01922374963760376,-0.08090262005214299,0.22790426015853882,0.011156320571899414,-0.0849292341816863
0.0,0.0,0.0,0.033467113971710205,-0.07003867626190186,-0.005456018873566393,0.0829210877418518,-0.12427294254302979,-0.013056548458600048,0.12256014347076416,-0.15785640478134155,-0.018576017727220062,0.13718950748443604,-0.19732049107551575,-0.02433384317632914,0.08778798580169678,-0.10965114831924438,-0.04432254392381907,0.16565215587615967,-0.1198652982711792,-0.0633460554825902,0.21235167980194092,-0.12298142910003662,-0.0688331696736455,0.2481815218925476,-0.1249726414680481,-0.07094076756116152,0.09268307685852051,-0.0587807297706604,-0.04917795318838358,0.1819133162498474,-0.0755874514579773,-0.06895830217477084,0.2363591194152832,-0.0831097960472107,-0.07450831416722536,0.27835482358932495,-0.08911734819412231,-0.0777830455052495,0.09737282991409302,-0.010981202125549316,-0.05233344915982485,0.18043416738510132,-0.03009212017059326,-0.06889871988173724,0.2302490472793579,-0.03887444734573364,-0.0760176304328084,0.2684953212738037,-0.04812002182006836,-0.07979392740603686,0.10109663009643555,0.030546844005584717,-0.05477711666103602,0.1625136137008667,0.016485750675201416,-0.06857555839892626,0.199782133102417,0.00783538818359375,-0.07506378475304842,0.230798602104187,-0.0008611083030700684,-0.07898277524586916
0.0,0.0,0.0,0.034779131412506104,-0.06988096237182617,-0.006764749046823226,0.08486020565032959,-0.12378066778182983,-0.015041824412008964,0.12488549947738647,-0.15818902850151062,-0.021146841328999244,0.13880378007888794,-0.19773828983306885,-0.027529474329611503,0.08805352449417114,-0.10792136192321777,-0.04528367145027801,0.16507774591445923,-0.11843448877334595,-0.06426445765461608,0.21124398708343506,-0.12215274572372437,-0.06936923785175964,0.2468673586845398,-0.12437325716018677,-0.07132182640995666,0.09337598085403442,-0.05701649188995361,-0.04989460853900596,0.18076539039611816,-0.07420122623443604,-0.07017265630926772,0.23475241661071777,-0.08230811357498169,-0.0752110071298091,0.276486873626709,-0.08838623762130737,-0.07795826716389342,0.09778773784637451,-0.01018291711807251,-0.053017046284338676,0.17785286903381348,-0.02870357036590576,-0.06978562099899932,0.2274969220161438,-0.03674662113189697,-0.07620298488106414,0.2660406231880188,-0.04545992612838745,-0.07934600485529586,0.10083609819412231,0.029722630977630615,-0.055650088917872154,0.1610977053642273,0.01695948839187622,-0.06901022417511626,0.19788038730621338,0.00862354040145874,-0.07485707474913283,0.22799038887023926,-0.00014698505401611328,-0.0783463455554454
0.0,0.0,0.0,0.03537184000015259,-0.06854122877120972,-0.006148097623892568,0.08487862348556519,-0.1196402907371521,-0.014377381239839337,0.12340325117111206,-0.15167951583862305,-0.02045710529834821,0.13594728708267212,-0.19035041332244873,-0.027115912695236943,0.08807116746902466,-0.10430020093917847,-0.0470651942834337,0.16487741470336914,-0.11310511827468872,-0.06661600578279092,0.21148943901062012,-0.11511319875717163,-0.0720644291088064,0.24709105491638184,-0.11579340696334839,-0.07418498355598047,0.09259331226348877,-0.05195128917694092,-0.052002749924369596,0.18034511804580688,-0.06741857528686523,-0.07260457385034158,0.23473387956619263,-0.07429015636444092,-0.0780446599766691,0.2763329744338989,-0.07934343814849854,-0.08125196356029107,0.09619671106338501,-0.004545032978057861,-0.055216811184592984,0.17782551050186157,-0.02181309461593628,-0.07272269535512521,0.22750860452651978,-0.030231833457946777,-0.08026471692771509,0.26562321186065674,-0.03935593366622925,-0.08430125523061349,0.09836763143539429,0.03492516279220581,-0.057738627825685285,0.15867823362350464,0.023948967456817627,-0.07242304790467813,0.19598782062530518,0.0163307785987854,-0.07952459860295846,0.22669267654418945,0.007926881313323975,-0.08392954576463296
0.0,0.0,0.0,0.031971752643585205,-0.06758522987365723,-0.008873553088577069,0.08200836181640625,-0.1206168532371521,-0.01868577401963023,0.12168246507644653,-0.15444129705429077,-0.025851382947237767,0.13427329063415527,-0.19432824850082397,-0.033825754261286534,0.08262366056442261,-0.10468882322311401,-0.051341290658982075,0.15866732597351074,-0.11475026607513428,-0.07200319234159736,0.20649129152297974,-0.11828792095184326,-0.07796867851045874,0.2432122826576233,-0.11946731805801392,-0.08054247412708548,0.08848541975021362,-0.05382353067398071,-0.05577465806034354,0.1750693917274475,-0.06935614347457886,-0.07760265383747367,0.23072558641433716,-0.07715058326721191,-0.08413250658539084,0.27349960803985596,-0.08250248432159424,-0.08795580927160529,0.09343874454498291,-0.007070779800415039,-0.05856503087905196,0.17453259229660034,-0.024417757987976074,-0.07756156388548163,0.22697532176971436,-0.03235304355621338,-0.08685816738632468,0.26724159717559814,-0.040540337562561035,-0.09209397349384574,0.09740662574768066,0.032342374324798584,-0.060756667590410984,0.1565198302268982,0.021243631839752197,-0.0775509691598728,0.19433021545410156,0.013169646263122559,-0.08649162862327842,0.2256799340248108,0.004212796688079834,-0.0921301535132244
0.0,0.0,0.0,0.031554460525512695,-0.06878846883773804,-0.004879524377905398,0.07885754108428955,-0.12061917781829834,-0.011985520278834372,0.11715543270111084,-0.15269094705581665,-0.01703074705394414,0.13133323192596436,-0.19042626023292542,-0.02257845681699422,0.0853886604309082,-0.10391342639923096,-0.044737398071013956,0.16039860248565674,-0.11526405811309814,-0.06373683680387643,0.20688438415527344,-0.11966490745544434,-0.06901149768921044,0.24241256713867188,-0.12250292301177979,-0.07101843078228143,0.0902675986289978,-0.05437016487121582,-0.0497678512761226,0.17664271593093872,-0.07108497619628906,-0.06962775011154321,0.23040127754211426,-0.0792728066444397,-0.07490519751402047,0.27185261249542236,-0.08568757772445679,-0.0778684871325126,0.09430116415023804,-0.008122742176055908,-0.0530140953192344,0.174360454082489,-0.025890469551086426,-0.06972553153129724,0.22405654191970825,-0.033877789974212646,-0.07700942773910668,0.2624797821044922,-0.042267680168151855,-0.08084677476974633,0.0968809723854065,0.031809449195861816,-0.05547204185815957,0.1559479832649231,0.02007955312728882,-0.07008038778396752,0.19301146268844604,0.012089133262634277,-0.0772356199154487,0.22394537925720215,0.0037810802459716797,-0.08147209454866555
0.0,0.0,0.0,0.03394407033920288,-0.06863999366760254,-0.00667508585354426,0.08461785316467285,-0.12114787101745605,-0.014787818640229489,0.12304502725601196,-0.15609684586524963,-0.02082294817989805,0.13339829444885254,-0.19593167304992676,-0.027418172321972634,0.08736264705657959,-0.10785675048828125,-0.0444185997915838,0.16395831108093262,-0.11533951759338379,-0.06270004842406252,0.21067553758621216,-0.11763375997543335,-0.06750582192069032,0.24567610025405884,-0.11862218379974365,-0.06932195309525468,0.0934675931930542,-0.05627399682998657,-0.049019936807212616,0.17952030897140503,-0.07227951288223267,-0.06876766715174654,0.23381257057189941,-0.07991880178451538,-0.07416372779732683,0.27558934688568115,-0.08563780784606934,-0.07702621851092317,0.09838998317718506,-0.009136319160461426,-0.05209517884975412,0.17858964204788208,-0.02693343162536621,-0.06905401531582811,0.22894102334976196,-0.03464478254318237,-0.07690937105542162,0.26775670051574707,-0.043259501457214355,-0.08099673721915224,0.101468026638031,0.030350446701049805,-0.054519761688766266,0.1608588695526123,0.019253969192504883,-0.06868118826275804,0.19765597581863403,0.011483430862426758,-0.07571507278805711,0.2278815507888794,0.002689838409423828,-0.07995915446406343
