0.0,0.0,0.0,-0.04289144277572632,-0.04615795612335205,-0.007171942490764138,-0.06711512804031372,-0.1055600643157959,-0.014981225236930129,-0.0751761794090271,-0.1613660454750061,-0.02224433805016446,-0.08638668060302734,-0.20069408416748047,-0.029775884106435058,-0.024593234062194824,-0.14378535747528076,-0.02441616739300656,-0.023265600204467773,-0.2302405834197998,-0.036731019720114944,-0.021167755126953125,-0.27710139751434326,-0.04179149503973889,-0.018508434295654297,-0.3126887083053589,-0.04435984055665898,0.007916629314422607,-0.1445707082748413,-0.026521947338856933,0.004841804504394531,-0.2408534288406372,-0.038222789868392226,0.003665924072265625,-0.29237091541290283,-0.041334159776248214,0.0031363368034362793,-0.32872265577316284,-0.04283574978975224,0.03523987531661987,-0.13915610313415527,-0.028611287578620193,0.031404852867126465,-0.22926217317581177,-0.03824917609957623,0.029811501502990723,-0.2805178761482239,-0.041196633234299895,0.027804076671600342,-0.31894218921661377,-0.04221416647700238,0.058335185050964355,-0.12823456525802612,-0.031063540011324164,0.06024348735809326,-0.19642335176467896,-0.03693910698560643,0.05753201246261597,-0.23599094152450562,-0.03767881925372052,0.05342751741409302,-0.26946133375167847,-0.0373237879124062
0.0,0.0,0.0,-0.0417022705078125,-0.04623150825500488,-0.008168381180354345,-0.0659792423248291,-0.10677862167358398,-0.015973490204402196,-0.07360124588012695,-0.16270840167999268,-0.023155052687712896,-0.08395349979400635,-0.20215094089508057,-0.030597562443205106,-0.022444844245910645,-0.14418399333953857,-0.022615796427913892,-0.021170496940612793,-0.23058784008026123,-0.03454109514851211,-0.018496572971343994,-0.27698296308517456,-0.039924996446558225,-0.01476520299911499,-0.31221020221710205,-0.042906756054350126,0.011021077632904053,-0.14476191997528076,-0.024232177536674726,0.007862567901611328,-0.24048733711242676,-0.03506794432897209,0.0058786869049072266,-0.2917999029159546,-0.038263993810602415,0.004623234272003174,-0.3282322883605957,-0.040113701026626813,0.03844726085662842,-0.1403747797012329,-0.026108747821041334,0.03496617078781128,-0.2297438383102417,-0.035443051259704816,0.03179442882537842,-0.2802388668060303,-0.03834860260386108,0.028478503227233887,-0.31797802448272705,-0.03950333828825592,0.06159162521362305,-0.13062185049057007,-0.028514564510174978,0.06281852722167969,-0.1985298991203308,-0.0347782508542025,0.05946260690689087,-0.23802393674850464,-0.03563174838919281,0.05471336841583252,-0.2726898789405823,-0.03535885224837898
0.0,0.0,0.0,-0.04391759634017944,-0.04683178663253784,-0.00709198144826928,-0.06801861524581909,-0.10714799165725708,-0.01377711593735853,-0.07433229684829712,-0.16434872150421143,-0.019711934585160407,-0.0850834846496582,-0.20374667644500732,-0.025733352262562903,-0.024264991283416748,-0.1498134732246399,-0.022679094780272635,-0.02276700735092163,-0.23731005191802979,-0.03322849478203693,-0.020697951316833496,-0.2832489013671875,-0.036845017779654654,-0.01844930648803711,-0.3186253309249878,-0.03852499331910053,0.009244740009307861,-0.1509838104248047,-0.023516832474655303,0.005016148090362549,-0.24697309732437134,-0.03370178918916622,0.0028735995292663574,-0.2962818741798401,-0.03564937095720211,0.001214742660522461,-0.33108484745025635,-0.03645845558125416,0.0363888144493103,-0.14592528343200684,-0.024268793497270735,0.031222105026245117,-0.2351633906364441,-0.03263641204316059,0.027984261512756348,-0.28337007761001587,-0.03454208429533878,0.024568259716033936,-0.3198716640472412,-0.0348864538558189,0.058776795864105225,-0.13518929481506348,-0.02543043959516922,0.05934596061706543,-0.2039133906364441,-0.030355237979478034,0.055708467960357666,-0.2428939938545227,-0.030789794955438765,0.05106300115585327,-0.2762477993965149,-0.030224007178134116
0.0,0.0,0.0,-0.04219144582748413,-0.04718834161758423,-0.006860561493510886,-0.065654456615448,-0.10644537210464478,-0.013918438285315915,-0.07211101055145264,-0.16143453121185303,-0.02000230300399153,-0.08267128467559814,-0.19942831993103027,-0.02603194053443758,-0.02066713571548462,-0.1467873454093933,-0.02463927614661543,-0.019925951957702637,-0.23447662591934204,-0.0344781142768511,-0.017334818840026855,-0.2803724408149719,-0.03656571853133528,-0.014512240886688232,-0.3157554268836975,-0.03720696765157072,0.01501995325088501,-0.14761137962341309,-0.025483236938441678,0.01022261381149292,-0.24604064226150513,-0.03561335179182379,0.007716953754425049,-0.29572921991348267,-0.03606417897316305,0.006018698215484619,-0.33057790994644165,-0.035720047831262036,0.04312467575073242,-0.14373469352722168,-0.025932672723854466,0.037399470806121826,-0.23467224836349487,-0.034210977434838696,0.03359860181808472,-0.2829267978668213,-0.03423657762976973,0.02998417615890503,-0.3190264105796814,-0.03315804275842993,0.06530106067657471,-0.13508456945419312,-0.026784939050401135,0.06486350297927856,-0.203169047832489,-0.03137017536136,0.05979454517364502,-0.2415953278541565,-0.030331270128215237,0.05376321077346802,-0.27532732486724854,-0.02861508662971346
0.0,0.0,0.0,-0.04174989461898804,-0.04564148187637329,-0.007925803652256036,-0.06547665596008301,-0.10402023792266846,-0.01594848732486298,-0.07167750597000122,-0.15939408540725708,-0.023118749140053296,-0.08356738090515137,-0.19812703132629395,-0.030572522310762906,-0.021510958671569824,-0.14356786012649536,-0.02477196964457562,-0.02009105682373047,-0.22755926847457886,-0.03586908231511643,-0.017212986946105957,-0.2733650207519531,-0.04007151897087624,-0.013762056827545166,-0.3090146780014038,-0.04237441892757943,0.013118326663970947,-0.14399749040603638,-0.025872768713384175,0.009787559509277344,-0.2386031150817871,-0.03618908475175431,0.007748305797576904,-0.28877735137939453,-0.03810393984451821,0.006094515323638916,-0.32481229305267334,-0.039171067876964116,0.04063105583190918,-0.13941550254821777,-0.02679242740407517,0.0359458327293396,-0.2274894118309021,-0.03535303647652199,0.0324406623840332,-0.2760915160179138,-0.03675326506629517,0.028612375259399414,-0.31293749809265137,-0.036994004501252675,0.06287723779678345,-0.12954574823379517,-0.02822939108148148,0.06300973892211914,-0.1967179775238037,-0.033538134647756124,0.05824679136276245,-0.23467415571212769,-0.033257221682220006,0.052471816539764404,-0.26823073625564575,-0.03227035502925446
0.0,0.0,0.0,-0.04295068979263306,-0.049141764640808105,-0.009804372408975581,-0.06998640298843384,-0.10452228784561157,-0.019629080513109187,-0.08386516571044922,-0.15480804443359375,-0.02894473514853857,-0.09771865606307983,-0.1881852149963379,-0.03848775170146368,-0.019395768642425537,-0.158796489238739,-0.02220613575874708,-0.0171242356300354,-0.2416437268257141,-0.0336116782516136,-0.015142560005187988,-0.28678178787231445,-0.03997334531842611,-0.012389302253723145,-0.3225231170654297,-0.04412638462482832,0.014106154441833496,-0.15798234939575195,-0.023345716962207774,0.011092424392700195,-0.25130242109298706,-0.033883341321338634,0.009436249732971191,-0.30183959007263184,-0.03873153097330473,0.009141862392425537,-0.33922111988067627,-0.04209599337874792,0.040833473205566406,-0.1479138731956482,-0.024847502553452472,0.0367545485496521,-0.23601871728897095,-0.0336843325883045,0.03436952829360962,-0.28578823804855347,-0.03827624089418791,0.03176474571228027,-0.3232218027114868,-0.041004978784908275,0.06347990036010742,-0.13134300708770752,-0.02698897264300726,0.06585866212844849,-0.19657659530639648,-0.03291365943251989,0.06453239917755127,-0.23568177223205566,-0.03490414536892317,0.06240415573120117,-0.2695472836494446,-0.03567846930920027
0.0,0.0,0.0,-0.043777406215667725,-0.04896700382232666,-0.009717702596303113,-0.07130259275436401,-0.103279709815979,-0.019637848912593014,-0.08504980802536011,-0.1531202793121338,-0.028853479503508694,-0.0989561676979065,-0.1865413784980774,-0.0382722613502704,-0.021647632122039795,-0.1567060351371765,-0.024218966915126927,-0.019199371337890625,-0.24161303043365479,-0.03546277779233087,-0.017135977745056152,-0.28721797466278076,-0.041053946792002805,-0.014618158340454102,-0.3230859041213989,-0.044503666191216595,0.012344539165496826,-0.15581637620925903,-0.024837409808155186,0.009157061576843262,-0.251814603805542,-0.03525172147047151,0.00793445110321045,-0.3027123808860779,-0.03933738517653573,0.00798797607421875,-0.3393418788909912,-0.04215522456061471,0.03936201333999634,-0.14601051807403564,-0.025591602279659398,0.03430378437042236,-0.23573672771453857,-0.03413387361061204,0.03211730718612671,-0.285642147064209,-0.038312423704978116,0.029743075370788574,-0.3219326138496399,-0.04082674133669961,0.06225866079330444,-0.1301417350769043,-0.026920845462795384,0.06357669830322266,-0.19409537315368652,-0.032533343612071164,0.06260043382644653,-0.23319011926651,-0.03461262556802858,0.06090456247329712,-0.2667804956436157,-0.03551650020372499
0.0,0.0,0.0,-0.04308348894119263,-0.04582548141479492,-0.010469846777770186,-0.06999140977859497,-0.09976416826248169,-0.020770233474824096,-0.08339464664459229,-0.15060502290725708,-0.03023926948771205,-0.098904550075531,-0.1843319535255432,-0.04002245736882415,-0.021261274814605713,-0.15432482957839966,-0.02515705523655143,-0.020810067653656006,-0.23700320720672607,-0.03752299992010322,-0.01919013261795044,-0.2831723690032959,-0.044136429555866385,-0.016774535179138184,-0.31967663764953613,-0.0482228420452806,0.012353122234344482,-0.15429633855819702,-0.02588058298096385,0.008922398090362549,-0.24715834856033325,-0.037388513215038444,0.007499992847442627,-0.29865026473999023,-0.04221715999409881,0.007791996002197266,-0.3372972011566162,-0.04536885244414535,0.039238154888153076,-0.14521735906600952,-0.026748005651089812,0.03464990854263306,-0.231758713722229,-0.03599442762896743,0.03237795829772949,-0.28148573637008667,-0.040013799794170524,0.029975950717926025,-0.31873977184295654,-0.04223681835100379,0.06164395809173584,-0.13009250164031982,-0.028280713014456893,0.06247389316558838,-0.1948871612548828,-0.034247814096662665,0.060806989669799805,-0.23302805423736572,-0.03569849429294791,0.05856740474700928,-0.2655758857727051,-0.035938078887912894
0.0,0.0,0.0,-0.04271888732910156,-0.04808628559112549,-0.009007273933811177,-0.06924670934677124,-0.10349750518798828,-0.01820567878238677,-0.08294486999511719,-0.15495628118515015,-0.026944209582133283,-0.09795230627059937,-0.1887373924255371,-0.03593304636232375,-0.020147979259490967,-0.15798646211624146,-0.020780888146681775,-0.01947861909866333,-0.24048811197280884,-0.03199434535853385,-0.01775181293487549,-0.28630560636520386,-0.03842706861249923,-0.015091776847839355,-0.3228991627693176,-0.042542825213594426,0.012781679630279541,-0.15811693668365479,-0.021972001290841092,0.009388625621795654,-0.2506870627403259,-0.03214309620015143,0.008288025856018066,-0.30229777097702026,-0.037119346431417455,0.008962094783782959,-0.3413448929786682,-0.04058833303205489,0.03936493396759033,-0.14877116680145264,-0.023405785432977666,0.03468978404998779,-0.2351919412612915,-0.03167930873386382,0.03263658285140991,-0.28501230478286743,-0.0361017349576187,0.030240535736083984,-0.32235032320022583,-0.03877481328598975,0.0621684193611145,-0.13325202465057373,-0.025448775610847463,0.06344622373580933,-0.19788646697998047,-0.030859977698845853,0.06202882528305054,-0.23652046918869019,-0.032548128387851705,0.05993539094924927,-0.2697770595550537,-0.03307749213926314
0.0,0.0,0.0,-0.043701350688934326,-0.048850834369659424,-0.010348062512470335,-0.07031899690628052,-0.10675984621047974,-0.019629335512412638,-0.0833437442779541,-0.15900778770446777,-0.02790637734998569,-0.09966647624969482,-0.19296783208847046,-0.03641136038769588,-0.020781338214874268,-0.16135478019714355,-0.023896713291300387,-0.01997274160385132,-0.24668610095977783,-0.03486211273540363,-0.0180932879447937,-0.2932342290878296,-0.04024818960298404,-0.01537555456161499,-0.32981032133102417,-0.043477640037430376,0.012642741203308105,-0.16088765859603882,-0.023946192597044558,0.00815892219543457,-0.257418155670166,-0.03474807042349681,0.006853222846984863,-0.3096467852592468,-0.038937308375729174,0.007528245449066162,-0.3477071523666382,-0.041414995227945894,0.038816094398498535,-0.1515013575553894,-0.02413062613178596,0.03207641839981079,-0.23971551656723022,-0.032938253615988344,0.029890596866607666,-0.2907467484474182,-0.037312921618116945,0.028032004833221436,-0.32850217819213867,-0.039546687637461275,0.061257004737854004,-0.13594818115234375,-0.024949310828937143,0.06256610155105591,-0.20109301805496216,-0.030031577234161944,0.06141620874404907,-0.2403300404548645,-0.03152520257700786,0.05983823537826538,-0.2739074230194092,-0.0318908360945116
0.0,0.0,0.0,-0.04413414001464844,-0.04609304666519165,-0.009993334611273497,-0.07158780097961426,-0.09966498613357544,-0.019850611065841406,-0.08597397804260254,-0.15028536319732666,-0.02913804103932449,-0.10164815187454224,-0.18326425552368164,-0.0387674116840131,-0.02298569679260254,-0.15387225151062012,-0.023012084265566557,-0.022156476974487305,-0.23631548881530762,-0.034739482526994436,-0.02015995979309082,-0.2817903161048889,-0.04111588684222767,-0.01743149757385254,-0.31792914867401123,-0.04516134349010059,0.010337412357330322,-0.15438181161880493,-0.02396049660942623,0.006527602672576904,-0.24651843309402466,-0.03466325191161701,0.004981577396392822,-0.2973220944404602,-0.03951492098472187,0.005095124244689941,-0.33524900674819946,-0.042897365366435736,0.03717243671417236,-0.14563971757888794,-0.025174138446665495,0.03239786624908447,-0.2306421399116516,-0.03395738390586445,0.029636621475219727,-0.27913862466812134,-0.03821891111633846,0.027111291885375977,-0.3154209852218628,-0.04070258078477451,0.060144007205963135,-0.13056868314743042,-0.027079566692329138,0.06089895963668823,-0.19487601518630981,-0.032813775663591116,0.05899745225906372,-0.2328820824623108,-0.034469045077777594,0.056738436222076416,-0.26553064584732056,-0.03499281716845104
0.0,0.0,0.0,-0.04007279872894287,-0.04905050992965698,-0.00620777737264433,-0.057036757469177246,-0.10810822248458862,-0.012223933077500249,-0.05441093444824219,-0.1627841591835022,-0.017454264870927716,-0.05798274278640747,-0.20461219549179077,-0.02341665904884138,-0.024859368801116943,-0.14515787363052368,-0.02419493552212515,-0.02375859022140503,-0.22864365577697754,-0.035342825762079144,-0.021751582622528076,-0.27646756172180176,-0.03917232360605993,-0.01883828639984131,-0.3131906986236572,-0.04121221806769171,0.007812142372131348,-0.14252281188964844,-0.0263235365963439,0.0031492114067077637,-0.23703515529632568,-0.03728743102316656,0.0005971193313598633,-0.29087328910827637,-0.04135228153233328,-0.0006183981895446777,-0.33031904697418213,-0.044011151603505994,0.035348355770111084,-0.13387930393218994,-0.02797449026171961,0.029549002647399902,-0.22132229804992676,-0.03874359112148085,0.02431589365005493,-0.2740708589553833,-0.04349837284450331,0.019509553909301758,-0.3140169382095337,-0.04578360747461119,0.05901455879211426,-0.11968052387237549,-0.02959235589866438,0.059793055057525635,-0.18575304746627808,-0.03698378633622923,0.05671119689941406,-0.22391217947006226,-0.038910040817306424,0.052251219749450684,-0.2574729919433594,-0.03950294312004843
0.0,0.0,0.0,-0.038446009159088135,-0.04951292276382446,-0.00667934346535759,-0.05466490983963013,-0.10794657468795776,-0.013022635537772942,-0.052257418632507324,-0.16017019748687744,-0.018558836947768498,-0.05221223831176758,-0.20209699869155884,-0.024862151067345906,-0.024813413619995117,-0.14349567890167236,-0.02536808088013487,-0.022770702838897705,-0.22599059343338013,-0.037631578217833805,-0.02079671621322632,-0.2737724184989929,-0.042213260601847935,-0.01795095205307007,-0.3102085590362549,-0.04453745804318743,0.007386982440948486,-0.13949906826019287,-0.02760642155596571,0.0033234357833862305,-0.23261767625808716,-0.03920822910556154,0.0012962818145751953,-0.28658533096313477,-0.044014643352120686,0.0006760358810424805,-0.32676100730895996,-0.04713955469021158,0.03497970104217529,-0.13007086515426636,-0.029471661369889546,0.02941107749938965,-0.21592867374420166,-0.040585558335870076,0.025070488452911377,-0.2685891389846802,-0.046064067106335926,0.02147233486175537,-0.3090696334838867,-0.048817313681929875,0.058877408504486084,-0.11556684970855713,-0.03133675403484659,0.0592724084854126,-0.18082380294799805,-0.03927677444705324,0.05689442157745361,-0.2194032073020935,-0.041842638920634556,0.05329728126525879,-0.2532130479812622,-0.04277242667564707
0.0,0.0,0.0,-0.038039445877075195,-0.051346540451049805,-0.006267838850988028,-0.05336815118789673,-0.11066842079162598,-0.012144089881701348,-0.05063068866729736,-0.1636858582496643,-0.017227814738077996,-0.05195295810699463,-0.20623642206192017,-0.023223697413129685,-0.023674726486206055,-0.14835697412490845,-0.0236886881481837,-0.021607935428619385,-0.2296404242515564,-0.035204871762914536,-0.019832909107208252,-0.2768593430519104,-0.03991250993720996,-0.017325878143310547,-0.31350886821746826,-0.04255784975401866,0.00883638858795166,-0.14404374361038208,-0.025742600877208588,0.004757046699523926,-0.2356906533241272,-0.035303040612859604,0.0026618242263793945,-0.2884320616722107,-0.03914700003377902,0.0009412169456481934,-0.3278855085372925,-0.04209374936334598,0.03610867261886597,-0.1340157389640808,-0.027517934535069344,0.029957354068756104,-0.2189515233039856,-0.036809421349687454,0.025252878665924072,-0.2695721387863159,-0.04143407868258464,0.020479023456573486,-0.3088468313217163,-0.04412459136955249,0.05935412645339966,-0.11878859996795654,-0.02939903477243888,0.05942302942276001,-0.1827952265739441,-0.036787576247377274,0.05678468942642212,-0.22057580947875977,-0.03911212386600482,0.05232822895050049,-0.25391870737075806,-0.03999606819860446
0.0,0.0,0.0,-0.03803759813308716,-0.05113017559051514,-0.007094335732965362,-0.05440938472747803,-0.10977697372436523,-0.013803544444947136,-0.05240142345428467,-0.16042691469192505,-0.019833596413938892,-0.051657795906066895,-0.20217424631118774,-0.026692120349018467,-0.025118768215179443,-0.14490658044815063,-0.025342030441372287,-0.023448526859283447,-0.22652900218963623,-0.038314552968351734,-0.0215146541595459,-0.2741848826408386,-0.04361794329246749,-0.01866358518600464,-0.3105458617210388,-0.046449834471552265,0.007119715213775635,-0.14027351140975952,-0.028106834730117214,0.003457963466644287,-0.23320728540420532,-0.04029887727460135,0.0008414387702941895,-0.28729313611984253,-0.04535455442032088,-0.0005529522895812988,-0.3275452256202698,-0.04861937276086081,0.0344582200050354,-0.12983661890029907,-0.030694600185363186,0.03026038408279419,-0.21615320444107056,-0.042696243142692936,0.025647759437561035,-0.2682029604911804,-0.04795973560771216,0.0214155912399292,-0.30826038122177124,-0.05040739662012328,0.05827605724334717,-0.1144406795501709,-0.033336574202387226,0.060010671615600586,-0.17989736795425415,-0.042482817536203754,0.058152973651885986,-0.21900278329849243,-0.04507786965927352,0.054865241050720215,-0.25340622663497925,-0.04578352532347907
0.0,0.0,0.0,-0.03815186023712158,-0.05333167314529419,-0.009625045758795636,-0.05519580841064453,-0.11584240198135376,-0.01819985843182792,-0.05251055955886841,-0.1719801425933838,-0.02517186588526954,-0.052833616733551025,-0.21798884868621826,-0.032549602155697244,-0.02470088005065918,-0.13984549045562744,-0.032163673256647485,-0.020700693130493164,-0.22558319568634033,-0.04590495786548843,-0.01701056957244873,-0.2740231156349182,-0.05085247865797271,-0.013198137283325195,-0.31092238426208496,-0.05315922683955421,0.011184513568878174,-0.1341361403465271,-0.03304734191776504,0.008308470249176025,-0.23233479261398315,-0.04437371826649894,0.005729198455810547,-0.28471314907073975,-0.046361637477886575,0.002591550350189209,-0.3209644556045532,-0.04749614856125106,0.040157437324523926,-0.12658309936523438,-0.03356644994498481,0.03341841697692871,-0.218031108379364,-0.04328901803971519,0.027602851390838623,-0.2670959234237671,-0.044671473269474404,0.021951913833618164,-0.30416011810302734,-0.044865017001640695,0.06297212839126587,-0.11574643850326538,-0.03452894202352752,0.05887812376022339,-0.18448644876480103,-0.04194407648326148,0.05332404375076294,-0.22503042221069336,-0.04244762769819488,0.046467721462249756,-0.2599096894264221,-0.04173909983516921
0.0,0.0,0.0,-0.03621786832809448,-0.05133211612701416,-0.008185317892085209,-0.052908897399902344,-0.11264950037002563,-0.014992942254494324,-0.05197232961654663,-0.16629481315612793,-0.020806130174051418,-0.04906034469604492,-0.20957231521606445,-0.0273577646943437,-0.022414803504943848,-0.14484429359436035,-0.024379257264982357,-0.021034955978393555,-0.22753745317459106,-0.036463931355129375,-0.01943516731262207,-0.2774341106414795,-0.04176057890380491,-0.01738429069519043,-0.3141498565673828,-0.0448390097948419,0.011300444602966309,-0.13921958208084106,-0.026344759541998997,0.006195724010467529,-0.23386281728744507,-0.036646142754207744,0.002510368824005127,-0.28936606645584106,-0.04159244910205473,-0.0010448098182678223,-0.3301162123680115,-0.04509181544507612,0.03857535123825073,-0.13110464811325073,-0.02816340528751482,0.03017127513885498,-0.21837925910949707,-0.03775011390770544,0.024236619472503662,-0.27023935317993164,-0.043324910256515636,0.01915442943572998,-0.31090956926345825,-0.04675979927505125,0.06031346321105957,-0.11777627468109131,-0.030261621031414165,0.053806185722351074,-0.1819581389427185,-0.038383294049154415,0.047621309757232666,-0.22164452075958252,-0.0411536471577989,0.04075711965560913,-0.25629520416259766,-0.04227064192618002
0.0,0.0,0.0,-0.0366402268409729,-0.04802161455154419,-0.00946979162695527,-0.05497169494628906,-0.10560542345046997,-0.017850811904693842,-0.053106069564819336,-0.15740662813186646,-0.024614195650840998,-0.0474931001663208,-0.1995341181755066,-0.03240626429619908,-0.023413419723510742,-0.13732200860977173,-0.03080177431407094,-0.023734569549560547,-0.21972870826721191,-0.04279244815411687,-0.023709118366241455,-0.26932674646377563,-0.046963409832144976,-0.022452712059020996,-0.30569320917129517,-0.049466026327039,0.011090874671936035,-0.1318192481994629,-0.03206728150549054,0.004123568534851074,-0.2273232340812683,-0.043710940828944445,-0.001190781593322754,-0.2827986478805542,-0.04884074380102277,-0.0054711103439331055,-0.32387876510620117,-0.05263084670009732,0.03817093372344971,-0.1242293119430542,-0.032642552009249926,0.029041826725006104,-0.21176671981811523,-0.04371836533250928,0.02221781015396118,-0.26470237970352173,-0.05003058662119031,0.016693174839019775,-0.3060449957847595,-0.05407291029992223,0.059280991554260254,-0.11236584186553955,-0.03324094538989186,0.05153179168701172,-0.17755800485610962,-0.042494380226756334,0.044291675090789795,-0.2177068591117859,-0.04589128246011853,0.03679293394088745,-0.2525594234466553,-0.04767182593646169
0.0,0.0,0.0,-0.03795826435089111,-0.04835420846939087,-0.01018376629806994,-0.056403517723083496,-0.10626888275146484,-0.018849377334191786,-0.05456185340881348,-0.15819954872131348,-0.025672579929306494,-0.049849867820739746,-0.20217543840408325,-0.033414405584409224,-0.025316834449768066,-0.1368880271911621,-0.03265215158469914,-0.025730371475219727,-0.22050899267196655,-0.04557604044683217,-0.025559961795806885,-0.2704704999923706,-0.050017953664138304,-0.023588597774505615,-0.3071489930152893,-0.05261726379401921,0.009346723556518555,-0.13153117895126343,-0.03382300660021542,0.001421511173248291,-0.2288733720779419,-0.04593366831548451,-0.0037186145782470703,-0.28427088260650635,-0.05110513493426083,-0.007351219654083252,-0.3243976831436157,-0.05498520359404324,0.0370333194732666,-0.12456589937210083,-0.0343888409436488,0.027185142040252686,-0.21415579319000244,-0.046022039651944624,0.02052462100982666,-0.26711851358413696,-0.05238254442818402,0.015450775623321533,-0.3084266185760498,-0.056392227113320814,0.058876991271972656,-0.11324316263198853,-0.03504487201578854,0.05188983678817749,-0.18016886711120605,-0.045129977911784636,0.04535585641860962,-0.22089385986328125,-0.049064253270699965,0.03862202167510986,-0.25668150186538696,-0.051140026003196226
0.0,0.0,0.0,-0.03749269247055054,-0.04712563753128052,-0.008438701367566637,-0.05459719896316528,-0.10396319627761841,-0.015868290884981207,-0.05236482620239258,-0.15469366312026978,-0.02209471501279836,-0.04734152555465698,-0.19724798202514648,-0.029225863142499975,-0.024676918983459473,-0.13561397790908813,-0.028162613137254766,-0.024145424365997314,-0.21772527694702148,-0.04058090373743539,-0.023294270038604736,-0.2678457498550415,-0.045113386212477735,-0.02113664150238037,-0.3046746850013733,-0.04774361997712617,0.009455740451812744,-0.130517840385437,-0.030105927585253767,0.0034548044204711914,-0.2250639796257019,-0.04163938537109857,-0.0006403923034667969,-0.28119850158691406,-0.04691499620545869,-0.003458559513092041,-0.32218074798583984,-0.050779940186629346,0.0370602011680603,-0.12278640270233154,-0.03160090148318773,0.02902805805206299,-0.20996099710464478,-0.04274092018474107,0.023110032081604004,-0.2632638216018677,-0.048825004695544294,0.018434464931488037,-0.30458199977874756,-0.05247242152560716,0.059245765209198,-0.11014330387115479,-0.033142672477850965,0.05403709411621094,-0.1754855513572693,-0.04231367409099107,0.0485876202583313,-0.21645677089691162,-0.045607065408120206,0.042394280433654785,-0.25214171409606934,-0.047186912594924024
0.0,0.0,0.0,-0.04016005992889404,-0.04419910907745361,-0.0044588669416825155,-0.05893111228942871,-0.0992431640625,-0.009375268521658597,-0.06293278932571411,-0.15119880437850952,-0.01441668059950274,-0.07218271493911743,-0.18595817685127258,-0.01969362043117684,-0.01565682888031006,-0.14514416456222534,-0.012129528376213727,-0.012866497039794922,-0.21840038895606995,-0.0199395491955201,-0.010042726993560791,-0.25792524218559265,-0.024176150488607107,-0.007164597511291504,-0.28871679306030273,-0.026831107142321287,0.01644110679626465,-0.1436404585838318,-0.0141984326047222,0.013141989707946777,-0.22603854537010193,-0.020362285825363813,0.011695444583892822,-0.2708754539489746,-0.022986402663342176,0.011096715927124023,-0.3031488060951233,-0.02498565607046288,0.041894614696502686,-0.13501328229904175,-0.016583086850992856,0.03843778371810913,-0.21204489469528198,-0.021725522282473264,0.03703802824020386,-0.2570984661579132,-0.02512010179733437,0.03447222709655762,-0.2910098433494568,-0.027398515420905767,0.0618709921836853,-0.12125533819198608,-0.01932905793463391,0.0630882978439331,-0.17904040217399597,-0.022362999546281515,0.06010997295379639,-0.21366220712661743,-0.023544927987209974,0.05513644218444824,-0.24369502067565918,-0.02403113611315888
0.0,0.0,0.0,-0.040363192558288574,-0.04697602987289429,-0.004793718139254111,-0.05765235424041748,-0.10456591844558716,-0.0088953316757312,-0.05984783172607422,-0.15902161598205566,-0.01273643845560457,-0.06596440076828003,-0.19672000408172607,-0.01667671898248102,-0.01317685842514038,-0.15162944793701172,-0.010613779219411867,-0.009500324726104736,-0.22523528337478638,-0.016824935244940775,-0.0061057209968566895,-0.26540523767471313,-0.02006792152168657,-0.0026307106018066406,-0.29691189527511597,-0.022206957134031313,0.019932925701141357,-0.15005409717559814,-0.011315153593741911,0.01743227243423462,-0.23268556594848633,-0.015273438448630827,0.015618443489074707,-0.27774372696876526,-0.01672450328113939,0.014993131160736084,-0.3110574781894684,-0.0180995880240431,0.045294344425201416,-0.14134007692337036,-0.012236816490613478,0.042300403118133545,-0.21924445033073425,-0.01511745309325363,0.040402352809906006,-0.2628127634525299,-0.016979804875873583,0.03777676820755005,-0.29654014110565186,-0.018402143063568133,0.0642937421798706,-0.12722063064575195,-0.013628868068181532,0.06478184461593628,-0.18621733784675598,-0.014545467364214915,0.06211245059967041,-0.22022253274917603,-0.014334590787612456,0.05793559551239014,-0.25052598118782043,-0.013897023777090567
0.0,0.0,0.0,-0.039454519748687744,-0.047862112522125244,-0.0036641992209993646,-0.055334627628326416,-0.10874289274215698,-0.006230898392438178,-0.05764847993850708,-0.16337993741035461,-0.008684004382281785,-0.06348598003387451,-0.19955378770828247,-0.010903452248363976,-0.009401142597198486,-0.15262669324874878,-0.007017295532911305,-0.005318582057952881,-0.22545921802520752,-0.0131704767281704,-0.0015030503273010254,-0.26501986384391785,-0.017020646208017354,0.0018954873085021973,-0.2957080006599426,-0.01928990120538998,0.02192997932434082,-0.14940643310546875,-0.008154811994224076,0.020939648151397705,-0.2317448854446411,-0.012201252118735795,0.02108919620513916,-0.2764834463596344,-0.014061857671528344,0.021920740604400635,-0.30939221382141113,-0.015136221149056439,0.04687845706939697,-0.1394231915473938,-0.009747910038619523,0.04499697685241699,-0.21745026111602783,-0.01307366574653912,0.04493504762649536,-0.26159775257110596,-0.015355303608863835,0.04400169849395752,-0.29560762643814087,-0.016473896526782994,0.06559479236602783,-0.12479209899902344,-0.011700902790813927,0.06806498765945435,-0.18414688110351562,-0.013125833780556206,0.06667691469192505,-0.21846339106559753,-0.012913722270219807,0.06368553638458252,-0.24837765097618103,-0.012010515392809396
0.0,0.0,0.0,-0.03909653425216675,-0.045948803424835205,-0.00502837479470486,-0.056226134300231934,-0.10001015663146973,-0.01044555969892258,-0.05823922157287598,-0.15294122695922852,-0.015545849058611338,-0.06441086530685425,-0.1887303590774536,-0.02085939266143555,-0.012386083602905273,-0.1436539888381958,-0.015085875358266776,-0.007252693176269531,-0.21847307682037354,-0.022836964879019206,-0.0030046701431274414,-0.2587589621543884,-0.026004202965481227,0.0011522173881530762,-0.29031187295913696,-0.027709605473859256,0.020717144012451172,-0.1409083604812622,-0.015714429620487635,0.019077062606811523,-0.22570979595184326,-0.021666251424534266,0.018171250820159912,-0.2705404758453369,-0.02264307283221001,0.018569111824035645,-0.3030373752117157,-0.023254527080638354,0.04612398147583008,-0.13230401277542114,-0.016256425831301158,0.04384058713912964,-0.2122204303741455,-0.020554978702051585,0.04246920347213745,-0.25499045848846436,-0.020682448822839206,0.040862202644348145,-0.28709864616394043,-0.020335756543857997,0.06524658203125,-0.11913925409317017,-0.01723267168162579,0.06556075811386108,-0.18011677265167236,-0.0189163147693705,0.06278431415557861,-0.21424269676208496,-0.017681917477233355,0.059056639671325684,-0.2442927062511444,-0.01607256412862057
0.0,0.0,0.0,-0.0394597053527832,-0.04692673683166504,-0.008009790245047554,-0.058304667472839355,-0.10209447145462036,-0.01562377790694569,-0.05995696783065796,-0.1561669409275055,-0.022204887855401978,-0.06206721067428589,-0.19731774926185608,-0.02880850321387385,-0.01304006576538086,-0.14122748374938965,-0.02050246371661757,-0.008438348770141602,-0.21580618619918823,-0.028944724041572556,-0.005094051361083984,-0.2565270960330963,-0.03192671275471781,-0.0023494958877563477,-0.288042277097702,-0.03350212684606646,0.018883883953094482,-0.13718706369400024,-0.02030455953215693,0.017765939235687256,-0.2235403060913086,-0.02830868660246466,0.016657531261444092,-0.2697780132293701,-0.030424590024701104,0.016137540340423584,-0.3036136031150818,-0.03155079743599032,0.043990373611450195,-0.12824708223342896,-0.019943467143527016,0.04178571701049805,-0.2095046043395996,-0.026349278900376305,0.03967177867889404,-0.2539381980895996,-0.028087354067316994,0.03714907169342041,-0.2882859706878662,-0.02873208447133635,0.06347155570983887,-0.1147269606590271,-0.019954998779645905,0.06446796655654907,-0.1768898367881775,-0.023461417097202286,0.061228156089782715,-0.2100132703781128,-0.023002424079528794,0.056421756744384766,-0.23927262425422668,-0.021851517993560776
0.0,0.0,0.0,-0.04144400358200073,-0.049395084381103516,-0.003953497411345097,-0.05671870708465576,-0.10853075981140137,-0.006933815331791493,-0.055030226707458496,-0.164203941822052,-0.009780461454425904,-0.05845588445663452,-0.20413422584533691,-0.01270092886093721,-0.011812865734100342,-0.1550813913345337,-0.007489553672854754,-0.007759392261505127,-0.22819173336029053,-0.013021567390893551,-0.004479765892028809,-0.2668939232826233,-0.016188334228132817,-0.0008911490440368652,-0.2976408004760742,-0.018297483699058148,0.020828187465667725,-0.15196514129638672,-0.00851479221287832,0.018868088722229004,-0.23436522483825684,-0.012194922679697129,0.01723802089691162,-0.2785797119140625,-0.014012492747639271,0.016933023929595947,-0.31239432096481323,-0.015462923349474522,0.04569220542907715,-0.14263492822647095,-0.009832382687960717,0.042176783084869385,-0.220338374376297,-0.013529148438607308,0.03974825143814087,-0.26357096433639526,-0.01584432229552135,0.03668028116226196,-0.29830676317214966,-0.017191888318990323,0.06434005498886108,-0.1283804178237915,-0.011455904246901127,0.0637749433517456,-0.18940222263336182,-0.013172491008077714,0.060807645320892334,-0.22297880053520203,-0.012918603161011788,0.05612051486968994,-0.2536548376083374,-0.01219163790497646
0.0,0.0,0.0,-0.03906071186065674,-0.04939115047454834,-0.006290272502226912,-0.05538719892501831,-0.11044764518737793,-0.011680278154088342,-0.05517160892486572,-0.16920235753059387,-0.016127622844649636,-0.05790722370147705,-0.2115722894668579,-0.02033809495158323,-0.010923027992248535,-0.1482113003730774,-0.01662015651352533,-0.0059067606925964355,-0.22364073991775513,-0.02428350892849096,-0.0017726421356201172,-0.26323962211608887,-0.027182913543654763,0.0019542574882507324,-0.2941965162754059,-0.028726247297598206,0.02229154109954834,-0.1448216438293457,-0.01655301933176645,0.02199167013168335,-0.23021483421325684,-0.021841370658947312,0.020927131175994873,-0.27411019802093506,-0.022239008145405137,0.020388484001159668,-0.30622196197509766,-0.02255914096720346,0.04792904853820801,-0.13518911600112915,-0.016520823510361993,0.04616224765777588,-0.21518748998641968,-0.02048743811435827,0.044294655323028564,-0.2575199604034424,-0.02069386390037664,0.04140877723693848,-0.2899180054664612,-0.020639133797956788,0.06690013408660889,-0.12078291177749634,-0.01696035747416147,0.06823879480361938,-0.18089550733566284,-0.01895390187389978,0.06565749645233154,-0.2148798406124115,-0.018288535224272096,0.06124979257583618,-0.24534842371940613,-0.017153668375684106
0.0,0.0,0.0,-0.023801743984222412,-0.04819375276565552,-0.002727205237292196,-0.031491994857788086,-0.10126078128814697,-0.005824206001975085,-0.022553980350494385,-0.15001064538955688,-0.007465046435513045,-0.011260271072387695,-0.18244001269340515,-0.010077145021327283,-0.006543517112731934,-0.1268942952156067,-0.022181033227511193,0.004057466983795166,-0.20066970586776733,-0.028722527507611062,0.008095264434814453,-0.2446165680885315,-0.029193694773979928,0.012643277645111084,-0.27692949771881104,-0.02920652467376783,0.02372109889984131,-0.11869335174560547,-0.02271158720917299,0.0290868878364563,-0.20924827456474304,-0.030906246114440705,0.028466343879699707,-0.25802361965179443,-0.032441792149015214,0.026804208755493164,-0.29315441846847534,-0.03274521331853464,0.0488208532333374,-0.1093674898147583,-0.021406798694201257,0.0471266508102417,-0.1937503218650818,-0.027740127477713372,0.04274129867553711,-0.2386806309223175,-0.028507621098228242,0.03998231887817383,-0.2721048891544342,-0.028257808718748834,0.06720447540283203,-0.09592515230178833,-0.019679985079832818,0.06515944004058838,-0.15935644507408142,-0.02298447962469652,0.05958294868469238,-0.19182360172271729,-0.02113727021581724,0.055672287940979004,-0.21597036719322205,-0.018735884759493615
0.0,0.0,0.0,-0.011141598224639893,-0.0495259165763855,0.001962096511348932,-0.012226879596710205,-0.10626220703125,0.002306353614628165,-0.004386425018310547,-0.15712970495224,0.0027560422541199614,-0.0006104707717895508,-0.19057691097259521,0.0024100414821504046,0.0004482865333557129,-0.12944263219833374,-0.00952371015496567,0.010821759700775146,-0.20152807235717773,-0.01325396347142771,0.0165175199508667,-0.24303960800170898,-0.013126837008670122,0.021174132823944092,-0.2735176682472229,-0.012850318954363615,0.024890124797821045,-0.12100255489349365,-0.012356568046882899,0.03199589252471924,-0.2048516571521759,-0.017838052392974646,0.03431344032287598,-0.2512531876564026,-0.019244558096900732,0.03585177659988403,-0.2859300673007965,-0.0198236228088291,0.04590880870819092,-0.10902076959609985,-0.013844269246831686,0.05333667993545532,-0.1849517524242401,-0.01903508502341822,0.05383145809173584,-0.2268192172050476,-0.020345388830676825,0.05349510908126831,-0.26015985012054443,-0.020386197523251326,0.06346803903579712,-0.09199059009552002,-0.01458357266433552,0.07446920871734619,-0.14657482504844666,-0.01721238057412222,0.074942946434021,-0.17683684825897217,-0.01493354413010195,0.07496726512908936,-0.2021453082561493,-0.012292739854231627
0.0,0.0,0.0,0.030039966106414795,-0.03253453969955444,0.011239613955147831,0.04072195291519165,-0.08699065446853638,0.013726899949141114,0.0400310754776001,-0.13843947649002075,0.014333740425534813,0.02936452627182007,-0.1716616451740265,0.0126629346881586,0.04326367378234863,-0.10311859846115112,-0.003982984843425186,0.041201651096343994,-0.17798569798469543,-0.008990498642198474,0.03676486015319824,-0.21816080808639526,-0.01122864839690152,0.03238898515701294,-0.24944940209388733,-0.012474825056962402,0.027089476585388184,-0.10713315010070801,-0.013560709926061065,0.02238476276397705,-0.1944863200187683,-0.01972712242113772,0.018280088901519775,-0.24607831239700317,-0.023067402104608448,0.013433337211608887,-0.2821541726589203,-0.025444735224120052,0.00745004415512085,-0.11279505491256714,-0.02160788179444495,0.007779359817504883,-0.1984776258468628,-0.028724300126306446,0.007537245750427246,-0.247748464345932,-0.03342801184462729,0.006864666938781738,-0.28433987498283386,-0.03588639796780768,-0.013119220733642578,-0.1161494255065918,-0.02764355243252936,-0.0044591426849365234,-0.18581831455230713,-0.03523975090192977,0.00041854381561279297,-0.2241998016834259,-0.03820152805256072,0.005572378635406494,-0.2567881941795349,-0.039288929114810855
0.0,0.0,0.0,0.038094162940979004,-0.026980876922607422,0.007975770803863913,0.0521051287651062,-0.07654255628585815,0.007622473119522244,0.05046874284744263,-0.12651008367538452,0.006209439775670678,0.03675466775894165,-0.15896597504615784,0.0020673693537216487,0.05288815498352051,-0.09284693002700806,-0.01061467110109815,0.05101579427719116,-0.16368290781974792,-0.017825755578701585,0.047109782695770264,-0.20442324876785278,-0.021506653455321878,0.04221451282501221,-0.2358219027519226,-0.023315887254898637,0.02897179126739502,-0.09898167848587036,-0.018583179739539712,0.02847921848297119,-0.18738490343093872,-0.02606437290949115,0.027048110961914062,-0.24036192893981934,-0.02999246987444648,0.02472609281539917,-0.2771821618080139,-0.03281294676405677,0.0029078125953674316,-0.10665887594223022,-0.024766925079052537,0.0074836015701293945,-0.191939115524292,-0.03285097825271377,0.009217321872711182,-0.2417290210723877,-0.0367322129283596,0.010463237762451172,-0.2781997323036194,-0.0384099532936264,-0.024062395095825195,-0.11140811443328857,-0.02907028729957828,-0.011635065078735352,-0.18040943145751953,-0.036201046136443704,-0.005892157554626465,-0.21636152267456055,-0.03726841258746871,-0.0006120204925537109,-0.24628710746765137,-0.03695021319133529
0.0,0.0,0.0,-0.03759419918060303,-0.04335600137710571,-0.005377872767198255,-0.05900990962982178,-0.09636163711547852,-0.011470393197882345,-0.06237262487411499,-0.14795178174972534,-0.01740745726441162,-0.060335636138916016,-0.18678846955299377,-0.0233316653541209,-0.030415892601013184,-0.13403433561325073,-0.018496557059037855,-0.0295257568359375,-0.2125852108001709,-0.029139605270970037,-0.02867227792739868,-0.2555500268936157,-0.03295517052923458,-0.02697223424911499,-0.28816983103752136,-0.03478792394911068,0.001139998435974121,-0.13465434312820435,-0.020630213352191618,-0.0046038031578063965,-0.22292935848236084,-0.030352000998604467,-0.008470714092254639,-0.2692517638206482,-0.032960218297588995,-0.011308610439300537,-0.3024273216724396,-0.03442322547947185,0.028403282165527344,-0.13081508874893188,-0.02282037484859245,0.021792829036712646,-0.2138405442237854,-0.03142384152327793,0.016952335834503174,-0.2580513060092926,-0.033212714748728445,0.012867391109466553,-0.2916569113731384,-0.033601351933825185,0.05241316556930542,-0.12136274576187134,-0.025275793778050115,0.04758208990097046,-0.18486961722373962,-0.030765949668634107,0.041590988636016846,-0.21993964910507202,-0.030741657050597837,0.03514772653579712,-0.25024718046188354,-0.029769821943986585
0.0,0.0,0.0,-0.03938573598861694,-0.04232698678970337,-0.0029704651109341285,-0.05893057584762573,-0.09365344047546387,-0.007701894386059394,-0.058986783027648926,-0.14624053239822388,-0.011999882875329604,-0.057951152324676514,-0.1852167844772339,-0.0165482201858822,-0.025540709495544434,-0.13325142860412598,-0.019698696328646292,-0.0250588059425354,-0.21004748344421387,-0.028164355201965918,-0.023960888385772705,-0.25356924533843994,-0.02962858614171182,-0.021829426288604736,-0.2866052985191345,-0.029993943987733473,0.007592916488647461,-0.13164830207824707,-0.021831231309420218,0.0009108185768127441,-0.22177395224571228,-0.03160370711827909,-0.002590000629425049,-0.26924800872802734,-0.03298876632595693,-0.004018902778625488,-0.3031768798828125,-0.03303852502847349,0.03469306230545044,-0.12538021802902222,-0.023215651629811873,0.026737093925476074,-0.20928308367729187,-0.03236630756998693,0.022128939628601074,-0.25685304403305054,-0.03398626495743429,0.018283843994140625,-0.2925138771533966,-0.033534465475327124,0.056323111057281494,-0.11428749561309814,-0.024313014118320098,0.05215919017791748,-0.17727544903755188,-0.029025951518065085,0.04657953977584839,-0.2134203314781189,-0.028389319895154586,0.03987938165664673,-0.24402201175689697,-0.026859179256803145
0.0,0.0,0.0,-0.0380631685256958,-0.04570668935775757,-0.0033398258428078975,-0.05773431062698364,-0.0997999906539917,-0.007989281036238083,-0.05851835012435913,-0.1523035764694214,-0.012553985409716972,-0.056197166442871094,-0.19289475679397583,-0.016954715542773613,-0.027835071086883545,-0.13577497005462646,-0.015603081502298721,-0.025173962116241455,-0.2128199338912964,-0.024892422549704918,-0.02308744192123413,-0.2552148401737213,-0.027839987717847237,-0.020609259605407715,-0.28749048709869385,-0.029062102727870354,0.004186809062957764,-0.13663333654403687,-0.01784447877881945,0.001161336898803711,-0.22471752762794495,-0.026853517808298477,-0.0006114840507507324,-0.27190670371055603,-0.028482320897559532,-0.0015524029731750488,-0.305381715297699,-0.028949667878727325,0.030348479747772217,-0.13195782899856567,-0.020020925618986496,0.02631819248199463,-0.2140386402606964,-0.0275901213216585,0.02373635768890381,-0.26054900884628296,-0.02907431795475901,0.0208551287651062,-0.29533544182777405,-0.029169402264336952,0.05204647779464722,-0.12154078483581543,-0.02224099747119368,0.049719035625457764,-0.18118304014205933,-0.02634754887996138,0.04453933238983154,-0.21718928217887878,-0.02620910777924479,0.03877055644989014,-0.24805903434753418,-0.025246308364252457
0.0,0.0,0.0,-0.0388333797454834,-0.04069441556930542,-0.006157733978611191,-0.059975504875183105,-0.08877944946289062,-0.012590431621205767,-0.0608859658241272,-0.1385989785194397,-0.01859846246792074,-0.05623215436935425,-0.1758381724357605,-0.02441208717776533,-0.029147684574127197,-0.135941743850708,-0.017569595029485185,-0.02563375234603882,-0.21190819144248962,-0.027612644260656793,-0.023414552211761475,-0.254899263381958,-0.03143842426491972,-0.020515382289886475,-0.2870192527770996,-0.03322345671607252,0.0015403032302856445,-0.13560956716537476,-0.018761017372739275,-0.0007434487342834473,-0.221407949924469,-0.028017970746290644,-0.0021514892578125,-0.26865506172180176,-0.030669358571898897,-0.0015553832054138184,-0.30264610052108765,-0.03187186179114576,0.026748836040496826,-0.12915706634521484,-0.020112312411797006,0.023643672466278076,-0.20879778265953064,-0.02822465171469446,0.02158534526824951,-0.25484931468963623,-0.030799134647381265,0.02021157741546631,-0.2893332242965698,-0.03152960074497457,0.04816150665283203,-0.11716872453689575,-0.021721725365054567,0.04538601636886597,-0.1758459210395813,-0.02643777151955362,0.04161280393600464,-0.21068993210792542,-0.026984629234206636,0.03771156072616577,-0.2406013011932373,-0.026409159427416284
0.0,0.0,0.0,-0.03724855184555054,-0.041998445987701416,-0.005401337159369746,-0.05825209617614746,-0.09246522188186646,-0.011748928216789523,-0.05978184938430786,-0.1427232027053833,-0.017744846282099047,-0.05465322732925415,-0.18113082647323608,-0.023549371970389643,-0.03095996379852295,-0.1317806839942932,-0.01865727045903043,-0.026615917682647705,-0.2076890468597412,-0.029406021920536318,-0.024055421352386475,-0.25096839666366577,-0.03292086870739297,-0.021448910236358643,-0.28277474641799927,-0.03441744820544557,-0.0003019571304321289,-0.13119208812713623,-0.020909737435673037,-0.0015843510627746582,-0.21688932180404663,-0.03173969463774995,-0.0026490092277526855,-0.2646218538284302,-0.03479936869213418,-0.002633988857269287,-0.2987786829471588,-0.03603155316183404,0.025724351406097412,-0.125024676322937,-0.023250899849031725,0.02333897352218628,-0.2058221697807312,-0.033117187780831614,0.021350622177124023,-0.2524794340133667,-0.036102508766148844,0.019409358501434326,-0.28742751479148865,-0.036798355740998545,0.04860067367553711,-0.11318832635879517,-0.025616323215459147,0.04662078619003296,-0.1723155677318573,-0.03200936095187501,0.043495237827301025,-0.2084791660308838,-0.033273139608596125,0.03997713327407837,-0.23972564935684204,-0.03295449317762689
0.0,0.0,0.0,-0.03711402416229248,-0.04276275634765625,-0.006929160902856779,-0.057483136653900146,-0.09468865394592285,-0.013837945523320627,-0.05830150842666626,-0.14642000198364258,-0.020112186546086264,-0.05425882339477539,-0.18715065717697144,-0.026181844870208693,-0.027842223644256592,-0.13095664978027344,-0.020131319637059164,-0.024064183235168457,-0.20624908804893494,-0.031189963097332907,-0.02101808786392212,-0.24828004837036133,-0.03533663774526019,-0.01761859655380249,-0.27985548973083496,-0.037405861417411757,0.0035278797149658203,-0.13090091943740845,-0.02174551213776965,0.0018431544303894043,-0.21600204706192017,-0.03193978766596217,0.0006984472274780273,-0.2632363438606262,-0.03509821171557803,0.0005556344985961914,-0.29732072353363037,-0.03693783829605479,0.029189884662628174,-0.12574809789657593,-0.023556699852107954,0.02709740400314331,-0.2058490812778473,-0.03267875487601657,0.025743484497070312,-0.252263605594635,-0.035896362612604094,0.024409890174865723,-0.2875121235847473,-0.037427471826433134,0.05051755905151367,-0.11546313762664795,-0.025587644303797674,0.049299418926239014,-0.17362511157989502,-0.03177910844480891,0.046149253845214844,-0.20826172828674316,-0.03323010156547923,0.04244726896286011,-0.23825308680534363,-0.033466024200080824
0.0,0.0,0.0,-0.03666985034942627,-0.04794353246688843,-0.004171672555109751,-0.054882943630218506,-0.10439962148666382,-0.009848955365320933,-0.05471736192703247,-0.15490049123764038,-0.01515708239605118,-0.05131763219833374,-0.1950203776359558,-0.020468968244692576,-0.03017979860305786,-0.13177257776260376,-0.022080178650519144,-0.023357689380645752,-0.21201851963996887,-0.03229958312441994,-0.01899552345275879,-0.25663238763809204,-0.03417448075344254,-0.015341460704803467,-0.2888355851173401,-0.034337030070325625,0.0010839104652404785,-0.1274200677871704,-0.025151643248698008,0.0012971758842468262,-0.2186320722103119,-0.03594844536711861,0.0018946528434753418,-0.26925891637802124,-0.03869532169630219,0.0019657015800476074,-0.3049805760383606,-0.03972176583339859,0.02826845645904541,-0.12098002433776855,-0.027822551595470202,0.024861514568328857,-0.20796921849250793,-0.038116340803405535,0.022865593433380127,-0.2579726576805115,-0.04202165575554062,0.02027982473373413,-0.2952302396297455,-0.043325809108516466,0.0512731671333313,-0.11096882820129395,-0.030189740749499094,0.0491100549697876,-0.17573493719100952,-0.03699069218566109,0.04580646753311157,-0.2139100432395935,-0.038574104475280535,0.04117870330810547,-0.24646437168121338,-0.038614821898242724
0.0,0.0,0.0,-0.03361678123474121,-0.04900968074798584,-0.007025988549060003,-0.05177342891693115,-0.1063847541809082,-0.013887002840704099,-0.051145315170288086,-0.1584172248840332,-0.019595267959005014,-0.04517644643783569,-0.19692063331604004,-0.025398832522398607,-0.025593817234039307,-0.13166821002960205,-0.024623549319869653,-0.021873950958251953,-0.2107609212398529,-0.0349955435470406,-0.01968836784362793,-0.25669065117836,-0.03747005645192303,-0.01669532060623169,-0.2899489104747772,-0.03847567249096073,0.006730318069458008,-0.1267755627632141,-0.02589139599359669,0.003545999526977539,-0.21731188893318176,-0.036175927855140344,0.0011371374130249023,-0.26749616861343384,-0.03909591097391285,7.086992263793945e-05,-0.30370646715164185,-0.040660000182754175,0.03361952304840088,-0.12066918611526489,-0.02676133509731926,0.027184009552001953,-0.20499512553215027,-0.036374578960305826,0.0228041410446167,-0.2547447085380554,-0.04022596288479008,0.019320964813232422,-0.2930346727371216,-0.04198854301131405,0.05586522817611694,-0.11056506633758545,-0.027646387703782693,0.04968351125717163,-0.1727675199508667,-0.03456484410918392,0.043662190437316895,-0.2104596495628357,-0.03622248653329052,0.03729194402694702,-0.24333426356315613,-0.03645074252045788
0.0,0.0,0.0,-0.037130534648895264,-0.049203336238861084,-0.00590467035144826,-0.05671703815460205,-0.10647046566009521,-0.012393924885692797,-0.05660867691040039,-0.15773272514343262,-0.01789817727476617,-0.052268922328948975,-0.1977599561214447,-0.023345771723690234,-0.02919238805770874,-0.13383227586746216,-0.023917151161732875,-0.024480462074279785,-0.21333971619606018,-0.03390686727434655,-0.021190226078033447,-0.2579690217971802,-0.0357978693333294,-0.018005549907684326,-0.2909305691719055,-0.03627938918143769,0.0030338168144226074,-0.13036638498306274,-0.025757533976140223,0.0004432201385498047,-0.21998193860054016,-0.03652687511712571,-0.00023740530014038086,-0.2694190740585327,-0.03944789014131089,-0.0002529621124267578,-0.30501317977905273,-0.04093493289619943,0.02992337942123413,-0.12503808736801147,-0.027139566385450564,0.02422386407852173,-0.2098609209060669,-0.0373252122786667,0.021495401859283447,-0.2587205171585083,-0.041320139088931285,0.018795132637023926,-0.2955666184425354,-0.04297593004375955,0.05228114128112793,-0.11621195077896118,-0.028312945285144053,0.047771990299224854,-0.18118715286254883,-0.03506368912130853,0.043790996074676514,-0.2189476191997528,-0.036714767583909236,0.03905993700027466,-0.2513096332550049,-0.03699747986465951
0.0,0.0,0.0,-0.03445357084274292,-0.04719054698944092,-0.006584527648328731,-0.051935791969299316,-0.10434043407440186,-0.012976271312027166,-0.05045735836029053,-0.15688252449035645,-0.018458784769563863,-0.04468590021133423,-0.19639205932617188,-0.023951330433874318,-0.028189361095428467,-0.1285252571105957,-0.023941039319424817,-0.023105144500732422,-0.2071511149406433,-0.034830154131441304,-0.01977229118347168,-0.2529449164867401,-0.03768108899453182,-0.0161360502243042,-0.28675413131713867,-0.03880632037976284,0.004628181457519531,-0.12430328130722046,-0.025746015112190435,0.002976357936859131,-0.2149280607700348,-0.03551412860610981,0.0016519427299499512,-0.265573114156723,-0.03803927565672893,0.0005123615264892578,-0.3012072443962097,-0.039477856110124776,0.03246718645095825,-0.11917877197265625,-0.02730559671977062,0.02743476629257202,-0.2047460377216339,-0.036510438869981954,0.023254871368408203,-0.2535018026828766,-0.03994316722014446,0.019410312175750732,-0.29052025079727173,-0.041525566230802724,0.05526590347290039,-0.11055755615234375,-0.02896088662305374,0.0496600866317749,-0.1734231412410736,-0.035976526539116094,0.04359561204910278,-0.2112279236316681,-0.03781853358009357,0.03688669204711914,-0.24410533905029297,-0.03819749246099491
0.0,0.0,0.0,-0.03765803575515747,-0.048266470432281494,-0.0065073133088091595,-0.05588942766189575,-0.1066635251045227,-0.012724273802284358,-0.054212987422943115,-0.16029638051986694,-0.018181871586982368,-0.05075979232788086,-0.20084446668624878,-0.02353196028763449,-0.03113788366317749,-0.13134193420410156,-0.022225722634736655,-0.024104297161102295,-0.2110215127468109,-0.03312353599960005,-0.020673751831054688,-0.2549140155315399,-0.036289630421940444,-0.017943978309631348,-0.2871978282928467,-0.03749103654319441,0.00048214197158813477,-0.12762057781219482,-0.024095529654566405,0.0007192492485046387,-0.2172035574913025,-0.034365544059816955,0.000420987606048584,-0.2667906582355499,-0.037227967718187926,-0.0003406405448913574,-0.3019571900367737,-0.03867699016029036,0.027605056762695312,-0.12121695280075073,-0.025933833756987212,0.024345815181732178,-0.20553946495056152,-0.03536820594364798,0.021114110946655273,-0.25336968898773193,-0.03878851790124571,0.017474830150604248,-0.28928929567337036,-0.04027714390451109,0.051491379737854004,-0.11065834760665894,-0.02786506895119345,0.04874718189239502,-0.17221230268478394,-0.03504634458715117,0.04371386766433716,-0.20892757177352905,-0.03700304586583769,0.03756338357925415,-0.24088916182518005,-0.037407761403862594
0.0,0.0,0.0,-0.03357976675033569,-0.044659972190856934,-0.00621378622667379,-0.051631271839141846,-0.09727180004119873,-0.013476441294862695,-0.05367523431777954,-0.14545661211013794,-0.02008821783305592,-0.05554443597793579,-0.1823933720588684,-0.02706078221739716,-0.025846123695373535,-0.1276981234550476,-0.02547985469640679,-0.018889546394348145,-0.2028712034225464,-0.03645133381427712,-0.014426946640014648,-0.24650001525878906,-0.03971709837855286,-0.01068127155303955,-0.2795378565788269,-0.0413555034035582,0.007265269756317139,-0.1240072250366211,-0.02764306371749825,0.006565570831298828,-0.2117721140384674,-0.03830466573776192,0.006792902946472168,-0.2594720125198364,-0.04172204216660447,0.007037222385406494,-0.29422110319137573,-0.04404294645132012,0.036150574684143066,-0.11743718385696411,-0.029318272748007246,0.03244906663894653,-0.1992567479610443,-0.0389254928165812,0.030525684356689453,-0.24721962213516235,-0.04301297818960137,0.028339147567749023,-0.28443092107772827,-0.045390089654340215,0.060749828815460205,-0.10686010122299194,-0.031003905140771337,0.059314072132110596,-0.16765588521957397,-0.037772735261334844,0.05510801076889038,-0.20367637276649475,-0.03957345863522477,0.049233436584472656,-0.23591503500938416,-0.040298448556079336
0.0,0.0,0.0,-0.03811001777648926,-0.04883861541748047,-0.0032290715723277685,-0.06558048725128174,-0.09841763973236084,-0.013149436050930774,-0.08306574821472168,-0.1400318145751953,-0.02354317293492869,-0.10139870643615723,-0.16648972034454346,-0.03561186366705016,-0.020641744136810303,-0.15045225620269775,-0.023199131199994838,-0.03436678647994995,-0.227759450674057,-0.032870355481186664,-0.04179215431213379,-0.26939648389816284,-0.03810683959154204,-0.04462319612503052,-0.3001024127006531,-0.04153834232119635,0.012220561504364014,-0.152724027633667,-0.02753185057071761,0.010223865509033203,-0.24249690771102905,-0.03619397752908782,0.008840620517730713,-0.288421630859375,-0.038875463837662494,0.008063077926635742,-0.31923773884773254,-0.04130047881034926,0.039337158203125,-0.14191311597824097,-0.030899380752721584,0.05387073755264282,-0.2224999964237213,-0.0382583098950775,0.060673296451568604,-0.2659524381160736,-0.04056438007382468,0.06487369537353516,-0.2984130084514618,-0.042152247810641086,0.06083810329437256,-0.12195277214050293,-0.033826130861321246,0.08264756202697754,-0.17879509925842285,-0.03714205273417548,0.09349310398101807,-0.20904237031936646,-0.034476398909369266,0.10137921571731567,-0.23594379425048828,-0.03223918327120856
0.0,0.0,0.0,-0.03611290454864502,-0.045653462409973145,-0.008886254217330247,-0.05847567319869995,-0.09711319208145142,-0.01851372310132149,-0.065731942653656,-0.1470356583595276,-0.026769277464453012,-0.07281029224395752,-0.18429717421531677,-0.03471681364983681,-0.01720249652862549,-0.12866640090942383,-0.0273313399514592,-0.01277226209640503,-0.2072623372077942,-0.039051870640221864,-0.009084880352020264,-0.2487804889678955,-0.04239676037043694,-0.005090951919555664,-0.27991607785224915,-0.04328321182340744,0.014302670955657959,-0.12597614526748657,-0.02737011463553074,0.015532135963439941,-0.21658706665039062,-0.03989517950624588,0.014957070350646973,-0.26287466287612915,-0.04129374289125565,0.014928579330444336,-0.2949909269809723,-0.04084350803107384,0.03886932134628296,-0.12107330560684204,-0.027105736370984346,0.03904438018798828,-0.20482540130615234,-0.036656602110568315,0.037679076194763184,-0.24869009852409363,-0.03604114690035942,0.03611290454864502,-0.28090113401412964,-0.03380967938512924,0.05773472785949707,-0.11314725875854492,-0.02721547038466099,0.05911940336227417,-0.17792955040931702,-0.031201009463373452,0.05570089817047119,-0.2119598388671875,-0.028423826034966737,0.05179232358932495,-0.24008715152740479,-0.025110293935838968
0.0,0.0,0.0,-0.03653609752655029,-0.04709047079086304,-0.008888951854103766,-0.05792135000228882,-0.10303610563278198,-0.017941346743398867,-0.06296765804290771,-0.15549224615097046,-0.02572186885147687,-0.07056838274002075,-0.19279426336288452,-0.03324965608983632,-0.02148294448852539,-0.13003045320510864,-0.027573360481554232,-0.013874232769012451,-0.21052289009094238,-0.03939975274472829,-0.008865833282470703,-0.25303876399993896,-0.042664101698690615,-0.00444793701171875,-0.28439584374427795,-0.04352252406745549,0.01188892126083374,-0.1272505521774292,-0.027834937327796183,0.014375865459442139,-0.21914571523666382,-0.03947375191121694,0.014679551124572754,-0.26637643575668335,-0.04065244866281148,0.014796793460845947,-0.29919761419296265,-0.04039014352231618,0.03976517915725708,-0.12268418073654175,-0.0278795867946684,0.038928210735321045,-0.20660251379013062,-0.03644603712230321,0.03713899850845337,-0.2503035068511963,-0.03587817249565717,0.03527796268463135,-0.2818022072315216,-0.03426156041889783,0.062442898750305176,-0.11462950706481934,-0.028523637333208285,0.06289911270141602,-0.1767333745956421,-0.032433906921440325,0.058107614517211914,-0.21048498153686523,-0.03039936570196744,0.052790284156799316,-0.2383110225200653,-0.0279107022818863
0.0,0.0,0.0,-0.03777521848678589,-0.04717087745666504,-0.006806083617405534,-0.058921217918395996,-0.10098564624786377,-0.01436808718149507,-0.0636935830116272,-0.1540076732635498,-0.02079891985063398,-0.06913167238235474,-0.19301006197929382,-0.026928067335532546,-0.022234082221984863,-0.1353447437286377,-0.02318039921824777,-0.016755521297454834,-0.2125144600868225,-0.033662425482319236,-0.01263350248336792,-0.2538834810256958,-0.03658333247308576,-0.008090555667877197,-0.28508657217025757,-0.03739747976665342,0.010850489139556885,-0.13378238677978516,-0.02344914911095941,0.01169729232788086,-0.22294116020202637,-0.033820850902841926,0.011132359504699707,-0.2687004506587982,-0.03439336096649015,0.011135876178741455,-0.3010779619216919,-0.03363994708065832,0.03712707757949829,-0.1287001371383667,-0.023399412760184646,0.03507953882217407,-0.21118274331092834,-0.031273579353140235,0.03283679485321045,-0.2545658051967621,-0.03027736594681585,0.030155181884765625,-0.2864776849746704,-0.02818964434568727,0.05741065740585327,-0.11939245462417603,-0.023687321820901275,0.05602341890335083,-0.18031832575798035,-0.026605207601235747,0.051836609840393066,-0.21320033073425293,-0.023944247642205596,0.04738783836364746,-0.24119901657104492,-0.0209403132439121
0.0,0.0,0.0,-0.03652775287628174,-0.046475350856781006,-0.007815287368060808,-0.05748862028121948,-0.10227721929550171,-0.015553907410861711,-0.06345885992050171,-0.15458106994628906,-0.02184010475284026,-0.06826150417327881,-0.1926325559616089,-0.02774485006338523,-0.02293574810028076,-0.13457345962524414,-0.025487404236258726,-0.01586669683456421,-0.21384656429290771,-0.03649128779179023,-0.011162221431732178,-0.25687962770462036,-0.03915675535208152,-0.0074613094329833984,-0.28836652636528015,-0.03965976639992164,0.00959467887878418,-0.13209569454193115,-0.025703137660087805,0.01143801212310791,-0.2228739857673645,-0.037162339234413366,0.01163947582244873,-0.2698020339012146,-0.03829904078847335,0.011616945266723633,-0.30265724658966064,-0.03786496623760627,0.036733388900756836,-0.12649309635162354,-0.025670608425201635,0.03557366132736206,-0.21056607365608215,-0.03451869069940017,0.033675968647003174,-0.2557554543018341,-0.03437491684562133,0.03126567602157593,-0.2891712784767151,-0.0328808295667784,0.05868631601333618,-0.11642205715179443,-0.025944953703941565,0.05885714292526245,-0.17972764372825623,-0.029778366828026037,0.05395972728729248,-0.2130332589149475,-0.027614943602742414,0.04853856563568115,-0.24071207642555237,-0.024999340915741186
0.0,0.0,0.0,-0.036573708057403564,-0.04673004150390625,-0.00840027738115623,-0.05814170837402344,-0.10122025012969971,-0.017328814749930643,-0.06373918056488037,-0.1535249948501587,-0.024919956137750887,-0.07039821147918701,-0.1928653120994568,-0.032415152673934244,-0.022458970546722412,-0.1334419846534729,-0.02639504071078136,-0.016257524490356445,-0.21090471744537354,-0.03774557370445564,-0.012023866176605225,-0.2528986930847168,-0.041237154190753245,-0.007672905921936035,-0.28448057174682617,-0.04244745257994964,0.009687483310699463,-0.1311119794845581,-0.02638384435078933,0.011412441730499268,-0.2196926474571228,-0.037326299731944346,0.011149406433105469,-0.26665425300598145,-0.038864438568566584,0.011085450649261475,-0.299533873796463,-0.03904772657654121,0.03543901443481445,-0.12538236379623413,-0.026037783508513712,0.034563541412353516,-0.2087683081626892,-0.03453362095854118,0.0327945351600647,-0.2534349262714386,-0.03495006743571594,0.030195772647857666,-0.2857562303543091,-0.03406694266698196,0.05609673261642456,-0.1155739426612854,-0.02599290493628814,0.05545896291732788,-0.1789199411869049,-0.029954907630894922,0.05152463912963867,-0.2131071388721466,-0.028335587268088602,0.047200024127960205,-0.2416352927684784,-0.026204406430338167
0.0,0.0,0.0,-0.03702157735824585,-0.04764455556869507,-0.00556623434423642,-0.05852162837982178,-0.10352832078933716,-0.012290333507202433,-0.06432759761810303,-0.1554083228111267,-0.018351394792638587,-0.0686882734298706,-0.19295209646224976,-0.02425709750279026,-0.024421095848083496,-0.13339078426361084,-0.021802181487522887,-0.0161249041557312,-0.21154141426086426,-0.032439766561232375,-0.01098477840423584,-0.25423747301101685,-0.03565138775631027,-0.006806492805480957,-0.28596213459968567,-0.03664146560951309,0.008279621601104736,-0.13126075267791748,-0.023249030222736167,0.01068812608718872,-0.22012266516685486,-0.0331261028699501,0.011672258377075195,-0.26700806617736816,-0.034427451079331206,0.012165248394012451,-0.30000364780426025,-0.03457074809595184,0.035843610763549805,-0.1256352663040161,-0.024499826242767142,0.03553503751754761,-0.2081698179244995,-0.03197387803121643,0.034606099128723145,-0.25331881642341614,-0.03222353208585815,0.032952725887298584,-0.2870452105998993,-0.03145129430814819,0.05826365947723389,-0.1159328818321228,-0.026012577226005362,0.05997419357299805,-0.17786145210266113,-0.029452648123346137,0.055832505226135254,-0.211761474609375,-0.027810363208494948,0.05074000358581543,-0.2402479648590088,-0.02574747066720562
0.0,0.0,0.0,-0.036251723766326904,-0.046164095401763916,-0.005858473099209505,-0.057776808738708496,-0.09929251670837402,-0.013220065824128824,-0.06360960006713867,-0.14942115545272827,-0.019721975169517236,-0.06901711225509644,-0.18513447046279907,-0.02598664499018355,-0.022878944873809814,-0.13001805543899536,-0.023404704026319223,-0.016720712184906006,-0.20870187878608704,-0.03411117158029242,-0.013127267360687256,-0.2513188123703003,-0.037134777374006944,-0.009636402130126953,-0.28299033641815186,-0.03801834917757674,0.010649621486663818,-0.12795299291610718,-0.024659486106969553,0.010670363903045654,-0.21786069869995117,-0.0344507876703517,0.010189354419708252,-0.26315760612487793,-0.034990354991890626,0.010554254055023193,-0.294783353805542,-0.03464274442885085,0.03869444131851196,-0.12347948551177979,-0.025587625421024995,0.03546774387359619,-0.20636573433876038,-0.03259985483381911,0.03371351957321167,-0.2495744824409485,-0.031493577725626665,0.03230792284011841,-0.28148800134658813,-0.029948349661566454,0.06116592884063721,-0.11522245407104492,-0.02688785418067141,0.05980485677719116,-0.1763361692428589,-0.029509210578538614,0.053923606872558594,-0.2084311842918396,-0.026613812513090807,0.04760950803756714,-0.2349848747253418,-0.023752869657613473
0.0,0.0,0.0,-0.03684431314468384,-0.04513108730316162,-0.010044402509734596,-0.05726891756057739,-0.09894424676895142,-0.019765517741248573,-0.06165146827697754,-0.15147250890731812,-0.02817539784292933,-0.06812024116516113,-0.1919994354248047,-0.03649565491060969,-0.01935631036758423,-0.13138490915298462,-0.02780480223874804,-0.01426929235458374,-0.20808497071266174,-0.04023688200096842,-0.010343551635742188,-0.24968785047531128,-0.045060879617736305,-0.005318284034729004,-0.2814551591873169,-0.0473649604914641,0.012933731079101562,-0.12958765029907227,-0.02775734949092623,0.013635098934173584,-0.21755605936050415,-0.03891372966747042,0.013297736644744873,-0.26441147923469543,-0.041091150671050514,0.01401287317276001,-0.2977761924266815,-0.04216056230644938,0.039013683795928955,-0.12481319904327393,-0.027614560976431335,0.03768181800842285,-0.20676937699317932,-0.036391827344701255,0.03607553243637085,-0.250672310590744,-0.03700305807571169,0.034260451793670654,-0.2832127511501312,-0.036612450212047065,0.06012570858001709,-0.11607468128204346,-0.028125302001640762,0.06022995710372925,-0.17713278532028198,-0.03288447397927996,0.056301891803741455,-0.21120575070381165,-0.03178802791218516,0.05172240734100342,-0.24081921577453613,-0.03016792151312586
0.0,0.0,0.0,-0.03439289331436157,-0.05202507972717285,-0.0046806941997274976,-0.05129295587539673,-0.11137992143630981,-0.010079887814448796,-0.051724374294281006,-0.163402259349823,-0.015290435522423707,-0.05052459239959717,-0.20029550790786743,-0.020345149680601082,-0.013474106788635254,-0.1345844268798828,-0.01757565711401554,-0.0017246007919311523,-0.2104543149471283,-0.02733990375660511,0.00568157434463501,-0.24969780445098877,-0.030955473079906426,0.01262587308883667,-0.27878648042678833,-0.03254187677763554,0.018699824810028076,-0.12804096937179565,-0.019761053964124642,0.028034865856170654,-0.21460533142089844,-0.028439570337162934,0.03271538019180298,-0.25932973623275757,-0.030433992042766533,0.03707200288772583,-0.2912026047706604,-0.03142897610329243,0.045382142066955566,-0.11814439296722412,-0.02191387687586399,0.05053216218948364,-0.19888198375701904,-0.028567372008787117,0.05335110425949097,-0.2427661418914795,-0.029786329835282288,0.055189549922943115,-0.2756462097167969,-0.030217779919134102,0.06664478778839111,-0.10432082414627075,-0.024414282410965882,0.0701906681060791,-0.16169589757919312,-0.027709061398731194,0.06924402713775635,-0.19546037912368774,-0.02698510152064415,0.06737786531448364,-0.22356802225112915,-0.025928968682514153
0.0,0.0,0.0,0.030984044075012207,-0.046875178813934326,0.002676605996489556,0.05315524339675903,-0.09659931063652039,-0.0011641252275556013,0.06059163808822632,-0.14342209696769714,-0.005486626825481622,0.06622540950775146,-0.17880359292030334,-0.01244649076387283,0.03271251916885376,-0.1372300684452057,-0.017616180419176786,0.014190673828125,-0.2115180492401123,-0.028580221994966237,0.002941608428955078,-0.2528376877307892,-0.036040493934601514,-0.0054514408111572266,-0.2862519919872284,-0.04110362911149856,0.006308376789093018,-0.12970373034477234,-0.025831728889793126,-0.01194697618484497,-0.21275299787521362,-0.036137176393717496,-0.022526860237121582,-0.26163285970687866,-0.042924167304486005,-0.02956777811050415,-0.2985340356826782,-0.04883863562270996,-0.020106077194213867,-0.11764723062515259,-0.03264797264263031,-0.03466755151748657,-0.19740843772888184,-0.04197486275359985,-0.04258793592453003,-0.24460217356681824,-0.046308902739733426,-0.04719960689544678,-0.280944287776947,-0.049947013794630735,-0.0463448166847229,-0.10236382484436035,-0.03841326171085235,-0.055795907974243164,-0.1655612289905548,-0.047031568079441755,-0.0594404935836792,-0.2010621428489685,-0.04901788541600105,-0.06069815158843994,-0.2324555516242981,-0.050024253963679044
0.0,0.0,0.0,0.03050631284713745,-0.04485815763473511,0.001892378686861207,0.052084147930145264,-0.09298861026763916,-0.001990679169139753,0.057652056217193604,-0.1397113800048828,-0.005773797847396622,0.06213122606277466,-0.1746140420436859,-0.012013546872950087,0.029148459434509277,-0.1291925013065338,-0.020140629943526278,0.009237170219421387,-0.20229807496070862,-0.030929983343995104,-0.0031021833419799805,-0.24299561977386475,-0.0375991675370102,-0.012567579746246338,-0.274970680475235,-0.0418142254763012,0.0014162659645080566,-0.12169355154037476,-0.02705816247693349,-0.016582071781158447,-0.2033132016658783,-0.03742127002409745,-0.027575790882110596,-0.25155067443847656,-0.04345949621132661,-0.03528565168380737,-0.2868800759315491,-0.04833824441961099,-0.024907052516937256,-0.11015304923057556,-0.032455014746702204,-0.03975486755371094,-0.1864246428012848,-0.04139629260829736,-0.04810774326324463,-0.2328297197818756,-0.04558027417591859,-0.05350363254547119,-0.2677815556526184,-0.048786180775678645,-0.04998117685317993,-0.09527352452278137,-0.036775911908662806,-0.05992180109024048,-0.15514150261878967,-0.04499997825554658,-0.06456393003463745,-0.18924805521965027,-0.04701777429512788,-0.06677126884460449,-0.21907365322113037,-0.04782956720522691
0.0,0.0,0.0,0.02933192253112793,-0.04533553123474121,0.0007170867234869149,0.05058246850967407,-0.09487497806549072,-0.004241408716008976,0.059205055236816406,-0.14039310812950134,-0.009124886180327252,0.06848573684692383,-0.17298263311386108,-0.016502845968172863,0.02770066261291504,-0.12855350971221924,-0.021614447171852902,0.008634686470031738,-0.20105889439582825,-0.033551895926759556,-0.002851128578186035,-0.24206268787384033,-0.040968468348548726,-0.011797666549682617,-0.2746327817440033,-0.045791311125324086,0.0015956759452819824,-0.12122377753257751,-0.028642523969576672,-0.016584396362304688,-0.2029452919960022,-0.039986090670392826,-0.02733689546585083,-0.250985324382782,-0.04667066962556632,-0.034500837326049805,-0.2866847515106201,-0.0521515290542105,-0.02420443296432495,-0.1101076602935791,-0.034279430220887974,-0.03946584463119507,-0.18774795532226562,-0.04439243854121955,-0.047826528549194336,-0.23376402258872986,-0.04866408736543448,-0.05270266532897949,-0.2685477137565613,-0.05195311636762412,-0.04951268434524536,-0.09603303670883179,-0.038938106904790715,-0.05930638313293457,-0.15659695863723755,-0.04800169722275527,-0.06326448917388916,-0.1902293860912323,-0.05004905716614516,-0.06479084491729736,-0.21975675225257874,-0.05093222663836272
0.0,0.0,0.0,0.03021484613418579,-0.045742809772491455,0.0016653587219472854,0.05078059434890747,-0.0995168685913086,-0.002365437395202008,0.062465667724609375,-0.1454980969429016,-0.006779480085970846,0.07538586854934692,-0.17618659138679504,-0.013655569230468956,0.027862906455993652,-0.1330392062664032,-0.01863750611737558,0.009984016418457031,-0.20423978567123413,-0.03008569200828859,-0.000959932804107666,-0.2457502782344818,-0.0374341065187771,-0.009803950786590576,-0.2790519595146179,-0.04241420497492143,0.001964569091796875,-0.12677860260009766,-0.02612668630972692,-0.016682922840118408,-0.20717531442642212,-0.03694781457379648,-0.02769559621810913,-0.2546355724334717,-0.043511641969235626,-0.034809768199920654,-0.2905295491218567,-0.04895046522215196,-0.023456692695617676,-0.11550658941268921,-0.03238954191401788,-0.03845089673995972,-0.19191813468933105,-0.042013445695193496,-0.04656583070755005,-0.23752251267433167,-0.046444261272700516,-0.05131661891937256,-0.2722974419593811,-0.04987273906663248,-0.047577500343322754,-0.10064113140106201,-0.037708798249514786,-0.05754357576370239,-0.15936970710754395,-0.046302450646908966,-0.06175941228866577,-0.19358742237091064,-0.04854723234966585,-0.06342864036560059,-0.22349295020103455,-0.04963353445127794
0.0,0.0,0.0,0.03092360496520996,-0.047936856746673584,0.0037042757218386235,0.05110734701156616,-0.09911632537841797,0.00036737429459199333,0.060800135135650635,-0.14532256126403809,-0.0037652298154626784,0.07222330570220947,-0.17584165930747986,-0.010430267527544945,0.028382062911987305,-0.13293781876564026,-0.015542246848190278,0.01049506664276123,-0.20165908336639404,-0.02581108313038394,-0.0005458593368530273,-0.23999664187431335,-0.03281338091924235,-0.009259462356567383,-0.27067089080810547,-0.03760144066050097,0.0025945305824279785,-0.12653890252113342,-0.023698064945483654,-0.01589024066925049,-0.20528197288513184,-0.03327872555687472,-0.0264432430267334,-0.2506905198097229,-0.03965152379109904,-0.033994853496551514,-0.2849462032318115,-0.045199274532342404,-0.02235555648803711,-0.11445838212966919,-0.030425473563218564,-0.03774154186248779,-0.19124743342399597,-0.0391284595055823,-0.046452999114990234,-0.23552492260932922,-0.04312975656225726,-0.052379488945007324,-0.26967304944992065,-0.04651968505218074,-0.04645794630050659,-0.09843790531158447,-0.03603799965217158,-0.05618643760681152,-0.15844866633415222,-0.04379593159987971,-0.060095131397247314,-0.191782146692276,-0.04544435020520732,-0.062175869941711426,-0.221258282661438,-0.04629691641762301
0.0,0.0,0.0,0.029653966426849365,-0.045115113258361816,0.0017586940571305831,0.049841463565826416,-0.09645682573318481,-0.002487681466377012,0.05983859300613403,-0.14154672622680664,-0.007085521598568789,0.07123678922653198,-0.1721060872077942,-0.014152235710284344,0.02683079242706299,-0.12916997075080872,-0.019438522295317284,0.009322524070739746,-0.1993928849697113,-0.03094637243565046,-0.0012967586517333984,-0.23971354961395264,-0.03824432975169145,-0.010013699531555176,-0.2716962993144989,-0.04318244046088182,0.0014891624450683594,-0.12254825234413147,-0.02715325577672445,-0.015544533729553223,-0.2014855444431305,-0.03799026867862665,-0.02576833963394165,-0.2475738823413849,-0.04460321030136072,-0.03277945518493652,-0.2821829915046692,-0.050137874097785584,-0.02324622869491577,-0.11101502180099487,-0.03356925806518518,-0.037057459354400635,-0.18643823266029358,-0.043376632393560044,-0.04503911733627319,-0.231460303068161,-0.04823645240183794,-0.05006927251815796,-0.2660348415374756,-0.052116960645875565,-0.047059714794158936,-0.09605622291564941,-0.038983330489358536,-0.05629110336303711,-0.1536700427532196,-0.04808966851349794,-0.06037008762359619,-0.18714836239814758,-0.05086747965331995,-0.06226986646652222,-0.21682137250900269,-0.05244660413380586
0.0,0.0,0.0,0.030826151371002197,-0.04403531551361084,0.00018492833249084129,0.05122637748718262,-0.09286034107208252,-0.00460010430481006,0.0614471435546875,-0.13725820183753967,-0.009383255976100457,0.07188129425048828,-0.16816550493240356,-0.01650842874016334,0.02774101495742798,-0.1304117739200592,-0.01876372134949733,0.009189784526824951,-0.1995842456817627,-0.02954241483177711,-0.0020602941513061523,-0.23879876732826233,-0.036980476590652955,-0.010712087154388428,-0.27078163623809814,-0.0421485010411935,0.001838386058807373,-0.12389174103736877,-0.025260376172919763,-0.01565706729888916,-0.20224204659461975,-0.03537865391637851,-0.02569115161895752,-0.24868956208229065,-0.04254808685447742,-0.03228956460952759,-0.28381651639938354,-0.04865410959984828,-0.02323085069656372,-0.11247730255126953,-0.030522372933884157,-0.037531375885009766,-0.18752655386924744,-0.039996583374996675,-0.045445263385772705,-0.2326858639717102,-0.045128092530031694,-0.05002295970916748,-0.26707422733306885,-0.04921412131454517,-0.04705810546875,-0.09781086444854736,-0.034909401449223054,-0.05655395984649658,-0.15679454803466797,-0.043667268368263734,-0.060440123081207275,-0.18994086980819702,-0.04623385927345325,-0.06178390979766846,-0.21888288855552673,-0.047670424344797624
0.0,0.0,0.0,0.03066563606262207,-0.04671823978424072,0.002598661868379537,0.0494723916053772,-0.09845578670501709,-0.0012980169295211397,0.058383822441101074,-0.14291462302207947,-0.005560354390635069,0.07026064395904541,-0.1706623136997223,-0.012000361052795228,0.025038957595825195,-0.1295488178730011,-0.018652696689112958,0.0064141154289245605,-0.20065516233444214,-0.02919009939347106,-0.004339754581451416,-0.2395647168159485,-0.035651041721447285,-0.012610375881195068,-0.2706710994243622,-0.0399115966311534,-0.001404106616973877,-0.12199372053146362,-0.02605306223545867,-0.018707215785980225,-0.20160838961601257,-0.03600731730972129,-0.028470754623413086,-0.24755483865737915,-0.041898357277258214,-0.035273730754852295,-0.28154677152633667,-0.0467712679556449,-0.026140332221984863,-0.11036527156829834,-0.031908499603613194,-0.041047632694244385,-0.1864171028137207,-0.04053912550721961,-0.048886895179748535,-0.23070496320724487,-0.04394847021017867,-0.053243398666381836,-0.2644253373146057,-0.04667376220737296,-0.04928469657897949,-0.09520912170410156,-0.0367605374804576,-0.0595703125,-0.15618696808815002,-0.04452648997817832,-0.06359779834747314,-0.1895802617073059,-0.04573306307707625,-0.06525355577468872,-0.2180357575416565,-0.04602517426524955
0.0,0.0,0.0,0.007029548287391663,-0.08090066909790039,0.027789947925185743,0.03509993851184845,-0.13847142457962036,0.03523423464415032,0.06644584238529205,-0.17294389009475708,0.035790733410095754,0.09255848824977875,-0.18621379137039185,0.03593605698463875,0.05785386264324188,-0.18264764547348022,0.014911411678468767,0.11435084044933319,-0.23910754919052124,0.008720353594100061,0.1542644053697586,-0.2492249608039856,0.010346152236735406,0.18061871826648712,-0.2439020872116089,0.014674087403392377,0.0819045752286911,-0.16401726007461548,-0.004311509547704873,0.15656481683254242,-0.2172762155532837,-0.009062531055832324,0.1991034597158432,-0.21979951858520508,-0.0048882412965838284,0.22181324660778046,-0.20755720138549805,0.0008888051952737896,0.10232330858707428,-0.13297683000564575,-0.022390621365929064,0.1725732535123825,-0.18123513460159302,-0.02408544963779491,0.21468405425548553,-0.18673914670944214,-0.020256203250909266,0.2395997792482376,-0.1795232892036438,-0.01607514044823688,0.11977316439151764,-0.09195733070373535,-0.038389240043187556,0.17828227579593658,-0.13435614109039307,-0.036936265068078455,0.21393726766109467,-0.14597094058990479,-0.0324643558132891,0.23895876109600067,-0.1491524577140808,-0.027839404182458338
0.0,0.0,0.0,0.0328441858291626,-0.04149574041366577,0.0026801263091744687,0.05543529987335205,-0.08645510673522949,-0.0011480484746737574,0.06415724754333496,-0.1300872266292572,-0.005362217117321322,0.07192695140838623,-0.16138634085655212,-0.011913019966554472,0.03302204608917236,-0.12240511178970337,-0.01810292041696293,0.020175516605377197,-0.19404089450836182,-0.028368902195465395,0.011117041110992432,-0.23295915126800537,-0.03493133446968777,0.0041315555572509766,-0.2639511823654175,-0.03929983339108212,0.006332695484161377,-0.11804324388504028,-0.025518932182562182,-0.005119979381561279,-0.19784659147262573,-0.03506440183914883,-0.011408746242523193,-0.24419870972633362,-0.04137460402048809,-0.015482187271118164,-0.2787720561027527,-0.04693729317582829,-0.01889491081237793,-0.10956889390945435,-0.03142815342940075,-0.027938008308410645,-0.1862908899784088,-0.03979578873909695,-0.03214740753173828,-0.23147282004356384,-0.04421719423331005,-0.034260332584381104,-0.26602238416671753,-0.0480923343340276,-0.04275977611541748,-0.09705847501754761,-0.0362895268837331,-0.04754912853240967,-0.15706557035446167,-0.04423231891192181,-0.04924803972244263,-0.19012853503227234,-0.04625453687108738,-0.04952394962310791,-0.21881037950515747,-0.04745497069157345
0.0,0.0,0.0,0.032262444496154785,-0.04223507642745972,0.0014750535005063625,0.053558290004730225,-0.08851724863052368,-0.0033690320457040457,0.062341272830963135,-0.13296100497245789,-0.008329254681122222,0.07089602947235107,-0.16657784581184387,-0.01565904646540872,0.030290722846984863,-0.12482383847236633,-0.02090555346931211,0.017556369304656982,-0.19761833548545837,-0.0324515151920437,0.008706092834472656,-0.23712292313575745,-0.039358143800747314,0.0016537308692932129,-0.26836881041526794,-0.04373921185160867,0.004176497459411621,-0.11965340375900269,-0.028251196363818565,-0.0074523091316223145,-0.2017429769039154,-0.039454680973541656,-0.014484524726867676,-0.24906134605407715,-0.046347198182594695,-0.01894479990005493,-0.28384631872177124,-0.05193839698458902,-0.021161198616027832,-0.1094931960105896,-0.03406933798815004,-0.030762314796447754,-0.18849259614944458,-0.0439643944742798,-0.03597301244735718,-0.23467838764190674,-0.048628726148855606,-0.03816699981689453,-0.2698119878768921,-0.05233912273670427,-0.04554009437561035,-0.09488856792449951,-0.03882177277828447,-0.05114215612411499,-0.1563078761100769,-0.0480426038744568,-0.05300837755203247,-0.19017022848129272,-0.05035311087394945,-0.05318516492843628,-0.21981477737426758,-0.05150576412106744
0.0,0.0,0.0,0.032315969467163086,-0.0422019362449646,0.0013715324418761554,0.05371183156967163,-0.08700984716415405,-0.0032409402813620147,0.06338924169540405,-0.13097715377807617,-0.008009757501245218,0.07078146934509277,-0.16532424092292786,-0.01488411485141583,0.031013190746307373,-0.12346336245536804,-0.018632910800338465,0.01887655258178711,-0.1966629922389984,-0.029532262710095125,0.0100974440574646,-0.23542606830596924,-0.03630454244947501,0.002873718738555908,-0.2657685875892639,-0.04044858890509673,0.004479765892028809,-0.11879587173461914,-0.02541688422596522,-0.007049083709716797,-0.20047396421432495,-0.035587677386761385,-0.014307975769042969,-0.24684607982635498,-0.04201975989079543,-0.01921534538269043,-0.2808842957019806,-0.04720890673732825,-0.021179378032684326,-0.10943490266799927,-0.030876226377845484,-0.030909061431884766,-0.1883951723575592,-0.03981958853936263,-0.03624522686004639,-0.23385369777679443,-0.04408773186540671,-0.03907442092895508,-0.26798510551452637,-0.04743979277944632,-0.04529374837875366,-0.09597700834274292,-0.03534957545733519,-0.05143612623214722,-0.15761831402778625,-0.04357659223413535,-0.05364435911178589,-0.1913447082042694,-0.04543500917887755,-0.054233014583587646,-0.2201518416404724,-0.04618836346006461
0.0,0.0,0.0,0.03410327434539795,-0.03934758901596069,0.001701716795345476,0.05662637948989868,-0.08331954479217529,-0.0026719376949913,0.06608670949935913,-0.12774771451950073,-0.007126369284684131,0.07383275032043457,-0.1614157259464264,-0.013901100730741689,0.03383362293243408,-0.12012860178947449,-0.01967934542729921,0.021906912326812744,-0.1924211084842682,-0.030288823185706804,0.01239556074142456,-0.23173657059669495,-0.037027243761563966,0.004576683044433594,-0.2632833421230316,-0.041494872657800386,0.0068808794021606445,-0.11633080244064331,-0.026656702397609422,-0.0043296217918396,-0.1973501741886139,-0.036849081753040025,-0.01095515489578247,-0.24450188875198364,-0.04353327327802248,-0.015503644943237305,-0.2797876000404358,-0.04923457676007814,-0.018847286701202393,-0.1078692078590393,-0.03212108114197321,-0.027615666389465332,-0.18580001592636108,-0.041156709430957505,-0.03251767158508301,-0.23172715306282043,-0.04588504159286089,-0.03551250696182251,-0.26699525117874146,-0.04984021210506029,-0.04288017749786377,-0.09507185220718384,-0.03651639842822618,-0.0477907657623291,-0.1553393006324768,-0.04512604722216196,-0.04969662427902222,-0.18905681371688843,-0.047480289129758546,-0.050179123878479004,-0.21864929795265198,-0.048783831535125444
0.0,0.0,0.0,0.03290468454360962,-0.04090839624404907,0.0018943122367138798,0.056674063205718994,-0.08580541610717773,-0.002053282664832956,0.06882685422897339,-0.12921744585037231,-0.006444938922045118,0.07737314701080322,-0.16165059804916382,-0.01313656286683429,0.03287398815155029,-0.1291336715221405,-0.01689305805948127,0.01957041025161743,-0.20167666673660278,-0.027193239865568763,0.010455727577209473,-0.24175968766212463,-0.03444287457850326,0.0032103657722473145,-0.2742633819580078,-0.03946274050858367,0.006726324558258057,-0.1254095733165741,-0.024240716336039192,-0.005286037921905518,-0.2057018280029297,-0.034131745783356315,-0.012357890605926514,-0.2533009350299835,-0.0411554230132376,-0.017724812030792236,-0.28942373394966125,-0.04729621016767371,-0.018392443656921387,-0.11628758907318115,-0.030271341068414337,-0.028104543685913086,-0.19252455234527588,-0.03890782499101508,-0.033357441425323486,-0.23842132091522217,-0.04354156458165992,-0.036984264850616455,-0.27342915534973145,-0.047545406011608726,-0.04227650165557861,-0.10262793302536011,-0.035434196678665764,-0.047111451625823975,-0.16236218810081482,-0.04319896825936187,-0.04912889003753662,-0.19588702917099,-0.04515504741456855,-0.05004751682281494,-0.22498354315757751,-0.046362320868042595
0.0,0.0,0.0,0.03435283899307251,-0.04063737392425537,0.003949187387449982,0.05803400278091431,-0.08494329452514648,0.0014530570886268634,0.06849688291549683,-0.1284199357032776,-0.001557369093672989,0.07673108577728271,-0.15931996703147888,-0.0067234885238871556,0.0338248610496521,-0.12615785002708435,-0.015353236190305708,0.021328210830688477,-0.19957691431045532,-0.024465245037601946,0.01208949089050293,-0.23878973722457886,-0.03026267963580942,0.004899382591247559,-0.2694336771965027,-0.034116237267182825,0.0070348381996154785,-0.12291955947875977,-0.022619592800067423,-0.004685699939727783,-0.20410501956939697,-0.0318160977505908,-0.011534512042999268,-0.24972432851791382,-0.03761396820776319,-0.016375482082366943,-0.2833442687988281,-0.04259281496636724,-0.018200159072875977,-0.11435467004776001,-0.028309524833487032,-0.02657228708267212,-0.1909981369972229,-0.03632844130627966,-0.030688941478729248,-0.23484522104263306,-0.04007694388859129,-0.03325176239013672,-0.267472505569458,-0.04321389536492681,-0.041815996170043945,-0.10068905353546143,-0.032871483668015955,-0.046567559242248535,-0.16086965799331665,-0.040106016054080484,-0.04861050844192505,-0.19337567687034607,-0.04139890040390348,-0.0497133731842041,-0.2209518849849701,-0.04195824529163694
0.0,0.0,0.0,0.032744407653808594,-0.039932847023010254,0.0014432148112817345,0.054883718490600586,-0.083973228931427,-0.0033989603594974938,0.0645289421081543,-0.128864586353302,-0.008244285728885359,0.07245087623596191,-0.16304457187652588,-0.015459619831396765,0.03103816509246826,-0.12600618600845337,-0.020597543936325735,0.018857836723327637,-0.1992725431919098,-0.0316993616485135,0.009180545806884766,-0.23918187618255615,-0.03871920555467767,0.0008496642112731934,-0.27087706327438354,-0.04316630065078897,0.003971874713897705,-0.1215810775756836,-0.02733213118846578,-0.00747305154800415,-0.20329904556274414,-0.03778190761442346,-0.014990150928497314,-0.2501954734325409,-0.04426273181672258,-0.020511090755462646,-0.28481340408325195,-0.049632912870599455,-0.02141624689102173,-0.11211663484573364,-0.03249708041186494,-0.030411124229431152,-0.19086194038391113,-0.04128049909706277,-0.03559672832489014,-0.23624661564826965,-0.04532947986955804,-0.03890585899353027,-0.27014005184173584,-0.04871551170582933,-0.0452045202255249,-0.0979759693145752,-0.03666514008875055,-0.049965083599090576,-0.15899315476417542,-0.04455564021701974,-0.05182868242263794,-0.19265902042388916,-0.046105755861951536,-0.05250304937362671,-0.22138506174087524,-0.04674802198643846
0.0,0.0,0.0,0.03360527753829956,-0.04159492254257202,0.0017051054333290239,0.05525016784667969,-0.08720743656158447,-0.0027515328087890367,0.06599295139312744,-0.13252604007720947,-0.007417786500328205,0.07421398162841797,-0.16682538390159607,-0.014370411734008215,0.031121432781219482,-0.12737217545509338,-0.018622290442609213,0.01876688003540039,-0.20105764269828796,-0.029331941257142446,0.009508728981018066,-0.2408546805381775,-0.03626938360454979,0.0017798542976379395,-0.2728596031665802,-0.040718583489679716,0.004578888416290283,-0.12330830097198486,-0.02558166171135845,-0.007563889026641846,-0.20705711841583252,-0.03562746765735092,-0.01480954885482788,-0.25441423058509827,-0.04212930249693336,-0.019887208938598633,-0.2897680103778839,-0.04756195294382515,-0.02097839117050171,-0.11422324180603027,-0.031070267881178282,-0.030713379383087158,-0.19454792141914368,-0.03975339802625122,-0.035678207874298096,-0.24030673503875732,-0.04369307133080902,-0.038430869579315186,-0.2750849723815918,-0.04697276103022041,-0.0451815128326416,-0.10064566135406494,-0.03557629706981125,-0.05043131113052368,-0.1634671688079834,-0.04329632046344223,-0.05179876089096069,-0.19698569178581238,-0.044473579252981565,-0.0519024133682251,-0.2256181240081787,-0.04487809362533035
0.0,0.0,0.0,0.03378933668136597,-0.041571199893951416,0.0011534251186908762,0.05693274736404419,-0.08413779735565186,-0.003575091561497601,0.06719505786895752,-0.12889006733894348,-0.008166216625095757,0.07578319311141968,-0.16186881065368652,-0.014754535010279568,0.031605660915374756,-0.12436109781265259,-0.019464360861302765,0.020975589752197266,-0.1986287236213684,-0.03018609651756421,0.01207268238067627,-0.23778843879699707,-0.036741357607962044,0.004876852035522461,-0.2682163119316101,-0.040772170139671715,0.0037120580673217773,-0.12065935134887695,-0.025821263281823548,-0.006854116916656494,-0.20480969548225403,-0.03594290496242181,-0.013226330280303955,-0.25200098752975464,-0.042557329250694664,-0.01713031530380249,-0.2869219183921814,-0.04793822051417962,-0.021868407726287842,-0.1119382381439209,-0.030659223286630066,-0.03071296215057373,-0.19154909253120422,-0.03945488513839379,-0.03510439395904541,-0.23798313736915588,-0.044031396819473656,-0.03711968660354614,-0.27345651388168335,-0.0477345737947239,-0.0452190637588501,-0.09831345081329346,-0.03448037834298745,-0.05014693737030029,-0.15944534540176392,-0.04249867828023568,-0.05124419927597046,-0.1927957832813263,-0.04433599890601769,-0.050538837909698486,-0.22186443209648132,-0.0451665002239956
0.0,0.0,0.0,0.034651219844818115,-0.039674460887908936,0.0016549781299994848,0.05746704339981079,-0.08475375175476074,-0.0024027214516086914,0.06642317771911621,-0.13007405400276184,-0.006557846687747393,0.0735929012298584,-0.16348594427108765,-0.012949886046363268,0.033168137073516846,-0.12576064467430115,-0.018976768724633608,0.02058541774749756,-0.19759774208068848,-0.029575644306851778,0.010290801525115967,-0.23629188537597656,-0.03650924029202596,0.002158522605895996,-0.26707923412323,-0.041160537175847445,0.0062247514724731445,-0.12225261330604553,-0.025865996502353106,-0.006138801574707031,-0.20362508296966553,-0.03628962325306073,-0.0136641263961792,-0.2508693337440491,-0.04329730781169072,-0.018873751163482666,-0.28650009632110596,-0.04929788994045392,-0.019176185131072998,-0.11335372924804688,-0.031234991051269922,-0.029334425926208496,-0.1909245252609253,-0.040448000900460634,-0.03482162952423096,-0.23711633682250977,-0.045209108166409884,-0.03810584545135498,-0.2727785110473633,-0.04919643910975591,-0.04291456937789917,-0.09979718923568726,-0.035580011330558214,-0.04861032962799072,-0.1605854630470276,-0.04407573329658643,-0.05091911554336548,-0.19381392002105713,-0.04615700083227292,-0.051655590534210205,-0.22308826446533203,-0.04732854130120412
0.0,0.0,0.0,0.03302580118179321,-0.042192041873931885,0.003269074747251466,0.055655837059020996,-0.08645141124725342,-0.00027634357623185224,0.06596195697784424,-0.1313062310218811,-0.004384862927807376,0.07274681329727173,-0.1654128134250641,-0.010695688163949058,0.03394520282745361,-0.12946191430091858,-0.015614987088454768,0.021323978900909424,-0.20300719141960144,-0.025701233854604766,0.011138379573822021,-0.24211198091506958,-0.03253742281169991,0.0031188130378723145,-0.27327054738998413,-0.037059802299452826,0.007638037204742432,-0.12563422322273254,-0.02310809839339356,-0.004901766777038574,-0.2080272138118744,-0.03270149949760537,-0.012298583984375,-0.25467437505722046,-0.03902636814684968,-0.01728922128677368,-0.2896026372909546,-0.04456714886994462,-0.01827949285507202,-0.11697912216186523,-0.029222605487419173,-0.02826017141342163,-0.19624006748199463,-0.03772968027563195,-0.03306305408477783,-0.24115577340126038,-0.041546419000340506,-0.03573209047317505,-0.2752130925655365,-0.044830720609141395,-0.04322594404220581,-0.10358321666717529,-0.03430439133019547,-0.048850834369659424,-0.16633450984954834,-0.041683826332999274,-0.05102938413619995,-0.19944772124290466,-0.04281478721470933,-0.05178290605545044,-0.22779560089111328,-0.043352406209422156
0.0,0.0,0.0,0.03387892246246338,-0.040228843688964844,0.0014607404675466285,0.05749869346618652,-0.08295410871505737,-0.002667999934391929,0.06767451763153076,-0.12621599435806274,-0.0070751771479713454,0.07542973756790161,-0.15921911597251892,-0.013851046670215084,0.03387957811355591,-0.1286729872226715,-0.016571318838732196,0.021245241165161133,-0.20143496990203857,-0.02673419762028928,0.0125885009765625,-0.24208611249923706,-0.03396288316323037,0.0060669779777526855,-0.2749086022377014,-0.0389773921258616,0.006996214389801025,-0.1253029704093933,-0.02369697402788873,-0.004076659679412842,-0.20678386092185974,-0.033248938728110744,-0.00984281301498413,-0.2546682357788086,-0.04056774835659738,-0.013306498527526855,-0.2905765771865845,-0.04684191953016992,-0.018653810024261475,-0.11599874496459961,-0.02954902883245225,-0.0272672176361084,-0.19502612948417664,-0.03855880733205552,-0.03187686204910278,-0.2416507601737976,-0.04405609156562562,-0.0342937707901001,-0.2771068811416626,-0.04846813540531869,-0.04308497905731201,-0.10197967290878296,-0.034424200762050106,-0.04818803071975708,-0.16312918066978455,-0.043226007480161144,-0.049804091453552246,-0.19703790545463562,-0.04598877962304826,-0.049616456031799316,-0.22670072317123413,-0.04749876271559472
0.0,0.0,0.0,0.031307339668273926,-0.03491634130477905,0.0009436998188872003,0.0538598895072937,-0.07741624116897583,-0.0019837491308893895,0.06464463472366333,-0.11609172821044922,-0.005730445180236909,0.07388293743133545,-0.1448146402835846,-0.011637163963317487,0.034424424171447754,-0.12808355689048767,-0.010764193404614542,0.020158052444458008,-0.19309023022651672,-0.02058842374026737,0.01116645336151123,-0.23044008016586304,-0.028672428485154722,0.0048708319664001465,-0.26055818796157837,-0.03446442043423614,0.01220768690109253,-0.12699753046035767,-0.017946758922338102,0.00047087669372558594,-0.19875234365463257,-0.02707425473272762,-0.006449282169342041,-0.24234360456466675,-0.03490943243741951,-0.010765910148620605,-0.2763691544532776,-0.0414201036655899,-0.011182725429534912,-0.11912417411804199,-0.024484676923751447,-0.020802557468414307,-0.1890861690044403,-0.03409449165701828,-0.026857078075408936,-0.23124557733535767,-0.04007503917455635,-0.030167996883392334,-0.2646796703338623,-0.044414041247367475,-0.035580337047576904,-0.10585898160934448,-0.03031778676450214,-0.04209423065185547,-0.16045734286308289,-0.03962370907902679,-0.04588204622268677,-0.19159150123596191,-0.042730515506267164,-0.04789096117019653,-0.2184416651725769,-0.04427706604838333
0.0,0.0,0.0,0.0356900691986084,-0.033081650733947754,0.0053893358414853765,0.06128460168838501,-0.0724841058254242,0.004743216369845982,0.07118594646453857,-0.113472580909729,0.0032471346637095166,0.07947927713394165,-0.14138171076774597,-0.0008484060092968093,0.04581671953201294,-0.12731412053108215,-0.009103232252797966,0.03199523687362671,-0.1989355981349945,-0.016725668873093014,0.023595750331878662,-0.24119174480438232,-0.02241478506793726,0.018670320510864258,-0.2745324969291687,-0.026682710464498882,0.02121102809906006,-0.12741416692733765,-0.017153348963162784,0.009256243705749512,-0.20942410826683044,-0.025379719402096157,0.002527594566345215,-0.25712333619594574,-0.031840803291103725,-0.0005783438682556152,-0.29221589863300323,-0.037269348468086605,-0.004288434982299805,-0.12050840258598328,-0.023772241737148647,-0.01411980390548706,-0.19854924082756042,-0.03287226166894186,-0.01967841386795044,-0.24458461999893188,-0.03815844487716902,-0.021772384643554688,-0.2791617065668106,-0.041676132197878246,-0.03123009204864502,-0.10824358463287354,-0.029039919565818195,-0.03605562448501587,-0.16940325498580933,-0.03713762220313299,-0.03894162178039551,-0.20316344499588013,-0.039538091238043194,-0.03934609889984131,-0.2320174276828766,-0.04053439777662504
0.0,0.0,0.0,0.034574031829833984,-0.03353032469749451,0.006515513865307021,0.0586237907409668,-0.07333061099052429,0.006907149443432736,0.06787705421447754,-0.11476331949234009,0.006318721214339185,0.07544773817062378,-0.14372733235359192,0.00324835511113708,0.04347109794616699,-0.13215216994285583,-0.0064197757821231605,0.028510570526123047,-0.20399868488311768,-0.013028821682527614,0.0187528133392334,-0.24520114064216614,-0.018219655154243064,0.012933015823364258,-0.2771800607442856,-0.0221629922818094,0.019927024841308594,-0.1316511034965515,-0.014451257659092498,0.007430970668792725,-0.21327999234199524,-0.02208192996491487,-0.0003478527069091797,-0.2597728669643402,-0.02781403042186792,-0.004241526126861572,-0.29401546716690063,-0.03250509291698034,-0.005297720432281494,-0.124073326587677,-0.021055310739174438,-0.01610267162322998,-0.20106959342956543,-0.029393998680606437,-0.021809875965118408,-0.24581801891326904,-0.03388722777177389,-0.023847103118896484,-0.2796080857515335,-0.036785529701009345,-0.032394230365753174,-0.11122724413871765,-0.02625746629942949,-0.03827410936355591,-0.17122405767440796,-0.032947627602115226,-0.04119586944580078,-0.2039477527141571,-0.03420474916507299,-0.041506946086883545,-0.2317538559436798,-0.034487703589692664
0.0,0.0,0.0,0.03888458013534546,-0.03142291307449341,-0.010858802556654723,0.06569898128509521,-0.07572293281555176,-0.01823769366707495,0.07909262180328369,-0.11938837170600891,-0.023350492551585944,0.0893898606300354,-0.15139439702033997,-0.02978707334365538,0.029052257537841797,-0.12017765641212463,-0.022380812525412352,0.016637980937957764,-0.18787622451782227,-0.03334447039630106,0.009369194507598877,-0.22729766368865967,-0.041805051698943885,0.002592623233795166,-0.26015686988830566,-0.04746622262861422,0.0007449984550476074,-0.11601284146308899,-0.022545405164024146,-0.010068774223327637,-0.19155609607696533,-0.03277695222165278,-0.014878630638122559,-0.23810309171676636,-0.04173373101617983,-0.01897597312927246,-0.27299463748931885,-0.049104903325101645,-0.022153019905090332,-0.10869884490966797,-0.022521960049530776,-0.028864026069641113,-0.17928490042686462,-0.03198205722834757,-0.03155702352523804,-0.22231775522232056,-0.03859878747131518,-0.03403675556182861,-0.25423645973205566,-0.043101903482934745,-0.04007178544998169,-0.09934750199317932,-0.022735713481566222,-0.04210460186004639,-0.15628576278686523,-0.03062463594939402,-0.04229557514190674,-0.1895292103290558,-0.033543769701978476,-0.04190331697463989,-0.21675962209701538,-0.03506893707778147
0.0,0.0,0.0,0.03773999214172363,-0.035385727882385254,-0.0077483602013899144,0.06679904460906982,-0.07844066619873047,-0.01414384312522543,0.07980835437774658,-0.1248537003993988,-0.018440936613501435,0.08622699975967407,-0.15849173069000244,-0.024506361145199662,0.028180480003356934,-0.12249511480331421,-0.021385512236179238,0.01336592435836792,-0.1918671727180481,-0.03041728298705948,0.0047209858894348145,-0.23003751039505005,-0.03758274476570023,-0.001747727394104004,-0.2614755630493164,-0.042675306010664826,-0.0002484321594238281,-0.11854058504104614,-0.02274884182554615,-0.013490140438079834,-0.1951179802417755,-0.03082672778111828,-0.02017766237258911,-0.23917460441589355,-0.038773131478251344,-0.02468162775039673,-0.2717755436897278,-0.04592667977851761,-0.023170948028564453,-0.11094030737876892,-0.023302095863641625,-0.032850682735443115,-0.1819850206375122,-0.03059546734732521,-0.03702735900878906,-0.22546470165252686,-0.03656661968273056,-0.04014986753463745,-0.25804585218429565,-0.041520633656205064,-0.04204219579696655,-0.10049736499786377,-0.02376849475842846,-0.046580612659454346,-0.15775281190872192,-0.030275248843850022,-0.04880023002624512,-0.18947508931159973,-0.03237208064240349,-0.050053536891937256,-0.2169530987739563,-0.033749182630003816
0.0,0.0,0.0,0.03888756036758423,-0.03468078374862671,-0.008657292630857683,0.06621289253234863,-0.07776764035224915,-0.01506652234155581,0.07923692464828491,-0.12331482768058777,-0.01901775987852261,0.08919334411621094,-0.15534049272537231,-0.02414941245723412,0.023490548133850098,-0.12072819471359253,-0.022642607037312246,0.011569499969482422,-0.19254302978515625,-0.03109250234473393,0.005706191062927246,-0.23082274198532104,-0.03666266443241284,0.0008496642112731934,-0.26129651069641113,-0.04038278030265019,-0.004829525947570801,-0.11660537123680115,-0.022784441877490735,-0.014309108257293701,-0.19444996118545532,-0.03181743638623402,-0.01837623119354248,-0.23925068974494934,-0.038915187288409925,-0.021659493446350098,-0.27104654908180237,-0.0446683021079366,-0.027202367782592773,-0.10894593596458435,-0.0221086574535434,-0.03331214189529419,-0.18056905269622803,-0.030012050811535573,-0.03562289476394653,-0.22396579384803772,-0.035232026297933317,-0.037689924240112305,-0.2551199197769165,-0.03889739157665417,-0.044943928718566895,-0.09893739223480225,-0.021353382785207486,-0.04643058776855469,-0.15696364641189575,-0.027746522967106557,-0.046501338481903076,-0.18901875615119934,-0.029519962314850545,-0.04601234197616577,-0.21543297171592712,-0.030274115670806623
0.0,0.0,0.0,0.03484773635864258,-0.04078289866447449,-0.0003631703042490386,0.05882793664932251,-0.08447536826133728,-0.0032445061264159136,0.063914954662323,-0.1343328356742859,-0.0053559415286006384,0.0631551742553711,-0.17031052708625793,-0.009424932697934096,0.029274582862854004,-0.13078689575195312,-0.013551950851601546,0.011090397834777832,-0.2008596658706665,-0.020846779855114406,0.00016635656356811523,-0.23674941062927246,-0.02675722485981602,-0.007968902587890625,-0.26562780141830444,-0.030846902566176837,-3.254413604736328e-05,-0.12480133771896362,-0.01749746634266991,-0.016451358795166016,-0.20263338088989258,-0.024036403210979884,-0.025458812713623047,-0.24606594443321228,-0.03004622033439297,-0.03182882070541382,-0.27862632274627686,-0.03561095839939732,-0.024996042251586914,-0.11377611756324768,-0.020291333483678287,-0.0375252366065979,-0.1864539384841919,-0.02641695684395451,-0.04424440860748291,-0.2297503650188446,-0.030686087371927684,-0.04873079061508179,-0.26249444484710693,-0.03435990160904545,-0.04662853479385376,-0.0993179976940155,-0.02233423611722607,-0.05373793840408325,-0.15753713250160217,-0.027619569959265178,-0.05699199438095093,-0.18780052661895752,-0.028446742730361407,-0.058007240295410156,-0.21376222372055054,-0.028813184635859912
0.0,0.0,0.0,0.03918379545211792,-0.039702773094177246,-0.005466096174178148,0.06803011894226074,-0.08847659826278687,-0.010231553647873426,0.07605153322219849,-0.1444399654865265,-0.01331319015121224,0.07398432493209839,-0.1831308901309967,-0.018363545719740415,0.03275036811828613,-0.13150370121002197,-0.019388034079430128,0.017621159553527832,-0.20563951134681702,-0.02871422383582356,0.008705556392669678,-0.24518409371376038,-0.03611921433007481,0.0020338892936706543,-0.27790939807891846,-0.04149079609310391,0.0032019615173339844,-0.12632593512535095,-0.021861375380513692,-0.010167360305786133,-0.2072354257106781,-0.030308532599566007,-0.016896963119506836,-0.2541245222091675,-0.03815764102732899,-0.021331369876861572,-0.28996193408966064,-0.04532617989575627,-0.02155017852783203,-0.11645179986953735,-0.023522592220661664,-0.03122234344482422,-0.191997230052948,-0.03179754603302243,-0.03615128993988037,-0.2388761043548584,-0.038059081021902585,-0.03906106948852539,-0.2751482129096985,-0.04324584368264439,-0.042578160762786865,-0.10405561327934265,-0.024842816475985074,-0.04758560657501221,-0.16514918208122253,-0.032674542699215436,-0.05012005567550659,-0.19853177666664124,-0.03553434375321629,-0.050537824630737305,-0.22748982906341553,-0.0374823539296365
0.0,0.0,0.0,0.03783613443374634,-0.035847365856170654,-0.005963544679460142,0.06723159551620483,-0.08190059661865234,-0.01120682278799734,0.07582253217697144,-0.13739284873008728,-0.014437269737598513,0.07349169254302979,-0.17637592554092407,-0.019933548142788027,0.03262454271316528,-0.12495243549346924,-0.022096181606528376,0.017592906951904297,-0.19983446598052979,-0.03159346649574957,0.0080147385597229,-0.24111604690551758,-0.038605032806870554,0.001497507095336914,-0.2743992805480957,-0.043631809150454615,0.003116607666015625,-0.12044394016265869,-0.02404873663711271,-0.011078417301177979,-0.20283368229866028,-0.0327537826650115,-0.017985522747039795,-0.2509274482727051,-0.040753441249606226,-0.022226810455322266,-0.28609591722488403,-0.047966467534777735,-0.0210149884223938,-0.11168801784515381,-0.02489034677076063,-0.03144729137420654,-0.18801894783973694,-0.03289995560574255,-0.03660845756530762,-0.23405879735946655,-0.03889106432127676,-0.03947323560714722,-0.2687798738479614,-0.04392907986569128,-0.041470885276794434,-0.09957042336463928,-0.025400167649266336,-0.045993268489837646,-0.1601232886314392,-0.032981368099925135,-0.04843878746032715,-0.1927661895751953,-0.03564708525466642,-0.04882049560546875,-0.2211119830608368,-0.03741706753301344
0.0,0.0,0.0,0.017972469329833984,-0.04801088571548462,0.008937080899713123,0.02009826898574829,-0.09950569272041321,0.006274730010417784,0.010223984718322754,-0.13763949275016785,0.0012429439662895447,-0.005898952484130859,-0.16247272491455078,-0.007022258316638386,0.03289616107940674,-0.1216871440410614,-0.009413783860864555,0.013229310512542725,-0.19133302569389343,-0.020552250047686016,0.001061856746673584,-0.2296091616153717,-0.028763182883622562,-0.007112383842468262,-0.26086485385894775,-0.03412275989866487,0.020058870315551758,-0.11657723784446716,-0.020494655197026646,0.0013974905014038086,-0.19552117586135864,-0.028567210262181675,-0.011370182037353516,-0.23938167095184326,-0.033893181433441555,-0.020478427410125732,-0.27357128262519836,-0.03881669272995225,0.0011606216430664062,-0.10941067337989807,-0.030166421507956898,-0.016322195529937744,-0.18338215351104736,-0.03716980894422761,-0.027374327182769775,-0.22617614269256592,-0.04060910125589601,-0.0336037278175354,-0.25915512442588806,-0.043709641744854366,-0.02258932590484619,-0.09925740957260132,-0.03860856821155778,-0.034213244915008545,-0.15657323598861694,-0.044848727484705364,-0.04046773910522461,-0.1878463625907898,-0.04512485345220796,-0.043898701667785645,-0.21350064873695374,-0.045150654812815105
0.0,0.0,0.0,0.019773423671722412,-0.04974931478500366,0.00970023226848582,0.02306389808654785,-0.10044097900390625,0.008144415998074805,0.014780998229980469,-0.13769814372062683,0.0037820535611245987,-0.0002028942108154297,-0.16197216510772705,-0.003595643826585615,0.03255265951156616,-0.12189525365829468,-0.005701252641912902,0.013611674308776855,-0.19088494777679443,-0.016083179890003407,0.0017443299293518066,-0.22958463430404663,-0.0241038696009781,-0.006176352500915527,-0.2610539197921753,-0.029592684387054646,0.020276665687561035,-0.1171770989894867,-0.01729910533019563,0.002133309841156006,-0.19434234499931335,-0.025038615717377866,-0.01000833511352539,-0.2381938099861145,-0.030710217459883893,-0.018802523612976074,-0.2727721333503723,-0.03591028126963636,0.0019423365592956543,-0.10999318957328796,-0.027744649826374257,-0.015521109104156494,-0.18303579092025757,-0.035159333525982106,-0.026737689971923828,-0.22623145580291748,-0.03965000706800481,-0.033383727073669434,-0.26002877950668335,-0.04344767975696584,-0.021174728870391846,-0.09939992427825928,-0.03697518530377408,-0.033357977867126465,-0.1548234522342682,-0.044129493563261235,-0.040032029151916504,-0.18661978840827942,-0.045760924844827855,-0.04417145252227783,-0.21355518698692322,-0.04679860073217412
0.0,0.0,0.0,0.017505764961242676,-0.05171123147010803,0.008125930595678454,0.02022719383239746,-0.10501444339752197,0.005615508686286574,0.010451912879943848,-0.14470097422599792,0.001059754788411027,-0.006083786487579346,-0.16963130235671997,-0.006731233057099217,0.032493770122528076,-0.12530675530433655,-0.010519246068316335,0.010890543460845947,-0.19352823495864868,-0.02121515987487399,-0.0018885135650634766,-0.23490700125694275,-0.029214097615795964,-0.010305345058441162,-0.26826176047325134,-0.034852583390193814,0.019652128219604492,-0.11909005045890808,-0.02143990105064475,-0.000675201416015625,-0.19635894894599915,-0.02981019249232375,-0.01438295841217041,-0.24342948198318481,-0.03576118914456927,-0.02474600076675415,-0.28036487102508545,-0.04123719079466426,0.00019317865371704102,-0.1094772219657898,-0.030767046343999738,-0.019128501415252686,-0.18255028128623962,-0.03835474742622935,-0.03135734796524048,-0.22574260830879211,-0.04216071261139476,-0.03890126943588257,-0.2585296034812927,-0.04547112850518786,-0.024853944778442383,-0.0965014398097992,-0.038933143448549146,-0.03623872995376587,-0.15397348999977112,-0.04669024093123042,-0.04329025745391846,-0.18720120191574097,-0.04801677955360972,-0.04821205139160156,-0.21442562341690063,-0.04867984769912326
0.0,0.0,0.0,0.020045459270477295,-0.04995220899581909,0.010420525329358554,0.023356974124908447,-0.10113319754600525,0.009111244114286876,0.01431185007095337,-0.1394367218017578,0.005057972738690353,-0.0015548467636108398,-0.1643349826335907,-0.0023350530544448134,0.03217035531997681,-0.12383288145065308,-0.006595391431652331,0.013107717037200928,-0.1925528347492218,-0.01660620526021006,0.0004938244819641113,-0.2320573329925537,-0.024207708542995476,-0.00791698694229126,-0.2637530565261841,-0.02948261716013434,0.020117640495300293,-0.11849677562713623,-0.018241667305879616,0.0011860132217407227,-0.1964413821697235,-0.025914910366587662,-0.011673808097839355,-0.2418944239616394,-0.031673208927564644,-0.020669758319854736,-0.27695268392562866,-0.03714345127885821,0.0018377304077148438,-0.10977333784103394,-0.028365342994980836,-0.016254723072052002,-0.183813214302063,-0.035332215135746026,-0.028077363967895508,-0.22684675455093384,-0.03949724615161898,-0.03478860855102539,-0.25949543714523315,-0.04328300163691523,-0.02158457040786743,-0.09697368741035461,-0.03715882182662966,-0.03435254096984863,-0.15404722094535828,-0.04401978582685473,-0.04170864820480347,-0.18657320737838745,-0.04542703286355021,-0.04640227556228638,-0.2135501503944397,-0.04639919207041743
0.0,0.0,0.0,0.01872032880783081,-0.048256099224090576,0.010096226909102057,0.021910905838012695,-0.09950414299964905,0.008913636297823047,0.012186527252197266,-0.13674071431159973,0.005135190763414954,-0.0032756924629211426,-0.1613638997077942,-0.0013984202203367602,0.03135526180267334,-0.12145480513572693,-0.006590235422461177,0.011926591396331787,-0.19000306725502014,-0.016993863417862798,-0.0004920363426208496,-0.22883230447769165,-0.024200038894175435,-0.00901883840560913,-0.26023441553115845,-0.029029760419486905,0.01845604181289673,-0.11703801155090332,-0.018367336972712422,0.0005447864532470703,-0.19443464279174805,-0.026257479473112966,-0.01132279634475708,-0.23804742097854614,-0.031111787914394284,-0.019524693489074707,-0.272017240524292,-0.03549160613036051,-0.0005536079406738281,-0.10913294553756714,-0.028963373883723165,-0.017394542694091797,-0.1827917993068695,-0.03672301573967829,-0.028708338737487793,-0.22461962699890137,-0.040549470021485234,-0.035180866718292236,-0.25706037878990173,-0.043612247242688085,-0.02426832914352417,-0.09710618853569031,-0.03824237911319628,-0.03485924005508423,-0.15331235527992249,-0.0459303277573575,-0.04121333360671997,-0.1848113238811493,-0.047708408816813375,-0.04515659809112549,-0.21155980229377747,-0.048695990725516225
0.0,0.0,0.0,0.0185316801071167,-0.05070370435714722,0.009024793890517913,0.02156776189804077,-0.1020931601524353,0.006749976569068394,0.010731756687164307,-0.14061889052391052,0.0019346669113531334,-0.0056945085525512695,-0.16549372673034668,-0.005990160952109136,0.033033132553100586,-0.12423613667488098,-0.007286954528439082,0.013926267623901367,-0.1932927966117859,-0.018055476571220197,0.0012458562850952148,-0.23153138160705566,-0.026350736940997876,-0.0072519779205322266,-0.2625473439693451,-0.03195365736891631,0.020048797130584717,-0.11922639608383179,-0.018431376988786496,0.001340627670288086,-0.19756534695625305,-0.026280453751581945,-0.01179194450378418,-0.24054959416389465,-0.031856740216511525,-0.020631253719329834,-0.2739570736885071,-0.03703448022415046,0.0010566115379333496,-0.11146971583366394,-0.028377615238326825,-0.01632821559906006,-0.1854482889175415,-0.03557441974689368,-0.027559995651245117,-0.22914493083953857,-0.03993509555866126,-0.03393232822418213,-0.26290857791900635,-0.0437625295918167,-0.02251499891281128,-0.1000874936580658,-0.03709766114761237,-0.034507691860198975,-0.15687838196754456,-0.04347131247331504,-0.041269004344940186,-0.18855595588684082,-0.044447204421061315,-0.0453450083732605,-0.21472126245498657,-0.04513851399232749
0.0,0.0,0.0,0.018320679664611816,-0.04670393466949463,0.009068227517637695,0.021631062030792236,-0.09775227308273315,0.006668490967932428,0.01109987497329712,-0.13750141859054565,0.0018976725686670193,-0.004783511161804199,-0.16359171271324158,-0.005956985377487456,0.034114837646484375,-0.1185888946056366,-0.00913664684143356,0.014079272747039795,-0.18850618600845337,-0.020025609847870385,0.001209855079650879,-0.2267727255821228,-0.0279211502939134,-0.007748126983642578,-0.257541298866272,-0.03315653171834043,0.020636320114135742,-0.11383163928985596,-0.020211129304733788,0.0014649033546447754,-0.1922886073589325,-0.028499306035008942,-0.011784017086029053,-0.23508739471435547,-0.03364823651012472,-0.020808696746826172,-0.26839935779571533,-0.03836985197361997,0.0013094544410705566,-0.10704714059829712,-0.029918557819691216,-0.01638782024383545,-0.18092703819274902,-0.03752694171365789,-0.027604281902313232,-0.22408366203308105,-0.0412260916500955,-0.033821284770965576,-0.25762510299682617,-0.04444435131248525,-0.022469401359558105,-0.09719112515449524,-0.038335214224424874,-0.034798264503479004,-0.15499484539031982,-0.04518508431014112,-0.041790544986724854,-0.18680959939956665,-0.04599210512336782,-0.045799195766448975,-0.2132878601551056,-0.046392435994711434
0.0,0.0,0.0,0.019508004188537598,-0.04858103394508362,0.008204799004289498,0.02212280035018921,-0.10060659050941467,0.0059436269555419585,0.011278867721557617,-0.14013966917991638,0.0013496195649906895,-0.0051694512367248535,-0.16511577367782593,-0.006166943955776105,0.032747089862823486,-0.11807900667190552,-0.007917807578650127,0.012880921363830566,-0.1860540509223938,-0.018357536896672855,0.00024169683456420898,-0.22443491220474243,-0.026215986489859233,-0.00821828842163086,-0.2553131580352783,-0.03158185365757049,0.01963585615158081,-0.11373990774154663,-0.018667024701443324,0.0016543865203857422,-0.18960613012313843,-0.02649956676324905,-0.011146128177642822,-0.23330163955688477,-0.03200697261056007,-0.020624220371246338,-0.267543226480484,-0.03698712694605888,0.000847160816192627,-0.10656315088272095,-0.028246426164713512,-0.016290247440338135,-0.17821907997131348,-0.03579942616781295,-0.027913570404052734,-0.22099000215530396,-0.04021140667757095,-0.035013020038604736,-0.2543978691101074,-0.04382564979752601,-0.022594869136810303,-0.0959501564502716,-0.03663960951527656,-0.034462571144104004,-0.15146765112876892,-0.04383983942827285,-0.041728436946868896,-0.1831468939781189,-0.045437307238188396,-0.04658466577529907,-0.2098602056503296,-0.046344553261604915
0.0,0.0,0.0,0.017817676067352295,-0.04996916651725769,0.008944411900976945,0.02171987295150757,-0.1010284423828125,0.0066292119670308125,0.012682914733886719,-0.1400432288646698,0.0017919134340829146,-0.002869546413421631,-0.1655065417289734,-0.0056584606420599926,0.033201515674591064,-0.12196874618530273,-0.007434991980751704,0.013651430606842041,-0.190306156873703,-0.018847928243538092,0.0012087225914001465,-0.22852951288223267,-0.027157598036190223,-0.007085144519805908,-0.26006531715393066,-0.03279868220057125,0.02127152681350708,-0.115897536277771,-0.01908161011602516,0.002569139003753662,-0.19482272863388062,-0.028192502307554435,-0.009304404258728027,-0.23747551441192627,-0.03362038065757389,-0.017105579376220703,-0.27130091190338135,-0.038380649733205985,0.00271451473236084,-0.10780748724937439,-0.029701958271523665,-0.014522969722747803,-0.18319907784461975,-0.03842498068775768,-0.02595531940460205,-0.22542917728424072,-0.04230215107168789,-0.032365262508392334,-0.25886642932891846,-0.045369730192085456,-0.02067667245864868,-0.09675723314285278,-0.039124240028520774,-0.032235562801361084,-0.15381774306297302,-0.04714300562705631,-0.039288878440856934,-0.18524619936943054,-0.048712716298958014,-0.04381835460662842,-0.2122930884361267,-0.04955503423776264
0.0,0.0,0.0,0.03275451064109802,-0.026822924613952637,-0.03533433569285194,0.040574222803115845,-0.07098346948623657,-0.048853265174358285,0.04368451237678528,-0.11524224281311035,-0.053649367817371285,0.05187264084815979,-0.15237435698509216,-0.05608061892601768,-0.014647841453552246,-0.10289037227630615,-0.04363736701819221,-0.013431936502456665,-0.16965395212173462,-0.05126176593515197,-0.012817174196243286,-0.20659613609313965,-0.05417021928045074,-0.01297566294670105,-0.23584586381912231,-0.054888187029092705,-0.03403669595718384,-0.10111644864082336,-0.02475950499686519,-0.030597299337387085,-0.1706690490245819,-0.03225277183267394,-0.026659637689590454,-0.21267300844192505,-0.03283099276634971,-0.024274736642837524,-0.2437426745891571,-0.031921653129785454,-0.04046323895454407,-0.09580135345458984,-0.006800606433927214,-0.030862778425216675,-0.15469390153884888,-0.011487848178177273,-0.02195066213607788,-0.18591225147247314,-0.011058217898636258,-0.015240460634231567,-0.20967978239059448,-0.009298072249322331,-0.03822806477546692,-0.09162488579750061,0.008486241980762088,-0.027468204498291016,-0.134016752243042,0.00546244154062947,-0.01793941855430603,-0.15727221965789795,0.0055083152310260175,-0.009376764297485352,-0.1746228039264679,0.006913658644378984
0.0,0.0,0.0,0.032868802547454834,-0.025091081857681274,-0.03521888912615623,0.04272228479385376,-0.06902384757995605,-0.04935590759811248,0.04567915201187134,-0.11522188782691956,-0.05483173043427314,0.05313068628311157,-0.15407595038414001,-0.05793454707560386,-0.0131816565990448,-0.10442093014717102,-0.04387055174407806,-0.01175832748413086,-0.1725124716758728,-0.05240570963320579,-0.012086838483810425,-0.21015200018882751,-0.05578508810100402,-0.013590723276138306,-0.23942646384239197,-0.05667363689241256,-0.033676087856292725,-0.10276815295219421,-0.025477418908451455,-0.030584126710891724,-0.17386120557785034,-0.0341709500640377,-0.02800518274307251,-0.2163677215576172,-0.03526364476380195,-0.02701309323310852,-0.2488173246383667,-0.034481993177507775,-0.04138860106468201,-0.09806782007217407,-0.007987248943720715,-0.032077521085739136,-0.15869542956352234,-0.013488625408683674,-0.025015175342559814,-0.19108206033706665,-0.013151765102122681,-0.020288586616516113,-0.21705767512321472,-0.011447647818897622,-0.040479034185409546,-0.09357041120529175,0.006876466563369377,-0.028851956129074097,-0.13704770803451538,0.0033526041083291602,-0.020397543907165527,-0.16091224551200867,0.0034609430007890296,-0.013746261596679688,-0.17988497018814087,0.004997045500601871
0.0,0.0,0.0,0.03310251235961914,-0.02642214298248291,-0.037237622491488764,0.04412364959716797,-0.07018473744392395,-0.052283365927110026,0.049810051918029785,-0.11618056893348694,-0.058357407055268595,0.0562821626663208,-0.15634232759475708,-0.06185729866422207,-0.013148456811904907,-0.1079120934009552,-0.045546543500790904,-0.012890011072158813,-0.17698979377746582,-0.053933930299649546,-0.014226078987121582,-0.21491685509681702,-0.05748378550208599,-0.01652386784553528,-0.24468502402305603,-0.05871936743653805,-0.03408688306808472,-0.10666027665138245,-0.026609656117329905,-0.03314271569252014,-0.17775776982307434,-0.03549357195890934,-0.031066596508026123,-0.22120293974876404,-0.037063304982552836,-0.030028700828552246,-0.25402742624282837,-0.036828131131301234,-0.04240989685058594,-0.1022784411907196,-0.008698206111262152,-0.03371816873550415,-0.16309049725532532,-0.014535591653952906,-0.025782108306884766,-0.1939857304096222,-0.014426089539597342,-0.020221471786499023,-0.2188689410686493,-0.013003888256321261,-0.04202848672866821,-0.0986403226852417,0.006358429607530525,-0.03039461374282837,-0.14256736636161804,0.00230384739541023,-0.021376192569732666,-0.16584157943725586,0.002197045883690407,-0.014274537563323975,-0.1840413510799408,0.0035195719027569794
0.0,0.0,0.0,0.03542536497116089,-0.02468651533126831,-0.034635620907948805,0.046416521072387695,-0.06999421119689941,-0.047864581243203475,0.05030369758605957,-0.11669763922691345,-0.05242818106810887,0.05866283178329468,-0.15443459153175354,-0.054592664138482405,-0.008672744035720825,-0.10929101705551147,-0.042080047325299574,-0.008255064487457275,-0.1783701777458191,-0.04831020046870549,-0.009232580661773682,-0.2162594497203827,-0.04984254275362332,-0.011255830526351929,-0.2454027235507965,-0.04984925572674115,-0.03017878532409668,-0.10731607675552368,-0.023796818004058196,-0.026928633451461792,-0.1795453429222107,-0.030821968586252524,-0.025011181831359863,-0.22199517488479614,-0.03142991547386487,-0.02415826916694641,-0.2539304196834564,-0.030632464931414916,-0.03898456692695618,-0.10173541307449341,-0.006346613419310643,-0.02906861901283264,-0.16482722759246826,-0.011388611764715506,-0.022249996662139893,-0.19798725843429565,-0.012057431758449866,-0.017978250980377197,-0.22387325763702393,-0.011279444926486804,-0.03865456581115723,-0.09636268019676208,0.008675730070962118,-0.026123374700546265,-0.14080384373664856,0.005020457069321083,-0.017757147550582886,-0.16317316889762878,0.0045118236270980105,-0.011350899934768677,-0.18063589930534363,0.005344358022256301
0.0,0.0,0.0,0.03518414497375488,-0.026854634284973145,-0.034032548064658386,0.042706847190856934,-0.07321551442146301,-0.04676095604366992,0.042415618896484375,-0.12020626664161682,-0.051070245201060516,0.04665404558181763,-0.15963682532310486,-0.05271585866279338,-0.007770031690597534,-0.109699547290802,-0.042197661692569,-0.007386505603790283,-0.17904627323150635,-0.050049146855542404,-0.008611023426055908,-0.2169177234172821,-0.052497184122273666,-0.010346591472625732,-0.24731001257896423,-0.05316396265692447,-0.029058009386062622,-0.10870850086212158,-0.02502495817310546,-0.027621716260910034,-0.18025994300842285,-0.03554059773153995,-0.025217205286026,-0.22275179624557495,-0.03783650904364322,-0.023749738931655884,-0.25511035323143005,-0.03794329076475833,-0.03780484199523926,-0.10423028469085693,-0.00863580986327861,-0.027899831533432007,-0.1656733751296997,-0.017391799236008865,-0.01816156506538391,-0.19263434410095215,-0.017751876483032447,-0.011497199535369873,-0.2124345302581787,-0.015699180061290008,-0.03712531924247742,-0.1005784273147583,0.005401773625692385,-0.02512967586517334,-0.14615225791931152,-0.0010465239028576434,-0.01398894190788269,-0.1645205020904541,-0.0015498110878411353,-0.005063176155090332,-0.17720454931259155,1.4400843667772278e-05
0.0,0.0,0.0,0.03653058409690857,-0.024751514196395874,-0.034926945114818864,0.04464682936668396,-0.06961596012115479,-0.04894907935926085,0.04324278235435486,-0.11652213335037231,-0.05413818522760039,0.04784134030342102,-0.1546728014945984,-0.05709668784805899,-0.005524009466171265,-0.10271039605140686,-0.04700435488888388,-0.005511969327926636,-0.1727854311466217,-0.05576011701890593,-0.0070671141147613525,-0.21091148257255554,-0.058618539715496354,-0.008853107690811157,-0.24146661162376404,-0.059416042412010484,-0.027739256620407104,-0.102789968252182,-0.028632141420928292,-0.027180373668670654,-0.17606839537620544,-0.03903065040179854,-0.02509412169456482,-0.2202136218547821,-0.04076703056165343,-0.02399766445159912,-0.2535001337528229,-0.04054414271780615,-0.03705090284347534,-0.09855219721794128,-0.010679220551935487,-0.02924257516860962,-0.16144204139709473,-0.018095766896692567,-0.019947558641433716,-0.191865473985672,-0.017942448849169068,-0.01295614242553711,-0.2142673134803772,-0.015970274577227883,-0.03707626461982727,-0.09484168887138367,0.004915137538375802,-0.027040988206863403,-0.13980671763420105,2.2377649258942256e-05,-0.01744610071182251,-0.162164568901062,-0.00011837521418556207,-0.008801162242889404,-0.17891573905944824,0.001265721507991202
0.0,0.0,0.0,0.03450700640678406,-0.023980051279067993,-0.03472831485001393,0.04306158423423767,-0.06659817695617676,-0.049324885133188445,0.0422838032245636,-0.11375448107719421,-0.0557397418948824,0.04508814215660095,-0.15417015552520752,-0.06009050843445607,-0.008083254098892212,-0.10422572493553162,-0.043286934617441375,-0.007525235414505005,-0.1736850142478943,-0.05300335598317929,-0.008751064538955688,-0.21322417259216309,-0.05667963263718434,-0.011674284934997559,-0.2431841492652893,-0.05761205044714757,-0.0300789475440979,-0.1034797728061676,-0.026079991954844672,-0.027314186096191406,-0.17602702975273132,-0.03647122544376202,-0.025641649961471558,-0.21956875920295715,-0.03818380844919034,-0.025781750679016113,-0.25284576416015625,-0.037352889898699004,-0.03940403461456299,-0.10025492310523987,-0.009978043037932594,-0.033495575189590454,-0.1645820438861847,-0.0170631875577385,-0.02833053469657898,-0.20170211791992188,-0.017825123045128066,-0.025142371654510498,-0.2318267822265625,-0.016542520496528823,-0.038755953311920166,-0.0971725583076477,0.0036208281465803793,-0.03094276785850525,-0.1442558765411377,-0.001012116443831701,-0.024891763925552368,-0.1728467047214508,-0.001843197742942948,-0.02030542492866516,-0.19546619057655334,-0.0008534981231207439
0.0,0.0,0.0,0.035707175731658936,-0.025263845920562744,-0.03474016001686664,0.04497194290161133,-0.06814438104629517,-0.048453579454275086,0.04636585712432861,-0.11458006501197815,-0.05347649639710994,0.05130380392074585,-0.1546674370765686,-0.05611576771602245,-0.004923790693283081,-0.10546669363975525,-0.0434614967392406,-0.004739552736282349,-0.174488365650177,-0.05111767983302684,-0.005476504564285278,-0.21244174242019653,-0.053590736149402574,-0.006707191467285156,-0.24231809377670288,-0.05416812634334178,-0.02619895339012146,-0.10481706261634827,-0.025229074789734796,-0.024422168731689453,-0.17604047060012817,-0.03405825307831378,-0.02210181951522827,-0.21852096915245056,-0.03526446109876247,-0.020987749099731445,-0.24976032972335815,-0.03483088946208568,-0.03564023971557617,-0.099882572889328,-0.007815520076604798,-0.026860088109970093,-0.16106119751930237,-0.014553486167045548,-0.017908751964569092,-0.19015586376190186,-0.014720037377031758,-0.011683434247970581,-0.21132153272628784,-0.013082856109889462,-0.03629705309867859,-0.09618258476257324,0.007195283395645902,-0.025148123502731323,-0.13988137245178223,0.0020031677255758495,-0.015525460243225098,-0.16089898347854614,0.0012015715171003194,-0.007454097270965576,-0.177007794380188,0.0021741052320578547
0.0,0.0,0.0,0.0342940092086792,-0.024657070636749268,-0.035319276822349366,0.04381120204925537,-0.06827282905578613,-0.04915107480957204,0.04441475868225098,-0.11490941047668457,-0.05396797574832135,0.04809010028839111,-0.1547834575176239,-0.056467254383107957,-0.007283926010131836,-0.10257774591445923,-0.046340194267770585,-0.006969064474105835,-0.17360186576843262,-0.05434010244681531,-0.007891595363616943,-0.21144139766693115,-0.05678923122360402,-0.00902700424194336,-0.24190354347229004,-0.05718518115355664,-0.028213977813720703,-0.10271987318992615,-0.02709516763462716,-0.027556687593460083,-0.1769721508026123,-0.037029594851276215,-0.024923473596572876,-0.22078445553779602,-0.03842965952827626,-0.023504942655563354,-0.2536710500717163,-0.03775461829974347,-0.03671449422836304,-0.09824883937835693,-0.008217476045331296,-0.028452038764953613,-0.16133183240890503,-0.014946182926735219,-0.018478214740753174,-0.1893048882484436,-0.013856223521372613,-0.010914891958236694,-0.2095685601234436,-0.011038752009710606,-0.03692483901977539,-0.0947212278842926,0.008231743501880828,-0.0269392728805542,-0.13962781429290771,0.004069846386471454,-0.01647469401359558,-0.15975210070610046,0.0048957283444792665,-0.007018476724624634,-0.17388316988945007,0.007181719208517734
0.0,0.0,0.0,0.06489962339401245,-0.07079720497131348,-0.007070874736058386,0.11230409145355225,-0.1591361165046692,-0.022172267489480646,0.12739521265029907,-0.25203436613082886,-0.03342145582323042,0.13815641403198242,-0.32465893030166626,-0.04774327849631277,0.07091224193572998,-0.1972752809524536,-0.06115364184265104,0.044995784759521484,-0.3531190752983093,-0.0850889784622666,0.030441880226135254,-0.43356120586395264,-0.0962213528681275,0.02028566598892212,-0.49452608823776245,-0.10185840999369589,0.015234291553497314,-0.1843445897102356,-0.06810461258177725,-0.0032287240028381348,-0.3602340817451477,-0.09097834204916921,-0.011343598365783691,-0.45675891637802124,-0.1004155752587792,-0.01528167724609375,-0.5221679210662842,-0.10776229476218191,-0.03591620922088623,-0.1756683588027954,-0.07190334325318304,-0.04726594686508179,-0.3413223624229431,-0.09022592281584707,-0.05162680149078369,-0.43357521295547485,-0.09529293601994482,-0.05090987682342529,-0.4996093511581421,-0.09894924884324041,-0.08110970258712769,-0.17065423727035522,-0.07415073638443914,-0.08470773696899414,-0.2969728708267212,-0.08896383171563116,-0.08233237266540527,-0.36274582147598267,-0.09107311343436209,-0.07626974582672119,-0.416475772857666,-0.09154241805558172
0.0,0.0,0.0,0.06295210123062134,-0.06966936588287354,-0.006681248588179756,0.10983747243881226,-0.15659701824188232,-0.02113131437978666,0.12452161312103271,-0.244817316532135,-0.0320255123504154,0.1345800757408142,-0.3149241805076599,-0.04650571201524656,0.07012516260147095,-0.19082146883010864,-0.06125587601742666,0.043463170528411865,-0.33893096446990967,-0.08541312445483129,0.028511464595794678,-0.4192831516265869,-0.09692665566286962,0.018287956714630127,-0.48128440976142883,-0.1031934507616512,0.017146944999694824,-0.17828822135925293,-0.06911421198925893,-0.0010785460472106934,-0.3458963632583618,-0.09285276014885824,-0.010374009609222412,-0.4426381587982178,-0.10342852403006475,-0.015141487121582031,-0.5091180205345154,-0.1118774079211704,-0.031762659549713135,-0.170302152633667,-0.07377891619286459,-0.042161405086517334,-0.32970815896987915,-0.09348779548487585,-0.04757988452911377,-0.4192853569984436,-0.10006256033263128,-0.047976791858673096,-0.48369309306144714,-0.10477270562729757,-0.07586318254470825,-0.16508382558822632,-0.07683772970518987,-0.07934999465942383,-0.288146436214447,-0.09311190624318044,-0.07822400331497192,-0.3532906174659729,-0.09658474851927679,-0.07322245836257935,-0.40630337595939636,-0.09814747054657857
0.0,0.0,0.0,0.06265640258789062,-0.06447386741638184,-0.009344055145788843,0.11186450719833374,-0.1470288634300232,-0.024530277415919954,0.13012123107910156,-0.23275160789489746,-0.035667425781298334,0.14378994703292847,-0.3004882335662842,-0.05031528958659237,0.07074809074401855,-0.1825566291809082,-0.06283483916502064,0.04919934272766113,-0.32724928855895996,-0.08792416268568104,0.035778045654296875,-0.4086039364337921,-0.10039080196600025,0.026721537113189697,-0.47218409180641174,-0.10756802076082295,0.019292473793029785,-0.1709517240524292,-0.0694218751190192,0.003909647464752197,-0.3342958688735962,-0.09417207801323002,-0.004759669303894043,-0.4312797784805298,-0.10597750061731404,-0.008676707744598389,-0.4990679621696472,-0.11569860094766682,-0.028307855129241943,-0.16484183073043823,-0.07304414623956745,-0.037645578384399414,-0.32028937339782715,-0.09346093499641484,-0.04235553741455078,-0.41000065207481384,-0.10069205129127567,-0.04239743947982788,-0.47542238235473633,-0.106174747288037,-0.07200038433074951,-0.1623162031173706,-0.07531701290588444,-0.07437008619308472,-0.28230857849121094,-0.09214312845449513,-0.07259422540664673,-0.3469778299331665,-0.09618561977129048,-0.06699985265731812,-0.4003582000732422,-0.09841606283168858
0.0,0.0,0.0,0.06684470176696777,-0.06580281257629395,-0.007661428648390256,0.1157793402671814,-0.14379066228866577,-0.020481931857176505,0.1367691159248352,-0.224126398563385,-0.029730887032457076,0.15435290336608887,-0.28215330839157104,-0.04195272817403861,0.06238353252410889,-0.19463562965393066,-0.056084415755577766,0.04355055093765259,-0.3371153473854065,-0.07839459448248931,0.03345006704330444,-0.416104793548584,-0.08971356122881957,0.02621358633041382,-0.478057324886322,-0.09640924899966308,0.00903010368347168,-0.18842214345932007,-0.06253262131602355,-0.004271030426025391,-0.3468356728553772,-0.08673460303933211,-0.009521186351776123,-0.439211368560791,-0.09936569153458663,-0.011403501033782959,-0.5042187571525574,-0.10872200398833343,-0.03746241331100464,-0.18078774213790894,-0.06588444381148406,-0.047668397426605225,-0.32717788219451904,-0.08519989519507476,-0.04918980598449707,-0.41311514377593994,-0.09368136792571136,-0.047383248805999756,-0.4766850173473358,-0.09951789199502059,-0.07752174139022827,-0.17185819149017334,-0.06793428479821273,-0.08064067363739014,-0.2840501666069031,-0.08309005468279906,-0.07903367280960083,-0.3458935618400574,-0.08690136938483306,-0.07391458749771118,-0.39798441529273987,-0.0887076359906871
0.0,0.0,0.0,0.06402158737182617,-0.06742119789123535,-0.002537737560004416,0.10851216316223145,-0.14475613832473755,-0.013482218800589862,0.1311051845550537,-0.224215567111969,-0.021947529359266582,0.15008336305618286,-0.2821193337440491,-0.03312723357836944,0.06080365180969238,-0.19405555725097656,-0.04861464370648605,0.041285037994384766,-0.3379104733467102,-0.06728239004175407,0.030346393585205078,-0.41426360607147217,-0.07549398784200889,0.02236706018447876,-0.474394291639328,-0.07999654506008369,0.00862342119216919,-0.18846887350082397,-0.05646337215463859,-0.004731535911560059,-0.34707581996917725,-0.07775402460853797,-0.010142266750335693,-0.4374796152114868,-0.08760393802683097,-0.012438416481018066,-0.4996027946472168,-0.09458204005520088,-0.03851073980331421,-0.18015515804290771,-0.060957055731222454,-0.04798513650894165,-0.3266708254814148,-0.07743472252647621,-0.04965001344680786,-0.41159528493881226,-0.0833500662879203,-0.048307716846466064,-0.4724081754684448,-0.08731156979362709,-0.07907545566558838,-0.16858196258544922,-0.06376860682527763,-0.08151721954345703,-0.2810007333755493,-0.07660584543506843,-0.07968062162399292,-0.3414073586463928,-0.07861509565870506,-0.07541370391845703,-0.3920077681541443,-0.07898977790634376
0.0,0.0,0.0,0.0641472339630127,-0.06776869297027588,-0.005966224887785643,0.11426287889480591,-0.14709925651550293,-0.018491144006517857,0.13677942752838135,-0.22718995809555054,-0.02813328494634959,0.15285760164260864,-0.2878548502922058,-0.04101821658518645,0.06622296571731567,-0.19683659076690674,-0.053103218500879734,0.04725909233093262,-0.3401362895965576,-0.07461219904330108,0.03795731067657471,-0.4182690978050232,-0.085584646736649,0.03131437301635742,-0.479051411151886,-0.09195057926085326,0.013677537441253662,-0.1910063624382019,-0.061045127635267704,0.0016110539436340332,-0.34993791580200195,-0.08319295076039168,-0.0031435489654541016,-0.4420730471611023,-0.09455641237404677,-0.005204200744628906,-0.5056731104850769,-0.10308521119263503,-0.03379356861114502,-0.18418985605239868,-0.06612329063322875,-0.04075813293457031,-0.333636999130249,-0.08429913846161696,-0.04221242666244507,-0.4191606044769287,-0.09227215376999709,-0.04063934087753296,-0.48130810260772705,-0.09792169806864592,-0.0763092041015625,-0.17607080936431885,-0.0698240387192044,-0.07686448097229004,-0.2909654974937439,-0.0847211989512715,-0.07483315467834473,-0.3533203601837158,-0.08838204172757003,-0.06973737478256226,-0.40476250648498535,-0.0900051060071263
0.0,0.0,0.0,0.06512719392776489,-0.06642591953277588,-0.006280908580336586,0.11284893751144409,-0.14633303880691528,-0.01943032791412236,0.13290226459503174,-0.22610771656036377,-0.029660403482083098,0.1503891944885254,-0.284872829914093,-0.04320756321347119,0.0648309588432312,-0.19414693117141724,-0.05538270225322606,0.04494607448577881,-0.3372499942779541,-0.07745815788901211,0.034997522830963135,-0.4159700572490692,-0.08868058746254803,0.028075337409973145,-0.4777820110321045,-0.0953664404670036,0.012133657932281494,-0.18711572885513306,-0.06325900530016781,-0.0008602738380432129,-0.34650105237960815,-0.08546013360417248,-0.005500972270965576,-0.43984419107437134,-0.09707675849593045,-0.007147610187530518,-0.504562497138977,-0.10640772407448651,-0.034919142723083496,-0.17980414628982544,-0.06810419981873395,-0.04321253299713135,-0.3291558623313904,-0.08600992684758069,-0.044698238372802734,-0.41554340720176697,-0.09404154842293622,-0.042643845081329346,-0.4779483675956726,-0.10027377282774808,-0.07645976543426514,-0.17207235097885132,-0.07159592931664349,-0.07793670892715454,-0.28670984506607056,-0.08652570819056393,-0.07581883668899536,-0.34951382875442505,-0.09052097772753598,-0.07063204050064087,-0.4012994170188904,-0.09279659365809323
0.0,0.0,0.0,0.05350029468536377,-0.07986968755722046,0.001145181576347909,0.08541733026504517,-0.16381019353866577,-0.006901460951567628,0.09331643581390381,-0.24463331699371338,-0.012905703178049066,0.0996021032333374,-0.30487626791000366,-0.022089506751299837,0.03277236223220825,-0.20512652397155762,-0.04529909349083994,0.0008190274238586426,-0.3375307321548462,-0.06189446455836389,-0.01671421527862549,-0.4059644043445587,-0.06855046681165788,-0.02911663055419922,-0.4600154161453247,-0.07229553095102403,-0.01346677541732788,-0.18839186429977417,-0.054096567696333864,-0.041231632232666016,-0.33739984035491943,-0.07380494407415483,-0.055025577545166016,-0.4200229346752167,-0.08377973667383287,-0.06352996826171875,-0.47803354263305664,-0.09115963361263368,-0.05470937490463257,-0.16948682069778442,-0.05890511280894373,-0.07806205749511719,-0.30855005979537964,-0.07522790066003893,-0.08935165405273438,-0.389569491147995,-0.08327870748043154,-0.09567707777023315,-0.44916069507598877,-0.08913970670700166,-0.09107822179794312,-0.14734721183776855,-0.06145916438698862,-0.10528874397277832,-0.2555893659591675,-0.0755297534823427,-0.11004412174224854,-0.3127562403678894,-0.0793906965017328,-0.11278927326202393,-0.36189594864845276,-0.08138587257862184
0.0,0.0,0.0,0.05419057607650757,-0.07773447036743164,0.002551059873297845,0.08791035413742065,-0.1605014204978943,-0.005232846893846954,0.09346020221710205,-0.24082285165786743,-0.011223411716997589,0.09957528114318848,-0.2993871569633484,-0.020873111270844902,0.03715336322784424,-0.20176833868026733,-0.04625083745318648,0.005643725395202637,-0.33405357599258423,-0.06337739021378752,-0.011645734310150146,-0.403280645608902,-0.06990026176768538,-0.023847639560699463,-0.45758217573165894,-0.07356065750914809,-0.009197831153869629,-0.18525445461273193,-0.056100199528515304,-0.036037564277648926,-0.3330124616622925,-0.07566733152467009,-0.04959982633590698,-0.41675180196762085,-0.08525518567162749,-0.05751609802246094,-0.47520744800567627,-0.0926551768262982,-0.05131185054779053,-0.16644364595413208,-0.06192802504497763,-0.07430285215377808,-0.3061445951461792,-0.07869559020596739,-0.0855417251586914,-0.38740262389183044,-0.0871266672094464,-0.09098410606384277,-0.4473533630371094,-0.09345861763554808,-0.0891839861869812,-0.14437717199325562,-0.06526408583718535,-0.1035456657409668,-0.25292158126831055,-0.08072252810794112,-0.10874152183532715,-0.310688316822052,-0.08582852274972197,-0.11129260063171387,-0.36119264364242554,-0.08874283970195052
0.0,0.0,0.0,0.05381196737289429,-0.07536929845809937,-0.000633017551336934,0.08557683229446411,-0.1590164303779602,-0.009576250841092815,0.09348344802856445,-0.23850595951080322,-0.01640576035268282,0.10076028108596802,-0.29648035764694214,-0.02642378494627451,0.03485041856765747,-0.19986963272094727,-0.047432866920900096,0.004729270935058594,-0.33228427171707153,-0.06534033366031622,-0.011328458786010742,-0.40156444907188416,-0.07244585551805471,-0.02315157651901245,-0.45534956455230713,-0.07622072943038916,-0.011011660099029541,-0.18366223573684692,-0.056023401250314464,-0.036363959312438965,-0.33149293065071106,-0.0755935693580625,-0.048866450786590576,-0.41455161571502686,-0.08471434660739874,-0.056408822536468506,-0.47237715125083923,-0.09141036220378851,-0.05277442932128906,-0.16531866788864136,-0.06104084574170088,-0.07393908500671387,-0.3039727210998535,-0.07761070229597067,-0.08371800184249878,-0.3849409222602844,-0.08543317862338995,-0.08808553218841553,-0.44473400712013245,-0.09103130646533941,-0.08987545967102051,-0.14411360025405884,-0.06399963893480276,-0.10306215286254883,-0.25121521949768066,-0.07893783696479773,-0.10718047618865967,-0.3085324168205261,-0.08322947569675421,-0.10888910293579102,-0.3577268719673157,-0.08533275969810461
0.0,0.0,0.0,0.05377614498138428,-0.0763394832611084,-0.00031564810082329586,0.08717221021652222,-0.15824925899505615,-0.008904957799259705,0.09581470489501953,-0.23753952980041504,-0.015205853274110837,0.10220527648925781,-0.29620039463043213,-0.02464142127895741,0.0347902774810791,-0.20065706968307495,-0.04722712433898835,0.0046454668045043945,-0.33398106694221497,-0.064679405307416,-0.0117950439453125,-0.4037560820579529,-0.0716347756143847,-0.023540973663330078,-0.4581216871738434,-0.07531153283083825,-0.01175779104232788,-0.1848149299621582,-0.05557329452598481,-0.03669816255569458,-0.33324167132377625,-0.07457207760775475,-0.04908490180969238,-0.41678452491760254,-0.08370216808283715,-0.05619078874588013,-0.47500133514404297,-0.09053734562361626,-0.05357128381729126,-0.1666123867034912,-0.06020445621574311,-0.0743708610534668,-0.30513596534729004,-0.0762518855091372,-0.08417993783950806,-0.3865810036659241,-0.08421458176339058,-0.08851736783981323,-0.4460059106349945,-0.09002849332058815,-0.09037184715270996,-0.14536535739898682,-0.06274989864790825,-0.10229653120040894,-0.25267428159713745,-0.07744718960488228,-0.10635256767272949,-0.309878408908844,-0.08169073483908562,-0.10816013813018799,-0.3582199811935425,-0.08374624571764855
0.0,0.0,0.0,0.05336517095565796,-0.07394182682037354,-0.0005808481086546635,0.08516395092010498,-0.1537500023841858,-0.00893905313699861,0.09471112489700317,-0.2318686842918396,-0.015127290245288805,0.10208666324615479,-0.28999632596969604,-0.02415999231874366,0.033553123474121094,-0.19624191522598267,-0.04445594755947013,0.0063934326171875,-0.3251246511936188,-0.06119464917122741,-0.009139597415924072,-0.39277565479278564,-0.06781889705001731,-0.021000564098358154,-0.44599226117134094,-0.07126445529996772,-0.011594295501708984,-0.18225741386413574,-0.052235095035428,-0.03485018014907837,-0.326892226934433,-0.07141255049049278,-0.04675948619842529,-0.40762948989868164,-0.08039682565271278,-0.05425781011581421,-0.4641299843788147,-0.08675140349208732,-0.052428364753723145,-0.1658974289894104,-0.056495825033778146,-0.07210516929626465,-0.3016473054885864,-0.07241867689430137,-0.08138245344161987,-0.3800157308578491,-0.07932324169217964,-0.08633387088775635,-0.4373987913131714,-0.08404860107242484,-0.0884668231010437,-0.1457182765007019,-0.058798624407643274,-0.10025382041931152,-0.25187820196151733,-0.07219421325265785,-0.10375535488128662,-0.30662572383880615,-0.07508086619913001,-0.10550302267074585,-0.35266125202178955,-0.07615474073230644
0.0,0.0,0.0,0.054262518882751465,-0.07309651374816895,-0.0010832455697311616,0.0849689245223999,-0.1550891399383545,-0.01043835196074383,0.09410750865936279,-0.23287910223007202,-0.01756938181247847,0.10036146640777588,-0.29126888513565063,-0.027522090891267226,0.03541773557662964,-0.19646185636520386,-0.04799547612097399,0.00746762752532959,-0.32565218210220337,-0.06574809744384424,-0.007893145084381104,-0.3947390615940094,-0.07247898175742762,-0.01989966630935669,-0.4493902027606964,-0.07585551037814753,-0.010885298252105713,-0.18215078115463257,-0.05601812719729082,-0.03386920690536499,-0.32614362239837646,-0.07705055370357172,-0.04525560140609741,-0.4086797833442688,-0.0863260199072613,-0.05208641290664673,-0.4671463370323181,-0.09246600612428324,-0.05304330587387085,-0.16547948122024536,-0.06036101102259295,-0.07232719659805298,-0.30107516050338745,-0.07722275152232783,-0.08067572116851807,-0.38039106130599976,-0.08407045348909037,-0.08439183235168457,-0.438407838344574,-0.08836331411626475,-0.08975410461425781,-0.1449984908103943,-0.06272022619273798,-0.10132306814193726,-0.2524964213371277,-0.07640205516841547,-0.10476118326187134,-0.3081474304199219,-0.07922263636615412,-0.1062391996383667,-0.35415491461753845,-0.07997765585210459
0.0,0.0,0.0,0.053326308727264404,-0.07509052753448486,2.197687115312874e-05,0.08593565225601196,-0.15649640560150146,-0.008793400879426372,0.09547644853591919,-0.23403304815292358,-0.015716180484218967,0.10274869203567505,-0.29237765073776245,-0.025785388703866374,0.036654651165008545,-0.19833695888519287,-0.046654323394818675,0.008517980575561523,-0.328654944896698,-0.06466644471458949,-0.007156729698181152,-0.39801090955734253,-0.07197043513826884,-0.01881200075149536,-0.4529004693031311,-0.07594681745342768,-0.008939683437347412,-0.1836932897567749,-0.055734565760417354,-0.03235518932342529,-0.32961276173591614,-0.0765866882162527,-0.044164955615997314,-0.4123680293560028,-0.08644631719164408,-0.051116943359375,-0.471014142036438,-0.09332660054735697,-0.05025893449783325,-0.1668466329574585,-0.06114831780962504,-0.0701301097869873,-0.3047633767127991,-0.07842108821444072,-0.07904583215713501,-0.3847634196281433,-0.0858116916375593,-0.0827716588973999,-0.4436769485473633,-0.0908081254916624,-0.0870780348777771,-0.14630353450775146,-0.06452258145384349,-0.0996132493019104,-0.2541290521621704,-0.07939651077560939,-0.10327249765396118,-0.31039607524871826,-0.083021769578977,-0.10462409257888794,-0.3575684726238251,-0.0845130107360319
0.0,0.0,0.0,0.05613076686859131,-0.07234025001525879,-0.002315719055374643,0.0912632942199707,-0.15139955282211304,-0.012324320759987017,0.10190373659133911,-0.2294762134552002,-0.01972655733338513,0.10828644037246704,-0.28869080543518066,-0.030185117993866584,0.0374220609664917,-0.19377338886260986,-0.050591464762007377,0.00971841812133789,-0.3238970637321472,-0.0687614676099173,-0.005518853664398193,-0.3930608630180359,-0.07580488142779984,-0.015846848487854004,-0.4469565749168396,-0.079650185678517,-0.00863116979598999,-0.17932099103927612,-0.058278072301661155,-0.03243875503540039,-0.3264864385128021,-0.0789773684482924,-0.04311412572860718,-0.4088970124721527,-0.08866757867149033,-0.048184216022491455,-0.4660370349884033,-0.09592475709727921,-0.049776315689086914,-0.1632646918296814,-0.06220784750989594,-0.06947660446166992,-0.3005082607269287,-0.07928675380757966,-0.07843762636184692,-0.3804931938648224,-0.08700351384690919,-0.0818251371383667,-0.43915390968322754,-0.09263474461845078,-0.08558416366577148,-0.1437649130821228,-0.06424304065517106,-0.09737437963485718,-0.25001394748687744,-0.07934802738240876,-0.10152161121368408,-0.30642688274383545,-0.08371589300445237,-0.1035643219947815,-0.3544759750366211,-0.08597294953874268
0.0,0.0,0.0,-0.05897641181945801,-0.06594258546829224,-0.026561080412207616,-0.09457719326019287,-0.15493667125701904,-0.05113306914383031,-0.1032862663269043,-0.24239903688430786,-0.06956640903764821,-0.11355620622634888,-0.3180927038192749,-0.08712432806306936,-0.03775620460510254,-0.1646575927734375,-0.08076531712823964,-0.020177066326141357,-0.31598973274230957,-0.1102369380455599,-0.009435832500457764,-0.3944754898548126,-0.11701519315057851,4.887580871582031e-06,-0.4519354999065399,-0.11708721046262838,0.01613849401473999,-0.1545262336730957,-0.07840270821863271,0.027039170265197754,-0.3242758512496948,-0.10732158546262838,0.03223007917404175,-0.4134085774421692,-0.11110985551887609,0.03482896089553833,-0.4781375229358673,-0.11045559768491842,0.060391783714294434,-0.14985811710357666,-0.0748994973760233,0.067405104637146,-0.31125473976135254,-0.09742998604589559,0.07007521390914917,-0.39520949125289917,-0.09802913193517782,0.06958448886871338,-0.4571465849876404,-0.09463419292980291,0.09488826990127563,-0.14832061529159546,-0.07198937510067083,0.09840869903564453,-0.27820444107055664,-0.08743091200405217,0.09864664077758789,-0.34345704317092896,-0.08630740915351964,0.09625393152236938,-0.3945084810256958,-0.08194265042358495
0.0,0.0,0.0,-0.061855316162109375,-0.0661776065826416,-0.026711339280964808,-0.10096973180770874,-0.155961811542511,-0.05022016368901916,-0.11170035600662231,-0.24472594261169434,-0.06769213654196449,-0.12225711345672607,-0.320959210395813,-0.08408155866062827,-0.04248541593551636,-0.16724646091461182,-0.07816675134098716,-0.029141545295715332,-0.3192266821861267,-0.1067693886915464,-0.020569801330566406,-0.3982554078102112,-0.11308753319180198,-0.01242917776107788,-0.4559783339500427,-0.11335168607628532,0.010854125022888184,-0.160283625125885,-0.0762038586298246,0.01717907190322876,-0.32956594228744507,-0.10477902568972297,0.021196603775024414,-0.418758749961853,-0.10901476271546073,0.023337721824645996,-0.483534574508667,-0.10929302699959464,0.05418676137924194,-0.15713495016098022,-0.07354545421993919,0.058814406394958496,-0.3167753219604492,-0.09676868297255226,0.060970842838287354,-0.40036797523498535,-0.09953579135334678,0.06023293733596802,-0.46333959698677063,-0.0981522855917234,0.0877867341041565,-0.15502440929412842,-0.07150360770619102,0.08936125040054321,-0.2824360728263855,-0.08867206998264976,0.08846795558929443,-0.3476228713989258,-0.09016664899981208,0.08529245853424072,-0.39909809827804565,-0.08813177622950263
0.0,0.0,0.0,-0.060776591300964355,-0.06688058376312256,-0.025274115076854287,-0.09854567050933838,-0.15439480543136597,-0.0485019538762117,-0.10595422983169556,-0.2441583275794983,-0.06594914237280136,-0.11364305019378662,-0.3209528923034668,-0.08258412072677856,-0.04013437032699585,-0.16895931959152222,-0.07617838720102554,-0.021503448486328125,-0.3192816376686096,-0.10434004703779465,-0.00978231430053711,-0.39701908826828003,-0.11090590099115616,-0.0006155967712402344,-0.45485252141952515,-0.11131394693870789,0.01358407735824585,-0.16282528638839722,-0.07391419301052338,0.025370776653289795,-0.3289979100227356,-0.1011421237351442,0.03206592798233032,-0.4150603413581848,-0.10495901147146469,0.0361669659614563,-0.4780585765838623,-0.10519468078632599,0.05697298049926758,-0.1579282283782959,-0.07071564385910278,0.06456011533737183,-0.31487929821014404,-0.09207640627641922,0.06828892230987549,-0.395915687084198,-0.09424747566004044,0.06813693046569824,-0.45512789487838745,-0.09290719071645981,0.09091603755950928,-0.1537628173828125,-0.06806055495758301,0.09295886754989624,-0.27649128437042236,-0.08406665960569626,0.09244292974472046,-0.3414299488067627,-0.08556371221561676,0.09053611755371094,-0.39291486144065857,-0.0837003592612291
0.0,0.0,0.0,-0.05898725986480713,-0.0658184289932251,-0.025616269942503322,-0.09546971321105957,-0.15291762351989746,-0.048582390334587444,-0.1032724380493164,-0.23906034231185913,-0.06580117383239781,-0.10938555002212524,-0.3136591911315918,-0.08208995350835835,-0.036991655826568604,-0.16279548406600952,-0.07597756424186741,-0.020530521869659424,-0.30833178758621216,-0.10442683884141957,-0.01122063398361206,-0.3850070834159851,-0.11150273719070469,-0.0033846497535705566,-0.441400945186615,-0.11245779731510197,0.01400524377822876,-0.15437114238739014,-0.07424347141025578,0.023827075958251953,-0.31723469495773315,-0.10173904934165989,0.029446303844451904,-0.4025081992149353,-0.10600365736721074,0.03276073932647705,-0.4639931321144104,-0.1066240299606136,0.055876076221466064,-0.1498180627822876,-0.0718456212544254,0.06274139881134033,-0.3041812777519226,-0.09399647304056202,0.06609278917312622,-0.3845825791358948,-0.09642348476884877,0.06663203239440918,-0.44442856311798096,-0.09519344606636082,0.08903765678405762,-0.14631909132003784,-0.07010988929508244,0.09215015172958374,-0.26928675174713135,-0.08696065881488835,0.09220391511917114,-0.332735538482666,-0.08854626902578389,0.09039545059204102,-0.38310450315475464,-0.08668956198928868
0.0,0.0,0.0,-0.05946004390716553,-0.06642425060272217,-0.02767600339542753,-0.09581547975540161,-0.1559506058692932,-0.05127131786834127,-0.10251045227050781,-0.24040406942367554,-0.0686107933212412,-0.10840582847595215,-0.31394052505493164,-0.08477724191438085,-0.040144503116607666,-0.16031956672668457,-0.0800343140650881,-0.02024179697036743,-0.30541372299194336,-0.10834679600488073,-0.010479509830474854,-0.3826063275337219,-0.11463200148831731,-0.0016767382621765137,-0.440626323223114,-0.11520067450295812,0.014207422733306885,-0.15089011192321777,-0.0767795949865473,0.02608710527420044,-0.315249502658844,-0.10432766970883733,0.03119659423828125,-0.4018748998641968,-0.10733587887774831,0.034806668758392334,-0.4655200242996216,-0.10717638429890997,0.05725592374801636,-0.14778059720993042,-0.0727677330065859,0.06503957509994507,-0.30432766675949097,-0.09514859166633016,0.06729000806808472,-0.38578587770462036,-0.09609299746047384,0.06778883934020996,-0.4484858810901642,-0.09372667071114904,0.08882254362106323,-0.14816385507583618,-0.06956008669625646,0.09179311990737915,-0.2718293070793152,-0.08627760258208639,0.09160870313644409,-0.33531641960144043,-0.08713307824622518,0.08972018957138062,-0.3871445059776306,-0.08478101935874349
0.0,0.0,0.0,-0.05977743864059448,-0.06573820114135742,-0.02597790087529006,-0.0959433913230896,-0.15324783325195312,-0.04959750982888522,-0.10238343477249146,-0.23725730180740356,-0.06728791135319057,-0.10931235551834106,-0.3112354278564453,-0.08403078901537242,-0.03901857137680054,-0.1642022728919983,-0.07874540674455943,-0.01948446035385132,-0.30924028158187866,-0.10722072112329784,-0.009920835494995117,-0.3856271505355835,-0.11345209616192165,-0.0018925666809082031,-0.4423621594905853,-0.11371519851454082,0.015000998973846436,-0.1539958119392395,-0.07625922995575252,0.025043606758117676,-0.3178005814552307,-0.10500041830309215,0.029052674770355225,-0.40318167209625244,-0.10864754456051173,0.03199481964111328,-0.46576422452926636,-0.10831246214874568,0.05819213390350342,-0.1493208408355713,-0.0727737216926414,0.06471467018127441,-0.3045156002044678,-0.0957786558843452,0.0661422610282898,-0.38508105278015137,-0.09678149658211055,0.06527817249298096,-0.4458719491958618,-0.09392553257711711,0.09098595380783081,-0.14748555421829224,-0.06980127531059566,0.0932045578956604,-0.2707604765892029,-0.08623384374149623,0.09253489971160889,-0.3340390920639038,-0.08642538326748195,0.09001123905181885,-0.38528698682785034,-0.08317121553190532
0.0,0.0,0.0,-0.05724817514419556,-0.06810998916625977,-0.022673087694769833,-0.09376561641693115,-0.15340638160705566,-0.0440028910870609,-0.10199087858200073,-0.2378978729248047,-0.06013301064920995,-0.10568755865097046,-0.3134244680404663,-0.07479510506344411,-0.04474741220474243,-0.16575849056243896,-0.07136508127403829,-0.02712935209274292,-0.31463176012039185,-0.09879731436920736,-0.017969250679016113,-0.3926551342010498,-0.10442014833641622,-0.010051190853118896,-0.44889289140701294,-0.10380019297552678,0.009050190448760986,-0.1576579213142395,-0.06994026949358556,0.017058908939361572,-0.323436439037323,-0.09739109923792455,0.02070319652557373,-0.41020381450653076,-0.10016266306591604,0.022734463214874268,-0.47229453921318054,-0.0986463209028301,0.05394947528839111,-0.15384197235107422,-0.06770781477642629,0.05878406763076782,-0.3091914653778076,-0.08984947999668691,0.06013387441635132,-0.3911972641944885,-0.09035874953222844,0.05871611833572388,-0.4529951810836792,-0.0866059367890415,0.08943712711334229,-0.15073704719543457,-0.06576982190561864,0.09105527400970459,-0.27510517835617065,-0.08094053020430181,0.09061938524246216,-0.3393358588218689,-0.08007085373354528,0.08725285530090332,-0.391129732131958,-0.07572098126364324
0.0,0.0,0.0,-0.05706369876861572,-0.06956684589385986,-0.01957506769331019,-0.09204989671707153,-0.15818476676940918,-0.03910975613625567,-0.10053259134292603,-0.24168753623962402,-0.05397354149253886,-0.10630333423614502,-0.31390470266342163,-0.06799108990462344,-0.05160963535308838,-0.16666823625564575,-0.06959566184313815,-0.030801773071289062,-0.3161192536354065,-0.09650555708439867,-0.019554436206817627,-0.39452463388442993,-0.1021284804585747,-0.009770691394805908,-0.45093002915382385,-0.10183182069094698,0.0013971924781799316,-0.15493106842041016,-0.07022488572629015,0.014550745487213135,-0.3191067576408386,-0.09692823597224276,0.02145695686340332,-0.40779373049736023,-0.10111880012782137,0.02545875310897827,-0.4718667268753052,-0.1012955278995804,0.047130286693573,-0.14695948362350464,-0.06974141755135577,0.05590254068374634,-0.3018929958343506,-0.09170215287240069,0.06041586399078369,-0.3875907063484192,-0.09495719232590716,0.06124567985534668,-0.4532533288002014,-0.09392787226470034,0.0840684175491333,-0.14150696992874146,-0.0691598177793793,0.08808422088623047,-0.2645343542098999,-0.08538809874089281,0.08952271938323975,-0.33071255683898926,-0.08684107371600192,0.0879213809967041,-0.3856372833251953,-0.08470169910224001
0.0,0.0,0.0,-0.05847644805908203,-0.061209142208099365,-0.022059263668552376,-0.09901410341262817,-0.13874077796936035,-0.043995231397047974,-0.1113535463809967,-0.2206363081932068,-0.06120986119617555,-0.11927929520606995,-0.29291123151779175,-0.07735102624405954,-0.04851335287094116,-0.16604918241500854,-0.0690438002418432,-0.03320133686065674,-0.31167590618133545,-0.09661039710749719,-0.025224924087524414,-0.38913553953170776,-0.10382854194153879,-0.017147541046142578,-0.44467127323150635,-0.1046762391995344,0.0039307475090026855,-0.15972793102264404,-0.06851418317069147,0.011870324611663818,-0.31807953119277954,-0.09607950598706338,0.01520615816116333,-0.405296266078949,-0.10127621889819238,0.01752561330795288,-0.4685099422931671,-0.10186519474495981,0.04819750785827637,-0.15441489219665527,-0.06733023375977609,0.05375564098358154,-0.3019838333129883,-0.08924952150096033,0.05634963512420654,-0.38547658920288086,-0.09300509840954874,0.05570864677429199,-0.44893741607666016,-0.09216172993887994,0.08420473337173462,-0.14869028329849243,-0.06644912064780328,0.0882071852684021,-0.26561421155929565,-0.0821515917848501,0.08713525533676147,-0.32908719778060913,-0.08382312954176996,0.08211618661880493,-0.38131171464920044,-0.08162692934979532
0.0,0.0,0.0,-0.057935357093811035,-0.06057029962539673,-0.021175632215417295,-0.10012584924697876,-0.136380136013031,-0.04241995323387471,-0.12119632959365845,-0.21263599395751953,-0.05988053414908734,-0.14141732454299927,-0.27527886629104614,-0.0772691163787016,-0.04812997579574585,-0.1822742223739624,-0.06239539194790211,-0.03685593605041504,-0.31955134868621826,-0.08781852010575619,-0.030764341354370117,-0.39465248584747314,-0.09653910431948987,-0.024250030517578125,-0.4501936733722687,-0.09975604895440426,0.004677891731262207,-0.17954093217849731,-0.06224618289557782,0.008831024169921875,-0.3299761414527893,-0.08583358112660733,0.01079094409942627,-0.41495078802108765,-0.09279927793828335,0.012524008750915527,-0.4778153896331787,-0.09611839983550396,0.04818069934844971,-0.17169934511184692,-0.06154880855170575,0.05069625377655029,-0.3100084066390991,-0.07991874400464383,0.05339783430099487,-0.3901340365409851,-0.08614672157851544,0.053761303424835205,-0.4508516490459442,-0.08883691761580792,0.08296918869018555,-0.16059666872024536,-0.061372565067685514,0.08442974090576172,-0.26185446977615356,-0.0748940649994978,0.083249032497406,-0.32185399532318115,-0.07827054146615353,0.0799720287322998,-0.3726780414581299,-0.07857108298627224
0.0,0.0,0.0,-0.057218849658966064,-0.06899905204772949,-0.012473288588122244,-0.08490490913391113,-0.15313202142715454,-0.025334528311983462,-0.08331161737442017,-0.2257472276687622,-0.03522380687286031,-0.0857207179069519,-0.28677016496658325,-0.04496465496708524,-0.053643107414245605,-0.1729898452758789,-0.054979151710764285,-0.04200589656829834,-0.303691565990448,-0.07853824891139638,-0.034803032875061035,-0.3784346580505371,-0.08413021512319219,-0.02845865488052368,-0.4320719540119171,-0.08473719157268178,-0.0012278556823730469,-0.16272461414337158,-0.05888018257905614,0.003616511821746826,-0.31336677074432373,-0.08441046126176488,0.005925118923187256,-0.4019502103328705,-0.09093371279527318,0.007832646369934082,-0.46472302079200745,-0.0924808631091274,0.044426560401916504,-0.15516728162765503,-0.06161017589260709,0.044394493103027344,-0.2938978672027588,-0.08459709085513722,0.04412543773651123,-0.377093642950058,-0.09195997066785466,0.04361379146575928,-0.44025203585624695,-0.09320914246131551,0.08235770463943481,-0.14722919464111328,-0.06378472097207677,0.08314239978790283,-0.2519614100456238,-0.07975062973786962,0.07867580652236938,-0.31222468614578247,-0.08279691882421147,0.0731973648071289,-0.3628022074699402,-0.08209734655906331
0.0,0.0,0.0,-0.04908621311187744,-0.06997358798980713,-0.017770377384891844,-0.07468521595001221,-0.15203821659088135,-0.03432948461400542,-0.07734394073486328,-0.22558224201202393,-0.04730353078471694,-0.07338559627532959,-0.28770285844802856,-0.06201363301502738,-0.03301560878753662,-0.17541825771331787,-0.06306200421082053,-0.025864720344543457,-0.30042779445648193,-0.08667089736687217,-0.020312070846557617,-0.3754681944847107,-0.09498750365006003,-0.013122379779815674,-0.4325742721557617,-0.09915599918591056,0.018606841564178467,-0.16348332166671753,-0.06408718174921546,0.017921030521392822,-0.30793553590774536,-0.08559287286030326,0.017628848552703857,-0.39125630259513855,-0.09371682948099647,0.017681419849395752,-0.4506820738315582,-0.0996265108011869,0.060887813568115234,-0.15421265363693237,-0.06353430396544013,0.058435797691345215,-0.2879040837287903,-0.08368986791597877,0.056041419506073,-0.36501920223236084,-0.09308443910109077,0.0537758469581604,-0.42423397302627563,-0.098374567391744,0.0931670069694519,-0.14361190795898438,-0.06290193593727622,0.09347611665725708,-0.24497860670089722,-0.07964761501776252,0.088828444480896,-0.3045586943626404,-0.08470474875198875,0.08309000730514526,-0.3550669550895691,-0.0867875585578588
0.0,0.0,0.0,-0.06850600242614746,-0.061489880084991455,-0.01844536499130811,-0.10268139839172363,-0.14643794298171997,-0.03323699519980039,-0.09038317203521729,-0.23060476779937744,-0.04355898858058538,-0.07091927528381348,-0.2949860095977783,-0.0525313539897212,-0.04607999324798584,-0.1826048493385315,-0.052755806455493826,-0.03380477428436279,-0.3201978802680969,-0.07520847008574094,-0.028040707111358643,-0.3943076729774475,-0.08051986233341779,-0.02141326665878296,-0.447380393743515,-0.0812699271832713,0.005330085754394531,-0.17610979080200195,-0.05336588234651174,0.00979924201965332,-0.3255528211593628,-0.07983300075876798,0.010297596454620361,-0.4121391773223877,-0.08698558048355665,0.011724591255187988,-0.4734102189540863,-0.08829390988695707,0.0475730299949646,-0.16759192943572998,-0.05371715114462461,0.04948931932449341,-0.30617231130599976,-0.07690551863062467,0.049385130405426025,-0.38838040828704834,-0.0839174611960658,0.049442827701568604,-0.4502573311328888,-0.0844774244819888,0.083179771900177,-0.15471124649047852,-0.05405589179146375,0.08291804790496826,-0.2644120454788208,-0.07131421552050199,0.07969516515731812,-0.3270968794822693,-0.0755650772248515,0.07614701986312866,-0.3781799077987671,-0.07479040310728635
0.0,0.0,0.0,-0.0666765570640564,-0.06133824586868286,-0.018007006821576965,-0.1000370979309082,-0.14499223232269287,-0.03352358411008538,-0.08738875389099121,-0.22914445400238037,-0.04473551954085053,-0.06836056709289551,-0.2943854331970215,-0.054672519070450676,-0.043222904205322266,-0.18014317750930786,-0.05383790503198327,-0.02864021062850952,-0.31949710845947266,-0.07655853624397935,-0.022231996059417725,-0.3947758674621582,-0.08167941714579285,-0.01613008975982666,-0.44812464714050293,-0.0821726753836316,0.00861656665802002,-0.17350101470947266,-0.05519700641686143,0.014792978763580322,-0.3248366713523865,-0.08130360986048402,0.015578031539916992,-0.41292721033096313,-0.08827579612785996,0.01638936996459961,-0.4747753143310547,-0.08955703522020997,0.05074959993362427,-0.16502094268798828,-0.05619872952753724,0.054449379444122314,-0.3058478832244873,-0.07922509158903779,0.05487006902694702,-0.3896157145500183,-0.08661889876181306,0.0547829270362854,-0.4522216022014618,-0.08775009061152161,0.08503639698028564,-0.15232080221176147,-0.05709942649060906,0.08621084690093994,-0.2627526521682739,-0.0755937084084195,0.08360159397125244,-0.3271943926811218,-0.0808526634698552,0.08014768362045288,-0.37990880012512207,-0.08072532559687318
0.0,0.0,0.0,-0.06514090299606323,-0.062056660652160645,-0.01677708224568164,-0.10037672519683838,-0.14335250854492188,-0.03276956164452827,-0.09075945615768433,-0.2264493703842163,-0.04491441034886634,-0.07261449098587036,-0.29109203815460205,-0.056180567379925606,-0.04624980688095093,-0.1775851845741272,-0.0539220319053868,-0.031057655811309814,-0.31564652919769287,-0.07776028000924384,-0.02355271577835083,-0.3889007568359375,-0.0842628040275315,-0.015951037406921387,-0.4405853748321533,-0.08545272880408561,0.0050231218338012695,-0.1708528995513916,-0.055977360244725105,0.011036694049835205,-0.32262468338012695,-0.08125113778922355,0.014065682888031006,-0.4072412848472595,-0.08817879938695228,0.01742309331893921,-0.46808695793151855,-0.08964169108483588,0.04797583818435669,-0.16129881143569946,-0.05762966432783401,0.05115807056427002,-0.3024235963821411,-0.0798183687886933,0.052824974060058594,-0.38512492179870605,-0.08664868110034263,0.053515493869781494,-0.44833800196647644,-0.08765078419062888,0.08369088172912598,-0.1476917266845703,-0.059080102380249855,0.08557534217834473,-0.2582041025161743,-0.07622140729043281,0.08360487222671509,-0.3204721212387085,-0.07995314234111106,0.08056557178497314,-0.37166696786880493,-0.07895000362012183
0.0,0.0,0.0,-0.06554007530212402,-0.062433481216430664,-0.018572135253208444,-0.09974205493927002,-0.1452634334564209,-0.03564327059532957,-0.08886986970901489,-0.22870242595672607,-0.04813573358799772,-0.06939196586608887,-0.29379546642303467,-0.05935054866816358,-0.04656219482421875,-0.17752665281295776,-0.05837220175411062,-0.02800750732421875,-0.3163476586341858,-0.08279050363447027,-0.01970154047012329,-0.3919087052345276,-0.08852291329051809,-0.011763155460357666,-0.44538626074790955,-0.088943580521601,0.005823910236358643,-0.1680893898010254,-0.059434755130070016,0.015166640281677246,-0.3202860951423645,-0.08706986380960302,0.018593549728393555,-0.40841490030288696,-0.09403448773767309,0.021558046340942383,-0.4712235927581787,-0.09488745255615072,0.04933619499206543,-0.15795409679412842,-0.05981531588579969,0.054327428340911865,-0.300581693649292,-0.08343076927806692,0.05610555410385132,-0.3849111795425415,-0.08972814155961828,0.05664306879043579,-0.44850894808769226,-0.08965923113967733,0.08441823720932007,-0.14540714025497437,-0.06001877634074049,0.08615285158157349,-0.25857269763946533,-0.07747315092231588,0.08412933349609375,-0.32292282581329346,-0.08073004557039098,0.08095699548721313,-0.3744388222694397,-0.07894877566243963
0.0,0.0,0.0,-0.06328684091567993,-0.06893742084503174,-0.02118868790171291,-0.09923934936523438,-0.1555997133255005,-0.040078914161540524,-0.09872311353683472,-0.242051899433136,-0.054663407053567425,-0.10396063327789307,-0.31430602073669434,-0.06846842020354416,-0.04637092351913452,-0.18225419521331787,-0.05997652783594276,-0.02956920862197876,-0.3250378370285034,-0.08569050430855896,-0.0204695463180542,-0.40050292015075684,-0.09385769664845611,-0.011751413345336914,-0.4555939733982086,-0.09624529480538513,0.005533337593078613,-0.1736571192741394,-0.06033429354033615,0.01361548900604248,-0.3299448490142822,-0.08556381463608886,0.017951607704162598,-0.41655388474464417,-0.0925035610755458,0.02117621898651123,-0.4797610938549042,-0.09508056789240982,0.04916083812713623,-0.16390228271484375,-0.060624556984521405,0.053848087787628174,-0.3098652958869934,-0.08192210495076324,0.056899845600128174,-0.39364027976989746,-0.08834707587561752,0.05690360069274902,-0.45660632848739624,-0.08994744568667556,0.08649206161499023,-0.152024507522583,-0.06130052581033851,0.08933651447296143,-0.26624107360839844,-0.07786106913886215,0.08828592300415039,-0.33114731311798096,-0.08200521617732193,0.08475369215011597,-0.38452965021133423,-0.08200394957862045
0.0,0.0,0.0,-0.061990976333618164,-0.06363606452941895,-0.02012751505299093,-0.09636342525482178,-0.14506852626800537,-0.03943998806698801,-0.09645068645477295,-0.22961115837097168,-0.054426544090347306,-0.10253316164016724,-0.30196452140808105,-0.06879601322634699,-0.04678463935852051,-0.17238616943359375,-0.06240145557148935,-0.03095179796218872,-0.3149526119232178,-0.08757801048977853,-0.02160435914993286,-0.38971084356307983,-0.09450217031462671,-0.012567460536956787,-0.44293075799942017,-0.09575811468585016,0.005520462989807129,-0.1656630039215088,-0.0629540353320408,0.012203216552734375,-0.3235672116279602,-0.08719317310078623,0.016249775886535645,-0.40860772132873535,-0.09274461560471536,0.019682705402374268,-0.470278799533844,-0.09431383453829767,0.04941260814666748,-0.15798676013946533,-0.06295721672995569,0.053192973136901855,-0.3050845265388489,-0.08333875678999902,0.056109607219696045,-0.387903094291687,-0.08856183730586054,0.056851744651794434,-0.4506666660308838,-0.08965841375811578,0.0857311487197876,-0.14890021085739136,-0.06309391998274805,0.0875275731086731,-0.2625102996826172,-0.07874149524195673,0.08719474077224731,-0.3246273994445801,-0.08164523236973764,0.08509474992752075,-0.3763202428817749,-0.08101214163525583
0.0,0.0,0.0,-0.060208141803741455,-0.06607693433761597,-0.020379107284099973,-0.09462630748748779,-0.14502251148223877,-0.03943201697126142,-0.09383076429367065,-0.22508227825164795,-0.05472117460027448,-0.0959632396697998,-0.29529792070388794,-0.06915139204517118,-0.04428088665008545,-0.17443853616714478,-0.059182179930360235,-0.02701127529144287,-0.3145994544029236,-0.08471607214465848,-0.01728212833404541,-0.389367938041687,-0.09233232385173551,-0.008584201335906982,-0.4435086250305176,-0.09419711476817838,0.006182610988616943,-0.165935218334198,-0.059985248210580266,0.015043973922729492,-0.3194970488548279,-0.08464412933841459,0.020585715770721436,-0.40339547395706177,-0.09042539245143644,0.024033188819885254,-0.4635423421859741,-0.09225520289197675,0.04879486560821533,-0.15609121322631836,-0.060779241683633245,0.05459946393966675,-0.2994877099990845,-0.08118427342429868,0.05813056230545044,-0.3794329762458801,-0.08593354171767942,0.05855673551559448,-0.43833595514297485,-0.08647835052266828,0.08503454923629761,-0.14436370134353638,-0.062117216947228826,0.08772420883178711,-0.2574044466018677,-0.07822706347957364,0.0872277021408081,-0.3203532099723816,-0.08161759174123517,0.0841667652130127,-0.37156832218170166,-0.08108173108354322
0.0,0.0,0.0,-0.06148558855056763,-0.0683513879776001,-0.01916053173741261,-0.09581756591796875,-0.1507706642150879,-0.03762371120652119,-0.09513014554977417,-0.23473918437957764,-0.05251115588148991,-0.0996522307395935,-0.30546897649765015,-0.06668039438923756,-0.05118840932846069,-0.17952263355255127,-0.05566990403136174,-0.03381115198135376,-0.3182845115661621,-0.08000912544926564,-0.024947166442871094,-0.39382821321487427,-0.08701549498042027,-0.017398297786712646,-0.44747692346572876,-0.0885720479269878,-1.823902130126953e-05,-0.17158633470535278,-0.05708254528840939,0.011444807052612305,-0.3248230814933777,-0.08134757009943883,0.01593613624572754,-0.41120803356170654,-0.08734612939556996,0.017937541007995605,-0.47272035479545593,-0.08907841173609654,0.04411053657531738,-0.1614658236503601,-0.058400336929167906,0.051328420639038086,-0.30496907234191895,-0.0786385762473003,0.05435746908187866,-0.3847809433937073,-0.08356560794314305,0.054191768169403076,-0.44415298104286194,-0.08406864134272496,0.08192265033721924,-0.14819008111953735,-0.06008504358729283,0.0866696834564209,-0.25968384742736816,-0.07488158372839848,0.08545058965682983,-0.3213841915130615,-0.07725648609599034,0.0809398889541626,-0.37211984395980835,-0.07613679794272343
0.0,0.0,0.0,-0.014392316341400146,-0.038685381412506104,0.0048895131746888865,-0.019614338874816895,-0.0854945182800293,0.0043754356863559,-0.012832224369049072,-0.12009748816490173,0.0012689652337343205,-0.0018931031227111816,-0.1427496075630188,-0.0016354885467677605,-0.029989033937454224,-0.098348468542099,-0.003013351424911548,-0.013557225465774536,-0.16208600997924805,-0.012764289700740505,-0.0034202933311462402,-0.20311474800109863,-0.017606878378742863,0.002413511276245117,-0.23599708080291748,-0.019934856989735295,-0.022742927074432373,-0.1007203459739685,-0.011694210307055641,-0.006227374076843262,-0.17012637853622437,-0.021830700063460995,0.003721892833709717,-0.21526041626930237,-0.027488205307477642,0.009783804416656494,-0.2506959140300751,-0.029977827989810635,-0.008504599332809448,-0.1003064215183258,-0.020112929591292072,0.004211604595184326,-0.1685785949230194,-0.027940250658744503,0.013221830129623413,-0.21062618494033813,-0.032539851689094235,0.01884317398071289,-0.24452441930770874,-0.03451989191150062,0.010943830013275146,-0.09665828943252563,-0.02823095368718498,0.02032870054244995,-0.14942359924316406,-0.03402220057820671,0.024753570556640625,-0.18176177144050598,-0.03632445605968826,0.02791452407836914,-0.2102823555469513,-0.03689143034195297
0.0,0.0,0.0,-0.01753106713294983,-0.03621488809585571,0.005590019407691216,-0.02513134479522705,-0.07950422167778015,0.0031212020060138457,-0.01740199327468872,-0.11128348112106323,-0.0022383284428997285,-0.003828763961791992,-0.13094601035118103,-0.007955385246305013,-0.036480993032455444,-0.09557244181632996,-0.007443524305699611,-0.01666221022605896,-0.15629804134368896,-0.02010465959551766,-0.002907663583755493,-0.1932843029499054,-0.026891460516480947,0.006424576044082642,-0.22084319591522217,-0.030156899117855573,-0.02733471989631653,-0.09515812993049622,-0.017458220818070913,-0.011791855096817017,-0.1677587628364563,-0.031067209192542578,-0.0013637542724609375,-0.2137387990951538,-0.038680139803318525,0.00501561164855957,-0.2505754232406616,-0.04207727300467923,-0.010522812604904175,-0.09223055839538574,-0.026901174210934187,0.0009177029132843018,-0.16362327337265015,-0.03877557801547482,0.010567307472229004,-0.20605945587158203,-0.04512065263929799,0.015859931707382202,-0.24009546637535095,-0.04741197811904385,0.012039124965667725,-0.08653563261032104,-0.03555832045617535,0.02103579044342041,-0.14122527837753296,-0.044646233194498564,0.02466028928756714,-0.17251303791999817,-0.04774517553391888,0.026212751865386963,-0.2003483772277832,-0.04824949043336346
0.0,0.0,0.0,-0.015880107879638672,-0.040122926235198975,0.007352071610739586,-0.021648526191711426,-0.08501392602920532,0.006560044625302908,-0.013680428266525269,-0.11742576956748962,0.0024048236957696645,-0.0006042718887329102,-0.137913316488266,-0.002077972021425012,-0.03421476483345032,-0.1017327606678009,-0.003616890607872847,-0.016313284635543823,-0.16537326574325562,-0.014925025141337755,-0.003765970468521118,-0.20645928382873535,-0.02072394519905174,0.004410296678543091,-0.23826274275779724,-0.02361456371704662,-0.025990545749664307,-0.1030559241771698,-0.014267754478851202,-0.010282188653945923,-0.17683547735214233,-0.02655275791744316,0.0006182491779327393,-0.22350895404815674,-0.03326493382314766,0.0072450339794158936,-0.26020097732543945,-0.036131075321236494,-0.0097883939743042,-0.10030284523963928,-0.02436929449299896,0.0019837021827697754,-0.17273303866386414,-0.035185563115874174,0.012015551328659058,-0.2150580883026123,-0.040823175309697035,0.01745009422302246,-0.24885958433151245,-0.04277681812504852,0.012594372034072876,-0.09317436814308167,-0.033703400491276625,0.022333383560180664,-0.1489432156085968,-0.04191034540394867,0.026437342166900635,-0.18012186884880066,-0.04460723951319778,0.028110772371292114,-0.2078177034854889,-0.044939606188336256
0.0,0.0,0.0,-0.018419623374938965,-0.03587913513183594,0.004712552772943468,-0.024750232696533203,-0.08146470785140991,0.0021149630286885213,-0.015308916568756104,-0.11585044860839844,-0.002620626464377551,-0.0010612308979034424,-0.1361575424671173,-0.007443898348029165,-0.036600261926651,-0.09509572386741638,-0.01011863582756689,-0.015279680490493774,-0.1542295515537262,-0.02303508528497389,0.0022499561309814453,-0.1801755130290985,-0.029691998371745854,0.015429943799972534,-0.19643467664718628,-0.03249606163230112,-0.02411481738090515,-0.09409382939338684,-0.018629705989624767,-0.009308695793151855,-0.16594350337982178,-0.03138123125758341,0.0011917948722839355,-0.2107563316822052,-0.03869573445048502,0.008002817630767822,-0.24655413627624512,-0.04227702365245989,-0.005709052085876465,-0.09095913171768188,-0.02642739796068838,0.0049637556076049805,-0.1619550883769989,-0.03727287099685839,0.014024555683135986,-0.20396721363067627,-0.04361092344846895,0.018916845321655273,-0.2377907633781433,-0.04634241805401018,0.016713470220565796,-0.0853441059589386,-0.033408888140584736,0.0246829092502594,-0.1386788785457611,-0.04174386383023432,0.02752813696861267,-0.16990503668785095,-0.044772398183013706,0.028826504945755005,-0.19744837284088135,-0.04547129617061785
0.0,0.0,0.0,-0.017208904027938843,-0.03660529851913452,0.005033868994900104,-0.024102777242660522,-0.08275923132896423,0.0024636894709999524,-0.016516387462615967,-0.11626854538917542,-0.002840590731835846,-0.0028582513332366943,-0.13705727458000183,-0.008214711047372703,-0.03581997752189636,-0.0985707938671112,-0.007731132045051936,-0.015377968549728394,-0.1575603187084198,-0.02072114853527296,0.0010545849800109863,-0.18661940097808838,-0.02776683291759241,0.013032853603363037,-0.2061041295528412,-0.030901146888396624,-0.026248961687088013,-0.09738102555274963,-0.017230899840257052,-0.010787904262542725,-0.1699041724205017,-0.03012596426870573,-0.0003673732280731201,-0.215593159198761,-0.037678031086585406,0.006000787019729614,-0.2521056532859802,-0.041339924394748095,-0.009313791990280151,-0.0936625599861145,-0.026259077548644427,0.0026148855686187744,-0.16427338123321533,-0.03736257350411165,0.011797189712524414,-0.20756465196609497,-0.0438784377869581,0.01637020707130432,-0.24207454919815063,-0.04657501152124155,0.013135015964508057,-0.08744275569915771,-0.03457773274149645,0.021866261959075928,-0.141824871301651,-0.042800163685939197,0.024966567754745483,-0.17331859469413757,-0.045581599533221606,0.026457607746124268,-0.20089054107666016,-0.046066811144015674
0.0,0.0,0.0,-0.015379846096038818,-0.037814438343048096,0.007109262974893227,-0.02041277289390564,-0.08126133680343628,0.006407476024662628,-0.012481689453125,-0.11392337083816528,0.002847260557075515,-0.0015139877796173096,-0.13379621505737305,-0.001401550142134056,-0.029357105493545532,-0.09547629952430725,-0.006738143513018713,-0.015812426805496216,-0.15728914737701416,-0.01785298018347703,-0.006581306457519531,-0.1939123570919037,-0.023190387995953188,-0.0005747973918914795,-0.222342848777771,-0.02566305315684758,-0.019751369953155518,-0.09684810042381287,-0.016642244072670564,-0.011568218469619751,-0.16986972093582153,-0.02912290348302804,-0.0065101683139801025,-0.21647977828979492,-0.03607649496387921,-0.004348635673522949,-0.2529217004776001,-0.03896268969964467,-0.004013389348983765,-0.09426680207252502,-0.025584501685614214,0.0005774199962615967,-0.16705501079559326,-0.03680037102293454,0.005522727966308594,-0.21027278900146484,-0.04291940993260823,0.008071422576904297,-0.2451021373271942,-0.0451281382758566,0.016620993614196777,-0.08741110563278198,-0.03350282228183232,0.023213118314743042,-0.14169222116470337,-0.042314478667492494,0.0257662832736969,-0.17314210534095764,-0.045260386081452,0.027104169130325317,-0.2006477415561676,-0.04567634454559766
0.0,0.0,0.0,-0.01233246922492981,-0.04223823547363281,0.012921285997357757,-0.0169600248336792,-0.08367785811424255,0.015118806804743201,-0.00995740294456482,-0.11413964629173279,0.013212558063891322,0.0007104873657226562,-0.13328546285629272,0.010666824127760322,-0.028297603130340576,-0.1009761393070221,0.001661498747047574,-0.01256018877029419,-0.16149014234542847,-0.0075429927602144176,-2.7865171432495117e-05,-0.18840664625167847,-0.011485145245465844,0.009474903345108032,-0.20674747228622437,-0.013324761581394284,-0.018958240747451782,-0.10146653652191162,-0.010737361204597562,-0.009267747402191162,-0.17348557710647583,-0.02248301431981048,-0.0028380751609802246,-0.21650579571723938,-0.028910019253167718,0.0008597970008850098,-0.2511079013347626,-0.031651739780578225,-0.0036263763904571533,-0.0976492166519165,-0.022169272233519166,0.0004519224166870117,-0.17156320810317993,-0.03319992199984512,0.005309700965881348,-0.21139001846313477,-0.038305372749242395,0.007689833641052246,-0.24532058835029602,-0.03993438631740531,0.016904830932617188,-0.08967357873916626,-0.03217821270671806,0.021549880504608154,-0.14517873525619507,-0.041413732622537225,0.02234780788421631,-0.17613118886947632,-0.04441413358298263,0.022441387176513672,-0.20474672317504883,-0.04497279674259147
0.0,0.0,0.0,-0.014167994260787964,-0.040703773498535156,0.00945611534736912,-0.0193709135055542,-0.08522301912307739,0.009178782385809825,-0.012210100889205933,-0.11713016033172607,0.005355538838578866,-0.00012153387069702148,-0.136359304189682,0.0012715689754472237,-0.03188022971153259,-0.10115090012550354,-0.0032906138421608944,-0.013665825128555298,-0.1634872853755951,-0.01501856880165775,0.0012853443622589111,-0.18235385417938232,-0.020917224193887307,0.013936370611190796,-0.19161024689674377,-0.0238482621116205,-0.021452903747558594,-0.09905615448951721,-0.01460740478612621,-0.01183229684829712,-0.17168962955474854,-0.02725818982251127,-0.005441546440124512,-0.21510198712348938,-0.03516685074098547,-0.0005565881729125977,-0.25066518783569336,-0.039425751621799066,-0.005150794982910156,-0.09397420287132263,-0.025098497475461556,0.000366896390914917,-0.16697585582733154,-0.03600687762625654,0.005235612392425537,-0.2089231312274933,-0.041604949588851525,0.007554739713668823,-0.244326651096344,-0.044006778354720666,0.016006410121917725,-0.08657816052436829,-0.03454829981453855,0.01773756742477417,-0.14234864711761475,-0.04332883885033567,0.015929460525512695,-0.17537719011306763,-0.04607019057400663,0.0139445960521698,-0.20520424842834473,-0.046623273248748376
0.0,0.0,0.0,-0.01651623845100403,-0.03714776039123535,0.005034282276810131,-0.022686123847961426,-0.08307963609695435,0.0027582840383360008,-0.01441916823387146,-0.11633852124214172,-0.0016369891265100023,-0.0019604861736297607,-0.1355607807636261,-0.0063846740550985714,-0.03221440315246582,-0.09607106447219849,-0.0102624563179603,-0.014699280261993408,-0.15849706530570984,-0.022507341174005546,-0.0016617774963378906,-0.19182971119880676,-0.02843018580746559,0.007889211177825928,-0.21525520086288452,-0.031206579474329033,-0.022055119276046753,-0.09486955404281616,-0.019027955425499954,-0.00966101884841919,-0.16767454147338867,-0.032511947271942176,-0.0009642839431762695,-0.21299374103546143,-0.039784194496988334,0.0045198798179626465,-0.24906158447265625,-0.04304886382591633,-0.0055561363697052,-0.09072411060333252,-0.026920258594273605,0.00198480486869812,-0.16256064176559448,-0.03844695684087185,0.00947454571723938,-0.20491710305213928,-0.04462269466888813,0.013767808675765991,-0.23920351266860962,-0.04716159549128918,0.015556037425994873,-0.0837174654006958,-0.03393376391899494,0.020855844020843506,-0.13648515939712524,-0.04295176413428692,0.022658586502075195,-0.16758909821510315,-0.04626976471912769,0.02356499433517456,-0.19496914744377136,-0.04716993641626743
0.0,0.0,0.0,-0.016187220811843872,-0.037297070026397705,0.005632945850180704,-0.021175771951675415,-0.08210885524749756,0.0036716005314758604,-0.012753844261169434,-0.11546149849891663,-0.0010042101594933683,-0.0005024373531341553,-0.13617581129074097,-0.006091318976444882,-0.031869739294052124,-0.09476500749588013,-0.007908580776614826,-0.015350937843322754,-0.15524479746818542,-0.02039833641455857,-0.0024676620960235596,-0.19043952226638794,-0.026995434377653282,0.007095396518707275,-0.21682998538017273,-0.03021380579875199,-0.02274608612060547,-0.09439149498939514,-0.017576684195859116,-0.011234372854232788,-0.16652989387512207,-0.03100576712594716,-0.002216726541519165,-0.2128225564956665,-0.038849306244713944,0.003983020782470703,-0.24925369024276733,-0.042444427449567,-0.006095707416534424,-0.09033998847007751,-0.02643073997305123,0.0012610852718353271,-0.16077017784118652,-0.037917618591649216,0.009184956550598145,-0.20410233736038208,-0.04415033473478047,0.01434999704360962,-0.23854798078536987,-0.04655239074335782,0.015916287899017334,-0.08267754316329956,-0.03447646736012189,0.02102714776992798,-0.13630995154380798,-0.043168169398171585,0.02295708656311035,-0.1681179702281952,-0.04596822424636571,0.02431410551071167,-0.19586268067359924,-0.04635046138272969
0.0,0.0,0.0,-0.015260666608810425,-0.043801963329315186,0.010875414223690427,-0.019698292016983032,-0.08539804816246033,0.011462461301405824,-0.012078404426574707,-0.11705082654953003,0.008085079589207567,-0.0009076595306396484,-0.13704344630241394,0.004503072803188957,-0.03383079171180725,-0.10233590006828308,9.469980052756455e-05,-0.014298796653747559,-0.16355112195014954,-0.010975596396903597,0.0018728077411651611,-0.1833985149860382,-0.01659127501277169,0.01479288935661316,-0.19310662150382996,-0.019122866815607154,-0.02362343668937683,-0.10200327634811401,-0.011695471494178378,-0.011843442916870117,-0.17540067434310913,-0.02346147773293694,-0.0038671493530273438,-0.21993479132652283,-0.03078233813373288,0.001405566930770874,-0.25496870279312134,-0.034606559104005896,-0.006466656923294067,-0.09786069393157959,-0.022805316275636756,0.001624464988708496,-0.1700657606124878,-0.03299623904256066,0.00860905647277832,-0.21182769536972046,-0.038539213961641394,0.012429773807525635,-0.24641376733779907,-0.04097990123061379,0.016245156526565552,-0.09008648991584778,-0.03282198113826951,0.0205858051776886,-0.14512377977371216,-0.041090799397508704,0.020826905965805054,-0.17696714401245117,-0.043773824250976645,0.020613104104995728,-0.20600175857543945,-0.04432944384841164
0.0,0.0,0.0,-0.014774292707443237,-0.03968691825866699,0.009048464325644545,-0.020321547985076904,-0.085041344165802,0.00902700385955768,-0.012352854013442993,-0.118767648935318,0.005595118356325202,-0.0008228123188018799,-0.13894572854042053,0.001758279944226615,-0.03140062093734741,-0.1003919243812561,-0.003859530119768806,-0.013057202100753784,-0.15844032168388367,-0.015775829935989805,0.0015161335468292236,-0.18353107571601868,-0.021911705295167394,0.01236763596534729,-0.1993938684463501,-0.024979107464275785,-0.021516919136047363,-0.10063007473945618,-0.014984052079341836,-0.01017141342163086,-0.17188823223114014,-0.02799733580144448,-0.0022733211517333984,-0.21789392828941345,-0.035927649969778486,0.0024933218955993652,-0.25509780645370483,-0.040006809318981595,-0.00496712327003479,-0.09667888283729553,-0.02528959550949139,0.0017928481101989746,-0.16673097014427185,-0.03674430438371701,0.009073823690414429,-0.20957565307617188,-0.043425407643042035,0.013420939445495605,-0.2451191544532776,-0.0464789535948853,0.016874462366104126,-0.08843359351158142,-0.034526262814722486,0.0214710533618927,-0.1417415738105774,-0.04415004366131825,0.022425591945648193,-0.17444145679473877,-0.048036322380028196,0.02317821979522705,-0.20327982306480408,-0.04940194302292866
0.0,0.0,0.0,-0.03329825401306152,-0.03864675760269165,-0.025054264035791363,-0.037097394466400146,-0.09042036533355713,-0.033988814023107494,-0.022678077220916748,-0.13728556036949158,-0.03687092584070584,-0.013087213039398193,-0.17459213733673096,-0.03819952827391049,0.008806228637695312,-0.11736410856246948,-0.029897463661402668,0.008140385150909424,-0.18687930703163147,-0.03631015044149777,0.005566418170928955,-0.22558346390724182,-0.03995254558023831,0.006535232067108154,-0.2539931535720825,-0.04263051148948094,0.029591262340545654,-0.11119264364242554,-0.01813300248679539,0.02683842182159424,-0.18536555767059326,-0.02472111691233536,0.02296590805053711,-0.2270984649658203,-0.026977404174179043,0.02129465341567993,-0.25746166706085205,-0.028561280262440647,0.03861516714096069,-0.10609078407287598,-0.007297969111025537,0.032530248165130615,-0.17271047830581665,-0.014625523392826523,0.02702915668487549,-0.21265771985054016,-0.017149917003482784,0.02398991584777832,-0.241804301738739,-0.018144815382331814,0.04137474298477173,-0.1012030839920044,0.001931783822580968,0.033451855182647705,-0.1566995084285736,-0.004918416184157337,0.02740234136581421,-0.18919038772583008,-0.007319503617257084,0.02371734380722046,-0.2121688723564148,-0.008049628850788082
0.0,0.0,0.0,-0.03479933738708496,-0.03798973560333252,-0.02397583157928196,-0.03977692127227783,-0.09023940563201904,-0.033343865658952865,-0.02482306957244873,-0.137763112783432,-0.03672730841846672,-0.01678466796875,-0.1754012405872345,-0.038669715758278045,0.005178868770599365,-0.11631965637207031,-0.0325496002397081,0.004952132701873779,-0.18735694885253906,-0.03982060694308487,0.002917051315307617,-0.22640717029571533,-0.0432004734239122,0.004402637481689453,-0.2552911341190338,-0.045571020927145156,0.027844369411468506,-0.11061543226242065,-0.02158412442715374,0.026116251945495605,-0.18823525309562683,-0.029354297678782615,0.021749794483184814,-0.23045533895492554,-0.030642097007348212,0.020489215850830078,-0.2604551315307617,-0.03113339015455452,0.03839629888534546,-0.10456106066703796,-0.011127546552433643,0.032975852489471436,-0.17264968156814575,-0.01849482127638069,0.027446746826171875,-0.2118678092956543,-0.0187189552298328,0.025109469890594482,-0.23909136652946472,-0.018048307981207046,0.04194605350494385,-0.09848141670227051,-0.0022466151340445606,0.033219993114471436,-0.15315040946006775,-0.008531839709593925,0.026364386081695557,-0.1838805377483368,-0.009093888226761493,0.022910594940185547,-0.2043452262878418,-0.008380926336958083
0.0,0.0,0.0,-0.03497731685638428,-0.0349082350730896,-0.023220999555103816,-0.04002922773361206,-0.08535021543502808,-0.03212234044205431,-0.02608180046081543,-0.13304156064987183,-0.03579456398021463,-0.017369568347930908,-0.17223358154296875,-0.037935778887383975,0.00415414571762085,-0.11142170429229736,-0.02794915476571802,0.003267943859100342,-0.1786176562309265,-0.03787352928649668,0.002551734447479248,-0.21817001700401306,-0.043708514810912646,0.004430651664733887,-0.24769413471221924,-0.047106363268010654,0.02631908655166626,-0.10768646001815796,-0.019194107891433276,0.025588929653167725,-0.1797202229499817,-0.02829558068644289,0.022580325603485107,-0.22329860925674438,-0.03161473238598589,0.022090435028076172,-0.2551252841949463,-0.03313823828231577,0.03714412450790405,-0.10409009456634521,-0.01174096895139698,0.034227192401885986,-0.17078658938407898,-0.021574112044088878,0.028639376163482666,-0.21232986450195312,-0.02440785655509714,0.025806844234466553,-0.24275562167167664,-0.024770405532233752,0.04041236639022827,-0.1007959246635437,-0.005841893532686271,0.03380864858627319,-0.15527543425559998,-0.014383823999576606,0.027279913425445557,-0.18838286399841309,-0.016642472164146938,0.023420751094818115,-0.21292898058891296,-0.01661895068120245
0.0,0.0,0.0,-0.03467053174972534,-0.03507089614868164,-0.026011637386796238,-0.04053652286529541,-0.08623561263084412,-0.03632373825919366,-0.02707880735397339,-0.13416561484336853,-0.040193212193367245,-0.01904881000518799,-0.17292970418930054,-0.042574790281173946,0.0071446895599365234,-0.11067143082618713,-0.03597968907367921,0.004346609115600586,-0.18276113271713257,-0.04455652923595643,0.0009102225303649902,-0.22255435585975647,-0.04881362335097528,0.0015534758567810059,-0.25209668278694153,-0.051554833513614895,0.029364705085754395,-0.10642603039741516,-0.024411776077863934,0.025528788566589355,-0.18425115942955017,-0.03383600802433229,0.020792484283447266,-0.2279125452041626,-0.03653849751960969,0.01965796947479248,-0.2597985863685608,-0.037837275278684857,0.03907155990600586,-0.10301089286804199,-0.013408644099650147,0.03204679489135742,-0.17179152369499207,-0.022264695701119663,0.026664912700653076,-0.2135060429573059,-0.024544113290426495,0.024854302406311035,-0.24393117427825928,-0.02510179483604169,0.04117006063461304,-0.10040447115898132,-0.003988521148380997,0.032227396965026855,-0.15472018718719482,-0.011796075825509789,0.025247037410736084,-0.1870843470096588,-0.013927393567678692,0.021651268005371094,-0.21040886640548706,-0.014124403682467701
0.0,0.0,0.0,-0.03537040948867798,-0.03837102651596069,-0.0236524726313192,-0.04140526056289673,-0.09073600172996521,-0.03235294214008633,-0.02727985382080078,-0.13875120878219604,-0.035141791315062676,-0.0187375545501709,-0.17576950788497925,-0.03655707380293194,0.005411326885223389,-0.11698800325393677,-0.030791341425164376,0.002010166645050049,-0.18709266185760498,-0.036942861140950356,-0.0011652112007141113,-0.22602707147598267,-0.03983414834855381,-0.00013715028762817383,-0.2558244466781616,-0.04204408368585888,0.02811223268508911,-0.11249211430549622,-0.01976070469735447,0.02451986074447632,-0.18902722001075745,-0.026913753808720742,0.01926034688949585,-0.23100495338439941,-0.028442603633983765,0.017422735691070557,-0.26107895374298096,-0.02920855870960537,0.03830152750015259,-0.1071774959564209,-0.009231079467816983,0.03269857168197632,-0.17413052916526794,-0.016537181199772988,0.026746690273284912,-0.2147286832332611,-0.018233972699626122,0.02376466989517212,-0.24349015951156616,-0.0185703272980291,0.04145008325576782,-0.10147196054458618,-0.00014373755747243422,0.03363722562789917,-0.15510627627372742,-0.006255345517082844,0.026328444480895996,-0.1861061155796051,-0.007546228454692994,0.0217893123626709,-0.20753642916679382,-0.0074690097060639005
0.0,0.0,0.0,-0.03587692975997925,-0.034535109996795654,-0.025168924743642407,-0.042572617530822754,-0.08569630980491638,-0.035542869160284596,-0.029163658618927002,-0.13305845856666565,-0.040067081490864354,-0.021226882934570312,-0.17201250791549683,-0.04322766620885332,0.0054953694343566895,-0.11126047372817993,-0.03411114324103792,0.0006545186042785645,-0.1824750304222107,-0.04440225023995836,-0.004149019718170166,-0.22342035174369812,-0.0500171567894121,-0.005540609359741211,-0.25313371419906616,-0.05336650941740473,0.027533233165740967,-0.10741162300109863,-0.02396287132274111,0.02104896306991577,-0.18435946106910706,-0.034679100999941426,0.014190495014190674,-0.2283725142478943,-0.03847656134735544,0.010519683361053467,-0.25991421937942505,-0.04029231626759966,0.03743600845336914,-0.10444515943527222,-0.01468616739134987,0.02970755100250244,-0.17374595999717712,-0.025003594497551518,0.02287691831588745,-0.21681401133537292,-0.028302568162192898,0.019275665283203125,-0.24855729937553406,-0.029217080364336567,0.040090739727020264,-0.10183444619178772,-0.006920369493176537,0.031738460063934326,-0.15829449892044067,-0.0158030699587961,0.024998188018798828,-0.19274058938026428,-0.018554049695243435,0.021123826503753662,-0.21857431530952454,-0.018969045171846943
0.0,0.0,0.0,-0.03518664836883545,-0.03774714469909668,-0.025357560335422136,-0.04100394248962402,-0.08953842520713806,-0.03572969612362442,-0.026649773120880127,-0.13877862691879272,-0.03969923135521469,-0.01946413516998291,-0.17801955342292786,-0.04231201958539543,0.006136000156402588,-0.11671936511993408,-0.03561182048800049,0.00328218936920166,-0.18820208311080933,-0.04323187199118195,-0.00040268898010253906,-0.2270880937576294,-0.04704919558646736,-0.00047010183334350586,-0.256568044424057,-0.04969429698469696,0.02892392873764038,-0.11262080073356628,-0.023403427644396402,0.024498939514160156,-0.18995368480682373,-0.030824949114347078,0.018319129943847656,-0.23263019323349,-0.03233423930289803,0.014605224132537842,-0.2629886865615845,-0.03344296020152626,0.03918790817260742,-0.10801801085472107,-0.011606211854839898,0.03138375282287598,-0.17525571584701538,-0.018773228942180253,0.024308443069458008,-0.21606555581092834,-0.020461869506860353,0.019598960876464844,-0.24492070078849792,-0.02118640121700821,0.04253798723220825,-0.10311296582221985,-0.0013283978558575882,0.03224080801010132,-0.15712594985961914,-0.0072088237728422655,0.023972272872924805,-0.18903213739395142,-0.008787893770957567,0.01860630512237549,-0.21143224835395813,-0.009202169335210897
0.0,0.0,0.0,-0.035529494285583496,-0.036632001399993896,-0.02323058146946977,-0.04121589660644531,-0.08756190538406372,-0.03212219003551553,-0.0267488956451416,-0.1359453797340393,-0.03486985612624238,-0.019912660121917725,-0.17395955324172974,-0.03629069674723695,0.005442261695861816,-0.11421793699264526,-0.03288767013662408,0.0015465021133422852,-0.1849064826965332,-0.03889690611475061,-0.0023652315139770508,-0.22255852818489075,-0.04137969661467622,-0.0020450949668884277,-0.2514432370662689,-0.04336136106365274,0.027782738208770752,-0.10998201370239258,-0.021825623623662693,0.023072004318237305,-0.18797487020492554,-0.029278150684767468,0.018088340759277344,-0.2293720245361328,-0.030560114346080525,0.016115248203277588,-0.25973063707351685,-0.031165770180159313,0.038064658641815186,-0.10537445545196533,-0.010990158579879505,0.03105407953262329,-0.1731012463569641,-0.01854472506754945,0.025680720806121826,-0.21399685740470886,-0.020155490301185353,0.022671222686767578,-0.24385380744934082,-0.02039343390577386,0.04181516170501709,-0.10016781091690063,-0.0014464265383864472,0.032353997230529785,-0.1544511914253235,-0.0076434057388539145,0.02567434310913086,-0.18659716844558716,-0.00909536976330827,0.02170693874359131,-0.2095242738723755,-0.009152071475618584
0.0,0.0,0.0,-0.03594857454299927,-0.03507012128829956,-0.024964961789677886,-0.042824387550354004,-0.08653479814529419,-0.03434847631318405,-0.029541015625,-0.13529932498931885,-0.037697355829308776,-0.02176666259765625,-0.17377734184265137,-0.039763323597739486,0.005253195762634277,-0.11415016651153564,-0.03290668838484123,-0.00031876564025878906,-0.18410813808441162,-0.04030375891191795,-0.004670560359954834,-0.2236766219139099,-0.04432794415218666,-0.004633605480194092,-0.2535303831100464,-0.04729398676020935,0.0280606746673584,-0.11041373014450073,-0.021583828710149078,0.021185636520385742,-0.18634089827537537,-0.029575995735953597,0.014687418937683105,-0.22922897338867188,-0.03212035410864189,0.011781454086303711,-0.2603128254413605,-0.033717892699073104,0.0378534197807312,-0.10658925771713257,-0.010869689852128772,0.029371917247772217,-0.17305412888526917,-0.018997514255474357,0.0228845477104187,-0.2146247923374176,-0.021858907871077804,0.019387662410736084,-0.24518895149230957,-0.023053403578828124,0.04022139310836792,-0.10270476341247559,-0.001630979574414937,0.030464112758636475,-0.1569831669330597,-0.00877945926798418,0.023116469383239746,-0.18966907262802124,-0.011119621440897731,0.01856929063796997,-0.21352747082710266,-0.01174866371614769
0.0,0.0,0.0,-0.035608887672424316,-0.036595940589904785,-0.022938447118004746,-0.041799306869506836,-0.08765557408332825,-0.0314694326819982,-0.028097331523895264,-0.13558226823806763,-0.034051401585539764,-0.021092712879180908,-0.17298969626426697,-0.03529182639737982,0.003972351551055908,-0.1151466965675354,-0.030880264982780403,-0.00041878223419189453,-0.18473166227340698,-0.03702401560564894,-0.004231870174407959,-0.22234898805618286,-0.04003976476212401,-0.003921031951904297,-0.25130704045295715,-0.042268766135176605,0.02672964334487915,-0.11062830686569214,-0.02000378449281115,0.022073447704315186,-0.187075674533844,-0.02743062008937258,0.016789913177490234,-0.2291049361228943,-0.029498135715922302,0.014874041080474854,-0.2600182890892029,-0.030515797481140083,0.037376344203948975,-0.10544902086257935,-0.009453140244087166,0.029857754707336426,-0.1723698377609253,-0.016773371070822662,0.023841261863708496,-0.21355217695236206,-0.01912109744568724,0.020413100719451904,-0.24335110187530518,-0.0198872853519525,0.041132986545562744,-0.10014790296554565,-0.0002112805244642857,0.030543923377990723,-0.15270578861236572,-0.0061782333517577115,0.02248072624206543,-0.18298596143722534,-0.007763810035040564,0.01763254404067993,-0.20401588082313538,-0.007878857709666676
0.0,0.0,0.0,-0.034874796867370605,-0.03581148386001587,-0.02472351826233421,-0.04122745990753174,-0.08631455898284912,-0.03495289347571884,-0.02703946828842163,-0.13391637802124023,-0.0391728948752359,-0.018561959266662598,-0.17219755053520203,-0.04195213652653251,0.005523264408111572,-0.11169818043708801,-0.034119139979310376,0.0028604865074157715,-0.18251550197601318,-0.04228270016116653,-0.0007897019386291504,-0.22076815366744995,-0.04645601249737297,-0.0008966922760009766,-0.24928498268127441,-0.04942659995955978,0.027938246726989746,-0.10757428407669067,-0.023315919185705525,0.023808777332305908,-0.18538492918014526,-0.03206391222281013,0.018762052059173584,-0.2273503541946411,-0.034462753305859906,0.01648491621017456,-0.2576158344745636,-0.035997643689341885,0.038183391094207764,-0.1036924421787262,-0.013123346115179402,0.03149247169494629,-0.17258232831954956,-0.021630033473201138,0.026051759719848633,-0.21329721808433533,-0.02365016713244472,0.023165643215179443,-0.24310898780822754,-0.02439557164413486,0.04149407148361206,-0.10005819797515869,-0.004474281421579462,0.031679630279541016,-0.15477126836776733,-0.012154157827325207,0.024901390075683594,-0.18730878829956055,-0.014536939183898312,0.021130859851837158,-0.21131545305252075,-0.01524909175438438
0.0,0.0,0.0,-0.035378873348236084,-0.0362248420715332,-0.021060264539560336,-0.04215264320373535,-0.0868915319442749,-0.02966175494774248,-0.027920126914978027,-0.13430684804916382,-0.03314570417686369,-0.018467843532562256,-0.17208179831504822,-0.03527728175803091,0.0036745071411132812,-0.11343085765838623,-0.0291192949382868,0.001265406608581543,-0.1824759840965271,-0.037404221352776545,-0.0016303658485412598,-0.2212279736995697,-0.04164423501177694,-0.001108705997467041,-0.2502455711364746,-0.04420613950177099,0.026561498641967773,-0.1085907518863678,-0.020450788420280475,0.02269589900970459,-0.1849508285522461,-0.02912931969447996,0.018075287342071533,-0.2288827896118164,-0.031769421753129024,0.016454041004180908,-0.2611335515975952,-0.03306419482513334,0.037714242935180664,-0.10413238406181335,-0.01237708224042322,0.03157097101211548,-0.1728564202785492,-0.021157341879447955,0.025148868560791016,-0.21551644802093506,-0.02354106945975687,0.021518707275390625,-0.24671342968940735,-0.023940349799236316,0.04152238368988037,-0.10010311007499695,-0.005522808861574191,0.03301912546157837,-0.15600159764289856,-0.01283453298791315,0.025814175605773926,-0.18997037410736084,-0.014756706413468379,0.021500587463378906,-0.2148135006427765,-0.01480720458610918
0.0,0.0,0.0,-0.03595691919326782,-0.036637187004089355,-0.02464319103717827,-0.04309070110321045,-0.08775809407234192,-0.034625890565514794,-0.029023706912994385,-0.1363106071949005,-0.03837529839336895,-0.020616114139556885,-0.17426946759223938,-0.0407121990746262,0.004085183143615723,-0.11481940746307373,-0.03379043833673023,0.0003103017807006836,-0.18445315957069397,-0.04149581761419796,-0.0034401416778564453,-0.2229827642440796,-0.045451468688845864,-0.0034731626510620117,-0.2525428533554077,-0.048082104784846535,0.026674509048461914,-0.1111045777797699,-0.022353977797031632,0.023027539253234863,-0.18769091367721558,-0.030859661189317933,0.017047762870788574,-0.2302054762840271,-0.033082715136409035,0.013943076133728027,-0.2609075903892517,-0.03408461706101917,0.036881864070892334,-0.10685458779335022,-0.011327429575324288,0.03049236536026001,-0.1747044026851654,-0.019342412141561738,0.02407550811767578,-0.21622952818870544,-0.02132186004281067,0.020204603672027588,-0.24586239457130432,-0.021710720745325318,0.04001516103744507,-0.10239499807357788,-0.0017387755386906179,0.03074568510055542,-0.15705490112304688,-0.008053673332035771,0.022866249084472656,-0.18934428691864014,-0.009519872156381837,0.01808953285217285,-0.2120949923992157,-0.009492760424912206
0.0,0.0,0.0,-0.03567153215408325,-0.03837859630584717,-0.022581294731608637,-0.042701005935668945,-0.08963307738304138,-0.03135914038251997,-0.02893662452697754,-0.13765498995780945,-0.034454014704934366,-0.020046591758728027,-0.17585453391075134,-0.03627171422671438,0.003902137279510498,-0.11622408032417297,-0.030773837671986826,8.922815322875977e-05,-0.1867014467716217,-0.03758506159614683,-0.0033922791481018066,-0.22561967372894287,-0.04077854807805181,-0.002689659595489502,-0.2555663585662842,-0.043016549752465494,0.026780009269714355,-0.11134040355682373,-0.020484505773893602,0.022326290607452393,-0.188381165266037,-0.028692830906621225,0.01684647798538208,-0.23071616888046265,-0.030960076109877832,0.014638304710388184,-0.2619108557701111,-0.032071244524232156,0.03722202777862549,-0.10655230283737183,-0.01055253911148668,0.031251728534698486,-0.17466995120048523,-0.019056542397848375,0.025374412536621094,-0.21643689274787903,-0.021568842784873254,0.02202165126800537,-0.24745860695838928,-0.022112148435226686,0.04070180654525757,-0.10207432508468628,-0.0017930998871094062,0.03349393606185913,-0.15792709589004517,-0.008626397320441015,0.026709794998168945,-0.1908324658870697,-0.01032213363181711,0.022305011749267578,-0.2146649956703186,-0.010336795443109281
0.0,0.0,0.0,-0.039125025272369385,-0.035432517528533936,-0.016458807149788868,-0.05585998296737671,-0.08615130186080933,-0.02489119359280778,-0.04901230335235596,-0.13422513008117676,-0.03010594808485223,-0.039885520935058594,-0.1700725555419922,-0.03452120871271802,-0.017832696437835693,-0.11381414532661438,-0.026123895877859127,-0.017503321170806885,-0.1831066608428955,-0.036748474100491535,-0.017249464988708496,-0.2230345606803894,-0.041699589798113834,-0.015286743640899658,-0.25341832637786865,-0.044614089289567005,0.009019553661346436,-0.11292073130607605,-0.0224611271264763,0.008945226669311523,-0.18740567564964294,-0.031021562972924244,0.005964756011962891,-0.22820332646369934,-0.03340051473107053,0.0060509443283081055,-0.2580106258392334,-0.034985502818486225,0.028473973274230957,-0.10924533009529114,-0.019633097210785877,0.026463449001312256,-0.17787319421768188,-0.02753067166533185,0.020948946475982666,-0.21557870507240295,-0.02877869979467107,0.01901954412460327,-0.24369961023330688,-0.029320224756261837,0.04190033674240112,-0.10262152552604675,-0.01809967831697179,0.034694552421569824,-0.15736383199691772,-0.024139336878320705,0.027957618236541748,-0.18559321761131287,-0.024753925958535206,0.02471214532852173,-0.20691245794296265,-0.024511526906749737
0.0,0.0,0.0,-0.03514564037322998,-0.03640162944793701,-0.008360985522255504,-0.05156368017196655,-0.08526450395584106,-0.015851904493853652,-0.046365320682525635,-0.13057488203048706,-0.021376299527570808,-0.03799957036972046,-0.16686013340950012,-0.026464002993986213,-0.025881290435791016,-0.10128992795944214,-0.02847979482738694,-0.016352355480194092,-0.17501652240753174,-0.040938342777177894,-0.011860013008117676,-0.21581900119781494,-0.04450180646507462,-0.007771849632263184,-0.2448415756225586,-0.045264012036010826,0.004424571990966797,-0.09799045324325562,-0.029313002568766677,0.00844651460647583,-0.1810486614704132,-0.04189604785768708,0.009077131748199463,-0.22763291001319885,-0.04495410513608178,0.009947001934051514,-0.2606954574584961,-0.04545941096274575,0.03027421236038208,-0.09383600950241089,-0.02971161421863755,0.03252226114273071,-0.17208483815193176,-0.040195918497726524,0.032051801681518555,-0.21651196479797363,-0.04226603996484002,0.030684471130371094,-0.249502032995224,-0.0418114763173314,0.051375389099121094,-0.08711099624633789,-0.030049067777678573,0.05244910717010498,-0.14793574810028076,-0.03714780774442872,0.04947483539581299,-0.1813327968120575,-0.037218659040615165,0.04501265287399292,-0.2076200246810913,-0.03538902741400918
0.0,0.0,0.0,-0.03569018840789795,-0.034930408000946045,-0.006537839983749905,-0.05197030305862427,-0.08375096321105957,-0.012836381540793695,-0.046385347843170166,-0.130731463432312,-0.017500885510045805,-0.03752702474594116,-0.1663023829460144,-0.021642825314003744,-0.0250890851020813,-0.10391408205032349,-0.02398506061096839,-0.016079843044281006,-0.17777320742607117,-0.03465960615237407,-0.01175457239151001,-0.21799883246421814,-0.03741848536689929,-0.008069515228271484,-0.24650633335113525,-0.03767412968834094,0.00399017333984375,-0.09996038675308228,-0.025348788806397238,0.009129822254180908,-0.18142157793045044,-0.035973925822574415,0.010756194591522217,-0.22831043601036072,-0.03900466927250079,0.01186293363571167,-0.26162266731262207,-0.039731775158244886,0.029120683670043945,-0.09462332725524902,-0.026235484265882292,0.03261846303939819,-0.17167046666145325,-0.03523001887758426,0.0333516001701355,-0.21696749329566956,-0.038366597824889936,0.03258669376373291,-0.25031399726867676,-0.03898352079947642,0.04984802007675171,-0.08706492185592651,-0.026900742882091322,0.05278658866882324,-0.14558055996894836,-0.03297093951066188,0.051802873611450195,-0.17892345786094666,-0.03373297371824435,0.04884517192840576,-0.20543497800827026,-0.0326349593039339
0.0,0.0,0.0,-0.035680413246154785,-0.036845862865448,-0.005717588567566878,-0.051867783069610596,-0.08549797534942627,-0.011616135460716492,-0.04616367816925049,-0.13128900527954102,-0.0160088282799542,-0.03735238313674927,-0.16750046610832214,-0.01983208253739477,-0.025194287300109863,-0.10322874784469604,-0.023618771207910783,-0.015808045864105225,-0.1761910319328308,-0.03458080857751966,-0.010868191719055176,-0.21627819538116455,-0.03711111515520216,-0.006534874439239502,-0.244424968957901,-0.03707579195259214,0.0043798089027404785,-0.09949386119842529,-0.025362004039269692,0.008719980716705322,-0.1812978982925415,-0.03738917827365995,0.009956896305084229,-0.22717323899269104,-0.04004890888689161,0.01130300760269165,-0.26017898321151733,-0.03987694203613401,0.02976405620574951,-0.0949258804321289,-0.02657176226137281,0.032969653606414795,-0.1724008321762085,-0.036832679507714516,0.033321380615234375,-0.21741580963134766,-0.0387584832286656,0.0325087308883667,-0.2517662048339844,-0.037854101953488595,0.05021697282791138,-0.08761221170425415,-0.027457759228926903,0.05278056859970093,-0.14739525318145752,-0.03361183076856733,0.051273465156555176,-0.18009668588638306,-0.03293085887787939,0.047926366329193115,-0.20610207319259644,-0.030454678905588395
0.0,0.0,0.0,-0.03490382432937622,-0.03539395332336426,-0.005725191488178183,-0.04967230558395386,-0.08380848169326782,-0.011267334736199786,-0.044170260429382324,-0.12893295288085938,-0.015401119879694392,-0.035555899143218994,-0.1640489399433136,-0.01907186727157395,-0.02402019500732422,-0.1010621190071106,-0.022082127212794234,-0.014802932739257812,-0.17176827788352966,-0.03273836667767327,-0.01007544994354248,-0.21047741174697876,-0.035666705622585226,-0.006042897701263428,-0.2380528450012207,-0.036033140077503134,0.005105435848236084,-0.0972784161567688,-0.023525461136610915,0.00959312915802002,-0.17708736658096313,-0.033936073585660864,0.010504603385925293,-0.2225254774093628,-0.03659695531359475,0.011588752269744873,-0.25542783737182617,-0.037001298322589804,0.0299527645111084,-0.09250712394714355,-0.024575970649035384,0.03321272134780884,-0.1680324673652649,-0.03358460362187188,0.03310030698776245,-0.21285158395767212,-0.03596632327070992,0.03197556734085083,-0.24646306037902832,-0.035903365864665915,0.050227582454681396,-0.08562546968460083,-0.0253917924605922,0.052359819412231445,-0.14362040162086487,-0.031362546189935614,0.05031704902648926,-0.17629891633987427,-0.031487980439575125,0.046485841274261475,-0.2023797631263733,-0.02986671361258786
0.0,0.0,0.0,-0.03499746322631836,-0.03590971231460571,-0.008491259059596246,-0.05059140920639038,-0.08390134572982788,-0.01600262614964265,-0.04488193988800049,-0.12989187240600586,-0.021317715747940724,-0.03602176904678345,-0.16628220677375793,-0.026065540491330808,-0.024157404899597168,-0.10305160284042358,-0.028517724006164258,-0.015829920768737793,-0.1762622594833374,-0.04087956155716199,-0.012125372886657715,-0.21642667055130005,-0.04430165047823209,-0.008693397045135498,-0.24555999040603638,-0.04490851889430303,0.004509449005126953,-0.0992347002029419,-0.028966222881066983,0.008674979209899902,-0.18188926577568054,-0.04210610221205968,0.009197235107421875,-0.22804781794548035,-0.04531033615647573,0.009978711605072021,-0.2618418037891388,-0.045712499870646184,0.028875112533569336,-0.09493184089660645,-0.028909931882012074,0.03249537944793701,-0.17122530937194824,-0.03976889233170766,0.03204607963562012,-0.21569305658340454,-0.0420108726161601,0.030635714530944824,-0.2497107982635498,-0.04144216234861631,0.04844468832015991,-0.08824074268341064,-0.028747675000417416,0.049531400203704834,-0.14881762862205505,-0.035543921394932454,0.047040343284606934,-0.18147173523902893,-0.03543032984315175,0.04342854022979736,-0.20736339688301086,-0.03341469447194356
0.0,0.0,0.0,-0.0345386266708374,-0.03695613145828247,-0.008311157554562243,-0.049136340618133545,-0.08535808324813843,-0.01520988109725252,-0.043154120445251465,-0.13143908977508545,-0.020223573289985808,-0.03464031219482422,-0.16816353797912598,-0.024699129603977354,-0.02230978012084961,-0.10514664649963379,-0.02496367736923233,-0.014196038246154785,-0.17663487792015076,-0.03722604780661598,-0.010049164295196533,-0.21677398681640625,-0.0415059630500032,-0.0061266422271728516,-0.246279776096344,-0.042889759384269865,0.005706727504730225,-0.10185092687606812,-0.025653504274959715,0.009219646453857422,-0.18193751573562622,-0.038578328184957655,0.009716987609863281,-0.2283766269683838,-0.04270781248080269,0.010763049125671387,-0.2629542648792267,-0.043858666412706526,0.029580354690551758,-0.09681117534637451,-0.026059290833945425,0.03235429525375366,-0.1715940237045288,-0.03685871928202644,0.03259754180908203,-0.21619054675102234,-0.039680064164276274,0.032358527183532715,-0.2506125569343567,-0.03962606608140007,0.04899626970291138,-0.08872091770172119,-0.026462542332883032,0.049911677837371826,-0.1473318636417389,-0.03335741578804985,0.048208534717559814,-0.18022194504737854,-0.0336416330860807,0.045774757862091064,-0.20678070187568665,-0.03198610290157333
0.0,0.0,0.0,-0.03439134359359741,-0.03803807497024536,-0.0067604162583005944,-0.04980754852294922,-0.08747529983520508,-0.013348997742111735,-0.04353177547454834,-0.1333731710910797,-0.018241207286889605,-0.03359687328338623,-0.1680762767791748,-0.022684340536768488,-0.022653579711914062,-0.10606998205184937,-0.025175835177476458,-0.013711869716644287,-0.17816653847694397,-0.03723529091494804,-0.009822964668273926,-0.21766775846481323,-0.041009036064322046,-0.006265461444854736,-0.24641942977905273,-0.04189450031536346,0.0057492852210998535,-0.10196501016616821,-0.026416423902089647,0.010242938995361328,-0.18383440375328064,-0.03898175916093116,0.01066577434539795,-0.2298911213874817,-0.04224919638055091,0.0112648606300354,-0.2637227475643158,-0.04265979042666679,0.029961585998535156,-0.0967707633972168,-0.027194005608732752,0.03368985652923584,-0.1734074354171753,-0.03790267294662719,0.033297181129455566,-0.21789658069610596,-0.040329319596464686,0.03161585330963135,-0.25169384479522705,-0.039790635168726496,0.04984438419342041,-0.08841150999069214,-0.02772753795998817,0.05178713798522949,-0.1492759883403778,-0.03430798015015846,0.04929691553115845,-0.18150818347930908,-0.033933584749872736,0.045179009437561035,-0.20683103799819946,-0.03167810401337867
0.0,0.0,0.0,-0.03527712821960449,-0.034116148948669434,-0.008149691445389351,-0.050966739654541016,-0.08062613010406494,-0.015166163963833412,-0.045382559299468994,-0.12539732456207275,-0.020270982345202526,-0.037455201148986816,-0.16123396158218384,-0.025046567951896748,-0.023791611194610596,-0.0993615984916687,-0.026446992119410595,-0.0167655348777771,-0.16980940103530884,-0.03856803435609635,-0.012542963027954102,-0.20893853902816772,-0.04255151707456406,-0.008266448974609375,-0.2377069890499115,-0.04362820420191582,0.005024135112762451,-0.0964614748954773,-0.02720280136690434,0.008308231830596924,-0.17618709802627563,-0.039679392760255894,0.009221434593200684,-0.22225424647331238,-0.0435560714058667,0.010520756244659424,-0.25672829151153564,-0.04462217870877083,0.029115140438079834,-0.09195125102996826,-0.027508139198282322,0.03229647874832153,-0.16581439971923828,-0.038439988677957615,0.03224480152130127,-0.21118223667144775,-0.041489660327890476,0.031230509281158447,-0.24619853496551514,-0.04154889989421662,0.0480613112449646,-0.08513355255126953,-0.027654889559009632,0.05000734329223633,-0.14401358366012573,-0.0349183972530156,0.04807782173156738,-0.17733818292617798,-0.0351819056622773,0.04476737976074219,-0.20383262634277344,-0.0334571744851857
0.0,0.0,0.0,-0.03454697132110596,-0.03582286834716797,-0.006649569729788141,-0.0497136116027832,-0.08376973867416382,-0.012970824381781654,-0.043655335903167725,-0.12941628694534302,-0.017756620077861385,-0.03483545780181885,-0.16577666997909546,-0.021908560423625545,-0.023675858974456787,-0.10368752479553223,-0.022907072334064082,-0.014580726623535156,-0.17504093050956726,-0.03406832519031866,-0.010133922100067139,-0.21461743116378784,-0.03714655864096983,-0.00622105598449707,-0.2431040108203888,-0.037642357526792125,0.003912091255187988,-0.10040581226348877,-0.024403078137410716,0.008769333362579346,-0.18045184016227722,-0.03643980774141653,0.010350406169891357,-0.22592943906784058,-0.03969579714394911,0.012075304985046387,-0.2590959966182709,-0.0401431672558914,0.027900099754333496,-0.0957486629486084,-0.02558039094365938,0.03201264142990112,-0.17084980010986328,-0.035862238733542995,0.03293412923812866,-0.2157214879989624,-0.038488519965184764,0.03284502029418945,-0.24993249773979187,-0.03822518664456709,0.04798734188079834,-0.0879862904548645,-0.02659108269072874,0.04982495307922363,-0.14729905128479004,-0.03311780246950491,0.048171401023864746,-0.17993119359016418,-0.03318580764390333,0.045116961002349854,-0.20575234293937683,-0.03132004442669256
0.0,0.0,0.0,-0.03437155485153198,-0.03335452079772949,-0.008031778362777686,-0.04944312572479248,-0.07926857471466064,-0.015223661762860274,-0.04418760538101196,-0.12431889772415161,-0.02062344024815843,-0.0362706184387207,-0.16095519065856934,-0.02555324355998323,-0.02211761474609375,-0.10147294402122498,-0.025570068833616233,-0.013650000095367432,-0.1717449426651001,-0.03744663889446542,-0.008685886859893799,-0.2105741798877716,-0.04087585429587648,-0.004461526870727539,-0.23856210708618164,-0.041418323618557906,0.005237281322479248,-0.09758594632148743,-0.026505161402013755,0.010138094425201416,-0.17653077840805054,-0.03886668975391672,0.012439727783203125,-0.22096693515777588,-0.04209872926512048,0.014569640159606934,-0.2536925971508026,-0.042411504638579345,0.028930842876434326,-0.09129726886749268,-0.027135910791542983,0.03262436389923096,-0.16418299078941345,-0.03763798098006532,0.03418445587158203,-0.207575261592865,-0.0401489495758085,0.03496599197387695,-0.24075829982757568,-0.03977870042362497,0.04838204383850098,-0.08178102970123291,-0.02768075126149938,0.0505942702293396,-0.13945281505584717,-0.03454604591169641,0.050047218799591064,-0.17178875207901,-0.03465185905733392,0.04837381839752197,-0.19774627685546875,-0.03276156480350778
0.0,0.0,0.0,-0.033516108989715576,-0.03754293918609619,-0.007272279905931711,-0.04805344343185425,-0.08624774217605591,-0.014103639024154901,-0.042645275592803955,-0.13108274340629578,-0.019331792454080343,-0.03362381458282471,-0.16709685325622559,-0.02403213837261653,-0.02143716812133789,-0.10634499788284302,-0.024098131890253782,-0.012904703617095947,-0.17615467309951782,-0.03632942968125796,-0.008489012718200684,-0.21470314264297485,-0.04035562657828784,-0.004294097423553467,-0.2423838973045349,-0.04140315585847354,0.006710827350616455,-0.10139387845993042,-0.025455232794241667,0.011274099349975586,-0.18168294429779053,-0.03806402170176959,0.012526929378509521,-0.2268696427345276,-0.04148876675482249,0.014010429382324219,-0.2598443627357483,-0.041972462172465086,0.03050917387008667,-0.09494960308074951,-0.026557499627427816,0.034510135650634766,-0.1704844832420349,-0.03731670611615634,0.03510868549346924,-0.2144034504890442,-0.03926996895189738,0.03468245267868042,-0.24800831079483032,-0.03838558876033282,0.04941171407699585,-0.08555132150650024,-0.02753780418153262,0.05112987756729126,-0.14555364847183228,-0.034111689860777616,0.049385249614715576,-0.177852600812912,-0.03336903461332774,0.04638904333114624,-0.20338553190231323,-0.030826553786949873
0.0,0.0,0.0,-0.035216569900512695,-0.03628486394882202,-0.008447270759001313,-0.050330162048339844,-0.08389264345169067,-0.015123451978519498,-0.04348534345626831,-0.12996894121170044,-0.019701092422559796,-0.03420114517211914,-0.16601592302322388,-0.02370573665256792,-0.022179841995239258,-0.10317599773406982,-0.02545645918007189,-0.01351839303970337,-0.17339032888412476,-0.03642973761315638,-0.00931626558303833,-0.2118844985961914,-0.03961267034764582,-0.005521953105926514,-0.24045512080192566,-0.0404030242120772,0.006882667541503906,-0.10006004571914673,-0.02543492513950163,0.010985374450683594,-0.1789599061012268,-0.03644946302528673,0.011411726474761963,-0.22384095191955566,-0.039393388584807454,0.012277543544769287,-0.25733470916748047,-0.0401639686083346,0.030683040618896484,-0.09542804956436157,-0.02503599125201994,0.03385668992996216,-0.16820937395095825,-0.03424314494486147,0.03364217281341553,-0.21178659796714783,-0.03646658818478876,0.03235834836959839,-0.24536702036857605,-0.03646458770389849,0.04933726787567139,-0.08808356523513794,-0.024667025462344228,0.05082947015762329,-0.14409714937210083,-0.030588754371359883,0.04867255687713623,-0.17587286233901978,-0.030746779323175488,0.04517507553100586,-0.20157206058502197,-0.029290639713957844
0.0,0.0,0.0,-0.03392839431762695,-0.038859665393829346,-0.006119870179585263,-0.049593567848205566,-0.08797574043273926,-0.012646589027038857,-0.043452322483062744,-0.13342499732971191,-0.017744208284906193,-0.033113300800323486,-0.1663355529308319,-0.022377109685233876,-0.021216154098510742,-0.10882818698883057,-0.02358351328342323,-0.01418757438659668,-0.18034741282463074,-0.03539797902970676,-0.009909272193908691,-0.21895676851272583,-0.039366512158206746,-0.005757153034210205,-0.24686414003372192,-0.040548390307716176,0.0062024593353271484,-0.10450351238250732,-0.025161954173139378,0.009713232517242432,-0.18542689085006714,-0.03748181701569919,0.010964453220367432,-0.23044556379318237,-0.040749421873382374,0.012533009052276611,-0.2635045051574707,-0.04128557682900791,0.02976924180984497,-0.09879440069198608,-0.026366832264951512,0.03347420692443848,-0.17417898774147034,-0.03666357190280323,0.03412681818008423,-0.21856892108917236,-0.03862091020613079,0.03375297784805298,-0.2521323561668396,-0.03795695916681652,0.0487746000289917,-0.09023326635360718,-0.02740733751027946,0.05053436756134033,-0.14960235357284546,-0.03370898083715801,0.0491982102394104,-0.18224316835403442,-0.033215744951061055,0.04712212085723877,-0.20773693919181824,-0.031010270648888394
0.0,0.0,0.0,-0.03473418951034546,-0.03307992219924927,-0.008437855943192574,-0.05043607950210571,-0.08020740747451782,-0.01613049659048471,-0.04491084814071655,-0.12575185298919678,-0.021814145921815964,-0.035244882106781006,-0.1614200472831726,-0.027007144718517395,-0.02333909273147583,-0.10212871432304382,-0.027070355444301697,-0.014654695987701416,-0.17276102304458618,-0.039395195274700257,-0.010065555572509766,-0.21247422695159912,-0.04330722319995317,-0.005965471267700195,-0.24095860123634338,-0.04418424221788797,0.004969179630279541,-0.09795558452606201,-0.027800165890802475,0.00980299711227417,-0.17760339379310608,-0.040104565053333374,0.011533975601196289,-0.22282767295837402,-0.043512140243400665,0.013424873352050781,-0.25632959604263306,-0.04409138935719881,0.029037952423095703,-0.09209007024765015,-0.028098852216352554,0.03274810314178467,-0.1662895679473877,-0.038349461584438416,0.0336606502532959,-0.2103019654750824,-0.040668194024910065,0.03386986255645752,-0.24449056386947632,-0.040317286579956146,0.04822516441345215,-0.0836229920387268,-0.028318459942092034,0.050569236278533936,-0.1418287456035614,-0.03474541830932054,0.0496181845664978,-0.17382043600082397,-0.034377046703447434,0.047591328620910645,-0.1994818150997162,-0.03223377171074304
0.0,0.0,0.0,-0.03517204523086548,-0.035391032695770264,-0.006059548352904898,-0.051254868507385254,-0.08236706256866455,-0.012077540625877958,-0.045680999755859375,-0.12723582983016968,-0.016454985831924063,-0.037184834480285645,-0.1621541976928711,-0.02034567156905709,-0.024297595024108887,-0.10217699408531189,-0.023659814615793806,-0.015894591808319092,-0.17278653383255005,-0.034263171722241026,-0.011679470539093018,-0.21157881617546082,-0.036782179494448286,-0.007964730262756348,-0.23898476362228394,-0.036789399107046705,0.004851341247558594,-0.09790080785751343,-0.025226921309776884,0.008669435977935791,-0.17659583687782288,-0.03676637681300221,0.009518265724182129,-0.22041109204292297,-0.03908663289720593,0.010582208633422852,-0.25218212604522705,-0.03869944485003529,0.029606282711029053,-0.09201538562774658,-0.026302736719198805,0.033181846141815186,-0.1662084460258484,-0.03625978203589497,0.03342854976654053,-0.20975562930107117,-0.03784170793468533,0.03283447027206421,-0.24311864376068115,-0.03669472830469189,0.04947555065155029,-0.0829235315322876,-0.027107043658443075,0.05170297622680664,-0.1414189338684082,-0.03316877083952008,0.05033218860626221,-0.17348867654800415,-0.032278780360766035,0.04773402214050293,-0.19860625267028809,-0.02960402751440583
0.0,0.0,0.0,-0.034738123416900635,-0.03999531269073486,-0.006860865241881342,-0.051026761531829834,-0.08981972932815552,-0.013934863227452965,-0.04432302713394165,-0.13596707582473755,-0.01945154597892973,-0.03391534090042114,-0.17056125402450562,-0.0245514460457823,-0.025348782539367676,-0.1046188473701477,-0.027074657808091374,-0.01617300510406494,-0.18007081747055054,-0.039153874347951145,-0.011559486389160156,-0.22182172536849976,-0.04231868354513857,-0.007861912250518799,-0.25193148851394653,-0.043011442254330845,0.004906654357910156,-0.10021311044692993,-0.028865134771015377,0.009061455726623535,-0.18516141176223755,-0.04107158301308367,0.010849475860595703,-0.23288288712501526,-0.04426642922594759,0.01185685396194458,-0.26711487770080566,-0.04525824306442949,0.03137683868408203,-0.09510350227355957,-0.03018341815009329,0.033777594566345215,-0.1741948127746582,-0.04053643016054842,0.03478497266769409,-0.21980315446853638,-0.043395407925393314,0.0342787504196167,-0.25383609533309937,-0.04381828052833292,0.05377453565597534,-0.08788406848907471,-0.031377781610038014,0.05617320537567139,-0.14821255207061768,-0.039107468406703205,0.054658710956573486,-0.18272382020950317,-0.04036545796230051,0.05124497413635254,-0.2106449007987976,-0.039604563693549366
0.0,0.0,0.0,-0.03649967908859253,-0.03508847951889038,-0.009373853768131823,-0.05419188737869263,-0.08614635467529297,-0.017601900587699504,-0.047751009464263916,-0.13403597474098206,-0.023551930527112575,-0.03735983371734619,-0.17057085037231445,-0.029161690588018985,-0.027407407760620117,-0.10417252779006958,-0.030603504593393893,-0.016971468925476074,-0.1825861930847168,-0.043912988941094966,-0.01129460334777832,-0.22614729404449463,-0.047953055093906016,-0.006353318691253662,-0.25667575001716614,-0.04890957553210029,0.0028177499771118164,-0.09915387630462646,-0.031610582808873744,0.00849837064743042,-0.18512630462646484,-0.04519471232118377,0.010834038257598877,-0.23606225848197937,-0.049767811636350245,0.013330340385437012,-0.27244094014167786,-0.05134095702590713,0.028832316398620605,-0.09347975254058838,-0.03206371221961746,0.03282320499420166,-0.17488491535186768,-0.043663498799226375,0.03455287218093872,-0.22399449348449707,-0.04782463688673744,0.03558814525604248,-0.2607983648777008,-0.04885229546847114,0.05010908842086792,-0.08567434549331665,-0.03233992014350662,0.052411437034606934,-0.14785856008529663,-0.04094192836704025,0.05145531892776489,-0.18401622772216797,-0.04244581315936813,0.049747586250305176,-0.21335285902023315,-0.04155919779362449
0.0,0.0,0.0,-0.033204853534698486,-0.03989899158477783,-0.007801899281037805,-0.04711025953292847,-0.09013491868972778,-0.01472923817549443,-0.03866398334503174,-0.13461846113204956,-0.019916779421908615,-0.026896119117736816,-0.16775864362716675,-0.024717186637861488,-0.02133166790008545,-0.10822170972824097,-0.025303472825033424,-0.009551405906677246,-0.18138039112091064,-0.03750568913732266,-0.0030627846717834473,-0.22159403562545776,-0.04105801420722699,0.0024104714393615723,-0.24995291233062744,-0.04185615020309186,0.006959021091461182,-0.10193800926208496,-0.026659932979089973,0.01632171869277954,-0.1833164095878601,-0.039219944798094986,0.020075082778930664,-0.22963941097259521,-0.04250386270199513,0.02279108762741089,-0.2622470259666443,-0.043098996453625915,0.031436026096343994,-0.09445631504058838,-0.027879078932745216,0.038172125816345215,-0.17056846618652344,-0.03839632781658864,0.040734171867370605,-0.21541422605514526,-0.0410923837355206,0.0424991250038147,-0.24923700094223022,-0.04111454548750615,0.05194753408432007,-0.08404988050460815,-0.029112857826692817,0.05595189332962036,-0.14417147636413574,-0.036358899497134445,0.05574685335159302,-0.17779386043548584,-0.037062010788066146,0.05470597743988037,-0.20514696836471558,-0.03583752649341321
0.0,0.0,0.0,-0.03543800115585327,-0.038053691387176514,-0.007780081544652262,-0.051428020000457764,-0.08725172281265259,-0.014686870806499996,-0.04422420263290405,-0.13312360644340515,-0.019768599838599243,-0.03346651792526245,-0.16772902011871338,-0.024195339948519745,-0.022088825702667236,-0.10580176115036011,-0.024697669268235245,-0.01190119981765747,-0.17668330669403076,-0.03614159901498226,-0.0061092376708984375,-0.21642166376113892,-0.039611539289936104,-0.0012987256050109863,-0.24518561363220215,-0.04037765641568569,0.006734132766723633,-0.10122257471084595,-0.02565179248212246,0.012631595134735107,-0.18102878332138062,-0.03715506051538853,0.01550978422164917,-0.2263052761554718,-0.04017146904824642,0.01813185214996338,-0.25958138704299927,-0.04065071274398235,0.031213045120239258,-0.09502696990966797,-0.0262974039172974,0.03564274311065674,-0.16912627220153809,-0.035969580010160485,0.03737825155258179,-0.21368569135665894,-0.03834332381246952,0.03791201114654541,-0.24759918451309204,-0.03817564104555515,0.05085939168930054,-0.08612090349197388,-0.026941270053967514,0.053623855113983154,-0.1436472237110138,-0.03320405115245251,0.05273228883743286,-0.1768466830253601,-0.0332902916228619,0.05039262771606445,-0.2031366527080536,-0.031566014931186714
0.0,0.0,0.0,-0.03480792045593262,-0.03628784418106079,-0.0059862212808141635,-0.05021911859512329,-0.08535599708557129,-0.011904505693287604,-0.043207645416259766,-0.13111937046051025,-0.016312383727104418,-0.03221452236175537,-0.16490155458450317,-0.020208342612654917,-0.022776007652282715,-0.10487830638885498,-0.0227622917452166,-0.01202934980392456,-0.1758269965648651,-0.033812987298638575,-0.0062607526779174805,-0.21549084782600403,-0.03681192794528698,-0.0015638470649719238,-0.24380505084991455,-0.03717651838150715,0.005824089050292969,-0.10079467296600342,-0.02446735525217747,0.012755155563354492,-0.18071532249450684,-0.036066661269337885,0.015735089778900146,-0.22592198848724365,-0.0391108716436932,0.018306076526641846,-0.2588803470134735,-0.039342409611613505,0.030481815338134766,-0.09488385915756226,-0.025718700752527468,0.035709381103515625,-0.16972428560256958,-0.03556278967943882,0.03768807649612427,-0.21408388018608093,-0.03809783110109066,0.0383296012878418,-0.24777087569236755,-0.037804155290992014,0.05034971237182617,-0.08597499132156372,-0.02672887468424534,0.053645968437194824,-0.1445469856262207,-0.032941396028668635,0.05316495895385742,-0.17749133706092834,-0.03284839415636753,0.05121767520904541,-0.20368695259094238,-0.030862758547932856
0.0,0.0,0.0,-0.03430086374282837,-0.037933170795440674,-0.006240655628737102,-0.049369096755981445,-0.08739948272705078,-0.01255091229244698,-0.04226034879684448,-0.13309964537620544,-0.017300134019698987,-0.0330466628074646,-0.16914451122283936,-0.021683798597898374,-0.021870434284210205,-0.10722845792770386,-0.024381614716496358,-0.011840283870697021,-0.1788790225982666,-0.036022114993777166,-0.00676119327545166,-0.21776866912841797,-0.039500466974224935,-0.002202630043029785,-0.24547511339187622,-0.040236107500042806,0.00643157958984375,-0.10215771198272705,-0.026055821643915067,0.011855125427246094,-0.18374398350715637,-0.0382091248945855,0.013691306114196777,-0.2291843593120575,-0.041530005128826986,0.015665948390960693,-0.26212260127067566,-0.0421240920738839,0.030767977237701416,-0.09574145078659058,-0.02729965137108792,0.03543436527252197,-0.1725286841392517,-0.037768739701952825,0.03664213418960571,-0.21719619631767273,-0.040575749667134176,0.03670954704284668,-0.2509130835533142,-0.04052473554178704,0.05070525407791138,-0.08625191450119019,-0.028275373818125615,0.053497135639190674,-0.1470845639705658,-0.03512714007660378,0.0523686408996582,-0.17973899841308594,-0.03534565815493096,0.049952566623687744,-0.20549818873405457,-0.03361153179570664
0.0,0.0,0.0,-0.035214245319366455,-0.03903508186340332,-0.00594180945642897,-0.051046133041381836,-0.08817499876022339,-0.012171761434158768,-0.04369974136352539,-0.1341019868850708,-0.0169226148385615,-0.03299659490585327,-0.1686960756778717,-0.02132797178216883,-0.025084316730499268,-0.10677355527877808,-0.024050901945313896,-0.014634490013122559,-0.17962568998336792,-0.03530104954131552,-0.009764134883880615,-0.21977603435516357,-0.03848702211268851,-0.005775868892669678,-0.2488870918750763,-0.03921734664925047,0.004120588302612305,-0.10290157794952393,-0.025700626264891113,0.009549617767333984,-0.18493854999542236,-0.037016296129307236,0.011093378067016602,-0.23097693920135498,-0.039921366911015,0.01210564374923706,-0.2643848657608032,-0.040537224452576126,0.02962404489517212,-0.09716153144836426,-0.026875130202254738,0.032794296741485596,-0.17453444004058838,-0.036301219205936874,0.03347843885421753,-0.21864256262779236,-0.0385400851476998,0.03279149532318115,-0.25147074460983276,-0.03840006266125151,0.051462650299072266,-0.08823472261428833,-0.02785398934372374,0.052379071712493896,-0.1481311023235321,-0.0340053153444142,0.05067014694213867,-0.18105199933052063,-0.03418069828637549,0.047848403453826904,-0.20728552341461182,-0.03262327734716841
0.0,0.0,0.0,-0.036941707134246826,-0.03751206398010254,-0.010740028886264241,-0.054389119148254395,-0.0878305435180664,-0.019630580401187814,-0.04674410820007324,-0.13544541597366333,-0.025889559840923226,-0.03625011444091797,-0.17323002219200134,-0.03149382137334911,-0.024921953678131104,-0.10358923673629761,-0.032352798810368455,-0.015542209148406982,-0.18031081557273865,-0.045921885600453294,-0.011127710342407227,-0.2230374813079834,-0.04982312881029216,-0.007115840911865234,-0.253946453332901,-0.050822862615948594,0.0051721930503845215,-0.09928512573242188,-0.0323219273296651,0.00948256254196167,-0.18597441911697388,-0.04641242065108386,0.010408401489257812,-0.235143780708313,-0.050282993545895494,0.0116347074508667,-0.2710243761539459,-0.05134211220419971,0.030344367027282715,-0.09465992450714111,-0.03185765930092899,0.033372342586517334,-0.17555224895477295,-0.04375660531795589,0.033551037311553955,-0.22361207008361816,-0.04677197449482051,0.0328560471534729,-0.26016780734062195,-0.046928187092905915,0.05077779293060303,-0.08813643455505371,-0.03140950315273372,0.05116856098175049,-0.15042364597320557,-0.03985845782435504,0.04875284433364868,-0.18594491481781006,-0.040937104454403794,0.045540452003479004,-0.2143293023109436,-0.03975691013610927
0.0,0.0,0.0,-0.051087796688079834,-0.049735844135284424,-0.024118414719863424,-0.07862496376037598,-0.11612218618392944,-0.04449789096908141,-0.07147961854934692,-0.18255597352981567,-0.058505034645362386,-0.0563582181930542,-0.23743212223052979,-0.07096883152918387,-0.03481912612915039,-0.123862624168396,-0.07152004783348609,-0.02317643165588379,-0.24061334133148193,-0.09430334960417319,-0.017984211444854736,-0.3020896911621094,-0.09812700991825629,-0.013235986232757568,-0.3488009572029114,-0.09806098287300635,0.009667277336120605,-0.12020176649093628,-0.06689459328846503,0.01377791166305542,-0.25057125091552734,-0.09201830123858024,0.014876246452331543,-0.3200324773788452,-0.09496610110001136,0.015272557735443115,-0.3710018992424011,-0.09481932466225196,0.044773876667022705,-0.12040722370147705,-0.060881702800555715,0.045980870723724365,-0.24021315574645996,-0.0803662339349227,0.04440087080001831,-0.3070870339870453,-0.08102640752987433,0.04183363914489746,-0.3585878312587738,-0.078946689714952,0.07018578052520752,-0.12127405405044556,-0.055444678862853536,0.06637448072433472,-0.2151566743850708,-0.06861155723528434,0.06213587522506714,-0.26661643385887146,-0.06921783333019782,0.05684852600097656,-0.3069968521595001,-0.06738842522100974
0.0,0.0,0.0,-0.049161672592163086,-0.05342841148376465,-0.023526808866347837,-0.07667648792266846,-0.12154895067214966,-0.042982087158646154,-0.0696592926979065,-0.1888905167579651,-0.05656505438038306,-0.0539168119430542,-0.24387282133102417,-0.0686174823577066,-0.03403139114379883,-0.1313839554786682,-0.0668026326830049,-0.022109270095825195,-0.2459862232208252,-0.08880477088042693,-0.01603066921234131,-0.30767595767974854,-0.09280959951230483,-0.010643959045410156,-0.354211688041687,-0.09299067097255187,0.010231614112854004,-0.12710201740264893,-0.06247524606534438,0.015692949295043945,-0.2569115459918976,-0.08591254489966826,0.017448127269744873,-0.32571420073509216,-0.0886750115687509,0.018613457679748535,-0.37506103515625,-0.0887917547161241,0.04544055461883545,-0.1253798007965088,-0.057115406417336034,0.04828006029129028,-0.2455248236656189,-0.07519750731536345,0.04744666814804077,-0.31118297576904297,-0.0756106047565599,0.045916855335235596,-0.3610815405845642,-0.07367856489964919,0.0711624026298523,-0.12389123439788818,-0.05253449144312339,0.06932675838470459,-0.2178683876991272,-0.06473709332295852,0.06547921895980835,-0.2680896818637848,-0.06523061978169875,0.0606989860534668,-0.30791446566581726,-0.06354877042123275
0.0,0.0,0.0,-0.049871623516082764,-0.05130970478057861,-0.021829108378430107,-0.07734853029251099,-0.11929261684417725,-0.039513853049417236,-0.06897848844528198,-0.18647050857543945,-0.05179941714419911,-0.05340087413787842,-0.23968559503555298,-0.06252462849630902,-0.03464478254318237,-0.12825125455856323,-0.06121820644154141,-0.024150311946868896,-0.2435847520828247,-0.08220017389072964,-0.018610477447509766,-0.30408358573913574,-0.0862382768155534,-0.013156235218048096,-0.3485060930252075,-0.08647918388857434,0.008618950843811035,-0.12456130981445312,-0.058322106158872344,0.011991679668426514,-0.2529062330722809,-0.08029407695545743,0.013465523719787598,-0.32195085287094116,-0.083753292119642,0.014599025249481201,-0.37165823578834534,-0.08433501855148862,0.04310727119445801,-0.12381964921951294,-0.054722872233529785,0.0441320538520813,-0.24183690547943115,-0.07258599684252331,0.04364800453186035,-0.30774766206741333,-0.07492375806583951,0.042700231075286865,-0.358146607875824,-0.07426433697952817,0.06839382648468018,-0.12290149927139282,-0.051711198544641235,0.06515538692474365,-0.21538770198822021,-0.06471307263388226,0.06160622835159302,-0.2665937542915344,-0.06657487586750577,0.05759763717651367,-0.3074052333831787,-0.0657355605126817
0.0,0.0,0.0,-0.015067607164382935,-0.05596190690994263,-0.004974046816755617,-0.018192440271377563,-0.12441420555114746,-0.0102577452563537,-0.01131141185760498,-0.18250799179077148,-0.013966341597665632,-0.00813513994216919,-0.22829073667526245,-0.018988685777117098,-0.030039727687835693,-0.1348366141319275,-0.0338696260952247,-0.03609079122543335,-0.2360241413116455,-0.04939915808074602,-0.03897809982299805,-0.2970188856124878,-0.05302694263093599,-0.040265411138534546,-0.33896327018737793,-0.05411340119474062,-0.0025686025619506836,-0.12843865156173706,-0.03930304767720827,-0.013298869132995605,-0.24197110533714294,-0.057972600778271044,-0.020146071910858154,-0.3123864531517029,-0.06551964776747354,-0.026448965072631836,-0.3619089722633362,-0.06910642432205805,0.021136462688446045,-0.12481975555419922,-0.04349325047962793,0.011262953281402588,-0.23498713970184326,-0.06306176828377374,0.004624009132385254,-0.3030305504798889,-0.07253238009445795,-0.0007643699645996094,-0.3536401093006134,-0.07608983861439356,0.041132569313049316,-0.12123352289199829,-0.04643605100147852,0.03840118646621704,-0.21187901496887207,-0.06363170789711603,0.03375279903411865,-0.2643544375896454,-0.06921859281294473,0.02909177541732788,-0.30676406621932983,-0.07072218703262934
0.0,0.0,0.0,0.016369402408599854,-0.052376389503479004,0.007158879461186984,0.02238774299621582,-0.12219679355621338,0.007202932415950158,0.024732112884521484,-0.1825377345085144,0.006719399048435548,0.013113319873809814,-0.22172194719314575,0.003134287931445101,0.008380651473999023,-0.13273972272872925,-0.01990400227676048,-0.006108105182647705,-0.23331153392791748,-0.02810504074166431,-0.012346595525741577,-0.291808545589447,-0.028188792718154332,-0.01639506220817566,-0.3330745995044708,-0.027629807320934674,0.013985514640808105,-0.12389558553695679,-0.0297502313829483,-0.0016264915466308594,-0.24666213989257812,-0.04082830223212852,-0.009483635425567627,-0.3176487684249878,-0.045291535285812756,-0.018523216247558594,-0.3657730221748352,-0.04838767620692863,0.015558183193206787,-0.12418794631958008,-0.037322167036634823,0.004726529121398926,-0.2455141544342041,-0.051481179622513196,-0.0010304450988769531,-0.31249523162841797,-0.058868884769779584,-0.005652666091918945,-0.3590410351753235,-0.061953145740133664,0.01503455638885498,-0.12648046016693115,-0.042476556924682995,0.02282893657684326,-0.22303026914596558,-0.05442544418345108,0.025710463523864746,-0.27335184812545776,-0.0573817116297306,0.027224719524383545,-0.3133249282836914,-0.058218054202896496
0.0,0.0,0.0,-0.04448142647743225,-0.051788330078125,-0.004760325367257678,-0.06476408243179321,-0.12258166074752808,-0.011360433364913547,-0.057861000299453735,-0.18501359224319458,-0.016324745903418147,-0.04933556914329529,-0.23000991344451904,-0.02121907700102099,-0.05534672737121582,-0.1254379153251648,-0.03817275207738646,-0.04895174503326416,-0.23344379663467407,-0.056965809727714145,-0.04482761025428772,-0.2933391332626343,-0.06113992300133475,-0.041080743074417114,-0.3351488411426544,-0.0610995967338539,-0.015754759311676025,-0.12145066261291504,-0.043511890287206256,-0.01722055673599243,-0.24083402752876282,-0.06495215785007247,-0.01840311288833618,-0.3101031482219696,-0.0700894598315216,-0.019747138023376465,-0.35822397470474243,-0.07035478990773925,0.020846068859100342,-0.11981505155563354,-0.04770183976988562,0.014266550540924072,-0.23213326930999756,-0.06690856855611571,0.011358261108398438,-0.29764220118522644,-0.07186614763240584,0.008034110069274902,-0.3458450436592102,-0.07140175294379958,0.05318629741668701,-0.11808854341506958,-0.050939873273179614,0.04733586311340332,-0.20704448223114014,-0.06460309069852599,0.04115360975265503,-0.25508376955986023,-0.06589342694978484,0.03445333242416382,-0.29245230555534363,-0.06377978664140471
0.0,0.0,0.0,-0.04465928673744202,-0.04525792598724365,-0.005327743792847173,-0.0668783187866211,-0.10881739854812622,-0.0141975165698085,-0.0652005672454834,-0.1688755750656128,-0.02158869275631048,-0.06156730651855469,-0.21716761589050293,-0.029172512086049096,-0.054669737815856934,-0.11816555261611938,-0.042159002589002625,-0.049076616764068604,-0.22460776567459106,-0.06280656190396883,-0.0451694130897522,-0.2835400402545929,-0.06836555184604265,-0.04147845506668091,-0.3255688548088074,-0.06912488521815874,-0.01743030548095703,-0.11731523275375366,-0.047721270786539094,-0.018315434455871582,-0.2333783507347107,-0.07070963116170503,-0.019495129585266113,-0.3023502230644226,-0.0768352824616585,-0.02086794376373291,-0.35066932439804077,-0.07785385878564455,0.018134772777557373,-0.11607539653778076,-0.05190356479765512,0.013923108577728271,-0.22448521852493286,-0.07141011239768602,0.011974751949310303,-0.28961583971977234,-0.07673873038770296,0.00978851318359375,-0.3370276689529419,-0.07678742738248445,0.050073981285095215,-0.11274898052215576,-0.0551183860170994,0.04448181390762329,-0.19954389333724976,-0.06989200444699861,0.03968155384063721,-0.24912306666374207,-0.07246114345075227,0.03432202339172363,-0.28799062967300415,-0.07109377564670183
0.0,0.0,0.0,0.018397152423858643,-0.05695033073425293,0.007282456326905162,0.024601340293884277,-0.12943744659423828,0.00639268005234328,0.02585989236831665,-0.19314181804656982,0.005240071974370153,0.012379288673400879,-0.23495465517044067,0.0006279656683574331,0.00815892219543457,-0.1420210599899292,-0.024588147700157492,-0.006775796413421631,-0.24716532230377197,-0.035005191862907736,-0.011881351470947266,-0.3068391680717468,-0.035715820789661734,-0.014566779136657715,-0.35020169615745544,-0.03501191228660616,0.01178276538848877,-0.13322186470031738,-0.03454211965235743,-0.0024423599243164062,-0.2580922842025757,-0.047871331274834006,-0.008856415748596191,-0.3291504383087158,-0.05213816329869303,-0.01623547077178955,-0.37737447023391724,-0.05446761712464365,0.011904656887054443,-0.13292735815048218,-0.041875916123714774,0.004958391189575195,-0.2553851008415222,-0.057183357477512686,0.001125335693359375,-0.32316818833351135,-0.06384537979992899,-0.0014102458953857422,-0.37016919255256653,-0.06588569894465479,0.009871065616607666,-0.13439065217971802,-0.04662800446185145,0.02127760648727417,-0.23436498641967773,-0.05892239004406008,0.02599644660949707,-0.28628742694854736,-0.06094723805817637,0.029166996479034424,-0.32715338468551636,-0.060620898902740805
0.0,0.0,0.0,-0.04459023475646973,-0.05154407024383545,-0.004762931465805309,-0.0667772889137268,-0.12036848068237305,-0.011894090771377819,-0.06232520937919617,-0.18140625953674316,-0.01759906645834519,-0.05704939365386963,-0.22848469018936157,-0.02321270268380715,-0.05541178584098816,-0.12521761655807495,-0.038128012530208366,-0.04892215132713318,-0.23178476095199585,-0.05752335648953988,-0.04457855224609375,-0.291015625,-0.06228171449124886,-0.04061970114707947,-0.3322240114212036,-0.06245404642045571,-0.01607269048690796,-0.12002754211425781,-0.04372504513681008,-0.0179937481880188,-0.23785603046417236,-0.06557891305506303,-0.019424796104431152,-0.30736714601516724,-0.07108780529320313,-0.02085477113723755,-0.3558877110481262,-0.07152592178404404,0.020679056644439697,-0.11727821826934814,-0.04821951102435662,0.013267815113067627,-0.22852253913879395,-0.06761333879053666,0.009828805923461914,-0.2942172884941101,-0.07237856622755601,0.006531476974487305,-0.342238187789917,-0.07160637315332963,0.05377680063247681,-0.1147388219833374,-0.05179809194028451,0.046518146991729736,-0.204051673412323,-0.06570061828911378,0.039615631103515625,-0.25257813930511475,-0.06687773551762177,0.0327722430229187,-0.2901773452758789,-0.06445862140476777
0.0,0.0,0.0,-0.03951466083526611,-0.056172192096710205,-0.005458921695375096,-0.05497977137565613,-0.12588459253311157,-0.012308083044612061,-0.047261178493499756,-0.18324881792068481,-0.01681029939862455,-0.03863564133644104,-0.22706222534179688,-0.02142940046104158,-0.04601389169692993,-0.13180094957351685,-0.041452629061662805,-0.043937742710113525,-0.2360365390777588,-0.058466592373573434,-0.0419425368309021,-0.2948877215385437,-0.060538200231516015,-0.03802427649497986,-0.335921972990036,-0.05980794647546972,-0.005164802074432373,-0.12613403797149658,-0.04633316913458074,-0.01161050796508789,-0.2455061674118042,-0.06643898183318342,-0.014248847961425781,-0.31351494789123535,-0.07097692185851301,-0.015440702438354492,-0.35994982719421387,-0.07169650638314451,0.030307471752166748,-0.12488174438476562,-0.04974135527225698,0.01839470863342285,-0.23878318071365356,-0.07062312358828748,0.011432349681854248,-0.3038288354873657,-0.07766194039794172,0.0066762566566467285,-0.3519967198371887,-0.07882307613106931,0.06009411811828613,-0.12381094694137573,-0.051816930564367425,0.04929465055465698,-0.21566152572631836,-0.06861589992257322,0.03975260257720947,-0.26484590768814087,-0.07231611156674589,0.03145235776901245,-0.3044898211956024,-0.07213724547835554
0.0,0.0,0.0,-0.04155933856964111,-0.05370551347732544,-0.005922169856756199,-0.061420738697052,-0.12488633394241333,-0.01400256852063464,-0.05685245990753174,-0.18447184562683105,-0.01997237323227452,-0.050458431243896484,-0.2305448055267334,-0.025791923016338814,-0.05247578024864197,-0.12650644779205322,-0.04358531019094514,-0.04683282971382141,-0.23303180932998657,-0.06319593122604417,-0.0429854691028595,-0.29357510805130005,-0.06703535696867036,-0.03947743773460388,-0.33563223481178284,-0.06667731931808518,-0.01309359073638916,-0.12116563320159912,-0.0486169182360463,-0.01410895586013794,-0.2406024932861328,-0.07102837643030213,-0.015952646732330322,-0.31107354164123535,-0.07576512774828004,-0.018289625644683838,-0.3594125509262085,-0.07568323096635865,0.023197293281555176,-0.1186475157737732,-0.052258165985374916,0.016305088996887207,-0.23110556602478027,-0.07265931597354935,0.01159888505935669,-0.29786407947540283,-0.07766338667276429,0.006971478462219238,-0.34650611877441406,-0.07702849289777802,0.0550350546836853,-0.11551254987716675,-0.054892899900703895,0.04934549331665039,-0.20604991912841797,-0.07001527628305482,0.04171478748321533,-0.25592708587646484,-0.07174891462925004,0.033804237842559814,-0.29500332474708557,-0.06971502533557938
0.0,0.0,0.0,0.049495577812194824,-0.052203357219696045,-0.008398383581308622,0.09021800756454468,-0.11670684814453125,-0.0195406206932347,0.10889363288879395,-0.18495053052902222,-0.02727973806229045,0.11871439218521118,-0.2377186417579651,-0.03742179619636943,0.055383145809173584,-0.14036017656326294,-0.044228363507656354,0.0377042293548584,-0.24639862775802612,-0.06227011951175143,0.027517378330230713,-0.30454713106155396,-0.07315727295842578,0.021322011947631836,-0.35259613394737244,-0.08007448139157702,0.01586747169494629,-0.12990283966064453,-0.047824594849018354,0.003033280372619629,-0.2513195872306824,-0.06183912577596118,-0.003280341625213623,-0.322136253118515,-0.07073540213075091,-0.006572604179382324,-0.3742557168006897,-0.08046721639600207,-0.01874828338623047,-0.12501835823059082,-0.04954913231101443,-0.030512332916259766,-0.23961061239242554,-0.061281025135187406,-0.03435945510864258,-0.30716240406036377,-0.06699350448813846,-0.034523963928222656,-0.35811692476272583,-0.07324817004170825,-0.04857799410820007,-0.12360936403274536,-0.05069832476344516,-0.0553184449672699,-0.21384209394454956,-0.06053049462404658,-0.05692183971405029,-0.26144087314605713,-0.06271693083014895,-0.05592840909957886,-0.30218350887298584,-0.0651979443666022
0.0,0.0,0.0,0.04296070337295532,-0.04920363426208496,-0.002516706448382422,0.0646771788597107,-0.12315905094146729,-0.011712682873344704,0.07163727283477783,-0.18955987691879272,-0.019368654556906506,0.08626490831375122,-0.228496253490448,-0.0298856110054615,0.056416988372802734,-0.139662504196167,-0.03582704856280117,0.036795854568481445,-0.24629521369934082,-0.052179288558996006,0.02473127841949463,-0.3049957752227783,-0.06136865212801723,0.017251551151275635,-0.3510737121105194,-0.06716684668544559,0.020236074924468994,-0.13328438997268677,-0.04225089817527561,0.003799736499786377,-0.252551794052124,-0.05637876360896854,-0.006495118141174316,-0.32094696164131165,-0.06388947039130954,-0.013213574886322021,-0.3690534234046936,-0.07110016464475422,-0.015088021755218506,-0.1299763321876526,-0.04658863364938526,-0.02847743034362793,-0.23991727828979492,-0.05794827311519413,-0.033802807331085205,-0.3038180470466614,-0.06189520701054363,-0.03617870807647705,-0.35015249252319336,-0.0654791709709528,-0.048075854778289795,-0.1276037096977234,-0.04982078119400768,-0.05459919571876526,-0.21658575534820557,-0.0589549322355154,-0.05755019187927246,-0.26374033093452454,-0.059942190043962285,-0.057155728340148926,-0.30309420824050903,-0.06042993112686901
0.0,0.0,0.0,0.04256582260131836,-0.051162898540496826,0.0012115704006774308,0.06292414665222168,-0.12995129823684692,-0.0046740922267289875,0.07023978233337402,-0.19610071182250977,-0.010114066128686261,0.08522653579711914,-0.2339654564857483,-0.018575194117680383,0.05401808023452759,-0.1503017544746399,-0.02895689645136912,0.03489971160888672,-0.25295189023017883,-0.04364802577818949,0.023213744163513184,-0.3093959391117096,-0.05218495318020899,0.015615105628967285,-0.354248046875,-0.0579079527529629,0.01987093687057495,-0.1435168981552124,-0.037277157244339776,0.0032495856285095215,-0.25934064388275146,-0.04996267595614512,-0.00678253173828125,-0.3251569867134094,-0.05737107509101946,-0.01295018196105957,-0.3715582489967346,-0.06450946891035159,-0.01453852653503418,-0.13753509521484375,-0.04355877527321894,-0.028400123119354248,-0.24532932043075562,-0.054579051968708825,-0.03491765260696411,-0.30823981761932373,-0.05953163915599902,-0.03846776485443115,-0.35487473011016846,-0.06387609505380709,-0.048163533210754395,-0.13008016347885132,-0.04847819620098193,-0.055951476097106934,-0.21814101934432983,-0.05836469197000582,-0.06047186255455017,-0.26475536823272705,-0.060523952183380914,-0.061653316020965576,-0.3047701120376587,-0.061830731866017175
0.0,0.0,0.0,0.04077547788619995,-0.05333900451660156,0.000847708850269413,0.05945897102355957,-0.13105285167694092,-0.006044186468134427,0.06353145837783813,-0.19657909870147705,-0.012368961985121274,0.07980817556381226,-0.23078382015228271,-0.02148982491613438,0.05076414346694946,-0.1465129256248474,-0.031165851096520925,0.031762123107910156,-0.250033974647522,-0.04635642823101094,0.021388888359069824,-0.307609498500824,-0.05442807432533314,0.014584362506866455,-0.35381561517715454,-0.059739600683460736,0.015483200550079346,-0.14046257734298706,-0.03970278781176617,-0.0004509091377258301,-0.2570841312408447,-0.05331312846661618,-0.009533405303955078,-0.3230237662792206,-0.05998543259025624,-0.01494830846786499,-0.36895209550857544,-0.06600759532571843,-0.019351303577423096,-0.1350114941596985,-0.04612117242337277,-0.03191936016082764,-0.24479836225509644,-0.05769680422068646,-0.038340985774993896,-0.3073344826698303,-0.06167244147778561,-0.04149162769317627,-0.35277849435806274,-0.06490622069955876,-0.05251514911651611,-0.12785285711288452,-0.05119907837630322,-0.06044706702232361,-0.21594732999801636,-0.06172713991523793,-0.06408330798149109,-0.2629542052745819,-0.06379212793232014,-0.06436854600906372,-0.3030034899711609,-0.06461710091949513
0.0,0.0,0.0,0.042855024337768555,-0.049833059310913086,-0.0021902699130880166,0.06581026315689087,-0.12342178821563721,-0.010439214679907494,0.07069700956344604,-0.19048309326171875,-0.017266712534736328,0.08385801315307617,-0.22903817892074585,-0.026946562725614243,0.05103236436843872,-0.14406585693359375,-0.03390626554520004,0.0312197208404541,-0.2481434941291809,-0.04928211440474861,0.01941770315170288,-0.3058386743068695,-0.057798955041478806,0.012045860290527344,-0.35092025995254517,-0.06327108238966339,0.015904128551483154,-0.1377934217453003,-0.04042983745367401,-0.000856935977935791,-0.25573062896728516,-0.053888223517249756,-0.010570526123046875,-0.3227024972438812,-0.06146821697385185,-0.016382873058319092,-0.3689391613006592,-0.06849696432382935,-0.018145501613616943,-0.13273543119430542,-0.04480916951925629,-0.031605064868927,-0.24287518858909607,-0.055942955810140305,-0.037293970584869385,-0.3060096204280853,-0.06037809272439354,-0.03970959782600403,-0.35154759883880615,-0.06420822386772507,-0.05037093162536621,-0.1271822452545166,-0.048032268333743744,-0.05760130286216736,-0.2152445912361145,-0.057363837409328156,-0.06119373440742493,-0.26123321056365967,-0.05863266383440369,-0.061678916215896606,-0.3000175952911377,-0.059201843488525085
0.0,0.0,0.0,0.041033029556274414,-0.05153834819793701,-0.000885181880356356,0.06215775012969971,-0.12721532583236694,-0.008772456489303693,0.06649363040924072,-0.19390100240707397,-0.015543909214237317,0.08160114288330078,-0.22891652584075928,-0.025000034302273377,0.05048680305480957,-0.1457093358039856,-0.03324596624056397,0.031739890575408936,-0.24930047988891602,-0.048649300291934594,0.020997703075408936,-0.30640941858291626,-0.056912318274179086,0.013929963111877441,-0.35185566544532776,-0.062229574128785714,0.015696227550506592,-0.13941872119903564,-0.04054752777496873,-0.00012373924255371094,-0.2544260621070862,-0.05380838404575883,-0.009150385856628418,-0.3206062614917755,-0.06028576235453187,-0.014633417129516602,-0.36708104610443115,-0.06654002930203973,-0.018498241901397705,-0.1346401572227478,-0.045800291403928384,-0.030378758907318115,-0.24360620975494385,-0.056833263888755425,-0.0359225869178772,-0.3063926100730896,-0.06073339696208535,-0.0387994647026062,-0.35181570053100586,-0.0641471263317257,-0.05121031403541565,-0.12874680757522583,-0.04983406926671563,-0.05867725610733032,-0.21728426218032837,-0.05961127619425355,-0.06191912293434143,-0.2643464207649231,-0.06130211840550004,-0.06224742531776428,-0.304070383310318,-0.06204420368353425
0.0,0.0,0.0,0.04112118482589722,-0.052317142486572266,0.001752081099299141,0.059533655643463135,-0.12469738721847534,-0.005330670503566615,0.06258010864257812,-0.18892312049865723,-0.01185998541269695,0.07734060287475586,-0.22135323286056519,-0.021046182484964482,0.04970937967300415,-0.1430392861366272,-0.03159828704748546,0.03278070688247681,-0.24614828824996948,-0.04705312696252262,0.022793054580688477,-0.30299967527389526,-0.055432422430853,0.015407681465148926,-0.3485286235809326,-0.06060549092445766,0.014024436473846436,-0.13752686977386475,-0.040192274721006505,1.0132789611816406e-05,-0.25385165214538574,-0.053973405034879796,-0.008182227611541748,-0.32062816619873047,-0.06031071242843067,-0.013537049293518066,-0.3675217628479004,-0.06593298760209476,-0.020698964595794678,-0.1329215168952942,-0.046465793968776814,-0.03171330690383911,-0.2420511245727539,-0.0573158025458852,-0.03641617298126221,-0.30436819791793823,-0.06008987349424755,-0.03791999816894531,-0.34964731335639954,-0.06260021624122059,-0.05312567949295044,-0.12739628553390503,-0.05133367177997028,-0.05947026610374451,-0.21483421325683594,-0.06063477170620357,-0.06064993143081665,-0.25977450609207153,-0.06110101786408817,-0.058569371700286865,-0.2970641851425171,-0.06089730781469738
0.0,0.0,0.0,0.04140752553939819,-0.04818570613861084,-0.003191398887009811,0.0648120641708374,-0.11975538730621338,-0.01214195435126264,0.06963300704956055,-0.18550348281860352,-0.01919327416648109,0.08134925365447998,-0.22353452444076538,-0.028857737045781207,0.049470603466033936,-0.13658905029296875,-0.03705497385193546,0.031725406646728516,-0.24065923690795898,-0.05213663653661449,0.021179139614105225,-0.298136442899704,-0.05996408240129192,0.014959454536437988,-0.3432297110557556,-0.06484671981264789,0.01486879587173462,-0.12876296043395996,-0.042724686872260165,0.00037980079650878906,-0.247195303440094,-0.055658034246460986,-0.007821381092071533,-0.31462544202804565,-0.06207581908632953,-0.012506425380706787,-0.36126482486724854,-0.06833495498825748,-0.018835842609405518,-0.1248520016670227,-0.046152654301421236,-0.030620336532592773,-0.23575586080551147,-0.05649066270519931,-0.03582596778869629,-0.29970070719718933,-0.06039376856018741,-0.03807950019836426,-0.3455730080604553,-0.06401814074446399,-0.050315409898757935,-0.12287509441375732,-0.04849663303424556,-0.05748465657234192,-0.2103624939918518,-0.05740435720612247,-0.060809701681137085,-0.2573499083518982,-0.05886748732258518,-0.06119486689567566,-0.2967020869255066,-0.05968683512140949
0.0,0.0,0.0,0.03778696060180664,-0.04700946807861328,-0.007261323630111782,0.05685001611709595,-0.11491453647613525,-0.018826061281608908,0.0603632926940918,-0.17668968439102173,-0.027165118026780455,0.06897592544555664,-0.21129751205444336,-0.03752077871863779,0.04553276300430298,-0.12012964487075806,-0.04467295983736452,0.026244521141052246,-0.21942418813705444,-0.06121206039493021,0.015110790729522705,-0.2746973931789398,-0.06991580257122454,0.008139252662658691,-0.3182241916656494,-0.07507811615173754,0.008891046047210693,-0.10959494113922119,-0.04765140766208109,-0.0073187947273254395,-0.2224629521369934,-0.06154400238697466,-0.01614701747894287,-0.2867048382759094,-0.06767087558214602,-0.020451843738555908,-0.33281004428863525,-0.07380666712229189,-0.024665534496307373,-0.10777860879898071,-0.048481376263546316,-0.038874924182891846,-0.21394860744476318,-0.05926264578406748,-0.04351946711540222,-0.2756079435348511,-0.06278951594536242,-0.044940054416656494,-0.31955206394195557,-0.06591769436304507,-0.05376121401786804,-0.11051362752914429,-0.048484360221075384,-0.061454325914382935,-0.19718480110168457,-0.05635677033965525,-0.06329965591430664,-0.24111437797546387,-0.056712915542768805,-0.062454402446746826,-0.2759631872177124,-0.056910311225103705
0.0,0.0,0.0,0.03681015968322754,-0.046244680881500244,-0.006142043788939233,0.05727320909500122,-0.11239928007125854,-0.01732635432949614,0.06207817792892456,-0.17275351285934448,-0.025772598852425332,0.06925803422927856,-0.20908695459365845,-0.03633839385679316,0.046137869358062744,-0.12050944566726685,-0.04277513297370028,0.027487516403198242,-0.2188704013824463,-0.059842271079331155,0.01701730489730835,-0.2738036513328552,-0.06938338400891375,0.009706079959869385,-0.31763750314712524,-0.07500401260426592,0.00948423147201538,-0.11035895347595215,-0.04666433977058482,-0.005919098854064941,-0.2218506932258606,-0.06010524304678988,-0.014792978763580322,-0.2862541973590851,-0.06638718517592501,-0.019872605800628662,-0.3328477442264557,-0.07292324425747942,-0.024223029613494873,-0.10814225673675537,-0.04853338869383883,-0.036277055740356445,-0.21340608596801758,-0.058870137949496026,-0.041229069232940674,-0.2751345932483673,-0.06243848176768374,-0.04367953538894653,-0.3194890022277832,-0.06583850206902575,-0.05386444926261902,-0.11046087741851807,-0.04959641145637583,-0.06081920862197876,-0.1963164210319519,-0.057405536343365426,-0.06308948993682861,-0.24089205265045166,-0.05788631858399462,-0.06303787231445312,-0.2764941453933716,-0.05822608741095614
0.0,0.0,0.0,0.039458274841308594,-0.04536646604537964,-0.005518963792241038,0.061462998390197754,-0.11107838153839111,-0.015497567829555692,0.06607323884963989,-0.17267882823944092,-0.02255313726968211,0.07223379611968994,-0.21275007724761963,-0.031842971918052854,0.04705721139907837,-0.1219138503074646,-0.042185759869283856,0.029422998428344727,-0.22103309631347656,-0.057728851911491574,0.019959867000579834,-0.2762337028980255,-0.0656086157531206,0.013995051383972168,-0.319823682308197,-0.07026780652708453,0.010984361171722412,-0.11230379343032837,-0.045809122499889554,-0.003490447998046875,-0.2257462739944458,-0.058925310847229184,-0.011124014854431152,-0.2898692190647125,-0.06469059991545123,-0.01505976915359497,-0.33606478571891785,-0.0707585762710039,-0.022312939167022705,-0.10990661382675171,-0.04722410323924464,-0.035074830055236816,-0.21637296676635742,-0.057905516353315534,-0.038821637630462646,-0.27777814865112305,-0.061631972667640866,-0.039941221475601196,-0.3218439817428589,-0.0649096395344202,-0.051621854305267334,-0.11143404245376587,-0.04761712881631297,-0.059041380882263184,-0.1998094916343689,-0.05563338729447764,-0.060894161462783813,-0.2447948455810547,-0.05622822674817485,-0.06026959419250488,-0.2802196145057678,-0.056599045869774045
0.0,0.0,0.0,0.04107779264450073,-0.04284834861755371,-0.0068618561552398205,0.06432640552520752,-0.10875827074050903,-0.01732507203161049,0.07073503732681274,-0.17210054397583008,-0.02499418933331299,0.07898145914077759,-0.20981216430664062,-0.03543550562500286,0.05217337608337402,-0.1213846206665039,-0.04127623927234936,0.03256988525390625,-0.22063148021697998,-0.0572169688010149,0.020525693893432617,-0.2772061228752136,-0.06644269120334911,0.013158857822418213,-0.3216211795806885,-0.07230627578138638,0.01556551456451416,-0.11270302534103394,-0.044397246506207466,-0.00022798776626586914,-0.22615718841552734,-0.05689811747907925,-0.00976628065109253,-0.2923419773578644,-0.06410503428816128,-0.014964163303375244,-0.33776015043258667,-0.07191378664612103,-0.01781243085861206,-0.11094635725021362,-0.04551192786931324,-0.032565176486968994,-0.21678483486175537,-0.05577452894686985,-0.03811842203140259,-0.2799294888973236,-0.06110972952484417,-0.04079076647758484,-0.3235335946083069,-0.06627461355566311,-0.04778003692626953,-0.11278963088989258,-0.04582686391114521,-0.05520939826965332,-0.198083758354187,-0.054256361391537666,-0.05833709239959717,-0.2427997589111328,-0.056130651798241615,-0.05880022048950195,-0.27792495489120483,-0.05783740099906254
0.0,0.0,0.0,0.040430307388305664,-0.04520583152770996,-0.00496933359000451,0.061188340187072754,-0.11145228147506714,-0.015123411373231477,0.06647908687591553,-0.173658549785614,-0.022632176348004407,0.07164210081100464,-0.21305489540100098,-0.0326291195237971,0.047561585903167725,-0.12347710132598877,-0.04060913092735774,0.029676437377929688,-0.22423458099365234,-0.056132564612660474,0.018947184085845947,-0.28007569909095764,-0.06410816527250773,0.011873304843902588,-0.32318276166915894,-0.06876693136337764,0.01149529218673706,-0.11480927467346191,-0.04445417440775401,-0.0034911036491394043,-0.23062533140182495,-0.05763820029142863,-0.01189887523651123,-0.29506582021713257,-0.06313850201014048,-0.01661670207977295,-0.339902400970459,-0.0687943793022967,-0.02271944284439087,-0.11263090372085571,-0.04615305207017428,-0.03521448373794556,-0.2208603024482727,-0.056719223328862256,-0.039373308420181274,-0.2822924256324768,-0.059612216719422406,-0.0411226749420166,-0.32570117712020874,-0.06217743299249179,-0.053196996450424194,-0.11341440677642822,-0.046807701059613294,-0.05913156270980835,-0.20258522033691406,-0.054670067795548505,-0.0611625611782074,-0.24809134006500244,-0.05459022364858157,-0.061314910650253296,-0.28399598598480225,-0.05434760294202334
