0.0,0.0,0.0,-0.02524888515472412,-0.04575014114379883,-0.015190254195125874,-0.03659212589263916,-0.11221224069595337,-0.020516750632317837,-0.012699604034423828,-0.13658267259597778,-0.025160172252448376,0.015888988971710205,-0.11173510551452637,-0.03037958522001105,-0.011971592903137207,-0.17224645614624023,-0.008476950457783516,-0.006760895252227783,-0.23494809865951538,-0.015219458608420666,-0.0025253891944885254,-0.2745710611343384,-0.021031919165046986,0.0022097229957580566,-0.3050081133842468,-0.027343395395668324,0.014930665493011475,-0.16391533613204956,-0.010906133098991688,0.017957866191864014,-0.23965221643447876,-0.015890288396271046,0.0156669020652771,-0.28367185592651367,-0.020446152655871686,0.01728004217147827,-0.31876325607299805,-0.02417679619649249,0.03769397735595703,-0.1379665732383728,-0.015678505642803486,0.037696778774261475,-0.2040998935699463,-0.02789763477304774,0.03907144069671631,-0.23799943923950195,-0.03753035817900496,0.04983162879943848,-0.263708233833313,-0.04445281927147704,0.05564701557159424,-0.10002738237380981,-0.021706017895134266,0.04049491882324219,-0.12785160541534424,-0.03748330403724509,0.033905982971191406,-0.11891365051269531,-0.043057161612900074,0.03883242607116699,-0.1014741063117981,-0.04591093514719802
0.0,0.0,0.0,-0.02750086784362793,-0.04688715934753418,-0.018035029339806385,-0.036587297916412354,-0.11234104633331299,-0.0260882464230221,-0.006410121917724609,-0.13500064611434937,-0.034056759718076535,0.025494873523712158,-0.10947763919830322,-0.041074714902059384,-0.0026691555976867676,-0.16571611166000366,-0.013161888624743767,0.0005952715873718262,-0.23560714721679688,-0.02443426037134344,0.001489102840423584,-0.2742044925689697,-0.02979303086103613,0.004462838172912598,-0.3049723505973816,-0.033392059895412274,0.027723848819732666,-0.1530463695526123,-0.014088170881585427,0.03844797611236572,-0.22934025526046753,-0.025221702921406575,0.039380788803100586,-0.27041053771972656,-0.029364439937488385,0.04388552904129028,-0.3057192862033844,-0.03042217465044672,0.05047130584716797,-0.1262824535369873,-0.017539047914759465,0.0354953408241272,-0.16063857078552246,-0.03781368145646269,0.018518269062042236,-0.13384288549423218,-0.043253689351693936,0.01834094524383545,-0.11033278703689575,-0.041190221253053494,0.06810450553894043,-0.09266161918640137,-0.02236241409482176,0.04624694585800171,-0.12399893999099731,-0.03840498560966665,0.03328019380569458,-0.11506539583206177,-0.04043347323240454,0.03327900171279907,-0.10261118412017822,-0.038647211435453244
0.0,0.0,0.0,-0.02535557746887207,-0.04572957754135132,-0.016357718812876954,-0.03643596172332764,-0.11015909910202026,-0.02258941981440188,-0.006827354431152344,-0.13829964399337769,-0.02808086465542914,0.025011897087097168,-0.11606597900390625,-0.033229115265065445,-0.008109509944915771,-0.16418933868408203,-0.010592130790108456,-0.005293011665344238,-0.23071074485778809,-0.018354481863433136,-0.00449758768081665,-0.2714288830757141,-0.023509000273996605,-0.0017507076263427734,-0.30489081144332886,-0.028998627173358216,0.017648279666900635,-0.15645825862884521,-0.011624725381487622,0.020468413829803467,-0.2343018651008606,-0.019806799324804558,0.01629185676574707,-0.2777828574180603,-0.024734045224839463,0.014991581439971924,-0.3153391480445862,-0.02820619832223059,0.039747536182403564,-0.13230979442596436,-0.014774660425835862,0.031127631664276123,-0.1936473250389099,-0.032656236397677674,0.01785796880722046,-0.20427757501602173,-0.041044181990081086,0.015388548374176025,-0.21064460277557373,-0.0439423460835755,0.059404075145721436,-0.09741437435150146,-0.019107200982624306,0.0475238561630249,-0.1320866346359253,-0.03787036131566168,0.03626859188079834,-0.12422478199005127,-0.04395654689019324,0.03476184606552124,-0.10900455713272095,-0.045798967438393845
0.0,0.0,0.0,-0.02943044900894165,-0.06916910409927368,-0.012600622898276015,-0.0378912091255188,-0.161507248878479,-0.018449269062216445,-0.02908855676651001,-0.22773051261901855,-0.026296302503283187,-0.021986544132232666,-0.2726336121559143,-0.03231588547521369,0.052767813205718994,-0.22367256879806519,0.005476992750232057,0.04150497913360596,-0.2775181531906128,-0.018546204841072722,0.01243680715560913,-0.28786152601242065,-0.038195667615468665,-0.013678908348083496,-0.28416961431503296,-0.048955002626712485,0.07205486297607422,-0.20863687992095947,0.00047780174475064996,0.05181849002838135,-0.27076178789138794,-0.023213565176661177,0.009636402130126953,-0.25561970472335815,-0.03279748355441825,-0.0169333815574646,-0.228376567363739,-0.03400800918632285,0.0832216739654541,-0.18064284324645996,-0.009141328571672602,0.061667442321777344,-0.24061816930770874,-0.03434789722257392,0.021787285804748535,-0.21331250667572021,-0.033994776955182715,-1.633167266845703e-05,-0.17862844467163086,-0.026867030015523596,0.08824443817138672,-0.13863688707351685,-0.020779311484034224,0.07678687572479248,-0.18363165855407715,-0.04029993509345786,0.04771822690963745,-0.1752157211303711,-0.039650218388374014,0.028596222400665283,-0.15384846925735474,-0.033620795062120123
0.0,0.0,0.0,0.02335977554321289,-0.037908196449279785,-0.010956680001470431,0.02627474069595337,-0.0877770185470581,-0.012884646253439769,0.03293454647064209,-0.1287909746170044,-0.014395750658366069,0.04178476333618164,-0.13323932886123657,-0.015386753314885482,0.013420820236206055,-0.1645027995109558,-0.0036448604145675745,0.03360384702682495,-0.2232946753501892,-0.006492791296693667,0.04615652561187744,-0.26042985916137695,-0.009548176610621795,0.05597203969955444,-0.29380521178245544,-0.013781902910920962,0.004819631576538086,-0.16242456436157227,-0.007153209363821134,0.008132517337799072,-0.24311059713363647,-0.011288862274739131,0.01032334566116333,-0.29057103395462036,-0.016644778260740622,0.012302875518798828,-0.327454149723053,-0.021472242260131225,-0.0023353099822998047,-0.143524169921875,-0.01257686556294857,0.004208743572235107,-0.2171730399131775,-0.026546393120440825,0.01143878698348999,-0.2620593309402466,-0.03938045592025219,0.017643868923187256,-0.2967987656593323,-0.04768190772250591,-0.0063713788986206055,-0.11015951633453369,-0.0183860311003059,0.01706629991531372,-0.14576047658920288,-0.03344175086334644,0.029435694217681885,-0.1359935998916626,-0.038836332568678245,0.0359346866607666,-0.11627024412155151,-0.041894777277263984
0.0,0.0,0.0,0.034590184688568115,-0.03581756353378296,-0.007674983475197905,0.04265373945236206,-0.08692795038223267,-0.00791399484111821,0.04529452323913574,-0.13135391473770142,-0.00915032183362996,0.04488039016723633,-0.14307546615600586,-0.010687241569002026,0.02258884906768799,-0.1660008430480957,0.004463467974375135,0.034537672996520996,-0.22500282526016235,0.0027783978676154675,0.04298043251037598,-0.2615000605583191,-0.001102910615344399,0.05025434494018555,-0.2949564456939697,-0.0062911885379151045,0.00928717851638794,-0.16643047332763672,-0.0007648862137727974,0.01079857349395752,-0.2446466088294983,-0.002838802995000833,0.012623727321624756,-0.2912978529930115,-0.009311356820006722,0.013400256633758545,-0.3304999768733978,-0.015614167094071263,-0.0025228261947631836,-0.14990234375,-0.007986287824650162,0.004062652587890625,-0.22051596641540527,-0.02001734381153142,0.014407336711883545,-0.26033228635787964,-0.03255786118640458,0.022862255573272705,-0.2923332452774048,-0.0413151395095781,-0.010890543460845947,-0.12057608366012573,-0.015523484214980954,0.01342308521270752,-0.15587902069091797,-0.029051183961172455,0.028582334518432617,-0.14550673961639404,-0.03373542917503869,0.037674009799957275,-0.1266568899154663,-0.03683129069938218
0.0,0.0,0.0,0.018208861351013184,-0.04132676124572754,-0.0103863404112019,0.020753800868988037,-0.09844523668289185,-0.01300553334672827,0.024692833423614502,-0.13999289274215698,-0.01780415428598303,0.034268975257873535,-0.1499166488647461,-0.021675284111694282,0.006708920001983643,-0.15736794471740723,-0.003102719642043894,0.03139150142669678,-0.2219117283821106,-0.007756901996032184,0.04640352725982666,-0.25747865438461304,-0.010138775313095039,0.0594172477722168,-0.2906954884529114,-0.012836051264599746,0.0023444294929504395,-0.15398776531219482,-0.00831769509036917,0.003896474838256836,-0.2347961664199829,-0.017478036785320228,0.007467985153198242,-0.28128165006637573,-0.02320768600125689,0.007505476474761963,-0.3208032250404358,-0.026298900225953048,-0.002677440643310547,-0.13578861951828003,-0.015536895112887805,0.0172080397605896,-0.1724953055381775,-0.03809100305457491,0.02585059404373169,-0.13308930397033691,-0.04372705435176272,0.024913311004638672,-0.1052362322807312,-0.04052689214964289,-0.0043839216232299805,-0.11010169982910156,-0.023216097706750816,0.01922440528869629,-0.14678329229354858,-0.04248609682340998,0.0331459641456604,-0.12649399042129517,-0.04525706460495371,0.03688240051269531,-0.10355699062347412,-0.04290913706441302
0.0,0.0,0.0,-0.013117372989654541,-0.05792504549026489,-0.01508497449029278,-0.01829773187637329,-0.11349505186080933,-0.021162508078106157,0.002484619617462158,-0.14673423767089844,-0.02800512688625645,0.02913278341293335,-0.14616400003433228,-0.033527385465987436,-0.0075495243072509766,-0.16420912742614746,-0.010177208133228532,0.016941547393798828,-0.23472464084625244,-0.019080851249583475,0.029670655727386475,-0.2727765440940857,-0.024572735674865953,0.04144483804702759,-0.30771973729133606,-0.028988307364471666,0.007515251636505127,-0.155426025390625,-0.013508338503726236,0.007546484470367432,-0.23782116174697876,-0.02472709866631817,0.00662463903427124,-0.2866869568824768,-0.030910028167255632,0.0030913949012756348,-0.3281490206718445,-0.034416515402682535,0.02040952444076538,-0.13309574127197266,-0.019427644111402742,0.029901742935180664,-0.17374610900878906,-0.04094820844400715,0.02753514051437378,-0.13961905241012573,-0.04539915549028706,0.020700037479400635,-0.11380481719970703,-0.04215026276577305,0.034440815448760986,-0.10263043642044067,-0.02664190719295334,0.04815185070037842,-0.14313113689422607,-0.04350265862811398,0.047651052474975586,-0.13149333000183105,-0.044368028663285486,0.04058331251144409,-0.11572164297103882,-0.04118607195485424
0.0,0.0,0.0,0.03966069221496582,-0.039453208446502686,-0.005473873602227286,0.05204951763153076,-0.09098595380783081,-0.00649559779651554,0.05057215690612793,-0.1349201202392578,-0.010421089386568383,0.040272057056427,-0.1443101167678833,-0.014058591356501893,0.024179697036743164,-0.1601836085319519,0.0015524209933346356,0.037890076637268066,-0.22802895307540894,-0.0020726796016106164,0.0457114577293396,-0.26566267013549805,-0.006359658693895653,0.05329340696334839,-0.30152684450149536,-0.011646882189438656,0.007293879985809326,-0.15950924158096313,-0.006218834804371909,0.0062288641929626465,-0.23819386959075928,-0.015428335895762757,0.008727312088012695,-0.28706860542297363,-0.02413213767670186,0.007848560810089111,-0.32802945375442505,-0.030803875556216553,-0.008885860443115234,-0.14462357759475708,-0.015390348179266766,0.01349341869354248,-0.18983185291290283,-0.03640267767571004,0.031007051467895508,-0.16134244203567505,-0.04485040300153287,0.0368657112121582,-0.13670992851257324,-0.04560733356140645,-0.01891195774078369,-0.11960268020629883,-0.024713094836101845,0.011354684829711914,-0.1591617465019226,-0.04303560175560506,0.034691572189331055,-0.13737225532531738,-0.046961279144511536,0.04512476921081543,-0.1068263053894043,-0.04685440801642926
0.0,0.0,0.0,0.0437772274017334,-0.043406128883361816,-0.0057969642955129075,0.06171369552612305,-0.09365737438201904,-0.010100413129038088,0.05986994504928589,-0.13342559337615967,-0.01814168600023436,0.040068745613098145,-0.14990121126174927,-0.02538086382330107,0.02181112766265869,-0.15843743085861206,-0.0030346608407114672,0.03863024711608887,-0.22209829092025757,-0.011982730605012648,0.04865509271621704,-0.2575119137763977,-0.019140274279124014,0.058437466621398926,-0.2907927632331848,-0.025469082422858946,0.00040137767791748047,-0.15796756744384766,-0.012939263150400393,-9.60230827331543e-05,-0.23642432689666748,-0.02825687920332598,0.0051195621490478516,-0.28277838230133057,-0.03886028473854708,0.008492887020111084,-0.3209371566772461,-0.04558559974313425,-0.017754971981048584,-0.14386415481567383,-0.02402181272984194,0.011336565017700195,-0.18381190299987793,-0.04881339242339777,0.03013741970062256,-0.15079396963119507,-0.05410163571715998,0.03507751226425171,-0.12343955039978027,-0.05148184394121813,-0.02653670310974121,-0.11795830726623535,-0.03564084043384241,0.006529450416564941,-0.15397340059280396,-0.054643602125651114,0.030958890914916992,-0.1309414505958557,-0.05562150573015856,0.0419849157333374,-0.09923267364501953,-0.05258582999587702
0.0,0.0,0.0,0.050266802310943604,-0.011077463626861572,-0.003336666045072434,0.07959955930709839,-0.042043447494506836,-0.009298147992524264,0.09585797786712646,-0.0531001091003418,-0.017701601037117598,0.08636206388473511,-0.05194282531738281,-0.02741626406583464,0.07943958044052124,-0.13979697227478027,-0.009017957733306048,0.10042929649353027,-0.2106838822364807,-0.0209191398558346,0.1135718822479248,-0.254630982875824,-0.03313397931430018,0.12077808380126953,-0.29508405923843384,-0.04343863891932642,0.06253683567047119,-0.14043349027633667,-0.020445767217609045,0.08058971166610718,-0.22272568941116333,-0.0328246237573353,0.08779263496398926,-0.2730945348739624,-0.04594364705059206,0.09084147214889526,-0.3157995045185089,-0.056771445446941016,0.044673264026641846,-0.12399739027023315,-0.03219483363005793,0.059806227684020996,-0.18770509958267212,-0.04787338095280802,0.06872516870498657,-0.2359253168106079,-0.06035868021223223,0.07172805070877075,-0.2784656286239624,-0.06931481453153765,0.02772742509841919,-0.09441947937011719,-0.044319789284202216,0.057271480560302734,-0.09604781866073608,-0.05857809203240549,0.07423102855682373,-0.07968544960021973,-0.06296240481111681,0.08018112182617188,-0.06452196836471558,-0.06629598083469546
0.0,0.0,0.0,0.04250812530517578,-0.014291226863861084,-0.007353191951779081,0.0682821273803711,-0.04653507471084595,-0.010344729049620582,0.09000414609909058,-0.055977046489715576,-0.013995256497082664,0.09186303615570068,-0.05584156513214111,-0.018153367786226227,0.07136762142181396,-0.14479631185531616,-0.007958119025943233,0.09396487474441528,-0.21410834789276123,-0.018005870504794075,0.10747593641281128,-0.2586730718612671,-0.02836342923205848,0.11560136079788208,-0.29835790395736694,-0.037410907669482185,0.05915248394012451,-0.1415662169456482,-0.01616637617212291,0.07286518812179565,-0.22549831867218018,-0.026406390814599945,0.07709503173828125,-0.2758808732032776,-0.03857122011345382,0.07939594984054565,-0.3169628977775574,-0.04913763351601119,0.045207440853118896,-0.12312018871307373,-0.025633108092961265,0.05914026498794556,-0.18141448497772217,-0.04311077691477294,0.06880486011505127,-0.21752715110778809,-0.059180017782864525,0.07462531328201294,-0.2505103349685669,-0.0704279693202352,0.031238913536071777,-0.09073209762573242,-0.03554374746840949,0.06112128496170044,-0.09686768054962158,-0.0534352625147676,0.07485377788543701,-0.07109856605529785,-0.06113359354299064,0.0786852240562439,-0.04598426818847656,-0.06656917206805701
0.0,0.0,0.0,0.05495953559875488,-0.00859534740447998,0.001601711277928075,0.08761751651763916,-0.03632092475891113,-0.00039051556230162987,0.10401678085327148,-0.05303919315338135,-0.004814499743204692,0.10271048545837402,-0.07197999954223633,-0.010087036281746009,0.08101856708526611,-0.1354953646659851,-0.007140542134564498,0.09985071420669556,-0.20905709266662598,-0.020042540259581187,0.10843324661254883,-0.2629285454750061,-0.031678825370889285,0.1142951250076294,-0.3098145127296448,-0.041440456859689334,0.06617403030395508,-0.13733243942260742,-0.021267972640615085,0.08509725332260132,-0.22013777494430542,-0.03838015323124466,0.09406667947769165,-0.27193570137023926,-0.05331730072937546,0.09876585006713867,-0.31593313813209534,-0.06524644767485199,0.04979872703552246,-0.12419480085372925,-0.03544260164342461,0.07344704866409302,-0.1694381833076477,-0.0570033003910595,0.08645761013031006,-0.19058692455291748,-0.06946717923126755,0.09294700622558594,-0.21669882535934448,-0.07711483513556061,0.034442782402038574,-0.09622585773468018,-0.04908189525447426,0.07429838180541992,-0.0995597243309021,-0.06523152416191635,0.09040266275405884,-0.0730087161064148,-0.06745683377228318,0.09374916553497314,-0.05263596773147583,-0.06933500593147812
0.0,0.0,0.0,0.05584216117858887,-0.008609354496002197,-0.0006613636730072869,0.08538717031478882,-0.0332716703414917,-0.004250909049606122,0.1023709774017334,-0.04529166221618652,-0.009961436816102065,0.09937626123428345,-0.06157475709915161,-0.016137771621888675,0.08133202791213989,-0.14143919944763184,-0.008430529699271716,0.09980624914169312,-0.2158183455467224,-0.022273904026096858,0.10650825500488281,-0.26377105712890625,-0.034406368002837695,0.11094588041305542,-0.30705463886260986,-0.043904383048957385,0.06651794910430908,-0.14122307300567627,-0.02293402360433916,0.0858922004699707,-0.22304654121398926,-0.03934354366416315,0.09444969892501831,-0.27215391397476196,-0.05324555592293123,0.09934979677200317,-0.3142901062965393,-0.06384039329046587,0.05041223764419556,-0.12620103359222412,-0.038143486097997226,0.07344228029251099,-0.17307305335998535,-0.060599509940093554,0.08684283494949341,-0.20428180694580078,-0.0743599052881656,0.09608280658721924,-0.23925906419754028,-0.08266321973556856,0.03480386734008789,-0.09453660249710083,-0.05307839097136835,0.07196354866027832,-0.09884142875671387,-0.06960331307405809,0.08871650695800781,-0.06935286521911621,-0.07186104761118273,0.09179043769836426,-0.0425800085067749,-0.07354101197475771
0.0,0.0,0.0,0.0549083948135376,-0.011700332164764404,-0.0049558887046856626,0.08581799268722534,-0.03957587480545044,-0.01112880090001056,0.10532337427139282,-0.05269747972488403,-0.018887780585615133,0.10628640651702881,-0.05931425094604492,-0.02788974528881738,0.08287125825881958,-0.13976579904556274,-0.01427061201754043,0.1026618480682373,-0.20950937271118164,-0.03001626020046899,0.11045616865158081,-0.2558330297470093,-0.04506598969670961,0.11377286911010742,-0.29970210790634155,-0.056620532625643705,0.06412583589553833,-0.13882583379745483,-0.02681712804111669,0.07939845323562622,-0.22031515836715698,-0.04087919553491304,0.08359533548355103,-0.27449315786361694,-0.05522153338166902,0.084317147731781,-0.319856733083725,-0.0677577648100538,0.04509705305099487,-0.1246911883354187,-0.04029344578954408,0.06556785106658936,-0.18189162015914917,-0.05926142817112634,0.07474678754806519,-0.22409588098526,-0.07282123153778741,0.0783616304397583,-0.2640990614891052,-0.08281938170763681,0.02819645404815674,-0.0955248475074768,-0.05421412920328805,0.06635385751724243,-0.10238093137741089,-0.07171674256893823,0.08733278512954712,-0.07686454057693481,-0.07660369014116952,0.0954517126083374,-0.05118429660797119,-0.08043842946860025
0.0,0.0,0.0,0.05062854290008545,-0.011218428611755371,-0.004208299268526616,0.07860910892486572,-0.0366290807723999,-0.011263179064286533,0.09510523080825806,-0.050504207611083984,-0.020410411462677303,0.09670668840408325,-0.0578652024269104,-0.030855343148601833,0.07778877019882202,-0.13677167892456055,-0.01335044431735355,0.09582114219665527,-0.2107846736907959,-0.028245894641173663,0.10528302192687988,-0.25843149423599243,-0.04124297241915542,0.11033409833908081,-0.3011552691459656,-0.0513167236303218,0.060233473777770996,-0.13782620429992676,-0.02481424662519771,0.07772773504257202,-0.22034484148025513,-0.04142161871541816,0.08586776256561279,-0.27178263664245605,-0.055591412291420284,0.09088093042373657,-0.3147552013397217,-0.06664801801790077,0.04185587167739868,-0.12217271327972412,-0.03668183128584701,0.06255364418029785,-0.17732179164886475,-0.056951042667520824,0.07869863510131836,-0.21617555618286133,-0.07003746594537574,0.08956170082092285,-0.25194287300109863,-0.07885878200877983,0.025536715984344482,-0.09233880043029785,-0.04861710633386451,0.05969643592834473,-0.09915953874588013,-0.06500377918828804,0.07718199491500854,-0.07982796430587769,-0.06864822323669273,0.08491289615631104,-0.060046374797821045,-0.07144192273963768
0.0,0.0,0.0,0.05397331714630127,-0.008653759956359863,-0.001472660713055518,0.08245378732681274,-0.03549492359161377,-0.006770435627707627,0.09897518157958984,-0.049942970275878906,-0.014437745697954085,0.09866321086883545,-0.06127119064331055,-0.023015303909936335,0.08099573850631714,-0.13526934385299683,-0.010429642535903838,0.09895700216293335,-0.20933270454406738,-0.024924269318738368,0.10557615756988525,-0.2575721740722656,-0.037137220055022624,0.1105722188949585,-0.30247801542282104,-0.04676685705796757,0.06537002325057983,-0.13651466369628906,-0.02377975955621281,0.08430153131484985,-0.2195766568183899,-0.041916540265241053,0.09291023015975952,-0.27012723684310913,-0.05645735040322819,0.09924650192260742,-0.3132571578025818,-0.06738906204716244,0.047662556171417236,-0.12275433540344238,-0.03743961676970997,0.07100778818130493,-0.1680193543434143,-0.06084393933431187,0.08671039342880249,-0.19584739208221436,-0.0737171828748373,0.09779101610183716,-0.22554630041122437,-0.08111765086666622,0.03139394521713257,-0.09529381990432739,-0.05076266676203289,0.06881934404373169,-0.09887152910232544,-0.06867469698206463,0.08666718006134033,-0.07068473100662231,-0.07142048180119076,0.09339535236358643,-0.04466730356216431,-0.07307234257475415
0.0,0.0,0.0,0.05560564994812012,-0.008249163627624512,-0.0024470800412075278,0.08564692735671997,-0.032153308391571045,-0.007479900668300843,0.10435515642166138,-0.04617339372634888,-0.014604774477817273,0.1051948070526123,-0.06000399589538574,-0.02262698410723374,0.08181709051132202,-0.1351802945137024,-0.011123994539417481,0.10280632972717285,-0.20671570301055908,-0.026681862014271474,0.11017024517059326,-0.2570576071739197,-0.041311332198716855,0.11363744735717773,-0.30317431688308716,-0.052599736663438534,0.065487802028656,-0.13621419668197632,-0.02446295617792771,0.08620965480804443,-0.21826481819152832,-0.04228466114673779,0.0941733717918396,-0.2711431384086609,-0.059248664590455746,0.09784305095672607,-0.31527140736579895,-0.07252361735973523,0.04760020971298218,-0.12182265520095825,-0.03807761630687878,0.0701676607131958,-0.1737384796142578,-0.059117754164077496,0.0833885669708252,-0.20909643173217773,-0.07287572434816525,0.0904342532157898,-0.24486654996871948,-0.08209980389747784,0.031859517097473145,-0.09185159206390381,-0.05174929386649296,0.0704910159111023,-0.09738874435424805,-0.0682352345314996,0.09052914381027222,-0.07162284851074219,-0.07134983054075406,0.09738385677337646,-0.046767473220825195,-0.07390167674694226
0.0,0.0,0.0,0.05779135227203369,-0.003224670886993408,-0.004725922750456135,0.09122496843338013,-0.023200273513793945,-0.011676944246662657,0.11068099737167358,-0.03780418634414673,-0.020971352620197337,0.11467593908309937,-0.05384349822998047,-0.029590905098391573,0.083010733127594,-0.12372910976409912,-0.014997995844257872,0.10083609819412231,-0.19805628061294556,-0.03059384824164013,0.10798579454421997,-0.24471831321716309,-0.04287402929194073,0.11448252201080322,-0.2890927195549011,-0.052246569110227625,0.0674782395362854,-0.12857460975646973,-0.026043866215420763,0.08245193958282471,-0.20529234409332275,-0.04646130503542523,0.09384655952453613,-0.25449252128601074,-0.0596413299573193,0.10090130567550659,-0.29541367292404175,-0.06885021404750447,0.04830217361450195,-0.1177186369895935,-0.0377619177234898,0.07611638307571411,-0.12668484449386597,-0.06282299236781697,0.08464473485946655,-0.09732240438461304,-0.06995379404552082,0.08703690767288208,-0.07969558238983154,-0.07060399876363377,0.03183776140213013,-0.09278899431228638,-0.04956379757649998,0.06997501850128174,-0.08779853582382202,-0.06707921103961567,0.08902645111083984,-0.05249279737472534,-0.06775089578158955,0.09461498260498047,-0.02105051279067993,-0.06608566121585469
0.0,0.0,0.0,0.05877840518951416,-0.001147627830505371,-0.0031926146658101118,0.09114539623260498,-0.02440178394317627,-0.009317570500630978,0.11139571666717529,-0.04050213098526001,-0.017303549819249753,0.11662280559539795,-0.057942092418670654,-0.025015968032736424,0.08475089073181152,-0.11684149503707886,-0.01440884465779746,0.10597431659698486,-0.1889331340789795,-0.027500172280330304,0.11339050531387329,-0.2352924346923828,-0.03933996068741763,0.1199793815612793,-0.2806779742240906,-0.04916138681079829,0.06945425271987915,-0.12190061807632446,-0.024739681877750996,0.0841335654258728,-0.20034927129745483,-0.03988358857538188,0.09349840879440308,-0.2517961859703064,-0.051526394807357434,0.09858852624893188,-0.29537075757980347,-0.061865092389840726,0.0514146089553833,-0.11296200752258301,-0.03563924240376437,0.07922095060348511,-0.1384063959121704,-0.053951495461721066,0.09266382455825806,-0.129638671875,-0.060956374876756314,0.09630119800567627,-0.1274309754371643,-0.06494918199684108,0.036940932273864746,-0.08997219800949097,-0.04685332360174144,0.07664650678634644,-0.08986955881118774,-0.060728606902618054,0.0984923243522644,-0.06437230110168457,-0.062783581339378,0.10684710741043091,-0.041150808334350586,-0.06429684641267741
0.0,0.0,0.0,0.05592453479766846,-0.011011242866516113,0.0012959250843067593,0.08613592386245728,-0.03562283515930176,-0.0026448160979981594,0.101864755153656,-0.04229956865310669,-0.009783372433119553,0.1039552092552185,-0.04975169897079468,-0.018388801404469746,0.08157753944396973,-0.1341954469680786,-0.007049308774256247,0.10126900672912598,-0.20035314559936523,-0.019792569020026463,0.10981577634811401,-0.2464192509651184,-0.03257784914337947,0.1147773265838623,-0.28973275423049927,-0.04341327320896937,0.06374788284301758,-0.13506567478179932,-0.022053337806099194,0.07834255695343018,-0.21522051095962524,-0.03613561313711955,0.08324176073074341,-0.2677096724510193,-0.050591747426622646,0.08585852384567261,-0.3110334575176239,-0.06328440379463984,0.044552505016326904,-0.1215025782585144,-0.037500317358606594,0.06474810838699341,-0.17166078090667725,-0.05671222802364184,0.07724648714065552,-0.20433712005615234,-0.0706043533619578,0.08416032791137695,-0.2367122769355774,-0.08095270317160441,0.02801334857940674,-0.09196585416793823,-0.0526525295909579,0.06634610891342163,-0.09521955251693726,-0.07020803462826564,0.08600503206253052,-0.06991696357727051,-0.075335092061394,0.09442871809005737,-0.045861899852752686,-0.07974323552214457
0.0,0.0,0.0,0.0591776967048645,-0.0022528767585754395,2.0355756081613663e-05,0.09092539548873901,-0.028897464275360107,-0.004175037863657138,0.1090230941772461,-0.047763049602508545,-0.01052893444056835,0.11289900541305542,-0.06281179189682007,-0.017877004361704252,0.08092015981674194,-0.11957818269729614,-0.009936423293307683,0.10134690999984741,-0.1868654489517212,-0.021581418133333585,0.10856330394744873,-0.23374450206756592,-0.03211617774422493,0.11528891324996948,-0.27730196714401245,-0.04086475751455154,0.06867867708206177,-0.12481570243835449,-0.02069976299162235,0.08412003517150879,-0.19957584142684937,-0.035726039922789,0.09275907278060913,-0.2479848861694336,-0.04881988770420875,0.09826862812042236,-0.28964173793792725,-0.05953986502344932,0.055090487003326416,-0.11483955383300781,-0.03125070712621536,0.07700228691101074,-0.15457481145858765,-0.04935024238283958,0.09350919723510742,-0.17605441808700562,-0.059829439288929365,0.10176610946655273,-0.19936490058898926,-0.06650721213872757,0.044374048709869385,-0.092318594455719,-0.0414064221745285,0.08079785108566284,-0.09187901020050049,-0.055188971824005506,0.10145622491836548,-0.06936126947402954,-0.057844876564100645,0.11083036661148071,-0.0500180721282959,-0.059848017311647794
0.0,0.0,0.0,0.05747830867767334,-0.006862223148345947,-0.0003011308991638373,0.08738565444946289,-0.030342042446136475,-0.00314731770514598,0.10504990816116333,-0.0424075722694397,-0.008388740153453256,0.10691821575164795,-0.0554506778717041,-0.01381412628426304,0.08488667011260986,-0.13241863250732422,-0.005973202784947063,0.10439562797546387,-0.20565932989120483,-0.01869756835832348,0.11033475399017334,-0.25315237045288086,-0.030982970402977372,0.11508184671401978,-0.29886162281036377,-0.04083812157943001,0.06895935535430908,-0.13435202836990356,-0.018599440486571694,0.08560103178024292,-0.21590012311935425,-0.030910550759575273,0.09408587217330933,-0.2684471607208252,-0.042736641274235154,0.09894537925720215,-0.31276410818099976,-0.05305619086458435,0.0503312349319458,-0.12033367156982422,-0.0323142848475193,0.07292145490646362,-0.15626543760299683,-0.05023758034541359,0.08679825067520142,-0.16190224885940552,-0.0612442299289917,0.09365999698638916,-0.17140674591064453,-0.06803036029770126,0.03391242027282715,-0.09044122695922852,-0.04605015660955658,0.07133954763412476,-0.09314095973968506,-0.06050170506670227,0.09099864959716797,-0.06507343053817749,-0.06366155590250244,0.09770810604095459,-0.03845900297164917,-0.06603189106418839
0.0,0.0,0.0,0.05358612537384033,-0.010235011577606201,-0.0035557937796966144,0.08231198787689209,-0.03631621599197388,-0.009005713275428207,0.09756863117218018,-0.048320472240448,-0.016331112011130244,0.09868085384368896,-0.05790543556213379,-0.024432566015775592,0.07799023389816284,-0.13797253370285034,-0.010601259766872317,0.09375202655792236,-0.20861423015594482,-0.0245460215944604,0.10022246837615967,-0.2566688656806946,-0.03764511458462039,0.10341089963912964,-0.2996799945831299,-0.048199454321320445,0.06134909391403198,-0.13830214738845825,-0.0225737597781972,0.07782208919525146,-0.22020936012268066,-0.03909202106183329,0.08567458391189575,-0.269298255443573,-0.05508192442243853,0.09202134609222412,-0.3114403486251831,-0.06766744516676226,0.044043123722076416,-0.1224108338356018,-0.03478453867023745,0.06125211715698242,-0.17519205808639526,-0.055170493199284465,0.07326030731201172,-0.21367168426513672,-0.06816513650005618,0.0813402533531189,-0.2530060410499573,-0.07678112946337023,0.02821183204650879,-0.09190422296524048,-0.04708957113211909,0.062390267848968506,-0.09570467472076416,-0.06365528516357699,0.0823773741722107,-0.07258892059326172,-0.06658313982075015,0.09140390157699585,-0.05174285173416138,-0.06874645314996997
0.0,0.0,0.0,0.04706144332885742,-0.008661150932312012,-0.009205372034656989,0.07789933681488037,-0.0411723256111145,-0.014432623944330203,0.09418851137161255,-0.056853532791137695,-0.020176882817494857,0.08138865232467651,-0.06098067760467529,-0.027578144296157348,0.07731282711029053,-0.14499813318252563,-0.012273905760693538,0.09334385395050049,-0.21133947372436523,-0.02311693221246003,0.10558247566223145,-0.2561061382293701,-0.03525691009973286,0.11258858442306519,-0.29591506719589233,-0.04625639595006703,0.05834496021270752,-0.14555823802947998,-0.020593210085380065,0.06776666641235352,-0.22877687215805054,-0.030490682422268378,0.07150000333786011,-0.27877700328826904,-0.04281290896152257,0.07563823461532593,-0.320326566696167,-0.0543126230678439,0.03751784563064575,-0.13076692819595337,-0.029987883715975272,0.05217713117599487,-0.18914395570755005,-0.046154755129563796,0.06562203168869019,-0.22686892747879028,-0.06088754065250157,0.07604146003723145,-0.26194894313812256,-0.07235207684253453,0.0170518159866333,-0.10221731662750244,-0.040064468010413634,0.048137545585632324,-0.10794150829315186,-0.05750597916458844,0.06585371494293213,-0.08375447988510132,-0.06390319295142888,0.07446908950805664,-0.06074410676956177,-0.06901887334798573
0.0,0.0,0.0,0.05133277177810669,-0.00787729024887085,-0.0030044434757101612,0.08526265621185303,-0.032974839210510254,-0.005379413364188679,0.10506582260131836,-0.04793357849121094,-0.009596528129385717,0.0951579213142395,-0.06382161378860474,-0.014469034613775023,0.08667981624603271,-0.13898992538452148,-0.010297086665140398,0.09854954481124878,-0.21028339862823486,-0.02090579328845621,0.10412240028381348,-0.256242036819458,-0.0306546079159844,0.10870218276977539,-0.2975960969924927,-0.03991996368180395,0.06706976890563965,-0.1390901803970337,-0.022784447872744806,0.07432371377944946,-0.2240927815437317,-0.03787864615927816,0.07858538627624512,-0.2726651430130005,-0.05198331048499227,0.0814250111579895,-0.31186407804489136,-0.06427822505842329,0.042859435081481934,-0.1264006495475769,-0.03582573553334356,0.06012451648712158,-0.15696656703948975,-0.05929300805340887,0.0675731897354126,-0.14434891939163208,-0.07287194823633314,0.07215356826782227,-0.14325565099716187,-0.08068957423578382,0.019388973712921143,-0.09819990396499634,-0.04860003536354185,0.05689150094985962,-0.10209155082702637,-0.06886229162822843,0.07369178533554077,-0.06276702880859375,-0.07473811005960584,0.07878994941711426,-0.030128061771392822,-0.07860758399377943
0.0,0.0,0.0,0.04458451271057129,-0.005281686782836914,-0.012887517168863383,0.07477009296417236,-0.03547579050064087,-0.019825652420266238,0.09010165929794312,-0.05192875862121582,-0.026626445531590548,0.08010900020599365,-0.0606725811958313,-0.0346811508682805,0.07635915279388428,-0.1474437713623047,-0.01563132199619588,0.08960133790969849,-0.21250957250595093,-0.028001148432238665,0.10139614343643188,-0.2558562159538269,-0.04083071853195008,0.10787588357925415,-0.2937009334564209,-0.051879042938097086,0.058293700218200684,-0.1445903778076172,-0.02174862119530019,0.06871259212493896,-0.22297435998916626,-0.03357051889572915,0.07389640808105469,-0.2702339291572571,-0.046320418074472514,0.0776030421257019,-0.3110295534133911,-0.057767773225648966,0.03888934850692749,-0.12604641914367676,-0.02919660526488599,0.05321627855300903,-0.18022024631500244,-0.04627302120600518,0.06525546312332153,-0.21360141038894653,-0.06011490727935609,0.07357895374298096,-0.24535822868347168,-0.0704797042456704,0.019982755184173584,-0.09620356559753418,-0.03760276566420373,0.04892081022262573,-0.09974122047424316,-0.05454704742108163,0.06330728530883789,-0.07858532667160034,-0.06068388576780137,0.06980425119400024,-0.0601733922958374,-0.06553065608416375
0.0,0.0,0.0,0.052384257316589355,-0.007357180118560791,-0.00939362426773016,0.08527982234954834,-0.03428089618682861,-0.015005367114397927,0.10224568843841553,-0.048273563385009766,-0.021036299183222695,0.08374911546707153,-0.06037247180938721,-0.029049869864437028,0.0843818187713623,-0.14641928672790527,-0.01316816476658289,0.09739828109741211,-0.21060925722122192,-0.023530123993012353,0.10750609636306763,-0.25188690423965454,-0.03580422164425556,0.11305099725723267,-0.29067665338516235,-0.04694299237355892,0.06326979398727417,-0.1444612741470337,-0.022377081453058167,0.07030659914016724,-0.22406601905822754,-0.03283919976577465,0.0736229419708252,-0.2727830410003662,-0.046094062044474526,0.07658934593200684,-0.3149902820587158,-0.05833795504197781,0.03965747356414795,-0.12942588329315186,-0.03261073516235058,0.056098222732543945,-0.1841195821762085,-0.050330704315754815,0.07027566432952881,-0.2187139391899109,-0.06615686626658146,0.08097076416015625,-0.2527974247932434,-0.07811195613369648,0.016066014766693115,-0.10129570960998535,-0.043296570196005746,0.04978799819946289,-0.10663485527038574,-0.061967687918993875,0.06713593006134033,-0.0789002776145935,-0.0682152605198354,0.07321172952651978,-0.05205339193344116,-0.07306336821541493
0.0,0.0,0.0,0.04998832941055298,-0.012323498725891113,-0.015696906814639533,0.0824170708656311,-0.03748971223831177,-0.023644942188923324,0.09827619791030884,-0.05143392086029053,-0.03020068011647936,0.0755191445350647,-0.06121128797531128,-0.03870808459288355,0.07295596599578857,-0.1451166868209839,-0.026213652784292663,0.09203130006790161,-0.20755022764205933,-0.03957773498660799,0.10495781898498535,-0.25056594610214233,-0.05310818679100748,0.11198657751083374,-0.29082927107810974,-0.06467498592502352,0.049708783626556396,-0.14203870296478271,-0.033836816767518485,0.051223695278167725,-0.22398298978805542,-0.0469167170620608,0.04899430274963379,-0.27838897705078125,-0.06164310998684641,0.0478399395942688,-0.3236870765686035,-0.07476573936111208,0.024601459503173828,-0.127480149269104,-0.04251838229066607,0.03835868835449219,-0.179479718208313,-0.06287744394904848,0.05186665058135986,-0.21757662296295166,-0.08062600843078371,0.06354659795761108,-0.2569693922996521,-0.09397005788451906,0.00044149160385131836,-0.09809595346450806,-0.05214960999256846,0.03524583578109741,-0.10541301965713501,-0.07292847088939425,0.05565822124481201,-0.07599872350692749,-0.07973070196277376,0.06304281949996948,-0.04707074165344238,-0.08484533182746645
0.0,0.0,0.0,0.04902637004852295,-0.00825434923171997,-0.016134428122654754,0.08410775661468506,-0.035515010356903076,-0.026087291800990897,0.09605580568313599,-0.05458313226699829,-0.03562696118058284,0.07232332229614258,-0.0625576376914978,-0.04739843148888667,0.07571583986282349,-0.14532470703125,-0.023956373596206504,0.08949500322341919,-0.2082034945487976,-0.038797019311800796,0.1017335057258606,-0.2516995072364807,-0.05386673871578296,0.10777974128723145,-0.2906353771686554,-0.06674662817420085,0.053763747215270996,-0.14288663864135742,-0.031678093859568435,0.06079906225204468,-0.22310078144073486,-0.04730596605838855,0.06321895122528076,-0.2756006717681885,-0.0639091043561848,0.06488704681396484,-0.31891703605651855,-0.0779232143253239,0.029931604862213135,-0.1261303424835205,-0.040422471502438384,0.04255211353302002,-0.1889055371284485,-0.06079239983262141,0.05348581075668335,-0.23076796531677246,-0.07777743626536449,0.06226801872253418,-0.2687082290649414,-0.09059176433981975,0.007049679756164551,-0.09838205575942993,-0.05021132741273959,0.036575496196746826,-0.10512465238571167,-0.0700201152652653,0.052142977714538574,-0.08209085464477539,-0.07713806469143947,0.058685362339019775,-0.060802161693573,-0.08288198549450954
0.0,0.0,0.0,0.04519397020339966,-0.0061190128326416016,-0.013765810761086072,0.07680356502532959,-0.03537112474441528,-0.019297628435722913,0.09297001361846924,-0.052564918994903564,-0.02511312324129733,0.07909643650054932,-0.05970048904418945,-0.031636462319127645,0.07664299011230469,-0.14667540788650513,-0.012545930925242033,0.08863967657089233,-0.21069824695587158,-0.023494372847906675,0.099437415599823,-0.2528349757194519,-0.0345665074469963,0.10626310110092163,-0.29019445180892944,-0.04467303003691825,0.05688738822937012,-0.14546561241149902,-0.019086613092056837,0.062449872493743896,-0.22041600942611694,-0.03331926907920035,0.06678599119186401,-0.26585906744003296,-0.0471637218775669,0.06872260570526123,-0.30476224422454834,-0.05849862541579398,0.034624338150024414,-0.12802201509475708,-0.027504016417495336,0.042300641536712646,-0.16574639081954956,-0.050823637056581106,0.049265503883361816,-0.17233216762542725,-0.06717568333768043,0.0533638596534729,-0.18388372659683228,-0.07662743027829322,0.013165831565856934,-0.09874063730239868,-0.03668895806693229,0.041168272495269775,-0.1018972396850586,-0.058347721356383886,0.05504995584487915,-0.07222479581832886,-0.0674922883095661,0.06106281280517578,-0.04700291156768799,-0.07329772855662497
0.0,0.0,0.0,0.05214208364486694,-0.010891079902648926,-0.010787093043347795,0.08353221416473389,-0.03942805528640747,-0.016783266291042764,0.09984850883483887,-0.05656087398529053,-0.02267087154092451,0.07832276821136475,-0.0639643669128418,-0.030270413458367784,0.08073180913925171,-0.14657974243164062,-0.01691655717792173,0.09597265720367432,-0.21196222305297852,-0.027948670983334978,0.10612797737121582,-0.2534153461456299,-0.04037899054588934,0.11159753799438477,-0.29229289293289185,-0.05147951744498869,0.05888468027114868,-0.1448461413383484,-0.02589280061425825,0.06600213050842285,-0.22832173109054565,-0.03666350893678327,0.06708753108978271,-0.2803264260292053,-0.051039657518288095,0.06906425952911377,-0.3242189288139343,-0.06395181544127126,0.03467625379562378,-0.130653977394104,-0.03553591944279333,0.04653823375701904,-0.19214648008346558,-0.052611167505403955,0.05650585889816284,-0.23429322242736816,-0.06868312038483282,0.06531023979187012,-0.27526986598968506,-0.08089732654394766,0.01060551404953003,-0.10270869731903076,-0.0458846045285668,0.04277223348617554,-0.11126428842544556,-0.06322328276934286,0.06137949228286743,-0.08278965950012207,-0.0686083165556397,0.06794315576553345,-0.055069148540496826,-0.07284746594729086
0.0,0.0,0.0,0.04962664842605591,-0.006308317184448242,-0.015458442374395531,0.07932090759277344,-0.036557137966156006,-0.024219306289481324,0.09313535690307617,-0.056040406227111816,-0.032812254607009095,0.07971614599227905,-0.06367683410644531,-0.04204949933223645,0.07844334840774536,-0.15018904209136963,-0.0199637339555494,0.0923621654510498,-0.2160571813583374,-0.03402166637711446,0.10176682472229004,-0.2606656551361084,-0.047553239493893784,0.1072847843170166,-0.30121511220932007,-0.05972385230593602,0.05942130088806152,-0.14653319120407104,-0.027350623264240426,0.06719481945037842,-0.2267773151397705,-0.042463826119231385,0.07118421792984009,-0.27438467741012573,-0.057709412752913636,0.07362538576126099,-0.3165993094444275,-0.071256401120948,0.03747135400772095,-0.12860345840454102,-0.03644337701730649,0.04876124858856201,-0.16814184188842773,-0.05917865607075612,0.057314515113830566,-0.17543548345565796,-0.07443281459741513,0.06314808130264282,-0.19131219387054443,-0.08456596183710019,0.015714645385742188,-0.09812569618225098,-0.0466146675043575,0.047546565532684326,-0.10317724943161011,-0.06802679049901883,0.06447583436965942,-0.06957560777664185,-0.07556481856040875,0.0703839659690857,-0.04179370403289795,-0.08097634661130826
0.0,0.0,0.0,0.047753751277923584,-0.005611240863800049,-0.015809636492377876,0.07837456464767456,-0.03060704469680786,-0.02564476423347628,0.09161150455474854,-0.04502272605895996,-0.03521703362847006,0.07782948017120361,-0.056384265422821045,-0.04627702564383185,0.07333385944366455,-0.14408159255981445,-0.023290714178330063,0.08796441555023193,-0.20876914262771606,-0.038895530555492996,0.10061746835708618,-0.25207626819610596,-0.053550580445772766,0.10680103302001953,-0.29017627239227295,-0.06554527387405074,0.05292677879333496,-0.14168637990951538,-0.03022084936881697,0.05762368440628052,-0.221771240234375,-0.04493079141164458,0.05965334177017212,-0.272105872631073,-0.05885881737256682,0.061272263526916504,-0.3132961392402649,-0.07093111232305205,0.03126174211502075,-0.12376606464385986,-0.03867525786543524,0.03986001014709473,-0.17975080013275146,-0.05863761708522475,0.04882007837295532,-0.2175689935684204,-0.07365700409198439,0.055298447608947754,-0.25232255458831787,-0.08491326675201094,0.010624945163726807,-0.09277695417404175,-0.04840141341472304,0.034687697887420654,-0.09400999546051025,-0.06862260952973998,0.04962444305419922,-0.07208919525146484,-0.07610393122220671,0.0560871958732605,-0.05210679769515991,-0.08171080604577696
0.0,0.0,0.0,0.050488173961639404,-0.00812375545501709,-0.007864739550726085,0.08529484272003174,-0.037096381187438965,-0.012666035248415142,0.09840816259384155,-0.05167955160140991,-0.018717069915012985,0.07998985052108765,-0.059825003147125244,-0.026728712758497863,0.07900822162628174,-0.14275479316711426,-0.013237890592293411,0.09200400114059448,-0.20857876539230347,-0.02534966244407144,0.10125088691711426,-0.2508503198623657,-0.0377914875657126,0.10645461082458496,-0.2898246645927429,-0.048977960637287765,0.05776047706604004,-0.14301031827926636,-0.023677480211929947,0.06494683027267456,-0.22111237049102783,-0.03689528330274072,0.06649380922317505,-0.26849138736724854,-0.050786324581579834,0.0676957368850708,-0.30893826484680176,-0.06324495448775735,0.03485584259033203,-0.1288096308708191,-0.03530699088283029,0.04929596185684204,-0.17442327737808228,-0.05588834061332193,0.05998814105987549,-0.1948699951171875,-0.07246038391299692,0.06838643550872803,-0.2185906171798706,-0.08447676225610223,0.013360857963562012,-0.10097348690032959,-0.04728691726036516,0.045867323875427246,-0.10216379165649414,-0.06758131905503717,0.06080096960067749,-0.07237344980239868,-0.07571591510482278,0.06753420829772949,-0.04691046476364136,-0.08217401131101099
0.0,0.0,0.0,0.04968571662902832,-0.012331485748291016,-0.014676801695358677,0.08070224523544312,-0.040798962116241455,-0.022492883561980648,0.09385615587234497,-0.055475056171417236,-0.030054665936958713,0.07371294498443604,-0.062348783016204834,-0.03845070844782583,0.07434052228927612,-0.14992034435272217,-0.01979529468609087,0.08929586410522461,-0.21646088361740112,-0.031426450072657985,0.10115963220596313,-0.2588741183280945,-0.04280906340373747,0.10667872428894043,-0.29831838607788086,-0.05297096988452665,0.05145096778869629,-0.14796650409698486,-0.02682102455092661,0.05306035280227661,-0.22902250289916992,-0.03790108284248106,0.051431357860565186,-0.27920788526535034,-0.048824785112273617,0.04911774396896362,-0.32111668586730957,-0.059327533303630275,0.027928292751312256,-0.13113939762115479,-0.03567262908710234,0.041386187076568604,-0.173595130443573,-0.05371847173465483,0.05249166488647461,-0.19698333740234375,-0.06709746068609945,0.059276700019836426,-0.22326582670211792,-0.07710147446287863,0.006660401821136475,-0.09900307655334473,-0.04595139792455427,0.03951948881149292,-0.10382258892059326,-0.06447467750204794,0.057690560817718506,-0.07664996385574341,-0.07116543298853628,0.06367689371109009,-0.05140078067779541,-0.07636830752981894
0.0,0.0,0.0,0.04775238037109375,-0.010088503360748291,-0.014432528549974677,0.07942378520965576,-0.03650259971618652,-0.02146310594881129,0.0933273434638977,-0.05187159776687622,-0.02816478584909987,0.07704925537109375,-0.06367862224578857,-0.03583934952521872,0.07357323169708252,-0.14730000495910645,-0.017435167478566882,0.08793747425079346,-0.21416473388671875,-0.028753279270773646,0.10009700059890747,-0.25679683685302734,-0.03968667660856795,0.10631585121154785,-0.295149564743042,-0.049161743866449115,0.05145913362503052,-0.1481265425682068,-0.023751432569866893,0.054979145526885986,-0.22965234518051147,-0.03450927560234618,0.05372709035873413,-0.2797207236289978,-0.0451693018248136,0.0517694354057312,-0.3208369314670563,-0.054859132068401095,0.028771579265594482,-0.13321930170059204,-0.03191323627734732,0.039588868618011475,-0.1820877194404602,-0.049736753599887606,0.04937666654586792,-0.21234935522079468,-0.06422180359268737,0.056122541427612305,-0.24186158180236816,-0.07475960676575255,0.008124947547912598,-0.10273253917694092,-0.04135930587554526,0.035965800285339355,-0.10583120584487915,-0.05983878348970961,0.05202662944793701,-0.0811271071434021,-0.0673587215414102,0.0587579607963562,-0.05777245759963989,-0.07296689276600432
0.0,0.0,0.0,0.04802793264389038,-0.012209057807922363,-0.010109457389305021,0.08093619346618652,-0.04126089811325073,-0.016293289341817285,0.09760981798171997,-0.05500638484954834,-0.023326412045250322,0.07727199792861938,-0.057628750801086426,-0.031853230872044946,0.0767446756362915,-0.14683616161346436,-0.014110777729044344,0.09103918075561523,-0.2129114866256714,-0.02552424391437569,0.10081195831298828,-0.2562253475189209,-0.03754693103660145,0.1055067777633667,-0.2960188388824463,-0.048621019550452615,0.055068790912628174,-0.14617282152175903,-0.022548351638803865,0.05904281139373779,-0.22970908880233765,-0.03521999178160229,0.059919118881225586,-0.2782807946205139,-0.049256535448918726,0.06044977903366089,-0.31894877552986145,-0.06193355677355328,0.03229302167892456,-0.1303558349609375,-0.032123366572747614,0.043074965476989746,-0.1819877028465271,-0.051508857139239694,0.05461239814758301,-0.20676469802856445,-0.06799223480452099,0.06241685152053833,-0.23238033056259155,-0.08001628724564114,0.011160314083099365,-0.10114961862564087,-0.04238205237020054,0.04246401786804199,-0.10709238052368164,-0.062057761677394296,0.059438228607177734,-0.0791279673576355,-0.07086871025789776,0.06736952066421509,-0.05272972583770752,-0.07768247483004131
0.0,0.0,0.0,0.05231499671936035,-0.010403752326965332,-0.00888290995214902,0.08444136381149292,-0.03794825077056885,-0.015308444327160942,0.10025286674499512,-0.052902400493621826,-0.022760561606332885,0.08815044164657593,-0.06264257431030273,-0.03149754641060554,0.07933443784713745,-0.1448432207107544,-0.013688711388454067,0.0946996808052063,-0.20976388454437256,-0.02621964638535701,0.10492748022079468,-0.2532820701599121,-0.038579204058692085,0.110260009765625,-0.2931756377220154,-0.04931348276738845,0.057717978954315186,-0.14589756727218628,-0.023655139780089485,0.061591148376464844,-0.22760039567947388,-0.03714212489728652,0.06045347452163696,-0.27756065130233765,-0.0497558684409114,0.05946910381317139,-0.31874150037765503,-0.060982522493645774,0.03549236059188843,-0.1314801573753357,-0.03510950592760764,0.05116015672683716,-0.17901575565338135,-0.05539136839513503,0.06381559371948242,-0.20290356874465942,-0.07015549851064407,0.07329732179641724,-0.22795969247817993,-0.08078853500489913,0.015527486801147461,-0.10132932662963867,-0.047139213359400856,0.04961305856704712,-0.1060829758644104,-0.0656823934376689,0.06658411026000977,-0.07867884635925293,-0.07171710295085632,0.07388615608215332,-0.05334991216659546,-0.07661175442342483
0.0,0.0,0.0,0.04775196313858032,-0.0098646879196167,-0.013566491908676426,0.08084475994110107,-0.036827802658081055,-0.022961884520299236,0.09617084264755249,-0.04956585168838501,-0.03296077043498258,0.07758861780166626,-0.053942203521728516,-0.04443708971822957,0.07628273963928223,-0.14728045463562012,-0.017481371543652813,0.08962321281433105,-0.2124585509300232,-0.030996106348283092,0.10208243131637573,-0.2562859058380127,-0.04467085168445806,0.10758763551712036,-0.29545968770980835,-0.05634892523968915,0.05502599477767944,-0.14661604166030884,-0.024476350999719898,0.06107020378112793,-0.22641515731811523,-0.03803981632674436,0.06361836194992065,-0.2754102945327759,-0.05115438044751386,0.06412845849990845,-0.3173314332962036,-0.06253615186298589,0.0333864688873291,-0.1284400224685669,-0.032882349348909656,0.04473799467086792,-0.18481945991516113,-0.05037417054856519,0.054942786693573,-0.22058862447738647,-0.0636165903576682,0.060471177101135254,-0.2538831830024719,-0.07354197815740804,0.01384955644607544,-0.09757053852081299,-0.04256617442453603,0.041820526123046875,-0.10261416435241699,-0.05892960519278745,0.055602967739105225,-0.08648788928985596,-0.06497761026705007,0.06021296977996826,-0.0728764533996582,-0.06995257154787282
0.0,0.0,0.0,0.0467604398727417,-0.009225070476531982,-0.014398127634990487,0.07876747846603394,-0.03404688835144043,-0.023551895123887334,0.09564369916915894,-0.04976463317871094,-0.03282753269093064,0.07780188322067261,-0.06717640161514282,-0.043792388242650304,0.0729750394821167,-0.14729607105255127,-0.018980848443675313,0.08575791120529175,-0.21153080463409424,-0.032852175486254964,0.09949290752410889,-0.25552600622177124,-0.04697019125239876,0.10591799020767212,-0.2933279871940613,-0.05854552130119828,0.051916658878326416,-0.14584749937057495,-0.026212661367821966,0.05687439441680908,-0.22475683689117432,-0.039869784218240056,0.05946910381317139,-0.2769784927368164,-0.05360173697488335,0.06021678447723389,-0.3191181421279907,-0.06529669727103737,0.029607117176055908,-0.12812626361846924,-0.03489738966243294,0.041443824768066406,-0.1850353479385376,-0.054006452512908254,0.05187392234802246,-0.22558724880218506,-0.0692406695605996,0.05763256549835205,-0.260433554649353,-0.0804546501757386,0.008580207824707031,-0.09772294759750366,-0.04465921486632851,0.03736221790313721,-0.10061275959014893,-0.063656444502044,0.052431583404541016,-0.08152550458908081,-0.0706808146359208,0.058189988136291504,-0.0626380443572998,-0.07593310142772225
0.0,0.0,0.0,0.049811601638793945,-0.009208738803863525,-0.008839876900083254,0.0810234546661377,-0.033326148986816406,-0.016615620392030905,0.09433424472808838,-0.04585587978363037,-0.025556885215110015,0.07959479093551636,-0.058975934982299805,-0.03681870042032642,0.07477748394012451,-0.14313066005706787,-0.01697249761468811,0.08806902170181274,-0.2092030644416809,-0.03159547834343357,0.09975993633270264,-0.2534610629081726,-0.045748936521476935,0.10558348894119263,-0.29250454902648926,-0.057441453027195166,0.05474346876144409,-0.1410636305809021,-0.02711341022200031,0.06124788522720337,-0.22087717056274414,-0.04078269241995258,0.062106549739837646,-0.2715252637863159,-0.05364821343368931,0.0635690689086914,-0.3135502338409424,-0.0650722035641138,0.032660603523254395,-0.12418019771575928,-0.038464485245413016,0.04610705375671387,-0.1792004108428955,-0.05702426521725101,0.0573917031288147,-0.21647721529006958,-0.07130784033483906,0.06674373149871826,-0.2507970333099365,-0.08233057944721622,0.011378943920135498,-0.09473448991775513,-0.05041003091878338,0.040360450744628906,-0.10060495138168335,-0.06822212277597828,0.057855844497680664,-0.07993632555007935,-0.07437338917202396,0.06752729415893555,-0.059452712535858154,-0.07961024581140919
0.0,0.0,0.0,0.04516035318374634,-0.006182730197906494,-0.013167710126211318,0.07848584651947021,-0.034739136695861816,-0.021032746032645377,0.09361618757247925,-0.04778367280960083,-0.029204950750639114,0.0773690938949585,-0.05590754747390747,-0.03915046629386154,0.0720592737197876,-0.14624714851379395,-0.01659557697253433,0.08349788188934326,-0.20863348245620728,-0.030799900264312896,0.0961182713508606,-0.25359565019607544,-0.044851311565210494,0.10242193937301636,-0.29127877950668335,-0.05663766440825668,0.05492955446243286,-0.145341157913208,-0.02378692393081394,0.0649869441986084,-0.22232073545455933,-0.037484341383745345,0.07128840684890747,-0.2691083550453186,-0.0514578643150827,0.07597780227661133,-0.30847012996673584,-0.06313141909318176,0.03630518913269043,-0.126556396484375,-0.032410212875177535,0.04836052656173706,-0.18291229009628296,-0.051514824003746185,0.06076669692993164,-0.21894609928131104,-0.06767547604518143,0.06977087259292603,-0.25222331285476685,-0.07946397838072983,0.01819145679473877,-0.09595829248428345,-0.041927554727365646,0.04079902172088623,-0.09637230634689331,-0.060685915023853454,0.05360358953475952,-0.07509642839431763,-0.06891623613314835,0.0607030987739563,-0.057106196880340576,-0.07533029195742813
0.0,0.0,0.0,0.03784215450286865,-0.011282801628112793,-0.029466302554993717,0.06319314241409302,-0.026283204555511475,-0.05524234050133714,0.08626186847686768,-0.010060906410217285,-0.07994356700399408,0.0977853536605835,0.015251219272613525,-0.1072601447365571,0.07398420572280884,-0.1661037802696228,-0.055504124101190655,0.10268610715866089,-0.260280966758728,-0.07881253906705865,0.12246435880661011,-0.31578850746154785,-0.09731876799085626,0.13382071256637573,-0.36578798294067383,-0.11222846009948739,0.05289721488952637,-0.16411930322647095,-0.06086633303382882,0.058027803897857666,-0.27793532609939575,-0.08200521716096887,0.05354428291320801,-0.3501708507537842,-0.09937997856357583,0.046039879322052,-0.40969061851501465,-0.1144259417913247,0.029159843921661377,-0.1422329545021057,-0.067000917579918,0.0294572114944458,-0.2349914312362671,-0.08841041424491891,0.031661927700042725,-0.3049616813659668,-0.10691780545928964,0.02968078851699829,-0.3627004623413086,-0.12269106456258783,0.007625401020050049,-0.10546791553497314,-0.0754603291414071,0.019474685192108154,-0.1169055700302124,-0.09461248615005502,0.025287330150604248,-0.1188395619392395,-0.10279799946764001,0.02174919843673706,-0.12180864810943604,-0.11007685163238534
0.0,0.0,0.0,0.007382690906524658,-0.027531981468200684,-0.030626138554422866,0.030946433544158936,-0.056560218334198,-0.0503102577044654,0.07118475437164307,-0.03578060865402222,-0.06546468275925399,0.10064458847045898,-0.019078731536865234,-0.08189728844305755,0.04566234350204468,-0.1745460033416748,-0.06199900049111129,0.07062172889709473,-0.26822030544281006,-0.0871454625143695,0.08454900979995728,-0.3318668603897095,-0.10512011486431838,0.08939790725708008,-0.3898693323135376,-0.12049967038771392,0.05603837966918945,-0.1521574854850769,-0.06448893982311965,0.06246781349182129,-0.25529956817626953,-0.0888449995531726,0.05733150243759155,-0.3185814619064331,-0.10631560522457839,0.053041040897369385,-0.377246618270874,-0.12298370140930892,0.05968320369720459,-0.11264991760253906,-0.06808401632448913,0.06933063268661499,-0.17130690813064575,-0.09851213532826186,0.0781593918800354,-0.20820492506027222,-0.12027362722298385,0.08186125755310059,-0.24717050790786743,-0.13840632128855468,0.058124542236328125,-0.06474250555038452,-0.0731388627304721,0.08122849464416504,-0.05074477195739746,-0.1061440928592372,0.08931386470794678,-0.019219160079956055,-0.12196351575991393,0.09088510274887085,0.0017704367637634277,-0.13441659498354674
0.0,0.0,0.0,0.009928345680236816,-0.03877049684524536,-0.03325129339399524,0.03314650058746338,-0.07715350389480591,-0.053369731101419404,0.0741845965385437,-0.06415444612503052,-0.06933398583831973,0.1028437614440918,-0.041642725467681885,-0.08578026333751865,0.05421710014343262,-0.1936522126197815,-0.055353880319024995,0.0801241397857666,-0.2890077233314514,-0.08013081589641757,0.09660369157791138,-0.34953171014785767,-0.09851333537998386,0.10292702913284302,-0.40704959630966187,-0.1134607870310802,0.05849754810333252,-0.1713671088218689,-0.05807939583363719,0.06254899501800537,-0.2828909754753113,-0.08128643074932285,0.05818760395050049,-0.35405629873275757,-0.09843647519054599,0.05439192056655884,-0.4186686873435974,-0.11351797768774219,0.056366145610809326,-0.13116496801376343,-0.06293849686088748,0.06527167558670044,-0.20806783437728882,-0.09255181292000003,0.07206976413726807,-0.26422232389450073,-0.11517225989999957,0.07572513818740845,-0.3177180290222168,-0.13281320074501224,0.04983800649642944,-0.0797315239906311,-0.06993137339058109,0.07487541437149048,-0.07143497467041016,-0.10125492552223392,0.08790302276611328,-0.04642975330352783,-0.1167850125760097,0.09301328659057617,-0.029316186904907227,-0.12823474446239658
0.0,0.0,0.0,0.018182873725891113,-0.03880494832992554,-0.026081725697171265,0.04540818929672241,-0.07477247714996338,-0.04289643999482351,0.0883866548538208,-0.06404364109039307,-0.05703002002383428,0.11494994163513184,-0.044395506381988525,-0.07126460757399755,0.06297069787979126,-0.19727623462677002,-0.044348338361036355,0.08952057361602783,-0.2951853275299072,-0.06588174935723501,0.10487264394760132,-0.35814452171325684,-0.08150637682820516,0.10999035835266113,-0.416156530380249,-0.09368047651196676,0.0680844783782959,-0.17493504285812378,-0.04808583643580633,0.08021098375320435,-0.2901346683502197,-0.06852439578915792,0.0824970006942749,-0.361422061920166,-0.08378553178454595,0.08313649892807007,-0.42577552795410156,-0.09660630461121755,0.06946510076522827,-0.13141369819641113,-0.053198458369028145,0.07638609409332275,-0.2183067798614502,-0.07828661587382513,0.08042234182357788,-0.27889102697372437,-0.09605162378693777,0.08139050006866455,-0.3346468210220337,-0.10955394592429357,0.06802845001220703,-0.0762069821357727,-0.06007887583519178,0.09280294179916382,-0.08301675319671631,-0.08351698305751043,0.09950578212738037,-0.06389486789703369,-0.0924831831112023,0.10009443759918213,-0.049195289611816406,-0.09917919870759206
0.0,0.0,0.0,0.02160477638244629,-0.03635770082473755,-0.021736026904925154,0.04874831438064575,-0.06612914800643921,-0.03881106076334362,0.08695882558822632,-0.048936545848846436,-0.05404601169322376,0.1109088659286499,-0.02401036024093628,-0.0698123715588892,0.0636863112449646,-0.17725545167922974,-0.046040392644151495,0.08365195989608765,-0.26612788438796997,-0.06657148075793629,0.09329378604888916,-0.3243061900138855,-0.08127915037368183,0.09558385610580444,-0.38131284713745117,-0.09365811122153644,0.06536316871643066,-0.1619095802307129,-0.05255626437757854,0.08749276399612427,-0.27122020721435547,-0.07083537352774982,0.09548294544219971,-0.33825570344924927,-0.0853961847493494,0.0983704924583435,-0.4014661908149719,-0.09883806032632236,0.06141936779022217,-0.12454253435134888,-0.05951371712182407,0.07272928953170776,-0.2022964358329773,-0.08223102910016422,0.07680195569992065,-0.2584673762321472,-0.09957276207898502,0.0754043459892273,-0.31316328048706055,-0.11375208867286091,0.05387061834335327,-0.07490462064743042,-0.06792350036595707,0.07941538095474243,-0.0666460394859314,-0.09105143619273548,0.0920819640159607,-0.046557724475860596,-0.10156097186301594,0.09528714418411255,-0.035145461559295654,-0.1100708536574686
0.0,0.0,0.0,0.03879135847091675,-0.025253891944885254,-0.01868492268185662,0.07124525308609009,-0.04435610771179199,-0.03748343043189095,0.10044455528259277,-0.02127927541732788,-0.055704376624632346,0.11390876770019531,0.0018017888069152832,-0.07523625619869279,0.07258915901184082,-0.1651780605316162,-0.049342094884920584,0.09812241792678833,-0.252025306224823,-0.07353979624967621,0.11050909757614136,-0.310519814491272,-0.09169878341417359,0.1144794225692749,-0.3658716678619385,-0.10658904440860795,0.06286311149597168,-0.15196722745895386,-0.05823549159030961,0.07845509052276611,-0.25277185440063477,-0.08106670059423493,0.08216774463653564,-0.31931036710739136,-0.09870775319795655,0.08255153894424438,-0.3807297945022583,-0.114820915238667,0.05030703544616699,-0.11830592155456543,-0.06709296532135056,0.05864894390106201,-0.19303947687149048,-0.09036671646099137,0.06093895435333252,-0.2470192313194275,-0.10724634207944916,0.057219505310058594,-0.29760050773620605,-0.12188309706907319,0.037884414196014404,-0.07218819856643677,-0.0774073330328946,0.06037169694900513,-0.06113600730895996,-0.09986893363456772,0.07431554794311523,-0.046775221824645996,-0.11088355906467484,0.07925468683242798,-0.04106104373931885,-0.1205904362366681
0.0,0.0,0.0,0.01015019416809082,-0.035348594188690186,-0.03294752526047162,0.033906400203704834,-0.06632333993911743,-0.05332448321344785,0.07667011022567749,-0.0600430965423584,-0.06950324016573362,0.10700130462646484,-0.0445631742477417,-0.08654570567371778,0.05455261468887329,-0.18002450466156006,-0.053043126938366214,0.06815171241760254,-0.2720862627029419,-0.07560797023537091,0.07955050468444824,-0.3338882327079773,-0.09238533663513593,0.08471298217773438,-0.39002203941345215,-0.10576067107679776,0.07057839632034302,-0.16212141513824463,-0.050745490816854755,0.07970207929611206,-0.2771388292312622,-0.07215765851499967,0.08039569854736328,-0.3470190763473511,-0.08750613021614484,0.08068186044692993,-0.41155219078063965,-0.10108312952282361,0.08213293552398682,-0.12497156858444214,-0.04977273556353978,0.08666175603866577,-0.21500855684280396,-0.0749828888750308,0.0878782868385315,-0.2718857526779175,-0.09073464560272626,0.08667802810668945,-0.3246936798095703,-0.10270948695900373,0.09013241529464722,-0.07953834533691406,-0.050829391804956714,0.11309349536895752,-0.09636855125427246,-0.07211093592407636,0.11502134799957275,-0.08713841438293457,-0.08012469845774106,0.1131906509399414,-0.08184337615966797,-0.0865994094586604
0.0,0.0,0.0,0.007742166519165039,-0.04159748554229736,-0.04189989273569594,0.029454708099365234,-0.07401126623153687,-0.06421615113637458,0.07431602478027344,-0.0687490701675415,-0.08003980596683036,0.10722285509109497,-0.05252110958099365,-0.0952248715343238,0.06673979759216309,-0.1867240071296692,-0.05484741483948241,0.09439706802368164,-0.2835295796394348,-0.07677447726151954,0.10857754945755005,-0.3459259867668152,-0.09255763818643103,0.11539310216903687,-0.4011380076408386,-0.1045949750127555,0.08079802989959717,-0.16031455993652344,-0.046331837076163396,0.09363234043121338,-0.27849382162094116,-0.06639522244355689,0.09301972389221191,-0.35058510303497314,-0.08193848212382804,0.09099429845809937,-0.4158626198768616,-0.09523725439927588,0.08930641412734985,-0.11938035488128662,-0.04023744096181403,0.09142732620239258,-0.21349632740020752,-0.06405426492116462,0.08872866630554199,-0.2780388593673706,-0.08038232405803214,0.08373004198074341,-0.3354910612106323,-0.092194422382331,0.0958678126335144,-0.07105231285095215,-0.037100489485478505,0.11624997854232788,-0.09408766031265259,-0.056227232563710317,0.11749690771102905,-0.09378957748413086,-0.06518051703593741,0.11479449272155762,-0.09554070234298706,-0.07217943598649512
0.0,0.0,0.0,0.03217625617980957,-0.025475382804870605,-0.01632175597521268,0.06422090530395508,-0.04746299982070923,-0.033774215757574666,0.09915512800216675,-0.02761000394821167,-0.05075963216992818,0.11949557065963745,-0.010883748531341553,-0.06989970806213819,0.06841617822647095,-0.1700640320777893,-0.05110409858795606,0.09465324878692627,-0.2561975121498108,-0.07570556554171048,0.1074712872505188,-0.31634896993637085,-0.09436787667843305,0.1108672022819519,-0.37272387742996216,-0.10997323694797956,0.062190890312194824,-0.1553303599357605,-0.061848405778135884,0.08098787069320679,-0.2566285729408264,-0.08802182230326139,0.08318126201629639,-0.321094810962677,-0.10928083214136564,0.08339083194732666,-0.381223201751709,-0.12813807281824552,0.05315053462982178,-0.12082713842391968,-0.07169146838757001,0.06337499618530273,-0.19280236959457397,-0.10009577128263913,0.06891614198684692,-0.2434064745903015,-0.12091205272051297,0.06802773475646973,-0.29256510734558105,-0.13810171934935056,0.04212397336959839,-0.07616543769836426,-0.08197177204462491,0.06999456882476807,-0.06362742185592651,-0.1097466647920271,0.08365494012832642,-0.03649544715881348,-0.12268592420193158,0.08839130401611328,-0.01954638957977295,-0.13360855731340848
0.0,0.0,0.0,0.04299038648605347,-0.009302258491516113,-0.01756640262124165,0.07769632339477539,-0.015590965747833252,-0.03910093120452984,0.10499006509780884,0.012840330600738525,-0.05951748899337872,0.11209267377853394,0.03495055437088013,-0.08190021029827221,0.06932342052459717,-0.1257449984550476,-0.06383444479820355,0.08730840682983398,-0.20624995231628418,-0.09067006520149334,0.09378284215927124,-0.26218605041503906,-0.11038702837345227,0.09464895725250244,-0.31777894496917725,-0.1272995259535037,0.055832505226135254,-0.1191520094871521,-0.07477387896892651,0.07762736082077026,-0.2148340344429016,-0.10451592615959271,0.08426684141159058,-0.2749900817871094,-0.12924037239667996,0.08801668882369995,-0.3324716091156006,-0.15178083739397152,0.04180145263671875,-0.09150290489196777,-0.08342333248970135,0.04954802989959717,-0.15878254175186157,-0.11293937376854046,0.05207669734954834,-0.2078734040260315,-0.13556576631185635,0.04823046922683716,-0.254341721534729,-0.1547997232448779,0.02915060520172119,-0.052391886711120605,-0.09254513046857937,0.05461353063583374,-0.030995965003967285,-0.12027593813058957,0.06884944438934326,-0.005286157131195068,-0.1348652031194888,0.07469785213470459,0.008168935775756836,-0.1482541497719012
0.0,0.0,0.0,0.03671061992645264,-0.002883315086364746,-0.02011050272004411,0.06830137968063354,-0.0057378411293029785,-0.0417689214201431,0.09568452835083008,0.01773250102996826,-0.062429001435802434,0.10651785135269165,0.03845781087875366,-0.0857374946327667,0.06939864158630371,-0.12333673238754272,-0.05999489302949712,0.08852601051330566,-0.20820164680480957,-0.08718775014595792,0.09664934873580933,-0.26663458347320557,-0.107479331895874,0.09843993186950684,-0.32132720947265625,-0.12359128694252774,0.05747199058532715,-0.11663311719894409,-0.06838469009117887,0.07525688409805298,-0.2144545316696167,-0.09601884137110517,0.07436561584472656,-0.27927809953689575,-0.11770815949158475,0.0714910626411438,-0.3397101163864136,-0.13705476920323179,0.04464709758758545,-0.0910218358039856,-0.07554641167835996,0.0542411208152771,-0.16914695501327515,-0.10116305749134824,0.05410885810852051,-0.2254495620727539,-0.11914463888125226,0.04845684766769409,-0.27673810720443726,-0.13465243379788205,0.03340345621109009,-0.0564846396446228,-0.08370222698168561,0.05953872203826904,-0.05816543102264404,-0.10344338218884275,0.07054686546325684,-0.049696505069732666,-0.11231729190068052,0.07343548536300659,-0.04920697212219238,-0.12182095448689267
0.0,0.0,0.0,0.020294487476348877,-0.029965341091156006,-0.028390587319094607,0.04659426212310791,-0.05590188503265381,-0.04870610592182345,0.08734440803527832,-0.04078942537307739,-0.06567487401183314,0.11546915769577026,-0.025620996952056885,-0.08317835909541316,0.0647667646408081,-0.17924296855926514,-0.05561613944585986,0.08989781141281128,-0.27138853073120117,-0.07916193736012644,0.1034923791885376,-0.3324694037437439,-0.09575636220391459,0.10763812065124512,-0.38823288679122925,-0.10909850430901713,0.06619536876678467,-0.16026711463928223,-0.05779987854178614,0.08212381601333618,-0.2655295133590698,-0.0802589682977981,0.0841064453125,-0.3319597840309143,-0.09631446284468836,0.08264994621276855,-0.39308303594589233,-0.11097629648860163,0.06340610980987549,-0.1214480996131897,-0.060853424493629404,0.07456004619598389,-0.1919122338294983,-0.0866800202172584,0.08211994171142578,-0.2416408658027649,-0.10500313622172541,0.0826272964477539,-0.28876328468322754,-0.11981512141640849,0.05799287557601929,-0.07353413105010986,-0.06559307408745951,0.08591753244400024,-0.06414318084716797,-0.090838181797821,0.09964358806610107,-0.04302579164505005,-0.1037204517167396,0.1047545075416565,-0.029980242252349854,-0.11400907022174067
0.0,0.0,0.0,0.01718372106552124,-0.03412848711013794,-0.02449190185889094,0.04226243495941162,-0.06153172254562378,-0.042594141676271846,0.08409857749938965,-0.05261915922164917,-0.05782673449739306,0.11440551280975342,-0.03216910362243652,-0.07440775202139704,0.05911707878112793,-0.17433369159698486,-0.04905496479495852,0.06295454502105713,-0.2583490014076233,-0.06869964615925639,0.06415235996246338,-0.3108054995536804,-0.08327628986462443,0.06592804193496704,-0.36418217420578003,-0.09591616259440272,0.07304400205612183,-0.16065096855163574,-0.0529346273980984,0.09221857786178589,-0.2753753066062927,-0.0714852021776089,0.09714913368225098,-0.34404683113098145,-0.08601627813204615,0.09822207689285278,-0.4065113663673401,-0.09986327157839625,0.07913482189178467,-0.12366026639938354,-0.057028788491333415,0.09224957227706909,-0.20444780588150024,-0.08360278175696223,0.09835398197174072,-0.24977600574493408,-0.1030270637713322,0.09919041395187378,-0.2921733260154724,-0.11783027963265269,0.07999807596206665,-0.0770035982131958,-0.061902082874620845,0.10584843158721924,-0.08118140697479248,-0.08820901380404322,0.11313784122467041,-0.056199729442596436,-0.09994639770611613,0.11412835121154785,-0.036429405212402344,-0.10917621420248835
0.0,0.0,0.0,0.04081273078918457,-0.022224366664886475,-0.016247929407676054,0.07594960927963257,-0.04653763771057129,-0.031502285374720884,0.11053770780563354,-0.03506112098693848,-0.04647519193442662,0.1271381378173828,-0.022456765174865723,-0.06302047274859746,0.07563281059265137,-0.1715768575668335,-0.043764804823716474,0.09363597631454468,-0.2629411816596985,-0.06760751955064137,0.10396164655685425,-0.3248347043991089,-0.08510568491967518,0.10663902759552002,-0.38378435373306274,-0.09924906991275151,0.067241370677948,-0.16053909063339233,-0.05421979851873715,0.08571833372116089,-0.268882691860199,-0.07776039592774708,0.09009164571762085,-0.33700335025787354,-0.09596815459283192,0.090903639793396,-0.39916568994522095,-0.11192093543561299,0.05637156963348389,-0.12635844945907593,-0.06476824484618504,0.06905603408813477,-0.20280343294143677,-0.0927011346057256,0.07556116580963135,-0.253329873085022,-0.11169907949717839,0.07716834545135498,-0.30258089303970337,-0.1262607698872884,0.04581046104431152,-0.07982021570205688,-0.07599527887852986,0.07520812749862671,-0.07349544763565063,-0.10175315044673283,0.0886576771736145,-0.05008089542388916,-0.1129839246705373,0.09440064430236816,-0.037249088287353516,-0.12228558711560567
0.0,0.0,0.0,0.007388114929199219,-0.03672993183135986,-0.029583616034027038,0.02958017587661743,-0.06659209728240967,-0.048870730996962486,0.07563215494155884,-0.05735689401626587,-0.06433287248098463,0.10890352725982666,-0.041653215885162354,-0.08041801288807005,0.05456644296646118,-0.17999160289764404,-0.050414342285033165,0.07047146558761597,-0.2741003632545471,-0.0721507592507562,0.08187288045883179,-0.33739006519317627,-0.08765987292015165,0.08568310737609863,-0.39553213119506836,-0.10009764120065778,0.06815063953399658,-0.15979641675949097,-0.05043758809649557,0.08586668968200684,-0.27589887380599976,-0.07000785306179136,0.08884990215301514,-0.3457939624786377,-0.0842349825807771,0.08907973766326904,-0.41031575202941895,-0.09718357011758894,0.07519418001174927,-0.11916667222976685,-0.05157304540359586,0.08730000257492065,-0.2021958827972412,-0.07632373258554548,0.0913894772529602,-0.25748831033706665,-0.09342768028461546,0.09133058786392212,-0.3085106611251831,-0.10664170220577329,0.07847762107849121,-0.07049214839935303,-0.05441276341759771,0.10555911064147949,-0.07538270950317383,-0.07767863556825727,0.11283004283905029,-0.05964183807373047,-0.08838681116783231,0.11486893892288208,-0.04977506399154663,-0.09675245717250913
0.0,0.0,0.0,0.01141202449798584,-0.027458488941192627,-0.03478837167275728,0.03571265935897827,-0.05070066452026367,-0.05614008908522905,0.07690292596817017,-0.038484156131744385,-0.07217458044541658,0.10608625411987305,-0.025802135467529297,-0.08885305528891863,0.051702022552490234,-0.16759037971496582,-0.06266358648789705,0.07153129577636719,-0.25816261768341064,-0.08727228050483049,0.08369702100753784,-0.3190608024597168,-0.1044812590385753,0.08839988708496094,-0.37432318925857544,-0.11808689837706865,0.06354349851608276,-0.14747744798660278,-0.06067003463757814,0.08023959398269653,-0.25405359268188477,-0.08372512613786043,0.08328288793563843,-0.31996285915374756,-0.1006636783982593,0.08321857452392578,-0.37980931997299194,-0.11587058906806291,0.07128983736038208,-0.10787075757980347,-0.059707292964585434,0.08253437280654907,-0.18380939960479736,-0.08771593277705492,0.08627474308013916,-0.23163902759552002,-0.10784150814069093,0.08442527055740356,-0.276705265045166,-0.12314292942536653,0.07528579235076904,-0.06170034408569336,-0.060606443932183396,0.101695716381073,-0.06207174062728882,-0.08812669818652452,0.10794687271118164,-0.04050242900848389,-0.10204366003526033,0.10705620050430298,-0.024596095085144043,-0.11244788174880327
0.0,0.0,0.0,0.03300511837005615,-0.02601093053817749,-0.01966963973006841,0.06890612840652466,-0.043024659156799316,-0.037454525792213644,0.10629528760910034,-0.02144712209701538,-0.05417889993748304,0.12947237491607666,-0.002986729145050049,-0.07219950001797315,0.0756651759147644,-0.16212892532348633,-0.04578305300435659,0.09369415044784546,-0.2507035732269287,-0.07098197829088804,0.1040770411491394,-0.31372004747390747,-0.09032130878529188,0.10694622993469238,-0.37262189388275146,-0.10571753870806333,0.07153421640396118,-0.15098851919174194,-0.053708671444269385,0.09659028053283691,-0.26095259189605713,-0.07586047690472242,0.10327744483947754,-0.32800042629241943,-0.09268671166262266,0.10422879457473755,-0.3885033130645752,-0.10792381208500501,0.06283187866210938,-0.11689794063568115,-0.062175265365453924,0.0755801796913147,-0.20151758193969727,-0.08393712233862516,0.08124047517776489,-0.25826066732406616,-0.0984042946632826,0.0818672776222229,-0.3120550513267517,-0.11143388491234418,0.053593575954437256,-0.0704832673072815,-0.07228631418308851,0.07701736688613892,-0.07655000686645508,-0.09053393345436689,0.08472144603729248,-0.07383120059967041,-0.09810027372202512,0.08543276786804199,-0.08075082302093506,-0.10608872663340208
0.0,0.0,0.0,0.03034186363220215,-0.018529295921325684,-0.02619803068060378,0.0586819052696228,-0.03457534313201904,-0.047082505420036114,0.08837437629699707,-0.013538122177124023,-0.06525318999607066,0.10811716318130493,0.004166066646575928,-0.08450443972665767,0.07578641176223755,-0.15846574306488037,-0.05635465611536006,0.10110229253768921,-0.24456840753555298,-0.0817810215504835,0.1107439398765564,-0.30240631103515625,-0.10214744438249568,0.1144668459892273,-0.356536865234375,-0.11861754883844355,0.06895214319229126,-0.14044010639190674,-0.060402247354574,0.08375418186187744,-0.2374669909477234,-0.08610842306930522,0.08393669128417969,-0.29956895112991333,-0.10853123594839076,0.08398312330245972,-0.35881996154785156,-0.12818126310426692,0.058911800384521484,-0.10482794046401978,-0.06427174736577967,0.0588337779045105,-0.178513765335083,-0.09013953734952906,0.05568057298660278,-0.23291122913360596,-0.1078888170870016,0.0498235821723938,-0.2846309542655945,-0.12249939073640803,0.04869818687438965,-0.06113535165786743,-0.06986175407487849,0.06681954860687256,-0.06462359428405762,-0.09152769227344493,0.07454663515090942,-0.05553203821182251,-0.10036697913724879,0.07576286792755127,-0.05359518527984619,-0.1085446916969488
0.0,0.0,0.0,0.030273854732513428,-0.015198588371276855,-0.024255828558580106,0.06277763843536377,-0.018515706062316895,-0.0475303471080224,0.09627413749694824,0.010812222957611084,-0.06796709969557924,0.11513406038284302,0.02804809808731079,-0.09005598500289125,0.06413167715072632,-0.12958449125289917,-0.0642217449835698,0.07889705896377563,-0.20754671096801758,-0.090776895730869,0.08762878179550171,-0.2674156427383423,-0.10941914245404405,0.08961737155914307,-0.3221414089202881,-0.1249236367634694,0.05917590856552124,-0.12023621797561646,-0.07029736563481492,0.08317434787750244,-0.21814024448394775,-0.09797852262772722,0.08844399452209473,-0.28175461292266846,-0.11994744613684816,0.08972454071044922,-0.340121865272522,-0.13945494368590516,0.049998462200164795,-0.08955365419387817,-0.07509977891959352,0.061145007610321045,-0.15918052196502686,-0.10129223540343446,0.06638610363006592,-0.21077579259872437,-0.12166344150818986,0.06546163558959961,-0.25778019428253174,-0.13914999142207307,0.03923666477203369,-0.048850953578948975,-0.08095963075675172,0.06566393375396729,-0.0376816987991333,-0.10349585637368364,0.0776243805885315,-0.02374368906021118,-0.11592376753606004,0.08192175626754761,-0.019603192806243896,-0.1278938032678525
0.0,0.0,0.0,0.02281367778778076,-0.01872473955154419,-0.02828421234475087,0.05152285099029541,-0.03254765272140503,-0.04900642275200795,0.08684110641479492,-0.0113258957862854,-0.06607878743992757,0.11133623123168945,0.0009207725524902344,-0.08389072656022023,0.06615722179412842,-0.1557406783103943,-0.061864292019471634,0.09313356876373291,-0.2408342957496643,-0.0888600626526923,0.10537642240524292,-0.2994278073310852,-0.10813365667448949,0.10951995849609375,-0.35315001010894775,-0.1235423514185996,0.06531417369842529,-0.1390572190284729,-0.06480996101485204,0.0825345516204834,-0.2365802526473999,-0.09177046805010747,0.08211874961853027,-0.2999153137207031,-0.11200921773301076,0.08122467994689941,-0.35901886224746704,-0.12990105687962483,0.06063508987426758,-0.10257858037948608,-0.06792341708527516,0.06517648696899414,-0.1726495623588562,-0.09574416070567082,0.064566969871521,-0.22225773334503174,-0.11440938501940678,0.06081932783126831,-0.26816582679748535,-0.12969103991375874,0.053971290588378906,-0.05676102638244629,-0.07269089459763478,0.07600170373916626,-0.05040907859802246,-0.09784126817570638,0.08475631475448608,-0.030870258808135986,-0.11000678479062032,0.08783811330795288,-0.018505454063415527,-0.12041251152144383
0.0,0.0,0.0,0.03786557912826538,-0.016362786293029785,-0.020420412324213544,0.07602012157440186,-0.025417804718017578,-0.04131982175245241,0.110465407371521,-0.0008346438407897949,-0.06065737155809359,0.12515944242477417,0.015047430992126465,-0.08164533672466234,0.07449042797088623,-0.14094597101211548,-0.06183666808142618,0.09661251306533813,-0.22338557243347168,-0.09017298070325808,0.10747420787811279,-0.2834702730178833,-0.1101025983466144,0.11062604188919067,-0.33957982063293457,-0.12634653297796206,0.06249874830245972,-0.1301172971725464,-0.07132016567125277,0.0866287350654602,-0.22618770599365234,-0.10189030019178347,0.09041279554367065,-0.29098063707351685,-0.12415777591600374,0.08992189168930054,-0.3506733775138855,-0.14330636409654574,0.04743117094039917,-0.09789896011352539,-0.07968096879854158,0.058376431465148926,-0.165593683719635,-0.10863659230604128,0.06162768602371216,-0.21778887510299683,-0.12771082369222597,0.059199392795562744,-0.2681095004081726,-0.14343041626348452,0.032578468322753906,-0.05458664894104004,-0.08902892170085863,0.05916565656661987,-0.0405842661857605,-0.11338337210550264,0.06933104991912842,-0.029115140438079834,-0.12510696498289064,0.07061564922332764,-0.031619131565093994,-0.13604902175798372
0.0,0.0,0.0,0.023048758506774902,-0.01954507827758789,-0.029267531877934516,0.05029386281967163,-0.03503429889678955,-0.04914679849761683,0.0849306583404541,-0.02308553457260132,-0.06564460048693377,0.10971099138259888,-0.013782143592834473,-0.08226451376694399,0.06330674886703491,-0.15971195697784424,-0.04979420552271563,0.08441156148910522,-0.24487388134002686,-0.07386776158827502,0.09610205888748169,-0.3065154552459717,-0.09097854146975237,0.09940028190612793,-0.36037230491638184,-0.10391337523478228,0.06577283143997192,-0.1460336446762085,-0.0497206422151919,0.08303886651992798,-0.2461155652999878,-0.07153011957424837,0.08618050813674927,-0.31214815378189087,-0.08736484596747118,0.08583277463912964,-0.37125325202941895,-0.1007939959527846,0.06430047750473022,-0.11163961887359619,-0.050708674884020866,0.07260096073150635,-0.18582403659820557,-0.07299724320191103,0.07639729976654053,-0.23881638050079346,-0.08567323634642321,0.07473385334014893,-0.28519195318222046,-0.09567000815886217,0.06165498495101929,-0.06743240356445312,-0.05393027613180834,0.08636230230331421,-0.07319998741149902,-0.07271985808628756,0.09528994560241699,-0.0656360387802124,-0.0791412899853583,0.09760195016860962,-0.062384068965911865,-0.08439046988505083
0.0,0.0,0.0,0.04077649116516113,-0.01706475019454956,-0.01971077108920838,0.07793992757797241,-0.02621394395828247,-0.03866799110711838,0.11045593023300171,0.000652611255645752,-0.05631688544691826,0.12609708309173584,0.019336402416229248,-0.07517886841834809,0.07613980770111084,-0.14371514320373535,-0.0560610287839296,0.10023421049118042,-0.22724300622940063,-0.08278703624547745,0.11077100038528442,-0.2847374677658081,-0.10220253402532364,0.11400651931762695,-0.33975905179977417,-0.11817730898202683,0.0637848973274231,-0.13397639989852905,-0.06520333821119095,0.08476108312606812,-0.2290210723876953,-0.09212817186654831,0.08964914083480835,-0.2915526032447815,-0.1132880293780687,0.09117341041564941,-0.35004889965057373,-0.13236981565297867,0.04946243762969971,-0.10195952653884888,-0.07385948235334183,0.058101117610931396,-0.1656619906425476,-0.1017480411583307,0.06130027770996094,-0.21062010526657104,-0.12169347638429429,0.05898642539978027,-0.253597617149353,-0.1381506615334871,0.035778164863586426,-0.05846405029296875,-0.08368369871915604,0.06229299306869507,-0.04101437330245972,-0.10970092499793793,0.07542061805725098,-0.017721593379974365,-0.12313499236644532,0.08032310009002686,-0.00456690788269043,-0.13497991794885422
0.0,0.0,0.0,0.042616963386535645,-0.01675426959991455,-0.016974543293741817,0.0804896354675293,-0.02288717031478882,-0.03625803913715231,0.11020714044570923,0.009198665618896484,-0.0549883479976927,0.12167352437973022,0.03362536430358887,-0.07536313410642492,0.07684481143951416,-0.13451272249221802,-0.05521884288432943,0.10087382793426514,-0.21359729766845703,-0.08215660329702246,0.11165380477905273,-0.2709389925003052,-0.10221036251428472,0.11498433351516724,-0.3251333236694336,-0.11870730396154272,0.06388163566589355,-0.12418174743652344,-0.0658286410177027,0.08502256870269775,-0.21425682306289673,-0.0933753522837435,0.09024238586425781,-0.27560633420944214,-0.11553463067653524,0.09254735708236694,-0.3326302766799927,-0.13523570176008093,0.049098312854766846,-0.09283465147018433,-0.07545714553239691,0.055664896965026855,-0.1556025743484497,-0.1025378676855837,0.05801379680633545,-0.20343053340911865,-0.12303511526229727,0.054617226123809814,-0.2472330927848816,-0.14012822981717932,0.03457438945770264,-0.051006436347961426,-0.08601944621446478,0.058668315410614014,-0.03153485059738159,-0.11094332959297049,0.07222068309783936,-0.008531928062438965,-0.12442780758979666,0.0782201886177063,0.005059003829956055,-0.1365649747455393
0.0,0.0,0.0,0.041342973709106445,-0.010113000869750977,-0.02057815259082929,0.07939863204956055,-0.01670074462890625,-0.04162201387568132,0.10944551229476929,0.011071562767028809,-0.06116120246930734,0.12062621116638184,0.029890477657318115,-0.08275534687324182,0.07316786050796509,-0.13340532779693604,-0.06321546910091058,0.09601348638534546,-0.2116350531578064,-0.0914936038641514,0.10721546411514282,-0.2701387405395508,-0.11244435338063852,0.11016827821731567,-0.3252202868461609,-0.1298590349940838,0.059008240699768066,-0.1222502589225769,-0.07310370085521356,0.08156371116638184,-0.21512705087661743,-0.10262107578797952,0.08585584163665771,-0.27920520305633545,-0.1258956241397442,0.08627086877822876,-0.3384931683540344,-0.1467989432601513,0.04360008239746094,-0.09106594324111938,-0.08190569011254922,0.05608034133911133,-0.15602898597717285,-0.11101150242372171,0.062432825565338135,-0.2058236002922058,-0.1325932788638653,0.06139087677001953,-0.25345486402511597,-0.15095551786704675,0.029527127742767334,-0.04877340793609619,-0.09164926139398233,0.05890524387359619,-0.031150758266448975,-0.1183716031698765,0.07264572381973267,-0.013926208019256592,-0.13231514869018213,0.07614171504974365,-0.009252429008483887,-0.1452648240117611
0.0,0.0,0.0,0.03799158334732056,-0.017922401428222656,-0.0203110535524047,0.0740971565246582,-0.02869439125061035,-0.03897420474208957,0.10805672407150269,-0.005975067615509033,-0.05610640876807338,0.12490701675415039,0.01411747932434082,-0.0739446074596799,0.07111203670501709,-0.14956361055374146,-0.04934966348923808,0.09207570552825928,-0.22834491729736328,-0.07416949578441745,0.10344278812408447,-0.2883089780807495,-0.09253145911611682,0.10686200857162476,-0.3448095917701721,-0.10746976145424014,0.06383854150772095,-0.14134740829467773,-0.05741444759883052,0.09042000770568848,-0.24093174934387207,-0.08176560857214099,0.09775125980377197,-0.30513250827789307,-0.10100646474279529,0.0992777943611145,-0.36322999000549316,-0.11781588354028827,0.05348062515258789,-0.10972195863723755,-0.0652693972817815,0.06664520502090454,-0.18364572525024414,-0.0896667332283414,0.0735694169998169,-0.2374667525291443,-0.10720505722679263,0.07452309131622314,-0.28741371631622314,-0.12196742900528079,0.04268747568130493,-0.06531548500061035,-0.07449334272064334,0.07164239883422852,-0.057298362255096436,-0.09517635562338,0.08374243974685669,-0.039666950702667236,-0.10457161226190692,0.08724784851074219,-0.031014740467071533,-0.11373946227945453
0.0,0.0,0.0,0.03361308574676514,-0.020785629749298096,-0.021132398719956313,0.06635916233062744,-0.03436344861984253,-0.0395764339222211,0.09927576780319214,-0.009697437286376953,-0.0566662776722211,0.11617732048034668,0.01119774580001831,-0.07504389467375461,0.06544554233551025,-0.15275275707244873,-0.050731584752966796,0.08695298433303833,-0.23598265647888184,-0.07517067375319186,0.10034728050231934,-0.29505038261413574,-0.09278301181929294,0.10473543405532837,-0.34877270460128784,-0.10701825502054874,0.058782994747161865,-0.14064306020736694,-0.05903131919639293,0.08052438497543335,-0.24251145124435425,-0.08231391790049258,0.08479994535446167,-0.30732303857803345,-0.1008038896574277,0.08456206321716309,-0.36428093910217285,-0.11713875862496081,0.049867451190948486,-0.10668671131134033,-0.06751541825668994,0.06413805484771729,-0.1781398057937622,-0.09422931852476779,0.07224702835083008,-0.23383229970932007,-0.11629232051508609,0.07352840900421143,-0.28401780128479004,-0.13405901970999423,0.04037827253341675,-0.0608331561088562,-0.07711826297180835,0.07081019878387451,-0.045902907848358154,-0.10328136416809741,0.08545023202896118,-0.020777404308319092,-0.1174756887807149,0.09000080823898315,-0.002926945686340332,-0.12942483308451358
0.0,0.0,0.0,0.025110721588134766,-0.03350377082824707,-0.021676819006870574,0.05727827548980713,-0.06262475252151489,-0.03944576827711899,0.09833937883377075,-0.047272682189941406,-0.05539705155320007,0.12348753213882446,-0.029519319534301758,-0.07256836367673714,0.06180226802825928,-0.1799560785293579,-0.0513747252327903,0.08453965187072754,-0.27242088317871094,-0.07644560856647331,0.0972701907157898,-0.33757174015045166,-0.09507659746236641,0.10111010074615479,-0.3963184356689453,-0.11037920338935692,0.05909442901611328,-0.1620781421661377,-0.06075080780215103,0.08196753263473511,-0.2754167914390564,-0.0858482114774688,0.08699601888656616,-0.3453172445297241,-0.10541657281942207,0.08640146255493164,-0.4053616523742676,-0.12245448602266151,0.052585721015930176,-0.12309342622756958,-0.07032839132375557,0.07038885354995728,-0.2049996256828308,-0.0997288666469558,0.07927829027175903,-0.26247239112854004,-0.12024283332652885,0.08057588338851929,-0.3157700300216675,-0.1366786129576667,0.044209182262420654,-0.07298052310943604,-0.08090511632985908,0.08024060726165771,-0.0681619644165039,-0.11043346596784431,0.09276717901229858,-0.04326909780502319,-0.12294769955701668,0.09406203031539917,-0.027306199073791504,-0.13311690760679085
0.0,0.0,0.0,0.022535383701324463,-0.023556828498840332,-0.026229375316347614,0.053594350814819336,-0.043970704078674316,-0.04417658159002258,0.0937923789024353,-0.027407348155975342,-0.058519027470197216,0.11749321222305298,-0.014965593814849854,-0.07364590400322868,0.05479085445404053,-0.16486644744873047,-0.054298087297524944,0.07085186243057251,-0.25154662132263184,-0.07790534877642585,0.08287394046783447,-0.3128097653388977,-0.09460070663556053,0.08629512786865234,-0.3693286180496216,-0.10825259172781898,0.055092453956604004,-0.15115004777908325,-0.05925907128914787,0.07516992092132568,-0.261602520942688,-0.08248110049828483,0.08066356182098389,-0.32788246870040894,-0.1006965481625457,0.08245640993118286,-0.38658326864242554,-0.11661682957276298,0.05224406719207764,-0.11493682861328125,-0.06451716953381492,0.06706869602203369,-0.18803852796554565,-0.09339094841345741,0.07766592502593994,-0.24204236268997192,-0.11541971498593284,0.08313912153244019,-0.2927370071411133,-0.1327339404211898,0.047191500663757324,-0.06613272428512573,-0.0709707283364196,0.07677000761032104,-0.05560094118118286,-0.10046189212664558,0.08860588073730469,-0.026206254959106445,-0.11438424819573356,0.09193915128707886,-0.005096137523651123,-0.12534607881173088
0.0,0.0,0.0,0.01277846097946167,-0.0220644474029541,-0.0340179057491099,0.03751099109649658,-0.039791762828826904,-0.056048944748667395,0.07309615612030029,-0.024746060371398926,-0.07342055455568186,0.10043996572494507,-0.0130842924118042,-0.09075423345687739,0.05500936508178711,-0.15768474340438843,-0.05831723675849787,0.07589906454086304,-0.24101346731185913,-0.0834416003597056,0.08868187665939331,-0.30335891246795654,-0.10117871329906336,0.09321171045303345,-0.35774117708206177,-0.1151660682332789,0.06383389234542847,-0.13917887210845947,-0.05659708396318308,0.08141857385635376,-0.23967456817626953,-0.08113756791475168,0.08459240198135376,-0.3051483631134033,-0.09961078331592432,0.08520776033401489,-0.36525487899780273,-0.1156095565927302,0.06739956140518188,-0.10003197193145752,-0.055730905540016806,0.07604944705963135,-0.17396330833435059,-0.08127040431621424,0.07670646905899048,-0.22816890478134155,-0.09717883185270182,0.07278424501419067,-0.27752023935317993,-0.10985570416572443,0.06799668073654175,-0.05249619483947754,-0.05715830267193667,0.09488523006439209,-0.05172526836395264,-0.07923364654901377,0.10178452730178833,-0.03901326656341553,-0.08876872078302256,0.10217416286468506,-0.03236067295074463,-0.09682144240262858
0.0,0.0,0.0,0.03358566761016846,-0.022430241107940674,-0.020310812277188006,0.06661772727966309,-0.036892831325531006,-0.03884102089463681,0.09897547960281372,-0.013909757137298584,-0.05591011477767438,0.11509764194488525,0.0024712085723876953,-0.07466710416733235,0.06372636556625366,-0.15878689289093018,-0.0517756609445712,0.07911670207977295,-0.23762404918670654,-0.07686069665609807,0.08989733457565308,-0.2958124876022339,-0.09524133114277333,0.09209370613098145,-0.3514007329940796,-0.10996075777470082,0.05516129732131958,-0.14630210399627686,-0.062053315920223895,0.0737910270690918,-0.24525153636932373,-0.08586519269405812,0.0773763656616211,-0.31166452169418335,-0.10499890206514806,0.07588016986846924,-0.3708164095878601,-0.12208024470268697,0.04425114393234253,-0.1131429672241211,-0.07250280736147374,0.06575095653533936,-0.18141359090805054,-0.10268155543266744,0.07713913917541504,-0.23423659801483154,-0.12739560810982198,0.08011221885681152,-0.2850777506828308,-0.1467342307990691,0.03199970722198486,-0.06809741258621216,-0.08346270082651586,0.0698157548904419,-0.04903852939605713,-0.11361597536264867,0.08550423383712769,-0.017636597156524658,-0.1288075825399062,0.08798420429229736,0.003175199031829834,-0.14122506288944692
0.0,0.0,0.0,0.02415752410888672,-0.028621315956115723,-0.02354734199109032,0.05823642015457153,-0.05235886573791504,-0.04205983312787964,0.1010395884513855,-0.03583341836929321,-0.05803070398035004,0.12520360946655273,-0.02229374647140503,-0.07512944744887307,0.059319376945495605,-0.17094022035598755,-0.054258720893287204,0.07921802997589111,-0.25777286291122437,-0.07843579905095055,0.09260576963424683,-0.3204629421234131,-0.09619878040614083,0.09646350145339966,-0.37849193811416626,-0.11113929556670143,0.05623829364776611,-0.15633440017700195,-0.06255890982212975,0.07583320140838623,-0.26715177297592163,-0.08783928113045647,0.08044928312301636,-0.33629727363586426,-0.10782417463126137,0.08010643720626831,-0.39686572551727295,-0.12540378229680016,0.049859702587127686,-0.12024414539337158,-0.07091605471434548,0.06551104784011841,-0.19760268926620483,-0.10001975851120903,0.07501095533370972,-0.25371670722961426,-0.12215269910159066,0.07740896940231323,-0.3057821989059448,-0.14025636570515587,0.04207497835159302,-0.07102179527282715,-0.08036124514403298,0.07420855760574341,-0.060680508613586426,-0.10882469819846108,0.08732950687408447,-0.034976840019226074,-0.12282407091917946,0.09024810791015625,-0.019389629364013672,-0.1347953732496734
0.0,0.0,0.0,0.04042518138885498,-0.019392073154449463,-0.023062601859138,0.07390069961547852,-0.03628271818161011,-0.04498412291185616,0.10492318868637085,-0.017965197563171387,-0.06502040679232834,0.12633055448532104,-0.010997891426086426,-0.08750870282428025,0.07229095697402954,-0.16490793228149414,-0.06470630521552323,0.09228259325027466,-0.250973641872406,-0.09380184317605256,0.10359728336334229,-0.31196337938308716,-0.11601864005105256,0.10665184259414673,-0.3702305555343628,-0.13442733342425583,0.05537134408950806,-0.14807730913162231,-0.07690818811433076,0.0687187910079956,-0.24938714504241943,-0.10752892697827576,0.06975626945495605,-0.3188755512237549,-0.1323132609822011,0.06824052333831787,-0.3799591064453125,-0.1544418578840947,0.03543746471405029,-0.11223447322845459,-0.08909874613063096,0.06121706962585449,-0.1733521819114685,-0.1249146556355214,0.08063459396362305,-0.21915817260742188,-0.15381849760787247,0.09163057804107666,-0.26309388875961304,-0.1771662926174855,0.01627635955810547,-0.06426882743835449,-0.10145008022563218,0.05892443656921387,-0.046706557273864746,-0.1372464245058751,0.08342093229293823,-0.01809793710708618,-0.15649036521689652,0.09600818157196045,-0.0009769201278686523,-0.17277676815764664
0.0,0.0,0.0,0.03630363941192627,-0.01634824275970459,-0.022560745270425286,0.07032591104507446,-0.02867913246154785,-0.043803915174180474,0.09933382272720337,-0.0024437904357910156,-0.06357741335170886,0.11013191938400269,0.01719498634338379,-0.085229530723268,0.06557446718215942,-0.14666748046875,-0.06200865262883326,0.09335434436798096,-0.229455828666687,-0.0907372085167708,0.10708969831466675,-0.28853631019592285,-0.11318083831804415,0.11121821403503418,-0.34300100803375244,-0.131436988504106,0.04914182424545288,-0.1326168179512024,-0.07262660542266985,0.05902731418609619,-0.22622990608215332,-0.10196360179918429,0.05798143148422241,-0.28967446088790894,-0.12699776867168566,0.056421518325805664,-0.34596240520477295,-0.14925086477535388,0.0318416953086853,-0.09979277849197388,-0.08278270045059344,0.05087763071060181,-0.15948617458343506,-0.11611595729129931,0.06126374006271362,-0.21123701333999634,-0.14299090185897967,0.062462568283081055,-0.26145243644714355,-0.16452079990642687,0.016948401927947998,-0.05404174327850342,-0.09350736418502947,0.06173819303512573,-0.034408628940582275,-0.1266014424874129,0.08236187696456909,-0.004266977310180664,-0.14298707226055285,0.08809041976928711,0.015808582305908203,-0.15653368809955737
0.0,0.0,0.0,0.04380136728286743,-0.008445262908935547,-0.01760668522388187,0.07965677976608276,-0.010161817073822021,-0.04138240060478893,0.10538232326507568,0.020241379737854004,-0.06524760863453594,0.11282181739807129,0.04536253213882446,-0.09186318359047618,0.07474541664123535,-0.12431013584136963,-0.06113835639030185,0.09568393230438232,-0.20502054691314697,-0.09252399048477855,0.10580193996429443,-0.2657007575035095,-0.11632679990202632,0.10831552743911743,-0.32219499349594116,-0.13529560557276454,0.05692797899246216,-0.1197311282157898,-0.07425317010552135,0.07695990800857544,-0.21465814113616943,-0.10975099197298732,0.08223181962966919,-0.28033530712127686,-0.13818343571097103,0.0851508378982544,-0.34032195806503296,-0.1615790932503387,0.037785887718200684,-0.09410613775253296,-0.0854440315690681,0.045326292514801025,-0.16541725397109985,-0.11647724947602,0.04777419567108154,-0.21839123964309692,-0.1365362464514419,0.04661095142364502,-0.2673875093460083,-0.1526832490292236,0.02029240131378174,-0.05853015184402466,-0.09744766941935268,0.04422354698181152,-0.062204599380493164,-0.12222833773762432,0.05704373121261597,-0.05976802110671997,-0.13216649583250728,0.062176525592803955,-0.06860297918319702,-0.1417174845066711
0.0,0.0,0.0,0.04344362020492554,-0.014289319515228271,-0.017957621234131693,0.07912707328796387,-0.022435665130615234,-0.03879636058456981,0.1041671633720398,0.007939517498016357,-0.06005808243401134,0.10997706651687622,0.032983243465423584,-0.0837468420887717,0.07236462831497192,-0.14170128107070923,-0.05337686741597736,0.09334886074066162,-0.22038453817367554,-0.08275563919789874,0.1064448356628418,-0.27823299169540405,-0.10549045259006107,0.11071687936782837,-0.3327816128730774,-0.12325797879941547,0.05392158031463623,-0.13275951147079468,-0.06572568321473682,0.06596869230270386,-0.22638428211212158,-0.09543984288222873,0.0679808259010315,-0.29163283109664917,-0.11807177865750873,0.06783401966094971,-0.35052913427352905,-0.13698146397121036,0.03441166877746582,-0.1047782301902771,-0.07790605628736103,0.047055065631866455,-0.17433905601501465,-0.10749670022971713,0.05797159671783447,-0.2302107810974121,-0.1291705881977805,0.06199544668197632,-0.28269660472869873,-0.14633590632922733,0.01898658275604248,-0.06351315975189209,-0.09096879416949832,0.04942524433135986,-0.05116814374923706,-0.1159414490485915,0.06634122133255005,-0.038860976696014404,-0.12752155119426334,0.07196044921875,-0.03702825307846069,-0.137970066609455
0.0,0.0,0.0,0.04255831241607666,-0.00751882791519165,-0.0209008084456741,0.07720190286636353,-0.008472740650177002,-0.04459713416503064,0.09977847337722778,0.019076883792877197,-0.06824129464433781,0.1086006760597229,0.04165893793106079,-0.09419930370853535,0.07798272371292114,-0.13090205192565918,-0.053941864691239516,0.0958399772644043,-0.21361559629440308,-0.08405019732521168,0.10633587837219238,-0.2742834687232971,-0.10737545432851903,0.11106348037719727,-0.3294222354888916,-0.12488638999269597,0.05957001447677612,-0.13106942176818848,-0.06358066590831868,0.0731736421585083,-0.22701436281204224,-0.09322452189729802,0.07684969902038574,-0.2952858805656433,-0.11615652980611912,0.07924842834472656,-0.355082631111145,-0.13485746475265614,0.03936767578125,-0.11180776357650757,-0.07305375131176106,0.04791557788848877,-0.19173461198806763,-0.09882974269197575,0.05728358030319214,-0.24983680248260498,-0.11626951041029088,0.06424528360366821,-0.2999759912490845,-0.13040820153759114,0.021870911121368408,-0.08126336336135864,-0.08401389809654347,0.045055925846099854,-0.10160684585571289,-0.102014120839101,0.05832570791244507,-0.11342090368270874,-0.10888937505291096,0.06541615724563599,-0.12886816263198853,-0.11630499752567403
0.0,0.0,0.0,0.04885798692703247,-0.024254143238067627,-0.018450260083000103,0.08877027034759521,-0.038118064403533936,-0.040054786870996395,0.11276626586914062,-0.007291674613952637,-0.060932882050792614,0.11189532279968262,0.014844894409179688,-0.08407147593311493,0.07210183143615723,-0.1574689745903015,-0.061825182209531704,0.09537714719772339,-0.24081391096115112,-0.09137966103367035,0.10934674739837646,-0.2982112765312195,-0.11444865531734649,0.11384809017181396,-0.3508602976799011,-0.13325513518861953,0.046589672565460205,-0.14380842447280884,-0.07631633795313064,0.06274408102035522,-0.2378750443458557,-0.10769711054376785,0.06812471151351929,-0.301275372505188,-0.13316140688471023,0.06958937644958496,-0.35861337184906006,-0.15493000663332168,0.021834135055541992,-0.1105109453201294,-0.0897860861521167,0.04263657331466675,-0.16426914930343628,-0.12254421032480423,0.055529654026031494,-0.21060770750045776,-0.1470355800490779,0.05947631597518921,-0.2571070194244385,-0.16643428422025863,0.001964271068572998,-0.06192123889923096,-0.10371577359251205,0.04512661695480347,-0.040017902851104736,-0.1335610858302516,0.0663110613822937,-0.016550719738006592,-0.14671213544420425,0.07342946529388428,-0.0051422119140625,-0.15825353182367508
0.0,0.0,0.0,0.049027860164642334,0.0014005303382873535,-0.02105746078873949,0.08731669187545776,0.003248870372772217,-0.045881392765892315,0.10682934522628784,0.03666532039642334,-0.06995686363066511,0.11059504747390747,0.06527996063232422,-0.0971768669375308,0.0752556324005127,-0.11077427864074707,-0.062486803490770626,0.09061074256896973,-0.1900496482849121,-0.09347548555220442,0.0997236967086792,-0.25042724609375,-0.11816276829327421,0.10318392515182495,-0.3056142330169678,-0.13751974176253157,0.05282706022262573,-0.10793113708496094,-0.07234248738373594,0.06735467910766602,-0.2012019157409668,-0.10490305941189604,0.07156264781951904,-0.2702174186706543,-0.13131433199728804,0.07276540994644165,-0.3314248323440552,-0.15365057658041792,0.03131932020187378,-0.08884596824645996,-0.08085078220452147,0.03915858268737793,-0.16696161031723022,-0.10849869470681028,0.04614228010177612,-0.22677397727966309,-0.1262218452581294,0.04906594753265381,-0.2765979766845703,-0.14097280274714308,0.01405787467956543,-0.06107455492019653,-0.09058492850149946,0.0368083119392395,-0.0883185863494873,-0.11079555969322996,0.04887431859970093,-0.10616546869277954,-0.11790253441418486,0.054602205753326416,-0.12584400177001953,-0.1259355790504344
0.0,0.0,0.0,0.04338306188583374,-0.01577991247177124,-0.020333579848738736,0.07935148477554321,-0.028934597969055176,-0.041275373767348356,0.10547143220901489,-0.004602193832397461,-0.06172981030795199,0.11486077308654785,0.016096889972686768,-0.08396192930194957,0.0736083984375,-0.15428346395492554,-0.055482472400399274,0.09691917896270752,-0.2386062741279602,-0.08275407842847926,0.11085855960845947,-0.2962561249732971,-0.10406212053749186,0.11636710166931152,-0.3497087359428406,-0.1215151800915919,0.054417431354522705,-0.14081335067749023,-0.06667468241903407,0.06816107034683228,-0.23730617761611938,-0.09360838971588237,0.07145702838897705,-0.30215752124786377,-0.1153942450091563,0.072074294090271,-0.35976022481918335,-0.1345522358224116,0.03472471237182617,-0.1076166033744812,-0.0777786477610789,0.047670185565948486,-0.1754150390625,-0.10520751319381816,0.057716190814971924,-0.230205237865448,-0.12676098487827403,0.059234678745269775,-0.28088080883026123,-0.14473451219055278,0.018854618072509766,-0.06109672784805298,-0.0901063113615237,0.0508800745010376,-0.04347217082977295,-0.11577394894811732,0.06910842657089233,-0.029635965824127197,-0.12879567883464915,0.07513457536697388,-0.026308953762054443,-0.14041409931633098
0.0,0.0,0.0,0.04426032304763794,-0.01911187171936035,-0.01633065809943446,0.08074027299880981,-0.03353649377822876,-0.035233203894279086,0.10855889320373535,-0.005935490131378174,-0.054076627469441974,0.11553829908370972,0.013410031795501709,-0.07509997544326552,0.07075881958007812,-0.15602707862854004,-0.055280566788098895,0.09697383642196655,-0.2400963306427002,-0.08227539119758376,0.11094647645950317,-0.29788124561309814,-0.10387555567064055,0.11555039882659912,-0.35241425037384033,-0.12204542068280944,0.05293929576873779,-0.1410008668899536,-0.06876489577331313,0.06674337387084961,-0.23775702714920044,-0.09566710946597823,0.07044863700866699,-0.30268269777297974,-0.11910592076816329,0.07162868976593018,-0.36123961210250854,-0.14058920053281554,0.03462183475494385,-0.10619163513183594,-0.0816128483180023,0.04856687784194946,-0.16858196258544922,-0.11173072514571913,0.05949193239212036,-0.21891576051712036,-0.1367845466498352,0.06117480993270874,-0.2667272090911865,-0.1577290078762985,0.018870770931243896,-0.057663559913635254,-0.09500419405736693,0.05644583702087402,-0.036691129207611084,-0.1265977403286911,0.07613462209701538,-0.008152961730957031,-0.14333266822137603,0.08295726776123047,0.010610580444335938,-0.15762715843953856
0.0,0.0,0.0,0.042122066020965576,-0.020151078701019287,-0.020331823226769075,0.07932275533676147,-0.03686058521270752,-0.0411844783991171,0.10828673839569092,-0.011970818042755127,-0.06124003693159352,0.11658787727355957,0.002642333507537842,-0.08359802975948583,0.06903457641601562,-0.1601153016090393,-0.06039556950028668,0.09430807828903198,-0.24393731355667114,-0.0896095605164362,0.10924822092056274,-0.30259424448013306,-0.11270644977386723,0.11386191844940186,-0.35724014043807983,-0.13183238818939458,0.04976212978363037,-0.1447066068649292,-0.07341455384786855,0.061472296714782715,-0.24169766902923584,-0.10441950425203572,0.06530177593231201,-0.3077947497367859,-0.1301972390681101,0.06621432304382324,-0.36740177869796753,-0.15275494470890294,0.02974921464920044,-0.11009997129440308,-0.08611147567327748,0.048310279846191406,-0.17252850532531738,-0.12060910179909001,0.06250041723251343,-0.22198325395584106,-0.1481493385105921,0.06730729341506958,-0.2698274254798889,-0.17011719658668767,0.012281417846679688,-0.061811983585357666,-0.09923071130808125,0.05313152074813843,-0.0415186882019043,-0.1338019044667078,0.0731622576713562,-0.014592349529266357,-0.15163328960235845,0.079501211643219,0.0009785294532775879,-0.16635796144302617
0.0,0.0,0.0,0.04394793510437012,-0.013714313507080078,-0.01733691261108561,0.0802871584892273,-0.022069215774536133,-0.0371628312110488,0.10439258813858032,0.0029172301292419434,-0.05758849733467741,0.11014187335968018,0.02685368061065674,-0.0802286995291297,0.07535535097122192,-0.1409958004951477,-0.04238994621630354,0.09057062864303589,-0.2248218059539795,-0.06813030519481345,0.10092514753341675,-0.2842901945114136,-0.08859371968503638,0.10546785593032837,-0.3382578492164612,-0.10424429007764502,0.05680876970291138,-0.14414894580841064,-0.052708977991301253,0.06622427701950073,-0.24364310503005981,-0.07811932840343161,0.06929117441177368,-0.3096907138824463,-0.09790737756486578,0.07146614789962769,-0.36695152521133423,-0.11389035561080618,0.037326812744140625,-0.12883567810058594,-0.06322374769445105,0.046001970767974854,-0.21142280101776123,-0.08610198476310416,0.05633753538131714,-0.2692546248435974,-0.1010254678964202,0.06437170505523682,-0.32009631395339966,-0.11273940482135458,0.021167397499084473,-0.10067719221115112,-0.07504062184091254,0.04340934753417969,-0.13140100240707397,-0.09021679886575384,0.055026471614837646,-0.1475561261177063,-0.09433123298879309,0.06043410301208496,-0.16611462831497192,-0.09921825506683035
0.0,0.0,0.0,0.02811521291732788,-0.01162344217300415,-0.007576051650517002,0.04220771789550781,-0.026637375354766846,-0.012819008452765956,0.047655344009399414,-0.03609579801559448,-0.018469295946829334,0.03901541233062744,-0.041844069957733154,-0.024857300816051975,0.03354066610336304,-0.08785659074783325,-0.009893041586451545,0.04323601722717285,-0.12680888175964355,-0.015333616657130733,0.047693073749542236,-0.1487787365913391,-0.020136480702035442,0.04846841096878052,-0.1696765422821045,-0.024249871743791118,0.019768476486206055,-0.08513385057449341,-0.012786746507458702,0.014291584491729736,-0.12907469272613525,-0.01904354385840179,0.008593201637268066,-0.15780019760131836,-0.025861432326905742,0.0033802390098571777,-0.1827259063720703,-0.03166648514377357,0.006860852241516113,-0.07473045587539673,-0.016267129702441707,0.004693090915679932,-0.10352754592895508,-0.026191642058961406,0.0038449764251708984,-0.12577730417251587,-0.034147722197644725,0.002322375774383545,-0.14417797327041626,-0.03945616401540519,-0.003278017044067383,-0.05835616588592529,-0.02022627323674442,0.008417189121246338,-0.06480997800827026,-0.030129184497468486,0.021021902561187744,-0.05463564395904541,-0.034096689445846096,0.029825031757354736,-0.04117804765701294,-0.036457610798947826
0.0,0.0,0.0,0.022871315479278564,-0.00537419319152832,-0.014138132887342891,0.037291884422302246,-0.01644343137741089,-0.019645343156913242,0.04452472925186157,-0.02532404661178589,-0.024004581006625614,0.04401707649230957,-0.03300917148590088,-0.028142689349511585,0.037033259868621826,-0.07880508899688721,-0.01253777984009119,0.04657411575317383,-0.12149560451507568,-0.018005718099335155,0.04868018627166748,-0.14173519611358643,-0.022583500104406795,0.04865705966949463,-0.1608966588973999,-0.026040295692542514,0.02205049991607666,-0.08140814304351807,-0.010755302006760559,0.018717825412750244,-0.12338489294052124,-0.01740460898206564,0.014339923858642578,-0.14844080805778503,-0.02503780703471037,0.008468568325042725,-0.1698334813117981,-0.03091810140238138,0.007641494274139404,-0.07414227724075317,-0.010309540288904628,0.0013737082481384277,-0.09575682878494263,-0.021447569685438594,-2.5510787963867188e-05,-0.10597676038742065,-0.03172808382139536,-0.0026990771293640137,-0.1153760552406311,-0.037553122820714435,-0.0033494234085083008,-0.06123805046081543,-0.010639230342963657,-0.0013537406921386719,-0.06789344549179077,-0.02039334605858656,-0.00014448165893554688,-0.06541252136230469,-0.026148092555263958,-0.0013977289199829102,-0.0625578761100769,-0.029452819930771312
0.0,0.0,0.0,0.025698363780975342,-0.011197924613952637,-0.009089105527102959,0.039081871509552,-0.025813817977905273,-0.015599649164080631,0.046477675437927246,-0.03548741340637207,-0.022344404596090328,0.04324597120285034,-0.04082942008972168,-0.029403397578001034,0.03453165292739868,-0.08824276924133301,-0.010283334876596939,0.04222846031188965,-0.12663888931274414,-0.01688805385231973,0.04624378681182861,-0.1486450433731079,-0.0226747130483389,0.046391069889068604,-0.16864198446273804,-0.027342980492115032,0.02115386724472046,-0.08627110719680786,-0.01312716002315284,0.018592774868011475,-0.1285495162010193,-0.019605248931050312,0.014930486679077148,-0.156794935464859,-0.026482037964463245,0.01110011339187622,-0.1811942756175995,-0.03259116760194303,0.008372187614440918,-0.0754510760307312,-0.016982031750679027,0.009733200073242188,-0.10626041889190674,-0.026863477888703358,0.009831488132476807,-0.13268399238586426,-0.035257752749323856,0.0077623724937438965,-0.1538761854171753,-0.04157688445150853,-0.002474188804626465,-0.059263765811920166,-0.02152650593519212,0.009858489036560059,-0.061697304248809814,-0.03179291612207891,0.022804617881774902,-0.052815794944763184,-0.03689862391650678,0.0313258171081543,-0.04154038429260254,-0.040611777219176304
0.0,0.0,0.0,0.024515092372894287,-0.011518478393554688,-0.008671168805769014,0.037474989891052246,-0.025511562824249268,-0.015603352905920076,0.04242295026779175,-0.03498268127441406,-0.022862619356921243,0.034900128841400146,-0.04164683818817139,-0.030677119837811517,0.03056323528289795,-0.08521318435668945,-0.01347718817155652,0.037689387798309326,-0.1259060502052307,-0.02186150346856408,0.04152405261993408,-0.14850658178329468,-0.028319612713268327,0.04231077432632446,-0.16823023557662964,-0.033177001969626474,0.01740795373916626,-0.08290010690689087,-0.01725404952626519,0.01575171947479248,-0.1257798671722412,-0.025987318353465128,0.013064801692962646,-0.1556442677974701,-0.033412593053391504,0.008606791496276855,-0.18026584386825562,-0.039505569832137155,0.004650771617889404,-0.07188570499420166,-0.021926494883111047,0.007270991802215576,-0.1048317551612854,-0.03383843843798928,0.007667422294616699,-0.13111770153045654,-0.04286370296936326,0.005003929138183594,-0.15179088711738586,-0.04907432441573434,-0.006210625171661377,-0.055534422397613525,-0.027099351035168695,0.007149457931518555,-0.05939298868179321,-0.03851501514177613,0.021301984786987305,-0.05447965860366821,-0.04439825435142808,0.0308607816696167,-0.04714405536651611,-0.04861271251898103
0.0,0.0,0.0,0.026235759258270264,-0.009706676006317139,-0.00826227718837913,0.040763139724731445,-0.024151206016540527,-0.013831317032355628,0.04787379503250122,-0.033546268939971924,-0.019569373297173343,0.04498422145843506,-0.03987222909927368,-0.025779840143997035,0.036613404750823975,-0.08416563272476196,-0.010366425457078776,0.04267460107803345,-0.1274610161781311,-0.016866609993059,0.04594123363494873,-0.149908185005188,-0.022142552378255687,0.046067774295806885,-0.16895121335983276,-0.026225660535175166,0.022841155529022217,-0.08253085613250732,-0.012940800356346926,0.02038252353668213,-0.1272447109222412,-0.019266831296164355,0.016975343227386475,-0.15462055802345276,-0.025466746258217654,0.012972533702850342,-0.17752519249916077,-0.030781338530260882,0.009380161762237549,-0.07261669635772705,-0.016477041485387645,0.009945213794708252,-0.10471957921981812,-0.026408259364444575,0.010999500751495361,-0.12852412462234497,-0.035355963351804576,0.009006977081298828,-0.14767217636108398,-0.04187950545795616,-0.002000868320465088,-0.058019399642944336,-0.020497806909162364,0.0028763413429260254,-0.05904674530029297,-0.030658240037638507,0.009364485740661621,-0.05165928602218628,-0.03636460060127433,0.012026488780975342,-0.04414862394332886,-0.04044924730308708
0.0,0.0,0.0,0.02601027488708496,-0.011361777782440186,-0.006644704684131142,0.04095250368118286,-0.024776935577392578,-0.012236058551334139,0.04777038097381592,-0.03561753034591675,-0.018347190532349344,0.04026240110397339,-0.04379040002822876,-0.025061011153720614,0.03389453887939453,-0.08340150117874146,-0.011086886588000056,0.04028135538101196,-0.12644964456558228,-0.018726888883374926,0.04341500997543335,-0.14914971590042114,-0.025079736325405833,0.04368698596954346,-0.16870784759521484,-0.029958139944337603,0.02014303207397461,-0.08132714033126831,-0.015198727908991572,0.017695605754852295,-0.1233515739440918,-0.0228406505915153,0.013923704624176025,-0.14863502979278564,-0.029257466855906245,0.00947946310043335,-0.1697792410850525,-0.03477624601449847,0.007028937339782715,-0.07078742980957031,-0.02006783879127383,0.00824892520904541,-0.09992092847824097,-0.029389895338081118,0.009538531303405762,-0.12222415208816528,-0.035946050498150584,0.00867551565170288,-0.13999426364898682,-0.04105543142881274,-0.003992140293121338,-0.05545520782470703,-0.02552784218218207,0.004827916622161865,-0.06088566780090332,-0.033784696671627756,0.015463173389434814,-0.05703634023666382,-0.037288484934233423,0.022860050201416016,-0.05170118808746338,-0.04018103128995776
0.0,0.0,0.0,0.021722853183746338,-0.012215137481689453,-0.009587537847863814,0.03189307451248169,-0.026937007904052734,-0.01656574511568465,0.035733044147491455,-0.03581172227859497,-0.023628927186535975,0.03237277269363403,-0.0399012565612793,-0.031044043019818446,0.02889847755432129,-0.08497804403305054,-0.01345672959129729,0.034222424030303955,-0.1266224980354309,-0.020064737067031047,0.037505507469177246,-0.1483640968799591,-0.025174211129950663,0.03843599557876587,-0.1658528745174408,-0.02934284636418738,0.014685094356536865,-0.08335751295089722,-0.016233186588095805,0.011179089546203613,-0.1243252158164978,-0.022826505244182727,0.008010149002075195,-0.14967304468154907,-0.028990087449955126,0.0031040310859680176,-0.16900107264518738,-0.034344618559288165,0.0014521479606628418,-0.07180434465408325,-0.019974527299808642,0.0017164349555969238,-0.10017991065979004,-0.029778291821884295,0.004573523998260498,-0.12147647142410278,-0.03917700925509848,0.003733038902282715,-0.13697731494903564,-0.04634575673978247,-0.009059309959411621,-0.054773807525634766,-0.024321915001081607,-0.001984536647796631,-0.053244054317474365,-0.034600091517376086,0.007011353969573975,-0.045044124126434326,-0.04061984771530547,0.011999726295471191,-0.035413503646850586,-0.04512073227803626
0.0,0.0,0.0,0.025968194007873535,-0.010855495929718018,-0.007421144692759896,0.03926748037338257,-0.02573317289352417,-0.014071370417784834,0.045578718185424805,-0.03453636169433594,-0.021266757453393126,0.04481613636016846,-0.04149270057678223,-0.028949228058170462,0.03525400161743164,-0.08272939920425415,-0.011354035640668059,0.04129362106323242,-0.12532281875610352,-0.020166681090902472,0.044833362102508545,-0.14782267808914185,-0.02732598682732501,0.04520517587661743,-0.16739973425865173,-0.032640856633495474,0.022638559341430664,-0.08031421899795532,-0.015400408709954405,0.021497786045074463,-0.12204355001449585,-0.0242587578842155,0.01729673147201538,-0.1465219259262085,-0.031213826442670012,0.012930095195770264,-0.16726195812225342,-0.036829777936052466,0.00999385118484497,-0.0696144700050354,-0.020377370471667433,0.010983645915985107,-0.10296159982681274,-0.03083194693417468,0.011225879192352295,-0.12809830904006958,-0.03808771533758559,0.009690344333648682,-0.14864903688430786,-0.04361055506260314,-0.0014047622680664062,-0.054318785667419434,-0.025934203470658446,0.005753159523010254,-0.056674182415008545,-0.03522350353987136,0.015883445739746094,-0.053116679191589355,-0.039504160116027975,0.0233495831489563,-0.049366533756256104,-0.042975605408262396
0.0,0.0,0.0,0.024974048137664795,-0.013063907623291016,-0.007528572970699088,0.03852438926696777,-0.027949213981628418,-0.013557775573502795,0.04495185613632202,-0.037899017333984375,-0.02009581650949599,0.03811347484588623,-0.04313713312149048,-0.027226484076749102,0.03132963180541992,-0.08826690912246704,-0.011056772129308001,0.037693917751312256,-0.12821030616760254,-0.018587297456036822,0.04110896587371826,-0.1502293348312378,-0.024910072492133395,0.04100877046585083,-0.16996008157730103,-0.029807394997845904,0.018089592456817627,-0.0860985517501831,-0.015150694803963916,0.017079412937164307,-0.1302923560142517,-0.02213029998696925,0.013967633247375488,-0.15969854593276978,-0.028884012879501597,0.009718358516693115,-0.1850740909576416,-0.03476956363178374,0.005609333515167236,-0.07476955652236938,-0.020143936084281222,0.007806181907653809,-0.10684305429458618,-0.030150989697943942,0.009513020515441895,-0.13319116830825806,-0.039017061398993746,0.008738934993743896,-0.154302716255188,-0.045683874444733874,-0.004813492298126221,-0.05790984630584717,-0.02566375087357642,0.005541026592254639,-0.06053924560546875,-0.03552899386144759,0.017803728580474854,-0.054422616958618164,-0.0408651779160607,0.02621448040008545,-0.046051084995269775,-0.0449768255219567
0.0,0.0,0.0,0.026403069496154785,-0.009385287761688232,-0.009209209994736511,0.03975647687911987,-0.025049209594726562,-0.015967068204048473,0.04657423496246338,-0.035375893115997314,-0.022814794385197956,0.045330703258514404,-0.03920769691467285,-0.03002742206430753,0.036171019077301025,-0.08435285091400146,-0.012001832888785202,0.04228740930557251,-0.12546157836914062,-0.019354655349019367,0.045123279094696045,-0.1466076374053955,-0.02553138596690019,0.04579871892929077,-0.16645538806915283,-0.030542333552006085,0.02281278371810913,-0.08275270462036133,-0.014587260724368889,0.02095818519592285,-0.12704706192016602,-0.021857679763201077,0.016758322715759277,-0.153947651386261,-0.0283562940893205,0.012628793716430664,-0.1779528260231018,-0.0341747281489404,0.00971919298171997,-0.07261103391647339,-0.018094995000723202,0.010688722133636475,-0.10473096370697021,-0.0279935979632171,0.010824739933013916,-0.12808960676193237,-0.03502799099064191,0.009076237678527832,-0.14783132076263428,-0.04033704003072103,-0.0018118023872375488,-0.05732285976409912,-0.022320031130078632,0.00806427001953125,-0.059586942195892334,-0.031791808956626255,0.020037710666656494,-0.05453383922576904,-0.036211988830331165,0.02867269515991211,-0.04926300048828125,-0.03965895896530469
0.0,0.0,0.0,0.023431003093719482,-0.012796938419342041,-0.009770669574656665,0.036016881465911865,-0.0269320011138916,-0.01716617082319516,0.04259437322616577,-0.035626232624053955,-0.02470262681207913,0.039800405502319336,-0.04044443368911743,-0.032606910514452636,0.03111410140991211,-0.08797132968902588,-0.013566397662081897,0.03762257099151611,-0.12826216220855713,-0.021754674213745773,0.04102069139480591,-0.15045112371444702,-0.028424283089854896,0.0412214994430542,-0.1702331006526947,-0.033590040701248824,0.01754528284072876,-0.0855451226234436,-0.01697841060421723,0.015987634658813477,-0.12855160236358643,-0.024840389909961402,0.012740671634674072,-0.1565769910812378,-0.03185678233466405,0.008479893207550049,-0.18051797151565552,-0.03792533983550328,0.0046166181564331055,-0.07379823923110962,-0.02147190605364102,0.00751882791519165,-0.10338461399078369,-0.03260769655070561,0.00975334644317627,-0.12503701448440552,-0.04121515487394589,0.009099602699279785,-0.14223361015319824,-0.04755000730119008,-0.005926847457885742,-0.05682873725891113,-0.02667772543690461,0.005127847194671631,-0.05963480472564697,-0.03749935661516446,0.016646742820739746,-0.0513572096824646,-0.04258011241517323,0.023647546768188477,-0.041102468967437744,-0.046356267827370345
0.0,0.0,0.0,0.024692773818969727,-0.013544023036956787,-0.0065187373538933,0.03848689794540405,-0.028380393981933594,-0.012410210386427423,0.04389750957489014,-0.03900796175003052,-0.019008355156096002,0.03567910194396973,-0.04630148410797119,-0.02641524368575432,0.030554354190826416,-0.08716130256652832,-0.011616130300375005,0.03651607036590576,-0.12864845991134644,-0.019595831573518296,0.0399700403213501,-0.15105003118515015,-0.0262389703994117,0.040513038635253906,-0.1714455485343933,-0.03142651537111618,0.01701575517654419,-0.08455729484558105,-0.01694946171394207,0.015595853328704834,-0.1288575530052185,-0.024846531391652604,0.01210862398147583,-0.15862861275672913,-0.03220355504802086,0.006656765937805176,-0.1838822364807129,-0.03849305579117157,0.0038294196128845215,-0.07332533597946167,-0.023064663574608346,0.007740914821624756,-0.10729473829269409,-0.03438017883947708,0.00868004560470581,-0.1341453194618225,-0.0433866902594886,0.0067411065101623535,-0.15627169609069824,-0.04998162382891991,-0.007149457931518555,-0.056289613246917725,-0.029543040261181375,0.006649672985076904,-0.0629645586013794,-0.04055003815940239,0.020120680332183838,-0.05613696575164795,-0.045736588478597184,0.028625130653381348,-0.04614382982254028,-0.04969910898855545
0.0,0.0,0.0,0.022221148014068604,-0.008572876453399658,-0.010541129345121192,0.033983051776885986,-0.022282719612121582,-0.017020023847045707,0.04317831993103027,-0.03066253662109375,-0.02308211051863651,0.04811549186706543,-0.03469288349151611,-0.029706142330589103,0.03522658348083496,-0.0819084644317627,-0.013887257734360503,0.043465495109558105,-0.12510085105895996,-0.020860127592506217,0.04676932096481323,-0.14679723978042603,-0.02631196328443508,0.0475427508354187,-0.16553756594657898,-0.03049716302198391,0.022626101970672607,-0.08088421821594238,-0.015149685973348426,0.02227693796157837,-0.12607383728027344,-0.021387427533092307,0.01921743154525757,-0.15382739901542664,-0.027537697413983153,0.016577541828155518,-0.177803635597229,-0.03287089937371235,0.009511113166809082,-0.07104849815368652,-0.01732211881321888,0.008808255195617676,-0.10502368211746216,-0.026960880914749907,0.010080933570861816,-0.13054662942886353,-0.036510828370275306,0.009701967239379883,-0.15135458111763,-0.04387996667069416,-0.002262294292449951,-0.0562669038772583,-0.020095690572681235,-0.0034224987030029297,-0.05510258674621582,-0.03048757039946537,-0.00026357173919677734,-0.046405673027038574,-0.03651438229722004,0.001348257064819336,-0.03729081153869629,-0.040915343398275184
0.0,0.0,0.0,0.02372562885284424,-0.010696947574615479,-0.0107108519961443,0.03612947463989258,-0.02509152889251709,-0.018165207243463044,0.04210180044174194,-0.03327834606170654,-0.02550009149958754,0.04036897420883179,-0.03611260652542114,-0.033149552307030206,0.03174978494644165,-0.0840764045715332,-0.01483652252604628,0.037912607192993164,-0.1248328685760498,-0.022842238432666306,0.041306376457214355,-0.14675495028495789,-0.029310078135630135,0.041833460330963135,-0.16633018851280212,-0.03449177812685633,0.017911136150360107,-0.08220034837722778,-0.017586125767728333,0.01664268970489502,-0.12525111436843872,-0.02531231637944842,0.014401733875274658,-0.15289857983589172,-0.032353774419924264,0.010797739028930664,-0.17645812034606934,-0.03852576460590029,0.005044400691986084,-0.07055795192718506,-0.021402894294759278,0.00703960657119751,-0.10053128004074097,-0.03209729190816546,0.009462535381317139,-0.12347513437271118,-0.04078618135203982,0.009112656116485596,-0.14206498861312866,-0.047391940615078454,-0.005217254161834717,-0.05312889814376831,-0.026030166781445985,0.004844188690185547,-0.05372196435928345,-0.03685156326641703,0.014962553977966309,-0.046446382999420166,-0.04229050200333262,0.02094179391860962,-0.03828150033950806,-0.04641199927677775
0.0,0.0,0.0,0.02435934543609619,-0.012997627258300781,-0.009458765268107072,0.03738868236541748,-0.027798831462860107,-0.01723899959750952,0.04461711645126343,-0.03646504878997803,-0.025347257844885007,0.03955268859863281,-0.04308021068572998,-0.03399654186495127,0.032208144664764404,-0.08770084381103516,-0.012854738041539804,0.03745156526565552,-0.1280863881111145,-0.021180351145346776,0.04133838415145874,-0.15089255571365356,-0.02794092974789919,0.041916608810424805,-0.17012137174606323,-0.03311026922591509,0.019496500492095947,-0.0848078727722168,-0.016693816400845662,0.018914401531219482,-0.12734663486480713,-0.02464185922571005,0.01571553945541382,-0.15581682324409485,-0.03147424093612017,0.011859655380249023,-0.17975112795829773,-0.0372003213239509,0.007017612457275391,-0.07335507869720459,-0.021672583065708295,0.010139286518096924,-0.1065109372138977,-0.03212300769217791,0.011467576026916504,-0.1330277919769287,-0.04025370336302103,0.010098695755004883,-0.15361279249191284,-0.04641308344133677,-0.0038012266159057617,-0.056722939014434814,-0.027420404247720853,0.00711512565612793,-0.06065791845321655,-0.03743758133776964,0.018904566764831543,-0.05511295795440674,-0.042309515990098134,0.02668386697769165,-0.047055602073669434,-0.04610809019931139
0.0,0.0,0.0,0.024817228317260742,-0.012239336967468262,-0.009666923516967074,0.03803485631942749,-0.028134405612945557,-0.01767060168979384,0.04418677091598511,-0.03674358129501343,-0.025871809655406253,0.04125010967254639,-0.040450453758239746,-0.03462762952742793,0.033368051052093506,-0.0845719575881958,-0.015032369726874606,0.039275407791137695,-0.1269109845161438,-0.02401755758521773,0.0427701473236084,-0.1496943235397339,-0.030995484524943606,0.0433925986289978,-0.16975167393684387,-0.03641859636602618,0.019578218460083008,-0.08270263671875,-0.018599618309714572,0.019837796688079834,-0.12817174196243286,-0.027376534500696437,0.01773756742477417,-0.15770196914672852,-0.03458954960999705,0.014987051486968994,-0.18355998396873474,-0.040878625670053736,0.0065541863441467285,-0.07210338115692139,-0.02313676298556544,0.010992288589477539,-0.10419255495071411,-0.03481848732528903,0.012594401836395264,-0.1290261149406433,-0.04269892171917178,0.011986017227172852,-0.14959704875946045,-0.04853891403374888,-0.004248440265655518,-0.056315600872039795,-0.028366236099579112,0.009005308151245117,-0.05944114923477173,-0.039615856567003505,0.02121800184249878,-0.05236160755157471,-0.044577578166105525,0.02948051691055298,-0.04435032606124878,-0.0483843480139754
0.0,0.0,0.0,0.024039864540100098,-0.01409459114074707,-0.0115731159312773,0.035107553005218506,-0.03061509132385254,-0.02090726756436112,0.04208111763000488,-0.03946232795715332,-0.030340553828899886,0.04443180561065674,-0.04168295860290527,-0.040365915381734396,0.03490734100341797,-0.08626514673233032,-0.01578627304119351,0.03999149799346924,-0.1274317502975464,-0.026002959915821577,0.043585896492004395,-0.1504606008529663,-0.034738082074945,0.044302523136138916,-0.17082369327545166,-0.041435293489520575,0.02138841152191162,-0.08428466320037842,-0.01906674318892243,0.022249162197113037,-0.1277415156364441,-0.02856507302207234,0.020204901695251465,-0.15649688243865967,-0.037004503989045645,0.016770899295806885,-0.18171259760856628,-0.04407875948530915,0.008196473121643066,-0.07308363914489746,-0.02359921076280358,0.010351181030273438,-0.10591483116149902,-0.0348301228223491,0.012834012508392334,-0.13020408153533936,-0.04372366108876946,0.012471914291381836,-0.14984780550003052,-0.05062172525507691,-0.003234565258026123,-0.05656266212463379,-0.029093721517746474,0.004027903079986572,-0.05894041061401367,-0.03914345764500382,0.012779057025909424,-0.05386495590209961,-0.0442794222472358,0.0179787278175354,-0.04796338081359863,-0.048538673305337454
0.0,0.0,0.0,0.023781239986419678,-0.011715531349182129,-0.007534175586137337,0.036717116832733154,-0.027374863624572754,-0.012996045347485108,0.043646931648254395,-0.035209059715270996,-0.01893192663434462,0.04482066631317139,-0.040048182010650635,-0.025579176318082375,0.0339893102645874,-0.08230668306350708,-0.010849996876153511,0.03894543647766113,-0.12560635805130005,-0.018267956968578858,0.04208672046661377,-0.14904791116714478,-0.024340433474812073,0.04284125566482544,-0.16929498314857483,-0.029140384342703385,0.021212399005889893,-0.08149111270904541,-0.014804842356774373,0.020267963409423828,-0.12589800357818604,-0.021488850411209626,0.01699906587600708,-0.15493255853652954,-0.028036161732110543,0.012862205505371094,-0.17978498339653015,-0.033725119602117104,0.00815117359161377,-0.07200539112091064,-0.01967013388517813,0.010382771492004395,-0.10467040538787842,-0.029363009553584618,0.011894583702087402,-0.12859076261520386,-0.03795542887989001,0.010294735431671143,-0.14868450164794922,-0.044704853963288826,-0.0036926865577697754,-0.057109057903289795,-0.025102089565429253,-0.0007291436195373535,-0.056384146213531494,-0.0351129467004867,0.002604663372039795,-0.05002307891845703,-0.04025922663155512,0.0024328231811523438,-0.04403233528137207,-0.04421246371808962
0.0,0.0,0.0,0.02334052324295044,-0.014520764350891113,-0.010319382398542132,0.035090088844299316,-0.03055882453918457,-0.018676102607663836,0.03985327482223511,-0.03974437713623047,-0.027182823493298258,0.03564107418060303,-0.04387032985687256,-0.03606979779821273,0.031389594078063965,-0.08882057666778564,-0.013985332547839846,0.03555154800415039,-0.12822812795639038,-0.023027765079554285,0.03835183382034302,-0.15095043182373047,-0.030334959252890314,0.038757920265197754,-0.16958579421043396,-0.035710143371638026,0.01787799596786499,-0.08576595783233643,-0.017595945372399058,0.017572224140167236,-0.12785941362380981,-0.025473028867658343,0.01605933904647827,-0.15674012899398804,-0.032065770103749,0.012743771076202393,-0.1803252100944519,-0.037679160460051264,0.0046465396881103516,-0.07393169403076172,-0.022513246609982218,0.00743556022644043,-0.1074492335319519,-0.03296073757034179,0.010138332843780518,-0.13137727975845337,-0.04089444361549255,0.009439051151275635,-0.14967775344848633,-0.04677692659121391,-0.0068176984786987305,-0.05732995271682739,-0.028249487727102007,0.004972577095031738,-0.06141382455825806,-0.03779210753661033,0.015630722045898438,-0.05780839920043945,-0.04222167141657707,0.021726608276367188,-0.053196847438812256,-0.04575174160223838
0.0,0.0,0.0,0.01866447925567627,-0.010601639747619629,-0.012711531813152988,0.029579460620880127,-0.024667203426361084,-0.0216249389153802,0.03526318073272705,-0.029319167137145996,-0.03011506735802527,0.038133323192596436,-0.03151679039001465,-0.03864401332558032,0.028506815433502197,-0.08192390203475952,-0.017829875792273242,0.03546673059463501,-0.12101441621780396,-0.026725498358615596,0.03851824998855591,-0.14267700910568237,-0.033531164149650294,0.039279282093048096,-0.16147029399871826,-0.03875277317584391,0.015724003314971924,-0.07956844568252563,-0.01994135543228026,0.01584935188293457,-0.12039411067962646,-0.029092789958127696,0.01434701681137085,-0.14878058433532715,-0.0370128167373025,0.010889172554016113,-0.17150673270225525,-0.04368505380571719,0.00397944450378418,-0.06855285167694092,-0.023265478531726558,0.01006859540939331,-0.09489846229553223,-0.036243954072602946,0.012997269630432129,-0.116066575050354,-0.04670781023324366,0.012516915798187256,-0.13357454538345337,-0.05409764252127047,-0.005054771900177002,-0.052021682262420654,-0.027323135505326945,0.011074304580688477,-0.05099070072174072,-0.040362497190841395,0.02361142635345459,-0.04192352294921875,-0.04749268419564601,0.031041622161865234,-0.03205305337905884,-0.0526041587394559
0.0,0.0,0.0,0.023153364658355713,-0.01264411211013794,-0.011367858429657929,0.035683274269104004,-0.028090357780456543,-0.019831380848991387,0.04266071319580078,-0.033176302909851074,-0.028007640545475,0.045553386211395264,-0.03473013639450073,-0.03645511813949298,0.03383129835128784,-0.08266335725784302,-0.01637794174741458,0.039437055587768555,-0.12474101781845093,-0.02577639282237243,0.04215735197067261,-0.14742136001586914,-0.03312421687434863,0.04243284463882446,-0.16771474480628967,-0.0388192208905096,0.02109241485595703,-0.07975339889526367,-0.019103081007706635,0.021332502365112305,-0.12190073728561401,-0.02848058663796138,0.017522752285003662,-0.14922785758972168,-0.03590425946305942,0.012738466262817383,-0.17278584837913513,-0.042086810847031586,0.007922232151031494,-0.06869512796401978,-0.02301631592701625,0.012437164783477783,-0.09799325466156006,-0.035066415597903244,0.014213025569915771,-0.1181478500366211,-0.0436133901078577,0.013057410717010498,-0.13514620065689087,-0.04986908011625957,-0.003403007984161377,-0.05267888307571411,-0.027737912764060013,0.005650460720062256,-0.05291855335235596,-0.03938429527472209,0.013171136379241943,-0.045630037784576416,-0.045005966951357834,0.016707777976989746,-0.038643836975097656,-0.049191889395224564
0.0,0.0,0.0,0.0216180682182312,-0.010324835777282715,-0.013263993140981256,0.03190255165100098,-0.02517247200012207,-0.021777271468863546,0.03877890110015869,-0.031010746955871582,-0.029856483627781927,0.044603943824768066,-0.0349884033203125,-0.037964546297416746,0.03288155794143677,-0.08491218090057373,-0.014617688198313772,0.037946999073028564,-0.1247442364692688,-0.023317580287084638,0.041483283042907715,-0.14716601371765137,-0.03021193592689997,0.042333245277404785,-0.16642224788665771,-0.03546974546156889,0.021032989025115967,-0.08331817388534546,-0.016166663904414236,0.021927297115325928,-0.12458354234695435,-0.02470631821893221,0.021134376525878906,-0.1525595784187317,-0.032223222021684705,0.01860445737838745,-0.17604491114616394,-0.03818424156747824,0.008982419967651367,-0.07309865951538086,-0.01925132720612055,0.012026846408843994,-0.10387015342712402,-0.03144093713603979,0.01469486951828003,-0.127394437789917,-0.0415015455230332,0.014333069324493408,-0.14663952589035034,-0.048630342994556486,-0.00209653377532959,-0.057893574237823486,-0.023235948000774442,0.004673361778259277,-0.05521351099014282,-0.035690286372528135,0.010739624500274658,-0.04664844274520874,-0.0423068713291741,0.013390600681304932,-0.037814438343048096,-0.046880454932079374
0.0,0.0,0.0,0.020601868629455566,-0.01555091142654419,-0.009812987084416136,0.031438589096069336,-0.03128838539123535,-0.017876926484433397,0.038062989711761475,-0.03695499897003174,-0.025944012823430285,0.03921085596084595,-0.04161262512207031,-0.03448582221838592,0.030250072479248047,-0.08556234836578369,-0.015357280756262526,0.03382599353790283,-0.1268225908279419,-0.0246387418833649,0.03675210475921631,-0.1511242389678955,-0.031829980808225855,0.03710746765136719,-0.1705394685268402,-0.037118607806888804,0.01797330379486084,-0.08388006687164307,-0.01925728065046428,0.01993197202682495,-0.12953531742095947,-0.02717574839564918,0.018697619438171387,-0.1600102186203003,-0.03401532550427078,0.015220344066619873,-0.18433812260627747,-0.039812238561836466,0.005157053470611572,-0.07291567325592041,-0.024261695939031824,0.009927690029144287,-0.10273373126983643,-0.034946797090498194,0.014313876628875732,-0.12549036741256714,-0.044004993188110575,0.014944255352020264,-0.14269238710403442,-0.05096810464831947,-0.006834805011749268,-0.05646467208862305,-0.029963969859210238,0.0032126903533935547,-0.05484038591384888,-0.04091001455756782,0.01398766040802002,-0.04782748222351074,-0.04663387839767097,0.02049154043197632,-0.040345966815948486,-0.05104863797399162
0.0,0.0,0.0,0.023592650890350342,-0.013471484184265137,-0.00974168729069902,0.03602921962738037,-0.029159069061279297,-0.017360235639245047,0.043878376483917236,-0.03659409284591675,-0.025209718458683028,0.043487727642059326,-0.039665162563323975,-0.03338692065361215,0.03255587816238403,-0.08597773313522339,-0.012243032530278697,0.03743588924407959,-0.12474876642227173,-0.019886785261661544,0.04125666618347168,-0.14702457189559937,-0.026411634944707885,0.04250741004943848,-0.16606837511062622,-0.03163773667100145,0.02002197504043579,-0.08360737562179565,-0.015714642666608825,0.020222008228302002,-0.12373679876327515,-0.023450420312912,0.01925438642501831,-0.1511184275150299,-0.030682106577188506,0.016704976558685303,-0.1737968921661377,-0.036716428660184874,0.008266270160675049,-0.07266682386398315,-0.02033780057016088,0.012380361557006836,-0.10341864824295044,-0.031219600774676337,0.014891624450683594,-0.1277102828025818,-0.04080667074802591,0.013481616973876953,-0.1467592716217041,-0.04787699233773424,-0.0014530420303344727,-0.05629485845565796,-0.025642209761173262,0.010407626628875732,-0.054395973682403564,-0.036520850919515624,0.01978379487991333,-0.04577749967575073,-0.042470009140998854,0.024018466472625732,-0.03646278381347656,-0.04689819466355516
0.0,0.0,0.0,0.018984675407409668,-0.01264268159866333,-0.011437444190598,0.029630303382873535,-0.02635747194290161,-0.020813538867152204,0.035375773906707764,-0.03057187795639038,-0.030100035655415525,0.03703051805496216,-0.03233247995376587,-0.03967500216058539,0.02997124195098877,-0.08306586742401123,-0.01746155618420886,0.034556567668914795,-0.1240801215171814,-0.027230971667087545,0.03723090887069702,-0.14632710814476013,-0.03465224913052367,0.03749758005142212,-0.16459643840789795,-0.040300754073179235,0.0176505446434021,-0.08015483617782593,-0.02071627898803996,0.01708662509918213,-0.12213122844696045,-0.029967525216854085,0.01491701602935791,-0.1492999792098999,-0.03705420828155326,0.010358870029449463,-0.1708734929561615,-0.042913691314971913,0.004750311374664307,-0.06818211078643799,-0.025189978244817723,0.0080108642578125,-0.09900307655334473,-0.03650047368100928,0.010513782501220703,-0.12197226285934448,-0.04492486006311225,0.009425342082977295,-0.14112061262130737,-0.05129550507954406,-0.006050050258636475,-0.05019211769104004,-0.03045073448411273,0.00023621320724487305,-0.05277770757675171,-0.040805650117910375,0.004362821578979492,-0.05363905429840088,-0.04573616496018218,0.0044304728507995605,-0.05538254976272583,-0.04963626450589942
0.0,0.0,0.0,0.018803298473358154,-0.014996528625488281,-0.009198891282800048,0.029399752616882324,-0.029177725315093994,-0.016663288050118297,0.036576151847839355,-0.03401213884353638,-0.02430923777145466,0.04209214448928833,-0.03575444221496582,-0.03249381417852959,0.029395639896392822,-0.08359003067016602,-0.014264717050615161,0.033192455768585205,-0.12393701076507568,-0.023060872503343433,0.03574872016906738,-0.14632058143615723,-0.0302955576263102,0.03666365146636963,-0.16491836309432983,-0.03591919253093323,0.017319142818450928,-0.08172988891601562,-0.018176938690963595,0.01709967851638794,-0.12393075227737427,-0.026571193062487453,0.015022695064544678,-0.15279147028923035,-0.0342042216144236,0.011260569095611572,-0.1758057177066803,-0.04045892814618668,0.004875361919403076,-0.0705062747001648,-0.02306932891232094,0.006493508815765381,-0.10241132974624634,-0.033567245402160495,0.009201288223266602,-0.12562578916549683,-0.04304625774246773,0.009339392185211182,-0.14356398582458496,-0.05034048790556511,-0.0065572261810302734,-0.053973257541656494,-0.028572238334241717,-0.002496182918548584,-0.05564326047897339,-0.0391640619419249,0.00367659330368042,-0.05103820562362671,-0.04498260403496346,0.007055461406707764,-0.04586058855056763,-0.049383218684020846
0.0,0.0,0.0,0.0204012393951416,-0.009012341499328613,-0.00997788004869804,0.03135770559310913,-0.022903919219970703,-0.017364527213519665,0.03783702850341797,-0.028354644775390625,-0.024261356446093174,0.04123210906982422,-0.03175675868988037,-0.031320338252132984,0.034256160259246826,-0.07335633039474487,-0.017693505737131687,0.04152703285217285,-0.11679238080978394,-0.027233359518593403,0.044062674045562744,-0.13878780603408813,-0.033801150622910114,0.044151365756988525,-0.15757307410240173,-0.038390991392677876,0.02272874116897583,-0.07128381729125977,-0.019880143108910175,0.023883402347564697,-0.11547082662582397,-0.0291588801174818,0.0215873122215271,-0.14250308275222778,-0.035735664072579,0.017585813999176025,-0.1650894284248352,-0.040962507131641956,0.010650455951690674,-0.06156444549560547,-0.022804211008494946,0.012106359004974365,-0.09214836359024048,-0.033917964550798985,0.013238608837127686,-0.11565035581588745,-0.04187034175092563,0.011872291564941406,-0.13600832223892212,-0.0477423864632307,-0.00011241436004638672,-0.04676008224487305,-0.026278161558455082,0.0022273659706115723,-0.04453694820404053,-0.03595135093027935,0.004873394966125488,-0.03862595558166504,-0.040265084358996006,0.0045806169509887695,-0.033643484115600586,-0.043541805002039524
0.0,0.0,0.0,0.023423314094543457,-0.012992143630981445,-0.006663273948717574,0.03762948513031006,-0.030594348907470703,-0.012294149886358241,0.046075642108917236,-0.034881770610809326,-0.018526088375139693,0.0514754056930542,-0.03393876552581787,-0.02518256374030159,0.03605538606643677,-0.07997220754623413,-0.011391018446076373,0.042636215686798096,-0.12469351291656494,-0.019660631123471717,0.045483410358428955,-0.14669466018676758,-0.026241537112284163,0.04618197679519653,-0.16633546352386475,-0.03127336308686779,0.025200486183166504,-0.07779461145401001,-0.015040411542642573,0.02576756477355957,-0.12120407819747925,-0.02324398972420738,0.023394405841827393,-0.1452147364616394,-0.030105104598689536,0.019524216651916504,-0.16662919521331787,-0.03579465851514385,0.01323932409286499,-0.0679430365562439,-0.01938596174447582,0.015260577201843262,-0.10160517692565918,-0.02997849874525116,0.016015231609344482,-0.1245952844619751,-0.03767048001616047,0.013658404350280762,-0.1455942988395691,-0.04336224675505207,0.002136528491973877,-0.05443853139877319,-0.02409870170383499,0.008332610130310059,-0.05466020107269287,-0.03375537872641132,0.01345127820968628,-0.04994821548461914,-0.038177879455972175,0.01415187120437622,-0.04744291305541992,-0.041558524522471885
0.0,0.0,0.0,0.02331596612930298,-0.011490702629089355,-0.009534648765550102,0.03755456209182739,-0.02599889039993286,-0.016788615059779133,0.04697549343109131,-0.028390586376190186,-0.02428482673756882,0.05358326435089111,-0.027061283588409424,-0.03223732314698502,0.03558051586151123,-0.07754409313201904,-0.013786534924731697,0.041660189628601074,-0.1194419264793396,-0.02367062508754536,0.044465065002441406,-0.1416846513748169,-0.03146295822851464,0.04469400644302368,-0.16073128581047058,-0.03721175916187569,0.02379477024078369,-0.07544976472854614,-0.016830625158474888,0.024099886417388916,-0.11789894104003906,-0.026138665300534214,0.02167302370071411,-0.1449962854385376,-0.03371582381121918,0.01813054084777832,-0.1682301163673401,-0.0396877845346193,0.01131981611251831,-0.06558042764663696,-0.02095553293518826,0.013732194900512695,-0.09903734922409058,-0.032054687064812626,0.015059709548950195,-0.12328499555587769,-0.04033804140679642,0.01425468921661377,-0.14457538723945618,-0.04636086351864144,-0.00012743473052978516,-0.05074501037597656,-0.025738954690025295,-0.0002522468566894531,-0.0580105185508728,-0.03582195020906731,-0.0002974271774291992,-0.062468647956848145,-0.04063128135793015,-0.002614259719848633,-0.06791526079177856,-0.044154426228926624
0.0,0.0,0.0,0.021086513996124268,-0.013078570365905762,-0.009058389265234723,0.03299528360366821,-0.02705073356628418,-0.01625964549570824,0.0407753586769104,-0.02937263250350952,-0.02365366873532082,0.04644179344177246,-0.0282173752784729,-0.031092032242710843,0.03272277116775513,-0.07851392030715942,-0.01394262762009646,0.03859984874725342,-0.11917352676391602,-0.02302188557773377,0.04108983278274536,-0.14098083972930908,-0.030041383031900182,0.041641175746917725,-0.15988880395889282,-0.035403457854087605,0.020680129528045654,-0.07654696702957153,-0.01726956424504067,0.020689070224761963,-0.11881035566329956,-0.02581302766888882,0.01765209436416626,-0.1463242471218109,-0.032484018627698674,0.01367884874343872,-0.16907399892807007,-0.038269908551271214,0.008665323257446289,-0.06623369455337524,-0.0216849738845184,0.011605799198150635,-0.09395569562911987,-0.03194539752989556,0.013667106628417969,-0.11356180906295776,-0.03877407071381356,0.013902246952056885,-0.1302434206008911,-0.0440559288600042,-0.0016887187957763672,-0.05084115266799927,-0.026906806428129926,0.006302237510681152,-0.05305284261703491,-0.035881885711248174,0.012215912342071533,-0.05119121074676514,-0.039772895548637166,0.014994621276855469,-0.050209641456604004,-0.04297228289037491
0.0,0.0,0.0,0.020450353622436523,-0.010808885097503662,-0.011718582181607928,0.03157401084899902,-0.025194644927978516,-0.020259178994571414,0.03867083787918091,-0.030815541744232178,-0.028519656328832355,0.04399240016937256,-0.03148108720779419,-0.03701070119289085,0.0326695442199707,-0.07815492153167725,-0.01649092492309734,0.037738680839538574,-0.12021386623382568,-0.026560526160871234,0.040337204933166504,-0.14219051599502563,-0.0344124676719062,0.040548622608184814,-0.16114288568496704,-0.04027637635019943,0.02038395404815674,-0.07636988162994385,-0.018873551680123057,0.021067023277282715,-0.11842668056488037,-0.028548726631676402,0.01827394962310791,-0.14563864469528198,-0.03618798945692703,0.014148235321044922,-0.16832631826400757,-0.04228985850361511,0.0077342987060546875,-0.06656485795974731,-0.022503534151589122,0.011821508407592773,-0.09766960144042969,-0.034558938635861125,0.013898491859436035,-0.12002766132354736,-0.04332308266905471,0.013600349426269531,-0.13884097337722778,-0.049613693548714366,-0.003464341163635254,-0.05197596549987793,-0.02692466583696529,0.0023825764656066895,-0.05392336845397949,-0.038348497642552104,0.00756460428237915,-0.050404131412506104,-0.043870774848734584,0.009631931781768799,-0.047261714935302734,-0.047831373108898845
0.0,0.0,0.0,0.0211564302444458,-0.012334167957305908,-0.005657089128071391,0.0324251651763916,-0.026404201984405518,-0.011556841152632558,0.03864651918411255,-0.029747307300567627,-0.018313186894083344,0.04349946975708008,-0.02910912036895752,-0.025687102879309975,0.032547831535339355,-0.07592570781707764,-0.011741918231273019,0.039306640625,-0.11618375778198242,-0.01997683821144136,0.041702866554260254,-0.13670822978019714,-0.026212944368744218,0.04193323850631714,-0.15501561760902405,-0.0311792424869779,0.02153867483139038,-0.07486522197723389,-0.016606067026877724,0.02137058973312378,-0.11725509166717529,-0.025274445022368752,0.01903820037841797,-0.1437271535396576,-0.032582741881633126,0.01605004072189331,-0.16645607352256775,-0.03870433261516126,0.009972989559173584,-0.06607925891876221,-0.022134056965732896,0.010625243186950684,-0.09744077920913696,-0.033224993104958855,0.01249551773071289,-0.12099814414978027,-0.04243071442368063,0.013209164142608643,-0.1412453055381775,-0.049561631585383736,-0.0003217458724975586,-0.05208700895309448,-0.027888438383961045,0.0030260682106018066,-0.0504457950592041,-0.03865236109020742,0.007762730121612549,-0.044281065464019775,-0.044458922649646127,0.010436475276947021,-0.03895926475524902,-0.04905626987936529
0.0,0.0,0.0,0.02169656753540039,-0.011635959148406982,-0.011189157510223424,0.03399324417114258,-0.025873780250549316,-0.01997572685969118,0.0420835018157959,-0.03191417455673218,-0.028754844697239434,0.04635077714920044,-0.034253716468811035,-0.037960471021058595,0.032721877098083496,-0.07986301183700562,-0.016634664865257776,0.037655413150787354,-0.122586190700531,-0.027100933151366746,0.04012322425842285,-0.14532095193862915,-0.03521910812151674,0.040454328060150146,-0.16385304927825928,-0.04131074007046465,0.020650804042816162,-0.0776706337928772,-0.019560504140379464,0.02115929126739502,-0.11994409561157227,-0.029412714200141465,0.017913639545440674,-0.1473953127861023,-0.03680316116106752,0.013683795928955078,-0.1696898341178894,-0.042701282905461824,0.008009612560272217,-0.06702589988708496,-0.02367728519630674,0.010306477546691895,-0.09903407096862793,-0.03424566368949655,0.012018322944641113,-0.12122517824172974,-0.0419328262974048,0.012003719806671143,-0.13969236612319946,-0.04792253802907709,-0.003484070301055908,-0.05035775899887085,-0.02874143551481012,-0.006399810314178467,-0.06051337718963623,-0.03844343255651239,-0.0072144269943237305,-0.0681949257850647,-0.04330764468205217,-0.009452342987060547,-0.07564234733581543,-0.047155199008109605
0.0,0.0,0.0,0.01999688148498535,-0.012892961502075195,-0.009554597586614477,0.03173118829727173,-0.02850055694580078,-0.01674575548641144,0.03813636302947998,-0.03344404697418213,-0.024006256871146547,0.03998607397079468,-0.03568899631500244,-0.03151303719751297,0.029075920581817627,-0.08433544635772705,-0.013744823672098505,0.03421372175216675,-0.1239006519317627,-0.021794026755017626,0.03729134798049927,-0.14629977941513062,-0.02844288017622887,0.037748515605926514,-0.16626691818237305,-0.0336453188585466,0.017058610916137695,-0.08140099048614502,-0.01704002920560299,0.017231762409210205,-0.12154656648635864,-0.025109421499294626,0.015380322933197021,-0.14769130945205688,-0.03257028948537766,0.010956227779388428,-0.16896814107894897,-0.03890941482059418,0.005672037601470947,-0.07037460803985596,-0.021366752721590387,0.011582136154174805,-0.10154014825820923,-0.03318353187314926,0.013847887516021729,-0.12513524293899536,-0.04300227578751503,0.012616157531738281,-0.14491158723831177,-0.050088958852214205,-0.0036802291870117188,-0.05427366495132446,-0.026169830970687258,0.012340724468231201,-0.05567449331283569,-0.03788434531561791,0.02412271499633789,-0.04743611812591553,-0.04395539131037651,0.03043067455291748,-0.037963688373565674,-0.048457043282908785
0.0,0.0,0.0,-0.034138262271881104,-0.03630340099334717,-0.013806152658799142,-0.053258299827575684,-0.10293757915496826,-0.019521316083410234,-0.04696381092071533,-0.13330936431884766,-0.02429817015145108,-0.0244828462600708,-0.15119308233261108,-0.030837475823500604,-0.03353118896484375,-0.2055622935295105,-0.015466705465951414,-0.04970347881317139,-0.2783728241920471,-0.026993980201223344,-0.05831122398376465,-0.31619536876678467,-0.0345607451519756,-0.05981701612472534,-0.3489198684692383,-0.040995155962446184,0.002762734889984131,-0.2086888551712036,-0.021470903920271844,0.016750216484069824,-0.30136024951934814,-0.02943713733766362,0.024277329444885254,-0.3530615568161011,-0.03434576609943196,0.03332489728927612,-0.3932155966758728,-0.037005925121047945,0.032811522483825684,-0.18617922067642212,-0.029735451134183855,0.03121364116668701,-0.2600070834159851,-0.05071718761537358,0.033434271812438965,-0.317604124546051,-0.07097000771973416,0.04218035936355591,-0.36600083112716675,-0.08547101313088223,0.054531633853912354,-0.14256298542022705,-0.038212237449624986,0.006833255290985107,-0.14117687940597534,-0.06488196695063397,-0.03327488899230957,-0.11897385120391846,-0.07607347661469266,-0.05971693992614746,-0.09508508443832397,-0.08293792003605649
0.0,0.0,0.0,-0.03559231758117676,-0.03172725439071655,-0.02487194213834698,-0.06061464548110962,-0.08336633443832397,-0.039817406347069095,-0.05780386924743652,-0.11032259464263916,-0.051955922057899784,-0.032337188720703125,-0.12032818794250488,-0.06538451697495873,-0.03092324733734131,-0.20330321788787842,-0.02490383807388241,-0.04514521360397339,-0.2796452045440674,-0.04175749283102448,-0.051257193088531494,-0.32370537519454956,-0.0538397380318969,-0.051640331745147705,-0.36327409744262695,-0.06335180487302239,0.004530906677246094,-0.19971591234207153,-0.02971088934508259,0.017960548400878906,-0.29092955589294434,-0.04199378054407532,0.027434885501861572,-0.3476472496986389,-0.051666172703775715,0.04002958536148071,-0.394357830286026,-0.0578256682660907,0.03025376796722412,-0.17113465070724487,-0.037752407154115986,0.037432193756103516,-0.23366647958755493,-0.06380329515603478,0.044139742851257324,-0.2920137047767639,-0.08691486950782235,0.05592161417007446,-0.34171706438064575,-0.1026533418503135,0.04813206195831299,-0.12337642908096313,-0.04670318078068192,0.009091854095458984,-0.12288159132003784,-0.07934308286574776,-0.029224038124084473,-0.09634608030319214,-0.09110016610291893,-0.05541884899139404,-0.06833058595657349,-0.09702867504027779
0.0,0.0,0.0,-0.038449108600616455,-0.03236234188079834,-0.018229626855955416,-0.06442302465438843,-0.0888601541519165,-0.02814136332939654,-0.06005340814590454,-0.11564922332763672,-0.03614573254357367,-0.03601384162902832,-0.1214606761932373,-0.0459175862289527,-0.03610771894454956,-0.20450758934020996,-0.017661786443696315,-0.050222933292388916,-0.28085410594940186,-0.028182384363518054,-0.054031968116760254,-0.3243928551673889,-0.035898749522075946,-0.05182158946990967,-0.3628464341163635,-0.04348107501040488,-0.0006112456321716309,-0.20271235704421997,-0.023141578576669986,0.006168484687805176,-0.28974616527557373,-0.03074194937120467,0.00988912582397461,-0.34131187200546265,-0.037257385245666796,0.017445027828216553,-0.38398265838623047,-0.042109002164707476,0.027014493942260742,-0.1766931414604187,-0.03114211260448485,0.033956944942474365,-0.24133652448654175,-0.05201696305643111,0.03759586811065674,-0.29895973205566406,-0.07274751811395674,0.04616481065750122,-0.3479563593864441,-0.0881519809282878,0.04667961597442627,-0.13122504949569702,-0.03968635275136023,0.007923245429992676,-0.13024473190307617,-0.06783432959686309,-0.028781890869140625,-0.10298317670822144,-0.0788564652122119,-0.05421549081802368,-0.07400280237197876,-0.0853768035687068
0.0,0.0,0.0,-0.03137779235839844,-0.03005850315093994,-0.015273344530788435,-0.05282557010650635,-0.08571475744247437,-0.023033191277709975,-0.05291527509689331,-0.10781288146972656,-0.029087788253155722,-0.031122565269470215,-0.11581867933273315,-0.036862815558043494,-0.024910390377044678,-0.19023895263671875,-0.018539815037575735,-0.03715997934341431,-0.26967722177505493,-0.028640894978371634,-0.0425417423248291,-0.3122122883796692,-0.034204582511511816,-0.04137152433395386,-0.34948545694351196,-0.039416941641894354,0.010065615177154541,-0.19114607572555542,-0.023260711520043387,0.018152952194213867,-0.27909815311431885,-0.03171795496257879,0.019823074340820312,-0.3307943344116211,-0.03781371080788709,0.024267852306365967,-0.37135952711105347,-0.04114694037946798,0.03720593452453613,-0.16697221994400024,-0.029615559442964567,0.03469306230545044,-0.23081684112548828,-0.05018437915953733,0.03429049253463745,-0.28957754373550415,-0.06986595207366086,0.04071587324142456,-0.33760130405426025,-0.08373870962771512,0.055245280265808105,-0.12341398000717163,-0.03608227038296796,0.014047443866729736,-0.12014150619506836,-0.061052447944012656,-0.022074997425079346,-0.09713196754455566,-0.07090664917143918,-0.045239925384521484,-0.07138413190841675,-0.07661696040543653
0.0,0.0,0.0,-0.028249084949493408,-0.03024810552597046,-0.011957065305218784,-0.04869842529296875,-0.08564728498458862,-0.017966453088924972,-0.053685545921325684,-0.10524898767471313,-0.023238228736922828,-0.037507593631744385,-0.11525958776473999,-0.03059647615115413,-0.02747732400894165,-0.1900370717048645,-0.014978144420788375,-0.04070943593978882,-0.2722201943397522,-0.024160038782761184,-0.04575234651565552,-0.31617504358291626,-0.028926670654223052,-0.043495118618011475,-0.35324349999427795,-0.0337835681722618,0.005879998207092285,-0.19214630126953125,-0.0216192864910818,0.01259922981262207,-0.28596794605255127,-0.029604036463902084,0.014353454113006592,-0.339765727519989,-0.03610802638392219,0.019645333290100098,-0.38163477182388306,-0.04017786133150825,0.03262454271316528,-0.16834163665771484,-0.02969135913114318,0.03039097785949707,-0.23459112644195557,-0.05061076405505904,0.02970331907272339,-0.2919410467147827,-0.07135562422733077,0.0352441668510437,-0.33899325132369995,-0.08620565208654174,0.05211120843887329,-0.12437140941619873,-0.037522742627666084,0.008451461791992188,-0.11976754665374756,-0.062392285196588126,-0.028010189533233643,-0.09617644548416138,-0.07272580090026626,-0.051491737365722656,-0.07004809379577637,-0.07930185469846496
0.0,0.0,0.0,-0.028887152671813965,-0.03113734722137451,-0.010253068783374175,-0.04838383197784424,-0.08798092603683472,-0.016020259612293586,-0.05161702632904053,-0.10907125473022461,-0.020993447654934272,-0.0352516770362854,-0.11713212728500366,-0.02784207908162628,-0.02434438467025757,-0.1893107295036316,-0.01538958752253805,-0.03879505395889282,-0.269983172416687,-0.024925370493026122,-0.045532166957855225,-0.31357306241989136,-0.0296957295174316,-0.04436981678009033,-0.3503710925579071,-0.034405016132684096,0.008447706699371338,-0.18978756666183472,-0.0222674876237825,0.014448463916778564,-0.2850409746170044,-0.03138226343044792,0.015037596225738525,-0.33807551860809326,-0.03708566052565132,0.019123315811157227,-0.37943917512893677,-0.040119313427300796,0.034731149673461914,-0.16516566276550293,-0.030286603399606093,0.030175626277923584,-0.2342129945755005,-0.052003224172683105,0.02868133783340454,-0.29048359394073486,-0.07060665337094818,0.033384859561920166,-0.3370070159435272,-0.08320495931157623,0.0539398193359375,-0.11996394395828247,-0.0378883786285833,0.013238966464996338,-0.12051767110824585,-0.06102462185272728,-0.025488197803497314,-0.09817898273468018,-0.06841856686124359,-0.05246323347091675,-0.07261466979980469,-0.07281774727353607
0.0,0.0,0.0,-0.033922672271728516,-0.031853318214416504,-0.013950915611193437,-0.05731767416000366,-0.08885723352432251,-0.021814349642799158,-0.05869483947753906,-0.11536753177642822,-0.028753783157871027,-0.04088622331619263,-0.13194561004638672,-0.03787010309736516,-0.030675828456878662,-0.19841307401657104,-0.016758076450631876,-0.04470515251159668,-0.2787920832633972,-0.02826554661135461,-0.05144298076629639,-0.32161015272140503,-0.03564147797863271,-0.051773667335510254,-0.3593425154685974,-0.04208601040284421,0.0031766295433044434,-0.19835513830184937,-0.02313585167269494,0.00782698392868042,-0.2888968586921692,-0.032083136564896364,0.008708715438842773,-0.3443293273448944,-0.039668688154623766,0.013327717781066895,-0.38887807726860046,-0.0446492746237972,0.02949690818786621,-0.173783540725708,-0.03140637797753598,0.024985671043395996,-0.24319088459014893,-0.05325250474254872,0.02226155996322632,-0.3025098443031311,-0.07463067171613957,0.02600950002670288,-0.35183367133140564,-0.09001362470428731,0.04705345630645752,-0.12936675548553467,-0.039711368805573244,0.0033774375915527344,-0.12945705652236938,-0.06690864411632802,-0.03458315134048462,-0.10627239942550659,-0.07819157985489156,-0.06034427881240845,-0.08088475465774536,-0.08509092179577138
0.0,0.0,0.0,-0.03697645664215088,-0.03187727928161621,-0.013953135807760475,-0.06077373027801514,-0.08932924270629883,-0.020859005388565777,-0.06237274408340454,-0.11472451686859131,-0.027045013841934917,-0.047020912170410156,-0.1290343999862671,-0.03582772285933089,-0.037389397621154785,-0.19649124145507812,-0.014662870664842842,-0.051912665367126465,-0.2780448794364929,-0.024362167802401302,-0.05766040086746216,-0.3237948417663574,-0.03049511694604945,-0.05617105960845947,-0.36398810148239136,-0.03677839086646628,-0.004179954528808594,-0.19639664888381958,-0.021794278633542774,0.0005516409873962402,-0.2880476117134094,-0.029345827636070965,0.002996683120727539,-0.34394991397857666,-0.03691770927304816,0.011411726474761963,-0.38988104462623596,-0.04259512246841979,0.02150571346282959,-0.17245817184448242,-0.030993177083082912,0.020258069038391113,-0.24451839923858643,-0.05317537532443595,0.018018126487731934,-0.3051948547363281,-0.07626734347338271,0.023961365222930908,-0.3571651577949524,-0.09338319720024657,0.039920687675476074,-0.1300603151321411,-0.0400778730332334,-0.004353940486907959,-0.12865471839904785,-0.06954057188028884,-0.040870726108551025,-0.10100966691970825,-0.0827007708072145,-0.06285512447357178,-0.07263493537902832,-0.0911473450183351
0.0,0.0,0.0,-0.03469741344451904,-0.03036576509475708,-0.015046443040482416,-0.059472620487213135,-0.08989715576171875,-0.023211729894391908,-0.0631941556930542,-0.1191033124923706,-0.030603681872598543,-0.04366356134414673,-0.13153564929962158,-0.04038735590409459,-0.03414517641067505,-0.19488030672073364,-0.016147713358513727,-0.04890698194503784,-0.27674347162246704,-0.027847745637409105,-0.05589914321899414,-0.3218432068824768,-0.03499913326930226,-0.0557062029838562,-0.3614526391029358,-0.04159879050683202,-0.0005764365196228027,-0.19673818349838257,-0.022660893569700136,0.00462031364440918,-0.28910088539123535,-0.03108329623471917,0.006299853324890137,-0.34618788957595825,-0.03869596234988393,0.012317895889282227,-0.3916485905647278,-0.044011500845662965,0.02477496862411499,-0.17365026473999023,-0.03140850848983945,0.018652737140655518,-0.24733960628509521,-0.05477990693878354,0.014732837677001953,-0.30717331171035767,-0.07789971045684041,0.0181618332862854,-0.3556841313838959,-0.09465980641078175,0.04125410318374634,-0.13220441341400146,-0.04017330444883527,-0.005504906177520752,-0.12893742322921753,-0.0712243702216071,-0.0415802001953125,-0.1012885570526123,-0.08555366210173787,-0.06414055824279785,-0.07340234518051147,-0.09447050950955571
0.0,0.0,0.0,-0.03390008211135864,-0.03149092197418213,-0.015821747409436426,-0.05907320976257324,-0.08874058723449707,-0.025473520087334833,-0.06008392572402954,-0.11938470602035522,-0.03365805365357133,-0.038467586040496826,-0.13664567470550537,-0.04320836432490083,-0.026823222637176514,-0.1942138671875,-0.02147371128413411,-0.04342728853225708,-0.27865070104599,-0.035799935387704096,-0.05148136615753174,-0.3249589800834656,-0.043841853665444575,-0.052761971950531006,-0.36468374729156494,-0.05018594108733865,0.007002890110015869,-0.1925424337387085,-0.026817057209346018,0.012083888053894043,-0.285916805267334,-0.04103473194155427,0.01177448034286499,-0.34274160861968994,-0.04982924081597062,0.015072107315063477,-0.3886445164680481,-0.05417792119297715,0.032622456550598145,-0.16804254055023193,-0.033760707753035746,0.021521270275115967,-0.23562395572662354,-0.05886381112251016,0.016067802906036377,-0.2955026626586914,-0.07779135175261231,0.0187680721282959,-0.3449363708496094,-0.08971821136984559,0.04814863204956055,-0.12506800889968872,-0.04085649170193406,0.0027416348457336426,-0.12950944900512695,-0.06741263337645265,-0.034906089305877686,-0.1098511815071106,-0.07590179510626527,-0.059812724590301514,-0.0862351655960083,-0.07999303557190629
0.0,0.0,0.0,-0.03220123052597046,-0.03073948621749878,-0.01377389803474216,-0.05627351999282837,-0.09036660194396973,-0.021273093670060916,-0.05813950300216675,-0.11862152814865112,-0.02826102487688331,-0.03605949878692627,-0.13128817081451416,-0.037248034402182384,-0.026915788650512695,-0.1965397596359253,-0.014788043125918193,-0.04221796989440918,-0.27662527561187744,-0.025992593168666644,-0.04934483766555786,-0.3220664858818054,-0.032489080354025646,-0.049537599086761475,-0.36082178354263306,-0.03847775645499496,0.007190287113189697,-0.19575846195220947,-0.02164324410205154,0.013900279998779297,-0.2880682945251465,-0.031019324808767124,0.014151990413665771,-0.3449973464012146,-0.03824250064735679,0.017099738121032715,-0.39023178815841675,-0.042640999331524654,0.03345733880996704,-0.1706751585006714,-0.030581901221921726,0.024664580821990967,-0.23935282230377197,-0.054042142256548686,0.019539833068847656,-0.3005831837654114,-0.07545034624581604,0.021915555000305176,-0.3510212004184723,-0.09031343497281341,0.04954564571380615,-0.127527117729187,-0.03951009400134353,0.0022069811820983887,-0.12699520587921143,-0.06748666651492385,-0.03419196605682373,-0.10206246376037598,-0.07910123504643707,-0.056899428367614746,-0.07422542572021484,-0.08622495867257385
0.0,0.0,0.0,-0.032652318477630615,-0.029163241386413574,-0.016382026954111062,-0.05646103620529175,-0.0862850546836853,-0.02590146055680176,-0.057162702083587646,-0.11477452516555786,-0.034468432425078355,-0.03525412082672119,-0.12949824333190918,-0.04465279123049637,-0.025169849395751953,-0.19138026237487793,-0.018607696054991685,-0.0409541130065918,-0.27295464277267456,-0.03244071966272255,-0.04914581775665283,-0.3172159194946289,-0.04161441838603874,-0.050320327281951904,-0.3552514910697937,-0.049253301231678925,0.007354736328125,-0.1907828450202942,-0.02434457419675251,0.013189315795898438,-0.284748911857605,-0.03583517065506836,0.013313770294189453,-0.34170469641685486,-0.045000509826954804,0.016460835933685303,-0.3869192600250244,-0.050929056017216645,0.032855212688446045,-0.16630226373672485,-0.03216628125172516,0.024892866611480713,-0.23852300643920898,-0.056224775968607865,0.019906938076019287,-0.29564106464385986,-0.07673448464136978,0.022070229053497314,-0.34125733375549316,-0.09093904635172745,0.05009037256240845,-0.12308764457702637,-0.04032515129309555,0.006211221218109131,-0.12756603956222534,-0.0685491948412027,-0.031263113021850586,-0.10671240091323853,-0.0796033456013765,-0.0561528205871582,-0.08244752883911133,-0.08611696353417297
0.0,0.0,0.0,-0.032395243644714355,-0.029376864433288574,-0.01464066853368351,-0.056067466735839844,-0.08736997842788696,-0.023184606932044716,-0.0586395263671875,-0.11785560846328735,-0.030728962399006576,-0.03968530893325806,-0.136055588722229,-0.039433715991616936,-0.028454244136810303,-0.19051450490951538,-0.02014422243082592,-0.04358267784118652,-0.2716256380081177,-0.03434521531307766,-0.05101984739303589,-0.31713783740997314,-0.04186307837808201,-0.05252397060394287,-0.35704633593559265,-0.0480172281488187,0.00550466775894165,-0.1921238899230957,-0.02569164348387787,0.01043999195098877,-0.28567761182785034,-0.040544605009198875,0.009792625904083252,-0.34251832962036133,-0.048533117525220604,0.011762380599975586,-0.3904534876346588,-0.05219507416331837,0.03221100568771362,-0.17002767324447632,-0.032866409175039024,0.018820226192474365,-0.2355661392211914,-0.058832069985509605,0.012051939964294434,-0.2866067886352539,-0.07571982418739864,0.013556718826293945,-0.330855131149292,-0.08563634579622814,0.04916083812713623,-0.12896263599395752,-0.040250932924390526,0.002448737621307373,-0.1292089819908142,-0.06668847625696728,-0.03508162498474121,-0.10865658521652222,-0.07472026919567654,-0.06019330024719238,-0.0865134596824646,-0.07846760576212475
0.0,0.0,0.0,-0.034945666790008545,-0.026738882064819336,-0.013711589364035603,-0.06224548816680908,-0.08453816175460815,-0.022385161345525262,-0.06375670433044434,-0.11549735069274902,-0.030499128600283143,-0.04188257455825806,-0.12952136993408203,-0.04083037373952436,-0.037081897258758545,-0.18990391492843628,-0.017028830920978066,-0.05275321006774902,-0.27006006240844727,-0.028463164319916245,-0.06008315086364746,-0.31279516220092773,-0.03545776007108259,-0.06017035245895386,-0.3522679805755615,-0.04210986194543409,-0.0036014318466186523,-0.19188296794891357,-0.02393971753649282,0.0024080872535705566,-0.28608667850494385,-0.03464342278770971,0.004659056663513184,-0.3438017964363098,-0.043951515083833215,0.010738492012023926,-0.3908986747264862,-0.04999323931865263,0.02370142936706543,-0.1698346734046936,-0.03248261285357046,0.014250993728637695,-0.2456013560295105,-0.057991292303128716,0.010303199291229248,-0.3053404688835144,-0.0819658115261035,0.013058304786682129,-0.3543807566165924,-0.0984738617890315,0.044421494007110596,-0.12833362817764282,-0.040608867978377816,0.0002041459083557129,-0.12742584943771362,-0.07119653371505308,-0.035093069076538086,-0.10047531127929688,-0.08465331790380048,-0.05895310640335083,-0.07234811782836914,-0.0928208380692439
0.0,0.0,0.0,-0.029315948486328125,-0.029196858406066895,-0.013030656317035039,-0.05086427927017212,-0.08932560682296753,-0.020718829409936745,-0.051714301109313965,-0.11722606420516968,-0.027741795109371026,-0.03229033946990967,-0.13161331415176392,-0.03637516655192741,-0.02556014060974121,-0.19437450170516968,-0.017516812013248284,-0.04353362321853638,-0.2753980755805969,-0.029246024491051514,-0.0533832311630249,-0.32124507427215576,-0.03631582640276321,-0.05456697940826416,-0.36094552278518677,-0.042871204839805443,0.008498191833496094,-0.19688016176223755,-0.023766999767879327,0.013961732387542725,-0.2916889190673828,-0.0338817105458773,0.012258291244506836,-0.3447223901748657,-0.039408040867904504,0.01428067684173584,-0.3874914050102234,-0.04246356867418655,0.0363195538520813,-0.1736791729927063,-0.03151310019359954,0.02820873260498047,-0.24736875295639038,-0.054005006031850655,0.02372342348098755,-0.300628662109375,-0.07011328794227012,0.027392566204071045,-0.3457272946834564,-0.0811355055140055,0.05592924356460571,-0.12925666570663452,-0.03941282041535743,0.012960493564605713,-0.13144010305404663,-0.06461369402871497,-0.023340880870819092,-0.1058538556098938,-0.07186357088551887,-0.04653751850128174,-0.0775301456451416,-0.07576956011519798
0.0,0.0,0.0,-0.03071284294128418,-0.02637338638305664,-0.011789710495726524,-0.054180026054382324,-0.08713221549987793,-0.01988018327589458,-0.05656695365905762,-0.11558812856674194,-0.026992362227396427,-0.03415292501449585,-0.12682503461837769,-0.035349626328901707,-0.026306450366973877,-0.1912974715232849,-0.020560326289491115,-0.04522562026977539,-0.2717783451080322,-0.03208978125091022,-0.05495750904083252,-0.31690192222595215,-0.037322953578190265,-0.05603659152984619,-0.35484230518341064,-0.04265031614537662,0.008347094058990479,-0.19281727075576782,-0.026915179800347744,0.012016534805297852,-0.28591102361679077,-0.04301088699336475,0.010047376155853271,-0.33884334564208984,-0.050531860675768314,0.011716127395629883,-0.3812609314918518,-0.0534763487541241,0.03604555130004883,-0.16949397325515747,-0.033986926313595234,0.025445938110351562,-0.23876351118087769,-0.061180915918306766,0.018890321254730225,-0.2972831726074219,-0.07760978513594097,0.020632147789001465,-0.34871017932891846,-0.08710227930183834,0.05480301380157471,-0.12507003545761108,-0.04054613062377399,0.012081384658813477,-0.12767183780670166,-0.06557931029434627,-0.025222599506378174,-0.10242295265197754,-0.0713116975986523,-0.05074965953826904,-0.07478511333465576,-0.07372301095362133
0.0,0.0,0.0,-0.028406977653503418,-0.025122761726379395,-0.010456398462705963,-0.04792952537536621,-0.08676028251647949,-0.017907831219785564,-0.04975062608718872,-0.1168593168258667,-0.024781483558767192,-0.031158804893493652,-0.1329289674758911,-0.03328015781735694,-0.02229154109954834,-0.18902331590652466,-0.020054550243370883,-0.03768634796142578,-0.27627235651016235,-0.030790143979542606,-0.044900596141815186,-0.3233932852745056,-0.03542744867300307,-0.04472661018371582,-0.3614656329154968,-0.04044493041729247,0.00969606637954712,-0.18895423412322998,-0.026801987884395473,0.014276206493377686,-0.28582853078842163,-0.04416032261943137,0.013690054416656494,-0.3383318781852722,-0.05434234194254195,0.015489637851715088,-0.3799170255661011,-0.059225821269505374,0.036807894706726074,-0.16628044843673706,-0.03374389312958037,0.02681499719619751,-0.23439723253250122,-0.06224499396776473,0.019606292247772217,-0.28800028562545776,-0.08113265163993155,0.019190073013305664,-0.33419662714004517,-0.09216888375376975,0.05647706985473633,-0.12570899724960327,-0.039796271694653385,0.013071656227111816,-0.12841224670410156,-0.06643432505225455,-0.023505806922912598,-0.10192960500717163,-0.07423116393183982,-0.04832160472869873,-0.0741804838180542,-0.07811237998103415
0.0,0.0,0.0,-0.033259034156799316,-0.02689182758331299,-0.014663979277874939,-0.05930972099304199,-0.08536940813064575,-0.02352747773465108,-0.06071603298187256,-0.11531031131744385,-0.03131636684473943,-0.03868293762207031,-0.12850302457809448,-0.040570472233857624,-0.035646140575408936,-0.19222259521484375,-0.0197662607365508,-0.05155682563781738,-0.2761337161064148,-0.03202179899152707,-0.05881321430206299,-0.3195807933807373,-0.03870764827069234,-0.05893898010253906,-0.3572677969932556,-0.04471149747904729,-0.0015853643417358398,-0.19314420223236084,-0.025587652676667683,0.004708290100097656,-0.2877781391143799,-0.037209951185550205,0.005078554153442383,-0.3435007929801941,-0.04504510467585515,0.008016049861907959,-0.38955456018447876,-0.04961562236484479,0.02670806646347046,-0.17019039392471313,-0.03294659113224935,0.017741739749908447,-0.24143433570861816,-0.05738773276742887,0.013161122798919678,-0.296383261680603,-0.07692248454030942,0.015655517578125,-0.34227633476257324,-0.09003175129827451,0.04790079593658447,-0.12808674573898315,-0.040272266470756046,0.0036963820457458496,-0.12698674201965332,-0.06759616812404584,-0.03377920389175415,-0.10259872674942017,-0.07771278997596692,-0.05899912118911743,-0.0765920877456665,-0.08357825210031461
0.0,0.0,0.0,-0.03642880916595459,-0.028212368488311768,-0.018371040020021212,-0.06454825401306152,-0.08598071336746216,-0.02928851732972504,-0.06366491317749023,-0.11761587858200073,-0.03884810211125256,-0.03867077827453613,-0.1320512294769287,-0.050093982387217295,-0.0349348783493042,-0.1942993402481079,-0.02128511296573521,-0.05108654499053955,-0.2755206227302551,-0.0353818386978233,-0.059237003326416016,-0.31852173805236816,-0.04459795357647778,-0.06031733751296997,-0.35707974433898926,-0.05258248748246075,-0.0003777146339416504,-0.19549483060836792,-0.026255363616975558,0.0036647915840148926,-0.28925222158432007,-0.03726480903092266,0.0022388696670532227,-0.34686005115509033,-0.04637467490497471,0.00444561243057251,-0.3941047787666321,-0.052693665046128046,0.027071654796600342,-0.1721833348274231,-0.033413264918955576,0.015651822090148926,-0.24540925025939941,-0.05775690825644375,0.008373379707336426,-0.30264580249786377,-0.07902596147719265,0.009561002254486084,-0.3496483862400055,-0.09415084870520474,0.04592961072921753,-0.12980079650878906,-0.041033219564589274,-0.0003871321678161621,-0.13178199529647827,-0.07105427982273937,-0.03632098436355591,-0.10787081718444824,-0.0836504772490585,-0.05904519557952881,-0.08234411478042603,-0.09126361461344601
0.0,0.0,0.0,-0.03437685966491699,-0.026145637035369873,-0.01359400599951055,-0.06026303768157959,-0.08369749784469604,-0.021699840014224314,-0.06157749891281128,-0.1136135458946228,-0.02912470493221786,-0.04021793603897095,-0.12881511449813843,-0.03831419888639953,-0.033881962299346924,-0.18728011846542358,-0.01789108272398021,-0.04907727241516113,-0.26926857233047485,-0.02915510143840816,-0.05743539333343506,-0.3118390440940857,-0.03595831785107162,-0.05857592821121216,-0.35063958168029785,-0.04243588987494018,-0.0014420151710510254,-0.18917614221572876,-0.024149333869462275,0.002845287322998047,-0.2861146926879883,-0.03387343305850532,0.002141416072845459,-0.34359437227249146,-0.042203990553860926,0.004973649978637695,-0.39039647579193115,-0.04796078596020248,0.0251237154006958,-0.16679418087005615,-0.03192019257450607,0.013952314853668213,-0.24308055639266968,-0.055674427931552195,0.006265699863433838,-0.29744476079940796,-0.07659357953572776,0.006065011024475098,-0.3410033583641052,-0.09109114277864006,0.044972240924835205,-0.12570542097091675,-0.03956012222672012,0.0017449259757995605,-0.12678509950637817,-0.0678848417451432,-0.03479796648025513,-0.10310333967208862,-0.07971570063138511,-0.05957990884780884,-0.07747972011566162,-0.08694918621087577
0.0,0.0,0.0,-0.03474318981170654,-0.02887064218521118,-0.014709161655538594,-0.06138736009597778,-0.085715651512146,-0.023071318925850903,-0.06531858444213867,-0.11342662572860718,-0.03108468657874397,-0.04473692178726196,-0.12940776348114014,-0.0411785450442963,-0.03949010372161865,-0.1943502426147461,-0.015249861465328252,-0.055641889572143555,-0.27365756034851074,-0.027010629014604604,-0.06275486946105957,-0.3172107934951782,-0.03448052151643566,-0.06304299831390381,-0.35616934299468994,-0.04141280247413448,-0.0060350894927978516,-0.19680637121200562,-0.022416159571641003,-0.002447187900543213,-0.29055464267730713,-0.03149507759653858,-0.0024070143699645996,-0.34903591871261597,-0.03964358015500835,0.0019843578338623047,-0.3958390951156616,-0.045307660536401784,0.020816564559936523,-0.17319011688232422,-0.03180485783659748,0.011390209197998047,-0.24812716245651245,-0.05507781921469501,0.004881143569946289,-0.30764061212539673,-0.0768809784814053,0.006484687328338623,-0.3568011522293091,-0.09257403953515819,0.04010695219039917,-0.12944543361663818,-0.04128685785972408,-0.0057027339935302734,-0.127507746219635,-0.07075819565498165,-0.03963291645050049,-0.1003921627998352,-0.08337164117538265,-0.06004047393798828,-0.07214778661727905,-0.0911319424077206
0.0,0.0,0.0,-0.030031800270080566,-0.029487133026123047,-0.01205152920651642,-0.051457107067108154,-0.08591246604919434,-0.020191266156913912,-0.051989078521728516,-0.11090904474258423,-0.028019095726492083,-0.032627224922180176,-0.1288135051727295,-0.03744690581429211,-0.02637702226638794,-0.18770742416381836,-0.018851536281587755,-0.043804705142974854,-0.2695479393005371,-0.03224292858708111,-0.05387306213378906,-0.3170027732849121,-0.04007735564577786,-0.05555850267410278,-0.3568463921546936,-0.046847709410073435,0.006354987621307373,-0.18913418054580688,-0.026085874952556765,0.011436045169830322,-0.2868635058403015,-0.03919976665842739,0.00927823781967163,-0.34391677379608154,-0.04666688754427639,0.01029515266418457,-0.3900340497493744,-0.05047359778750149,0.03301900625228882,-0.16673552989959717,-0.034551885865809595,0.0258486270904541,-0.23751944303512573,-0.05896792649495808,0.021634221076965332,-0.2861645221710205,-0.0748048061059734,0.023935377597808838,-0.327089786529541,-0.08472173749673573,0.052102863788604736,-0.12402331829071045,-0.04299916788208691,0.010633289813995361,-0.12400341033935547,-0.06889871596563069,-0.025814831256866455,-0.10073482990264893,-0.07577706217038838,-0.05054754018783569,-0.07564127445220947,-0.07895426540839878
0.0,0.0,0.0,-0.03455013036727905,-0.028471291065216064,-0.015627893842445673,-0.060684382915496826,-0.08425819873809814,-0.024637625775920213,-0.061604201793670654,-0.11434614658355713,-0.03278964687107688,-0.03803950548171997,-0.13257133960723877,-0.04228366468070632,-0.03297686576843262,-0.1929556131362915,-0.0183427978676427,-0.04860353469848633,-0.2722473740577698,-0.03301834616778976,-0.0574033260345459,-0.3170585632324219,-0.04201901633261329,-0.05943793058395386,-0.35704702138900757,-0.04944195900081283,0.0001614093780517578,-0.19395017623901367,-0.0246055640649665,0.005634129047393799,-0.2882888913154602,-0.037741097844826044,0.004276931285858154,-0.34731054306030273,-0.04634604159711486,0.006623804569244385,-0.3961418867111206,-0.05104131553290969,0.027139663696289062,-0.16921353340148926,-0.032953276522146524,0.016568541526794434,-0.23895442485809326,-0.05798996169088966,0.010124742984771729,-0.29336148500442505,-0.07677044648646003,0.012069404125213623,-0.33817362785339355,-0.08880989182709342,0.045880675315856934,-0.12442314624786377,-0.04164492640613204,0.0008187294006347656,-0.12481176853179932,-0.06932549852846748,-0.03568905591964722,-0.10348141193389893,-0.07888089794634467,-0.058837056159973145,-0.07961183786392212,-0.08391039002655631
0.0,0.0,0.0,-0.034185171127319336,-0.02581578493118286,-0.01628136530654345,-0.06293761730194092,-0.08157986402511597,-0.026389717014001945,-0.06559503078460693,-0.1112709641456604,-0.03546495817737494,-0.043786823749542236,-0.12621653079986572,-0.046325371490286926,-0.03805065155029297,-0.1854722499847412,-0.02228659473495398,-0.05457264184951782,-0.27053022384643555,-0.03592867858843718,-0.06281846761703491,-0.31635165214538574,-0.04319646291570578,-0.06390267610549927,-0.35706329345703125,-0.049500801490115265,-0.004309535026550293,-0.18742448091506958,-0.02850784070925627,0.0006852149963378906,-0.2849094867706299,-0.0399840780361167,0.0005075335502624512,-0.34398317337036133,-0.04893707938628111,0.0044689178466796875,-0.39191174507141113,-0.05468885310130034,0.023180365562438965,-0.16498315334320068,-0.036406122968958954,0.011760175228118896,-0.23345041275024414,-0.06125584326820288,0.003106057643890381,-0.2892751097679138,-0.08257633902268324,0.0034089088439941406,-0.3351474404335022,-0.09705131210522566,0.04337453842163086,-0.12491315603256226,-0.0443662599487773,-0.00506359338760376,-0.12373900413513184,-0.07359105803208266,-0.04260599613189697,-0.10137379169464111,-0.08546244062619124,-0.06674230098724365,-0.0779460072517395,-0.0924038261933795
0.0,0.0,0.0,-0.027975380420684814,-0.02833622694015503,-0.015085085596909575,-0.04929816722869873,-0.08549743890762329,-0.025200329091420226,-0.05274134874343872,-0.1123737096786499,-0.03443951655553823,-0.03376209735870361,-0.13231933116912842,-0.04465767491983419,-0.02478271722793579,-0.1897161602973938,-0.02293208923565393,-0.04136735200881958,-0.27544426918029785,-0.037839089822044425,-0.04997909069061279,-0.3251934051513672,-0.04492824275421148,-0.050787150859832764,-0.365467369556427,-0.05049888540433889,0.008015751838684082,-0.19155699014663696,-0.02824662562834268,0.012298882007598877,-0.2907106876373291,-0.04462512333320623,0.011059761047363281,-0.34741294384002686,-0.05104555685447698,0.012297451496124268,-0.3931674361228943,-0.05281368766354566,0.03503900766372681,-0.1696624755859375,-0.03496108327435499,0.023380577564239502,-0.23268508911132812,-0.06099442888425832,0.01836979389190674,-0.2714725732803345,-0.07306678343938833,0.02153867483139038,-0.30560797452926636,-0.07888980705665594,0.055419743061065674,-0.126470685005188,-0.042052091401090674,0.009891510009765625,-0.12676376104354858,-0.06682228047775274,-0.026235997676849365,-0.1007685661315918,-0.07076710958408361,-0.04950904846191406,-0.07363194227218628,-0.0709921394698525
0.0,0.0,0.0,-0.02614462375640869,-0.027035534381866455,-0.014201205542132556,-0.04597055912017822,-0.08774065971374512,-0.023962025848970114,-0.05001300573348999,-0.11547499895095825,-0.032867976782664954,-0.03253275156021118,-0.13541936874389648,-0.04276862120424241,-0.022320210933685303,-0.18919312953948975,-0.024633118269786536,-0.038376450538635254,-0.2755875587463379,-0.039799047021016776,-0.04736340045928955,-0.32645702362060547,-0.04710276177321404,-0.048837900161743164,-0.3690078854560852,-0.053406399993047415,0.010461926460266113,-0.19161361455917358,-0.03103101751004189,0.013547420501708984,-0.2960669994354248,-0.05016006281767815,0.012132048606872559,-0.3542059361934662,-0.058700208870515524,0.013682305812835693,-0.40183109045028687,-0.06197419142518967,0.038333117961883545,-0.17031192779541016,-0.03834294280205697,0.025524377822875977,-0.23759132623672485,-0.0671403085270974,0.01881396770477295,-0.28069210052490234,-0.08052284022961587,0.019910037517547607,-0.320151150226593,-0.08716606101189583,0.059205055236816406,-0.127885103225708,-0.045744211731300055,0.0135270357131958,-0.1285550594329834,-0.07199775925074547,-0.02475076913833618,-0.10499143600463867,-0.07658619186078042,-0.050689637660980225,-0.08150488138198853,-0.077578288821325
0.0,0.0,0.0,-0.03252077102661133,-0.02992159128189087,-0.015681953666265847,-0.05685204267501831,-0.0881543755531311,-0.02468710163002813,-0.057534098625183105,-0.11695313453674316,-0.03279438198870027,-0.03652900457382202,-0.1367260217666626,-0.04219260768359506,-0.029534995555877686,-0.19246715307235718,-0.020243729961570145,-0.04767560958862305,-0.273545503616333,-0.03494069681828821,-0.056508541107177734,-0.32027000188827515,-0.04353152917092645,-0.05786615610122681,-0.36107391119003296,-0.05063204796379411,0.004174768924713135,-0.1937546730041504,-0.026311404568608643,0.007651925086975098,-0.2918596863746643,-0.040694549245293976,0.0070539116859436035,-0.35142046213150024,-0.048506229681428314,0.009961247444152832,-0.40038543939590454,-0.05225221769278848,0.031344592571258545,-0.17076951265335083,-0.034270286125596405,0.021113693714141846,-0.2411065697669983,-0.05981586830085123,0.016025662422180176,-0.2916761040687561,-0.07622612224286401,0.018799245357513428,-0.3345181941986084,-0.0861003022021612,0.04993230104446411,-0.12716960906982422,-0.042665626419242264,0.003977656364440918,-0.130570650100708,-0.07011429176991785,-0.033480703830718994,-0.1097903847694397,-0.07794064984982813,-0.058032453060150146,-0.08677947521209717,-0.08140321777528131
0.0,0.0,0.0,-0.030679643154144287,-0.026368379592895508,-0.012657627534675697,-0.053350090980529785,-0.08575820922851562,-0.021196096275556187,-0.05404406785964966,-0.11486262083053589,-0.028983115289914707,-0.03491008281707764,-0.13447421789169312,-0.03838528234194527,-0.02664196491241455,-0.19071131944656372,-0.01975057001839886,-0.04432016611099243,-0.2748180031776428,-0.03185255739520798,-0.05316507816314697,-0.3217298984527588,-0.03797265056203614,-0.053480684757232666,-0.3609544634819031,-0.04371956649850617,0.006372272968292236,-0.19409626722335815,-0.026632950712549786,0.010369539260864258,-0.29348862171173096,-0.04003717664312134,0.008200287818908691,-0.34993457794189453,-0.04632046360205422,0.009825289249420166,-0.39437031745910645,-0.049036975090015034,0.03310304880142212,-0.17392855882644653,-0.0348071521861435,0.024282753467559814,-0.24761492013931274,-0.0602915054900528,0.020649075508117676,-0.302457332611084,-0.07687013137768517,0.024476468563079834,-0.34880566596984863,-0.08741003561447869,0.052058637142181396,-0.13204234838485718,-0.042847908173310856,0.008313298225402832,-0.1325569748878479,-0.06908221829365502,-0.028789758682250977,-0.10429805517196655,-0.07598062146137963,-0.0537070631980896,-0.07446622848510742,-0.079466457550037
0.0,0.0,0.0,-0.033575594425201416,-0.03076714277267456,-0.016200386220113216,-0.05947941541671753,-0.08974123001098633,-0.025493424618140637,-0.06282997131347656,-0.1194048523902893,-0.033958807819978176,-0.04128295183181763,-0.12997931241989136,-0.043938003712789,-0.03467905521392822,-0.19456344842910767,-0.01950168074061054,-0.0509299635887146,-0.27407604455947876,-0.03408440598239082,-0.05932861566543579,-0.3217574954032898,-0.042104386025563656,-0.0608333945274353,-0.3622039556503296,-0.04876828216900009,-0.0006723999977111816,-0.19576895236968994,-0.02551620476831573,0.002267122268676758,-0.2930717468261719,-0.038204603129521786,0.0016273856163024902,-0.35505151748657227,-0.04551392444361824,0.004005074501037598,-0.40473031997680664,-0.04944525309790748,0.026619017124176025,-0.17166990041732788,-0.03370146476616043,0.016148865222930908,-0.23900765180587769,-0.05859874212135452,0.008327782154083252,-0.28985685110092163,-0.07627042778720039,0.008634805679321289,-0.33214980363845825,-0.08755763270844596,0.04524725675582886,-0.12873488664627075,-0.04238441609729904,-0.003104090690612793,-0.1255461573600769,-0.07052846648682731,-0.03873085975646973,-0.10099464654922485,-0.08052327879656929,-0.06001204252243042,-0.07565540075302124,-0.08587272115935463
0.0,0.0,0.0,-0.031188905239105225,-0.02749091386795044,-0.018476064052535435,-0.05770033597946167,-0.08475291728973389,-0.029860063191605946,-0.06108903884887695,-0.11552339792251587,-0.03994525663192405,-0.0396580696105957,-0.1305961012840271,-0.050716769617153545,-0.032700181007385254,-0.18714088201522827,-0.024985820721937557,-0.04898124933242798,-0.2692488431930542,-0.041177508156849285,-0.05734372138977051,-0.3174353241920471,-0.049170692186905285,-0.05836719274520874,-0.35831934213638306,-0.05544063515598907,0.001338660717010498,-0.18879163265228271,-0.029505534764481922,0.004436373710632324,-0.2865886688232422,-0.04544562168057098,0.005037426948547363,-0.3463389277458191,-0.052745387625051876,0.008989393711090088,-0.39575648307800293,-0.055819333266569515,0.028796017169952393,-0.1668418049812317,-0.03590820796425476,0.01839590072631836,-0.22738713026046753,-0.06306323103244438,0.009142875671386719,-0.26395583152770996,-0.07716702364022865,0.007948100566864014,-0.2966846823692322,-0.08438089184100761,0.04848480224609375,-0.12587130069732666,-0.04299387029941215,0.0014744997024536133,-0.12121766805648804,-0.07146437160308494,-0.03368175029754639,-0.09655022621154785,-0.07931527189548149,-0.05543649196624756,-0.07320398092269897,-0.08205976776416435
0.0,0.0,0.0,-0.03453141450881958,-0.029950201511383057,-0.013214917843967555,-0.06003236770629883,-0.0831405520439148,-0.022497937073737262,-0.06458830833435059,-0.11157041788101196,-0.03136354125085461,-0.04587757587432861,-0.12777763605117798,-0.04192645660582173,-0.03651517629623413,-0.19000035524368286,-0.01868155038896191,-0.05434376001358032,-0.27031004428863525,-0.03386918640676129,-0.06238001585006714,-0.317621111869812,-0.04221755451503384,-0.06356281042098999,-0.3584173023700714,-0.048758720969587444,-0.003641784191131592,-0.1926482915878296,-0.026318775480419276,-0.0022298693656921387,-0.29192090034484863,-0.04094140789452183,-0.00239640474319458,-0.35343289375305176,-0.049175498997598766,0.0007538795471191406,-0.4022452235221863,-0.05289172939005482,0.023219048976898193,-0.17020058631896973,-0.03571175969186413,0.009538233280181885,-0.2410556674003601,-0.06248412466588604,0.00290071964263916,-0.29622334241867065,-0.08203768542948353,0.0039746761322021484,-0.3416590690612793,-0.09390356949511158,0.04160064458847046,-0.12718641757965088,-0.04503928310218441,-0.004451870918273926,-0.12391382455825806,-0.07320287636461842,-0.04207676649093628,-0.09891968965530396,-0.0827573519105016,-0.06689047813415527,-0.07277852296829224,-0.08760247937384236
0.0,0.0,0.0,-0.03314095735549927,-0.02627277374267578,-0.01685421546477528,-0.06132817268371582,-0.08043545484542847,-0.02707009581405373,-0.06434512138366699,-0.10784345865249634,-0.03649787796217652,-0.0447230339050293,-0.12283098697662354,-0.046743216044490055,-0.03605318069458008,-0.18428856134414673,-0.02382590440589638,-0.05379152297973633,-0.27182936668395996,-0.04036537004191132,-0.061457037925720215,-0.31972336769104004,-0.04804942575771065,-0.06199157238006592,-0.36063793301582336,-0.05358862695771904,-0.002490520477294922,-0.1846599578857422,-0.029721330902759746,0.0009146332740783691,-0.2862606644630432,-0.04715313581306191,0.0014553666114807129,-0.3466048836708069,-0.0559758786626503,0.005315542221069336,-0.3951917290687561,-0.05924317059594841,0.0247495174407959,-0.16238242387771606,-0.03732897160131188,0.010520875453948975,-0.21772009134292603,-0.06634162930328102,0.0012379884719848633,-0.24953162670135498,-0.0821086299188778,0.0005950331687927246,-0.2776986360549927,-0.08923197356540413,0.044561564922332764,-0.12290489673614502,-0.045319015211646274,-0.0034483671188354492,-0.11795908212661743,-0.07399775651771279,-0.03991442918777466,-0.0942695140838623,-0.08178540138084145,-0.06296396255493164,-0.07148391008377075,-0.08400681433755608
0.0,0.0,0.0,-0.032338500022888184,-0.029791295528411865,-0.01912879823591851,-0.05814480781555176,-0.08218806982040405,-0.030340899442101943,-0.06018131971359253,-0.11040127277374268,-0.040344121594692695,-0.039157092571258545,-0.1288037896156311,-0.05093885092880868,-0.031115412712097168,-0.1894524097442627,-0.023794755999709594,-0.04835915565490723,-0.27336323261260986,-0.040833784927393424,-0.056720197200775146,-0.3217119574546814,-0.04976872979548119,-0.05858135223388672,-0.36336469650268555,-0.056054352511431205,0.002396106719970703,-0.18778133392333984,-0.02872780776467465,0.0054669976234436035,-0.28455477952957153,-0.04471384613659524,0.006396591663360596,-0.346310555934906,-0.052681865830685126,0.010385215282440186,-0.396983802318573,-0.05587058021571778,0.02823317050933838,-0.16256976127624512,-0.036007548411156165,0.01715797185897827,-0.21563869714736938,-0.06321579470183991,0.01038813591003418,-0.24827086925506592,-0.0785722236230626,0.010885953903198242,-0.2771146297454834,-0.08593358351733826,0.04628509283065796,-0.11938434839248657,-0.04406591757085465,0.0013396143913269043,-0.1170915961265564,-0.0717924635007634,-0.035153746604919434,-0.09649163484573364,-0.0791879023506894,-0.05951106548309326,-0.07552319765090942,-0.08128034575727128
0.0,0.0,0.0,-0.03182274103164673,-0.029820144176483154,-0.01566290598302711,-0.05767756700515747,-0.08472251892089844,-0.025169044024642595,-0.061311423778533936,-0.11012369394302368,-0.03442886587172378,-0.042323172092437744,-0.12468773126602173,-0.044691623411472925,-0.030093848705291748,-0.184969961643219,-0.020480311698611864,-0.04682278633117676,-0.26980918645858765,-0.03547169011026252,-0.055628836154937744,-0.3171786665916443,-0.04324641566663612,-0.057189106941223145,-0.3585042953491211,-0.04953426610618461,0.002343475818634033,-0.1860906481742859,-0.02698814425557483,0.004545629024505615,-0.28894495964050293,-0.04106216993122924,0.004839479923248291,-0.34856438636779785,-0.04982633631616462,0.008841216564178467,-0.3967939615249634,-0.05446591343670715,0.027870118618011475,-0.16279345750808716,-0.03534007932930816,0.01694929599761963,-0.21747064590454102,-0.06319830682068694,0.00839841365814209,-0.24203187227249146,-0.08085314299851287,0.007365703582763672,-0.2656167149543762,-0.089991630277928,0.04755854606628418,-0.12179398536682129,-0.04383447509199012,0.0011351704597473145,-0.1160726547241211,-0.07349270697623123,-0.0341607928276062,-0.09404993057250977,-0.08349748816281188,-0.057604193687438965,-0.0754895806312561,-0.08764149364024032
0.0,0.0,0.0,-0.03509223461151123,-0.029802799224853516,-0.016910399589491476,-0.0620497465133667,-0.08716416358947754,-0.026480793300819983,-0.06508207321166992,-0.1185370683670044,-0.03534073131139337,-0.0431634783744812,-0.13634753227233887,-0.04537244634683191,-0.033004164695739746,-0.19362324476242065,-0.018993609864068617,-0.050306081771850586,-0.273318886756897,-0.03456578152234613,-0.05869126319885254,-0.31931471824645996,-0.04396011056358873,-0.06048315763473511,-0.36006295680999756,-0.05168293537552415,0.0006256103515625,-0.19485795497894287,-0.024939983431053747,0.004479348659515381,-0.29095590114593506,-0.038957872707200636,0.0035269856452941895,-0.35122251510620117,-0.047214136738134016,0.0048329830169677734,-0.4019765853881836,-0.05164006846005975,0.027193844318389893,-0.17101001739501953,-0.033285719621730436,0.015622377395629883,-0.23942357301712036,-0.059405331779075254,0.007754147052764893,-0.28645801544189453,-0.07675385968740045,0.007721841335296631,-0.32680875062942505,-0.0873162199741131,0.044355154037475586,-0.1275160312652588,-0.04228709386642038,-0.0029684901237487793,-0.12506788969039917,-0.07165930168683587,-0.039914727210998535,-0.10254371166229248,-0.08199365930612146,-0.06347805261611938,-0.08001577854156494,-0.08723227428252756
0.0,0.0,0.0,-0.03464430570602417,-0.032312631607055664,-0.014095716829879201,-0.060635387897491455,-0.0891994833946228,-0.02324028564570657,-0.06301510334014893,-0.11817556619644165,-0.03199728643475286,-0.04187619686126709,-0.13610637187957764,-0.042211671079976476,-0.031510114669799805,-0.19155079126358032,-0.018416504095776,-0.04877614974975586,-0.27615225315093994,-0.03222277825651876,-0.05770373344421387,-0.3226346969604492,-0.04033156176982633,-0.058698296546936035,-0.3632364273071289,-0.04746849155007116,0.0012775659561157227,-0.19420069456100464,-0.025448414217216886,0.004012048244476318,-0.29509514570236206,-0.038433839287145055,0.002392411231994629,-0.35614150762557983,-0.047558185364587224,0.0044255852699279785,-0.405620813369751,-0.053123914356810964,0.02721703052520752,-0.17196959257125854,-0.03416105797467939,0.015247583389282227,-0.24692761898040771,-0.05945561146317235,0.00807410478591919,-0.3006153106689453,-0.07928106998978368,0.008952438831329346,-0.34491556882858276,-0.09254084592638723,0.045038461685180664,-0.12975960969924927,-0.043000452871901906,-0.002396523952484131,-0.12841570377349854,-0.07154697244940511,-0.038989365100860596,-0.10687810182571411,-0.08304309165058843,-0.062103092670440674,-0.08433151245117188,-0.08984400397120229
0.0,0.0,0.0,-0.03699010610580444,-0.02983933687210083,-0.016956189030821633,-0.06530046463012695,-0.08526021242141724,-0.02801746627133639,-0.06989926099777222,-0.11596864461898804,-0.038209594169671846,-0.0493890643119812,-0.13231509923934937,-0.049405041465576005,-0.037481606006622314,-0.1886863112449646,-0.022359106073196244,-0.055689334869384766,-0.2731750011444092,-0.03862175656300337,-0.06333106756210327,-0.32020115852355957,-0.047516900429542375,-0.06404292583465576,-0.36069825291633606,-0.054404813179786515,-0.004320323467254639,-0.19085657596588135,-0.028256138170178247,-0.0016137957572937012,-0.292086124420166,-0.042753081152255845,-0.00016307830810546875,-0.35286933183670044,-0.05077335176807196,0.00482785701751709,-0.40154749155044556,-0.05489946095090659,0.02191561460494995,-0.16930896043777466,-0.03628693459373267,0.006537258625030518,-0.24093097448349,-0.06257500810366423,-0.0018593668937683105,-0.2883385419845581,-0.08011532885771544,-0.0017652511596679688,-0.3267395496368408,-0.09068765057068617,0.03933221101760864,-0.12867724895477295,-0.04489906070571692,-0.008139371871948242,-0.12713581323623657,-0.07349995834570677,-0.04505199193954468,-0.10543125867843628,-0.08376796854477675,-0.0689803957939148,-0.08353286981582642,-0.08903256369572432
0.0,0.0,0.0,-0.031499505043029785,-0.028596878051757812,-0.018091894880052806,-0.05795097351074219,-0.0844544768333435,-0.029139690294977427,-0.060418009757995605,-0.11291289329528809,-0.03942386639129758,-0.03809773921966553,-0.12757748365402222,-0.05008089748036504,-0.028439044952392578,-0.1881023645401001,-0.022164425075169802,-0.047233402729034424,-0.27007800340652466,-0.03834681418549657,-0.05574589967727661,-0.31816762685775757,-0.04687323254358411,-0.05611974000930786,-0.35840535163879395,-0.05343291741621137,0.0051839351654052734,-0.18932926654815674,-0.027417777299996615,0.008060455322265625,-0.2913435101509094,-0.0423973409534657,0.011155366897583008,-0.35016030073165894,-0.048627013534423114,0.01765996217727661,-0.3959274888038635,-0.05081976410758138,0.03163719177246094,-0.1654585599899292,-0.03492187541734815,0.020490050315856934,-0.2212921380996704,-0.061403388351317645,0.013784468173980713,-0.2467551827430725,-0.0738512931467259,0.014115393161773682,-0.26881474256515503,-0.07926834207784772,0.05081009864807129,-0.12165629863739014,-0.04329989311110616,0.004440128803253174,-0.11980950832366943,-0.07052042913448453,-0.03145039081573486,-0.09903401136398315,-0.07685431671154141,-0.055261850357055664,-0.07856684923171997,-0.07821959835302472
0.0,0.0,0.0,-0.02022022008895874,-0.01731085777282715,-0.010037462651345308,-0.033985137939453125,-0.04228872060775757,-0.016165542840573366,-0.032945096492767334,-0.059706926345825195,-0.021701504900667246,-0.020265936851501465,-0.07028263807296753,-0.027551292866084154,-0.019243180751800537,-0.10593098402023315,-0.007970039225730474,-0.027205824851989746,-0.13654649257659912,-0.016458030283066805,-0.03225451707839966,-0.1572619080543518,-0.023185552522155817,-0.034491002559661865,-0.1763051152229309,-0.028132335707161005,-0.0017554163932800293,-0.10755157470703125,-0.010690429672214563,0.004013776779174805,-0.151189923286438,-0.01711046645006853,0.004878342151641846,-0.17922192811965942,-0.020382267847272928,0.006889998912811279,-0.20491307973861694,-0.021975168451282556,0.011991918087005615,-0.09612244367599487,-0.015052208169910486,0.011117875576019287,-0.12804925441741943,-0.0257012317474814,0.009905815124511719,-0.15357130765914917,-0.031920607626053865,0.011534810066223145,-0.17708832025527954,-0.03576368042788225,0.02067744731903076,-0.07337594032287598,-0.020274925469967897,0.002174079418182373,-0.07640582323074341,-0.03071316280922609,-0.014104664325714111,-0.06292325258255005,-0.03153771483859735,-0.024441242218017578,-0.0467868447303772,-0.031232138588640268
0.0,0.0,0.0,-0.018617630004882812,-0.019313037395477295,-0.010661150684324383,-0.0330081582069397,-0.04477971792221069,-0.017288253998128056,-0.03282153606414795,-0.060676634311676025,-0.023617861216632008,-0.022669672966003418,-0.07345789670944214,-0.029899047111836552,-0.016694366931915283,-0.10591667890548706,-0.009247925488022446,-0.0247342586517334,-0.1379072666168213,-0.018662826513615727,-0.02897554636001587,-0.1597827672958374,-0.025628473033872723,-0.030994415283203125,-0.17996490001678467,-0.03051804879840958,0.0017570257186889648,-0.10804688930511475,-0.012068720889953255,0.008026301860809326,-0.15428388118743896,-0.019397211616603016,0.008469998836517334,-0.1849309504032135,-0.023230470141140103,0.008989691734313965,-0.21174028515815735,-0.02525504807170975,0.015958070755004883,-0.09701818227767944,-0.01652094664212811,0.012605786323547363,-0.12268507480621338,-0.027622118016449093,0.009185373783111572,-0.13614457845687866,-0.03244371468361962,0.008378982543945312,-0.149187833070755,-0.03477827215727913,0.025107383728027344,-0.07567787170410156,-0.02201439755198109,0.005872666835784912,-0.07803511619567871,-0.0316461784594928,-0.009581267833709717,-0.06662940979003906,-0.03179036582049477,-0.01995086669921875,-0.053530335426330566,-0.03090991394754994
0.0,0.0,0.0,-0.01913529634475708,-0.021850287914276123,-0.00840492933179604,-0.030601799488067627,-0.048591792583465576,-0.013866892225401273,-0.0283890962600708,-0.06472432613372803,-0.01903184238012301,-0.018139183521270752,-0.07903403043746948,-0.024851790770249238,-0.01581639051437378,-0.10992491245269775,-0.007477285481350293,-0.02296125888824463,-0.1462140679359436,-0.014861574537412992,-0.027794301509857178,-0.16863542795181274,-0.020629649191455712,-0.030009150505065918,-0.18941926956176758,-0.025140448614315858,0.0009551048278808594,-0.11128085851669312,-0.011263513147191873,0.006495773792266846,-0.1605079472064972,-0.01765338811214434,0.007853448390960693,-0.1923387348651886,-0.02200548644299971,0.010213375091552734,-0.22006720304489136,-0.024605748384551873,0.014762520790100098,-0.1001272201538086,-0.016353846668557992,0.013023316860198975,-0.1374332308769226,-0.027614793881134858,0.012036323547363281,-0.1674746572971344,-0.03649065750773417,0.013839304447174072,-0.1939936876296997,-0.04264711323316561,0.024503767490386963,-0.07733845710754395,-0.021943786322431436,0.005298912525177002,-0.08202767372131348,-0.03327556061680781,-0.011442780494689941,-0.06844490766525269,-0.03564808252389895,-0.022234737873077393,-0.05184364318847656,-0.03682307261164652
0.0,0.0,0.0,-0.019508183002471924,-0.021670937538146973,-0.005978935658768947,-0.030240178108215332,-0.048608601093292236,-0.00909512516094857,-0.027816474437713623,-0.05985063314437866,-0.011962108574644859,-0.020636320114135742,-0.07088375091552734,-0.015252146199182803,-0.020313382148742676,-0.10896170139312744,-0.005540078300819928,-0.026554584503173828,-0.1510443091392517,-0.011623113676742847,-0.02900087833404541,-0.17509043216705322,-0.015278618112043674,-0.029618680477142334,-0.1964244842529297,-0.017756478190259273,-0.002483665943145752,-0.10786527395248413,-0.009294309913949306,0.006101489067077637,-0.15760540962219238,-0.014700098223821456,0.010552287101745605,-0.1853601336479187,-0.017755919396714503,0.015585064888000488,-0.20700299739837646,-0.01871018044634276,0.012170493602752686,-0.09470909833908081,-0.014041818938986594,0.010299503803253174,-0.12458932399749756,-0.024979184642271335,0.010893285274505615,-0.1514187455177307,-0.033495820388035114,0.014283597469329834,-0.17369866371154785,-0.03844456307573729,0.023234844207763672,-0.07182550430297852,-0.018897486179904277,0.003888070583343506,-0.07157385349273682,-0.02871079489572459,-0.014870941638946533,-0.05778282880783081,-0.02965288728459292,-0.027306556701660156,-0.04084378480911255,-0.02939341709001475
0.0,0.0,0.0,-0.021304070949554443,-0.023804426193237305,-0.007045350508089854,-0.03316015005111694,-0.05351942777633667,-0.011525118728425099,-0.030654728412628174,-0.06560659408569336,-0.015641161245550705,-0.02145540714263916,-0.07594019174575806,-0.020555949774827553,-0.0190088152885437,-0.11224532127380371,-0.0076123690281768575,-0.02451878786087036,-0.152593731880188,-0.014438806106593205,-0.02713090181350708,-0.17567622661590576,-0.01891309675320585,-0.02844715118408203,-0.19731786847114563,-0.022313713100995614,0.00045418739318847656,-0.1119125485420227,-0.011383049194957806,0.009623825550079346,-0.1590791940689087,-0.01656857040270765,0.014058828353881836,-0.18715065717697144,-0.02055700216933687,0.019189000129699707,-0.2114851474761963,-0.02287437301620443,0.015310823917388916,-0.09910476207733154,-0.01623588335260351,0.012806296348571777,-0.1274988055229187,-0.027560087857093407,0.013846218585968018,-0.15330761671066284,-0.03775093425556619,0.01777583360671997,-0.17645400762557983,-0.04449348245307405,0.02611762285232544,-0.0768657922744751,-0.021206068811263634,0.003322005271911621,-0.07595473527908325,-0.03298050631329019,-0.015488624572753906,-0.061431944370269775,-0.036093295556749894,-0.028410255908966064,-0.04611623287200928,-0.03761298675581415
0.0,0.0,0.0,-0.017921864986419678,-0.021636128425598145,-0.008170091550522729,-0.029360592365264893,-0.051229774951934814,-0.012659421194070264,-0.028566300868988037,-0.06494814157485962,-0.01674942393200962,-0.01989912986755371,-0.07650148868560791,-0.021444494839483186,-0.014581084251403809,-0.11094087362289429,-0.00744053023281066,-0.02123892307281494,-0.15281689167022705,-0.01479076966988413,-0.02504485845565796,-0.17693328857421875,-0.01968574803667633,-0.027456998825073242,-0.19805821776390076,-0.02301720809536545,0.003607034683227539,-0.11097991466522217,-0.010697253051870748,0.011632144451141357,-0.15999293327331543,-0.015647538941079064,0.015464186668395996,-0.18735003471374512,-0.018814920451217576,0.01998668909072876,-0.20965871214866638,-0.020327263515168115,0.017604529857635498,-0.09804332256317139,-0.015324315990978166,0.014963150024414062,-0.12757134437561035,-0.026577875952893182,0.01572209596633911,-0.15272831916809082,-0.035765840675407334,0.01954752206802368,-0.17531728744506836,-0.04161306005316345,0.027611374855041504,-0.0751345157623291,-0.020268619995289727,0.006660878658294678,-0.0748065710067749,-0.031825344081693574,-0.012086451053619385,-0.06052958965301514,-0.034255004491382524,-0.024991214275360107,-0.04516041278839111,-0.03513028379874794
0.0,0.0,0.0,-0.01911240816116333,-0.02285224199295044,-0.006897329927226359,-0.029002785682678223,-0.05241501331329346,-0.010900298242261464,-0.026465654373168945,-0.06496471166610718,-0.014615502317240292,-0.018962204456329346,-0.07916116714477539,-0.019083061364283616,-0.015909194946289062,-0.11103171110153198,-0.007213977739950472,-0.02276015281677246,-0.1554487943649292,-0.014026709009697491,-0.026459693908691406,-0.18003129959106445,-0.018422237706174904,-0.028355121612548828,-0.20181995630264282,-0.02140454120635038,0.0027347207069396973,-0.11101967096328735,-0.010715902891745621,0.009386181831359863,-0.1607680320739746,-0.01562447484283691,0.013149797916412354,-0.18996232748031616,-0.018842267912616784,0.018048882484436035,-0.21453076601028442,-0.020505298969140107,0.01712644100189209,-0.09851312637329102,-0.015359183882167393,0.014001607894897461,-0.13000530004501343,-0.026367808800926262,0.014303982257843018,-0.1568526029586792,-0.035503677201261574,0.017759501934051514,-0.18102866411209106,-0.041450730633726174,0.027462244033813477,-0.07585710287094116,-0.02016320556103235,0.006817996501922607,-0.07747828960418701,-0.031122435924401337,-0.012657225131988525,-0.06347817182540894,-0.032969846498956734,-0.026438236236572266,-0.04784935712814331,-0.03358635224102979
0.0,0.0,0.0,-0.02005225419998169,-0.022872209548950195,-0.0060796690685909205,-0.031051993370056152,-0.05302852392196655,-0.008943598675565045,-0.027726292610168457,-0.06563758850097656,-0.011729283216432851,-0.018025457859039307,-0.07754355669021606,-0.015331245916919034,-0.01873248815536499,-0.11172670125961304,-0.004843336953805011,-0.025656461715698242,-0.15275174379348755,-0.011387503664032739,-0.02964329719543457,-0.1770527958869934,-0.015790574210719388,-0.03210669755935669,-0.19848516583442688,-0.019047295632795613,-0.0002243518829345703,-0.11228448152542114,-0.009027797686890882,0.007900595664978027,-0.16140562295913696,-0.013807482044235986,0.011202514171600342,-0.18907755613327026,-0.017200930002168935,0.015278935432434082,-0.2117905616760254,-0.018863946157531064,0.014166653156280518,-0.09971463680267334,-0.014442754867510121,0.01181018352508545,-0.1304197907447815,-0.0259841419337552,0.012858390808105469,-0.15608257055282593,-0.03594464804513864,0.017234206199645996,-0.17914408445358276,-0.04239032040818147,0.02412039041519165,-0.07709461450576782,-0.019923586356477063,0.0019137263298034668,-0.07586973905563354,-0.0324088185606759,-0.017024099826812744,-0.060705363750457764,-0.035628437954024594,-0.02937328815460205,-0.04479551315307617,-0.03707391764505319
0.0,0.0,0.0,-0.020883560180664062,-0.02313297986984253,-0.0053941495664986405,-0.0316699743270874,-0.052567243576049805,-0.00846936646333063,-0.030461132526397705,-0.06566494703292847,-0.011486073019412402,-0.021268129348754883,-0.07812696695327759,-0.015138746234086398,-0.016880929470062256,-0.11402255296707153,-0.005052498536613825,-0.024397432804107666,-0.1565144658088684,-0.01127933058371866,-0.028407514095306396,-0.18071424961090088,-0.014808034519163016,-0.03034687042236328,-0.20257067680358887,-0.01713368109842861,0.0013541579246520996,-0.11437386274337769,-0.009307621041742209,0.009252369403839111,-0.1626371145248413,-0.014658691356387976,0.012525439262390137,-0.1910664439201355,-0.01757190189739788,0.01752185821533203,-0.21574586629867554,-0.018476435909477118,0.015062212944030762,-0.10149341821670532,-0.014644348057416323,0.011182129383087158,-0.12876564264297485,-0.02642931416114891,0.01132345199584961,-0.15467458963394165,-0.035520168016162756,0.015630364418029785,-0.17871320247650146,-0.040699800471273306,0.023682117462158203,-0.07911872863769531,-0.019923828537073973,0.0017358660697937012,-0.07813572883605957,-0.030240295449701193,-0.016508877277374268,-0.06235527992248535,-0.03146456367751682,-0.02819007635116577,-0.045744359493255615,-0.031458983192649725
0.0,0.0,0.0,-0.01797860860824585,-0.02301621437072754,-0.006698204965378429,-0.028045475482940674,-0.05242586135864258,-0.010696647052700903,-0.024750232696533203,-0.06422299146652222,-0.014355833006139185,-0.015903949737548828,-0.0759076476097107,-0.018751628060872938,-0.012993693351745605,-0.11422848701477051,-0.00679555704542556,-0.01975172758102417,-0.15544778108596802,-0.013664530885453607,-0.023483991622924805,-0.1779199242591858,-0.018188392107422735,-0.02569824457168579,-0.19798147678375244,-0.021369780709083463,0.005701899528503418,-0.11326605081558228,-0.010723690797622587,0.014951050281524658,-0.16090631484985352,-0.016308383380110647,0.019061148166656494,-0.18795764446258545,-0.020044609268243696,0.024076223373413086,-0.2110927700996399,-0.021855584641034986,0.01940608024597168,-0.09999257326126099,-0.015788625289733793,0.01708066463470459,-0.12817132472991943,-0.027790333439643766,0.01854085922241211,-0.15571796894073486,-0.03838084574514189,0.023478567600250244,-0.18053466081619263,-0.0452579328017787,0.028363823890686035,-0.07699084281921387,-0.02090115409069815,0.006030440330505371,-0.07534617185592651,-0.03296998824649611,-0.013725101947784424,-0.06036806106567383,-0.036104779054458525,-0.026984095573425293,-0.04418987035751343,-0.0376113460558013
0.0,0.0,0.0,-0.016265511512756348,-0.02064371109008789,-0.005691017205484594,-0.026675641536712646,-0.05059856176376343,-0.007962679671712602,-0.026227355003356934,-0.06192129850387573,-0.01014747675008365,-0.01775825023651123,-0.07218849658966064,-0.013123310352333273,-0.010745108127593994,-0.11426740884780884,-0.004059201287694658,-0.017430782318115234,-0.15566319227218628,-0.008939791652031626,-0.020975947380065918,-0.17871487140655518,-0.011968270125456537,-0.022463083267211914,-0.1989128589630127,-0.01414888929075786,0.007449090480804443,-0.11423110961914062,-0.007775929937728132,0.016786515712738037,-0.1627458930015564,-0.011308000604279722,0.020817160606384277,-0.1894916296005249,-0.013254304597743238,0.026064813137054443,-0.2104964256286621,-0.013846773835488047,0.020714402198791504,-0.10059070587158203,-0.01268633380032369,0.019675791263580322,-0.12852638959884644,-0.023450046027668203,0.02109628915786743,-0.15422725677490234,-0.03268729075289556,0.025387883186340332,-0.17669767141342163,-0.03838002234197446,0.029254496097564697,-0.07639998197555542,-0.017585215340026106,0.010658681392669678,-0.07559096813201904,-0.02872109524405786,-0.007348239421844482,-0.06059819459915161,-0.030756599451072897,-0.02014005184173584,-0.0444636344909668,-0.03124155215419122
0.0,0.0,0.0,-0.02072387933731079,-0.020113706588745117,-0.007446054971666172,-0.03174501657485962,-0.04792749881744385,-0.011473238604963854,-0.027418076992034912,-0.06311297416687012,-0.015034360016585424,-0.01757270097732544,-0.07944148778915405,-0.019306004184187486,-0.01903444528579712,-0.11389464139938354,-0.007011426749528482,-0.02583974599838257,-0.15471065044403076,-0.012863436850608423,-0.029024183750152588,-0.17931842803955078,-0.016634578022063806,-0.029742658138275146,-0.20156502723693848,-0.01978199942678316,-4.971027374267578e-05,-0.11378514766693115,-0.010599519262910917,0.009185612201690674,-0.16032272577285767,-0.015156624975503519,0.014709532260894775,-0.18838751316070557,-0.018235759946406915,0.02161586284637451,-0.21221792697906494,-0.020096028360427454,0.013912975788116455,-0.10061806440353394,-0.015469844589830473,0.012103259563446045,-0.13097542524337769,-0.026974307509959772,0.013083875179290771,-0.15823543071746826,-0.03729860498279436,0.017996013164520264,-0.1822606325149536,-0.044400245088041856,0.023570775985717773,-0.07737278938293457,-0.02048753215640886,9.906291961669922e-05,-0.0751645565032959,-0.03385819880932672,-0.019393742084503174,-0.05921095609664917,-0.03824168457359178,-0.03128010034561157,-0.04267323017120361,-0.040632803129852846
0.0,0.0,0.0,-0.019038736820220947,-0.02314615249633789,-0.005614553493096253,-0.030235886573791504,-0.053246378898620605,-0.008516573262049576,-0.028433620929718018,-0.0648847222328186,-0.01138258903159084,-0.018648386001586914,-0.07292944192886353,-0.014913867142631432,-0.014414548873901367,-0.11581480503082275,-0.003463342467902919,-0.021063923835754395,-0.15804624557495117,-0.008785897780789753,-0.024715900421142578,-0.18148279190063477,-0.011993666094376465,-0.026195943355560303,-0.20209220051765442,-0.014244104650451561,0.004533052444458008,-0.11465907096862793,-0.007431602486057898,0.013990640640258789,-0.16200071573257446,-0.012143199246956726,0.018237948417663574,-0.18955743312835693,-0.014877329495384117,0.02391672134399414,-0.2125532627105713,-0.0156411574302453,0.018591463565826416,-0.1009523868560791,-0.012640711766316315,0.015504181385040283,-0.12830907106399536,-0.024314879354669472,0.01683574914932251,-0.15497183799743652,-0.03426637212617578,0.021625518798828125,-0.17858445644378662,-0.04006582955701532,0.027956843376159668,-0.07756543159484863,-0.017826347526742836,0.006277680397033691,-0.07623076438903809,-0.02919158982916059,-0.013273477554321289,-0.06128358840942383,-0.031535134565665146,-0.026666224002838135,-0.044663310050964355,-0.032128610563113114
0.0,0.0,0.0,-0.01745063066482544,-0.022840678691864014,-0.0044992009890449935,-0.02696436643600464,-0.052795350551605225,-0.006876003254689067,-0.024700045585632324,-0.0648413896560669,-0.009237836372591346,-0.01713252067565918,-0.07754623889923096,-0.012139830995835155,-0.01333695650100708,-0.11513471603393555,-0.00437672834519276,-0.020292818546295166,-0.1587965488433838,-0.009991482157744258,-0.024694979190826416,-0.1818854808807373,-0.012911884371675342,-0.0270845890045166,-0.20173466205596924,-0.014642121527828067,0.005097925662994385,-0.11438494920730591,-0.008509772155917972,0.014626920223236084,-0.16393065452575684,-0.013843546879030555,0.01896214485168457,-0.19097965955734253,-0.016050472181774467,0.02427011728286743,-0.2129233479499817,-0.016068688851333945,0.018878698348999023,-0.10093921422958374,-0.013633069839812606,0.014903485774993896,-0.12905484437942505,-0.02529993027124533,0.016942977905273438,-0.15718865394592285,-0.0345555555788053,0.02214568853378296,-0.18224602937698364,-0.03974685191784033,0.027675151824951172,-0.0770883560180664,-0.018596030097938865,0.006236016750335693,-0.07623398303985596,-0.028687269684411376,-0.013664424419403076,-0.06225407123565674,-0.029853967275954574,-0.02792799472808838,-0.0457879900932312,-0.029724746268726676
0.0,0.0,0.0,-0.018601179122924805,-0.023017823696136475,-0.005492216217939827,-0.029793620109558105,-0.05419433116912842,-0.007892428207819435,-0.02746480703353882,-0.06372487545013428,-0.01036866312814233,-0.016183197498321533,-0.06884396076202393,-0.0137292409871268,-0.0137939453125,-0.11532580852508545,-0.003290944974546406,-0.019750595092773438,-0.15787583589553833,-0.00835616352004287,-0.022744953632354736,-0.18072068691253662,-0.011561895031158897,-0.024056613445281982,-0.20065245032310486,-0.013916096891884777,0.005418360233306885,-0.11445409059524536,-0.007459909896974537,0.01636815071105957,-0.16311293840408325,-0.010948752294902775,0.021248698234558105,-0.18947207927703857,-0.014063862394218418,0.027145981788635254,-0.21081560850143433,-0.015599583517436955,0.019709467887878418,-0.10035496950149536,-0.01280572103304145,0.017347395420074463,-0.1269870400428772,-0.023839248586122963,0.018159031867980957,-0.1530545949935913,-0.03514589766008136,0.022445738315582275,-0.17579865455627441,-0.0424029270742583,0.029507577419281006,-0.07707208395004272,-0.018056240174596283,0.006956875324249268,-0.07401949167251587,-0.029834371301953766,-0.012303829193115234,-0.0590662956237793,-0.03357944289190051,-0.02512383460998535,-0.0430222749710083,-0.03546582559091327
0.0,0.0,0.0,-0.020795464515686035,-0.020342767238616943,-0.006269248748285605,-0.03159642219543457,-0.048591554164886475,-0.009252945041371419,-0.028927743434906006,-0.060507357120513916,-0.012065227223647668,-0.02129185199737549,-0.07264494895935059,-0.01560140874804361,-0.01806575059890747,-0.11411702632904053,-0.005162929730577304,-0.02404308319091797,-0.15579009056091309,-0.010442129416478707,-0.027524590492248535,-0.17899274826049805,-0.01374503046841724,-0.029305219650268555,-0.19989904761314392,-0.016126736147416665,0.0008762478828430176,-0.11387896537780762,-0.00886314184041126,0.009814143180847168,-0.16054725646972656,-0.01245796688468559,0.014955520629882812,-0.18825125694274902,-0.01488288965643747,0.021140336990356445,-0.2111566662788391,-0.015968364743603303,0.014653027057647705,-0.10008049011230469,-0.01381763358236654,0.01302725076675415,-0.12918323278427124,-0.02420002695740564,0.014511168003082275,-0.15653496980667114,-0.03427499447585447,0.019205033779144287,-0.18057847023010254,-0.04083951104999883,0.02372521162033081,-0.07653725147247314,-0.01883987811030252,0.0022935867309570312,-0.07348841428756714,-0.030040505422366692,-0.01601356267929077,-0.058320820331573486,-0.03318918038727148,-0.027994930744171143,-0.04166322946548462,-0.034657615317119195
0.0,0.0,0.0,-0.02060067653656006,-0.022908806800842285,-0.005167235564503159,-0.029476404190063477,-0.05244868993759155,-0.0077368192747862,-0.025603890419006348,-0.06644874811172485,-0.010168217532399382,-0.018974602222442627,-0.0820806622505188,-0.013351608477595533,-0.015269041061401367,-0.11422425508499146,-0.004743042346152748,-0.021775007247924805,-0.1547037959098816,-0.010273917056682791,-0.026370882987976074,-0.17912238836288452,-0.013500489704373564,-0.028762996196746826,-0.2006937861442566,-0.01586477406329223,0.0030414462089538574,-0.11345255374908447,-0.008724250309231962,0.012147247791290283,-0.15991419553756714,-0.01336897112435409,0.01682865619659424,-0.18829011917114258,-0.01628633350140163,0.02316904067993164,-0.21204695105552673,-0.01767085999256679,0.01622474193572998,-0.09963834285736084,-0.013809979371789183,0.01393139362335205,-0.1278829574584961,-0.02572526916867801,0.01499783992767334,-0.15325307846069336,-0.03613535448915073,0.020110487937927246,-0.17618048191070557,-0.042656460255447115,0.02479541301727295,-0.07655787467956543,-0.018713773638072695,-0.00025087594985961914,-0.07356101274490356,-0.030717569813194956,-0.02024465799331665,-0.0592312216758728,-0.034384576082292284,-0.03266310691833496,-0.044362664222717285,-0.036270806044402804
0.0,0.0,0.0,-0.0189208984375,-0.02811121940612793,-0.0065530959078317075,-0.02665102481842041,-0.063912034034729,-0.008957666487360516,-0.021179616451263428,-0.08440345525741577,-0.010685552054012337,-0.014083921909332275,-0.10451418161392212,-0.012887539484465638,-0.016944468021392822,-0.11588704586029053,-0.006237429243439951,-0.02484816312789917,-0.15792125463485718,-0.012340359532201806,-0.028674066066741943,-0.18170255422592163,-0.015987272516751805,-0.03086245059967041,-0.2027784287929535,-0.018517469198370495,0.0016449689865112305,-0.11445128917694092,-0.009577624642217675,0.011303544044494629,-0.16266602277755737,-0.014353423521781483,0.01636606454849243,-0.18979746103286743,-0.017114215672874966,0.022049248218536377,-0.211980938911438,-0.01804773244347624,0.015699923038482666,-0.10081857442855835,-0.014062524915600338,0.011720478534698486,-0.12985265254974365,-0.025528888360524693,0.01293790340423584,-0.1569347381591797,-0.03569264817323736,0.018054187297821045,-0.18100225925445557,-0.04215126592006735,0.025266289710998535,-0.07758885622024536,-0.01858086805131487,0.0002542734146118164,-0.07600557804107666,-0.030752838731670895,-0.020433247089385986,-0.06264901161193848,-0.03427441153016142,-0.033969342708587646,-0.04852372407913208,-0.03592366832580618
0.0,0.0,0.0,-0.017226874828338623,-0.02119523286819458,-0.007269722548376212,-0.028573274612426758,-0.05017375946044922,-0.011531396442155728,-0.02563321590423584,-0.06289011240005493,-0.015310711831848511,-0.014949262142181396,-0.07348465919494629,-0.019475772650043854,-0.011540234088897705,-0.11278992891311646,-0.007344317761312613,-0.018256664276123047,-0.1543540358543396,-0.0144055678034829,-0.02297389507293701,-0.17742830514907837,-0.019036898062627206,-0.025877177715301514,-0.19749996066093445,-0.022012022928397545,0.007311105728149414,-0.11134707927703857,-0.01083609894762505,0.017895162105560303,-0.15936070680618286,-0.01623515379528273,0.0225333571434021,-0.1855805516242981,-0.019222665251295457,0.027705132961273193,-0.20736554265022278,-0.02027836968104113,0.02082383632659912,-0.09757751226425171,-0.015497597538928876,0.017727673053741455,-0.12639647722244263,-0.026920383469264397,0.01836538314819336,-0.15264427661895752,-0.03597355415026415,0.022072434425354004,-0.1757678985595703,-0.041410112426679024,0.02927076816558838,-0.0740082859992981,-0.020376104534666428,0.008821666240692139,-0.07398718595504761,-0.031096083716552148,-0.009917914867401123,-0.05926799774169922,-0.03274661083618868,-0.022708535194396973,-0.04203921556472778,-0.03303542886773814
0.0,0.0,0.0,-0.018665790557861328,-0.0210496187210083,-0.0047442463602997975,-0.02856999635696411,-0.047990500926971436,-0.0075691167641558366,-0.026333272457122803,-0.059932827949523926,-0.010422304962215634,-0.018361449241638184,-0.07307034730911255,-0.014035119433341237,-0.013979494571685791,-0.11170673370361328,-0.004657725561795445,-0.0209733247756958,-0.15270042419433594,-0.01019086571448824,-0.0253143310546875,-0.1776750087738037,-0.013349383827684136,-0.027420878410339355,-0.19989800453186035,-0.015601081531880112,0.004111349582672119,-0.11158186197280884,-0.008945048544941159,0.01283043622970581,-0.15795910358428955,-0.013405116033194275,0.017392516136169434,-0.18608856201171875,-0.015980201531586857,0.02361816167831421,-0.2094237506389618,-0.016935293320951672,0.016913771629333496,-0.09785217046737671,-0.014256210755942078,0.015134274959564209,-0.1275821328163147,-0.0259035199325659,0.016930580139160156,-0.153670072555542,-0.03598679298573515,0.022587180137634277,-0.1767672896385193,-0.04209847072177908,0.02524203062057495,-0.07458001375198364,-0.01933948205822489,0.0020461678504943848,-0.07282370328903198,-0.03082667918914339,-0.016153395175933838,-0.05796337127685547,-0.03384490007573149,-0.02706843614578247,-0.04131746292114258,-0.03508032554799101
0.0,0.0,0.0,-0.020352602005004883,-0.019110023975372314,-0.0064786674752177476,-0.030237793922424316,-0.04751366376876831,-0.010452827189052272,-0.02651304006576538,-0.06182187795639038,-0.013845534745538401,-0.016693413257598877,-0.07685011625289917,-0.017994248989904094,-0.014787256717681885,-0.11081075668334961,-0.008453671570801902,-0.022063374519348145,-0.15188157558441162,-0.015065151017093825,-0.026308000087738037,-0.17644691467285156,-0.018866665411675143,-0.028501391410827637,-0.19900059700012207,-0.021505143243754077,0.003771364688873291,-0.11107122898101807,-0.012032338168406653,0.012521445751190186,-0.15905827283859253,-0.017948083329880404,0.0181351900100708,-0.18749845027923584,-0.020992472518170047,0.02514016628265381,-0.21180027723312378,-0.02199411553510444,0.017319560050964355,-0.09851640462875366,-0.016529595229709315,0.01391303539276123,-0.12929534912109375,-0.02944227655597942,0.016503512859344482,-0.15654075145721436,-0.03962104370065944,0.022660672664642334,-0.18118301033973694,-0.04566170622774379,0.02620828151702881,-0.07624256610870361,-0.02085675646730678,0.003225982189178467,-0.07447558641433716,-0.0333182995504977,-0.015027046203613281,-0.05797845125198364,-0.036203477282011676,-0.026454687118530273,-0.04052376747131348,-0.03722413604327457
0.0,0.0,0.0,-0.01969045400619507,-0.02177196741104126,-0.006534103751322462,-0.030496418476104736,-0.05127894878387451,-0.010610805340251162,-0.02984440326690674,-0.06523138284683228,-0.014318752549728586,-0.019934475421905518,-0.07712739706039429,-0.01865335505469723,-0.015294373035430908,-0.11365848779678345,-0.007476496491721107,-0.022476553916931152,-0.15759962797164917,-0.01541724473251982,-0.02726036310195923,-0.18260538578033447,-0.020190329738101198,-0.030227303504943848,-0.20424920320510864,-0.02297490786775036,0.0034403204917907715,-0.11392873525619507,-0.01112316686674042,0.012919485569000244,-0.1623244285583496,-0.017364002280077173,0.01851820945739746,-0.1909959316253662,-0.02045391451581402,0.02532750368118286,-0.215550035238266,-0.02134425517185612,0.016983449459075928,-0.10140389204025269,-0.015967305265506937,0.014412522315979004,-0.12977290153503418,-0.028504583500465586,0.016876161098480225,-0.15588849782943726,-0.03782882679267807,0.022816896438598633,-0.17978787422180176,-0.04302606496973915,0.025282740592956543,-0.07928472757339478,-0.020842778943618967,0.00362318754196167,-0.07881754636764526,-0.032336337007722094,-0.015212297439575195,-0.06227391958236694,-0.03385921705528183,-0.02779155969619751,-0.04469931125640869,-0.0337403802947609
0.0,0.0,0.0,-0.019091665744781494,-0.020010948181152344,-0.00745823352392172,-0.02850419282913208,-0.05080050230026245,-0.01157810843344187,-0.022445857524871826,-0.06613993644714355,-0.015065113331930391,-0.01086568832397461,-0.08099204301834106,-0.0193017071744368,-0.01284700632095337,-0.11288011074066162,-0.007972425099270097,-0.017485618591308594,-0.15815609693527222,-0.015185010868863813,-0.020694494247436523,-0.18268394470214844,-0.0200301336755917,-0.022409677505493164,-0.20450490713119507,-0.023185180749552003,0.006523430347442627,-0.11079162359237671,-0.011128624219255201,0.019544780254364014,-0.15888136625289917,-0.01598819742705082,0.02713489532470703,-0.18749603629112244,-0.0199861733874247,0.035149574279785156,-0.21261903643608093,-0.022357279684202425,0.020286858081817627,-0.09692531824111938,-0.015465284947113744,0.021702349185943604,-0.12689393758773804,-0.02755866969730114,0.02530151605606079,-0.153070867061615,-0.03858879419769501,0.03185403347015381,-0.17698884010314941,-0.04567071261610245,0.030297398567199707,-0.07473194599151611,-0.019741609941975824,0.010304510593414307,-0.07678288221359253,-0.032429220404283754,-0.008253872394561768,-0.06169700622558594,-0.035776147868292085,-0.020559489727020264,-0.04562497138977051,-0.03728408577646469
0.0,0.0,0.0,-0.019525468349456787,-0.019681870937347412,-0.0071218221833539985,-0.028724312782287598,-0.04931056499481201,-0.010464040880425074,-0.023652374744415283,-0.06250834465026855,-0.013117974941952326,-0.012958228588104248,-0.07436627149581909,-0.016774186251087286,-0.014945030212402344,-0.1110425591468811,-0.007086765339000323,-0.019963979721069336,-0.15266317129135132,-0.013165034671647646,-0.023028314113616943,-0.17781692743301392,-0.017318538708014586,-0.024432241916656494,-0.2000453770160675,-0.0205125560437871,0.003657698631286621,-0.10951423645019531,-0.01057697584979067,0.014763414859771729,-0.15685182809829712,-0.015072876905424692,0.021363437175750732,-0.186040461063385,-0.019087127727789976,0.02877044677734375,-0.2116626799106598,-0.021490673852486708,0.017330825328826904,-0.09562802314758301,-0.015162772816939452,0.01852792501449585,-0.12693816423416138,-0.026946985480709174,0.021864891052246094,-0.15391606092453003,-0.03813938176385889,0.0281294584274292,-0.17868685722351074,-0.045590100196523764,0.02670663595199585,-0.07254081964492798,-0.019694314656181433,0.0051993727684021,-0.07338601350784302,-0.033152052519245245,-0.013964951038360596,-0.05685383081436157,-0.03715321546546946,-0.026253581047058105,-0.04021632671356201,-0.03913429131857882
0.0,0.0,0.0,-0.02119392156600952,-0.01815873384475708,-0.007115329178969176,-0.03192669153213501,-0.046604812145233154,-0.011084649275044711,-0.02670830488204956,-0.06016820669174194,-0.014407406124274047,-0.014876604080200195,-0.0708838701248169,-0.018766784603695186,-0.01544421911239624,-0.11015951633453369,-0.007982555340031894,-0.019978106021881104,-0.1506984829902649,-0.01407377750704697,-0.022768676280975342,-0.17492008209228516,-0.01813746200035027,-0.02388441562652588,-0.19735294580459595,-0.021255861530999454,0.0034027695655822754,-0.10857999324798584,-0.011316916468540938,0.014117717742919922,-0.15400183200836182,-0.016018971364001544,0.02079761028289795,-0.18287092447280884,-0.01996294551620892,0.028546512126922607,-0.20858478546142578,-0.02237860628495625,0.017064392566680908,-0.09502315521240234,-0.015650480548838885,0.018282294273376465,-0.12566721439361572,-0.02776795954535416,0.02140951156616211,-0.1526743769645691,-0.03917586946020535,0.02694946527481079,-0.176796555519104,-0.046654885197977336,0.02651810646057129,-0.07252764701843262,-0.01986708075831345,0.004986107349395752,-0.07200664281845093,-0.033371915603975566,-0.013562440872192383,-0.05583834648132324,-0.037715585465530665,-0.026121020317077637,-0.038846731185913086,-0.039889407838682445
0.0,0.0,0.0,-0.02080613374710083,-0.01841866970062256,-0.007332476523764342,-0.030575275421142578,-0.04752647876739502,-0.010809749567009419,-0.026039421558380127,-0.06150960922241211,-0.013391239770747632,-0.016875743865966797,-0.07533067464828491,-0.016725457475580185,-0.016662001609802246,-0.10998797416687012,-0.008495323562122792,-0.022374629974365234,-0.1523057222366333,-0.015278729812301606,-0.026197195053100586,-0.1775190830230713,-0.019416357592739075,-0.028369784355163574,-0.20015156269073486,-0.022234483824171036,0.0022483468055725098,-0.10886704921722412,-0.011455438301958054,0.012579143047332764,-0.15528488159179688,-0.01715249495307347,0.019078969955444336,-0.18437254428863525,-0.02089034134248635,0.026586830615997314,-0.21047887206077576,-0.02268960067728898,0.015946805477142334,-0.09576267004013062,-0.015441047229863614,0.01458507776260376,-0.12394565343856812,-0.02758655624190709,0.017554044723510742,-0.1501474380493164,-0.03760247604648015,0.023891150951385498,-0.17460864782333374,-0.043786510095991105,0.024541079998016357,-0.07364678382873535,-0.0194489985863342,0.0025371909141540527,-0.07329034805297852,-0.03193563149968526,-0.015848278999328613,-0.05678284168243408,-0.034705250726140946,-0.02713221311569214,-0.03977006673812866,-0.035673990116514176
0.0,0.0,0.0,-0.020846903324127197,-0.017472505569458008,-0.005765695547104599,-0.03194016218185425,-0.04849982261657715,-0.008882286914975168,-0.028101027011871338,-0.062486112117767334,-0.011418389113039495,-0.015780985355377197,-0.0726931095123291,-0.015133726367146494,-0.01714777946472168,-0.11109405755996704,-0.0077882334155745525,-0.021831810474395752,-0.1531010866165161,-0.01318410965928507,-0.02475374937057495,-0.17841291427612305,-0.016270711974591734,-0.025400936603546143,-0.2017112672328949,-0.018938746259898664,0.002107083797454834,-0.11017102003097534,-0.01153795416781378,0.01246875524520874,-0.15575414896011353,-0.01618749643990469,0.018543243408203125,-0.18525785207748413,-0.019830035002321722,0.0261724591255188,-0.2120833396911621,-0.022048247934669973,0.016037464141845703,-0.09725189208984375,-0.016048077450484755,0.016068994998931885,-0.12907612323760986,-0.02837949055561495,0.01891881227493286,-0.15677255392074585,-0.039731390730828764,0.02505868673324585,-0.18180763721466064,-0.04723841692635489,0.025107383728027344,-0.07538807392120361,-0.02024975600966883,0.0014098286628723145,-0.07450032234191895,-0.03418309237191153,-0.017148077487945557,-0.05662506818771362,-0.03868600721785498,-0.028278470039367676,-0.03836613893508911,-0.041006825820893766
0.0,0.0,0.0,-0.020216643810272217,-0.01727062463760376,-0.00659745566871095,-0.03182816505432129,-0.04716312885284424,-0.010603357649856093,-0.0269927978515625,-0.06206852197647095,-0.014012642748170379,-0.01465141773223877,-0.07276314496994019,-0.01852416394602585,-0.01613318920135498,-0.110190749168396,-0.00862098353307772,-0.021417438983917236,-0.1519995927810669,-0.015428306146972659,-0.024446725845336914,-0.17706596851348877,-0.019817061334364894,-0.0262758731842041,-0.19969943165779114,-0.023171407714002612,0.002906620502471924,-0.10934251546859741,-0.012515274419897082,0.013495445251464844,-0.15576255321502686,-0.01771710029196072,0.02012091875076294,-0.1856626272201538,-0.021986914410703662,0.027404069900512695,-0.2123265266418457,-0.02477077542197037,0.01657843589782715,-0.09655028581619263,-0.017383064686768535,0.016898512840270996,-0.12595641613006592,-0.030045507087820056,0.020006537437438965,-0.15270519256591797,-0.041571249797456744,0.025390207767486572,-0.17662125825881958,-0.04922621099602509,0.026234745979309082,-0.0749242901802063,-0.022106537207477572,0.003685295581817627,-0.07381397485733032,-0.03647877050887871,-0.014671742916107178,-0.05687433481216431,-0.04123981071960259,-0.027197599411010742,-0.03988921642303467,-0.04376477895628739
0.0,0.0,0.0,-0.019658327102661133,-0.019703030586242676,-0.005901649906650874,-0.029596686363220215,-0.04967457056045532,-0.00891812735737929,-0.026000916957855225,-0.06416505575180054,-0.011591943293229434,-0.0165560245513916,-0.07711976766586304,-0.01515426238568196,-0.015417516231536865,-0.11196482181549072,-0.006312490287587735,-0.02167719602584839,-0.15528994798660278,-0.012505394718960616,-0.0255357027053833,-0.17969363927841187,-0.01639983089210162,-0.0277521014213562,-0.2025282084941864,-0.019283116176143977,0.003018617630004883,-0.11141711473464966,-0.01006147296668658,0.012424230575561523,-0.15768080949783325,-0.014759384408012721,0.01769697666168213,-0.186073899269104,-0.018584337397829387,0.02432161569595337,-0.21155667304992676,-0.020778509169236514,0.01654750108718872,-0.09851771593093872,-0.014820342264489028,0.014524698257446289,-0.1273084282875061,-0.026432443722502086,0.016986429691314697,-0.1546536684036255,-0.0374446551644958,0.02267134189605713,-0.17932701110839844,-0.04467867718578944,0.025710463523864746,-0.07680279016494751,-0.019472759529367778,0.0037354230880737305,-0.07575386762619019,-0.032026611580864284,-0.014280259609222412,-0.05998802185058594,-0.0358776006245769,-0.025905311107635498,-0.04375433921813965,-0.03785216094495425
0.0,0.0,0.0,-0.020539402961730957,-0.01859867572784424,-0.007028216189517877,-0.030888140201568604,-0.04577672481536865,-0.011499965256824396,-0.02847522497177124,-0.05967527627944946,-0.01517226330079069,-0.018940091133117676,-0.07258236408233643,-0.01966979044563999,-0.015634655952453613,-0.10954475402832031,-0.009084996460750006,-0.021965742111206055,-0.15171319246292114,-0.01582912976927986,-0.02503371238708496,-0.1771971583366394,-0.01956906045861473,-0.02544248104095459,-0.19984841346740723,-0.022344550742580793,0.003243088722229004,-0.10754132270812988,-0.01268253631032934,0.012657582759857178,-0.15268760919570923,-0.018803049503638647,0.01868349313735962,-0.18189048767089844,-0.022781015067174337,0.02631431818008423,-0.20857593417167664,-0.024983494235947035,0.01665043830871582,-0.09423589706420898,-0.01729271437115898,0.014501571655273438,-0.12216395139694214,-0.029947231217100523,0.01774042844772339,-0.15040045976638794,-0.040428048624470136,0.024469852447509766,-0.1765834093093872,-0.047183601810409925,0.025246858596801758,-0.07227146625518799,-0.02184048171229591,0.0023729801177978516,-0.07308751344680786,-0.034851669027283094,-0.01651662588119507,-0.057484328746795654,-0.038412003471329115,-0.028801262378692627,-0.04130464792251587,-0.04015559206791153
0.0,0.0,0.0,-0.02015775442123413,-0.02074754238128662,-0.005788688763079364,-0.028719425201416016,-0.050535738468170166,-0.008798701903817374,-0.024116456508636475,-0.06534242630004883,-0.011641233443317134,-0.01580178737640381,-0.07832539081573486,-0.015395032457110602,-0.014691710472106934,-0.11304724216461182,-0.005329669668373782,-0.019439876079559326,-0.15628987550735474,-0.011586378543672282,-0.022992193698883057,-0.18077349662780762,-0.01570754054099055,-0.025501370429992676,-0.20280709862709045,-0.01861344019978972,0.0037535429000854492,-0.11193448305130005,-0.009178382559714038,0.015353560447692871,-0.15876859426498413,-0.013413387565908153,0.02190876007080078,-0.18748140335083008,-0.017005275218782145,0.029339969158172607,-0.21225062012672424,-0.019169288902578074,0.01710069179534912,-0.09793829917907715,-0.014174257620272357,0.017152249813079834,-0.12902045249938965,-0.02533181685119601,0.01928037405014038,-0.1559167504310608,-0.036188791721162517,0.02481067180633545,-0.179437518119812,-0.043441633909043986,0.02616143226623535,-0.07536059617996216,-0.01911684240311118,0.0029603242874145508,-0.07618480920791626,-0.031557849823531825,-0.016103923320770264,-0.0613895058631897,-0.03557389530449839,-0.02819693088531494,-0.0455622673034668,-0.03772739621907206
0.0,0.0,0.0,-0.020536184310913086,-0.019328832626342773,-0.006238607000675245,-0.02945488691329956,-0.04732537269592285,-0.00971120852988605,-0.024271905422210693,-0.06024026870727539,-0.01259606588643436,-0.015008628368377686,-0.07120680809020996,-0.016337585412081523,-0.014225006103515625,-0.10981839895248413,-0.007055639531579061,-0.019874095916748047,-0.15085697174072266,-0.012973958402987762,-0.02233976125717163,-0.17625272274017334,-0.016516431011375232,-0.022706449031829834,-0.19889524579048157,-0.01944190893333797,0.004523634910583496,-0.10831660032272339,-0.010970383659120841,0.01577967405319214,-0.1532854437828064,-0.016336542330797954,0.0223388671875,-0.18166667222976685,-0.01975422609609012,0.030185699462890625,-0.20740929245948792,-0.021553548760827823,0.01769345998764038,-0.09447377920150757,-0.01594680059712772,0.016528844833374023,-0.12443125247955322,-0.02810352552693729,0.019686520099639893,-0.1524878740310669,-0.03829375166457538,0.025957822799682617,-0.17821568250656128,-0.04485399905603771,0.026164889335632324,-0.07130247354507446,-0.020874242074903293,0.0034998655319213867,-0.07377982139587402,-0.03375827033084278,-0.0165865421295166,-0.05963319540023804,-0.03719584528368358,-0.03045189380645752,-0.044713377952575684,-0.03885377455514316
0.0,0.0,0.0,-0.02070516347885132,-0.02259361743927002,-0.005143262836597273,-0.029260694980621338,-0.051004230976104736,-0.00834169371005089,-0.024888038635253906,-0.06597524881362915,-0.011240729521475146,-0.016312897205352783,-0.0789862871170044,-0.01497206130947859,-0.014707744121551514,-0.10869807004928589,-0.0068121728668728565,-0.021081626415252686,-0.15029430389404297,-0.01317084619726927,-0.023969590663909912,-0.17578870058059692,-0.01696707813020737,-0.024694740772247314,-0.19853848218917847,-0.01978353543158562,0.0038643479347229004,-0.10601997375488281,-0.011095250416062186,0.013564109802246094,-0.1503300666809082,-0.016153862159214327,0.019237995147705078,-0.1791793704032898,-0.019753459300360987,0.026043355464935303,-0.2048797607421875,-0.021803395281992266,0.016881346702575684,-0.09159135818481445,-0.016314688529334376,0.015995502471923828,-0.1193121075630188,-0.02683323940213711,0.017764747142791748,-0.14794659614562988,-0.036464360933265993,0.022402167320251465,-0.17361807823181152,-0.04283924905534775,0.02486497163772583,-0.06890463829040527,-0.0214831171738723,0.0030633211135864258,-0.07087868452072144,-0.03241510076399834,-0.015722692012786865,-0.060654401779174805,-0.03545258326407463,-0.029183924198150635,-0.04896366596221924,-0.036959589849672625
0.0,0.0,0.0,-0.019859731197357178,-0.02294701337814331,-0.006173299444540703,-0.02774643898010254,-0.05237466096878052,-0.009514258527829611,-0.02393794059753418,-0.06430357694625854,-0.012278430448546374,-0.014408409595489502,-0.07552051544189453,-0.01609674683369633,-0.010730564594268799,-0.11212813854217529,-0.006879723449870312,-0.016113340854644775,-0.15373122692108154,-0.01205034489341017,-0.01927804946899414,-0.17819607257843018,-0.015356922806873285,-0.020069122314453125,-0.20002055168151855,-0.017990758927240336,0.008070230484008789,-0.10918641090393066,-0.010399915562643969,0.018657028675079346,-0.15401899814605713,-0.014864317426159346,0.024457871913909912,-0.1827905774116516,-0.018331414373292887,0.031791090965270996,-0.2087332308292389,-0.02025905466236111,0.02106499671936035,-0.09451556205749512,-0.014829219603612387,0.019502222537994385,-0.12625908851623535,-0.026086349324955904,0.02202451229095459,-0.15472358465194702,-0.03624502411641117,0.0281064510345459,-0.18027085065841675,-0.04288522368825909,0.02873009443283081,-0.07108950614929199,-0.019143598438873255,0.0052800774574279785,-0.07521325349807739,-0.03094972139753338,-0.014358460903167725,-0.06115460395812988,-0.03368593222059246,-0.027271807193756104,-0.04502248764038086,-0.034858549298419916
0.0,0.0,0.0,-0.01960808038711548,-0.02212291955947876,-0.0052615540027893815,-0.02784276008605957,-0.051849961280822754,-0.007704485759166602,-0.023577213287353516,-0.06678968667984009,-0.009985189970610264,-0.014553964138031006,-0.0800943374633789,-0.013231271032271508,-0.010321259498596191,-0.11381232738494873,-0.004594154741642598,-0.013736724853515625,-0.15552151203155518,-0.010170978579697731,-0.016699552536010742,-0.18023860454559326,-0.014058604922173146,-0.018704116344451904,-0.2018454670906067,-0.016961683604893807,0.008217811584472656,-0.11103951930999756,-0.008511441845474366,0.019943714141845703,-0.15551340579986572,-0.012415073897717122,0.02586311101913452,-0.18424946069717407,-0.016160459343371514,0.03221273422241211,-0.20897147059440613,-0.018508275125203255,0.021069109439849854,-0.09615182876586914,-0.01349605442213786,0.02117389440536499,-0.1266615390777588,-0.023974432695684555,0.023514747619628906,-0.15499526262283325,-0.034863180566606644,0.02840447425842285,-0.17908728122711182,-0.04228600775080693,0.0286673903465271,-0.0730663537979126,-0.018382550302920464,0.005358397960662842,-0.07519030570983887,-0.03041714531558526,-0.01354306936264038,-0.06352198123931885,-0.03471317430215848,-0.026174724102020264,-0.04997366666793823,-0.0370854950435735
0.0,0.0,0.0,-0.021198391914367676,-0.02085113525390625,-0.0058885002034188005,-0.02894216775894165,-0.05084127187728882,-0.00857028174124963,-0.02323734760284424,-0.06666797399520874,-0.010828482870984146,-0.014599442481994629,-0.08071237802505493,-0.013937091407406399,-0.013850867748260498,-0.11339765787124634,-0.005589785472530195,-0.01785874366760254,-0.15589189529418945,-0.011070437681901524,-0.020713329315185547,-0.1807854175567627,-0.014561097090172836,-0.02171403169631958,-0.20291030406951904,-0.0172158525782109,0.004390597343444824,-0.11049962043762207,-0.009335536462295124,0.014454901218414307,-0.15503078699111938,-0.01334371599279649,0.02013784646987915,-0.18480652570724487,-0.01695059328250892,0.027099668979644775,-0.2108619213104248,-0.0191878722506047,0.017294704914093018,-0.09586876630783081,-0.014227122952270577,0.017356276512145996,-0.12575626373291016,-0.02457632771604068,0.01941579580307007,-0.1560015082359314,-0.03513238294892318,0.024443209171295166,-0.18223536014556885,-0.04235518439583785,0.025666654109954834,-0.07318830490112305,-0.01910910098724372,0.003972232341766357,-0.07593721151351929,-0.03058579466216571,-0.014824986457824707,-0.06451356410980225,-0.03452994762830741,-0.027828693389892578,-0.05141186714172363,-0.03676689504556663
0.0,0.0,0.0,-0.021384596824645996,-0.021803438663482666,-0.006030259150463735,-0.029283106327056885,-0.050823092460632324,-0.008904487788129245,-0.02319282293319702,-0.06861066818237305,-0.011339814364362155,-0.016148090362548828,-0.08684730529785156,-0.014403341300237571,-0.013308882713317871,-0.1139669418334961,-0.0057409000204984295,-0.018900752067565918,-0.15566140413284302,-0.011645870245445167,-0.021264612674713135,-0.18079161643981934,-0.015560931488323604,-0.022000133991241455,-0.20336735248565674,-0.01864791564588586,0.005073249340057373,-0.11151909828186035,-0.009840206205296909,0.015485405921936035,-0.15745192766189575,-0.01453199140672723,0.022374629974365234,-0.18680500984191895,-0.01834358923082391,0.02984607219696045,-0.21209007501602173,-0.020737781151581203,0.0182000994682312,-0.09685945510864258,-0.015171235389459525,0.018626511096954346,-0.12623882293701172,-0.026065629869151508,0.02214348316192627,-0.1560191512107849,-0.03685732275192777,0.02768951654434204,-0.182204008102417,-0.04424930825774709,0.02713596820831299,-0.07327067852020264,-0.020524543672252094,0.006719529628753662,-0.0762566328048706,-0.032482099681544696,-0.012995541095733643,-0.06679552793502808,-0.036778279542375,-0.027787446975708008,-0.055766403675079346,-0.03928622320239583
0.0,0.0,0.0,-0.02071279287338257,-0.020575106143951416,-0.005747360755435693,-0.030594587326049805,-0.05156975984573364,-0.008823904321275222,-0.027125656604766846,-0.06621408462524414,-0.011622805260799396,-0.016984879970550537,-0.07507795095443726,-0.015620057583532798,-0.01234591007232666,-0.1130419373512268,-0.005189548358998763,-0.015998780727386475,-0.15421462059020996,-0.010911087617955673,-0.018744707107543945,-0.17823177576065063,-0.015103628971360195,-0.020527541637420654,-0.1998160481452942,-0.018422192075036037,0.006308495998382568,-0.1104620099067688,-0.009486679100177753,0.01798027753829956,-0.15511620044708252,-0.013685705252669322,0.024554133415222168,-0.1839861273765564,-0.018083628379486072,0.03182798624038696,-0.21005859971046448,-0.021047484242103565,0.019366800785064697,-0.0961424708366394,-0.014901594371281135,0.01989281177520752,-0.12570041418075562,-0.026243228577754962,0.02293252944946289,-0.15368765592575073,-0.03762823354520606,0.02861475944519043,-0.17836427688598633,-0.04537105199017333,0.027812719345092773,-0.0737771987915039,-0.02023229200460719,0.005480766296386719,-0.07645928859710693,-0.03325513389029311,-0.013411283493041992,-0.06161993741989136,-0.037440192066810596,-0.026226341724395752,-0.0455968976020813,-0.03972839575328635
0.0,0.0,0.0,-0.021183013916015625,-0.019494950771331787,-0.006574992954369918,-0.02936345338821411,-0.04912978410720825,-0.009959133740153447,-0.0246393084526062,-0.06624889373779297,-0.01259562785514845,-0.016371071338653564,-0.08023315668106079,-0.016084730092075006,-0.013819098472595215,-0.1114346981048584,-0.007139609127875701,-0.017909467220306396,-0.153858482837677,-0.01302694382854952,-0.019377529621124268,-0.17848563194274902,-0.01648590101638092,-0.018949687480926514,-0.20086321234703064,-0.01909276044705166,0.0053601861000061035,-0.10868203639984131,-0.010726117927220002,0.01677525043487549,-0.1537037491798401,-0.015713028076675073,0.023351192474365234,-0.1825932264328003,-0.019331396955635682,0.031058132648468018,-0.20916086435317993,-0.021169587436702386,0.01883864402770996,-0.09468162059783936,-0.01535895786025776,0.01842212677001953,-0.12390673160552979,-0.026366616997506753,0.022234559059143066,-0.15359967947006226,-0.03634833677449478,0.02952021360397339,-0.18045824766159058,-0.04283363877573265,0.027173995971679688,-0.07230162620544434,-0.020030095640208856,0.004083693027496338,-0.07522153854370117,-0.03184601424970879,-0.0147780179977417,-0.06116598844528198,-0.035000523019220964,-0.026829183101654053,-0.04547601938247681,-0.03639035804906143
0.0,0.0,0.0,-0.021116435527801514,-0.023974835872650146,-0.005228025408296588,-0.02734243869781494,-0.05332767963409424,-0.008122195524929765,-0.02213752269744873,-0.0691601037979126,-0.01090622138029218,-0.014523863792419434,-0.08586430549621582,-0.014777295326648954,-0.01107168197631836,-0.11232763528823853,-0.005052124185322526,-0.01580411195755005,-0.15526843070983887,-0.011238985730170015,-0.019792914390563965,-0.1800273060798645,-0.01566173512285829,-0.02259606122970581,-0.20156025886535645,-0.0187275149280417,0.006837725639343262,-0.11063134670257568,-0.009241812897681001,0.017947077751159668,-0.15752357244491577,-0.013330114109276536,0.023892223834991455,-0.18771445751190186,-0.017628245090900663,0.03065168857574463,-0.2141263484954834,-0.020462578197776082,0.01927727460861206,-0.0969199538230896,-0.014491724816917184,0.01857811212539673,-0.1295909881591797,-0.025545585935770276,0.020659685134887695,-0.15779894590377808,-0.036705818062483075,0.02570652961730957,-0.18259072303771973,-0.044212952291427854,0.026662111282348633,-0.07540059089660645,-0.0195701420659411,0.0042896270751953125,-0.07923752069473267,-0.031602285837589505,-0.014458417892456055,-0.06601905822753906,-0.035302665119825605,-0.027277350425720215,-0.05104559659957886,-0.03726226467436433
0.0,0.0,0.0,-0.018984079360961914,-0.01811450719833374,-0.006011064828793877,-0.02985292673110962,-0.04632920026779175,-0.009678046417842978,-0.0268172025680542,-0.06392383575439453,-0.01294605267555582,-0.015518724918365479,-0.07745665311813354,-0.017017337692390555,-0.01567751169204712,-0.10646408796310425,-0.006712185417722338,-0.0208093523979187,-0.14693772792816162,-0.012911097345362776,-0.024549543857574463,-0.16936075687408447,-0.016922903445969695,-0.02659451961517334,-0.1899317502975464,-0.020000231651078337,0.002707183361053467,-0.10582810640335083,-0.010455422302197093,0.011439323425292969,-0.15073788166046143,-0.015059132327746028,0.016305625438690186,-0.17907562851905823,-0.01876591259003746,0.02273714542388916,-0.20377331972122192,-0.020988065016876334,0.016242921352386475,-0.0924866795539856,-0.015196547110985392,0.015846431255340576,-0.12463629245758057,-0.02636798211694824,0.01937699317932129,-0.15384703874588013,-0.03712340371073353,0.026234686374664307,-0.179531067609787,-0.04447970093549358,0.025730013847351074,-0.0699123740196228,-0.019770403591405028,0.003978550434112549,-0.07105594873428345,-0.032331302029501074,-0.012372910976409912,-0.058587491512298584,-0.03660627381266224,-0.022177696228027344,-0.04425448179244995,-0.03897505925358402
0.0,0.0,0.0,-0.0175742506980896,-0.020886480808258057,-0.004102191429416591,-0.025631427764892578,-0.04950958490371704,-0.006905609749088937,-0.023310184478759766,-0.06374281644821167,-0.009673390544782334,-0.014999926090240479,-0.07591915130615234,-0.013582201681862527,-0.011113584041595459,-0.10933619737625122,-0.006481706637720519,-0.014754116535186768,-0.1519148349761963,-0.011968847371469193,-0.019370436668395996,-0.17352843284606934,-0.015728521168063336,-0.021972596645355225,-0.19185113906860352,-0.018448391005228215,0.006542623043060303,-0.1084405779838562,-0.010491426110099011,0.015774846076965332,-0.15455150604248047,-0.013639507822523766,0.019965767860412598,-0.1830293834209442,-0.016978685751388722,0.025427401065826416,-0.2073373794555664,-0.01936179679615324,0.019633591175079346,-0.09492897987365723,-0.015164353892038518,0.019685089588165283,-0.12990331649780273,-0.02444723528606718,0.02214270830154419,-0.15865856409072876,-0.03501227964443987,0.027444660663604736,-0.1834496259689331,-0.042864491239021474,0.028414428234100342,-0.07220953702926636,-0.019569936215708905,0.006517767906188965,-0.07440626621246338,-0.02996653598530119,-0.011320650577545166,-0.06186497211456299,-0.03349083010835474,-0.0228613018989563,-0.04717200994491577,-0.035846319988201314
0.0,0.0,0.0,-0.018384337425231934,-0.022107183933258057,-0.005279218292490562,-0.02587890625,-0.049536168575286865,-0.008472050520286878,-0.020938575267791748,-0.06405907869338989,-0.011447677368924936,-0.01274871826171875,-0.0793541669845581,-0.015381740386293252,-0.010187327861785889,-0.11080998182296753,-0.0054176547365942795,-0.014699757099151611,-0.15226763486862183,-0.01104464007417949,-0.01939946413040161,-0.17428529262542725,-0.015177506002292951,-0.0222322940826416,-0.19360285997390747,-0.018015359508500417,0.007861793041229248,-0.10895121097564697,-0.009059404934451898,0.01763308048248291,-0.15364044904708862,-0.012388292680189927,0.022211968898773193,-0.18151980638504028,-0.015685324537263234,0.028161048889160156,-0.20615741610527039,-0.017827684971199353,0.020860731601715088,-0.09486448764801025,-0.013653680662319978,0.020414888858795166,-0.12713295221328735,-0.0231934608692983,0.022904515266418457,-0.15526968240737915,-0.03319048972676786,0.028084158897399902,-0.18033510446548462,-0.04027513878296407,0.029655933380126953,-0.07169616222381592,-0.01818559409926923,0.008342206478118896,-0.0750390887260437,-0.028364487903819402,-0.010239362716674805,-0.06243884563446045,-0.030942444669709523,-0.023051321506500244,-0.047482967376708984,-0.03239518122623952
0.0,0.0,0.0,-0.01882314682006836,-0.021955132484436035,-0.005787487102690392,-0.026717722415924072,-0.05041217803955078,-0.008119384253415518,-0.023243367671966553,-0.06509274244308472,-0.010150514038297587,-0.01642465591430664,-0.08019101619720459,-0.012948299253377371,-0.01538771390914917,-0.11044871807098389,-0.004083573313447886,-0.021597862243652344,-0.1495453119277954,-0.00977593982407754,-0.025268971920013428,-0.174141526222229,-0.013856880793365889,-0.02732187509536743,-0.19609490036964417,-0.017228614034149103,0.002500772476196289,-0.1094585657119751,-0.008036491887661867,0.012056887149810791,-0.15402716398239136,-0.013117361309024744,0.01747918128967285,-0.18200325965881348,-0.017312025146576815,0.024058103561401367,-0.206082284450531,-0.01979408735224908,0.015446186065673828,-0.09577000141143799,-0.01319702012279933,0.01532512903213501,-0.12632238864898682,-0.024814847352001124,0.017124176025390625,-0.15326672792434692,-0.03559625843355363,0.022090673446655273,-0.17720884084701538,-0.04268699088880723,0.024211585521697998,-0.07233119010925293,-0.018319908024761133,0.001744687557220459,-0.0744594931602478,-0.031074631454441004,-0.01779705286026001,-0.06204187870025635,-0.03529832461664384,-0.030570685863494873,-0.048365116119384766,-0.037541858347150736
0.0,0.0,0.0,-0.018927931785583496,-0.022392451763153076,-0.005896049791004554,-0.02621370553970337,-0.05149143934249878,-0.009369533748354808,-0.02159935235977173,-0.06724268198013306,-0.012435356394376651,-0.012598991394042969,-0.0822591781616211,-0.016372134217049972,-0.011820554733276367,-0.11029887199401855,-0.006692062371399299,-0.01670384407043457,-0.15342622995376587,-0.012369203620579139,-0.020466268062591553,-0.17655205726623535,-0.016243805416848556,-0.022060811519622803,-0.19769218564033508,-0.019038078614499465,0.006187796592712402,-0.10912972688674927,-0.009945177712466613,0.015002429485321045,-0.15385568141937256,-0.013614910894062415,0.02043330669403076,-0.18209406733512878,-0.016920305096533195,0.02725207805633545,-0.20744043588638306,-0.019074510090973273,0.019432246685028076,-0.09610199928283691,-0.014109689981665507,0.01800590753555298,-0.12936556339263916,-0.02406896209063758,0.020532429218292236,-0.1578693389892578,-0.03394718957784404,0.02638232707977295,-0.1830195188522339,-0.04084966076257457,0.028425931930541992,-0.07454359531402588,-0.018215219729568854,0.006834864616394043,-0.07954436540603638,-0.02892328915837039,-0.011007130146026611,-0.06657212972640991,-0.03162364033701648,-0.022617638111114502,-0.05103611946105957,-0.033029155113723174
0.0,0.0,0.0,-0.02058255672454834,-0.020616531372070312,-0.0075943764201742425,-0.02970409393310547,-0.04931062459945679,-0.011362270535473229,-0.024503648281097412,-0.06738632917404175,-0.014577820049170853,-0.014665424823760986,-0.08290314674377441,-0.018386800856832863,-0.01505047082901001,-0.108997642993927,-0.0064613750107032075,-0.020349204540252686,-0.1492213010787964,-0.013629063115958573,-0.02382737398147583,-0.17289692163467407,-0.018850899384860398,-0.026099026203155518,-0.19428527355194092,-0.022699638353232743,0.0031374096870422363,-0.10809528827667236,-0.009683366948310734,0.012131690979003906,-0.15285396575927734,-0.015492972069923283,0.016582012176513672,-0.1814907193183899,-0.020111984656695725,0.02175736427307129,-0.2063451111316681,-0.022660463200454117,0.01666891574859619,-0.09464538097381592,-0.014153457330111863,0.015596985816955566,-0.12683522701263428,-0.02553930607581556,0.01792311668395996,-0.15531551837921143,-0.035673693837170006,0.023406147956848145,-0.17988494038581848,-0.04232488674068868,0.025256991386413574,-0.07177227735519409,-0.018818662585262658,0.003881216049194336,-0.07658529281616211,-0.03111370195591867,-0.013854146003723145,-0.06471967697143555,-0.034659543158058526,-0.02476358413696289,-0.050066232681274414,-0.03629243475342214
0.0,0.0,0.0,-0.02013993263244629,-0.01915907859802246,-0.006921573607156617,-0.030733764171600342,-0.04848986864089966,-0.01023575530378018,-0.02672111988067627,-0.064930260181427,-0.01320103515861426,-0.016427814960479736,-0.0771946907043457,-0.017059281999150855,-0.015340328216552734,-0.10938191413879395,-0.005442543020377499,-0.020348668098449707,-0.14944607019424438,-0.011964775221327884,-0.023771166801452637,-0.17332297563552856,-0.01702386193899308,-0.026159822940826416,-0.19471856951713562,-0.020939345070997817,0.003313422203063965,-0.10850030183792114,-0.00896219496605788,0.012795090675354004,-0.1525300145149231,-0.013110450068394286,0.017807364463806152,-0.18112421035766602,-0.017588381254951102,0.02364826202392578,-0.20606008172035217,-0.02064505831329022,0.016900360584259033,-0.09479492902755737,-0.013781901048401934,0.016292035579681396,-0.1258145570755005,-0.024402807066122634,0.01838606595993042,-0.15408414602279663,-0.03581507557062302,0.023488938808441162,-0.17814159393310547,-0.0438480419757763,0.025970757007598877,-0.07215040922164917,-0.01873901912001763,0.0027055740356445312,-0.07346946001052856,-0.03197478183535729,-0.015173077583312988,-0.06076139211654663,-0.037318137073794944,-0.02639216184616089,-0.04649287462234497,-0.0404046369436184
0.0,0.0,0.0,-0.019567251205444336,-0.02169489860534668,-0.006895362139058392,-0.028226196765899658,-0.050313353538513184,-0.010891409330380242,-0.02331376075744629,-0.06623518466949463,-0.014469706192922871,-0.013279199600219727,-0.08057862520217896,-0.018928883336794655,-0.011538684368133545,-0.11151814460754395,-0.006686853450101893,-0.016044974327087402,-0.15143287181854248,-0.012453541830492298,-0.019870340824127197,-0.17429161071777344,-0.01696145322204856,-0.021601200103759766,-0.19548499584197998,-0.020670566447389405,0.0063555240631103516,-0.10985821485519409,-0.01012534808398513,0.016528844833374023,-0.15377289056777954,-0.014193950891804974,0.021902382373809814,-0.18173593282699585,-0.018411107100856583,0.028399109840393066,-0.2067946195602417,-0.02142697732926635,0.01941746473312378,-0.09599757194519043,-0.01463287949593095,0.01917421817779541,-0.12979161739349365,-0.024988217018854897,0.022197604179382324,-0.15862643718719482,-0.03587055739046363,0.027541160583496094,-0.1841503381729126,-0.04376690994979171,0.028577566146850586,-0.07255423069000244,-0.019194151945722382,0.007803440093994141,-0.07685285806655884,-0.030930157490384858,-0.010631740093231201,-0.06569528579711914,-0.03487871002436904,-0.02365213632583618,-0.0525285005569458,-0.03734216626764564
0.0,0.0,0.0,-0.01966118812561035,-0.022335290908813477,-0.005215374629793601,-0.028307437896728516,-0.051804542541503906,-0.008204723585246043,-0.023940742015838623,-0.06873518228530884,-0.011125228244660335,-0.01446002721786499,-0.08305388689041138,-0.0148974413683991,-0.013195693492889404,-0.1118960976600647,-0.0043913297055642175,-0.018154442310333252,-0.15230035781860352,-0.010227994870243506,-0.02207159996032715,-0.17495757341384888,-0.014500886078772979,-0.02446669340133667,-0.19566389918327332,-0.017737001988885837,0.004674673080444336,-0.1108013391494751,-0.00850735033660932,0.014801323413848877,-0.15498042106628418,-0.012919010471401648,0.019839823246002197,-0.1824919581413269,-0.016674757812021213,0.026253163814544678,-0.2067590057849884,-0.01883148110270305,0.017940759658813477,-0.0971527099609375,-0.013691162567434745,0.01790642738342285,-0.13021326065063477,-0.024442790884373622,0.020953118801116943,-0.15936309099197388,-0.034983265090582805,0.027492940425872803,-0.1846514642238617,-0.042177907068131404,0.02711319923400879,-0.0744672417640686,-0.018783290747402148,0.00427776575088501,-0.0769352912902832,-0.0306696434205751,-0.01370084285736084,-0.06450998783111572,-0.034441771793959575,-0.024622559547424316,-0.04984253644943237,-0.03644870116174026
0.0,0.0,0.0,-0.019823014736175537,-0.02065795660018921,-0.0066565145302259765,-0.028168916702270508,-0.049598097801208496,-0.010238270324810728,-0.02329915761947632,-0.06440305709838867,-0.013209063609286531,-0.013754725456237793,-0.07890510559082031,-0.01736488198225139,-0.013317465782165527,-0.10927611589431763,-0.007420178552314027,-0.01803654432296753,-0.14855974912643433,-0.012911414777084573,-0.02161407470703125,-0.17184150218963623,-0.017111452345892175,-0.02289104461669922,-0.19356364011764526,-0.020850746010586008,0.004870593547821045,-0.10750555992126465,-0.010994344067915662,0.013916313648223877,-0.15022879838943481,-0.01474854448173879,0.01897484064102173,-0.17733389139175415,-0.01935552624349235,0.02549564838409424,-0.20202422142028809,-0.02301082765047191,0.018024981021881104,-0.09370982646942139,-0.015493879144235834,0.01810169219970703,-0.12616515159606934,-0.026434334044500574,0.020830750465393066,-0.15435320138931274,-0.03827063371722339,0.02615267038345337,-0.17971789836883545,-0.047063853641196474,0.02731412649154663,-0.07089483737945557,-0.019879208927198633,0.005076169967651367,-0.07308799028396606,-0.0333509780961716,-0.014444172382354736,-0.0602259635925293,-0.03862887253348468,-0.027981281280517578,-0.04640001058578491,-0.04205706720535396
0.0,0.0,0.0,-0.019032597541809082,-0.021231353282928467,-0.006548890859081169,-0.027328789234161377,-0.051372230052948,-0.01011869825069489,-0.021398842334747314,-0.06812095642089844,-0.013283249471529146,-0.009970128536224365,-0.08283746242523193,-0.017250956516905447,-0.011751949787139893,-0.11201471090316772,-0.005196653787239214,-0.016785383224487305,-0.15258312225341797,-0.010730936672731062,-0.02020937204360962,-0.17540782690048218,-0.014906012002571245,-0.021491944789886475,-0.1966494917869568,-0.018305390622659345,0.0065048933029174805,-0.1103319525718689,-0.008810661282582899,0.016450703144073486,-0.15487974882125854,-0.013360037017806192,0.02176564931869507,-0.1827145218849182,-0.017601403888507505,0.028535544872283936,-0.2076447606086731,-0.020280865501804968,0.01983541250228882,-0.09652012586593628,-0.013508702177746912,0.0203058123588562,-0.13037192821502686,-0.025222256329103132,0.022624671459197998,-0.15853768587112427,-0.03599423497561993,0.02800673246383667,-0.183421790599823,-0.043186757262988706,0.02930217981338501,-0.07296937704086304,-0.018101656358881613,0.009161233901977539,-0.0785742998123169,-0.03091768875364842,-0.00900202989578247,-0.06459903717041016,-0.03450514331106724,-0.020958423614501953,-0.04826146364212036,-0.03623767897133412
0.0,0.0,0.0,0.0530509352684021,-0.027358651161193848,-0.011723941119328174,0.08229893445968628,-0.08188551664352417,-0.014883457610324058,0.09859055280685425,-0.12013620138168335,-0.02003777112992111,0.08659523725509644,-0.11963385343551636,-0.02508358743222061,0.06427240371704102,-0.20252513885498047,-0.007900427954211864,0.08855897188186646,-0.2871823310852051,-0.016188132503941688,0.10556596517562866,-0.3385372757911682,-0.024297171199634704,0.11582052707672119,-0.38732898235321045,-0.0336069808545858,0.042984187602996826,-0.1987597942352295,-0.019240233043149146,0.03463679552078247,-0.3043568730354309,-0.03583498384983841,0.030432939529418945,-0.3707253336906433,-0.051333227122142944,0.02353435754776001,-0.4237317144870758,-0.06377355840237442,0.017111778259277344,-0.17685365676879883,-0.032792513186052474,0.04097020626068115,-0.22604519128799438,-0.06672685679228607,0.056157827377319336,-0.20298010110855103,-0.08700421538384262,0.059588849544525146,-0.1879977583885193,-0.09590686943562332,-0.0055991411209106445,-0.13589465618133545,-0.04643944364221397,0.04198211431503296,-0.15839499235153198,-0.07947858508856598,0.06822925806045532,-0.11223345994949341,-0.0917206713202745,0.0751909613609314,-0.06657087802886963,-0.09728632208140198
0.0,0.0,0.0,0.05704730749130249,-0.027770519256591797,-0.016237894413592358,0.09137880802154541,-0.07603627443313599,-0.022082167086722393,0.1028319001197815,-0.11158818006515503,-0.028563104910375614,0.07365721464157104,-0.11699169874191284,-0.035283869472863216,0.06858032941818237,-0.2084847092628479,-0.018803561446787853,0.09518969058990479,-0.2889597415924072,-0.029426044193627376,0.11470246315002441,-0.3414987325668335,-0.03860453364026739,0.12370914220809937,-0.38816407322883606,-0.04869773831737234,0.03960531949996948,-0.20418119430541992,-0.02995999564004137,0.03962939977645874,-0.3100881576538086,-0.04954016801488592,0.037021636962890625,-0.3814142346382141,-0.06735426780355169,0.03090524673461914,-0.4389154314994812,-0.08161353912723257,0.007576465606689453,-0.1785374879837036,-0.042801978407027264,0.03017371892929077,-0.23959195613861084,-0.07402933981788351,0.04318273067474365,-0.2697479724884033,-0.09445855614316656,0.04927569627761841,-0.3034464120864868,-0.10698853280914022,-0.019923746585845947,-0.12902021408081055,-0.056372078476073284,0.029956698417663574,-0.14342093467712402,-0.08755991455686285,0.05575281381607056,-0.10319173336029053,-0.09885728207004263,0.06546968221664429,-0.06339550018310547,-0.10575289872062399
0.0,0.0,0.0,0.033264875411987305,-0.026194632053375244,-0.012833187203021623,0.06049370765686035,-0.07475972175598145,-0.017479939232678987,0.09027963876724243,-0.09726953506469727,-0.02398022621414242,0.10012310743331909,-0.09749197959899902,-0.029217269118042566,0.05574983358383179,-0.1969742774963379,-0.011342171426029779,0.05837368965148926,-0.2957269549369812,-0.02344013735196171,0.05686098337173462,-0.3506699800491333,-0.03262738868138371,0.05884420871734619,-0.3964219093322754,-0.04138585164687214,0.059076905250549316,-0.1888408064842224,-0.021329346890659906,0.08679980039596558,-0.2972678542137146,-0.041588760758848764,0.10719192028045654,-0.35563570261001587,-0.05629732071897564,0.1201525330543518,-0.4001333713531494,-0.0658000259055811,0.0508762001991272,-0.1567431092262268,-0.03298208102128086,0.08187747001647949,-0.19341683387756348,-0.06911351516387043,0.08574658632278442,-0.14045947790145874,-0.08439042403838215,0.08585572242736816,-0.10100412368774414,-0.08687309905430851,0.03948485851287842,-0.1095343828201294,-0.044446945036860086,0.0716242790222168,-0.11866182088851929,-0.07822135075470982,0.08627068996429443,-0.07438462972640991,-0.08797547950884876,0.09105569124221802,-0.03741508722305298,-0.0900307147159296
0.0,0.0,0.0,0.027063608169555664,-0.036785244941711426,-0.016791627951104005,0.051990807056427,-0.09226226806640625,-0.02082271801694091,0.08766740560531616,-0.11304759979248047,-0.023458223067361672,0.10263442993164062,-0.0999612808227539,-0.025636392854291756,0.052766263484954834,-0.20272421836853027,-0.019353621848065217,0.07238221168518066,-0.30285269021987915,-0.029681920282680352,0.08047294616699219,-0.36300790309906006,-0.03696745934351142,0.08712464570999146,-0.4150499999523163,-0.045260432385045846,0.061726272106170654,-0.1881875991821289,-0.025110083840925057,0.08399403095245361,-0.30292588472366333,-0.03946227508052047,0.089047372341156,-0.36775243282318115,-0.05143609198196586,0.08997642993927002,-0.42162272334098816,-0.0615961618946379,0.06141430139541626,-0.15288490056991577,-0.03274504768117126,0.0849422812461853,-0.21904534101486206,-0.06046253370507415,0.09157401323318481,-0.23183715343475342,-0.0805158533380812,0.09581238031387329,-0.24647104740142822,-0.09247160630686935,0.05584198236465454,-0.10567593574523926,-0.040703772775966485,0.08370256423950195,-0.1159244179725647,-0.06802913474305328,0.09018301963806152,-0.0831071138381958,-0.0811450921223944,0.09012120962142944,-0.05316948890686035,-0.08980613129599746
0.0,0.0,0.0,0.027665317058563232,-0.03557306528091431,-0.013487094117829557,0.04940682649612427,-0.08947432041168213,-0.017903504929074998,0.08265900611877441,-0.1084601879119873,-0.02173568125678038,0.10225516557693481,-0.10493320226669312,-0.02506248842788672,0.05324620008468628,-0.19972985982894897,-0.014694816468784566,0.06312739849090576,-0.29234808683395386,-0.02522096227718329,0.06652754545211792,-0.3489519953727722,-0.03384428474915957,0.06882894039154053,-0.3999924063682556,-0.043421387708315606,0.056554973125457764,-0.19376206398010254,-0.024050461164245363,0.07361233234405518,-0.3067004680633545,-0.04072438184035754,0.07585728168487549,-0.37191885709762573,-0.054560136085877176,0.07518404722213745,-0.42455366253852844,-0.06583472344888186,0.04987257719039917,-0.16485291719436646,-0.03508858386291003,0.08049666881561279,-0.23106449842453003,-0.06516677144778704,0.09895962476730347,-0.25517040491104126,-0.08548744026435351,0.11515498161315918,-0.28045886754989624,-0.09814533594859576,0.03711587190628052,-0.11888045072555542,-0.04605261612547373,0.07386541366577148,-0.12699389457702637,-0.07742432508481478,0.08799934387207031,-0.09062951803207397,-0.0898388848067615,0.09383487701416016,-0.058486998081207275,-0.09765141460908389
0.0,0.0,0.0,-0.017672717571258545,-0.060655415058135986,-0.030456913669880237,-0.0013275146484375,-0.12426704168319702,-0.04023336436348757,0.048925697803497314,-0.13064569234848022,-0.04647293876605829,0.08780008554458618,-0.10855340957641602,-0.051406970282371844,0.029461383819580078,-0.19193899631500244,-0.032691510428961124,0.050802648067474365,-0.2926243543624878,-0.04924508373933634,0.06215691566467285,-0.35431623458862305,-0.05858735184865793,0.0740882158279419,-0.40329909324645996,-0.06648605879145464,0.06107407808303833,-0.16935968399047852,-0.030984224786337222,0.08503079414367676,-0.2863237261772156,-0.05173229988413652,0.09886491298675537,-0.35233837366104126,-0.0633777212699016,0.10913980007171631,-0.4024570882320404,-0.0703027975161632,0.07983696460723877,-0.12934249639511108,-0.032177457620676364,0.09720581769943237,-0.1765475869178772,-0.06773754026490053,0.08056682348251343,-0.14313900470733643,-0.08076154257851442,0.06887191534042358,-0.11510992050170898,-0.08123622651892504,0.09281456470489502,-0.07937479019165039,-0.034734850784118976,0.10963314771652222,-0.11621320247650146,-0.0674159657557567,0.09786397218704224,-0.10180795192718506,-0.0758170169194301,0.08568233251571655,-0.0866692066192627,-0.07639521922665438
0.0,0.0,0.0,-0.016786634922027588,-0.06202000379562378,-0.031231747822587863,0.0006305575370788574,-0.12388485670089722,-0.04290778550667085,0.05065029859542847,-0.1277344822883606,-0.05087801057261743,0.09047013521194458,-0.10558110475540161,-0.05758779856724061,0.03635108470916748,-0.19153141975402832,-0.038918979348366634,0.06076014041900635,-0.2971566915512085,-0.05980715516371049,0.07367938756942749,-0.3619300127029419,-0.07167552027267732,0.08587318658828735,-0.4135366976261139,-0.08066767069858827,0.06771683692932129,-0.16327977180480957,-0.03727558615965165,0.09336221218109131,-0.27514511346817017,-0.06007738399667062,0.10559684038162231,-0.34061795473098755,-0.0716641655878476,0.11370503902435303,-0.39217400550842285,-0.07861062500042237,0.08472645282745361,-0.11758917570114136,-0.03861657145780839,0.10381370782852173,-0.1563812494277954,-0.0732549837545804,0.08699440956115723,-0.12396061420440674,-0.08502322051090516,0.07394307851791382,-0.09736418724060059,-0.08542766782802858,0.09352761507034302,-0.06357216835021973,-0.041559327276175395,0.11003601551055908,-0.0937531590461731,-0.07176892075104035,0.10140305757522583,-0.08928769826889038,-0.07986960920852937,0.0911245346069336,-0.08561092615127563,-0.08118209603590287
0.0,0.0,0.0,-0.0064743757247924805,-0.05722922086715698,-0.02815713788010754,0.01079469919204712,-0.11874592304229736,-0.03663315306045689,0.059891343116760254,-0.12927860021591187,-0.0423435462508408,0.09568965435028076,-0.11204278469085693,-0.046295442232867856,0.03438770771026611,-0.2100430727005005,-0.025590910190722127,0.04937028884887695,-0.30860114097595215,-0.04039652700163998,0.0573996901512146,-0.36941367387771606,-0.05053549314477124,0.06502729654312134,-0.4196339547634125,-0.05974927971698918,0.05852478742599487,-0.18973588943481445,-0.026181102344772,0.07775282859802246,-0.30177897214889526,-0.044217560986062665,0.09050428867340088,-0.36656326055526733,-0.056481682309886594,0.0998375415802002,-0.41838401556015015,-0.06517927403189816,0.0706413984298706,-0.14934444427490234,-0.030184250870725293,0.0902755856513977,-0.19774961471557617,-0.06526948566176571,0.08478409051895142,-0.16972988843917847,-0.0825647568199841,0.08040201663970947,-0.147319495677948,-0.08760348762013592,0.07568931579589844,-0.09792226552963257,-0.035427216986199994,0.09671223163604736,-0.11986654996871948,-0.07035428340174832,0.09675168991088867,-0.09410983324050903,-0.08353000188805737,0.09298795461654663,-0.06804877519607544,-0.08831979388930478
0.0,0.0,0.0,-0.005396902561187744,-0.05932259559631348,-0.027144983115025667,0.014403164386749268,-0.12319707870483398,-0.035350439774223474,0.06525522470474243,-0.1369839906692505,-0.040103530215450434,0.09730315208435059,-0.1183004379272461,-0.04395785711927047,0.03545331954956055,-0.21111202239990234,-0.027112768667169718,0.05643141269683838,-0.31255078315734863,-0.040923507588335184,0.06828606128692627,-0.3742256164550781,-0.05059906997007957,0.07743114233016968,-0.42664021253585815,-0.059909874277540354,0.058540284633636475,-0.19170701503753662,-0.02708164200408092,0.07881581783294678,-0.3059499263763428,-0.04271004878205886,0.08827841281890869,-0.375011682510376,-0.05430770822090736,0.09391647577285767,-0.4328579008579254,-0.06364668317360511,0.07142436504364014,-0.15248095989227295,-0.02991323515994182,0.08814764022827148,-0.22575217485427856,-0.05841152526659599,0.0895836353302002,-0.24133414030075073,-0.07454516895336738,0.09005606174468994,-0.25257039070129395,-0.08238307543320289,0.07747066020965576,-0.10312116146087646,-0.034275611566730646,0.09763050079345703,-0.13428813219070435,-0.0629937217406713,0.0968894362449646,-0.1196027398109436,-0.07381733663601509,0.0933261513710022,-0.09984540939331055,-0.07921365805191627
0.0,0.0,0.0,-0.005323588848114014,-0.04550802707672119,-0.029357276457893988,0.009045600891113281,-0.10115706920623779,-0.03869121109281792,0.05084943771362305,-0.12046158313751221,-0.04552578141127839,0.08199840784072876,-0.11523818969726562,-0.05032110919390931,0.021935641765594482,-0.19493764638900757,-0.027337263870585105,0.035229265689849854,-0.2901836633682251,-0.043822809654820105,0.042910218238830566,-0.3524731397628784,-0.05421192904149308,0.05014610290527344,-0.40410566329956055,-0.06225510646735444,0.04725790023803711,-0.18069273233413696,-0.0266489308062674,0.06323325634002686,-0.287680447101593,-0.04821820889745965,0.07720047235488892,-0.3554821014404297,-0.061516463357556006,0.08805739879608154,-0.40876683592796326,-0.06874130998884453,0.0609358549118042,-0.1465848684310913,-0.02902109508548989,0.07755106687545776,-0.1822393536567688,-0.06597128843103661,0.07020139694213867,-0.13716834783554077,-0.07946946059499993,0.06376338005065918,-0.10180521011352539,-0.0789679322126986,0.06974023580551147,-0.10234218835830688,-0.03272430931364312,0.0895688533782959,-0.12648725509643555,-0.06558318768774285,0.09021633863449097,-0.10005068778991699,-0.07362473343645348,0.08612668514251709,-0.07412981986999512,-0.07297475968633904
0.0,0.0,0.0,-0.030867338180541992,-0.028481483459472656,-0.031145204609217103,-0.03459879755973816,-0.09117138385772705,-0.041417539870323594,0.00815853476524353,-0.11299675703048706,-0.04815302491742557,0.048790693283081055,-0.09841197729110718,-0.054568388318600114,-0.007070600986480713,-0.20626050233840942,-0.025064154347361978,0.01887136697769165,-0.2897565960884094,-0.037622262543024476,0.03687000274658203,-0.34726691246032715,-0.04769531339961475,0.04468882083892822,-0.39533960819244385,-0.05791278631049579,0.021585315465927124,-0.19791722297668457,-0.024289644142569955,0.010603100061416626,-0.29993975162506104,-0.03807597309905475,-0.0019453763961791992,-0.3612876534461975,-0.04833312407690471,-0.013241767883300781,-0.4134474992752075,-0.05637121648150867,0.04547548294067383,-0.1649237871170044,-0.027298562979282792,0.040544867515563965,-0.235529363155365,-0.052319795643867906,0.03276756405830383,-0.28624773025512695,-0.070027031755032,0.02681666612625122,-0.3334568738937378,-0.08202061877209132,0.06714844703674316,-0.11114025115966797,-0.03267590404111331,0.07422944903373718,-0.12624239921569824,-0.06337639764505809,0.05751994252204895,-0.10934072732925415,-0.07593076751190608,0.04293656349182129,-0.09416592121124268,-0.08265721127945369
0.0,0.0,0.0,-0.030726850032806396,-0.037954509258270264,-0.03161990227749811,-0.03365355730056763,-0.10254025459289551,-0.04323843451788889,0.006097346544265747,-0.12556922435760498,-0.05157267260005938,0.04611507058143616,-0.11559712886810303,-0.0588835101073073,0.0066966712474823,-0.20391184091567993,-0.02434425386240946,0.016144126653671265,-0.2934533953666687,-0.040073219264058935,0.018218547105789185,-0.3506740927696228,-0.05208403202345835,0.01972106099128723,-0.3990650177001953,-0.0634582560007857,0.03902214765548706,-0.19290852546691895,-0.02319718296280371,0.036513566970825195,-0.30086594820022583,-0.039147134447603094,0.02850949764251709,-0.3633015751838684,-0.050729132766036855,0.02179783582687378,-0.4174360930919647,-0.05986252012303339,0.06345883011817932,-0.15574532747268677,-0.026131601581482755,0.07052072882652283,-0.21712392568588257,-0.056873678738384115,0.06424453854560852,-0.22645872831344604,-0.07262904899766909,0.06032085418701172,-0.2392084002494812,-0.08013953971317278,0.0833202600479126,-0.10223466157913208,-0.03109609479656683,0.09033632278442383,-0.12761110067367554,-0.06574284243038164,0.07430011034011841,-0.11483925580978394,-0.07825449811866747,0.061086952686309814,-0.10450416803359985,-0.08350567477395998
0.0,0.0,0.0,-0.014240086078643799,-0.012622594833374023,-0.03813649479131698,-0.010197967290878296,-0.03988790512084961,-0.061991342788743964,0.02471250295639038,-0.044240713119506836,-0.07982301477174758,0.05887529253959656,-0.039550602436065674,-0.09748293224554061,0.013146519660949707,-0.14617973566055298,-0.05793152887206077,0.016422420740127563,-0.22232258319854736,-0.08146015319805144,0.019584476947784424,-0.27610236406326294,-0.09725437078456878,0.020550698041915894,-0.3240915536880493,-0.1097052297351837,0.04005247354507446,-0.14141803979873657,-0.05333947900514602,0.04864981770515442,-0.23607516288757324,-0.07953405145387649,0.05164337158203125,-0.29594898223876953,-0.09519023213367461,0.05405578017234802,-0.3490356206893921,-0.10626174274663924,0.05937650799751282,-0.11482077836990356,-0.05023128304462432,0.0686655044555664,-0.18754756450653076,-0.08137069407682418,0.07502269744873047,-0.23542988300323486,-0.09845785561780929,0.08041417598724365,-0.27629339694976807,-0.10913914207201003,0.07375091314315796,-0.07552623748779297,-0.0488045080361843,0.08625161647796631,-0.08648073673248291,-0.07753521714191436,0.08302927017211914,-0.07174402475357056,-0.0870602330921173,0.07939833402633667,-0.05645793676376343,-0.09206501159648894
0.0,0.0,0.0,-0.020364075899124146,-0.021949470043182373,-0.03411134734458621,-0.014847099781036377,-0.06666892766952515,-0.05047518044418986,0.02380657196044922,-0.08005344867706299,-0.06301948085136111,0.05967378616333008,-0.07455182075500488,-0.07605386182374652,0.0025647878646850586,-0.1789272427558899,-0.037011273500391795,0.011964678764343262,-0.2581102252006531,-0.05794121354527171,0.019683033227920532,-0.3151421546936035,-0.07467846974439318,0.023435592651367188,-0.3634002208709717,-0.08866814925975497,0.02934396266937256,-0.17275172472000122,-0.03575154050893481,0.026355117559432983,-0.2674397826194763,-0.05790325283713038,0.02175116539001465,-0.3294411897659302,-0.07372918381995852,0.019878119230270386,-0.3833516240119934,-0.08529702230996783,0.05114561319351196,-0.14506292343139648,-0.037782885429331614,0.06145232915878296,-0.21161454916000366,-0.06909391686029132,0.06705409288406372,-0.24793750047683716,-0.08795871987647708,0.07244706153869629,-0.2802078127861023,-0.09942792012996371,0.06770706176757812,-0.10394346714019775,-0.04177803575701411,0.07742506265640259,-0.11830776929855347,-0.075690839734742,0.07344716787338257,-0.10036468505859375,-0.08819594636268313,0.07030534744262695,-0.08188635110855103,-0.09422169282741244
0.0,0.0,0.0,-0.02286812663078308,-0.026158928871154785,-0.03480498469866866,-0.01799294352531433,-0.06505167484283447,-0.05438835896052474,0.01971527934074402,-0.07272082567214966,-0.06982070184744948,0.05716857314109802,-0.06348121166229248,-0.08548019058503264,0.005109995603561401,-0.16019052267074585,-0.043418541322127524,0.007831096649169922,-0.23392236232757568,-0.06716744578875655,0.007686197757720947,-0.285341739654541,-0.08445055014886016,0.008754998445510864,-0.33139508962631226,-0.09796231962241286,0.03598704934120178,-0.15579986572265625,-0.04228489450611228,0.0491204559803009,-0.2569350004196167,-0.06492275721825713,0.05324551463127136,-0.3188195824623108,-0.07893034792937392,0.058437734842300415,-0.37327271699905396,-0.08833772666253203,0.05939885973930359,-0.12693196535110474,-0.04385267547763938,0.07539847493171692,-0.19462692737579346,-0.07468414283789748,0.07697173953056335,-0.2190418839454651,-0.08792904741562957,0.08076736330986023,-0.24367362260818481,-0.09435954667128676,0.0777808129787445,-0.08356237411499023,-0.047457132259980384,0.08976015448570251,-0.10501223802566528,-0.07732080645360107,0.07740166783332825,-0.08955729007720947,-0.083123177061454,0.06781628727912903,-0.07460266351699829,-0.0843375695446884
0.0,0.0,0.0,-0.027177751064300537,-0.03086400032043457,-0.03454419194619618,-0.025091350078582764,-0.08220112323760986,-0.04980525716106854,0.015229135751724243,-0.09605658054351807,-0.06130032583038769,0.05427020788192749,-0.08174997568130493,-0.07194217263619862,0.0008644759654998779,-0.18289905786514282,-0.03376959605972729,0.003536313772201538,-0.2608436942100525,-0.053377736051487545,0.0035368502140045166,-0.3122175931930542,-0.06726802854697667,0.005146235227584839,-0.35781311988830566,-0.0785577592150446,0.03214767575263977,-0.1791975498199463,-0.03163096650402508,0.04227176308631897,-0.2790212035179138,-0.05193138836781941,0.04982250928878784,-0.34105366468429565,-0.06477831273238621,0.0581057071685791,-0.39570504426956177,-0.07275559722344838,0.05622541904449463,-0.15075242519378662,-0.03308381854455433,0.06840658187866211,-0.2043532133102417,-0.0664178129927393,0.06906598806381226,-0.20786982774734497,-0.083343669463801,0.07127058506011963,-0.21575337648391724,-0.08980209349553547,0.07607114315032959,-0.10827630758285522,-0.036500423838305096,0.08424079418182373,-0.12031573057174683,-0.07064044444720707,0.07360005378723145,-0.09801918268203735,-0.08200219987790547,0.06593930721282959,-0.07962936162948608,-0.08569807528417073
0.0,0.0,0.0,-0.01829931139945984,-0.02104240655899048,-0.03385824496823453,-0.00842544436454773,-0.058132171630859375,-0.05109262998181485,0.03190571069717407,-0.058929502964019775,-0.06358955214697026,0.06929424405097961,-0.04622679948806763,-0.07674009512144231,0.010028690099716187,-0.1615263819694519,-0.04014096940833234,0.009737372398376465,-0.23049485683441162,-0.06078940789180898,0.010777175426483154,-0.27914541959762573,-0.07711256454664372,0.011121481657028198,-0.3239143490791321,-0.09028069834190511,0.040105462074279785,-0.15530002117156982,-0.03825561488944196,0.05021858215332031,-0.24870985746383667,-0.056719386679707995,0.05326038599014282,-0.30909979343414307,-0.0701812596150031,0.05724945664405823,-0.3625742793083191,-0.08033423284965657,0.06345745921134949,-0.12718629837036133,-0.03917261744815015,0.0768561065196991,-0.19337958097457886,-0.06729528467136525,0.08230623602867126,-0.23216301202774048,-0.0849546657033553,0.08999893069267273,-0.26878756284713745,-0.09623518745380544,0.08039829134941101,-0.08451658487319946,-0.04191751937347554,0.09111347794532776,-0.09372222423553467,-0.07145869146066808,0.07907459139823914,-0.07430452108383179,-0.08037822852808141,0.07018747925758362,-0.05592191219329834,-0.08485606471973561
0.0,0.0,0.0,-0.02976667881011963,-0.029873311519622803,-0.032043168527698285,-0.02629941701889038,-0.08028948307037354,-0.046120735091781384,0.017322689294815063,-0.09124338626861572,-0.0562406575509069,0.05688631534576416,-0.07775026559829712,-0.0664613975413797,0.0017704963684082031,-0.17523163557052612,-0.03236756308159805,0.0022718310356140137,-0.2490530014038086,-0.05034654049358345,0.0009095072746276855,-0.30035489797592163,-0.06427069587788559,0.0018392205238342285,-0.3458316922187805,-0.07629189474663711,0.0357629656791687,-0.16951125860214233,-0.031545197797631985,0.04603546857833862,-0.26955097913742065,-0.049373256249046094,0.05272090435028076,-0.33446139097213745,-0.06217122657380081,0.06124979257583618,-0.39181095361709595,-0.07093582881770111,0.060892581939697266,-0.1389700174331665,-0.03384638412079788,0.07559508085250854,-0.20094627141952515,-0.06471593512377716,0.07639950513839722,-0.21723532676696777,-0.08132786138138748,0.07880717515945435,-0.23408633470535278,-0.08908428831181503,0.08053487539291382,-0.09265750646591187,-0.03773774413547493,0.08823829889297485,-0.11326730251312256,-0.07155798209986663,0.07268810272216797,-0.09486639499664307,-0.08151557130894638,0.060128748416900635,-0.07791227102279663,-0.08477449251494384
0.0,0.0,0.0,-0.02070137858390808,-0.025928735733032227,-0.03384341265059021,-0.014114946126937866,-0.07432019710540771,-0.046622298313145905,0.027390986680984497,-0.08203983306884766,-0.05459554086423424,0.0643751323223114,-0.06879186630249023,-0.06272606517172363,0.011916905641555786,-0.18035638332366943,-0.03324219922519234,0.023145347833633423,-0.26631319522857666,-0.05058721418476608,0.029483944177627563,-0.32864606380462646,-0.06353187526560333,0.033360183238983154,-0.3793463110923767,-0.07496952976084259,0.042070984840393066,-0.16991513967514038,-0.0298940759429982,0.041793614625930786,-0.2706167697906494,-0.04758654500341919,0.04043400287628174,-0.33611518144607544,-0.061721723181968,0.04063639044761658,-0.3919526934623718,-0.07259867305851486,0.06429430842399597,-0.1393381953239441,-0.030077557666068344,0.06670370697975159,-0.1969100832939148,-0.06234550069070366,0.06601372361183167,-0.2123469114303589,-0.08311190421677139,0.06742903590202332,-0.22823971509933472,-0.09418668563461807,0.08042064309120178,-0.09568411111831665,-0.031871504736905365,0.08248195052146912,-0.11162656545639038,-0.06659673119879272,0.0680525004863739,-0.08616352081298828,-0.07976409013367203,0.056495338678359985,-0.06254196166992188,-0.08588387782669571
0.0,0.0,0.0,-0.026116520166397095,-0.029689431190490723,-0.03128707928357244,-0.021383017301559448,-0.0771862268447876,-0.0447008549958241,0.021149009466171265,-0.08414655923843384,-0.05462205929455877,0.05891647934913635,-0.06562387943267822,-0.06382737083134771,0.006272226572036743,-0.1768602728843689,-0.029531120860553983,0.007786601781845093,-0.2527463436126709,-0.04733825994429708,0.0066862404346466064,-0.3030287027359009,-0.060399503985024694,0.007853895425796509,-0.34802746772766113,-0.07082636428771139,0.038367390632629395,-0.16922789812088013,-0.028185637274361852,0.0490318238735199,-0.26616746187210083,-0.04646131543216825,0.055923253297805786,-0.32771825790405273,-0.058982150235749486,0.06289413571357727,-0.3805493116378784,-0.06651670260129094,0.06180587410926819,-0.1378040909767151,-0.030048023515917066,0.07219085097312927,-0.17723232507705688,-0.06303648425040365,0.06687596440315247,-0.1638137698173523,-0.07934249711928487,0.06380417943000793,-0.15715545415878296,-0.08388660622534871,0.08061590790748596,-0.09189033508300781,-0.0333207040816319,0.08524629473686218,-0.10267949104309082,-0.06590274495778203,0.07147762179374695,-0.07888972759246826,-0.07506008220610738,0.059749215841293335,-0.059903860092163086,-0.07636850846705556
0.0,0.0,0.0,-0.025287330150604248,-0.03286248445510864,-0.0321564622619519,-0.018201857805252075,-0.08972513675689697,-0.043676430771625974,0.02528950572013855,-0.09967595338821411,-0.050479328671968915,0.06394925713539124,-0.0807427167892456,-0.0573928118148217,0.00856935977935791,-0.18916922807693481,-0.029126305545247533,0.009123146533966064,-0.26391488313674927,-0.04372887540844772,0.010180503129959106,-0.3147100806236267,-0.056016331950701215,0.013902276754379272,-0.35903871059417725,-0.06731123332170341,0.04296612739562988,-0.17883193492889404,-0.02688520629195068,0.05371174216270447,-0.27929389476776123,-0.03997759003428314,0.05965360999107361,-0.3433387875556946,-0.0512953423359761,0.06772956252098083,-0.39849603176116943,-0.060439197758711316,0.06927040219306946,-0.14720255136489868,-0.02782500203935001,0.07902893424034119,-0.2193329930305481,-0.054572800586498715,0.08044680953025818,-0.25171929597854614,-0.07188835595039222,0.08577540516853333,-0.28018301725387573,-0.08223422471670006,0.08860710263252258,-0.10147768259048462,-0.03062937449900005,0.09064015746116638,-0.12463653087615967,-0.06058410410074089,0.07261195778846741,-0.10331374406814575,-0.06984860304979179,0.06022259593009949,-0.07966333627700806,-0.07427964214471672
