0.0,0.0,0.0,0.012625932693481445,-0.025348961353302002,-0.014862103931392312,0.0272560715675354,-0.04797995090484619,-0.02474186065026629,0.03465157747268677,-0.06984847784042358,-0.03223731423148024,0.0397648811340332,-0.08738696575164795,-0.04104321876891959,0.028213977813720703,-0.031531453132629395,-0.03636123294361937,0.04310011863708496,-0.04449218511581421,-0.05019262487419951,0.05585908889770508,-0.05556899309158325,-0.05935126597412932,0.06753849983215332,-0.06491905450820923,-0.06644335816034186,0.024988949298858643,-0.015888869762420654,-0.03574574793108809,0.0383722186088562,-0.040673911571502686,-0.04893353635796416,0.04868626594543457,-0.06194883584976196,-0.05692784915098059,0.05715125799179077,-0.08105981349945068,-0.0643314910901438,0.018465101718902588,0.0015143752098083496,-0.03522750417121756,0.0253981351852417,-0.01476144790649414,-0.05028297061451781,0.031835198402404785,-0.02997368574142456,-0.059302639759863496,0.03537547588348389,-0.04349470138549805,-0.06597473154195654,0.009686470031738281,0.019252657890319824,-0.03510289321073401,0.009477794170379639,0.02583897113800049,-0.04982076639660704,0.009781897068023682,0.027326583862304688,-0.05785307715066779,0.008432507514953613,0.027531981468200684,-0.06384374628194678
0.0,0.0,0.0,0.01936286687850952,-0.011744439601898193,-0.098084857235893,0.07294070720672607,-0.014686524868011475,-0.1434395439133489,0.12642478942871094,-0.032173871994018555,-0.1673296964869344,0.1804288625717163,-0.05640006065368652,-0.19384264714573263,0.10399186611175537,0.028557121753692627,-0.15526860720966695,0.1560080647468567,-0.010352492332458496,-0.20722043282841085,0.1884136199951172,-0.048007071018218994,-0.23999117083404897,0.2106860876083374,-0.08237934112548828,-0.2599958903298223,0.11380875110626221,0.012178122997283936,-0.11715726322983144,0.1607356071472168,-0.08213895559310913,-0.17571848399494527,0.18009543418884277,-0.15512996912002563,-0.21534225113247274,0.19147324562072754,-0.21302300691604614,-0.24189550943230032,0.117714524269104,-0.006852447986602783,-0.08064196027372716,0.14496850967407227,-0.1115073561668396,-0.14082719154213308,0.14517837762832642,-0.18717271089553833,-0.1786618954644048,0.13869774341583252,-0.24107378721237183,-0.19802830881927846,0.11655068397521973,-0.02215629816055298,-0.048208528678163276,0.13080894947052002,-0.08719825744628906,-0.09824944056127904,0.12446236610412598,-0.13587480783462524,-0.12654137379978536,0.11609655618667603,-0.17703843116760254,-0.14311226971004842
0.0,0.0,0.0,-0.0163881778717041,-0.011854887008666992,-0.11815997787851984,0.0013605952262878418,-0.01580113172531128,-0.18453909286398584,0.027758359909057617,-0.030580997467041016,-0.22692315110106165,0.06442558765411377,-0.056358397006988525,-0.27152921089071924,0.07919967174530029,0.01208716630935669,-0.1846607757462948,0.12575644254684448,-0.06142306327819824,-0.24962240287203485,0.15571308135986328,-0.10949045419692993,-0.29432992466826136,0.17822813987731934,-0.1442219614982605,-0.32361347803015406,0.10477405786514282,-0.00017702579498291016,-0.14081995018858606,0.1456124186515808,-0.08809012174606323,-0.20402404495615656,0.17206424474716187,-0.14833694696426392,-0.2444231940164059,0.19541215896606445,-0.19861871004104614,-0.2744055224313229,0.11780059337615967,-0.016287684440612793,-0.10041694917816812,0.14393484592437744,-0.10737353563308716,-0.15652154215712244,0.14642459154129028,-0.1653861403465271,-0.18875628539461786,0.1447470784187317,-0.20796948671340942,-0.20899794825453455,0.12325048446655273,-0.03736311197280884,-0.06679823079247171,0.13418781757354736,-0.10054409503936768,-0.11372890898127253,0.12126392126083374,-0.14291328191757202,-0.14016018637556726,0.10680323839187622,-0.17282480001449585,-0.15794519909758264
0.0,0.0,0.0,-0.026578545570373535,-0.02125537395477295,-0.11807919153372382,-0.013958454132080078,-0.027650415897369385,-0.1856410116831455,0.013564348220825195,-0.040670692920684814,-0.2273498536030445,0.04798614978790283,-0.0637853741645813,-0.2702159346024189,0.05842941999435425,0.026535332202911377,-0.20099819311300848,0.10767489671707153,-0.047517597675323486,-0.26905778655211066,0.1425255537033081,-0.10005056858062744,-0.3109614313522968,0.1708824634552002,-0.14341533184051514,-0.3370220423618946,0.09584325551986694,0.020254909992218018,-0.15527476975123022,0.13866585493087769,-0.0755544900894165,-0.22051352867285345,0.1673741340637207,-0.14842712879180908,-0.253365165082613,0.18929153680801392,-0.20940637588500977,-0.2766459346691761,0.11754024028778076,0.0022316575050354004,-0.11163846263090704,0.13872772455215454,-0.10297596454620361,-0.16769262262980078,0.126845121383667,-0.17226600646972656,-0.18764266976515387,0.1144256591796875,-0.21968847513198853,-0.1975729078928623,0.1291736364364624,-0.022777020931243896,-0.07485962518850897,0.13564449548721313,-0.09485459327697754,-0.11887674638430212,0.11825305223464966,-0.1425074338912964,-0.13703349837462042,0.10091328620910645,-0.17376470565795898,-0.1475032479445133
0.0,0.0,0.0,-0.03127568960189819,-0.011535465717315674,-0.12008413500535653,-0.019614458084106445,-0.01627284288406372,-0.19362903959500954,0.006181299686431885,-0.034418702125549316,-0.2406100166534202,0.04249680042266846,-0.06470763683319092,-0.2883848232721107,0.042914390563964844,0.03787708282470703,-0.2203775925134437,0.08069378137588501,-0.024327516555786133,-0.2961771172975318,0.09391778707504272,-0.08808815479278564,-0.33818861670243905,0.09706848859786987,-0.13522565364837646,-0.3621912283395545,0.07990503311157227,0.021077871322631836,-0.17575412816751168,0.12076908349990845,-0.05901050567626953,-0.245348451802613,0.12766969203948975,-0.12652349472045898,-0.2750252766107337,0.13182353973388672,-0.17552226781845093,-0.29475992746102975,0.10269701480865479,-0.0032410621643066406,-0.13259599930989907,0.1180981993675232,-0.09687924385070801,-0.19207513160455392,0.09512853622436523,-0.1553407907485962,-0.20734301037538216,0.07494133710861206,-0.18792963027954102,-0.21340691871392892,0.11716163158416748,-0.03205686807632446,-0.09587511248338387,0.12677901983261108,-0.08982247114181519,-0.14190012044656442,0.10592752695083618,-0.12923693656921387,-0.15680937297094033,0.08454537391662598,-0.14907467365264893,-0.1643172634338157
0.0,0.0,0.0,-0.03071063756942749,-0.01571333408355713,-0.09958037454100577,-0.028308868408203125,-0.030795037746429443,-0.1698833825013253,-0.01646500825881958,-0.047895610332489014,-0.21914371568175284,0.007014811038970947,-0.07137507200241089,-0.2698621274849984,0.030569851398468018,0.011696457862854004,-0.2069866778275582,0.0717548131942749,-0.03504258394241333,-0.2789391400239083,0.08384668827056885,-0.09046411514282227,-0.32054368871661154,0.08827048540115356,-0.13953858613967896,-0.34600479620905844,0.06694215536117554,0.00014716386795043945,-0.17452890891047446,0.10403060913085938,-0.07961529493331909,-0.2454557390830132,0.11892050504684448,-0.14225256443023682,-0.28212205785723654,0.13042587041854858,-0.1925264596939087,-0.30894891637774435,0.08727377653121948,-0.019775688648223877,-0.14036550837965933,0.09673774242401123,-0.11877542734146118,-0.19626910704585043,0.07587611675262451,-0.17823541164398193,-0.21299199480029074,0.05697798728942871,-0.21524584293365479,-0.2227523894927117,0.09838223457336426,-0.0446014404296875,-0.11106565314742056,0.10305172204971313,-0.11631572246551514,-0.154303637327871,0.08210492134094238,-0.15613341331481934,-0.1680551888367745,0.06307071447372437,-0.17755603790283203,-0.17642663139315573
0.0,0.0,0.0,-0.014194250106811523,-0.04596930742263794,-0.08871584643520691,0.006635785102844238,-0.09004205465316772,-0.15031905730165818,0.03454422950744629,-0.1265619397163391,-0.18996598084368088,0.06704932451248169,-0.16600382328033447,-0.22971231003202774,0.022510170936584473,-0.015236914157867432,-0.20317648609079697,0.053516268730163574,-0.07223433256149292,-0.2677879210273204,0.05262863636016846,-0.1238945722579956,-0.2985024328986583,0.044679105281829834,-0.16533517837524414,-0.3155656035701213,0.045125365257263184,0.0005412697792053223,-0.17298034091390946,0.07219421863555908,-0.07981479167938232,-0.2321363862315593,0.06507372856140137,-0.12969404458999634,-0.24808891375460007,0.05413174629211426,-0.16072237491607666,-0.2609258766929088,0.06193274259567261,0.0037404894828796387,-0.1417724068919597,0.073123037815094,-0.08431577682495117,-0.18977953751482346,0.05624288320541382,-0.13350456953048706,-0.194051655725616,0.039336204528808594,-0.1574433445930481,-0.19736366231836655,0.07244294881820679,-0.0005697011947631836,-0.11487243582405426,0.08333086967468262,-0.0640900731086731,-0.15487835069097855,0.0654725432395935,-0.10356193780899048,-0.16474394758142807,0.04454851150512695,-0.12229442596435547,-0.17132316787638047
0.0,0.0,0.0,-0.023091554641723633,-0.019273996353149414,-0.0649697749080076,-0.026661217212677002,-0.04342228174209595,-0.109154377705039,-0.016161084175109863,-0.06318128108978271,-0.14164650124925515,0.000781714916229248,-0.0760645866394043,-0.1742951242389097,0.0470622181892395,0.0010362863540649414,-0.11087312234062097,0.0721970796585083,-0.10066962242126465,-0.14775681180375955,0.08033508062362671,-0.1607009768486023,-0.16715973300355813,0.08512008190155029,-0.20581835508346558,-0.17894641739744088,0.0785595178604126,0.002280592918395996,-0.09209997636693856,0.10439068078994751,-0.09948080778121948,-0.1264771936597242,0.11023205518722534,-0.17193478345870972,-0.1446616022052183,0.11415094137191772,-0.23100048303604126,-0.15911200327295205,0.10117244720458984,-0.006612658500671387,-0.07444828433412454,0.12480628490447998,-0.09918004274368286,-0.10407966060060403,0.12803053855895996,-0.16262125968933105,-0.11723614913839242,0.12766218185424805,-0.2106114625930786,-0.12680570465940377,0.11453217267990112,-0.022353172302246094,-0.060649589276494,0.13461744785308838,-0.08875590562820435,-0.08457015884536645,0.13558286428451538,-0.1375775933265686,-0.0937473667921438,0.13122111558914185,-0.17505839467048645,-0.0998065514625921
0.0,0.0,0.0,-0.025244832038879395,-0.01654529571533203,-0.09109286481988477,-0.02233201265335083,-0.031093180179595947,-0.14845356608283566,-0.005651235580444336,-0.044200897216796875,-0.18875044847381162,0.017343342304229736,-0.055471599102020264,-0.2292141642655139,0.07026535272598267,0.0021715164184570312,-0.14606645966422604,0.10163438320159912,-0.10629922151565552,-0.19593243564021634,0.11085426807403564,-0.17112916707992554,-0.2239266213263278,0.11529362201690674,-0.22357046604156494,-0.2408040043200259,0.10247808694839478,0.001583397388458252,-0.1168828111375575,0.12665444612503052,-0.10660845041275024,-0.16682221258533048,0.12599843740463257,-0.18164479732513428,-0.19633777702701138,0.12781786918640137,-0.24346157908439636,-0.21767720843207883,0.12148088216781616,-0.007079482078552246,-0.0895623143996005,0.14126992225646973,-0.10697245597839355,-0.13402514422786282,0.13651925325393677,-0.17484599351882935,-0.15567100311172055,0.13144928216934204,-0.22647541761398315,-0.16892704630744504,0.13123935461044312,-0.022207975387573242,-0.06719964260709332,0.14842885732650757,-0.09439033269882202,-0.10147968942773389,0.1462153196334839,-0.14543074369430542,-0.11661775673282193,0.1426730751991272,-0.18434417247772217,-0.12631090248477506
0.0,0.0,0.0,-0.025718748569488525,-0.024612903594970703,-0.09593297708700277,-0.02087581157684326,-0.042674481868743896,-0.15642566401432134,-0.0011478066444396973,-0.05125832557678223,-0.19755269009540655,0.025793075561523438,-0.05442851781845093,-0.23851936478088476,0.07083159685134888,0.0029172897338867188,-0.16741243917415716,0.10871034860610962,-0.10782074928283691,-0.22010707277725317,0.11508452892303467,-0.17720603942871094,-0.245896259135705,0.11598837375640869,-0.2318238914012909,-0.25991273838947393,0.10819333791732788,0.005238890647888184,-0.1330463679499445,0.13347792625427246,-0.11152666807174683,-0.183715963549119,0.12671858072280884,-0.18855679035186768,-0.2054527493185816,0.11943185329437256,-0.25002044439315796,-0.22030284423301794,0.12975305318832397,-0.005830645561218262,-0.09969952870081045,0.1465538740158081,-0.11563986539840698,-0.14372847396801092,0.1320110559463501,-0.18088561296463013,-0.1581439616150675,0.11914658546447754,-0.22549784183502197,-0.16574783045719244,0.14219778776168823,-0.026034832000732422,-0.07141403276393987,0.1532282829284668,-0.10317140817642212,-0.10556355286310293,0.14763015508651733,-0.15444326400756836,-0.11777439881036855,0.14041739702224731,-0.1887853741645813,-0.12420334834526159
0.0,0.0,0.0,-0.018431782722473145,-0.029571056365966797,-0.08461222974332827,-0.00882101058959961,-0.05572831630706787,-0.1357962134269144,0.013924479484558105,-0.07569855451583862,-0.1701667102960016,0.040180504322052,-0.08840692043304443,-0.20392006067308444,0.07518190145492554,-0.0081215500831604,-0.13282706765207308,0.10924637317657471,-0.11413121223449707,-0.17746829418214816,0.11980146169662476,-0.18108832836151123,-0.20132722882303256,0.12434536218643188,-0.23027759790420532,-0.2147371712115671,0.10525810718536377,-0.006165921688079834,-0.10271026370796221,0.13377374410629272,-0.11537837982177734,-0.1423724981931116,0.14044451713562012,-0.19253325462341309,-0.16269000796350497,0.14450454711914062,-0.25271058082580566,-0.1783313992408182,0.12359809875488281,-0.014499306678771973,-0.07510659275325793,0.14507919549942017,-0.1133800745010376,-0.1122400256780054,0.144908607006073,-0.18177497386932373,-0.13032474545511263,0.14066922664642334,-0.22971120476722717,-0.14174378840002078,0.13315993547439575,-0.0279197096824646,-0.05208777812990206,0.15008217096328735,-0.10389763116836548,-0.08135142354043978,0.14974141120910645,-0.15614283084869385,-0.09511231062683123,0.14504724740982056,-0.1936105489730835,-0.10391593901189822
0.0,0.0,0.0,-0.027987122535705566,-0.025851845741271973,-0.11362510540687865,-0.016414344310760498,-0.045199811458587646,-0.17970649519169157,0.010872483253479004,-0.05976313352584839,-0.21960122504436796,0.04549628496170044,-0.07678049802780151,-0.26076554873192137,0.07031935453414917,-0.011961698532104492,-0.20442005613052672,0.11544734239578247,-0.09874117374420166,-0.27436169603073424,0.1479177474975586,-0.14928174018859863,-0.3183509967585785,0.1782989501953125,-0.19565647840499878,-0.3443692884703857,0.10868924856185913,-0.010750055313110352,-0.15702345588409727,0.1420440673828125,-0.12271326780319214,-0.212626155402301,0.15008705854415894,-0.20746833086013794,-0.23208222904407805,0.15311753749847412,-0.27547481656074524,-0.24635795870029753,0.13071030378341675,-0.023193717002868652,-0.11166888841593092,0.1478956937789917,-0.12799674272537231,-0.15947585919105833,0.1309618353843689,-0.19578003883361816,-0.16868994751179045,0.1135895848274231,-0.23819983005523682,-0.1718415878077728,0.14230161905288696,-0.04285949468612671,-0.07285628088915175,0.1486356258392334,-0.11259424686431885,-0.10777157166206663,0.13272851705551147,-0.15979140996932983,-0.11597504087889021,0.11378747224807739,-0.18609386682510376,-0.11942052462303465
0.0,0.0,0.0,-0.020680904388427734,-0.018627583980560303,-0.07225141230095744,-0.01906365156173706,-0.03872305154800415,-0.11948532166947246,-0.002304375171661377,-0.05363184213638306,-0.15259599986542582,0.021293818950653076,-0.06623673439025879,-0.18590678575505137,0.04877281188964844,0.012859821319580078,-0.12455262544621348,0.07845669984817505,-0.08672970533370972,-0.16529338362683177,0.08890581130981445,-0.14600074291229248,-0.18652811947335124,0.09611111879348755,-0.18931400775909424,-0.1996330797957313,0.08376091718673706,0.01431262493133545,-0.10174750092495799,0.11346226930618286,-0.08658397197723389,-0.14062097969521403,0.1221393346786499,-0.15943098068237305,-0.15948157313336253,0.12928634881973267,-0.21721899509429932,-0.17436413767804027,0.1070021390914917,0.003484785556793213,-0.08017691525687098,0.13104373216629028,-0.08929407596588135,-0.11516613069046855,0.1351422667503357,-0.15248775482177734,-0.1295557648228538,0.1358674168586731,-0.20019593834877014,-0.13948965373505473,0.12018775939941406,-0.012379646301269531,-0.062440484045637845,0.13679176568984985,-0.08071064949035645,-0.09075723144282222,0.137875497341156,-0.12984907627105713,-0.10210131409634471,0.13598835468292236,-0.16720080375671387,-0.10947814884652018
0.0,0.0,0.0,-0.018079638481140137,-0.03495723009109497,-0.07152286513439776,-0.013173460960388184,-0.06086850166320801,-0.11859174414269091,0.004654228687286377,-0.07159483432769775,-0.1516604830204642,0.028875768184661865,-0.08201295137405396,-0.1842922676979697,0.06462180614471436,-0.008292555809020996,-0.128068457978884,0.11084604263305664,-0.11551690101623535,-0.17065175964228274,0.13008731603622437,-0.1784050464630127,-0.19132038547388674,0.14262491464614868,-0.22623077034950256,-0.20295123352400424,0.10242557525634766,0.0036725997924804688,-0.1052817438422835,0.13568204641342163,-0.11208921670913696,-0.1458725739895499,0.13307863473892212,-0.18324381113052368,-0.1609964330374396,0.1287224292755127,-0.23645853996276855,-0.17160990430704715,0.1280122995376587,-0.0018976330757141113,-0.08351342721573474,0.1548985242843628,-0.11102139949798584,-0.11898910595766665,0.14185810089111328,-0.1694623827934265,-0.12817982925764682,0.1291961669921875,-0.20911461114883423,-0.1329038102804816,0.14339154958724976,-0.016730666160583496,-0.06590081347815158,0.15979290008544922,-0.09891140460968018,-0.09386176957480075,0.151952862739563,-0.14384114742279053,-0.10201867266289355,0.14161723852157593,-0.17354941368103027,-0.10583018853060366
0.0,0.0,0.0,-0.02531588077545166,-0.023548126220703125,-0.07885044702628363,-0.022052884101867676,-0.042070090770721436,-0.12774725147822608,-0.006939351558685303,-0.048687636852264404,-0.16125759371855963,0.017551064491271973,-0.061732709407806396,-0.1954768736038517,0.05658435821533203,0.0061754584312438965,-0.13633073755839575,0.10115915536880493,-0.09356695413589478,-0.18363183626273383,0.12911689281463623,-0.150174081325531,-0.21017579623797644,0.14992034435272217,-0.19502365589141846,-0.2250556338701557,0.09577387571334839,0.012089312076568604,-0.11021372565367926,0.12963712215423584,-0.09606015682220459,-0.15289576241114844,0.14161378145217896,-0.1712125539779663,-0.17165951320269812,0.14760345220565796,-0.2315697968006134,-0.1843226540956806,0.12218582630157471,0.0031244754791259766,-0.0854955975089382,0.14137142896652222,-0.10119318962097168,-0.12516328581908454,0.12721633911132812,-0.1620180606842041,-0.1361315388355564,0.11421900987625122,-0.20172575116157532,-0.13994267472365607,0.13786709308624268,-0.013642311096191406,-0.06538980343678702,0.15005958080291748,-0.08823597431182861,-0.09529546537736167,0.1373443603515625,-0.13455969095230103,-0.10165845492223013,0.12236601114273071,-0.16393563151359558,-0.1029959757004093
0.0,0.0,0.0,-0.027501702308654785,-0.03008723258972168,-0.09740080142823615,-0.022745847702026367,-0.058557331562042236,-0.15841724927035727,-0.0037511587142944336,-0.07705932855606079,-0.19899458641616263,0.026757240295410156,-0.09858834743499756,-0.2399327700814382,0.05771315097808838,-0.019212782382965088,-0.17803446406928458,0.09885835647583008,-0.11882013082504272,-0.23576655442325034,0.12188702821731567,-0.17887574434280396,-0.2668359225472585,0.14008331298828125,-0.22878944873809814,-0.28478741104213157,0.09650206565856934,-0.017757952213287354,-0.14282912964431205,0.13320261240005493,-0.13004416227340698,-0.1945214366397039,0.1464158296585083,-0.20828622579574585,-0.21382201666442313,0.15115559101104736,-0.2718257009983063,-0.22823160345164695,0.12140178680419922,-0.03018718957901001,-0.10915848071185508,0.14773845672607422,-0.13504838943481445,-0.15602509135810294,0.1395491361618042,-0.203445702791214,-0.1695764457663671,0.1281602382659912,-0.25046306848526,-0.176558891483225,0.13583356142044067,-0.049047648906707764,-0.08069844002334037,0.1531466245651245,-0.12044650316238403,-0.11690621281472602,0.14428240060806274,-0.16917943954467773,-0.12862437421885886,0.1310102939605713,-0.20090866088867188,-0.13527510518638053
0.0,0.0,0.0,-0.02657020092010498,-0.04197192192077637,-0.1104884015392038,-0.01665949821472168,-0.07766866683959961,-0.17534346301066606,0.007636547088623047,-0.10042071342468262,-0.21433881837832658,0.03589224815368652,-0.12222236394882202,-0.25411059874999253,0.07194221019744873,-0.04447740316390991,-0.20368973333346574,0.11527711153030396,-0.13773977756500244,-0.2717256190251085,0.1508103609085083,-0.19395720958709717,-0.31345900315749375,0.1852514147758484,-0.23973366618156433,-0.33804726023184983,0.10982060432434082,-0.03674048185348511,-0.1558094711970064,0.14212220907211304,-0.15900063514709473,-0.20367271620738236,0.14649057388305664,-0.24090147018432617,-0.21299681980120866,0.1439618468284607,-0.29962819814682007,-0.22048761863219468,0.13106536865234375,-0.04743725061416626,-0.11026481706607072,0.15405768156051636,-0.16156238317489624,-0.15315986592280595,0.1411978006362915,-0.22887101769447327,-0.15692057628142564,0.1263267993927002,-0.26614418625831604,-0.15633691269862382,0.1416516900062561,-0.06652826070785522,-0.07107307184445588,0.15606576204299927,-0.14674484729766846,-0.10395347494590013,0.14666450023651123,-0.19759923219680786,-0.11020836401688783,0.13133889436721802,-0.22306659817695618,-0.1117754744361612
0.0,0.0,0.0,-0.02194005250930786,-0.03243899345397949,-0.07597123699994768,-0.01454085111618042,-0.05970233678817749,-0.1219691546520778,0.008477210998535156,-0.07010519504547119,-0.15236382054897035,0.036037981510162354,-0.08256816864013672,-0.1820442067346164,0.06351339817047119,-0.01480323076248169,-0.13409073519321169,0.10828983783721924,-0.11300516128540039,-0.1780750142297336,0.13631397485733032,-0.17049133777618408,-0.20011098551364626,0.1582885980606079,-0.21440637111663818,-0.2120710747203418,0.1025853157043457,-0.0032138824462890625,-0.1073165969810077,0.13026481866836548,-0.11858206987380981,-0.14751109349342073,0.12816286087036133,-0.19064444303512573,-0.159508212085683,0.11942905187606812,-0.241530179977417,-0.16659666466327394,0.12762367725372314,-0.00911170244216919,-0.08199030774446214,0.14873230457305908,-0.1168012022972107,-0.12178841846795763,0.13480108976364136,-0.17838603258132935,-0.13086591529460634,0.12014967203140259,-0.21529263257980347,-0.1325200335940906,0.14200901985168457,-0.022830307483673096,-0.06062340604873384,0.15770584344863892,-0.09594804048538208,-0.09095518904538835,0.149854838848114,-0.1444563865661621,-0.09744921940179552,0.13794547319412231,-0.17519551515579224,-0.0983936177453586
0.0,0.0,0.0,-0.02898472547531128,-0.040172278881073,-0.09560562241834525,-0.029580771923065186,-0.08171999454498291,-0.15598916579049948,-0.016597211360931396,-0.10940033197402954,-0.19764460194867972,0.0024670958518981934,-0.13222914934158325,-0.23951629865926627,0.06446462869644165,-0.03361952304840088,-0.16686270702642325,0.10804128646850586,-0.13047385215759277,-0.2209407197312725,0.13720393180847168,-0.19402390718460083,-0.25087596047681693,0.16120225191116333,-0.24756348133087158,-0.26872919071477774,0.10236483812332153,-0.027835845947265625,-0.1330764548854244,0.13995414972305298,-0.1431194543838501,-0.1812443392352474,0.15922760963439941,-0.2255963683128357,-0.1996205704287899,0.16979962587356567,-0.29211875796318054,-0.2134154694156063,0.12473815679550171,-0.038074374198913574,-0.10124627072376136,0.15616577863693237,-0.14537525177001953,-0.1447877245025051,0.16162562370300293,-0.21895194053649902,-0.15769248772424582,0.1603177785873413,-0.2735278606414795,-0.16448300648492697,0.13635355234146118,-0.056987226009368896,-0.07490540612501029,0.15962016582489014,-0.12956231832504272,-0.10754705537122611,0.16305053234100342,-0.18095576763153076,-0.11762027014058951,0.16021353006362915,-0.21833008527755737,-0.12326509822172049
0.0,0.0,0.0,-0.02560269832611084,-0.0343281626701355,-0.10018496865961879,-0.015291273593902588,-0.06265819072723389,-0.15994883234236568,0.006253063678741455,-0.07500451803207397,-0.19690149183008998,0.037121593952178955,-0.08436155319213867,-0.23428565914366573,0.06899726390838623,-0.022007882595062256,-0.18520941490862697,0.11507272720336914,-0.11368131637573242,-0.24604844207499355,0.14526879787445068,-0.16928988695144653,-0.2805527364704403,0.17100650072097778,-0.2154829204082489,-0.30014517063830226,0.10575509071350098,-0.016078472137451172,-0.14482582266066402,0.1427745223045349,-0.12803560495376587,-0.19301702732775539,0.1491185426712036,-0.20596104860305786,-0.2055960511657986,0.14929264783859253,-0.26360318064689636,-0.21464019174311488,0.1272462010383606,-0.026849031448364258,-0.10636562759611934,0.1535736322402954,-0.1325395107269287,-0.1495090937111172,0.13788342475891113,-0.19743728637695312,-0.15611611957285731,0.12175780534744263,-0.23697465658187866,-0.15740165765021175,0.13762378692626953,-0.04519718885421753,-0.07344809080098003,0.15368574857711792,-0.11731356382369995,-0.10620073879692882,0.14424455165863037,-0.16513186693191528,-0.11348056698773235,0.12951010465621948,-0.1940901279449463,-0.11593818570111125
0.0,0.0,0.0,-0.038918375968933105,-0.01025688648223877,-0.12516378465426214,-0.03672736883163452,-0.020085811614990234,-0.20478608313334234,-0.027795135974884033,-0.025875449180603027,-0.25596283975374945,-0.009791016578674316,-0.038500964641571045,-0.3097793072773243,0.03685575723648071,0.014898478984832764,-0.2501926631046558,0.08404499292373657,-0.05733734369277954,-0.32600428763163336,0.1195874810218811,-0.1090211272239685,-0.3680743784023548,0.15100634098052979,-0.1569717526435852,-0.3935781628204609,0.07800018787384033,0.014935493469238281,-0.20258784893286474,0.11746090650558472,-0.07941442728042603,-0.2742732972217823,0.13646554946899414,-0.15649789571762085,-0.30543427768481024,0.15021783113479614,-0.22085562348365784,-0.32830058637392767,0.10450750589370728,0.0005829334259033203,-0.15346974733603247,0.1254584789276123,-0.09955465793609619,-0.21243322494757422,0.11675214767456055,-0.16773802042007446,-0.22956854704153784,0.10615891218185425,-0.21377336978912354,-0.23867734375727423,0.12135964632034302,-0.021326959133148193,-0.11048691573870428,0.1337209939956665,-0.08612465858459473,-0.15077554288637884,0.12309497594833374,-0.1307547688484192,-0.16241412463915594,0.10916405916213989,-0.15880531072616577,-0.16985074284804114
0.0,0.0,0.0,-0.027444005012512207,-0.02499377727508545,-0.09023522633968639,-0.023586511611938477,-0.040154218673706055,-0.14723011154590893,-0.005769252777099609,-0.04145991802215576,-0.18525720436035442,0.023193001747131348,-0.0473669171333313,-0.22405200499950695,0.04590332508087158,0.008697032928466797,-0.16720303196369457,0.09270626306533813,-0.08644002676010132,-0.22029080290256786,0.12041044235229492,-0.14255279302597046,-0.24694598514496136,0.13919490575790405,-0.1866779327392578,-0.26204926568924236,0.08661836385726929,0.013929903507232666,-0.1357916672891264,0.12208777666091919,-0.09374254941940308,-0.18639721769748974,0.1437273621559143,-0.16877847909927368,-0.20747337538658428,0.16047632694244385,-0.23143059015274048,-0.22293544609009075,0.11495596170425415,0.005108296871185303,-0.10507956195532131,0.1327558159828186,-0.106517493724823,-0.15062192875801372,0.12658190727233887,-0.17305171489715576,-0.1647429247563963,0.12037074565887451,-0.22044390439987183,-0.17214084464966106,0.1324683427810669,-0.010473489761352539,-0.07928621817289638,0.1398412585258484,-0.09492141008377075,-0.11362762797533321,0.13172435760498047,-0.14514732360839844,-0.125317343062747,0.12419646978378296,-0.17849767208099365,-0.1321033765739088
0.0,0.0,0.0,-0.03331136703491211,-0.020892739295959473,-0.10313451492132941,-0.03377389907836914,-0.026274919509887695,-0.1666759868794898,-0.021425485610961914,-0.02964949607849121,-0.21041746639551917,-0.004994750022888184,-0.04022979736328125,-0.2549379190141181,0.04781597852706909,0.02681410312652588,-0.1737326254779319,0.08479934930801392,-0.0621563196182251,-0.23096217417063514,0.11027669906616211,-0.1158747673034668,-0.26267984711470405,0.12960684299468994,-0.1630205512046814,-0.28162935578169623,0.09016412496566772,0.02537238597869873,-0.1398104002410392,0.1177557110786438,-0.0754925012588501,-0.19453327559771338,0.13480043411254883,-0.14951229095458984,-0.2210898568564872,0.14800190925598145,-0.21442461013793945,-0.24019514226259986,0.11645883321762085,0.011893391609191895,-0.10814321243109504,0.13458240032196045,-0.08844751119613647,-0.15704307162108222,0.13317108154296875,-0.15268152952194214,-0.17398223482909003,0.1292574405670166,-0.20040425658226013,-0.18326179885210792,0.12999290227890015,-0.00782090425491333,-0.08295116030516425,0.14332973957061768,-0.07878386974334717,-0.11964148485007087,0.14089584350585938,-0.12527376413345337,-0.1323270072871665,0.13612204790115356,-0.16029822826385498,-0.13998030328097144
0.0,0.0,0.0,-0.03544199466705322,-0.01542443037033081,-0.07817928985139133,-0.039836585521698,-0.029653191566467285,-0.13300261393567325,-0.04032498598098755,-0.041501760482788086,-0.17248526707669498,-0.033103883266448975,-0.06380099058151245,-0.2144652952291608,0.016669273376464844,0.031692683696746826,-0.16854680076619388,0.016686558723449707,-0.024070382118225098,-0.22262152031441929,0.01981830596923828,-0.058408141136169434,-0.2499315489866376,0.034118473529815674,-0.09098196029663086,-0.2669872541763425,0.06459105014801025,0.027626216411590576,-0.14811777070542576,0.092551589012146,-0.0551987886428833,-0.19556248680135013,0.11367201805114746,-0.12719941139221191,-0.2173463006355405,0.1322389841079712,-0.1882283091545105,-0.23650026813527347,0.09980088472366333,0.00900876522064209,-0.1271581549980283,0.1282888650894165,-0.08281838893890381,-0.16980697706719639,0.14086014032363892,-0.1524261236190796,-0.18785901859780552,0.14836275577545166,-0.20303291082382202,-0.2013848622181058,0.11926048994064331,-0.015160620212554932,-0.11026306197425129,0.14129596948623657,-0.07911413908004761,-0.14414485291024448,0.14851677417755127,-0.12801295518875122,-0.15848894909402134,0.15141475200653076,-0.16309142112731934,-0.1697447200157285
0.0,0.0,0.0,-0.026707768440246582,-0.025322377681732178,-0.08447492639935206,-0.02425205707550049,-0.04210406541824341,-0.14094270538008402,-0.010293304920196533,-0.04595935344696045,-0.18064380954420756,0.011344969272613525,-0.047413408756256104,-0.2212783373466749,0.04476219415664673,0.011256158351898193,-0.1632787115446348,0.08906441926956177,-0.07714670896530151,-0.21613523136294077,0.11909222602844238,-0.12830513715744019,-0.24223297606623362,0.14280056953430176,-0.17254632711410522,-0.2574852980247755,0.08644169569015503,0.01580911874771118,-0.1361711300483961,0.1255137324333191,-0.08735167980194092,-0.18424486886179636,0.14861732721328735,-0.1595810055732727,-0.20231756340182017,0.16445505619049072,-0.2224779725074768,-0.2166057355276365,0.11347901821136475,0.005654335021972656,-0.10996213327562998,0.14707154035568237,-0.09532374143600464,-0.15216760109579752,0.16171568632125854,-0.16041874885559082,-0.16595317195570658,0.16975754499435425,-0.21107375621795654,-0.17533926438009928,0.12848889827728271,-0.01326519250869751,-0.08832285325443934,0.15033107995986938,-0.08451062440872192,-0.1203426546922941,0.15808171033859253,-0.13276255130767822,-0.13211998115694712,0.16067343950271606,-0.1689963936805725,-0.1404740936628599
0.0,0.0,0.0,-0.03673195838928223,-0.02532094717025757,-0.10443879644806486,-0.04072815179824829,-0.04177403450012207,-0.1755727304094563,-0.038892924785614014,-0.04917490482330322,-0.22532599400217634,-0.0334850549697876,-0.0672692060470581,-0.27775683234865767,0.022681713104248047,0.018786609172821045,-0.21015947292978865,0.06315863132476807,-0.05688071250915527,-0.2765530271404515,0.0899808406829834,-0.10372138023376465,-0.3092619700306187,0.11192435026168823,-0.14388322830200195,-0.32782509158785444,0.06953144073486328,0.02582472562789917,-0.1764451635950337,0.11136990785598755,-0.06720894575119019,-0.23916082810099226,0.1292760968208313,-0.14379894733428955,-0.262525819050623,0.13801395893096924,-0.20856696367263794,-0.27871697376902205,0.1023857593536377,0.012587308883666992,-0.14264615606005293,0.136982262134552,-0.08445435762405396,-0.2001566363447438,0.1355351209640503,-0.15337181091308594,-0.21766854058439833,0.12890058755874634,-0.20016005635261536,-0.22598991523916823,0.1230660080909729,-0.009415268898010254,-0.11369845997030836,0.14590144157409668,-0.07775205373764038,-0.15660911034281355,0.14324021339416504,-0.12925392389297485,-0.1700318677299748,0.13425999879837036,-0.1633797287940979,-0.17768298815424544
0.0,0.0,0.0,-0.04628109931945801,-0.014215290546417236,-0.0832907944336867,-0.06751155853271484,-0.017278194427490234,-0.1439880966559386,-0.08047306537628174,-0.026517808437347412,-0.19030257457647082,-0.08117538690567017,-0.03597724437713623,-0.23867472404393908,-0.008746981620788574,0.04357200860977173,-0.17448245877179858,-0.015017569065093994,0.012643873691558838,-0.2277992456570601,-0.016063690185546875,-0.013650238513946533,-0.25293282562646624,-0.006447315216064453,-0.044875264167785645,-0.2687335699215865,0.04043745994567871,0.034621596336364746,-0.15463035696897265,0.06375712156295776,-0.027853965759277344,-0.20580803746137377,0.0845804214477539,-0.08758819103240967,-0.23223001653108355,0.10718566179275513,-0.1441352367401123,-0.2551671951428389,0.0753982663154602,0.009951472282409668,-0.13415817314538714,0.10160881280899048,-0.05855143070220947,-0.18144262725267168,0.11739295721054077,-0.11314427852630615,-0.2063107728377318,0.12897437810897827,-0.15840935707092285,-0.22486441725644823,0.09593486785888672,-0.0209197998046875,-0.1175668626442885,0.11912637948989868,-0.07082754373550415,-0.15419469171914812,0.12680184841156006,-0.11196386814117432,-0.17243271464261767,0.13104397058486938,-0.14584940671920776,-0.18771337860975024
0.0,0.0,0.0,-0.036112070083618164,-0.01069873571395874,-0.09062296317051732,-0.04667377471923828,-0.010469198226928711,-0.15384269670676076,-0.04751831293106079,-0.016515135765075684,-0.20127958969305837,-0.04765975475311279,-0.025480329990386963,-0.2513455243511089,0.028213202953338623,0.05128967761993408,-0.16883223668764913,0.057685911655426025,-0.015293717384338379,-0.2274863661928066,0.0782436728477478,-0.05891382694244385,-0.26048759535979116,0.09385448694229126,-0.10257744789123535,-0.2807872088355907,0.07232308387756348,0.04438638687133789,-0.14543763713072622,0.10000807046890259,-0.0488276481628418,-0.2014011235637554,0.11972624063491821,-0.12101918458938599,-0.23291913584898793,0.13889485597610474,-0.18573743104934692,-0.2570229859752544,0.10027343034744263,0.0246390700340271,-0.12277325407694661,0.1214221715927124,-0.07011991739273071,-0.17182185665797078,0.12875235080718994,-0.1364153027534485,-0.19449164883326375,0.1336461901664734,-0.18911492824554443,-0.20975924448202932,0.1140783429145813,-0.0014083385467529297,-0.10543534324597204,0.12966769933700562,-0.0721789002418518,-0.14287125484179342,0.13289904594421387,-0.1260954737663269,-0.15850217060278737,0.1342231035232544,-0.16752654314041138,-0.1697543503446468
0.0,0.0,0.0,-0.032169997692108154,-0.0074748992919921875,-0.08043108324230275,-0.039220333099365234,-0.008569717407226562,-0.13529273311317525,-0.033566951751708984,-0.013143479824066162,-0.17616135815799794,-0.020787179470062256,-0.020024538040161133,-0.21846991221130452,0.030149638652801514,0.03704965114593506,-0.14674120585144124,0.06042259931564331,-0.03570878505706787,-0.19859128634155354,0.08065927028656006,-0.08826398849487305,-0.2263434771698769,0.09605848789215088,-0.137739896774292,-0.24292236010253987,0.07086241245269775,0.03212457895278931,-0.12531759778678975,0.09975898265838623,-0.05707472562789917,-0.1734850798052605,0.11774492263793945,-0.1298140287399292,-0.19915313462436757,0.13384968042373657,-0.19519683718681335,-0.21922964791477284,0.09825575351715088,0.016245484352111816,-0.10516119937122426,0.12054133415222168,-0.07306361198425293,-0.1481896732252892,0.12819397449493408,-0.13885021209716797,-0.16769025663555226,0.1316685676574707,-0.19101187586784363,-0.18092527429283223,0.11337167024612427,-0.00599217414855957,-0.08974993417680821,0.12947583198547363,-0.07359856367111206,-0.12256980131090245,0.1335781216621399,-0.1251072883605957,-0.13711836377800068,0.1339849829673767,-0.16534489393234253,-0.14776615242183766
0.0,0.0,0.0,-0.03053438663482666,-0.011907994747161865,-0.07278003054176452,-0.0395740270614624,-0.01963108777999878,-0.11893166857277038,-0.027015328407287598,-0.027936458587646484,-0.15219131367717864,-0.008344888687133789,-0.029562532901763916,-0.1842946882775891,0.027778327465057373,0.03583085536956787,-0.1157924260429013,0.05680656433105469,-0.05084359645843506,-0.15757785993133666,0.06602537631988525,-0.11037367582321167,-0.17966071026836516,0.0706934928894043,-0.1530991792678833,-0.19274822133098723,0.06546258926391602,0.03528702259063721,-0.09362983959232452,0.08875977993011475,-0.05891859531402588,-0.1328684564164746,0.09228473901748657,-0.1290789246559143,-0.15099837141548278,0.09492367506027222,-0.1828840970993042,-0.16457759099517943,0.09179317951202393,0.02482748031616211,-0.07403265940462234,0.11045831441879272,-0.06066691875457764,-0.1092773924997914,0.11130040884017944,-0.1217963695526123,-0.12160001205717208,0.10786831378936768,-0.16872882843017578,-0.12935427086864593,0.10924410820007324,0.008097529411315918,-0.05914745735441329,0.12316292524337769,-0.04853123426437378,-0.0860891144207585,0.12073403596878052,-0.09548848867416382,-0.09551063435588958,0.1151319146156311,-0.13223594427108765,-0.10133690642629745
0.0,0.0,0.0,-0.02740854024887085,-0.011306583881378174,-0.06996539053966444,-0.03254812955856323,-0.015940427780151367,-0.11572237131645124,-0.018814265727996826,-0.02601546049118042,-0.1503974926238243,-3.0219554901123047e-05,-0.023967385292053223,-0.18478725669433516,0.038661956787109375,0.037236154079437256,-0.11100832936813276,0.07887446880340576,-0.0324016809463501,-0.1565426718955223,0.0964576005935669,-0.08719617128372192,-0.18229879257728498,0.1076357364654541,-0.13308030366897583,-0.19708825466682356,0.0753827691078186,0.037138402462005615,-0.09234149572898787,0.10527217388153076,-0.04815268516540527,-0.13597734091331404,0.11085516214370728,-0.12087959051132202,-0.1574707609181587,0.11458468437194824,-0.17834502458572388,-0.17173404810478132,0.0992351770401001,0.02782762050628662,-0.07666840968181532,0.12603384256362915,-0.05486577749252319,-0.11497809556772154,0.13030076026916504,-0.12000715732574463,-0.1287583392625038,0.12883609533309937,-0.16910320520401,-0.1362644713883583,0.11384081840515137,0.01182013750076294,-0.06563286302139204,0.13547587394714355,-0.04646790027618408,-0.09375444618513029,0.13696986436843872,-0.09731888771057129,-0.10291280416299742,0.13370615243911743,-0.13597643375396729,-0.10800472465803068
0.0,0.0,0.0,-0.02340543270111084,-0.021875083446502686,-0.06937066989786445,-0.023807823657989502,-0.04318797588348389,-0.1170230113232833,-0.00988626480102539,-0.05716359615325928,-0.15156464057810126,0.015639960765838623,-0.0701444149017334,-0.18673448043711005,0.04311108589172363,0.002957642078399658,-0.12735092419035254,0.08193755149841309,-0.09867268800735474,-0.1697227634752494,0.1021198034286499,-0.15571147203445435,-0.19140659051782904,0.11609005928039551,-0.1988186240196228,-0.2042410500610572,0.07947176694869995,0.012732148170471191,-0.1069904916251403,0.1190444827079773,-0.08895605802536011,-0.1460805662239295,0.14085108041763306,-0.15916484594345093,-0.1656876631344062,0.1566225290298462,-0.21963980793952942,-0.18159927206880866,0.10681217908859253,0.008172929286956787,-0.08718126046306907,0.14105743169784546,-0.08676505088806152,-0.12126941758043586,0.15520799160003662,-0.1501876711845398,-0.13542458194143592,0.16287779808044434,-0.19987833499908447,-0.14565828221685706,0.12487584352493286,-0.004901289939880371,-0.0711526625121337,0.14919620752334595,-0.0787358283996582,-0.0976005025470954,0.15709972381591797,-0.12923383712768555,-0.10833176004535972,0.15981465578079224,-0.16740912199020386,-0.1159221954906684
0.0,0.0,0.0,-0.02054142951965332,-0.017626702785491943,-0.06812236455212428,-0.021516919136047363,-0.03477644920349121,-0.11567275968323543,-0.0104636549949646,-0.04649090766906738,-0.1504667475534518,0.013048052787780762,-0.05742907524108887,-0.18612376597653224,0.05027538537979126,0.010628283023834229,-0.12992950526009395,0.09182721376419067,-0.08756983280181885,-0.17255934324990108,0.10767853260040283,-0.14777398109436035,-0.19344814863930537,0.1178014874458313,-0.19619739055633545,-0.20563273874054744,0.0829463005065918,0.0145646333694458,-0.11135382202397182,0.12595075368881226,-0.08971476554870605,-0.15188980844746425,0.14162611961364746,-0.16397452354431152,-0.17328677323590114,0.1542598009109497,-0.22676491737365723,-0.19070204344521358,0.10572481155395508,0.00798732042312622,-0.09283704307804896,0.13875263929367065,-0.09357476234436035,-0.1281922831846316,0.14556753635406494,-0.15955674648284912,-0.14326249805222346,0.1485956907272339,-0.21045279502868652,-0.15437073257695033,0.11818623542785645,-0.006008744239807129,-0.07785336670409038,0.14413827657699585,-0.0805254578590393,-0.10468170043955638,0.14692354202270508,-0.13086014986038208,-0.11426883188019588,0.14531803131103516,-0.16963237524032593,-0.12148293104897334
0.0,0.0,0.0,-0.023894965648651123,-0.013302743434906006,-0.07920333366817545,-0.026340365409851074,-0.020973563194274902,-0.13044661652273248,-0.011998236179351807,-0.030120551586151123,-0.1684985942763717,0.0032787322998046875,-0.03236246109008789,-0.20636383067792963,0.03738623857498169,0.04090917110443115,-0.12378547709411691,0.07940274477005005,-0.029658854007720947,-0.17167538773244928,0.10121732950210571,-0.08077704906463623,-0.20064674686616968,0.12003576755523682,-0.12666720151901245,-0.21871026229089807,0.07285749912261963,0.043084025382995605,-0.10139976810640405,0.11156600713729858,-0.03870159387588501,-0.14602618288225244,0.12960082292556763,-0.1044049859046936,-0.1731629706544311,0.1490166187286377,-0.1601088047027588,-0.1940669752282531,0.09726095199584961,0.037023842334747314,-0.08193935077613901,0.1275990605354309,-0.04077798128128052,-0.12213790040439676,0.1409931778907776,-0.09956896305084229,-0.14244524013227533,0.1491193175315857,-0.149727463722229,-0.15603016685670923,0.11327522993087769,0.02345442771911621,-0.06758796047395776,0.13797247409820557,-0.0275343656539917,-0.09763026606268,0.14444881677627563,-0.07133734226226807,-0.11165822666114877,0.1469290852546692,-0.11024266481399536,-0.12184999506897043
0.0,0.0,0.0,-0.02606368064880371,-0.006663024425506592,-0.06572675660206073,-0.03251522779464722,-0.019054949283599854,-0.11001516833854907,-0.022367656230926514,-0.03585231304168701,-0.14394252702547305,-0.0036891698837280273,-0.046868085861206055,-0.17787816330744022,0.0312272310256958,0.02733665704727173,-0.11257758691860431,0.059024274349212646,-0.03155475854873657,-0.1567060570414185,0.06992548704147339,-0.07971149682998657,-0.180524028390181,0.07872319221496582,-0.12020003795623779,-0.19450951322866672,0.06636887788772583,0.022692620754241943,-0.09630478128744357,0.09042620658874512,-0.05934417247772217,-0.13802067145658725,0.09675866365432739,-0.12681329250335693,-0.15981747910333866,0.10435563325881958,-0.17728424072265625,-0.17612484797788852,0.08973467350006104,0.012660324573516846,-0.08234964266372913,0.11061966419219971,-0.06552410125732422,-0.12146218821359867,0.11499220132827759,-0.12622326612472534,-0.13820958837820285,0.11511087417602539,-0.1710970401763916,-0.14841700300527805,0.10377448797225952,0.0012488961219787598,-0.07234936162782901,0.12344688177108765,-0.04788827896118164,-0.10216635420871967,0.12398314476013184,-0.09258890151977539,-0.11392783328844303,0.1209336519241333,-0.12794756889343262,-0.12161503687454456
0.0,0.0,0.0,-0.024179935455322266,-0.008473694324493408,-0.057785030222191835,-0.030975162982940674,-0.015825510025024414,-0.09700193605448248,-0.022327721118927002,-0.026547670364379883,-0.12656685314203742,-0.006767928600311279,-0.036097586154937744,-0.15586794517065528,0.033131957054138184,0.03313279151916504,-0.10066524497295859,0.06314533948898315,-0.047647953033447266,-0.13802814087893012,0.0771285891532898,-0.100852370262146,-0.15720803639914038,0.08538222312927246,-0.13842105865478516,-0.16847225627924445,0.06902140378952026,0.0340995192527771,-0.08594836643959525,0.09129887819290161,-0.06331765651702881,-0.12082263431574347,0.09588849544525146,-0.1294388771057129,-0.13635654351736548,0.09959977865219116,-0.176315039396286,-0.14831569395090582,0.09265094995498657,0.026133716106414795,-0.07283492735649588,0.11199575662612915,-0.06504601240158081,-0.10469346842791083,0.11310797929763794,-0.12127506732940674,-0.11481076083208563,0.11110126972198486,-0.1608455777168274,-0.12116107693935874,0.10672301054000854,0.013736486434936523,-0.06350543699289801,0.12307864427566528,-0.04355168342590332,-0.0878868361475611,0.1205066442489624,-0.08624345064163208,-0.09452687553192618,0.11526817083358765,-0.11781138181686401,-0.09832888445879462
0.0,0.0,0.0,-0.025576472282409668,-0.00831151008605957,-0.06899116924840598,-0.030657947063446045,-0.01336437463760376,-0.11373464754659324,-0.01773768663406372,-0.0222853422164917,-0.1482646240933576,0.002523183822631836,-0.016616344451904297,-0.18165334305602698,0.020575404167175293,0.05482625961303711,-0.10789670041638999,0.04941517114639282,0.0316048264503479,-0.15395952007609992,0.06729567050933838,-0.0007292032241821289,-0.18158771834212928,0.08286595344543457,-0.036351799964904785,-0.19845520696479468,0.05672687292098999,0.05244147777557373,-0.0907290726049581,0.0899091362953186,0.005448043346405029,-0.13659607610541968,0.10346156358718872,-0.05463963747024536,-0.1618984713299909,0.1151699423789978,-0.10690551996231079,-0.17925899467307715,0.08211350440979004,0.04239094257354736,-0.07704797378617911,0.11104851961135864,-0.0012415051460266113,-0.11753790817100196,0.12398511171340942,-0.05466628074645996,-0.13726318619090705,0.1287207007408142,-0.1016467809677124,-0.1490079983218351,0.09774678945541382,0.025730788707733154,-0.06787241241771369,0.12107199430465698,0.004072368144989014,-0.09852716318208365,0.12802881002426147,-0.03245437145233154,-0.11347843698102622,0.12877774238586426,-0.06836509704589844,-0.12353359154302268
0.0,0.0,0.0,-0.03130561113357544,-0.018088161945343018,-0.09074255658985919,-0.0346372127532959,-0.016422748565673828,-0.14783372564913577,-0.020520687103271484,-0.010931432247161865,-0.18733193560244388,0.005118429660797119,-0.009083032608032227,-0.22762388570906467,0.03649371862411499,0.03963494300842285,-0.16075119956137485,0.08082717657089233,-0.04705864191055298,-0.21133523269297427,0.1082766056060791,-0.09857600927352905,-0.23786286099554843,0.12987017631530762,-0.14214402437210083,-0.2540958432734186,0.08070224523544312,0.043833136558532715,-0.1309204010546381,0.11611372232437134,-0.05330127477645874,-0.18194294555785007,0.1401035189628601,-0.1245344877243042,-0.20725134595038242,0.15992963314056396,-0.18869364261627197,-0.22604455633761233,0.10979825258255005,0.03283870220184326,-0.10203482790591067,0.13567906618118286,-0.06427937746047974,-0.14595115764738864,0.1462123990058899,-0.12804007530212402,-0.16342746301295108,0.15215986967086792,-0.17933383584022522,-0.17480557246805972,0.1270737648010254,0.01252979040145874,-0.07842810286881274,0.14429301023483276,-0.057614147663116455,-0.11177184267641849,0.14787626266479492,-0.1075432300567627,-0.1255919395268137,0.14856934547424316,-0.14534980058670044,-0.13506685777308292
0.0,0.0,0.0,-0.032060325145721436,-0.01778513193130493,-0.0828786462224258,-0.03909510374069214,-0.02048337459564209,-0.1371824934757484,-0.026141107082366943,-0.024071037769317627,-0.1762784167803062,0.001071333885192871,-0.028707385063171387,-0.21626675572760234,0.02994018793106079,0.027502894401550293,-0.14843365993864666,0.07635724544525146,-0.05928009748458862,-0.19664982405073772,0.10463166236877441,-0.11268514394760132,-0.22223662283785472,0.12525731325149536,-0.15915751457214355,-0.2384928658283485,0.06933492422103882,0.03022933006286621,-0.12455868419773708,0.1058693528175354,-0.0694197416305542,-0.1725952222622169,0.12828171253204346,-0.1415058970451355,-0.20008051839239727,0.1498735547065735,-0.20403754711151123,-0.22209628370173107,0.09730386734008789,0.022751331329345703,-0.10145592388279567,0.12146270275115967,-0.07687348127365112,-0.14470586624510418,0.13289421796798706,-0.14243704080581665,-0.1665767177618278,0.14041107892990112,-0.19678384065628052,-0.18219539966948162,0.11475694179534912,0.00786292552947998,-0.08298972692854534,0.1331998109817505,-0.0648537278175354,-0.1161081686294807,0.13710123300552368,-0.11956208944320679,-0.13157968666918407,0.13908368349075317,-0.1632370948791504,-0.14338686015970836
0.0,0.0,0.0,-0.034676551818847656,-0.018780767917633057,-0.09028205879884865,-0.039858996868133545,-0.01966404914855957,-0.14841389515358117,-0.027791500091552734,-0.016286730766296387,-0.1894887522693267,-0.0019029974937438965,-0.010588586330413818,-0.23216169931846764,0.032255470752716064,0.036744534969329834,-0.16269415476280358,0.07354795932769775,-0.04367411136627197,-0.2168264971013656,0.10030317306518555,-0.09687149524688721,-0.2472856924768081,0.12155050039291382,-0.14386868476867676,-0.2663844213719955,0.07409006357192993,0.03573417663574219,-0.13517096497970726,0.10800457000732422,-0.06186801195144653,-0.18795160808521416,0.13024842739105225,-0.13446193933486938,-0.21696491398769524,0.15087395906448364,-0.19797870516777039,-0.23945100464779046,0.10203957557678223,0.021376967430114746,-0.1086377859945884,0.12425142526626587,-0.07754993438720703,-0.1546074286933532,0.13294976949691772,-0.14141708612442017,-0.1751363114352813,0.13887274265289307,-0.19243848323822021,-0.18933965125042107,0.11781030893325806,-0.0006330013275146484,-0.08735388376670983,0.13146620988845825,-0.07226043939590454,-0.12289323517042305,0.13290774822235107,-0.12216150760650635,-0.13845525541263726,0.13324254751205444,-0.1607203483581543,-0.14969058194118645
0.0,0.0,0.0,-0.04601693153381348,-0.0508573055267334,-0.09683157046473312,-0.06370949745178223,-0.11766839027404785,-0.16117955287134933,-0.05934476852416992,-0.16713547706604004,-0.20477742989695358,-0.0589241087436676,-0.21230566501617432,-0.24854680438673782,0.04011908173561096,-0.10048973560333252,-0.17966256578600692,0.08183777332305908,-0.2489563226699829,-0.234246681529644,0.0986369252204895,-0.330463171005249,-0.26207500239050674,0.11330509185791016,-0.3906117379665375,-0.2769556297842293,0.09034758806228638,-0.09716600179672241,-0.14305479367411422,0.11473983526229858,-0.2614150047302246,-0.18248630602991867,0.1162567138671875,-0.3545679450035095,-0.19006706317103195,0.11067712306976318,-0.4193669259548187,-0.19677225788271713,0.11908060312271118,-0.11090612411499023,-0.10769595493710327,0.1292964220046997,-0.26275748014450073,-0.14013550718462753,0.12142539024353027,-0.3365507423877716,-0.14324549873507308,0.11429256200790405,-0.3816320300102234,-0.14536879499590682,0.1350569725036621,-0.1331302523612976,-0.0783709018412857,0.1337873935699463,-0.24653443694114685,-0.10263715227282333,0.12111067771911621,-0.2976561486721039,-0.10531679083740997,0.11104130744934082,-0.3237677216529846,-0.10609118183291244
0.0,0.0,0.0,-0.04484724998474121,-0.05599850416183472,-0.08009260682606723,-0.06102275848388672,-0.13466662168502808,-0.13553379265809085,-0.059861719608306885,-0.17850524187088013,-0.17355169145607974,-0.06475535035133362,-0.2182379961013794,-0.2121231236889365,0.03512638807296753,-0.10995256900787354,-0.16274305967831637,0.07834100723266602,-0.25295597314834595,-0.21029799966359164,0.10145378112792969,-0.33421677350997925,-0.2326415607168677,0.12241566181182861,-0.3959910571575165,-0.2449827769234183,0.0864102840423584,-0.10012978315353394,-0.1347103991940024,0.11069107055664062,-0.26347410678863525,-0.17261989204430606,0.11793625354766846,-0.36501389741897583,-0.18134526698136355,0.11919695138931274,-0.43932247161865234,-0.18818068294072177,0.11784398555755615,-0.11057472229003906,-0.10601792274260546,0.12453240156173706,-0.2653898000717163,-0.13470200984025027,0.12043803930282593,-0.34187576174736023,-0.13820741860413577,0.11803114414215088,-0.39127299189567566,-0.1404934951498511,0.1359754204750061,-0.13019531965255737,-0.08217783062005068,0.1366562843322754,-0.2460564374923706,-0.1014101782276633,0.1279062032699585,-0.29970234632492065,-0.10182791738057162,0.1208905577659607,-0.3298027515411377,-0.10103553323292758
0.0,0.0,0.0,-0.03932592272758484,-0.05233025550842285,-0.0716670746846475,-0.06084674596786499,-0.11341094970703125,-0.1252903561039247,-0.06850484013557434,-0.14521324634552002,-0.1643637637539186,-0.0768682062625885,-0.1789478063583374,-0.20537253421976942,0.018214762210845947,-0.08240371942520142,-0.15096840960219282,0.050793975591659546,-0.218686044216156,-0.1905018160982408,0.07117262482643127,-0.2949288487434387,-0.20647423667147535,0.0889522135257721,-0.34910956025123596,-0.21536915702059645,0.06813719868659973,-0.06915730237960815,-0.12688542110159773,0.09891840815544128,-0.21884799003601074,-0.15789367956354994,0.10904249548912048,-0.31096887588500977,-0.16214991313650984,0.1081913411617279,-0.37871265411376953,-0.16662331623270887,0.10204055905342102,-0.07366138696670532,-0.10147976828053373,0.1159031093120575,-0.21886169910430908,-0.12528996867373365,0.11108681559562683,-0.2898223400115967,-0.12665038508608717,0.10552361607551575,-0.3313842713832855,-0.1286385427160539,0.12558910250663757,-0.08916682004928589,-0.08045674068167585,0.12583056092262268,-0.19888520240783691,-0.09825140190556425,0.11782631278038025,-0.2505725622177124,-0.09860333753064054,0.10947385430335999,-0.27657437324523926,-0.09853097749188322
0.0,0.0,0.0,-0.046649277210235596,-0.05322086811065674,-0.08770986372311285,-0.06709378957748413,-0.1181287169456482,-0.14829835021574667,-0.06952553987503052,-0.1525362730026245,-0.19078275287230184,-0.07597300410270691,-0.18183434009552002,-0.23437401378233602,0.018276631832122803,-0.08683556318283081,-0.17191445553381612,0.0519716739654541,-0.2217341661453247,-0.21999388659079244,0.0698995590209961,-0.2998487949371338,-0.24266472184736898,0.08844894170761108,-0.36117491126060486,-0.25655489885885885,0.07103514671325684,-0.07710760831832886,-0.14088801765520742,0.09603321552276611,-0.2309565544128418,-0.18090238893110921,0.10343730449676514,-0.32900017499923706,-0.19149477505762746,0.10179650783538818,-0.40060174465179443,-0.20102098310072591,0.10469192266464233,-0.08568847179412842,-0.10950645530302694,0.11814439296722412,-0.23275423049926758,-0.14076050841887167,0.11183923482894897,-0.3094116151332855,-0.14570288086016348,0.1050141453742981,-0.3560601770877838,-0.15001395070631673,0.12685143947601318,-0.10529857873916626,-0.08348881179173162,0.12912815809249878,-0.21723973751068115,-0.10664607310373952,0.11956965923309326,-0.2723846435546875,-0.111085456848933,0.11157989501953125,-0.30199193954467773,-0.11407024139244726
0.0,0.0,0.0,0.004376649856567383,-0.06668108701705933,-0.0430766164479337,-0.010579168796539307,-0.11843466758728027,-0.07237845353461125,-0.028720319271087646,-0.15183568000793457,-0.0920251279292188,-0.04229944944381714,-0.18459618091583252,-0.11192885480500081,-0.04630541801452637,-0.03061223030090332,-0.09294276378727773,-0.10564583539962769,-0.01254504919052124,-0.12111001155949452,-0.14665716886520386,-0.022574663162231445,-0.13454666427946904,-0.18018501996994019,-0.03474193811416626,-0.14216169409132817,-0.05889487266540527,0.015349268913269043,-0.08014134756899693,-0.13513189554214478,0.020246922969818115,-0.10881770841456273,-0.1846579611301422,-0.00031960010528564453,-0.12088673256016591,-0.21992766857147217,-0.022286176681518555,-0.12820239059306004,-0.07005935907363892,0.04025059938430786,-0.06605069033480504,-0.14160305261611938,0.04046177864074707,-0.08823474190808156,-0.18716111779212952,0.019208967685699463,-0.09797407380915502,-0.2186037003993988,-0.004420757293701172,-0.1026050343332372,-0.07848924398422241,0.05193072557449341,-0.05404650859213689,-0.1339682638645172,0.04795229434967041,-0.07038447700119832,-0.16831588745117188,0.033534884452819824,-0.07688658378697255,-0.1939096450805664,0.016080081462860107,-0.08006549320793965
0.0,0.0,0.0,0.0029535889625549316,-0.06577616930007935,-0.03668902026223009,-0.013737022876739502,-0.12163954973220825,-0.061547122464645554,-0.03455883264541626,-0.15407836437225342,-0.07763270245598619,-0.04668360948562622,-0.18643927574157715,-0.09404282228754823,-0.051281094551086426,-0.033753037452697754,-0.0825765203099138,-0.10879045724868774,-0.0168648362159729,-0.10819474564598863,-0.14799779653549194,-0.025340616703033447,-0.1215864862661249,-0.17999032139778137,-0.0384066104888916,-0.1293759863238222,-0.06686478853225708,0.012978434562683105,-0.07104638920830553,-0.1437620222568512,0.01792961359024048,-0.09570020394133394,-0.1927262246608734,-0.002605438232421875,-0.10651412563132112,-0.22636431455612183,-0.023771047592163086,-0.11356779889868562,-0.07951164245605469,0.037471652030944824,-0.05778405027197664,-0.15138450264930725,0.03625011444091797,-0.076304442749489,-0.19698718190193176,0.013943314552307129,-0.08409192369984453,-0.22838199138641357,-0.00956261157989502,-0.0877163331370241,-0.08766698837280273,0.048387348651885986,-0.046255830244291474,-0.14497721195220947,0.040422141551971436,-0.05923118771718805,-0.18002071976661682,0.025153160095214844,-0.06330618219183748,-0.20612138509750366,0.00794374942779541,-0.06488139139221971
0.0,0.0,0.0,-0.06309178471565247,-0.05033451318740845,-0.07452936756470763,-0.11043897271156311,-0.12216848134994507,-0.14761863934853636,-0.14821916818618774,-0.16811591386795044,-0.19959716784813963,-0.18669167160987854,-0.2098671793937683,-0.2511598794446286,-0.052690863609313965,-0.06420296430587769,-0.2434093533740338,-0.06342172622680664,-0.1314300298690796,-0.31064355659344756,-0.08425882458686829,-0.15557646751403809,-0.33710959839680754,-0.09903433918952942,-0.1704341173171997,-0.35016283678868376,0.01682528853416443,-0.03716874122619629,-0.22410130786755644,0.058619409799575806,-0.2046465277671814,-0.29930004763463103,0.08922475576400757,-0.32476967573165894,-0.3263200252042111,0.1201169490814209,-0.4195254147052765,-0.346079650400668,0.07696753740310669,-0.0478859543800354,-0.19495311665394865,0.09740972518920898,-0.233323872089386,-0.2487995653138455,0.08886158466339111,-0.3145705461502075,-0.25285858201840483,0.08804905414581299,-0.37352317571640015,-0.25403371739247405,0.12220090627670288,-0.08102297782897949,-0.16663280415394865,0.11035704612731934,-0.22870737314224243,-0.19553470897534453,0.08774620294570923,-0.27543240785598755,-0.18826662289956175,0.07924133539199829,-0.30427271127700806,-0.18346464919903838
0.0,0.0,0.0,0.001979351043701172,-0.0677691102027893,-0.033282013878817907,-0.013143539428710938,-0.1220734715461731,-0.05647777979135071,-0.03269004821777344,-0.1550503969192505,-0.07178409610747849,-0.04703766107559204,-0.18562471866607666,-0.08752109323501145,-0.04952073097229004,-0.034102797508239746,-0.07710267816543137,-0.10692864656448364,-0.017516791820526123,-0.10032621239184891,-0.14728295803070068,-0.026130080223083496,-0.11188341145276581,-0.1799323558807373,-0.0384446382522583,-0.11880625252484833,-0.06274110078811646,0.013013303279876709,-0.06785295371770417,-0.1401025652885437,0.01833444833755493,-0.09121193204879319,-0.1895664930343628,-0.0024378299713134766,-0.10229844068049943,-0.22350645065307617,-0.022772133350372314,-0.11015657548665558,-0.07451611757278442,0.03860461711883545,-0.056772822782988897,-0.14473071694374084,0.03982722759246826,-0.07482281540393387,-0.1902444064617157,0.019687891006469727,-0.08312787328719651,-0.22242200374603271,-0.0016856193542480469,-0.08776068155526673,-0.08353239297866821,0.05079543590545654,-0.04716186438560044,-0.1380649209022522,0.045964956283569336,-0.060353385553355565,-0.17247748374938965,0.03181213140487671,-0.0648979863977388,-0.1990814208984375,0.01605743169784546,-0.06731416498183762
0.0,0.0,0.0,-0.001463174819946289,-0.06195789575576782,-0.02062802436103084,-0.019870281219482422,-0.112526535987854,-0.03569089295615413,-0.0431705117225647,-0.1440066695213318,-0.04651091667165019,-0.049867451190948486,-0.17751973867416382,-0.05830027582396724,-0.04934811592102051,-0.04151183366775513,-0.04466327699174144,-0.10650330781936646,-0.02585160732269287,-0.05863410281290271,-0.1461864709854126,-0.027210474014282227,-0.0662712832008765,-0.1776747703552246,-0.03219962120056152,-0.07184082316507556,-0.05813628435134888,0.0008052587509155273,-0.041604530534641526,-0.12611448764801025,0.0084611177444458,-0.05492371740092494,-0.17079228162765503,-0.0017914772033691406,-0.06464291410793521,-0.20185109972953796,-0.01229792833328247,-0.07266119169344165,-0.06461513042449951,0.028816163539886475,-0.037397422364847444,-0.1260436773300171,0.036287784576416016,-0.04900525929679134,-0.16774514317512512,0.02504950761795044,-0.05688484059919574,-0.1959313452243805,0.012113034725189209,-0.062493063977854035,-0.07013720273971558,0.04637420177459717,-0.03404216887702205,-0.11501646041870117,0.041305363178253174,-0.04300123127450206,-0.1466243863105774,0.03184705972671509,-0.04636342125286319,-0.17173266410827637,0.02141726016998291,-0.048727073243753694
0.0,0.0,0.0,-0.018922030925750732,-0.02488464117050171,-0.009813376393967843,-0.031852394342422485,-0.059579551219940186,-0.020980523590797162,-0.04184940457344055,-0.08471682667732239,-0.030058793415182805,-0.053100645542144775,-0.0992460548877716,-0.039280648966187215,-0.014783471822738647,-0.038587212562561035,-0.032672214944714284,-0.009024441242218018,-0.06362831592559814,-0.04642197086369393,-0.009439945220947266,-0.07845339179039001,-0.0534296964005172,-0.01050502061843872,-0.08689221739768982,-0.05607593773757813,0.007574319839477539,-0.026210665702819824,-0.03373722328698037,0.029472291469573975,-0.07065427303314209,-0.04578816859876511,0.04316306114196777,-0.10000202059745789,-0.05012897743737099,0.05525094270706177,-0.12118488550186157,-0.052502676536196446,0.026094257831573486,-0.02039283514022827,-0.034192960400933003,0.04368406534194946,-0.06763654947280884,-0.04621221466814873,0.052861034870147705,-0.09742403030395508,-0.05035769163524506,0.05974102020263672,-0.11996763944625854,-0.051081672002428746,0.03973853588104248,-0.01900327205657959,-0.034294463385695195,0.05154752731323242,-0.06132394075393677,-0.041175499250048375,0.054975271224975586,-0.08585101366043091,-0.04007167338287232,0.0553860068321228,-0.10438224673271179,-0.03823552622353432
0.0,0.0,0.0,-0.019880861043930054,-0.027536749839782715,-0.006795656227735591,-0.03110596537590027,-0.06627774238586426,-0.015500914131520105,-0.040842801332473755,-0.09440317749977112,-0.022590420966265512,-0.056484758853912354,-0.10854563117027283,-0.03012337518226893,-0.015568971633911133,-0.045030415058135986,-0.02589959820103438,-0.011851787567138672,-0.07104891538619995,-0.03603724559139998,-0.01034313440322876,-0.08493292331695557,-0.041330916633127046,-0.008635103702545166,-0.09662216901779175,-0.04389855434489043,0.0067018866539001465,-0.03369295597076416,-0.02799322438728602,0.02537781000137329,-0.07691037654876709,-0.036228818644998384,0.035787105560302734,-0.10421347618103027,-0.039167491545198274,0.045449137687683105,-0.12635502219200134,-0.04151965101551802,0.025615215301513672,-0.028651952743530273,-0.02941207384061606,0.043781578540802,-0.07470685243606567,-0.03842611779761107,0.053181588649749756,-0.10496091842651367,-0.04176573996734412,0.06055474281311035,-0.12963667511940002,-0.04298497905325682,0.03985190391540527,-0.02847188711166382,-0.030437912618038965,0.05173194408416748,-0.0710146427154541,-0.035485448141811204,0.055249035358428955,-0.09571418166160583,-0.034363781859395814,0.0562443733215332,-0.11575427651405334,-0.03339730744552405
0.0,0.0,0.0,-0.019393056631088257,-0.02743089199066162,-0.0069824800060205305,-0.03177562355995178,-0.06485533714294434,-0.016089762856911882,-0.04141724109649658,-0.09177187085151672,-0.023450757672738298,-0.05408436059951782,-0.1072472333908081,-0.03103345010216163,-0.016149044036865234,-0.0468021035194397,-0.027023882901024088,-0.011050701141357422,-0.07316941022872925,-0.03845825727815555,-0.01067507266998291,-0.08590734004974365,-0.04426703538532184,-0.010910600423812866,-0.09271562099456787,-0.04640489008064197,0.0065346360206604,-0.03344029188156128,-0.02846457559401916,0.0253450870513916,-0.076915442943573,-0.03874258260960506,0.03562498092651367,-0.09983772039413452,-0.042407534381102785,0.04453718662261963,-0.11527091264724731,-0.044043905397605165,0.026107072830200195,-0.026986539363861084,-0.029086516534637674,0.04352521896362305,-0.07428961992263794,-0.039020370056580767,0.05301123857498169,-0.10166683793067932,-0.04236068140501903,0.060673534870147705,-0.12187308073043823,-0.042750417550753816,0.040704190731048584,-0.02543395757675171,-0.02918881300623344,0.05106431245803833,-0.06742000579833984,-0.03435008164281772,0.05339688062667847,-0.09021952748298645,-0.03280227940316127,0.05359053611755371,-0.1069750189781189,-0.03073972772593425
0.0,0.0,0.0,-0.01846557855606079,-0.023951232433319092,-0.004218746262214523,-0.031116902828216553,-0.05407923460006714,-0.01211423269154821,-0.04087528586387634,-0.07678407430648804,-0.019068010436914307,-0.05049312114715576,-0.09155920147895813,-0.026512900652907234,-0.014465481042861938,-0.03509277105331421,-0.023856906505844933,-0.010606259107589722,-0.06193798780441284,-0.0335530995452622,-0.012373089790344238,-0.0755993127822876,-0.038278756948731285,-0.014281928539276123,-0.08200359344482422,-0.03993226802589689,0.005697190761566162,-0.02550262212753296,-0.026103770645878654,0.02246159315109253,-0.06902241706848145,-0.03396559348943029,0.03230881690979004,-0.09227612614631653,-0.03663946530463491,0.040976881980895996,-0.10704830288887024,-0.0384286365533093,0.023646891117095947,-0.022551119327545166,-0.02737435354532991,0.03960978984832764,-0.06786203384399414,-0.03478541067483221,0.04572111368179321,-0.09047457575798035,-0.036652973207257133,0.05034369230270386,-0.10717618465423584,-0.0370432495200852,0.03772622346878052,-0.024563193321228027,-0.028100023331663948,0.04806184768676758,-0.06224769353866577,-0.03192123613002096,0.050244808197021484,-0.08114027976989746,-0.0295089113587359,0.05028641223907471,-0.09521493315696716,-0.02729079714658056
0.0,0.0,0.0,0.021517455577850342,-0.007966399192810059,-0.0032717719369514953,0.03783261775970459,-0.0309104323387146,-0.008997959194047667,0.04417252540588379,-0.05490905046463013,-0.013776283820433832,0.04259026050567627,-0.07335019111633301,-0.0197182680641248,0.03228694200515747,-0.02779698371887207,-0.025810751241905905,0.04318326711654663,-0.06799310445785522,-0.03460662729786179,0.047732412815093994,-0.09022557735443115,-0.03796116180465958,0.05072581768035889,-0.1069595217704773,-0.039484906119568564,0.015475332736968994,-0.029906928539276123,-0.028888327178819395,0.02645772695541382,-0.07367759943008423,-0.03695923007772706,0.03376507759094238,-0.09508773684501648,-0.03874314121650002,0.03975111246109009,-0.10998398065567017,-0.039988978875143744,-0.0024602413177490234,-0.033391714096069336,-0.030764556599123694,0.0029144287109375,-0.06777626276016235,-0.03882089175031922,0.002994239330291748,-0.07063096761703491,-0.03806747041390679,0.003115236759185791,-0.06799173355102539,-0.0362591511730983,-0.018876761198043823,-0.03813624382019043,-0.03219370461748383,-0.017853349447250366,-0.06714725494384766,-0.03799780748532555,-0.015690922737121582,-0.07724559307098389,-0.037047858459217764,-0.01417127251625061,-0.08153706789016724,-0.03560708008454583
0.0,0.0,0.0,0.023690998554229736,-0.00877445936203003,-0.0012566880058457741,0.038962721824645996,-0.03423720598220825,-0.005593630109537173,0.04155153036117554,-0.05931156873703003,-0.008910790641415645,0.03515845537185669,-0.07481604814529419,-0.01348790581952386,0.030837655067443848,-0.022972822189331055,-0.02174805439691596,0.04386293888092041,-0.060430288314819336,-0.027903699871707488,0.05033743381500244,-0.08251571655273438,-0.02984834611098819,0.05418062210083008,-0.09914445877075195,-0.031104717027950812,0.016435682773590088,-0.02836543321609497,-0.025798594203401137,0.03189682960510254,-0.07173401117324829,-0.03123567960839324,0.040017545223236084,-0.09462389349937439,-0.03289774395208411,0.04576122760772705,-0.11001318693161011,-0.03440156913976722,0.0006999373435974121,-0.035900890827178955,-0.02848740070741229,0.01150822639465332,-0.07560974359512329,-0.03439609296302848,0.020762145519256592,-0.09102258086204529,-0.03645048252921157,0.028544902801513672,-0.09896627068519592,-0.037687401842880774,-0.0145607590675354,-0.04511058330535889,-0.03030445947926097,-0.014721810817718506,-0.07496380805969238,-0.035610586029100944,-0.013512223958969116,-0.08538419008255005,-0.035955067348290015,-0.013330906629562378,-0.08902943134307861,-0.03590317032914214
0.0,0.0,0.0,-0.016550451517105103,-0.014038562774658203,-0.007262112652707486,-0.02796301245689392,-0.04014962911605835,-0.01498910420184174,-0.03374403715133667,-0.06224852800369263,-0.020975080398667245,-0.03788235783576965,-0.07625052332878113,-0.027351540593254953,-0.019444316625595093,-0.016707897186279297,-0.02609683860634604,-0.02125212550163269,-0.041042864322662354,-0.034552763296115785,-0.023453354835510254,-0.056572914123535156,-0.03889088992570677,-0.021720528602600098,-0.0669052004814148,-0.041091761631715684,-0.0021587014198303223,-0.01089787483215332,-0.027088836846697717,0.012520849704742432,-0.054385364055633545,-0.034096087409007936,0.020559310913085938,-0.08213454484939575,-0.0367478086480979,0.02808856964111328,-0.10070711374282837,-0.03901528854464331,0.014809370040893555,-0.01168358325958252,-0.027319246051657586,0.02891719341278076,-0.05735325813293457,-0.03529741157387534,0.033905744552612305,-0.08248844742774963,-0.037965185088861375,0.037918925285339355,-0.09943956136703491,-0.03887811217998305,0.029590368270874023,-0.016443371772766113,-0.02717761796509066,0.03904712200164795,-0.05434304475784302,-0.0321529834399108,0.04175293445587158,-0.07605600357055664,-0.0307638208249692,0.042476534843444824,-0.09156379103660583,-0.02935393442009726
0.0,0.0,0.0,-0.01836305856704712,-0.02260953187942505,-0.00735777329819598,-0.0281771719455719,-0.05411934852600098,-0.015488881079278372,-0.03080570697784424,-0.0731399655342102,-0.021448577215693376,-0.03309938311576843,-0.0781397819519043,-0.028132003193519495,-0.017823070287704468,-0.029890477657318115,-0.02961272599341669,-0.0184633731842041,-0.04865771532058716,-0.039706930910966776,-0.018709927797317505,-0.06101381778717041,-0.04521381894292631,-0.01641899347305298,-0.07015711069107056,-0.04834225440563955,0.004028618335723877,-0.017882466316223145,-0.030871730690620325,0.020448267459869385,-0.060729384422302246,-0.03881602773608961,0.029450595378875732,-0.08822205662727356,-0.04220876136960783,0.03766709566116333,-0.10839346051216125,-0.04524254093112745,0.02400606870651245,-0.014009654521942139,-0.0310693070495347,0.03801882266998291,-0.05849277973175049,-0.04023916313590803,0.04294949769973755,-0.08534491062164307,-0.0444770645553092,0.04646950960159302,-0.10598987340927124,-0.04662634099068441,0.03956294059753418,-0.01582634449005127,-0.030735684951565645,0.046700477600097656,-0.05380910634994507,-0.03689887041392126,0.04610896110534668,-0.07538020610809326,-0.036570478623531244,0.04430109262466431,-0.09225106239318848,-0.03613236958327093
0.0,0.0,0.0,-0.013481855392456055,-0.026901602745056152,-0.010342125556658033,-0.018580317497253418,-0.05478870868682861,-0.018423056937049154,-0.014377772808074951,-0.07116425037384033,-0.024084402955363515,-0.009634733200073242,-0.07353538274765015,-0.02926296066422296,-0.008191734552383423,-0.033538758754730225,-0.027523995152900937,0.001006484031677246,-0.05279970169067383,-0.0356687668331368,0.00309675931930542,-0.06429791450500488,-0.03869507718760801,0.0066318511962890625,-0.07160055637359619,-0.04024054739553762,0.00947493314743042,-0.018501758575439453,-0.026640106699655774,0.028452515602111816,-0.05963343381881714,-0.033508519417832616,0.03974121809005737,-0.08820235729217529,-0.035141451991389516,0.048557162284851074,-0.10947230458259583,-0.03674024227936101,0.025906860828399658,-0.012570798397064209,-0.02532662708241773,0.04092073440551758,-0.057639241218566895,-0.033286786413977865,0.04784613847732544,-0.08351421356201172,-0.035192559248994115,0.05233341455459595,-0.10262095928192139,-0.03551005083997083,0.03877818584442139,-0.013769328594207764,-0.02413912746984792,0.04980236291885376,-0.051807701587677,-0.029808769709656957,0.05225253105163574,-0.07197350263595581,-0.029221971295068982,0.05291163921356201,-0.08642619848251343,-0.02825466986675096
0.0,0.0,0.0,-0.006610244512557983,-0.025286853313446045,-0.002650681524364984,-0.009338289499282837,-0.05556231737136841,-0.008101833858354723,-0.010715097188949585,-0.07850933074951172,-0.012346642897291815,-0.014173805713653564,-0.08615273237228394,-0.016730796419842875,-0.006983160972595215,-0.03853321075439453,-0.023365370803340113,-0.003023982048034668,-0.0711856484413147,-0.03171810867713276,-0.008870542049407959,-0.07973730564117432,-0.03445817890094105,-0.011530399322509766,-0.07959747314453125,-0.034847628199322855,0.006276190280914307,-0.02664846181869507,-0.02486902090237919,0.022980690002441406,-0.074482262134552,-0.03324358152674023,0.0324782133102417,-0.09898388385772705,-0.03488924341724697,0.04304850101470947,-0.11616784334182739,-0.03567543985770527,0.019730865955352783,-0.022986292839050293,-0.025139316790564692,0.03759521245956421,-0.07240039110183716,-0.03331502141879383,0.043335556983947754,-0.09618628025054932,-0.03473744156287495,0.04898416996002197,-0.11393231153488159,-0.034322362267239725,0.031224429607391357,-0.025240957736968994,-0.024535395079119837,0.04494762420654297,-0.0655013918876648,-0.027803275608285105,0.04719465970993042,-0.08361679315567017,-0.024946397044523394,0.04878044128417969,-0.09641581773757935,-0.022414022930725253
0.0,0.0,0.0,0.01991063356399536,-0.0009009838104248047,-0.0020631060542282142,0.032383739948272705,-0.01714301109313965,-0.0069247845167037525,0.0376511812210083,-0.04042518138885498,-0.010339846608948378,0.03477895259857178,-0.0560300350189209,-0.014900055488359598,0.015553057193756104,-0.0012187957763671875,-0.022594128509771494,0.018543004989624023,-0.029255032539367676,-0.028462339898359446,0.016699790954589844,-0.03735226392745972,-0.031097390463363794,0.017712533473968506,-0.04021179676055908,-0.03287221189380851,0.0009257197380065918,-0.0049765706062316895,-0.02613376337827411,0.01532679796218872,-0.05152922868728638,-0.03078919347168174,0.026704490184783936,-0.07655185461044312,-0.032830205520403055,0.03814983367919922,-0.0932672917842865,-0.03540171008349624,-0.011169999837875366,-0.015054583549499512,-0.02839128743649688,0.00011473894119262695,-0.05862158536911011,-0.034522962530862955,0.011132121086120605,-0.07788810133934021,-0.03709223937035766,0.022348761558532715,-0.0895920991897583,-0.03893144871832099,-0.02186828851699829,-0.02806699275970459,-0.029745259096634058,-0.020195364952087402,-0.058627545833587646,-0.033729188849937586,-0.016961753368377686,-0.07114332914352417,-0.03257527645469871,-0.01298600435256958,-0.07782533764839172,-0.03226774628998008
0.0,0.0,0.0,-0.0015918910503387451,-0.01545625925064087,-0.003187315633851995,-7.826089859008789e-05,-0.04232102632522583,-0.008362032102752437,0.002976536750793457,-0.06536257266998291,-0.01206254735808443,0.0039250850677490234,-0.07349050045013428,-0.01592189315925907,-0.004608064889907837,-0.023320555686950684,-0.02445417326163124,-0.006066799163818359,-0.05223590135574341,-0.031553740242827644,-0.008090823888778687,-0.06368058919906616,-0.03351735938559841,-0.005980044603347778,-0.06836742162704468,-0.03410116080414127,0.00572514533996582,-0.01804065704345703,-0.026601365397084464,0.022625327110290527,-0.0634649395942688,-0.03455524761449169,0.03352832794189453,-0.08983004093170166,-0.036035461912263145,0.04450708627700806,-0.10809588432312012,-0.036711453089822044,0.01581937074661255,-0.01950281858444214,-0.027373146826732864,0.03304392099380493,-0.0667957067489624,-0.0361067788697369,0.04144972562789917,-0.08954325318336487,-0.03806340936790775,0.04861044883728027,-0.10528528690338135,-0.03778020534883808,0.024085521697998047,-0.025961101055145264,-0.02720565218697857,0.0370827317237854,-0.06461411714553833,-0.031588713268149604,0.042051494121551514,-0.08350211381912231,-0.029503034988749732,0.04567253589630127,-0.09631681442260742,-0.02738494854639839
0.0,0.0,0.0,-0.009648531675338745,-0.019270896911621094,-0.005806788163638998,-0.013837724924087524,-0.046106040477752686,-0.013318621380634,-0.013217419385910034,-0.06621569395065308,-0.018429715944833447,-0.011218041181564331,-0.07497084140777588,-0.02391989604980438,-0.009745031595230103,-0.025905251502990723,-0.033065127967304875,-0.00902506709098816,-0.05314415693283081,-0.04195628949851482,-0.011594951152801514,-0.06470280885696411,-0.044528863219923664,-0.011639207601547241,-0.06890219449996948,-0.04562359937877147,0.006568431854248047,-0.017656147480010986,-0.03415696585030048,0.022325634956359863,-0.06332600116729736,-0.04403558635563343,0.0317462682723999,-0.0908769965171814,-0.046511391936249424,0.04001039266586304,-0.11096629500389099,-0.048247086642689396,0.020501255989074707,-0.0182342529296875,-0.03355629631728618,0.03320956230163574,-0.06460857391357422,-0.04355817177743404,0.04130274057388306,-0.09128385782241821,-0.046743298707909275,0.04713451862335205,-0.11255329847335815,-0.047877392558760334,0.02995884418487549,-0.02492654323577881,-0.031992069272703816,0.038505613803863525,-0.06251370906829834,-0.03790242114514797,0.04054743051528931,-0.0843401551246643,-0.036725564686960865,0.040446460247039795,-0.10110533237457275,-0.03547064477056949
0.0,0.0,0.0,-0.013339370489120483,-0.02750617265701294,-0.007153416846620075,-0.018269449472427368,-0.05581820011138916,-0.014831801273601286,-0.015184402465820312,-0.07224982976913452,-0.020710112855510943,-0.013877242803573608,-0.06901758909225464,-0.026498616070227854,-0.012624293565750122,-0.0306127667427063,-0.024684388519006006,-0.010475486516952515,-0.049374938011169434,-0.03382815639741921,-0.010440230369567871,-0.05983930826187134,-0.037754321799354784,-0.009690821170806885,-0.06648886203765869,-0.039249798611479036,0.004913389682769775,-0.018609583377838135,-0.025420783416109316,0.01999986171722412,-0.06023001670837402,-0.03289760868318581,0.028347015380859375,-0.08659875392913818,-0.034114664748983614,0.035423219203948975,-0.10516339540481567,-0.03473263825543427,0.021689295768737793,-0.014178097248077393,-0.025577813715415232,0.03410184383392334,-0.05844956636428833,-0.03314566458828949,0.039518892765045166,-0.08115875720977783,-0.03344059954650902,0.04343456029891968,-0.09697169065475464,-0.03214432890780472,0.035390257835388184,-0.01451575756072998,-0.025671497315840952,0.04471653699874878,-0.05251884460449219,-0.029150417403059237,0.04603719711303711,-0.07186853885650635,-0.02607980589635872,0.04562276601791382,-0.08540463447570801,-0.023339925662355654
0.0,0.0,0.0,0.012638270854949951,-0.011011183261871338,-0.0020408247414547276,0.020493626594543457,-0.03613996505737305,-0.007297102716149695,0.022472262382507324,-0.06146502494812012,-0.011245564446182854,0.020426809787750244,-0.07532840967178345,-0.016127622574897416,0.012536346912384033,-0.02261251211166382,-0.023634486720295556,0.008489608764648438,-0.049276769161224365,-0.031338550970287926,0.004762232303619385,-0.06400620937347412,-0.034998365566464074,0.004923701286315918,-0.07474774122238159,-0.03734125278923095,0.008799910545349121,-0.022619187831878662,-0.027178539783092148,0.022610366344451904,-0.06723624467849731,-0.03398989222976745,0.03213006258010864,-0.09341728687286377,-0.03606530733439506,0.041821956634521484,-0.11248260736465454,-0.03805391199919761,0.004006743431091309,-0.028574645519256592,-0.029525545314283974,0.016265690326690674,-0.07305771112442017,-0.036604770347805626,0.025206923484802246,-0.09439831972122192,-0.039233841821880944,0.03305244445800781,-0.10886231064796448,-0.04065555788609565,-0.0021431148052215576,-0.03913480043411255,-0.03096962057087005,0.0022156834602355957,-0.07056677341461182,-0.03600366868111671,0.007490277290344238,-0.08854979276657104,-0.0362340145561415,0.01203930377960205,-0.10274016857147217,-0.03641318239304603
0.0,0.0,0.0,-0.002953648567199707,-0.01769322156906128,-0.005793618252749155,0.0010672807693481445,-0.03535449504852295,-0.011284806514407109,0.01070469617843628,-0.05234789848327637,-0.014838813552881192,0.018456637859344482,-0.06177777051925659,-0.018333042720581005,-0.010097086429595947,-0.007711052894592285,-0.024667787114406536,-0.00645679235458374,-0.024707257747650146,-0.03297966041627021,-0.0038784146308898926,-0.03749436140060425,-0.03681574457349868,-0.0019279122352600098,-0.048298776149749756,-0.03845566579165549,-0.0036613941192626953,0.001415252685546875,-0.025460866028691242,0.010110795497894287,-0.03478795289993286,-0.032206964427853535,0.021368741989135742,-0.061863720417022705,-0.034115937287236164,0.02915644645690918,-0.08284056186676025,-0.036138885403300236,0.004915297031402588,0.0021900534629821777,-0.025531057948494862,0.015731096267700195,-0.032892584800720215,-0.032400362873698185,0.025775432586669922,-0.058256328105926514,-0.03472906046571822,0.03191882371902466,-0.07826167345046997,-0.0358885309940824,0.013010025024414062,-0.0021345019340515137,-0.025327262217427204,0.021583974361419678,-0.027745962142944336,-0.029132059524084042,0.027246296405792236,-0.047895610332489014,-0.028861970389510105,0.029735982418060303,-0.06504088640213013,-0.028916435996318768
0.0,0.0,0.0,0.018042325973510742,-0.011424601078033447,-0.0026057345081653693,0.0265311598777771,-0.036703407764434814,-0.007365450611018787,0.022779226303100586,-0.0599818229675293,-0.011321772237920413,0.013796389102935791,-0.06996876001358032,-0.01602892612447704,0.02520012855529785,-0.026270508766174316,-0.018343350266718517,0.038294851779937744,-0.05925339460372925,-0.024474896838569293,0.044809162616729736,-0.0796930193901062,-0.02642870729198421,0.049962401390075684,-0.09390199184417725,-0.027018312712812076,0.01601862907409668,-0.028193175792694092,-0.020890316342615733,0.032629430294036865,-0.0713280439376831,-0.02679225650956596,0.04169785976409912,-0.09592825174331665,-0.028199617167615543,0.04917854070663452,-0.1131075918674469,-0.028700679888629566,0.004118144512176514,-0.034779369831085205,-0.02247493935158218,0.01946491003036499,-0.07739514112472534,-0.02815225196411575,0.027757883071899414,-0.09555751085281372,-0.028720099826955447,0.03313398361206055,-0.10580247640609741,-0.027922090490960727,-0.0088043212890625,-0.04566788673400879,-0.023490755235457073,-0.0012018382549285889,-0.0771174430847168,-0.027697330688738475,0.003929436206817627,-0.08975660800933838,-0.026954403495096813,0.006483674049377441,-0.09732359647750854,-0.02557014895012344
0.0,0.0,0.0,-0.00938957929611206,-0.025569140911102295,-0.00547909181239703,-0.010673552751541138,-0.054488301277160645,-0.010695955284411696,-0.009164005517959595,-0.07287520170211792,-0.014787676312501219,-0.011487305164337158,-0.07442086935043335,-0.0188680584882448,-0.002105414867401123,-0.03310638666152954,-0.01930801527249315,0.0184381902217865,-0.06408017873764038,-0.02456263968395689,0.030113786458969116,-0.08257681131362915,-0.024845514014835146,0.03854861855506897,-0.09396100044250488,-0.024037891567225245,0.011582106351852417,-0.023909270763397217,-0.01940673546540239,0.028711646795272827,-0.06550389528274536,-0.024907011107082155,0.03884825110435486,-0.08815550804138184,-0.02492322357046106,0.046333521604537964,-0.10284256935119629,-0.024150279850239542,0.02411511540412903,-0.02048933506011963,-0.018917737097019938,0.03727266192436218,-0.062257468700408936,-0.023658303112263468,0.044756025075912476,-0.08331054449081421,-0.023111577645416048,0.04969939589500427,-0.09704560041427612,-0.021476931438321856,0.03497686982154846,-0.023025810718536377,-0.01847484292137125,0.04513123631477356,-0.0567891001701355,-0.02134092667746046,0.049447447061538696,-0.07460999488830566,-0.019912374705548075,0.05107632279396057,-0.087344229221344,-0.01803376668738821
0.0,0.0,0.0,0.009231895208358765,-0.020421266555786133,-0.0005069707207567831,0.011458784341812134,-0.050088346004486084,-0.005688510757330789,0.0066859424114227295,-0.07123517990112305,-0.010308154315147533,-0.002039402723312378,-0.07732301950454712,-0.01599690170625223,0.012608915567398071,-0.029173195362091064,-0.022134460896644725,0.02620270848274231,-0.06522601842880249,-0.029722242072615757,0.03359457850456238,-0.08605313301086426,-0.03261121214965357,0.03943726420402527,-0.10302448272705078,-0.034096023455653324,0.012664586305618286,-0.02586764097213745,-0.026512068152818813,0.029660910367965698,-0.07109671831130981,-0.033227647111210956,0.038484781980514526,-0.09673076868057251,-0.03482798711994661,0.04560467600822449,-0.11770033836364746,-0.03598715217450632,0.009358197450637817,-0.028645575046539307,-0.0296045508388616,0.024224132299423218,-0.07107436656951904,-0.03559807913044466,0.034394651651382446,-0.09593021869659424,-0.038112445190940036,0.041743844747543335,-0.11629891395568848,-0.03963906170466913,0.004005521535873413,-0.03674846887588501,-0.031798338905367984,0.0109158456325531,-0.06784433126449585,-0.03578289823273195,0.013640254735946655,-0.0857076644897461,-0.03571212889293207,0.013395756483078003,-0.10105764865875244,-0.03577110768893732
0.0,0.0,0.0,-0.014905869960784912,-0.023405730724334717,-0.0081134037038737,-0.020028799772262573,-0.05422067642211914,-0.015449174579089231,-0.018072396516799927,-0.07618516683578491,-0.02052598250270421,-0.01648050546646118,-0.08547675609588623,-0.02554413852453763,-0.010006755590438843,-0.03681892156600952,-0.02812229086816842,-0.004419475793838501,-0.06227201223373413,-0.037407157841926164,-0.0058845579624176025,-0.07043278217315674,-0.04111975607634122,-0.006362050771713257,-0.07033008337020874,-0.04255470809698636,0.008597254753112793,-0.025543272495269775,-0.028142433512812204,0.028033912181854248,-0.07056260108947754,-0.036720609191661424,0.03735029697418213,-0.0969620943069458,-0.03950791237116391,0.04515397548675537,-0.11416071653366089,-0.0413569192326122,0.02569502592086792,-0.021171510219573975,-0.027332965183859415,0.0412287712097168,-0.06912106275558472,-0.037171518329387254,0.046732187271118164,-0.09387809038162231,-0.040537265959983415,0.050999999046325684,-0.11054500937461853,-0.041360827062135286,0.03909599781036377,-0.02268803119659424,-0.026069274071460313,0.05082970857620239,-0.06391513347625732,-0.03277147737503583,0.05176663398742676,-0.08301270008087158,-0.03195833218455846,0.0511966347694397,-0.09463435411453247,-0.030452564257984704
0.0,0.0,0.0,-0.011531800031661987,-0.020924508571624756,-0.009048722622216232,-0.01371908187866211,-0.0514255166053772,-0.016042664584935196,-0.010826587677001953,-0.0734606385231018,-0.02111479447525788,-0.009832590818405151,-0.07999098300933838,-0.02619374909740735,-0.0025703907012939453,-0.03737807273864746,-0.02482818247121621,0.014980882406234741,-0.07078814506530762,-0.03232081973296452,0.024400562047958374,-0.09046816825866699,-0.03430405252915669,0.0316108763217926,-0.10385549068450928,-0.034842193064511306,0.012953013181686401,-0.029420137405395508,-0.024372680050552376,0.030205875635147095,-0.07198739051818848,-0.03187322982889462,0.03883513808250427,-0.0967743992805481,-0.03334246942144681,0.04500493407249451,-0.11440378427505493,-0.03373434015852261,0.026021510362625122,-0.02593386173248291,-0.023498883408725746,0.04064318537712097,-0.0684928297996521,-0.030708718982756622,0.0469001829624176,-0.09190601110458374,-0.0318882986281519,0.050701409578323364,-0.10863178968429565,-0.03147420653444577,0.03633806109428406,-0.027408063411712646,-0.02278517180424977,0.04729631543159485,-0.06257444620132446,-0.027965130222261436,0.0507221519947052,-0.08196896314620972,-0.027838753474176414,0.05138537287712097,-0.09574228525161743,-0.026922527638495453
0.0,0.0,0.0,0.021922767162322998,-0.011358141899108887,-0.0014980453365112112,0.03948366641998291,-0.036003708839416504,-0.004640414316263275,0.046582162380218506,-0.058408379554748535,-0.0070280660242403314,0.04603135585784912,-0.07380539178848267,-0.01038432347780116,0.03246504068374634,-0.027570724487304688,-0.019605832576807813,0.04436463117599487,-0.06444668769836426,-0.02560482214396842,0.05051565170288086,-0.08669149875640869,-0.02780693437164672,0.05457329750061035,-0.1038823127746582,-0.029069891601857023,0.01684284210205078,-0.03051680326461792,-0.023492603033837156,0.03102552890777588,-0.0720173716545105,-0.028956124961432295,0.040638864040374756,-0.09658169746398926,-0.031051515072640257,0.04849821329116821,-0.11570316553115845,-0.0330437742472256,-0.0003528594970703125,-0.036847472190856934,-0.026300639316495733,0.011601388454437256,-0.0716935396194458,-0.03272830548888095,0.020478248596191406,-0.08625656366348267,-0.03489173802739032,0.027233660221099854,-0.09504640102386475,-0.0360204413831795,-0.01745852828025818,-0.045892536640167236,-0.028463704913910703,-0.012041628360748291,-0.07423132658004761,-0.03429234626894839,-0.00878751277923584,-0.08202391862869263,-0.03471160906558879,-0.007963567972183228,-0.08337879180908203,-0.03468229475623019
0.0,0.0,0.0,0.013445615768432617,-0.010767996311187744,-0.002359450286387954,0.0236436128616333,-0.034842073917388916,-0.007136648710950766,0.028028130531311035,-0.05915480852127075,-0.010721577521547232,0.027588725090026855,-0.07149076461791992,-0.015185905810579214,0.014731287956237793,-0.021752893924713135,-0.021994454976304922,0.01561439037322998,-0.048282742500305176,-0.029261943142994795,0.014332592487335205,-0.06141024827957153,-0.03263254482684985,0.014468193054199219,-0.07172387838363647,-0.03429164383946315,0.010991156101226807,-0.02276676893234253,-0.02530135419605628,0.028202593326568604,-0.06558328866958618,-0.03136127461133853,0.038207948207855225,-0.09191036224365234,-0.03335525487004176,0.046929121017456055,-0.11176452040672302,-0.035135466795548354,0.00593036413192749,-0.030466079711914062,-0.02751136403916732,0.024042129516601562,-0.07136988639831543,-0.03417856265245334,0.03608804941177368,-0.09443068504333496,-0.03748726118741885,0.04545825719833374,-0.1115107536315918,-0.0393666440659608,-0.0002776980400085449,-0.042700231075286865,-0.02884814907251254,0.010847032070159912,-0.07239758968353271,-0.03303805012641803,0.01714998483657837,-0.0874677300453186,-0.032572977434977446,0.020868003368377686,-0.09871715307235718,-0.032307207774504576
0.0,0.0,0.0,0.01982063055038452,-0.014003872871398926,-0.0010707131459710695,0.036081790924072266,-0.03619265556335449,-0.004814981353781889,0.04430943727493286,-0.059681832790374756,-0.007757997011147211,0.044480323791503906,-0.07597649097442627,-0.012356099077813099,0.029167532920837402,-0.027854621410369873,-0.020285926164440582,0.042201220989227295,-0.06461328268051147,-0.027277785689882705,0.04897475242614746,-0.08813250064849854,-0.030614470468215416,0.05381584167480469,-0.1064099371433258,-0.03295711554711289,0.018884599208831787,-0.02751237154006958,-0.0247809247684998,0.035246312618255615,-0.06852054595947266,-0.03004365727429814,0.04437798261642456,-0.09446948766708374,-0.032905423418931434,0.05206453800201416,-0.11517012119293213,-0.035995838568858574,0.00596541166305542,-0.030117154121398926,-0.028123922051243255,0.019434690475463867,-0.06669729948043823,-0.033946019933871696,0.030801713466644287,-0.09051001071929932,-0.038170894013099144,0.04129213094711304,-0.10950919985771179,-0.042090756223849723,-0.009182959794998169,-0.036676764488220215,-0.030658885241798828,-0.008557140827178955,-0.06362807750701904,-0.03700707234566636,-0.006989568471908569,-0.0788986086845398,-0.03908189885442681,-0.005699843168258667,-0.09038352966308594,-0.04097163431470818
0.0,0.0,0.0,0.023553401231765747,-0.010769784450531006,-0.0021882592722590744,0.04072585701942444,-0.03316152095794678,-0.006329335740190345,0.04754570126533508,-0.05759429931640625,-0.009755988607537347,0.044817596673965454,-0.07462668418884277,-0.014263535851966935,0.03459540009498596,-0.02120155096054077,-0.018334504219126302,0.04710438847541809,-0.05768793821334839,-0.024714479225110608,0.052241235971450806,-0.08087760210037231,-0.0273798257134672,0.05548754334449768,-0.09923112392425537,-0.02896734327299555,0.018801599740982056,-0.02485281229019165,-0.022205166520905095,0.03565678000450134,-0.0664718747138977,-0.02788217738492449,0.043879181146621704,-0.09176695346832275,-0.02996422909421881,0.05027630925178528,-0.11072474718093872,-0.03197390958888491,0.0013943314552307129,-0.03197258710861206,-0.02519890666229685,0.019863516092300415,-0.06904160976409912,-0.03229133412463625,0.030416816473007202,-0.08308422565460205,-0.03386085480673273,0.037969499826431274,-0.0900455117225647,-0.03458636254293879,-0.01627066731452942,-0.043334782123565674,-0.02759131789429148,-0.00790935754776001,-0.07157719135284424,-0.034299984576534825,-0.0022027194499969482,-0.07824069261550903,-0.03457707911951502,0.0013315379619598389,-0.07885438203811646,-0.034387763591837484
0.0,0.0,0.0,-0.019321739673614502,-0.02593994140625,-0.01740882207874961,-0.0300828218460083,-0.050921499729156494,-0.03227536042456336,-0.03964364528656006,-0.06887960433959961,-0.04417583381061263,-0.051869988441467285,-0.07895731925964355,-0.055767584939047765,-0.00027811527252197266,-0.03572028875350952,-0.03631334041480727,0.003106832504272461,-0.050653159618377686,-0.04810199176196761,0.006991863250732422,-0.058374106884002686,-0.05565869842891402,0.011372745037078857,-0.06012946367263794,-0.0600816275668592,0.021350979804992676,-0.02735823392868042,-0.03310790320162482,0.039860546588897705,-0.06487929821014404,-0.04181098227624602,0.05839180946350098,-0.08555561304092407,-0.04567810555224128,0.0745667815208435,-0.0976722240447998,-0.04901471768741317,0.03617703914642334,-0.024167001247406006,-0.02962868322853751,0.048790693283081055,-0.06402701139450073,-0.036914866764590215,0.05423921346664429,-0.08202093839645386,-0.039842654366538,0.05856740474700928,-0.09226471185684204,-0.04159141366605468,0.04452478885650635,-0.02644360065460205,-0.02716095035199828,0.05356508493423462,-0.06141507625579834,-0.031477384616181325,0.0553249716758728,-0.07907599210739136,-0.030314930130288076,0.055284321308135986,-0.08918994665145874,-0.029381843630716276
0.0,0.0,0.0,-0.01118093729019165,-0.016142189502716064,-0.026209869410294573,-0.010570764541625977,-0.03512090444564819,-0.04191448072661785,-0.002825915813446045,-0.05103844404220581,-0.05228886659016041,0.006452977657318115,-0.05954146385192871,-0.061795420001644175,0.02060908079147339,-0.03029423952102661,-0.04186223725547222,0.039665818214416504,-0.052801311016082764,-0.05693882982005505,0.05339139699935913,-0.06589728593826294,-0.06610800604094891,0.06520223617553711,-0.07373768091201782,-0.07156530300845532,0.03464984893798828,-0.027479350566864014,-0.03274131844510464,0.04941082000732422,-0.05868035554885864,-0.04581826085914997,0.06074625253677368,-0.07472199201583862,-0.05060432384480862,0.07110661268234253,-0.08622759580612183,-0.05327534208764462,0.04299741983413696,-0.02788841724395752,-0.024558237742084543,0.05349278450012207,-0.05985832214355469,-0.035048699926036875,0.062202274799346924,-0.07838749885559082,-0.03642837981452374,0.06989163160324097,-0.09064227342605591,-0.036432015697855036,0.04618954658508301,-0.0319252610206604,-0.01825166399349598,0.05475020408630371,-0.05882728099822998,-0.026458938594359438,0.060433030128479004,-0.07509058713912964,-0.027928239654201548,0.0652514100074768,-0.08552813529968262,-0.0277800084905806
0.0,0.0,0.0,-0.015231847763061523,-0.02052408456802368,-0.02464059653514994,-0.013658344745635986,-0.04416400194168091,-0.03907601821059359,-0.0009941458702087402,-0.060629069805145264,-0.047802890714351065,0.0115775465965271,-0.0691027045249939,-0.055590010311547644,0.00776362419128418,-0.03384202718734741,-0.044106870021764166,0.028554081916809082,-0.060172319412231445,-0.059516097482386954,0.04544883966445923,-0.0731431245803833,-0.0677205986046232,0.060568034648895264,-0.08037477731704712,-0.07204262080425394,0.023849546909332275,-0.03002852201461792,-0.036217714723292715,0.04534262418746948,-0.06739133596420288,-0.05008631857866419,0.0637781023979187,-0.08975571393966675,-0.055516037222091086,0.0807504653930664,-0.10505938529968262,-0.05858006614083422,0.034569382667541504,-0.03075963258743286,-0.0288968058937229,0.05188041925430298,-0.06560695171356201,-0.04101134377354754,0.0670059323310852,-0.08493739366531372,-0.04518403398627413,0.07947134971618652,-0.09730815887451172,-0.04666239681476725,0.040136873722076416,-0.03658360242843628,-0.02289634297424925,0.052486300468444824,-0.0638543963432312,-0.032493504759017355,0.06240767240524292,-0.07951515913009644,-0.035885973896924384,0.07101887464523315,-0.09034937620162964,-0.0371950483583845
0.0,0.0,0.0,-0.02003997564315796,-0.025778770446777344,-0.023668648035481965,-0.03224211931228638,-0.05589264631271362,-0.04126974503810743,-0.04294043779373169,-0.078696608543396,-0.054193738208368814,-0.05507296323776245,-0.09290868043899536,-0.06699811975772718,-0.0018109679222106934,-0.04093015193939209,-0.04637284885461668,0.0022008419036865234,-0.05954265594482422,-0.06061524833853582,0.009001374244689941,-0.06877535581588745,-0.0692585663061891,0.01706606149673462,-0.07146167755126953,-0.07452716986949781,0.017982304096221924,-0.03121316432952881,-0.040522176132753884,0.03701341152191162,-0.07001352310180664,-0.052634670690849816,0.05623733997344971,-0.0965086817741394,-0.058755214617804086,0.07406532764434814,-0.11585277318954468,-0.06382554333026746,0.03190732002258301,-0.028529047966003418,-0.03449188108857015,0.047116994857788086,-0.06593281030654907,-0.044780030206993615,0.06123584508895874,-0.0874674916267395,-0.05018146272118429,0.07420414686203003,-0.10396111011505127,-0.053765203164175546,0.03967022895812988,-0.03339666128158569,-0.02964218455667833,0.050698041915893555,-0.06498396396636963,-0.03663134883458952,0.059977829456329346,-0.08340108394622803,-0.03825036372359136,0.06914103031158447,-0.09625953435897827,-0.0395257168572698
0.0,0.0,0.0,-0.01823633909225464,-0.021528124809265137,-0.01923810903225842,-0.030517935752868652,-0.04661262035369873,-0.03519987154994908,-0.04117870330810547,-0.06788980960845947,-0.04743584458027783,-0.05311936140060425,-0.08144968748092651,-0.05999104891215268,-0.002722501754760742,-0.03430962562561035,-0.04247816864643994,-0.002383589744567871,-0.05103743076324463,-0.05635416720305386,0.0024851560592651367,-0.05964231491088867,-0.06508490655814114,0.009870707988739014,-0.06351077556610107,-0.07065844003354016,0.01859283447265625,-0.027661919593811035,-0.03930286530648175,0.03889364004135132,-0.06640523672103882,-0.05068914432321492,0.057545006275177,-0.0921330451965332,-0.05753391076122227,0.07540649175643921,-0.11146891117095947,-0.06336582664643231,0.03344351053237915,-0.02766937017440796,-0.03537988130246106,0.05005723237991333,-0.0693323016166687,-0.04573510054741803,0.06710553169250488,-0.09361016750335693,-0.05298643771801892,0.08335685729980469,-0.11264657974243164,-0.05811630029474202,0.04114425182342529,-0.03404003381729126,-0.032106636355266005,0.05349302291870117,-0.06674379110336304,-0.03873062718902531,0.06389093399047852,-0.08572614192962646,-0.04036381680761281,0.07378756999969482,-0.09920746088027954,-0.0419655277231783
0.0,0.0,0.0,-0.016983449459075928,-0.023228883743286133,-0.019799606255830327,-0.02850860357284546,-0.048308372497558594,-0.03600367655569414,-0.041156232357025146,-0.06733721494674683,-0.04866012310201029,-0.05432647466659546,-0.0778888463973999,-0.06182908763700823,-0.0012868642807006836,-0.03185558319091797,-0.04249523704463343,0.007169544696807861,-0.0493660569190979,-0.05559332048112253,0.015362381935119629,-0.056955695152282715,-0.06328838815504412,0.024586617946624756,-0.06014382839202881,-0.0679656093340526,0.016096651554107666,-0.02106022834777832,-0.0383148839097629,0.03516221046447754,-0.05102020502090454,-0.05000332867318491,0.051313042640686035,-0.06873095035552979,-0.05594442536646227,0.06607753038406372,-0.0810728669166565,-0.060677421591819325,0.02951890230178833,-0.018867135047912598,-0.03388210137897829,0.046800434589385986,-0.05173003673553467,-0.04438756903225283,0.06094485521316528,-0.07092869281768799,-0.049923950187505284,0.07350784540176392,-0.08549225330352783,-0.053395324699224034,0.038675904273986816,-0.02519279718399048,-0.030238117403925457,0.05227464437484741,-0.05372798442840576,-0.036993888519347706,0.061837971210479736,-0.07288509607315063,-0.03876687338167528,0.07001888751983643,-0.08715718984603882,-0.040241473666966954
0.0,0.0,0.0,-0.018184304237365723,-0.018148303031921387,-0.02777604294823277,-0.031274378299713135,-0.04125964641571045,-0.049797273258434416,-0.03617537021636963,-0.06176990270614624,-0.06603254286454785,-0.03687220811843872,-0.07584935426712036,-0.08227603046105969,-0.001159965991973877,-0.024169504642486572,-0.061626448313461424,0.0031605958938598633,-0.049870312213897705,-0.08049592284368146,0.008618831634521484,-0.057762324810028076,-0.09117354361222851,0.017566323280334473,-0.057662904262542725,-0.09793000576900113,0.020900249481201172,-0.020111382007598877,-0.05408847240613568,0.04093903303146362,-0.0649375319480896,-0.07230562625335324,0.061255574226379395,-0.09455078840255737,-0.08167441097901929,0.07884681224822998,-0.11555498838424683,-0.08906874714301694,0.03604036569595337,-0.021108031272888184,-0.04535319937275517,0.05139833688735962,-0.06579101085662842,-0.05924574194358456,0.06747758388519287,-0.09074169397354126,-0.06551752148078549,0.08065372705459595,-0.10731381177902222,-0.07011315135167706,0.044660866260528564,-0.028008759021759033,-0.03778171820448506,0.05501902103424072,-0.06213575601577759,-0.046984254400001646,0.0638664960861206,-0.08146989345550537,-0.04926088360952008,0.07140856981277466,-0.09281331300735474,-0.05111652521298993
0.0,0.0,0.0,-0.017943620681762695,-0.024585247039794922,-0.03052503292346387,-0.028806686401367188,-0.0496254563331604,-0.05365490590119748,-0.03520458936691284,-0.06893986463546753,-0.07115660657072453,-0.04194885492324829,-0.08391940593719482,-0.08873753298902898,0.004818737506866455,-0.03810751438140869,-0.059625298277381944,0.020215153694152832,-0.05695062875747681,-0.07885611106539159,0.032055556774139404,-0.06372857093811035,-0.09030900199795155,0.04380577802658081,-0.06541305780410767,-0.09739388574743657,0.02309560775756836,-0.030254125595092773,-0.05134555001640706,0.04566800594329834,-0.0674746036529541,-0.07044982214355855,0.06599563360214233,-0.09504574537277222,-0.08098174680853276,0.08422625064849854,-0.11638212203979492,-0.08848153849029927,0.035893142223358154,-0.027377784252166748,-0.042809404925350236,0.05475568771362305,-0.06419491767883301,-0.05787020970964818,0.07055103778839111,-0.08860749006271362,-0.06517516125822453,0.08373284339904785,-0.10671693086624146,-0.06971088846111684,0.043925702571868896,-0.03127431869506836,-0.03582827796125798,0.05777263641357422,-0.061633408069610596,-0.046105254934076356,0.06804490089416504,-0.08218115568161011,-0.0498377387681046,0.07729166746139526,-0.09669888019561768,-0.052320432410482454
0.0,0.0,0.0,-0.019535958766937256,-0.024422407150268555,-0.022161533814454515,-0.029978930950164795,-0.05051606893539429,-0.03847992582299753,-0.038123130798339844,-0.07228744029998779,-0.050613363963151414,-0.04832017421722412,-0.08625596761703491,-0.06270936293580576,-0.0007612109184265137,-0.03560006618499756,-0.042653603237653215,0.0027256011962890625,-0.0508236289024353,-0.05623447684624239,0.009166359901428223,-0.05778473615646362,-0.0647653282997851,0.017357707023620605,-0.06087791919708252,-0.0702616216061358,0.019169509410858154,-0.02774876356124878,-0.03789039490797563,0.037177979946136475,-0.058837711811065674,-0.04896831302025362,0.053960442543029785,-0.07755577564239502,-0.054984202366853197,0.06982553005218506,-0.08984249830245972,-0.06018953187444254,0.033475518226623535,-0.02731090784072876,-0.03319171233155771,0.04899477958679199,-0.06126856803894043,-0.04367215348460718,0.06319820880889893,-0.08181732892990112,-0.05042335925676866,0.0764925479888916,-0.09710484743118286,-0.05513419000484987,0.04181939363479614,-0.033406078815460205,-0.029564957824135263,0.05335652828216553,-0.06282550096511841,-0.03699932036974474,0.06307941675186157,-0.08157217502593994,-0.03992248116114183,0.07177048921585083,-0.09559732675552368,-0.042361071091676195
0.0,0.0,0.0,-0.016410231590270996,-0.023609638214111328,-0.026260389467452683,-0.02686995267868042,-0.047863662242889404,-0.04671238221762053,-0.03551536798477173,-0.0663520097732544,-0.06239384644267432,-0.044193923473358154,-0.0796770453453064,-0.07827975832459799,0.0018954277038574219,-0.02904433012008667,-0.052852360984061875,0.005996584892272949,-0.042434513568878174,-0.0699903317594277,0.013431727886199951,-0.048230648040771484,-0.0806932770514237,0.021395623683929443,-0.049247920513153076,-0.08748826616046301,0.018838703632354736,-0.01975792646408081,-0.046565736165021576,0.038237154483795166,-0.05200701951980591,-0.06225902818677298,0.058579325675964355,-0.07348638772964478,-0.07085279606816641,0.07651543617248535,-0.08945834636688232,-0.07765814148423544,0.03136724233627319,-0.016308903694152832,-0.04004043944713942,0.048514723777770996,-0.047842442989349365,-0.05315036185619704,0.06489157676696777,-0.06767785549163818,-0.06038031586048476,0.07935500144958496,-0.08297926187515259,-0.06532820545670859,0.03932851552963257,-0.019579529762268066,-0.03485252194640509,0.05290544033050537,-0.044371604919433594,-0.043971645166848816,0.06480288505554199,-0.06295210123062134,-0.04771342360017172,0.07540744543075562,-0.07676947116851807,-0.05063821979400984
0.0,0.0,0.0,-0.016017138957977295,-0.02611851692199707,-0.02256069351025758,-0.027280688285827637,-0.05110746622085571,-0.04059029948004422,-0.03393757343292236,-0.06993627548217773,-0.05470889266618428,-0.04088878631591797,-0.0844341516494751,-0.06845665928014455,0.0026978254318237305,-0.030708909034729004,-0.04628543760665593,0.012905478477478027,-0.04940462112426758,-0.06083435770162282,0.016568243503570557,-0.05529826879501343,-0.06890914049037633,0.020120680332183838,-0.053865134716033936,-0.0740337541330689,0.02230316400527954,-0.02085322141647339,-0.04172284733542142,0.04328030347824097,-0.05878180265426636,-0.05603118818291364,0.06348162889480591,-0.08380115032196045,-0.06458646263965306,0.08110475540161133,-0.10200637578964233,-0.07156978752502141,0.03570133447647095,-0.01811140775680542,-0.03667140584477124,0.053754329681396484,-0.05575484037399292,-0.048856636695944644,0.0699920654296875,-0.07836109399795532,-0.05623296480663953,0.08428823947906494,-0.09498023986816406,-0.06147031318434415,0.044069111347198486,-0.022311508655548096,-0.032627435587727405,0.058046579360961914,-0.05221444368362427,-0.04114471580871282,0.06956690549850464,-0.07086879014968872,-0.044438416324936725,0.08031272888183594,-0.08371204137802124,-0.047079613618933536
0.0,0.0,0.0,-0.019606471061706543,-0.02612137794494629,-0.029442380289395942,-0.028647303581237793,-0.05069732666015625,-0.050552201564272536,-0.032961130142211914,-0.07071167230606079,-0.06625758215304245,-0.039061665534973145,-0.0876840353012085,-0.0823847736370169,0.0069411396980285645,-0.035198211669921875,-0.055704490388592376,0.02954554557800293,-0.05275857448577881,-0.07320954754467834,0.048292458057403564,-0.06328952312469482,-0.0838787044536673,0.0632736086845398,-0.06947129964828491,-0.09048665418740143,0.022732257843017578,-0.026330769062042236,-0.04704088448997368,0.04531729221343994,-0.05621069669723511,-0.0634726147305571,0.06428790092468262,-0.07621979713439941,-0.07239540025111069,0.08154439926147461,-0.09111398458480835,-0.07882937892790665,0.03338414430618286,-0.022715210914611816,-0.03842257067080368,0.05229651927947998,-0.05407834053039551,-0.051209301794727935,0.06799530982971191,-0.0737009048461914,-0.05751498892422546,0.08234065771102905,-0.08837783336639404,-0.061772600854595794,0.04004561901092529,-0.026555776596069336,-0.03145787223692764,0.05405193567276001,-0.05179643630981445,-0.04128789633031715,0.0645526647567749,-0.06860184669494629,-0.04566674038287033,0.07480525970458984,-0.08085888624191284,-0.04863321139927734
0.0,0.0,0.0,-0.008340120315551758,-0.01615673303604126,-0.02458142805036756,-0.007907509803771973,-0.03594428300857544,-0.043164055227606024,0.00018733739852905273,-0.054669082164764404,-0.056401460795967306,0.006760954856872559,-0.07094216346740723,-0.06982563751873228,0.007837295532226562,-0.02024233341217041,-0.05624687242445203,0.031507790088653564,-0.052503347396850586,-0.07565451729234907,0.04592764377593994,-0.0716177225112915,-0.08553866612848493,0.05833810567855835,-0.08603492379188538,-0.09140909779009077,0.02431124448776245,-0.014063596725463867,-0.05036391261157247,0.046455323696136475,-0.06181073188781738,-0.06821902412113401,0.05610579252243042,-0.08748593926429749,-0.07429793047842237,0.0641169548034668,-0.10695797204971313,-0.07830640989479276,0.038183510303497314,-0.0145416259765625,-0.0442421616905615,0.05512893199920654,-0.06278210878372192,-0.05866878423032018,0.06275755167007446,-0.08836433291435242,-0.06066683250602933,0.06908249855041504,-0.10789340734481812,-0.06168426516589376,0.04892909526824951,-0.01916635036468506,-0.03935205507215711,0.05885201692581177,-0.057391583919525146,-0.04993601831731054,0.06199812889099121,-0.07957485318183899,-0.051243274837105,0.06390035152435303,-0.096428781747818,-0.05155938434538099
0.0,0.0,0.0,-0.022210657596588135,-0.02932870388031006,-0.018801991877346325,-0.034695178270339966,-0.05694174766540527,-0.03518062369266062,-0.04480111598968506,-0.08065140247344971,-0.047781868887334156,-0.0588020384311676,-0.09685716032981873,-0.060599154842286396,-0.013401806354522705,-0.02320641279220581,-0.047239362311749744,-0.006341218948364258,-0.04051637649536133,-0.06080439226069956,-0.002611398696899414,-0.05285525321960449,-0.06755874962845354,0.003368675708770752,-0.0633765459060669,-0.07182184518614321,0.013061285018920898,-0.010549783706665039,-0.045550069821267414,0.043675780296325684,-0.044853389263153076,-0.05696256370583086,0.06270116567611694,-0.06937110424041748,-0.061256299776225376,0.08028215169906616,-0.09009498357772827,-0.0650593257073453,0.03250700235366821,-0.008901238441467285,-0.042898303878693866,0.054188430309295654,-0.05553162097930908,-0.055243953180699634,0.06588131189346313,-0.08260408043861389,-0.061263638598113346,0.07716155052185059,-0.10544934868812561,-0.06488474370279818,0.04514420032501221,-0.015002071857452393,-0.040635093164830494,0.05862313508987427,-0.0572819709777832,-0.048765431207804966,0.06074041128158569,-0.08328777551651001,-0.049146874857335376,0.06152963638305664,-0.10502797365188599,-0.04954962344208269
0.0,0.0,0.0,-0.007581233978271484,-0.007354378700256348,-0.025467756960622978,-0.008309721946716309,-0.02067399024963379,-0.04214222525440903,-0.005380451679229736,-0.03630363941192627,-0.05388578941308708,0.0012245774269104004,-0.048265159130096436,-0.0651213096567318,0.021644294261932373,-0.021502673625946045,-0.04313535412036629,0.041023969650268555,-0.042055487632751465,-0.05946728755914421,0.05226147174835205,-0.06043064594268799,-0.0698769407459423,0.06016939878463745,-0.07696688175201416,-0.07615550776206703,0.03489089012145996,-0.02807140350341797,-0.035902472037903976,0.05887269973754883,-0.05538457632064819,-0.0491516495236084,0.07468193769454956,-0.07552343606948853,-0.05570786615096779,0.08597958087921143,-0.09412643313407898,-0.06009205972038956,0.0429692268371582,-0.03597235679626465,-0.029456998977892113,0.06314128637313843,-0.06345802545547485,-0.04059550707422943,0.07567226886749268,-0.08118703961372375,-0.044940521765582275,0.08454513549804688,-0.09737858176231384,-0.04758412932240219,0.04580765962600708,-0.04588353633880615,-0.024626128200523567,0.0560494065284729,-0.06684261560440063,-0.03336858173095436,0.06094801425933838,-0.08142438530921936,-0.03582888637863846,0.06325191259384155,-0.09350153803825378,-0.03695935924731941
0.0,0.0,0.0,-0.011484086513519287,-0.01929306983947754,-0.03205279014194673,-0.007201671600341797,-0.03772425651550293,-0.05312139294231599,0.006203353404998779,-0.0507969856262207,-0.06651697433674997,0.015565574169158936,-0.06183403730392456,-0.07941620177710718,0.00961369276046753,-0.020732462406158447,-0.06830641753161615,0.04017937183380127,-0.049640536308288574,-0.08881564564192956,0.05799382925033569,-0.06864750385284424,-0.09860159582579797,0.07299429178237915,-0.08481627702713013,-0.1042366338440246,0.029278457164764404,-0.0151253342628479,-0.05752906329119867,0.05470883846282959,-0.05437582731246948,-0.07736181593621438,0.06935501098632812,-0.07991641759872437,-0.08367925263131326,0.07992708683013916,-0.1005229651927948,-0.08709660298312372,0.04447782039642334,-0.016613364219665527,-0.0463728693791694,0.06269621849060059,-0.0635189414024353,-0.061872472382432875,0.07079124450683594,-0.09120017290115356,-0.064807915455944,0.07527518272399902,-0.11055898666381836,-0.06577144689047998,0.054788053035736084,-0.02475184202194214,-0.036850744254238066,0.06536048650741577,-0.06421685218811035,-0.04821419841731256,0.06844502687454224,-0.08736920356750488,-0.05073202154720491,0.06905215978622437,-0.1024165153503418,-0.05148800215805238
0.0,0.0,0.0,0.010710656642913818,-0.02706688642501831,-0.003246574638872346,0.028566420078277588,-0.054380714893341064,-0.00630877606989344,0.03856539726257324,-0.07717770338058472,-0.009142350614531836,0.04257702827453613,-0.09620356559753418,-0.012159884185059866,0.034287452697753906,-0.04070389270782471,-0.011020728596015772,0.047060370445251465,-0.06432539224624634,-0.019552165851457914,0.055239737033843994,-0.08244171738624573,-0.02562316341744264,0.06191682815551758,-0.09822255373001099,-0.02951650528655847,0.03770029544830322,-0.03533530235290527,-0.013957726046903929,0.05823063850402832,-0.06473314762115479,-0.0215377791081508,0.07231301069259644,-0.08705225586891174,-0.02576630955980619,0.08407706022262573,-0.10596013069152832,-0.028568482235534987,0.03776347637176514,-0.03214526176452637,-0.017051708162291845,0.057054758071899414,-0.06301212310791016,-0.024894049600227675,0.06952142715454102,-0.08288422226905823,-0.02836861109779676,0.0798025131225586,-0.10024619102478027,-0.03012573926196893,0.034016966819763184,-0.031090378761291504,-0.020080795720680555,0.044487714767456055,-0.05370688438415527,-0.026653548911674818,0.05161714553833008,-0.06911647319793701,-0.028539739758237204,0.05752873420715332,-0.08258068561553955,-0.029432587534650168
0.0,0.0,0.0,-0.01915687322616577,-0.029460251331329346,-0.01935346212319189,-0.029112279415130615,-0.058070480823516846,-0.03727452058426195,-0.03766953945159912,-0.08147144317626953,-0.05117045689455324,-0.05148085951805115,-0.09940904378890991,-0.06561347071162515,-0.012320101261138916,-0.026883184909820557,-0.05175227645865732,-0.006791055202484131,-0.04329419136047363,-0.06784085158339792,-0.00035458803176879883,-0.055062055587768555,-0.07618010018101984,0.007577836513519287,-0.0632510781288147,-0.08108918342820459,0.01261889934539795,-0.009791851043701172,-0.05014251519075685,0.041582584381103516,-0.051933228969573975,-0.06370075766078287,0.06370621919631958,-0.08360391855239868,-0.06943232540122324,0.08317774534225464,-0.10853156447410583,-0.07428306315175348,0.032655179500579834,-0.004552125930786133,-0.047397888936913546,0.05575329065322876,-0.05449354648590088,-0.06076036740175539,0.07121783494949341,-0.08543151617050171,-0.06723327163687998,0.08426147699356079,-0.11024701595306396,-0.07116577003232294,0.046056270599365234,-0.008571028709411621,-0.04502467785111719,0.05999863147735596,-0.05389523506164551,-0.05416069153777414,0.0649670958518982,-0.0821492075920105,-0.05529751975170427,0.06789988279342651,-0.10432302951812744,-0.056239995845473345
0.0,0.0,0.0,-0.020526617765426636,-0.029435038566589355,-0.014498858844923745,-0.03219175338745117,-0.06030827760696411,-0.029098902961301576,-0.04100671410560608,-0.08424162864685059,-0.04063204782276131,-0.05402618646621704,-0.10273885726928711,-0.05294891553192116,-0.010967135429382324,-0.030323028564453125,-0.04394676270155884,-0.00491565465927124,-0.04554539918899536,-0.05653784530429817,0.0007482767105102539,-0.05741453170776367,-0.06270871045260407,0.009037435054779053,-0.06821149587631226,-0.06654277922778107,0.016682922840118408,-0.01522529125213623,-0.044054989835309755,0.047250449657440186,-0.053552329540252686,-0.05527674885659195,0.0683290958404541,-0.08597350120544434,-0.059895479252624284,0.08637762069702148,-0.11312910914421082,-0.06425744774012543,0.03742855787277222,-0.011921107769012451,-0.042854343673276674,0.06253254413604736,-0.06344789266586304,-0.05570370810298897,0.0767640471458435,-0.09688544273376465,-0.06310502918629624,0.08766955137252808,-0.12416979670524597,-0.06752470614581085,0.0509028434753418,-0.016656875610351562,-0.041468599012183915,0.06639909744262695,-0.06427222490310669,-0.050192532261895906,0.06758344173431396,-0.09288543462753296,-0.05116012053756691,0.06594240665435791,-0.11601102352142334,-0.05211144047050453
0.0,0.0,0.0,-0.01708883047103882,-0.025711655616760254,-0.020463570707335066,-0.02079528570175171,-0.054525554180145264,-0.036037616186632704,-0.018621444702148438,-0.07496297359466553,-0.04703547781039674,-0.02002352476119995,-0.08526110649108887,-0.05800105979372461,-0.012532591819763184,-0.02707773447036743,-0.049257032328142714,-0.0064285993576049805,-0.049340665340423584,-0.06587930744220216,0.0012541413307189941,-0.06490081548690796,-0.07414223974276979,0.009943902492523193,-0.07666760683059692,-0.07875076656867463,0.008723616600036621,-0.01371467113494873,-0.04679923852611978,0.0374106764793396,-0.05514514446258545,-0.062000512831701826,0.059353768825531006,-0.08649694919586182,-0.06732556199361284,0.07764226198196411,-0.11086863279342651,-0.0711175722413202,0.027489304542541504,-0.009163856506347656,-0.044015973561300825,0.0507236123085022,-0.05627739429473877,-0.058971740060343336,0.06825810670852661,-0.08637773990631104,-0.06461275344420869,0.08238750696182251,-0.10960131883621216,-0.06694821243812044,0.041194260120391846,-0.011957108974456787,-0.041803475224270414,0.05731076002120972,-0.05371791124343872,-0.05193281894256074,0.06612062454223633,-0.07918018102645874,-0.05350402345587213,0.07215577363967896,-0.09863516688346863,-0.05416332160760362
0.0,0.0,0.0,-0.023122459650039673,-0.02990013360977173,-0.018407830468945008,-0.03405117988586426,-0.061666131019592285,-0.032632316894464,-0.04086223244667053,-0.08710664510726929,-0.042276795453958016,-0.050158560276031494,-0.10825163125991821,-0.05194288442247341,-0.011528551578521729,-0.03411877155303955,-0.047609235591821175,-0.0015033483505249023,-0.05117887258529663,-0.06100629592650364,0.004158437252044678,-0.06517601013183594,-0.06636356139891575,0.011187434196472168,-0.07780742645263672,-0.06926105494015644,0.01805257797241211,-0.019901812076568604,-0.04503861019723843,0.050591886043548584,-0.05483895540237427,-0.05847242052071522,0.07133626937866211,-0.08568888902664185,-0.06195309335701893,0.0888170599937439,-0.11169111728668213,-0.06433855319731663,0.038507044315338135,-0.017701804637908936,-0.0416948194276614,0.06480789184570312,-0.06591159105300903,-0.05757424930446575,0.07810741662979126,-0.10002872347831726,-0.06422967786305378,0.08732134103775024,-0.12709760665893555,-0.06667884761803577,0.0505257248878479,-0.023794233798980713,-0.03825464049690197,0.06253945827484131,-0.07147210836410522,-0.05009350130670498,0.059223949909210205,-0.10118603706359863,-0.052262391395501595,0.05203866958618164,-0.12437379360198975,-0.05279186318033169
0.0,0.0,0.0,-0.02126455307006836,-0.03237050771713257,-0.017723057616635174,-0.03216660022735596,-0.059189438819885254,-0.03388842215029797,-0.04106396436691284,-0.08196032047271729,-0.04659526442377171,-0.05607050657272339,-0.10047444701194763,-0.05999266748516163,-0.01457887887954712,-0.023148298263549805,-0.045117259223147244,-0.011883020401000977,-0.03979182243347168,-0.058823984313889355,-0.005441248416900635,-0.053393661975860596,-0.06641739254085621,0.0038450956344604492,-0.06387847661972046,-0.07139091585962376,0.011180102825164795,-0.006498515605926514,-0.04449216296164593,0.03854215145111084,-0.047361552715301514,-0.055985726613684506,0.05969613790512085,-0.07933783531188965,-0.061209995497151226,0.07796525955200195,-0.10566270351409912,-0.06604546700803837,0.03131461143493652,-0.0010759234428405762,-0.04295828958241543,0.052831172943115234,-0.05114084482192993,-0.055183384765072674,0.06952106952667236,-0.08163845539093018,-0.06163243224112591,0.08370798826217651,-0.10709971189498901,-0.06573154424516758,0.04463386535644531,-0.004844546318054199,-0.04181724806515774,0.05989730358123779,-0.05082446336746216,-0.05067211781828007,0.06659799814224243,-0.07821613550186157,-0.051596164900942654,0.07061290740966797,-0.1010933518409729,-0.05247203652946553
0.0,0.0,0.0,-0.020061731338500977,-0.021883606910705566,-0.023601684475927698,-0.030980050563812256,-0.050639450550079346,-0.04254323406019722,-0.037720322608947754,-0.07736772298812866,-0.05632739676037346,-0.04597139358520508,-0.09693315625190735,-0.07031082151332413,-0.009245455265045166,-0.027338147163391113,-0.05750867513814484,-0.0031332969665527344,-0.04891711473464966,-0.07538395909467255,0.002546370029449463,-0.0631374716758728,-0.08492108223834549,0.010055243968963623,-0.07359087467193604,-0.09085008291402374,0.013949751853942871,-0.017746925354003906,-0.05319840622940575,0.03875011205673218,-0.05436098575592041,-0.06815904913344895,0.05725330114364624,-0.08282482624053955,-0.07432623742023026,0.07308340072631836,-0.10607904195785522,-0.07967791495719467,0.03262978792190552,-0.018069088459014893,-0.048153327534585344,0.05275750160217285,-0.062383174896240234,-0.061921043078093874,0.06834244728088379,-0.09062391519546509,-0.06881933448710953,0.08090031147003174,-0.11384373903274536,-0.07361862597861801,0.044663071632385254,-0.024822473526000977,-0.043886581192403185,0.057136595249176025,-0.0646776556968689,-0.053942484537749635,0.06339353322982788,-0.09115946292877197,-0.056867765019326555,0.06658488512039185,-0.11234036087989807,-0.059209843854098665
0.0,0.0,0.0,-0.017939090728759766,-0.022911489009857178,-0.01834974440263437,-0.02683734893798828,-0.052758872509002686,-0.03451469170378374,-0.03559577465057373,-0.08072918653488159,-0.047222003363835086,-0.04708153009414673,-0.10107406973838806,-0.06033343079017328,-0.007504761219024658,-0.02913588285446167,-0.04576524349378275,-0.004583895206451416,-0.0451657772064209,-0.061315216147171725,0.0005294084548950195,-0.05722451210021973,-0.07047860326694178,0.007190883159637451,-0.06891310214996338,-0.07624535264896082,0.013507544994354248,-0.019155144691467285,-0.04465495797322916,0.035993218421936035,-0.056454598903656006,-0.0575146302811973,0.05523043870925903,-0.08496445417404175,-0.06368802490161585,0.07190680503845215,-0.10819771885871887,-0.06925391408132242,0.030106961727142334,-0.017372488975524902,-0.043053839378821124,0.05015003681182861,-0.05976682901382446,-0.055231101834046115,0.06627792119979858,-0.08688956499099731,-0.062085490696894396,0.08051663637161255,-0.1098167896270752,-0.06677579137014078,0.04078859090805054,-0.02270674705505371,-0.04203235360311197,0.05466264486312866,-0.05887717008590698,-0.0509661920599811,0.0642736554145813,-0.08253282308578491,-0.05368699880765604,0.07192063331604004,-0.10106530785560608,-0.05596273767279314
0.0,0.0,0.0,-0.019425928592681885,-0.021553754806518555,-0.02605971948216279,-0.02722179889678955,-0.05212664604187012,-0.04658732258687337,-0.03147733211517334,-0.07910686731338501,-0.06111572005758603,-0.03748789429664612,-0.09982767701148987,-0.0754421173871549,-0.008155405521392822,-0.02696669101715088,-0.061801508748629885,0.001807093620300293,-0.0452120304107666,-0.08130283349166234,0.01227569580078125,-0.05800551176071167,-0.09141462736735662,0.022402703762054443,-0.06926083564758301,-0.0972040339649709,0.012830674648284912,-0.019505798816680908,-0.0566222041190656,0.04047638177871704,-0.058891355991363525,-0.07384280555854161,0.060468852519989014,-0.0887460708618164,-0.07984937422881444,0.0763016939163208,-0.11244341731071472,-0.08414632522473653,0.029594004154205322,-0.020111799240112305,-0.050884716892340975,0.05158621072769165,-0.06559067964553833,-0.06656402044902165,0.06684273481369019,-0.094654381275177,-0.07221836292157491,0.07876008749008179,-0.11750185489654541,-0.07507332109818776,0.04044389724731445,-0.027039825916290283,-0.04606501453528722,0.053730010986328125,-0.06640094518661499,-0.0572550825120004,0.060880422592163086,-0.09167671203613281,-0.05996450477252324,0.06524276733398438,-0.11121708154678345,-0.06153776192078908
0.0,0.0,0.0,0.029504328966140747,-0.04323911666870117,-0.021327419257445968,0.06091776490211487,-0.07814109325408936,-0.039194354838414824,0.07957896590232849,-0.11083823442459106,-0.054481891966148055,0.1016867458820343,-0.14245957136154175,-0.07274902430800978,0.046847909688949585,-0.02494436502456665,-0.0654429328206021,0.05783167481422424,-0.05383938550949097,-0.09213352022199217,0.061853617429733276,-0.07095164060592651,-0.11066895542172972,0.07116743922233582,-0.08771771192550659,-0.1259578075769383,0.028281360864639282,0.0006417632102966309,-0.07237722543506209,0.04409405589103699,-0.03015989065170288,-0.10173415211467329,0.05350598692893982,-0.05150550603866577,-0.12122612265376631,0.06550267338752747,-0.07257711887359619,-0.13936924008159224,0.006041765213012695,0.02148526906967163,-0.0788534489038426,0.014028221368789673,-0.003931999206542969,-0.11390873608617369,0.024724334478378296,-0.023200929164886475,-0.13748393026618544,0.03586897253990173,-0.04353439807891846,-0.15626863209037367,-0.020117133855819702,0.03736966848373413,-0.08490016130237166,-0.039132386445999146,0.03101956844329834,-0.12147045699386183,-0.04343980550765991,0.019814729690551758,-0.1423152145507771,-0.04295036196708679,0.004359304904937744,-0.15927082864074293
0.0,0.0,0.0,0.0018697679042816162,0.011929214000701904,-0.037966358104334574,0.008906394243240356,0.006353497505187988,-0.06375370789466928,0.010328471660614014,-0.013896703720092773,-0.08426178116499017,0.013133883476257324,-0.04440504312515259,-0.10671969372926782,0.07026362419128418,-0.0275191068649292,-0.06381725389658044,0.09301537275314331,-0.06361085176467896,-0.0918511511772735,0.10590410232543945,-0.08476144075393677,-0.11254663635192941,0.12109661102294922,-0.10375577211380005,-0.12782375384269784,0.08065378665924072,-0.04326587915420532,-0.059683101811991435,0.10838383436203003,-0.0910872220993042,-0.08551756907402108,0.1195184588432312,-0.11919295787811279,-0.10439498592315744,0.13100391626358032,-0.14474844932556152,-0.11823243517576287,0.07569557428359985,-0.054750680923461914,-0.057106396743641596,0.09493207931518555,-0.1077616810798645,-0.08403535802064965,0.10630029439926147,-0.13835662603378296,-0.1053842293113334,0.11597400903701782,-0.1666068434715271,-0.12047241497932504,0.060253143310546875,-0.059562742710113525,-0.056402026304589015,0.05041196942329407,-0.0869908332824707,-0.08229152728019784,0.04328623414039612,-0.10493886470794678,-0.09736559409795831,0.03602978587150574,-0.12504476308822632,-0.10782025624214242
0.0,0.0,0.0,-0.002072274684906006,-0.014163851737976074,-0.033912775268973405,-0.0008624792098999023,-0.02828514575958252,-0.06113505100292116,-3.88026237487793e-05,-0.04717618227005005,-0.08424011727255731,0.005907237529754639,-0.07287901639938354,-0.108979971310319,0.06309324502944946,-0.04405325651168823,-0.06312129755896478,0.0841568112373352,-0.08921366930007935,-0.0929480876533404,0.09374141693115234,-0.1161302924156189,-0.11470730712098032,0.10339254140853882,-0.13874459266662598,-0.12945622315091043,0.07148897647857666,-0.05484801530838013,-0.06218941246551424,0.10098111629486084,-0.10534197092056274,-0.08892522861641794,0.11941832304000854,-0.1422216296195984,-0.10644663979691416,0.13640791177749634,-0.176410973072052,-0.11853209992331415,0.06408417224884033,-0.060161292552948,-0.06276345362347513,0.08556002378463745,-0.10405838489532471,-0.08939757307452112,0.09969449043273926,-0.13004493713378906,-0.10666188707035928,0.11403173208236694,-0.15508055686950684,-0.11825955768507868,0.04770556092262268,-0.05992633104324341,-0.06498918046635538,0.041886985301971436,-0.08976137638092041,-0.09082827081364542,0.037328630685806274,-0.10788697004318237,-0.10209506114405542,0.03262370824813843,-0.1259537935256958,-0.10867907961291223
0.0,0.0,0.0,-0.033371418714523315,-0.02458292245864868,-0.05758782622244496,-0.04922682046890259,-0.054148972034454346,-0.09757434350278515,-0.06309676170349121,-0.07722193002700806,-0.12636337947871823,-0.0850757360458374,-0.09737145900726318,-0.15560719144370694,0.010207921266555786,-0.02254807949066162,-0.11139295768764157,0.014330267906188965,-0.059421420097351074,-0.14724732708957333,0.015030711889266968,-0.08607780933380127,-0.1700038291218533,0.022083282470703125,-0.10761350393295288,-0.1853079177143826,0.04781782627105713,-0.03962439298629761,-0.0957019902470364,0.08085519075393677,-0.08763980865478516,-0.12493412715222973,0.1030728816986084,-0.13046467304229736,-0.13903704059150357,0.12466847896575928,-0.16669249534606934,-0.15100577247169156,0.07020807266235352,-0.06391990184783936,-0.08021188300874371,0.0984145998954773,-0.12151920795440674,-0.105793630302216,0.11329919099807739,-0.15936660766601562,-0.11876762431886334,0.128420889377594,-0.18905168771743774,-0.1284020967486157,0.08003026247024536,-0.09303545951843262,-0.0680654324295773,0.0944625735282898,-0.13994359970092773,-0.08617459756162305,0.09783703088760376,-0.17343443632125854,-0.09239620488908429,0.10050702095031738,-0.19838827848434448,-0.0977687366011395
0.0,0.0,0.0,0.004877835512161255,-0.032092154026031494,-0.029800887851838098,0.011788666248321533,-0.06716746091842651,-0.0583927069593706,0.00029781460762023926,-0.09897065162658691,-0.08424675062191866,-0.011766195297241211,-0.13416540622711182,-0.11307145997774981,0.07216104865074158,-0.034849464893341064,-0.06746723100436114,0.08933395147323608,-0.10014986991882324,-0.10176323696864031,0.08507561683654785,-0.14287805557250977,-0.12750053003323458,0.08042114973068237,-0.1779632568359375,-0.14461521401894473,0.07836580276489258,-0.029703497886657715,-0.0706348602463045,0.10790210962295532,-0.08351898193359375,-0.09889057621252917,0.12612318992614746,-0.11965930461883545,-0.11795433953297518,0.14379781484603882,-0.15055006742477417,-0.1334550340462961,0.06910958886146545,-0.029729366302490234,-0.07515395775330447,0.09470778703689575,-0.07813012599945068,-0.1043202240754404,0.11304622888565063,-0.11224156618118286,-0.12521573498738192,0.13218873739242554,-0.14226657152175903,-0.14087672129166506,0.05115345120429993,-0.03164029121398926,-0.08076487824213885,0.052122294902801514,-0.06176412105560303,-0.10938716277373217,0.05038800835609436,-0.08688730001449585,-0.12285144969714068,0.050153136253356934,-0.11301863193511963,-0.13250022724163912
0.0,0.0,0.0,-0.03530985116958618,-0.020031630992889404,-0.058022632698431664,-0.055403292179107666,-0.04955101013183594,-0.10245948235215252,-0.06877899169921875,-0.07630652189254761,-0.13599898616494244,-0.08300906419754028,-0.10251754522323608,-0.1701700160902888,0.00033229589462280273,-0.006605088710784912,-0.12204776654662197,0.004861712455749512,-0.040776073932647705,-0.16338989834012096,0.0077419281005859375,-0.06767851114273071,-0.18793570200623577,0.017254412174224854,-0.09200555086135864,-0.20423290828885143,0.03697583079338074,-0.02712845802307129,-0.10960832188548153,0.06813687086105347,-0.07205146551132202,-0.14609617690266674,0.08822840452194214,-0.11073023080825806,-0.1623945901793391,0.10803824663162231,-0.1421419382095337,-0.17545283536137646,0.062489211559295654,-0.05523890256881714,-0.09722983787478512,0.09534710645675659,-0.113644540309906,-0.13073001007260387,0.11435931921005249,-0.15529882907867432,-0.14552525381268566,0.13335251808166504,-0.18773263692855835,-0.15586172739686077,0.07722949981689453,-0.08527767658233643,-0.0876851374906451,0.0963284969329834,-0.13550150394439697,-0.11239692519129818,0.10253530740737915,-0.17033708095550537,-0.12078928897799557,0.10744816064834595,-0.19735944271087646,-0.12739973465622967
0.0,0.0,0.0,-0.029583245515823364,-0.026299357414245605,-0.06532983608136078,-0.04222521185874939,-0.05648070573806763,-0.10806732751021286,-0.04965546727180481,-0.08757191896438599,-0.13802524037251374,-0.062475353479385376,-0.12211090326309204,-0.1689231855381479,0.034573882818222046,-0.031149566173553467,-0.11826295531878372,0.06743821501731873,-0.0773894190788269,-0.15176732964405915,0.09027335047721863,-0.11135846376419067,-0.17159067220578095,0.11241677403450012,-0.143316388130188,-0.18557332582363983,0.06725326180458069,-0.04737424850463867,-0.09823166705260178,0.10286930203437805,-0.10455471277236938,-0.12968929238209626,0.1277247965335846,-0.1494387984275818,-0.14445139593968293,0.14830288290977478,-0.18965405225753784,-0.15569675094971558,0.0830051600933075,-0.07026994228363037,-0.07857019580492874,0.11374035477638245,-0.13685154914855957,-0.10659936941752335,0.12914320826530457,-0.18022000789642334,-0.12011713660845658,0.1413041055202484,-0.21411627531051636,-0.12972024209389588,0.08726611733436584,-0.09595614671707153,-0.06285283095726868,0.09660914540290833,-0.15140026807785034,-0.08828980601916214,0.09227803349494934,-0.18769115209579468,-0.09873505808005234,0.08586189150810242,-0.21546709537506104,-0.10543081290612122
0.0,0.0,0.0,-0.03957480192184448,-0.033510804176330566,-0.06544450626026332,-0.05641281604766846,-0.07019674777984619,-0.11165052607904613,-0.06434142589569092,-0.09762442111968994,-0.14368303075681865,-0.07921430468559265,-0.12540489435195923,-0.17581425562750042,0.0019609928131103516,-0.02534174919128418,-0.13664478019128978,0.006427645683288574,-0.06872493028640747,-0.17734749570738018,0.010219871997833252,-0.09515523910522461,-0.1993523384655589,0.022381603717803955,-0.11695325374603271,-0.214577927740919,0.04490751028060913,-0.03670847415924072,-0.11859532401214778,0.08024793863296509,-0.10140705108642578,-0.15958364263426006,0.10688638687133789,-0.15113699436187744,-0.1778010870541209,0.13319331407546997,-0.19091898202896118,-0.19188900247465313,0.07150000333786011,-0.058830082416534424,-0.09917934939514339,0.10028445720672607,-0.1359478235244751,-0.13429810062299907,0.11325126886367798,-0.18092888593673706,-0.1474067564333552,0.12830960750579834,-0.21409618854522705,-0.15626640573393047,0.08550786972045898,-0.08561950922012329,-0.08293531790624797,0.09456497430801392,-0.14715135097503662,-0.10932017073284328,0.08865350484848022,-0.18225514888763428,-0.11712881133209407,0.0849880576133728,-0.20733386278152466,-0.1226153816307658
0.0,0.0,0.0,-0.04321610927581787,-0.04305785894393921,-0.05986208678112348,-0.06197097897529602,-0.08369725942611694,-0.10260352329240163,-0.07078298926353455,-0.11476629972457886,-0.1321734322689565,-0.08820149302482605,-0.1432439684867859,-0.1618452502869161,-0.002807021141052246,-0.04574614763259888,-0.1261193139933141,0.0014069974422454834,-0.08020079135894775,-0.1624725444696935,0.011436223983764648,-0.09969848394393921,-0.18209113017545064,0.030121177434921265,-0.11934125423431396,-0.19587324396596273,0.041871726512908936,-0.04946225881576538,-0.10950585291610082,0.07594987750053406,-0.1060565710067749,-0.1432842595957311,0.10191711783409119,-0.1538352370262146,-0.15820485190377553,0.12685474753379822,-0.19576966762542725,-0.17042025760636648,0.07036325335502625,-0.065127432346344,-0.09171774075255712,0.09468218684196472,-0.14259779453277588,-0.12139110849128087,0.10696855187416077,-0.19407647848129272,-0.1357587708614858,0.1199900209903717,-0.23695796728134155,-0.14610703126416524,0.08449116349220276,-0.08773154020309448,-0.07680997834430059,0.09278079867362976,-0.15377914905548096,-0.09888123557792028,0.08722063899040222,-0.196416437625885,-0.10739283100591024,0.08256885409355164,-0.23005354404449463,-0.11414278880582174
0.0,0.0,0.0,-0.01555594801902771,-0.004470407962799072,-0.05430312070901877,-0.013330787420272827,-0.02502363920211792,-0.08887115109618193,-0.004667788743972778,-0.05838865041732788,-0.11355750251467711,0.01236867904663086,-0.09270632266998291,-0.13865527499373442,0.05591893196105957,-0.015184760093688965,-0.09061420697625167,0.08194732666015625,-0.07801038026809692,-0.1256909071272183,0.09358364343643188,-0.11954265832901001,-0.14920385170634276,0.10338950157165527,-0.15556037425994873,-0.16449213016684539,0.07568228244781494,-0.03567385673522949,-0.07673024374897963,0.10349971055984497,-0.10161083936691284,-0.10792452830727584,0.12532806396484375,-0.14507633447647095,-0.12607178080733306,0.14511710405349731,-0.1860937476158142,-0.13935089100058562,0.08237957954406738,-0.05888020992279053,-0.06490708131249434,0.10839802026748657,-0.12197250127792358,-0.09265818435605055,0.12660324573516846,-0.1582358479499817,-0.10683414328749663,0.14363723993301392,-0.18899255990982056,-0.11687490332777983,0.0798494815826416,-0.08217549324035645,-0.056385427600698534,0.08583885431289673,-0.13275021314620972,-0.08221735048945433,0.08492612838745117,-0.16432833671569824,-0.09277883905823714,0.08222675323486328,-0.19132685661315918,-0.0990568472808171
0.0,0.0,0.0,-0.0383506715297699,-0.032121121883392334,-0.051964004397717645,-0.05958893895149231,-0.0712895393371582,-0.09220989501508825,-0.06688445806503296,-0.10533779859542847,-0.11981516784462087,-0.0764763355255127,-0.1351802945137024,-0.14669587916168325,-0.005704641342163086,-0.03911781311035156,-0.11876957571539037,0.004197925329208374,-0.06573832035064697,-0.15552489167484396,0.015273809432983398,-0.09561753273010254,-0.17513079649242513,0.029385894536972046,-0.12277728319168091,-0.1870710075500881,0.036200106143951416,-0.029596269130706787,-0.10349257743391149,0.06945103406906128,-0.09564471244812012,-0.1385841340425884,0.09184107184410095,-0.15284276008605957,-0.15097462838920706,0.1117420494556427,-0.19949811697006226,-0.1595417529943859,0.06287369132041931,-0.035191118717193604,-0.08648625469240301,0.08220997452735901,-0.11976438760757446,-0.11622591769727819,0.09314337372779846,-0.17464131116867065,-0.12442028975519293,0.10130617022514343,-0.21654236316680908,-0.12788378900322073,0.07551923394203186,-0.05394542217254639,-0.07139929837020986,0.08352163434028625,-0.1310415267944336,-0.09258890605005377,0.08323875069618225,-0.18002557754516602,-0.09713565266164892,0.08221986889839172,-0.2172607183456421,-0.09893747872146719
0.0,0.0,0.0,-0.03305619955062866,-0.04517894983291626,-0.062431423797292496,-0.05012655258178711,-0.08666837215423584,-0.11191927535740831,-0.05540066957473755,-0.11001014709472656,-0.14683584017960527,-0.06210803985595703,-0.14083808660507202,-0.18224386019913652,0.0025162696838378906,-0.044049978256225586,-0.15310268743245103,0.014058411121368408,-0.08263635635375977,-0.1973787014028261,0.02463388442993164,-0.1101941466331482,-0.21780354423729875,0.041099727153778076,-0.1326351761817932,-0.2314399097701738,0.044625818729400635,-0.03806966543197632,-0.13520837469307878,0.07674431800842285,-0.12565362453460693,-0.18745525820462206,0.09670156240463257,-0.193029522895813,-0.21044275803772905,0.11641848087310791,-0.24454283714294434,-0.2270401035091112,0.07214707136154175,-0.044551968574523926,-0.11328690393177965,0.09314316511154175,-0.1394108533859253,-0.1532076214095781,0.10524016618728638,-0.2045305371284485,-0.16855367167202928,0.1159091591835022,-0.2516564130783081,-0.17872803552357652,0.08725988864898682,-0.05904883146286011,-0.09336950524060228,0.09756207466125488,-0.13638454675674438,-0.11939813835827806,0.09813582897186279,-0.18667256832122803,-0.12980218870846727,0.10021233558654785,-0.22402149438858032,-0.13792822404114702
0.0,0.0,0.0,-0.042957425117492676,-0.03455275297164917,-0.029363125764277243,-0.0624825656414032,-0.08770066499710083,-0.05038384182050493,-0.06778717041015625,-0.12834769487380981,-0.06241249872043397,-0.07700031995773315,-0.160688579082489,-0.07390951944186952,-0.01622796058654785,-0.05397003889083862,-0.08015289736583497,-0.0007367730140686035,-0.10243213176727295,-0.10258316082551744,0.005936741828918457,-0.13413530588150024,-0.11109438372447755,0.014783233404159546,-0.16758489608764648,-0.11566262526109483,0.029833823442459106,-0.04719811677932739,-0.07332047653987672,0.06801649928092957,-0.1329338550567627,-0.09821770174100664,0.08943721652030945,-0.18963885307312012,-0.10560005737140443,0.1093728244304657,-0.24052709341049194,-0.10992505235269334,0.05960628390312195,-0.056731343269348145,-0.06453156305148866,0.08365556597709656,-0.1479756236076355,-0.09140157533481386,0.09705904126167297,-0.20784467458724976,-0.102547882326391,0.10761931538581848,-0.25744807720184326,-0.1063584892232683,0.07542935013771057,-0.07706707715988159,-0.055135095693614744,0.08048948645591736,-0.15667027235031128,-0.07484417987659242,0.07325777411460876,-0.19700509309768677,-0.07924566251828935,0.06338626146316528,-0.22876417636871338,-0.0805125219900873
0.0,0.0,0.0,-0.04661005735397339,-0.026183009147644043,-0.03506879800144702,-0.06669142842292786,-0.07939672470092773,-0.05834308558289081,-0.07159388065338135,-0.12399172782897949,-0.07143907540623218,-0.08063897490501404,-0.161024808883667,-0.08411918127123386,-0.02199491858482361,-0.03919881582260132,-0.09074107104126483,-0.0069468021392822266,-0.09210425615310669,-0.11549689912382632,0.0014702379703521729,-0.12722903490066528,-0.12382120930735141,0.010583817958831787,-0.16204631328582764,-0.12812912755791217,0.026611000299453735,-0.04065251350402832,-0.08198379271809131,0.06466013193130493,-0.12463778257369995,-0.10831935250345737,0.08578675985336304,-0.1829116940498352,-0.11527424597326785,0.10427886247634888,-0.23604029417037964,-0.11956010305468112,0.05604052543640137,-0.05634641647338867,-0.07151947462145358,0.07883822917938232,-0.14505624771118164,-0.09923534386936694,0.09150910377502441,-0.20579516887664795,-0.1097451105076459,0.10090094804763794,-0.2581472396850586,-0.11363525980297595,0.06955146789550781,-0.08168250322341919,-0.06090140261832744,0.07502949237823486,-0.15800821781158447,-0.08150967502180606,0.0713534951210022,-0.20312976837158203,-0.0874530106145528,0.06436532735824585,-0.24103373289108276,-0.0904807775575307
0.0,0.0,0.0,-0.03694963455200195,-0.0367809534072876,-0.03290581594848163,-0.05321580171585083,-0.09028947353363037,-0.057120828737254215,-0.05760014057159424,-0.1289750337600708,-0.07230693738603122,-0.07054030895233154,-0.15460556745529175,-0.08709274124049671,-0.009935706853866577,-0.05027288198471069,-0.08580347787284381,0.007223397493362427,-0.0942956805229187,-0.10878500234031208,0.018324613571166992,-0.12608373165130615,-0.116424268890853,0.03090694546699524,-0.15563607215881348,-0.12048074494742878,0.036079466342926025,-0.03793513774871826,-0.07848930250548847,0.07617461681365967,-0.125806987285614,-0.1058773015036536,0.09821218252182007,-0.18289810419082642,-0.11417571346902378,0.11960285902023315,-0.231437087059021,-0.11871954690360553,0.06678661704063416,-0.040590107440948486,-0.06890950243615634,0.09108710289001465,-0.1367710828781128,-0.09795488308810718,0.103565514087677,-0.19886553287506104,-0.10952613394402988,0.11559432744979858,-0.25073230266571045,-0.11367288123511798,0.08216452598571777,-0.055103838443756104,-0.05898646156930454,0.09091037511825562,-0.13925570249557495,-0.07907701175355442,0.08360987901687622,-0.1845816969871521,-0.08330909799479969,0.07622957229614258,-0.2209399938583374,-0.08492757271670826
0.0,0.0,0.0,-0.03670653700828552,-0.03915053606033325,-0.04242247819712475,-0.05319717526435852,-0.08600002527236938,-0.07552166759779766,-0.05987313389778137,-0.12337654829025269,-0.09730703115275219,-0.07411453127861023,-0.15469235181808472,-0.11919107764771297,-0.007245689630508423,-0.04726290702819824,-0.10635928541233852,0.008627921342849731,-0.08700132369995117,-0.13608624517729595,0.021335840225219727,-0.11993449926376343,-0.14905615627577617,0.0360255241394043,-0.15143489837646484,-0.15651490270903423,0.035682231187820435,-0.03139537572860718,-0.0948060053568156,0.07195410132408142,-0.11623191833496094,-0.12746398627569988,0.09362491965293884,-0.17357522249221802,-0.1386927115898402,0.11513850092887878,-0.22276753187179565,-0.1455676603298457,0.06628093123435974,-0.03235858678817749,-0.08061229914238766,0.0886862576007843,-0.127688467502594,-0.11073527961781338,0.10442396998405457,-0.1890469789505005,-0.1215968030672343,0.11880674958229065,-0.23945873975753784,-0.12608321487715557,0.08341476321220398,-0.045819878578186035,-0.06691832572033718,0.0904645025730133,-0.1296243667602539,-0.08719158649256542,0.08436039090156555,-0.17549151182174683,-0.0910492140035899,0.0781615674495697,-0.21081191301345825,-0.09248993277361706
0.0,0.0,0.0,-0.035560816526412964,-0.042467474937438965,-0.03967337771467783,-0.05173918604850769,-0.09108012914657593,-0.07222833945564844,-0.06004750728607178,-0.12787926197052002,-0.09440680309347727,-0.0744411051273346,-0.15839725732803345,-0.11713786139301874,-0.010572463274002075,-0.05381220579147339,-0.10633101775459863,0.006632208824157715,-0.09556949138641357,-0.13544889255575754,0.018851101398468018,-0.12710821628570557,-0.14708808525614359,0.034642428159713745,-0.15798741579055786,-0.15367775126509287,0.032857924699783325,-0.03577911853790283,-0.09707896127514459,0.07195213437080383,-0.12375491857528687,-0.1294239656548939,0.09551796317100525,-0.1829625964164734,-0.14058725997023203,0.12081322073936462,-0.23332864046096802,-0.14758594795279123,0.06546637415885925,-0.03436201810836792,-0.08462351276688196,0.08827248215675354,-0.1325802206993103,-0.11350044324211694,0.10409370064735413,-0.19461661577224731,-0.12415092154554941,0.12111696600914001,-0.24573999643325806,-0.12902725204043008,0.08528873324394226,-0.04651421308517456,-0.07259089960865595,0.09347930550575256,-0.13071370124816895,-0.09087482555918314,0.08816006779670715,-0.17574793100357056,-0.09346321686319925,0.08439269661903381,-0.20956480503082275,-0.0943996803384266
0.0,0.0,0.0,-0.029824942350387573,-0.04058849811553955,-0.04263353618364363,-0.04751655459403992,-0.08561116456985474,-0.07972727614026098,-0.057276755571365356,-0.12181323766708374,-0.10580746727566748,-0.07008132338523865,-0.1563798189163208,-0.1324037228761199,-0.003167569637298584,-0.0485805869102478,-0.11604220318179159,0.01066616177558899,-0.08703005313873291,-0.14874578165392904,0.024293094873428345,-0.11775106191635132,-0.1628704582391265,0.04113975167274475,-0.1449328064918518,-0.17111123251299887,0.03747338056564331,-0.027648746967315674,-0.10532068359236746,0.07186517119407654,-0.12192350625991821,-0.14053464578967123,0.09808239340782166,-0.18541669845581055,-0.15303250300269156,0.12372902035713196,-0.23374509811401367,-0.16140883313994436,0.06835779547691345,-0.021536290645599365,-0.09086418794970541,0.08961090445518494,-0.12344598770141602,-0.11891272562127142,0.10484376549720764,-0.1816340684890747,-0.1263879154859069,0.12039658427238464,-0.2254086136817932,-0.13005392896513968,0.08677342534065247,-0.02872467041015625,-0.07750756936650305,0.09678903222084045,-0.11243695020675659,-0.09544230895619421,0.09901061654090881,-0.1581689715385437,-0.09738998758177786,0.10358145833015442,-0.1909143328666687,-0.09803939508776693
0.0,0.0,0.0,-0.03946682810783386,-0.040859758853912354,-0.045017449766930895,-0.05616044998168945,-0.09142881631851196,-0.08026677241974767,-0.058495521545410156,-0.12861758470535278,-0.10389230272227223,-0.06834182143211365,-0.16035133600234985,-0.12757453939372,-0.007672429084777832,-0.04574459791183472,-0.11409703514033254,0.011791259050369263,-0.08919596672058105,-0.14752929529601033,0.025635480880737305,-0.12194520235061646,-0.1617326202099889,0.04166033864021301,-0.15126776695251465,-0.16990025958472188,0.0378836989402771,-0.0294530987739563,-0.10290051868611272,0.07962524890899658,-0.11873584985733032,-0.13865858933382924,0.10297507047653198,-0.1791912317276001,-0.1509146156018346,0.12565678358078003,-0.22989487648010254,-0.15874930343085225,0.07056903839111328,-0.029375195503234863,-0.08930965384894307,0.0995476245880127,-0.1289445161819458,-0.12169547250920232,0.11517596244812012,-0.1914125680923462,-0.133116594166097,0.12939780950546265,-0.24251961708068848,-0.13812454661780293,0.08922147750854492,-0.04279160499572754,-0.07642791292124684,0.10412657260894775,-0.12646055221557617,-0.09812290093356069,0.1049087643623352,-0.17423415184020996,-0.1033803733294576,0.10610485076904297,-0.21211731433868408,-0.10605990758591588
0.0,0.0,0.0,-0.03604432940483093,-0.044291913509368896,-0.04582993190261675,-0.05372413992881775,-0.09443497657775879,-0.08397694553706003,-0.05891343951225281,-0.13391655683517456,-0.11098231996867014,-0.07034718990325928,-0.16837096214294434,-0.13836936529251886,-0.005787461996078491,-0.04919856786727905,-0.12130927916142298,0.012446850538253784,-0.09465444087982178,-0.15506079669567896,0.025870054960250854,-0.12622010707855225,-0.1677259939489062,0.04161086678504944,-0.15537619590759277,-0.17545327420803858,0.03912508487701416,-0.03079289197921753,-0.11058796818825556,0.07242876291275024,-0.11893045902252197,-0.1487486350116427,0.09257948398590088,-0.17610293626785278,-0.16240921493145777,0.11341983079910278,-0.2231820821762085,-0.17175735409828974,0.07381999492645264,-0.027330338954925537,-0.09660432364317728,0.10314065217971802,-0.12309044599533081,-0.12901086981865717,0.12102174758911133,-0.18718880414962769,-0.14174564059349848,0.1369892954826355,-0.24163836240768433,-0.14910289521786524,0.0960928201675415,-0.0366898775100708,-0.08351791526648356,0.11769914627075195,-0.11568588018417358,-0.10584695513817621,0.1245771050453186,-0.16735243797302246,-0.1132465216097529,0.13062256574630737,-0.21000665426254272,-0.11797682072493387
0.0,0.0,0.0,0.02465498447418213,-0.04686659574508667,-0.013662004641059156,0.049447715282440186,-0.08901536464691162,-0.024034888281288858,0.06645810604095459,-0.12168943881988525,-0.0331583328384788,0.08155834674835205,-0.1530131697654724,-0.043560140563908334,0.053447425365448,-0.055226802825927734,-0.0367414809603126,0.06430548429489136,-0.07523185014724731,-0.05813246665782046,0.07418966293334961,-0.08950543403625488,-0.07413366509861063,0.08413207530975342,-0.10324037075042725,-0.08617650790399622,0.040103137493133545,-0.03223830461502075,-0.041971892847481485,0.04891562461853027,-0.056904613971710205,-0.06438340319580149,0.05710381269454956,-0.07340466976165771,-0.07922279907650065,0.06496542692184448,-0.08858644962310791,-0.09164882524198603,0.02229088544845581,-0.009579658508300781,-0.04743659196681094,0.020845532417297363,-0.02632749080657959,-0.07180695308631968,0.021811485290527344,-0.037834107875823975,-0.0827397189874084,0.023855865001678467,-0.04983711242675781,-0.09033329857772898,0.0016111135482788086,0.008939146995544434,-0.05308640076107096,-0.005195438861846924,0.007750988006591797,-0.07622458858675074,-0.0071623921394348145,0.004867672920227051,-0.08519084079450678,-0.006918847560882568,-8.159875869750977e-05,-0.0913434706468017
0.0,0.0,0.0,0.0020235776901245117,-0.021737992763519287,-0.034249493635201134,0.0033537447452545166,-0.04425919055938721,-0.06777136937429873,-0.005758136510848999,-0.051058828830718994,-0.09857303813745943,-0.019161254167556763,-0.058094561100006104,-0.13174664393713442,0.06986120343208313,-0.07406455278396606,-0.07038648591091601,0.09989193081855774,-0.12099277973175049,-0.10106939986994234,0.11784812808036804,-0.14913493394851685,-0.12230666891386477,0.13513818383216858,-0.1734464168548584,-0.1378463150625464,0.08096691966056824,-0.06774502992630005,-0.07090258762886492,0.12191346287727356,-0.11869555711746216,-0.10285200343182055,0.14844277501106262,-0.1479601263999939,-0.12424209878494707,0.17247840762138367,-0.17421072721481323,-0.13966440573980776,0.08042797446250916,-0.049158573150634766,-0.07225141093780962,0.12050238251686096,-0.0973290205001831,-0.10498733238031832,0.14614346623420715,-0.13015413284301758,-0.1281693817739722,0.16933491826057434,-0.15975892543792725,-0.1437934131984946,0.07173886895179749,-0.02097874879837036,-0.07482701704552142,0.09408476948738098,-0.024942636489868164,-0.10178508029034106,0.10290351510047913,-0.03602510690689087,-0.1164060474996802,0.11080864071846008,-0.04966551065444946,-0.12710697368433443
0.0,0.0,0.0,-0.023108452558517456,-0.00950533151626587,-0.06038838467108576,-0.0343090295791626,-0.02466195821762085,-0.10629656380521624,-0.04398477077484131,-0.04217231273651123,-0.14007750368224947,-0.0563582181930542,-0.06339675188064575,-0.1747061333666977,0.02715688943862915,0.003699064254760742,-0.12468283838140337,0.04702204465866089,-0.005104720592498779,-0.16507393336402743,0.06612038612365723,-0.018921077251434326,-0.18897128319846956,0.08862161636352539,-0.03548365831375122,-0.2055998913060364,0.06065666675567627,-0.02552485466003418,-0.10883078193771212,0.10304766893386841,-0.07302588224411011,-0.14755565142738192,0.13290971517562866,-0.10710513591766357,-0.1670242271434006,0.1589084267616272,-0.13563776016235352,-0.18127827561008303,0.080757737159729,-0.0526462197303772,-0.09234558260547487,0.11478561162948608,-0.10853320360183716,-0.12948066210853426,0.14076977968215942,-0.14879250526428223,-0.15111552393543093,0.16411221027374268,-0.18046647310256958,-0.16540140128242342,0.08756178617477417,-0.0761176347732544,-0.07825494027244417,0.09859222173690796,-0.11895501613616943,-0.10859513497459261,0.09810632467269897,-0.1538788080215454,-0.12430627113687365,0.09780019521713257,-0.18026262521743774,-0.13545996165382235
0.0,0.0,0.0,0.009963393211364746,0.014592111110687256,-0.01791898718961704,0.018141448497772217,0.02342158555984497,-0.03416978753098476,0.02233809232711792,0.02586495876312256,-0.04866067132839191,0.029843151569366455,0.024043798446655273,-0.06480989417919147,0.04981118440628052,-0.014933884143829346,-0.043265400444354896,0.07428842782974243,-0.03339606523513794,-0.061036562537040595,0.08662503957748413,-0.04712390899658203,-0.07216056994089115,0.09855043888092041,-0.061794281005859375,-0.08076757750400532,0.04753100872039795,-0.033776044845581055,-0.04581174812206257,0.07493782043457031,-0.05242341756820679,-0.06232648155578602,0.08861678838729858,-0.06485676765441895,-0.07417192867883671,0.1023104190826416,-0.07823550701141357,-0.08368959090599049,0.034927189350128174,-0.046080946922302246,-0.048526657735195045,0.053610920906066895,-0.07695907354354858,-0.06851397267469395,0.06539946794509888,-0.10373842716217041,-0.08564057013877857,0.07550084590911865,-0.12762731313705444,-0.09808841905483234,0.016517579555511475,-0.05038774013519287,-0.05119587293752659,0.01462644338607788,-0.07597464323043823,-0.07037472537645328,0.010472595691680908,-0.09292232990264893,-0.08199903926738727,0.005237102508544922,-0.10746437311172485,-0.09072366169580448
0.0,0.0,0.0,-0.030202031135559082,-0.04340016841888428,-0.059998588953419585,-0.03997230529785156,-0.08119511604309082,-0.10327979395191278,-0.04665857553482056,-0.10002481937408447,-0.13296060482065286,-0.05930718779563904,-0.11190348863601685,-0.16305782118837442,0.01854124665260315,-0.03244417905807495,-0.12486537763874139,0.040821850299835205,-0.05428034067153931,-0.16523465732137765,0.06505095958709717,-0.07007807493209839,-0.1890677831510743,0.08929276466369629,-0.08351600170135498,-0.20487015167276468,0.05859339237213135,-0.03157621622085571,-0.10684276590149011,0.10359686613082886,-0.10645085573196411,-0.14162668803732004,0.13064908981323242,-0.1575797200202942,-0.15600341776411142,0.1523393988609314,-0.19767802953720093,-0.16626554945509042,0.08403104543685913,-0.04304194450378418,-0.08814754555027093,0.1176445484161377,-0.12243247032165527,-0.1190067104438981,0.14152735471725464,-0.1764037013053894,-0.13485364833871927,0.16308140754699707,-0.21677333116531372,-0.1454504154066285,0.09558647871017456,-0.0633743405342102,-0.07220043459932413,0.10058069229125977,-0.1348136067390442,-0.09889735499422159,0.09524494409561157,-0.18163281679153442,-0.11095293084184732,0.09280258417129517,-0.2163136601448059,-0.11874278107683267
0.0,0.0,0.0,-0.025875985622406006,-0.03973287343978882,-0.06285860442395119,-0.033862680196762085,-0.0711485743522644,-0.10780582629914193,-0.041342973709106445,-0.08733558654785156,-0.13846603833908944,-0.051613807678222656,-0.10043787956237793,-0.16994278930897622,0.02182266116142273,-0.029738903045654297,-0.13394109212632088,0.04799816012382507,-0.04857569932937622,-0.1757539888548365,0.07188087701797485,-0.06753981113433838,-0.199982293479394,0.09864705801010132,-0.08509081602096558,-0.2167202016043177,0.06226399540901184,-0.02593708038330078,-0.11444693111653237,0.11094152927398682,-0.09970808029174805,-0.15310353838677315,0.14011722803115845,-0.15051215887069702,-0.17030740582222847,0.16447484493255615,-0.19273412227630615,-0.18316633307213692,0.08745640516281128,-0.0319209098815918,-0.09353637748236565,0.12421262264251709,-0.11075472831726074,-0.12672280573124795,0.1495947241783142,-0.16220921277999878,-0.14390777849430947,0.170462965965271,-0.20127147436141968,-0.1557591935324183,0.10002583265304565,-0.04633539915084839,-0.07544992917055993,0.10865044593811035,-0.11942201852798462,-0.10432565265173821,0.10768294334411621,-0.17050713300704956,-0.11903567665095238,0.10880625247955322,-0.21106278896331787,-0.1289419909643641
0.0,0.0,0.0,0.023463070392608643,-0.025032222270965576,-0.015999673870581432,0.0483056902885437,-0.051942288875579834,-0.027986436155813976,0.06521636247634888,-0.07616055011749268,-0.037672619340199276,0.0806131362915039,-0.10121393203735352,-0.0488964980516613,0.051868557929992676,-0.03221374750137329,-0.046104553160446926,0.0716356635093689,-0.04604858160018921,-0.06678089406825904,0.08221429586410522,-0.059162139892578125,-0.08017633762695198,0.09221726655960083,-0.07128274440765381,-0.090194753376025,0.03922039270401001,-0.024824917316436768,-0.049603714612501904,0.05755347013473511,-0.04236459732055664,-0.07276967075206642,0.0684516429901123,-0.061234235763549805,-0.08879864123203163,0.07787209749221802,-0.07722991704940796,-0.10207475629188423,0.02077174186706543,-0.015814781188964844,-0.052594869402426525,0.021734297275543213,-0.03746986389160156,-0.07882881071903114,0.021043777465820312,-0.0633615255355835,-0.09522396233417396,0.019842445850372314,-0.0830312967300415,-0.10649804678298835,-0.00020182132720947266,-0.005420207977294922,-0.05527943280078773,-0.0048441290855407715,-0.00831383466720581,-0.08043283876516227,-0.007302284240722656,-0.010144054889678955,-0.093612722126025,-0.008884668350219727,-0.012781739234924316,-0.10317034181692009
0.0,0.0,0.0,0.03042292594909668,-0.031210660934448242,-0.01293739903140434,0.05826765298843384,-0.06256431341171265,-0.02510021760481962,0.07753384113311768,-0.08573794364929199,-0.03522730752247938,0.09757989645004272,-0.10757380723953247,-0.046934248352233254,0.04810994863510132,-0.044724464416503906,-0.04507399856466421,0.047351181507110596,-0.07850968837738037,-0.06723613798040518,0.04588836431503296,-0.10496354103088379,-0.08142228930610784,0.043669283390045166,-0.12798553705215454,-0.09081002085823187,0.036077797412872314,-0.02616751194000244,-0.050168236190263116,0.05450993776321411,-0.05129808187484741,-0.07218958943504461,0.06917929649353027,-0.07064628601074219,-0.08741324155944952,0.07989269495010376,-0.08701246976852417,-0.10085729270595678,0.02107471227645874,-0.004554808139801025,-0.0544482482911981,0.03092855215072632,-0.01881110668182373,-0.07926745473760732,0.044709980487823486,-0.031055331230163574,-0.09569255023616918,0.055258750915527344,-0.04209643602371216,-0.10828108846563467,0.003659188747406006,0.01737987995147705,-0.05815232306141027,-0.00018543004989624023,0.026514887809753418,-0.08259388565439352,-0.0005589723587036133,0.03384310007095337,-0.0950225865783132,0.0007475614547729492,0.03554171323776245,-0.10480997472423681
0.0,0.0,0.0,-0.024609088897705078,-0.03984767198562622,-0.0574715459276689,-0.033924609422683716,-0.06887489557266235,-0.09883142127885947,-0.043403804302215576,-0.08369851112365723,-0.12932731821432242,-0.057952284812927246,-0.09732979536056519,-0.1604145975340856,0.023205310106277466,-0.0175478458404541,-0.1159584881295217,0.04620271921157837,-0.04160243272781372,-0.1544329436053289,0.06565132737159729,-0.0605657696723938,-0.17598738386526236,0.08869972825050354,-0.07798153162002563,-0.19020783021345267,0.059480220079422,-0.007513165473937988,-0.10048747672929892,0.10282346606254578,-0.0786203145980835,-0.13670983030691275,0.13063302636146545,-0.12808167934417725,-0.1520188809861196,0.15652158856391907,-0.1697930097579956,-0.16269317879572043,0.08230146765708923,-0.007916450500488281,-0.0847414345969213,0.11632892489433289,-0.08480823040008545,-0.11535388841524252,0.1388801634311676,-0.13421601057052612,-0.1269038827647222,0.16002234816551208,-0.1712731122970581,-0.13373380019559988,0.0947658121585846,-0.01704639196395874,-0.07230049981966147,0.11493542790412903,-0.0827932357788086,-0.09373824163570532,0.1230073869228363,-0.12913048267364502,-0.10146297379627356,0.13047298789024353,-0.1637551188468933,-0.10635597869053015
0.0,0.0,0.0,0.052541136741638184,-0.013100266456604004,0.0014827736383171697,0.10291552543640137,-0.03262549638748169,-0.003135411119101761,0.13913387060165405,-0.053911685943603516,-0.0100115340240432,0.16782379150390625,-0.07257568836212158,-0.017898888144655345,0.1142420768737793,-0.040909528732299805,-0.017615769807262538,0.1593179702758789,-0.0758284330368042,-0.03750697970764172,0.18734610080718994,-0.0983271598815918,-0.05120301694051754,0.21068668365478516,-0.11940449476242065,-0.06049196496979725,0.105213463306427,-0.028307735919952393,-0.029479865733547328,0.15586894750595093,-0.050335586071014404,-0.04924507141487133,0.1885731816291809,-0.06415200233459473,-0.06255029589311611,0.21670901775360107,-0.07837504148483276,-0.0712337911166383,0.08776193857192993,-0.006671130657196045,-0.041231103990240214,0.13441896438598633,-0.024331390857696533,-0.061601538959903834,0.16624408960342407,-0.03841125965118408,-0.07551850825922024,0.1972922682762146,-0.053475022315979004,-0.0845542445816232,0.06353473663330078,0.02254706621170044,-0.05211916268245709,0.08550071716308594,0.01732015609741211,-0.07180722505228054,0.10017615556716919,0.0026171207427978516,-0.08176617771760952,0.1157178282737732,-0.015067100524902344,-0.087857392434044
0.0,0.0,0.0,-0.015308618545532227,0.008103907108306885,-0.056830365275999384,-0.022265225648880005,0.0052318572998046875,-0.1004440598842109,-0.03141361474990845,-0.006773710250854492,-0.13466585806574471,-0.04583042860031128,-0.026493728160858154,-0.17043621472086556,0.04131501913070679,0.02741008996963501,-0.10747559747662194,0.06352251768112183,0.027825653553009033,-0.14678968123163827,0.08459562063217163,0.024992406368255615,-0.17270598939623483,0.10983771085739136,0.02066361904144287,-0.19048967591490396,0.07151621580123901,0.0006676912307739258,-0.0934758671280349,0.1203145980834961,-0.014750540256500244,-0.12936202815737374,0.1578521728515625,-0.028645455837249756,-0.15043325356211312,0.18893873691558838,-0.04161268472671509,-0.16592517129149087,0.09105879068374634,-0.021736562252044678,-0.07991985610689767,0.1360863447189331,-0.04292035102844238,-0.11107524863447793,0.17061591148376465,-0.0675055980682373,-0.13176780573095925,0.1999218463897705,-0.08851850032806396,-0.14542628458704598,0.09942567348480225,-0.03695821762084961,-0.06962419680323251,0.12554997205734253,-0.07452183961868286,-0.0940479748603309,0.13938605785369873,-0.11131817102432251,-0.10848116508688577,0.14851361513137817,-0.14227545261383057,-0.11881422630514749
0.0,0.0,0.0,-0.021903157234191895,-0.003274083137512207,-0.06090130078200673,-0.03264492750167847,-0.014150559902191162,-0.1075009943783698,-0.0424274206161499,-0.028275489807128906,-0.1435066403687415,-0.056181907653808594,-0.04110902547836304,-0.1810587586701331,0.023295998573303223,0.02262747287750244,-0.12186253982190465,0.0469096302986145,0.02556586265563965,-0.16461473124627446,0.07051718235015869,0.023858845233917236,-0.19135876911286687,0.0978580117225647,0.02139824628829956,-0.20976505594853734,0.058705925941467285,0.001016080379486084,-0.10640657859448766,0.10880571603775024,-0.01580756902694702,-0.14558532255296086,0.14761608839035034,-0.031536221504211426,-0.16648643630151128,0.17985856533050537,-0.046860456466674805,-0.18206104057435368,0.08315402269363403,-0.018709540367126465,-0.09091680663232182,0.12820136547088623,-0.04207891225814819,-0.12455614822511052,0.16362446546554565,-0.06755310297012329,-0.14489620345239018,0.19357675313949585,-0.08875399827957153,-0.1585314662993369,0.09571093320846558,-0.03283953666687012,-0.07884094285373067,0.12229937314987183,-0.0722578763961792,-0.10566010492448186,0.13674306869506836,-0.11085081100463867,-0.12096122818593358,0.14626705646514893,-0.14224696159362793,-0.13195253329877232
0.0,0.0,0.0,-0.021072983741760254,0.003049910068511963,-0.05872581212719297,-0.030643850564956665,-0.0069953203201293945,-0.10307812376817083,-0.04120481014251709,-0.02252572774887085,-0.1370060039957366,-0.054212212562561035,-0.03700155019760132,-0.17237166001399373,0.028804004192352295,0.021948695182800293,-0.1179816691478095,0.05350899696350098,0.02471250295639038,-0.15786312951644277,0.07697367668151855,0.0196760892868042,-0.18259555532534932,0.1062726378440857,0.013987362384796143,-0.2001238508423171,0.063992440700531,-0.0030806660652160645,-0.10289953335126256,0.11413389444351196,-0.020519554615020752,-0.13818932010730123,0.15462201833724976,-0.0385662317276001,-0.15690191521247243,0.18830955028533936,-0.05675208568572998,-0.1715703202684722,0.08764249086380005,-0.023891329765319824,-0.08788201644023275,0.13339656591415405,-0.0491633415222168,-0.11961769743760442,0.16852587461471558,-0.07300561666488647,-0.13946293725570058,0.19754058122634888,-0.0931963324546814,-0.1531011207302413,0.0985785722732544,-0.036235034465789795,-0.07610091998179769,0.1270749568939209,-0.07764458656311035,-0.10354399367173528,0.14165347814559937,-0.11738955974578857,-0.11962080432971334,0.15082240104675293,-0.15105146169662476,-0.13112231030066823
0.0,0.0,0.0,-0.02389386296272278,-0.010375261306762695,-0.05390490449225638,-0.03520163893699646,-0.022811174392700195,-0.09355596310651038,-0.04373049736022949,-0.0359196662902832,-0.12417021251475546,-0.05506506562232971,-0.04809969663619995,-0.1554779768661234,0.023888051509857178,0.018036484718322754,-0.10310662395512793,0.04665866494178772,0.028554856777191162,-0.13858391947304938,0.07050636410713196,0.0220566987991333,-0.16114301092183325,0.09825286269187927,0.013314783573150635,-0.17822513587033484,0.06102898716926575,-0.0015555024147033691,-0.09190565950429175,0.11123105883598328,-0.018828988075256348,-0.12214400476968024,0.14628008008003235,-0.03859853744506836,-0.13822919733082983,0.17652693390846252,-0.06018638610839844,-0.1517790765241358,0.08451613783836365,-0.021806955337524414,-0.08138824111973975,0.13131043314933777,-0.042416512966156006,-0.11068115986144278,0.1629982888698578,-0.06437307596206665,-0.12838964767014716,0.1905481517314911,-0.087055504322052,-0.14110291606938574,0.0942021906375885,-0.03616893291473389,-0.07402406490599844,0.12378326058387756,-0.07558202743530273,-0.10062109536683295,0.13817891478538513,-0.11139649152755737,-0.11429735875880453,0.14832571148872375,-0.1453825831413269,-0.12408570802962515
0.0,0.0,0.0,0.055359214544296265,-0.009986937046051025,0.005190629492197729,0.10441723465919495,-0.028235435485839844,0.0003073776698769848,0.13989421725273132,-0.04724699258804321,-0.007274502908195757,0.16744497418403625,-0.06541216373443604,-0.016147132517154716,0.11400261521339417,-0.036273181438446045,-0.020508173407371544,0.15195724368095398,-0.07907462120056152,-0.0444152890903311,0.17838194966316223,-0.10911935567855835,-0.06051649294918349,0.2007037103176117,-0.13569414615631104,-0.07066615812605193,0.10296419262886047,-0.03024953603744507,-0.03467047356193831,0.15183821320533752,-0.06230795383453369,-0.057853498981650375,0.18752291798591614,-0.08180159330368042,-0.07153652750080397,0.2189435064792633,-0.09920269250869751,-0.08032337717836668,0.08494803309440613,-0.012557506561279297,-0.048320071325953506,0.13197705149650574,-0.0369378924369812,-0.07063590131824782,0.16457536816596985,-0.05172687768936157,-0.08319638811176588,0.1961018145084381,-0.06624114513397217,-0.0906993313891249,0.06102094054222107,0.013735771179199219,-0.060880699680502914,0.08607444167137146,0.006230533123016357,-0.0808593197924452,0.10579463839530945,-0.00588148832321167,-0.09036257259672453,0.12596282362937927,-0.019847095012664795,-0.09606073938434889
0.0,0.0,0.0,0.05226022005081177,-0.015762805938720703,0.001867237000071853,0.10319870710372925,-0.03667646646499634,-0.0009904055974470083,0.14043545722961426,-0.05862468481063843,-0.005840730073584766,0.168779194355011,-0.07766616344451904,-0.011563924292756766,0.10714966058731079,-0.04350990056991577,-0.012629699113501758,0.14832419157028198,-0.07359391450881958,-0.03126613904042408,0.1752135157585144,-0.09563887119293213,-0.04402393955989048,0.19784921407699585,-0.11599498987197876,-0.05226203907532856,0.09660571813583374,-0.03326976299285889,-0.02327997718258068,0.14476561546325684,-0.05840754508972168,-0.040860125015212745,0.1780163049697876,-0.07632458209991455,-0.052547191421224326,0.20749342441558838,-0.09209871292114258,-0.06006555367512867,0.07933986186981201,-0.012598037719726562,-0.034126152435971946,0.11983197927474976,-0.03205978870391846,-0.05317249629898235,0.1509784460067749,-0.04568803310394287,-0.06561859805388615,0.18185675144195557,-0.05855196714401245,-0.07287564236922428,0.057022273540496826,0.01583164930343628,-0.044199739734365195,0.0783158540725708,0.00921487808227539,-0.06240756545467541,0.09437096118927002,-0.000901341438293457,-0.07128517437977955,0.11126482486724854,-0.012223482131958008,-0.07625220079226658
0.0,0.0,0.0,0.016247808933258057,-0.019513726234436035,-0.00944127107403503,0.0330238938331604,-0.04214143753051758,-0.021310193113901477,0.04430347681045532,-0.06689035892486572,-0.03169938328109012,0.057538390159606934,-0.08799207210540771,-0.04349632712445484,0.050439536571502686,-0.015292644500732422,-0.036308304987766604,0.07397580146789551,-0.032176673412323,-0.053864070795395236,0.09050208330154419,-0.04473966360092163,-0.06612984242282138,0.10452991724014282,-0.056829750537872314,-0.07488565298161731,0.04458671808242798,-0.01434779167175293,-0.0410465389712833,0.07396328449249268,-0.02727949619293213,-0.05776852148018108,0.0926010012626648,-0.04252058267593384,-0.0681650355680965,0.1078839898109436,-0.05685687065124512,-0.0766900792940639,0.03376120328903198,-0.017168402671813965,-0.04532960953555332,0.059778451919555664,-0.03167217969894409,-0.06180226581535564,0.07729524374008179,-0.04809224605560303,-0.07176411303124652,0.09121370315551758,-0.06189173460006714,-0.07914742233596073,0.020550429821014404,-0.02510124444961548,-0.049265993408777575,0.03348982334136963,-0.05007755756378174,-0.06539914163193927,0.044672608375549316,-0.06764793395996094,-0.07368191482863651,0.05436885356903076,-0.08134329319000244,-0.0797329038604282
0.0,0.0,0.0,0.05428633093833923,-0.013481557369232178,0.005123854940315198,0.10283598303794861,-0.03614234924316406,0.0015260360432094444,0.13676515221595764,-0.0595933198928833,-0.004194799485127021,0.16535493731498718,-0.07952284812927246,-0.011115010502258826,0.10786750912666321,-0.03456598520278931,-0.017237158166686584,0.1453011929988861,-0.07157176733016968,-0.0362271663271585,0.17204299569129944,-0.0957953929901123,-0.048330034735123206,0.1951630413532257,-0.11529558897018433,-0.056576177152315665,0.09592309594154358,-0.02278226613998413,-0.030418514879862357,0.1424972116947174,-0.055766165256500244,-0.049783259304682304,0.17519208788871765,-0.0749250054359436,-0.06183327701918273,0.20446977019309998,-0.09082460403442383,-0.0702259127520719,0.07706627249717712,-0.003369569778442383,-0.043045289488951255,0.11528816819190979,-0.02903228998184204,-0.06378161502114921,0.14595869183540344,-0.042704224586486816,-0.07658922267190604,0.17699012160301208,-0.055177927017211914,-0.08451171559325843,0.053359776735305786,0.022047579288482666,-0.05437502232424407,0.07493677735328674,0.00891047716140747,-0.07467002761594443,0.09170827269554138,-0.0038961172103881836,-0.0850606073164144,0.10916265845298767,-0.017938613891601562,-0.09150154483548789
0.0,0.0,0.0,0.060966938734054565,0.0002734661102294922,0.00591464784095308,0.11142793297767639,-0.020707368850708008,0.0013322127154680174,0.14606890082359314,-0.04640752077102661,-0.006092476881050857,0.17136356234550476,-0.06895750761032104,-0.01430272519489506,0.1172851026058197,-0.03617972135543823,-0.01897549185802916,0.16320481896400452,-0.06670171022415161,-0.04111536521365622,0.19298043847084045,-0.08780509233474731,-0.05590081889083365,0.21916797757148743,-0.107433021068573,-0.06571495462110022,0.10421720147132874,-0.028478145599365234,-0.03338836062600592,0.15278664231300354,-0.058257460594177246,-0.056038006431364806,0.1859661042690277,-0.0750076174736023,-0.06955312866618613,0.21550843119621277,-0.08943992853164673,-0.07835788208892325,0.08443930745124817,-0.010162830352783203,-0.04701647091557959,0.12844625115394592,-0.03874778747558594,-0.0684717513983486,0.15896710753440857,-0.05312854051589966,-0.07980407703568915,0.1880640685558319,-0.06501024961471558,-0.0867716364925144,0.06005445122718811,0.01794123649597168,-0.059665362573170455,0.0834437906742096,0.00596386194229126,-0.07866375077416876,0.1016816794872284,-0.0033119916915893555,-0.08755706924846152,0.1196766197681427,-0.011269867420196533,-0.09318342734029272
0.0,0.0,0.0,0.035916924476623535,-0.028522133827209473,-0.002561651663842923,0.06921923160552979,-0.054277896881103516,-0.010757061215105779,0.09066349267959595,-0.08056646585464478,-0.01972884175366474,0.11044889688491821,-0.10402381420135498,-0.030096939327183492,0.07469230890274048,-0.04835200309753418,-0.028946346165600545,0.11094635725021362,-0.0660976767539978,-0.04747834664768291,0.13211780786514282,-0.08395057916641235,-0.05822643128222538,0.14905202388763428,-0.10035824775695801,-0.06542546910232616,0.0629311203956604,-0.034687340259552,-0.039003050448361165,0.0978083610534668,-0.054108262062072754,-0.05644444611853672,0.11995160579681396,-0.07136034965515137,-0.06550273907369686,0.1386767029762268,-0.08346444368362427,-0.07189804178661419,0.04428410530090332,-0.016287922859191895,-0.04855422166174961,0.07343024015426636,-0.03126484155654907,-0.06784223628229213,0.09382575750350952,-0.04201161861419678,-0.0777527974266441,0.11437582969665527,-0.05034530162811279,-0.08474852752870632,0.021149635314941406,0.00404047966003418,-0.057361117126408345,0.026883602142333984,0.003855586051940918,-0.07662147891706539,0.03344970941543579,0.002955138683319092,-0.08449552816337658,0.042597830295562744,0.004399597644805908,-0.08966018122619701
0.0,0.0,0.0,0.05898120999336243,-0.00029718875885009766,0.003177646065609885,0.10679516196250916,-0.02503526210784912,-0.0009925040812097663,0.13864657282829285,-0.05632364749908447,-0.007422741053146886,0.16263821721076965,-0.07991594076156616,-0.014531790760798025,0.11050930619239807,-0.044822096824645996,-0.013341184256119298,0.1514395773410797,-0.07464659214019775,-0.032275288847727346,0.18022629618644714,-0.09489202499389648,-0.04524401157860236,0.20356455445289612,-0.11077076196670532,-0.05419819384579139,0.0971173346042633,-0.03688645362854004,-0.025529048887533712,0.13840129971504211,-0.06610852479934692,-0.04482921913032012,0.16790226101875305,-0.08257639408111572,-0.05685277610783057,0.19352170825004578,-0.09536045789718628,-0.06495257422093825,0.07732346653938293,-0.01846897602081299,-0.037870328424019384,0.11400261521339417,-0.044910311698913574,-0.05766508683328109,0.1414419710636139,-0.06020551919937134,-0.06917029574279265,0.16832110285758972,-0.07233256101608276,-0.0763381640589662,0.05345925688743591,0.010484516620635986,-0.04958794966105895,0.07172045111656189,0.0022376179695129395,-0.06765483274821715,0.08677449822425842,-0.006635427474975586,-0.0769294123328157,0.10308268666267395,-0.016498029232025146,-0.08294846817616897
0.0,0.0,0.0,0.04565110802650452,0.0024954676628112793,-0.017168498553928657,0.07877054810523987,-0.02836453914642334,-0.03485762416630678,0.09382125735282898,-0.0670892596244812,-0.05057431473642282,0.10135790705680847,-0.09286123514175415,-0.066712361716327,0.09924361109733582,-0.048700928688049316,-0.04656682997256212,0.14409533143043518,-0.0768812894821167,-0.07368350490241937,0.17337599396705627,-0.09644991159439087,-0.09124354734331064,0.1985718309879303,-0.11246287822723389,-0.10293857469469003,0.08994093537330627,-0.0485837459564209,-0.05071680709033899,0.13616260886192322,-0.07866787910461426,-0.07861425443797998,0.16698476672172546,-0.09901255369186401,-0.09396338924079828,0.1938752830028534,-0.11329376697540283,-0.10352687998920374,0.07627120614051819,-0.03694957494735718,-0.05516854017287187,0.11272367835044861,-0.06521797180175781,-0.08097912087350778,0.14209029078483582,-0.08363723754882812,-0.09535757913499765,0.1703389585018158,-0.09562426805496216,-0.10415489687829904,0.05983099341392517,-0.012109875679016113,-0.06037411182433061,0.07396194338798523,-0.02091240882873535,-0.08224200918584756,0.08587655425071716,-0.0276373028755188,-0.09309275909572534,0.09987226128578186,-0.032369017601013184,-0.10016423925071649
0.0,0.0,0.0,0.051365554332733154,0.0030032992362976074,-0.002316096591009398,0.09236961603164673,-0.023321926593780518,-0.009454082491053839,0.11860489845275879,-0.055809617042541504,-0.01791417950595786,0.14047104120254517,-0.08115267753601074,-0.027538038583649893,0.11295139789581299,-0.036879003047943115,-0.02248576262797286,0.15090930461883545,-0.07157796621322632,-0.045415786819710036,0.17638230323791504,-0.09526771306991577,-0.06230073587800433,0.1981109380722046,-0.11654943227767944,-0.07366495745088031,0.0991320013999939,-0.037074267864227295,-0.033830733763231535,0.13565433025360107,-0.07597464323043823,-0.05770789252425601,0.16365325450897217,-0.09983259439468384,-0.0732232125272887,0.18860971927642822,-0.11895734071731567,-0.08344213830138614,0.07789438962936401,-0.02910172939300537,-0.04544503034855296,0.11126124858856201,-0.06349456310272217,-0.06941933350469043,0.1375102996826172,-0.08308964967727661,-0.08308082984591891,0.16333776712417603,-0.09926825761795044,-0.09133163260127475,0.05183678865432739,-0.012703657150268555,-0.05667744742537906,0.06665337085723877,-0.02084505558013916,-0.07915400134231021,0.08258587121963501,-0.026524007320404053,-0.09003199057485034,0.1000174880027771,-0.031523287296295166,-0.09660253839398791
0.0,0.0,0.0,-0.027497828006744385,-0.013495683670043945,-0.06509322753683477,-0.03709542751312256,-0.03257477283477783,-0.11207067302004248,-0.0425201952457428,-0.05069386959075928,-0.14709805777803808,-0.05095505714416504,-0.06576550006866455,-0.18274127772585302,0.022331446409225464,0.022077322006225586,-0.12943809560076147,0.049883246421813965,0.02124500274658203,-0.17305339208380133,0.07117211818695068,0.007165491580963135,-0.19891535571352392,0.0957985520362854,-0.011492371559143066,-0.21611968508497625,0.05879467725753784,0.004143774509429932,-0.11138983151451498,0.10618853569030762,-0.021608412265777588,-0.150888227732338,0.13744354248046875,-0.048361241817474365,-0.16887454024092108,0.16310185194015503,-0.07317870855331421,-0.18210657766596228,0.0854375958442688,-0.014987051486968994,-0.09368322125212103,0.12977063655853271,-0.04556185007095337,-0.12798174551264196,0.16003316640853882,-0.07558584213256836,-0.14580010703340918,0.18428921699523926,-0.10012942552566528,-0.15746688178316504,0.10089921951293945,-0.032691776752471924,-0.07961029639974981,0.13248509168624878,-0.07695198059082031,-0.10781974426046759,0.15026158094406128,-0.11979353427886963,-0.1230097197605744,0.16151344776153564,-0.15587717294692993,-0.13345394364134222
0.0,0.0,0.0,0.05031472444534302,-0.03423863649368286,-0.05054227108396958,0.07750481367111206,-0.08343237638473511,-0.08654790962376069,0.08099758625030518,-0.13065195083618164,-0.10957646215595673,0.06711965799331665,-0.17924708127975464,-0.13439552331604432,0.011415183544158936,-0.03611958026885986,-0.12753511810936402,-0.014606654644012451,-0.06638872623443604,-0.1653699710432477,-0.035125136375427246,-0.10700064897537231,-0.18688067639507722,-0.0521543025970459,-0.15520739555358887,-0.20200562322773408,-0.032763898372650146,-0.03065955638885498,-0.11110308612026643,-0.0859881043434143,-0.07878100872039795,-0.1536787881914563,-0.11930257081985474,-0.13131272792816162,-0.1805980041090436,-0.1410854458808899,-0.18534183502197266,-0.20288485134281586,-0.06288701295852661,-0.03963369131088257,-0.09038906390108536,-0.11120039224624634,-0.10479182004928589,-0.12392214531340073,-0.13682186603546143,-0.17135244607925415,-0.14774422193207215,-0.15003788471221924,-0.22553092241287231,-0.16511189783253144,-0.07859432697296143,-0.05586272478103638,-0.07022951388992738,-0.10734206438064575,-0.118258535861969,-0.09283432955183457,-0.11952894926071167,-0.16987556219100952,-0.10802220398821305,-0.12619972229003906,-0.2158585786819458,-0.12098810667433213
0.0,0.0,0.0,0.04965364933013916,-0.03693515062332153,-0.04794966943080681,0.07547807693481445,-0.07529455423355103,-0.08386325604732292,0.08170849084854126,-0.11761659383773804,-0.10905398196990745,0.07228231430053711,-0.16397851705551147,-0.1365848309498574,0.020131587982177734,-0.031340837478637695,-0.12021382666642921,-0.003484070301055908,-0.05854356288909912,-0.15887292988116997,-0.024483978748321533,-0.09465634822845459,-0.1818608469467904,-0.04161977767944336,-0.14247971773147583,-0.1988230473500039,-0.02530759572982788,-0.028394699096679688,-0.10860739416892784,-0.07062488794326782,-0.06978029012680054,-0.15261682636554497,-0.10092604160308838,-0.12182372808456421,-0.18368451065833824,-0.12016797065734863,-0.17746448516845703,-0.20985334880168693,-0.05874425172805786,-0.03797614574432373,-0.0933310366373803,-0.10614818334579468,-0.09705710411071777,-0.1303132302265908,-0.13702571392059326,-0.1658381223678589,-0.15831619269664543,-0.15586310625076294,-0.22427356243133545,-0.17935783929641502,-0.07769125699996948,-0.05399709939956665,-0.0785358226996209,-0.10734707117080688,-0.1171712875366211,-0.10479877657706993,-0.1205216646194458,-0.17105036973953247,-0.12258156157548683,-0.13014435768127441,-0.22157925367355347,-0.1381628192168023
0.0,0.0,0.0,0.04982501268386841,-0.03639090061187744,-0.051701098647072286,0.07122540473937988,-0.07678467035293579,-0.09046256538863418,0.07310283184051514,-0.11787301301956177,-0.117712750997498,0.06511533260345459,-0.16441988945007324,-0.1470125168227696,0.010306477546691895,-0.03980553150177002,-0.12352048602338073,-0.020520687103271484,-0.0675957202911377,-0.1636092811488652,-0.04524117708206177,-0.10504418611526489,-0.18700264390940902,-0.06612855195999146,-0.14966124296188354,-0.2033392935657048,-0.03652036190032959,-0.03368496894836426,-0.10994005199904677,-0.08877670764923096,-0.0823405385017395,-0.15387505289550063,-0.12212514877319336,-0.13706034421920776,-0.1815894543790364,-0.14415991306304932,-0.19324111938476562,-0.20361699160571334,-0.06886810064315796,-0.03924214839935303,-0.09328947957988021,-0.11767548322677612,-0.10650902986526489,-0.12991499897475478,-0.14351600408554077,-0.17697781324386597,-0.1550926714801335,-0.1575767993927002,-0.2344018816947937,-0.1726008355283284,-0.08654725551605225,-0.050652384757995605,-0.07747937735553023,-0.11536097526550293,-0.11648070812225342,-0.10329364236827132,-0.1266654133796692,-0.17234688997268677,-0.11955331262583968,-0.1329159140586853,-0.22153371572494507,-0.13269549604888198
0.0,0.0,0.0,-0.02648979425430298,-0.05383861064910889,-0.00991924443766834,-0.039096176624298096,-0.10389906167984009,-0.023388157240304963,-0.049849897623062134,-0.1380518674850464,-0.03586245944276811,-0.06058633327484131,-0.17071294784545898,-0.05027320106998445,-0.0023665428161621094,-0.11039078235626221,-0.04563591872826578,-0.010283052921295166,-0.1647968888282776,-0.07022183259502413,-0.015273451805114746,-0.1948983073234558,-0.08640602102056505,-0.018064439296722412,-0.21882355213165283,-0.09822243323102953,0.006234407424926758,-0.0874205231666565,-0.05608127509728433,-0.0011248588562011719,-0.14293891191482544,-0.08211783935800554,-0.009131252765655518,-0.17740046977996826,-0.09667496999279024,-0.014892816543579102,-0.20318758487701416,-0.10787010063901903,0.007083296775817871,-0.05220836400985718,-0.0657941760636902,-0.015873491764068604,-0.09943944215774536,-0.09063842763677599,-0.03194218873977661,-0.12415057420730591,-0.10018284489885332,-0.04008454084396362,-0.14178001880645752,-0.10731425007358553,0.0001239180564880371,-0.014339148998260498,-0.07533574720397951,-0.027920246124267578,-0.030400633811950684,-0.099266140363369,-0.03995943069458008,-0.03986638784408569,-0.10735672583356859,-0.043703317642211914,-0.04610848426818848,-0.11280132701173784
0.0,0.0,0.0,0.02687859535217285,-0.06461560726165771,-0.06349304433399539,0.058648645877838135,-0.09558618068695068,-0.09946550543838839,0.08080881834030151,-0.10002976655960083,-0.12608667578035693,0.10033023357391357,-0.11899787187576294,-0.15181031193071703,-0.0016358494758605957,-0.01846301555633545,-0.09843568618828158,-0.0326961874961853,0.020923912525177002,-0.14781464006239275,-0.0696789026260376,0.04043525457382202,-0.1834808823042522,-0.09454572200775146,0.052451252937316895,-0.20457399751478533,-0.04871624708175659,0.018391907215118408,-0.0857638281160007,-0.09611165523529053,0.03677785396575928,-0.14472057785326342,-0.1483059525489807,0.04682648181915283,-0.17517139877611498,-0.17647594213485718,0.06176692247390747,-0.19365710880094866,-0.07963299751281738,0.037663400173187256,-0.0752919327788959,-0.12555742263793945,0.04454207420349121,-0.12439823265606265,-0.15775877237319946,0.02819007635116577,-0.1333458062582622,-0.17669886350631714,0.023075401782989502,-0.13398147489363055,-0.09827768802642822,0.04640781879425049,-0.06901931132608752,-0.1314043402671814,0.05627620220184326,-0.09439673389726977,-0.14973878860473633,0.04944688081741333,-0.09022072817617754,-0.16706550121307373,0.04731875658035278,-0.08596698309713702
0.0,0.0,0.0,0.021867692470550537,-0.07523196935653687,-0.07141053556225074,0.054057180881500244,-0.10828477144241333,-0.11705371617100013,0.07940036058425903,-0.11307930946350098,-0.1522594305755831,0.10514581203460693,-0.13190871477127075,-0.18615507214090599,0.007898867130279541,-0.02021700143814087,-0.13148391871473564,0.00297623872756958,-0.018676280975341797,-0.19163081674597038,-0.03068643808364868,-0.0024910569190979004,-0.22438206403276695,-0.05206000804901123,0.019216537475585938,-0.24350196747801078,-0.0328599214553833,0.02379840612411499,-0.12168941526434196,-0.0366055965423584,0.016888916492462158,-0.1979173931362368,-0.08543843030929565,0.029730677604675293,-0.2290222856285311,-0.1103585958480835,0.05752640962600708,-0.24684811263105644,-0.05978649854660034,0.04941970109939575,-0.11480703084490074,-0.06936842203140259,0.04943627119064331,-0.18565799920580162,-0.10232424736022949,0.043473243713378906,-0.2048473122598864,-0.12297987937927246,0.054341912269592285,-0.21112092463991416,-0.07922840118408203,0.06660544872283936,-0.11123879133484138,-0.09123075008392334,0.0836191177368164,-0.16053717463037742,-0.10476565361022949,0.08551335334777832,-0.1747577252866961,-0.11703532934188843,0.09542560577392578,-0.183718970704291
0.0,0.0,0.0,-0.01137465238571167,-0.06368941068649292,-0.021422002169092735,-0.03185772895812988,-0.11742401123046875,-0.0232805085208021,-0.05236309766769409,-0.15164387226104736,-0.023570384534796318,-0.07335805892944336,-0.15040558576583862,-0.020076058509548744,-0.016007959842681885,-0.16470783948898315,0.02455944969991819,-0.024784624576568604,-0.2166467308998108,0.025992399377027908,-0.03945416212081909,-0.1917077898979187,0.02557098895053045,-0.039340198040008545,-0.1618959903717041,0.027667997700373093,-0.022987544536590576,-0.14931893348693848,0.03610808245579378,-0.04341822862625122,-0.18856903910636902,0.04078508384267465,-0.055897295475006104,-0.16041135787963867,0.040649639738003174,-0.04886949062347412,-0.14232206344604492,0.043526886326471725,-0.030382990837097168,-0.1290997862815857,0.04225002817551271,-0.05746173858642578,-0.15261512994766235,0.046547355425754944,-0.06485408544540405,-0.13268673419952393,0.043956170154014984,-0.056512653827667236,-0.11805379390716553,0.0442085064176716,-0.03805208206176758,-0.10392510890960693,0.04571886576453821,-0.06288456916809082,-0.12875258922576904,0.05341616861263887,-0.06897568702697754,-0.11898922920227051,0.05621947191397325,-0.062082767486572266,-0.10601717233657837,0.05957174144426958
0.0,0.0,0.0,0.018655896186828613,-0.06254798173904419,-0.04585816709828805,0.04858672618865967,-0.08984959125518799,-0.07597337661815118,0.07631999254226685,-0.09435272216796875,-0.09973412750792932,0.1060495376586914,-0.11033499240875244,-0.1257009804112954,0.02306133508682251,-0.011490583419799805,-0.09083141385150384,0.010003209114074707,0.02088111639022827,-0.1379337161643548,-0.00018215179443359375,0.025578558444976807,-0.17814536391330194,-0.019761323928833008,0.014391541481018066,-0.20246283708644341,-0.015727102756500244,0.02662867307662964,-0.08506385980678033,-0.04664367437362671,0.0506710410118103,-0.13416855035853814,-0.07315921783447266,0.045979440212249756,-0.1655194014174981,-0.0997229814529419,0.033187806606292725,-0.18694767354560327,-0.04419374465942383,0.04981905221939087,-0.07910708336663674,-0.08189862966537476,0.060916006565093994,-0.11840760706496667,-0.10440433025360107,0.04706805944442749,-0.13029272852969598,-0.12104099988937378,0.02835237979888916,-0.13558100162578057,-0.06379884481430054,0.0535275936126709,-0.07589147983622979,-0.09283459186553955,0.05347949266433716,-0.0978047847611947,-0.10689771175384521,0.035635411739349365,-0.09559973327947091,-0.12028896808624268,0.019110441207885742,-0.09339631347489785
0.0,0.0,0.0,0.020181596279144287,-0.06612551212310791,-0.03824426418435678,0.05680936574935913,-0.08769941329956055,-0.0638111736465703,0.09392166137695312,-0.08732295036315918,-0.08525684288036928,0.1266043782234192,-0.1026231050491333,-0.10785757562410936,0.04722470045089722,-0.00451970100402832,-0.07473157903444871,0.041573405265808105,0.026535630226135254,-0.11616362443459138,0.028548240661621094,0.03483349084854126,-0.14824075809013948,0.008156359195709229,0.027477681636810303,-0.16752874663364992,0.008922278881072998,0.031973063945770264,-0.07461035808813676,-0.019864141941070557,0.05837559700012207,-0.1249596755791913,-0.04990363121032715,0.05578207969665527,-0.15285259297382936,-0.07687371969223022,0.0478053092956543,-0.16962440124046907,-0.023727595806121826,0.049968063831329346,-0.07540581932556734,-0.059223711490631104,0.06091707944869995,-0.12006096354019746,-0.08531659841537476,0.04541146755218506,-0.13327261617672548,-0.10172080993652344,0.026056408882141113,-0.13716999998581514,-0.04941481351852417,0.04980045557022095,-0.07798693141234025,-0.07494896650314331,0.05196255445480347,-0.10631817391407594,-0.09161776304244995,0.03234344720840454,-0.10800435951244935,-0.10443371534347534,0.01302260160446167,-0.10690916141760454
0.0,0.0,0.0,0.014902114868164062,-0.062122464179992676,-0.04412246217947313,0.04494529962539673,-0.08601647615432739,-0.07158371528606722,0.07569009065628052,-0.09010672569274902,-0.09303620925169298,0.108817458152771,-0.10254395008087158,-0.11660326739769289,0.01992356777191162,0.003689408302307129,-0.08691106459122011,0.009850144386291504,0.039621949195861816,-0.1327354358695061,0.0016216039657592773,0.03712332248687744,-0.169180412795356,-0.01578420400619507,0.018360376358032227,-0.19113077690821,-0.019654691219329834,0.03930419683456421,-0.0836093696020157,-0.04814547300338745,0.05679076910018921,-0.1325516151450188,-0.07380110025405884,0.03945493698120117,-0.16232258548956224,-0.09628140926361084,0.01975792646408081,-0.1830521123669655,-0.04835397005081177,0.05445510149002075,-0.08096096387129137,-0.09173649549484253,0.04961657524108887,-0.1279121982119591,-0.12050163745880127,0.023957014083862305,-0.14426132014017412,-0.13746893405914307,-0.0013350844383239746,-0.15150812735777208,-0.06884711980819702,0.047649502754211426,-0.08035856952886888,-0.11322581768035889,0.02845090627670288,-0.11373065879564592,-0.13940274715423584,-0.001999199390411377,-0.11920059194784471,-0.15671992301940918,-0.027237236499786377,-0.12146520337086031
0.0,0.0,0.0,0.020384132862091064,-0.061363041400909424,-0.04363933035980949,0.051676273345947266,-0.08797222375869751,-0.07304004037629852,0.07886636257171631,-0.09569132328033447,-0.09646900946151504,0.10804814100265503,-0.1089407205581665,-0.12214850837241897,0.024430036544799805,-0.005343139171600342,-0.08983823114883194,0.011995673179626465,0.025130093097686768,-0.1381004249478508,0.003686845302581787,0.02290397882461548,-0.17833649569999466,-0.011871397495269775,0.005516469478607178,-0.20276224071037063,-0.016658782958984375,0.02951115369796753,-0.08594116026412735,-0.04297840595245361,0.04823654890060425,-0.134728977623098,-0.06617140769958496,0.03414648771286011,-0.1654625480796028,-0.08723753690719604,0.013355910778045654,-0.18755481595050583,-0.04583120346069336,0.047181785106658936,-0.08185722136747131,-0.08388340473175049,0.045486390590667725,-0.1217943450237442,-0.10755014419555664,0.022166073322296143,-0.132510343732946,-0.1210399866104126,-0.0035381317138671875,-0.13792274350177536,-0.06633865833282471,0.043701112270355225,-0.08046668970834503,-0.10106611251831055,0.029392123222351074,-0.10292375290643463,-0.11862033605575562,0.004314899444580078,-0.10060797834645996,-0.13059037923812866,-0.01678556203842163,-0.09904865378391037
0.0,0.0,0.0,0.021311581134796143,-0.05164909362792969,-0.04431048973179941,0.05668705701828003,-0.0765690803527832,-0.07271951256967668,0.08488887548446655,-0.08569067716598511,-0.09480219154335146,0.1122923493385315,-0.10943877696990967,-0.11899746774412279,0.03151082992553711,-0.003546595573425293,-0.09196922748066072,0.028285562992095947,0.024073779582977295,-0.14160654513813142,0.016516387462615967,0.023009181022644043,-0.182367926525842,-0.0043871402740478516,0.011040568351745605,-0.20687538950420503,-0.009712457656860352,0.02645653486251831,-0.08859576104856615,-0.033672034740448,0.04765135049819946,-0.14000471501327638,-0.06085944175720215,0.037271738052368164,-0.1736318674562085,-0.08370453119277954,0.02354729175567627,-0.19771156280017976,-0.040006399154663086,0.041567087173461914,-0.0851859059808362,-0.07692581415176392,0.046516478061676025,-0.12930530874706392,-0.10376936197280884,0.02876502275466919,-0.14444672136283998,-0.12054544687271118,0.009566903114318848,-0.15242641239143495,-0.06246763467788696,0.03837716579437256,-0.08419354824997072,-0.09793388843536377,0.02639150619506836,-0.11158788024164323,-0.11920756101608276,0.007526993751525879,-0.11321684538103227,-0.13400310277938843,-0.008207142353057861,-0.11405920802332048
0.0,0.0,0.0,0.026818275451660156,-0.05974733829498291,-0.043978290693758026,0.05848127603530884,-0.0864260196685791,-0.07319341419815828,0.08600211143493652,-0.0958714485168457,-0.09570034413218309,0.11429482698440552,-0.11890733242034912,-0.12023991911291887,0.025523066520690918,-0.0035879015922546387,-0.09082055656790544,0.017761170864105225,0.025629639625549316,-0.13711333839773943,0.013209700584411621,0.021926522254943848,-0.17559901444792558,0.0031334757804870605,0.002825438976287842,-0.19944841234564592,-0.015331506729125977,0.03041243553161621,-0.08560929267287065,-0.04189443588256836,0.04287457466125488,-0.13241358666300584,-0.06688696146011353,0.024792134761810303,-0.15957953600764085,-0.08913803100585938,0.003815293312072754,-0.17923439113974382,-0.04478806257247925,0.04722905158996582,-0.08031537203669359,-0.08159726858139038,0.041474342346191406,-0.11814971088051607,-0.10315817594528198,0.020436763763427734,-0.12554759352087785,-0.11635571718215942,-0.0008783936500549316,-0.12874010770201494,-0.0640072226524353,0.04592365026473999,-0.07787336228966524,-0.09523093700408936,0.03103935718536377,-0.09926157264590074,-0.11035853624343872,0.006423056125640869,-0.09559420316099931,-0.1217198371887207,-0.01344311237335205,-0.09285035549282838
0.0,0.0,0.0,0.017212510108947754,-0.0636293888092041,-0.04055108031084842,0.04600042104721069,-0.08721959590911865,-0.0657775429432661,0.07660824060440063,-0.0920746922492981,-0.08615563338449306,0.10801774263381958,-0.1089317798614502,-0.1082693961804182,0.0216255784034729,-0.0025922060012817383,-0.07437897002151317,0.007997512817382812,0.030896365642547607,-0.1178732094710142,-0.0018219351768493652,0.03240853548049927,-0.15363754605701274,-0.018696129322052002,0.015127837657928467,-0.17454478418281383,-0.015409409999847412,0.03829801082611084,-0.07197489863088435,-0.05047792196273804,0.04876375198364258,-0.11764103447845287,-0.07786190509796143,0.030792176723480225,-0.1454373476450712,-0.10183072090148926,0.01089102029800415,-0.16391738032749004,-0.042138516902923584,0.05748564004898071,-0.07045416807582683,-0.08941930532455444,0.04748642444610596,-0.11323850875547237,-0.12031149864196777,0.020413577556610107,-0.12404129182746715,-0.1392950415611267,-0.005365312099456787,-0.126955362910536,-0.06022912263870239,0.05478936433792114,-0.07128384982993907,-0.10596358776092529,0.036421239376068115,-0.10000939940860576,-0.13407331705093384,0.0057762861251831055,-0.09949755197217769,-0.15385955572128296,-0.02002948522567749,-0.09667278354814357
0.0,0.0,0.0,0.0185050368309021,-0.07387083768844604,-0.04652434311486786,0.05436372756958008,-0.10111361742019653,-0.07477055586554116,0.0880017876625061,-0.10411810874938965,-0.09711901940084999,0.1185409426689148,-0.1278565526008606,-0.12135105676628655,0.03670448064804077,-0.014355182647705078,-0.08813455797411507,0.03640323877334595,0.006333708763122559,-0.1348096812484414,0.028659701347351074,0.005324840545654297,-0.17140159852482384,0.012013673782348633,-0.009636998176574707,-0.19316154069878166,-0.002055943012237549,0.02804696559906006,-0.08423321045614784,-0.02964925765991211,0.036457598209381104,-0.1362488055942208,-0.058112144470214844,0.021277785301208496,-0.16560495741344994,-0.08546602725982666,0.005744218826293945,-0.18431214339710777,-0.03292185068130493,0.052061498165130615,-0.08144307233072823,-0.06897962093353271,0.04583847522735596,-0.12957174427486962,-0.09638214111328125,0.023976922035217285,-0.14320912308670586,-0.11735063791275024,0.0027950406074523926,-0.1473182672975213,-0.05462461709976196,0.05526524782180786,-0.08117669917322701,-0.08193027973175049,0.04393845796585083,-0.11463564730860298,-0.10296165943145752,0.020827531814575195,-0.11718560851790016,-0.12173861265182495,0.0018731355667114258,-0.11609394944883888
0.0,0.0,0.0,0.021136581897735596,-0.0650138258934021,-0.0456035861508326,0.05967378616333008,-0.09163451194763184,-0.0748813206092791,0.09473675489425659,-0.09627777338027954,-0.09815306754273934,0.12410449981689453,-0.11885732412338257,-0.12353246451777977,0.0487484335899353,-0.01986473798751831,-0.08846269340676827,0.04760146141052246,0.005759000778198242,-0.13469244332475228,0.03591269254684448,0.011872470378875732,-0.17212925644082588,0.018394649028778076,0.0035061240196228027,-0.1954121717946009,0.012279212474822998,0.017086684703826904,-0.08453272820872826,-0.011952757835388184,0.03018474578857422,-0.13480028302831215,-0.039534032344818115,0.026863276958465576,-0.16706949265164894,-0.06282186508178711,0.019733965396881104,-0.18998653979463143,-0.016598105430603027,0.04023909568786621,-0.0811626219884829,-0.04579192399978638,0.047073423862457275,-0.12695404679936928,-0.07253825664520264,0.033828020095825195,-0.14333700926465553,-0.09309613704681396,0.018567204475402832,-0.15148232669992012,-0.03722101449966431,0.0494154691696167,-0.08015785904092354,-0.053501129150390625,0.05087834596633911,-0.11160162629050774,-0.07234394550323486,0.038606345653533936,-0.11566263975066704,-0.0904507040977478,0.02695906162261963,-0.11741202117366356
0.0,0.0,0.0,0.0232124924659729,-0.06773710250854492,-0.03844214683141445,0.056151390075683594,-0.09831321239471436,-0.06413471778597568,0.09016996622085571,-0.10427290201187134,-0.08515847554173206,0.1171795129776001,-0.12684965133666992,-0.10717628231014942,0.03932332992553711,-0.024487435817718506,-0.0747942634459946,0.034274160861968994,-0.005573451519012451,-0.11680961480107044,0.023894667625427246,-0.005185425281524658,-0.15019476493563388,0.009991347789764404,-0.01563417911529541,-0.17089620312418674,0.004651963710784912,0.019000768661499023,-0.0740453906890366,-0.02247828245162964,0.023021042346954346,-0.12008009185757373,-0.050216734409332275,0.011058688163757324,-0.14535148521628116,-0.0757683515548706,-0.0007852911949157715,-0.16242654701437687,-0.02201598882675171,0.04663395881652832,-0.07415975710119938,-0.05286282300949097,0.04216456413269043,-0.11748275240626072,-0.0813978910446167,0.02234560251235962,-0.12543256660666202,-0.10344928503036499,0.0023962855339050293,-0.12667208989824985,-0.04074054956436157,0.05941152572631836,-0.07656224151816104,-0.061705946922302246,0.055879294872283936,-0.10642576297487949,-0.08252155780792236,0.0401650071144104,-0.10533382078375553,-0.10113483667373657,0.02569681406021118,-0.10198695292439197
0.0,0.0,0.0,0.023074626922607422,-0.05273622274398804,-0.04644601002800641,0.05725151300430298,-0.07742482423782349,-0.0775320562766808,0.08453768491744995,-0.08475428819656372,-0.10125048041808782,0.11247289180755615,-0.1083446741104126,-0.12745315909850774,0.030886530876159668,0.001838982105255127,-0.10477584183681188,0.02581608295440674,0.03143984079360962,-0.154043059353711,0.017280101776123047,0.03164231777191162,-0.1928316015051621,0.0028758645057678223,0.01753145456314087,-0.2173267710255402,-0.010644793510437012,0.028728187084197998,-0.1009170147823113,-0.0324021577835083,0.05233752727508545,-0.15581364512908635,-0.05862683057785034,0.041581153869628906,-0.1915011811302918,-0.07915621995925903,0.02592688798904419,-0.2180781322764176,-0.04016488790512085,0.040982961654663086,-0.096020381455304,-0.07380741834640503,0.052645325660705566,-0.1436653542565125,-0.09870654344558716,0.03324943780899048,-0.16323667347896276,-0.11421358585357666,0.012293994426727295,-0.1749129253672379,-0.06107449531555176,0.03667247295379639,-0.09316905916202245,-0.09060901403427124,0.02972930669784546,-0.12373190701472936,-0.1097368597984314,0.009159326553344727,-0.13016941726672826,-0.12347650527954102,-0.010470867156982422,-0.13555849671828923
0.0,0.0,0.0,0.02207106351852417,-0.06483393907546997,-0.038869005121512146,0.05436664819717407,-0.09438997507095337,-0.06354252291492912,0.08337104320526123,-0.10302317142486572,-0.08327961010508034,0.10851764678955078,-0.1245427131652832,-0.10453101290039513,0.029304862022399902,-0.020567715167999268,-0.0762219135241935,0.02717268466949463,-0.0018338561058044434,-0.11846233201794121,0.017538845539093018,-0.001735389232635498,-0.15298850876860115,0.0018006563186645508,-0.011431992053985596,-0.1735751335101554,-0.006973683834075928,0.017774522304534912,-0.07329555643372032,-0.03622174263000488,0.022448062896728516,-0.11700738263897392,-0.06294012069702148,0.008968234062194824,-0.14207974118761513,-0.08773022890090942,-0.0031502842903137207,-0.15918229562811348,-0.03551971912384033,0.041842520236968994,-0.07091558022074196,-0.07107484340667725,0.03326618671417236,-0.1097568352299163,-0.09622007608413696,0.014610350131988525,-0.11730911625198814,-0.11375254392623901,-0.0024341940879821777,-0.11895398093037102,-0.05485546588897705,0.04839736223220825,-0.07093011630348656,-0.08220565319061279,0.03434562683105469,-0.09516488058142158,-0.10105031728744507,0.014702141284942627,-0.09200976831488106,-0.116646409034729,0.00099104642868042,-0.08788303328327629
0.0,0.0,0.0,0.022204041481018066,-0.058428287506103516,-0.04289731268946184,0.05224144458770752,-0.08458799123764038,-0.07128705342475428,0.07908707857131958,-0.09277969598770142,-0.0936834912485267,0.10326725244522095,-0.11643087863922119,-0.11807059009734644,0.021813631057739258,-0.01596391201019287,-0.08762299527589335,0.015742599964141846,0.013193368911743164,-0.13198996593419565,0.007441043853759766,0.013123869895935059,-0.1678916167205955,-0.005653798580169678,-0.0012086033821105957,-0.1901258330530311,-0.01653146743774414,0.022091388702392578,-0.08393142630521311,-0.04178476333618164,0.03403347730636597,-0.1303024243301536,-0.06682491302490234,0.022588074207305908,-0.15760008503858103,-0.0899200439453125,0.00911104679107666,-0.1772735815233375,-0.04356110095977783,0.0460050106048584,-0.08025862534705652,-0.07417309284210205,0.04931044578552246,-0.12174327184621347,-0.09945392608642578,0.031970977783203125,-0.13125182201329721,-0.1176188588142395,0.013162314891815186,-0.13493830968801035,-0.06010258197784424,0.053803324699401855,-0.07906937112275614,-0.08398222923278809,0.052846550941467285,-0.10592653860513224,-0.10241389274597168,0.036568284034729004,-0.10453753431502832,-0.11815333366394043,0.022276103496551514,-0.10237995048228754
0.0,0.0,0.0,0.0248868465423584,-0.06156134605407715,-0.03989020478215366,0.05689418315887451,-0.09088766574859619,-0.06639650207247882,0.0860704779624939,-0.09801208972930908,-0.08779244613137394,0.11183267831802368,-0.12003755569458008,-0.11095159989085346,0.034623146057128906,-0.01825559139251709,-0.0805550266453281,0.028911054134368896,0.007414340972900391,-0.1258053381392017,0.01711827516555786,0.008117139339447021,-0.1630844522663608,-0.0017269253730773926,-0.005896925926208496,-0.1851053137728229,-0.002682209014892578,0.020352721214294434,-0.07793638598408847,-0.03268885612487793,0.027759015560150146,-0.12511390935864597,-0.060645878314971924,0.01685422658920288,-0.15287872147050052,-0.0880051851272583,0.003763735294342041,-0.1713220227905765,-0.031141936779022217,0.04479759931564331,-0.07560423504796177,-0.06504422426223755,0.042315781116485596,-0.11663368832554966,-0.09224146604537964,0.025430500507354736,-0.12547457706418186,-0.11231249570846558,0.006135344505310059,-0.12754282843556553,-0.05112814903259277,0.052558958530426025,-0.07560419779505878,-0.07729482650756836,0.04565471410751343,-0.100527812952663,-0.09677517414093018,0.027571678161621094,-0.09725311886754184,-0.11357080936431885,0.011497855186462402,-0.09299811464038044
0.0,0.0,0.0,0.02273792028427124,-0.06539702415466309,-0.042640560278812245,0.053347647190093994,-0.09590661525726318,-0.07084243834964354,0.08377116918563843,-0.10505509376525879,-0.0930397370552214,0.11008119583129883,-0.12949234247207642,-0.11691255212775786,0.02907770872116089,-0.021795928478240967,-0.08534528405419906,0.022435665130615234,-0.001442551612854004,-0.1296263942217024,0.01471489667892456,-0.0027139782905578613,-0.16505767495385726,0.0018308162689208984,-0.016383707523345947,-0.18672525973073562,-0.005138695240020752,0.019464552402496338,-0.08162042588941176,-0.032569944858551025,0.020522654056549072,-0.12926682920209487,-0.05929368734359741,0.005974113941192627,-0.15615089328042586,-0.0871623158454895,-0.0070500969886779785,-0.17458114118329604,-0.029600679874420166,0.04485177993774414,-0.07822299839011748,-0.05898630619049072,0.03772813081741333,-0.12157303930274566,-0.08753353357315063,0.01642531156539917,-0.12990413696519454,-0.11139369010925293,-0.002718687057495117,-0.131816402981201,-0.04596000909805298,0.05310094356536865,-0.07738459200612624,-0.06596940755844116,0.04850459098815918,-0.10680107117644866,-0.08670002222061157,0.03294968605041504,-0.1057115504240187,-0.10669291019439697,0.02057671546936035,-0.10280481816283782
0.0,0.0,0.0,0.022346079349517822,-0.06403326988220215,-0.03532847721885446,0.05215209722518921,-0.09531784057617188,-0.05711664219211343,0.08196407556533813,-0.10474622249603271,-0.07403249253343347,0.10626620054244995,-0.12659204006195068,-0.09227886755775216,0.02572399377822876,-0.01952528953552246,-0.06800856401036981,0.024758338928222656,-0.004463136196136475,-0.10445441265414956,0.014809012413024902,-0.010651886463165283,-0.13566382189105752,0.001638948917388916,-0.022524714469909668,-0.15514518280338052,-0.008264422416687012,0.019598662853240967,-0.06503988017152551,-0.03511536121368408,0.0209769606590271,-0.10269604583095315,-0.057604432106018066,0.005671501159667969,-0.12575741072009805,-0.07781678438186646,-0.004735887050628662,-0.14295339544128183,-0.03422194719314575,0.04254835844039917,-0.06233084161590341,-0.06700623035430908,0.030436992645263672,-0.0960135530383468,-0.09175294637680054,0.0055119991302490234,-0.1022534142882705,-0.10871201753616333,-0.013676226139068604,-0.10475064773868326,-0.05224043130874634,0.048161208629608154,-0.061867031797874006,-0.0803447961807251,0.03144770860671997,-0.0825799997599006,-0.10093539953231812,0.010626256465911865,-0.07841232378791574,-0.11697554588317871,-0.0014546513557434082,-0.07461474795650247
0.0,0.0,0.0,0.022738099098205566,-0.057722389698028564,-0.042724217787622365,0.05586540699005127,-0.08396643400192261,-0.06991296590888396,0.08579421043395996,-0.0928645133972168,-0.0905444580467929,0.11234325170516968,-0.1179991364479065,-0.11324520738446608,0.02948993444442749,-0.012142837047576904,-0.08628180952393905,0.02541881799697876,0.011393547058105469,-0.1304944041522731,0.016818702220916748,0.008881926536560059,-0.166865739539503,0.005012989044189453,-0.004891932010650635,-0.18942882449948684,-0.0064353346824646,0.022867441177368164,-0.08160613806569472,-0.03189164400100708,0.031649231910705566,-0.12711787553155318,-0.056419312953948975,0.017266452312469482,-0.15521793396794692,-0.07763421535491943,0.003414452075958252,-0.17578572364175216,-0.03217744827270508,0.04306209087371826,-0.07700617940747634,-0.06309306621551514,0.03856021165847778,-0.1177273872646083,-0.08936339616775513,0.014891386032104492,-0.12850267024361983,-0.10677850246429443,-0.00718611478805542,-0.13361628682935134,-0.0493655800819397,0.04592728614807129,-0.07482181818807021,-0.07595527172088623,0.03528261184692383,-0.10086379529559508,-0.09608566761016846,0.0162351131439209,-0.10041302026832,-0.1109001636505127,0.0016422867774963379,-0.09943478883826629
0.0,0.0,0.0,0.022138655185699463,-0.07025432586669922,-0.03533024700581677,0.057871460914611816,-0.09722697734832764,-0.058357085904475525,0.09221488237380981,-0.10266149044036865,-0.07718152540027745,0.11908060312271118,-0.12728655338287354,-0.0980123280197347,0.04352116584777832,-0.019412875175476074,-0.07062729435264714,0.038114964962005615,0.0023656487464904785,-0.11153566079437383,0.029232680797576904,-0.002535223960876465,-0.1450711636453832,0.01398015022277832,-0.020193397998809814,-0.16500212239324696,0.007719576358795166,0.021801412105560303,-0.06997133778631337,-0.022383689880371094,0.02822941541671753,-0.11274030046760686,-0.04912865161895752,0.0086289644241333,-0.1376788912922109,-0.07500553131103516,-0.010737299919128418,-0.15442506956159718,-0.022294461727142334,0.04567980766296387,-0.06982747452556737,-0.05948138236999512,0.033524155616760254,-0.10884329663812764,-0.08747267723083496,0.009552240371704102,-0.11681053029596455,-0.10636144876480103,-0.014625132083892822,-0.11862035827934392,-0.04465746879577637,0.04947364330291748,-0.07167455541193135,-0.07513582706451416,0.030325114727020264,-0.09663244324028142,-0.09683459997177124,0.0046500563621521,-0.09359128015339024,-0.11347895860671997,-0.01627880334854126,-0.08928628253042348
0.0,0.0,0.0,0.02084195613861084,-0.05707728862762451,-0.03448221400924467,0.053878962993621826,-0.07894504070281982,-0.056911780839641324,0.08562058210372925,-0.08402872085571289,-0.07484350666948103,0.11306411027908325,-0.10328620672225952,-0.09419760421462797,0.0282895565032959,-0.003942608833312988,-0.06976595834441923,0.02163553237915039,0.0252341628074646,-0.10539789066262983,0.014287590980529785,0.026139140129089355,-0.13379511550613188,0.0047310590744018555,0.01173025369644165,-0.1515778632516458,-0.0033857226371765137,0.03250908851623535,-0.06852840200610899,-0.03062218427658081,0.042447030544281006,-0.10803091094442152,-0.05460464954376221,0.026642560958862305,-0.13070193246551298,-0.075167715549469,0.011485159397125244,-0.1466049583310678,-0.027870893478393555,0.05331897735595703,-0.06735889927097105,-0.06002819538116455,0.05508381128311157,-0.1044354693646028,-0.08410614728927612,0.0373569130897522,-0.11229844704814695,-0.09833675622940063,0.019526422023773193,-0.11449857369609617,-0.04337155818939209,0.06002473831176758,-0.06806344852395796,-0.06591695547103882,0.061201512813568115,-0.0928930299038484,-0.08367031812667847,0.04702305793762207,-0.09130990818687224,-0.09694236516952515,0.03449678421020508,-0.08846090302415632
0.0,0.0,0.0,0.030558526515960693,-0.06458920240402222,-0.03449503659132347,0.06481391191482544,-0.09312313795089722,-0.056489914197953794,0.09644633531570435,-0.10263919830322266,-0.07412524103048668,0.11709636449813843,-0.1304241418838501,-0.09305923013809547,0.03855550289154053,-0.023791372776031494,-0.06515585957887993,0.035698533058166504,-0.005801856517791748,-0.10121770529869423,0.028136909008026123,-0.007404208183288574,-0.13198806672218666,0.017839789390563965,-0.01825958490371704,-0.15146610467556343,0.0025739669799804688,0.011515974998474121,-0.06333022146347389,-0.021212518215179443,0.017434358596801758,-0.10182808666351661,-0.044248759746551514,0.0033620595932006836,-0.12552437512997017,-0.06704545021057129,-0.008408010005950928,-0.14260800509575233,-0.025050342082977295,0.03352630138397217,-0.061820700306924437,-0.05385088920593262,0.028732001781463623,-0.09759188770178184,-0.07808917760848999,0.0051136016845703125,-0.10483669071319923,-0.09589552879333496,-0.015117228031158447,-0.10703481315496788,-0.043439507484436035,0.03984260559082031,-0.062421995688708876,-0.06442058086395264,0.03062385320663452,-0.0858299019825779,-0.08232325315475464,0.011568248271942139,-0.08311991720321998,-0.09772759675979614,-0.0014628171920776367,-0.07956654160145149
0.0,0.0,0.0,0.02428203821182251,-0.06567937135696411,-0.03268684408027411,0.054983317852020264,-0.09560811519622803,-0.053833052128140935,0.08513826131820679,-0.10457563400268555,-0.07121343871909858,0.10645240545272827,-0.13053077459335327,-0.08985630384046317,0.027739882469177246,-0.022911250591278076,-0.06399609109718085,0.02542179822921753,-0.006163060665130615,-0.10013639888126136,0.017454087734222412,-0.010514378547668457,-0.13030202648002387,0.004755556583404541,-0.02209174633026123,-0.1490266915257621,-0.00697779655456543,0.01794964075088501,-0.06341513952571631,-0.03382796049118042,0.017587125301361084,-0.10139432510692359,-0.05887603759765625,0.0023937225341796875,-0.12286943903524161,-0.08360224962234497,-0.00902944803237915,-0.1383162285979438,-0.03291749954223633,0.04401940107345581,-0.06332599332887412,-0.06211191415786743,0.03433942794799805,-0.09874177685338736,-0.08894401788711548,0.011059820652008057,-0.10343965104181052,-0.10976094007492065,-0.008569836616516113,-0.10378953030664206,-0.05068284273147583,0.0542447566986084,-0.06534782013255835,-0.07185381650924683,0.04706263542175293,-0.08878502210933448,-0.09121972322463989,0.029772639274597168,-0.08488448670465232,-0.10875815153121948,0.017089903354644775,-0.08022514691907645
0.0,0.0,0.0,0.023536324501037598,-0.061737000942230225,-0.03991787988655915,0.05367255210876465,-0.09212654829025269,-0.06558673936837067,0.08147025108337402,-0.10393410921096802,-0.08557033646815171,0.10591858625411987,-0.127616286277771,-0.10706132013314118,0.02115088701248169,-0.01401209831237793,-0.08258708674424042,0.020182907581329346,-0.0032720565795898438,-0.1280890639495169,0.012756645679473877,-0.008750498294830322,-0.16436719257347931,-0.0009803175926208496,-0.019653260707855225,-0.18562478680127015,-0.016070246696472168,0.020557880401611328,-0.07875534255020966,-0.041006505489349365,0.015950322151184082,-0.12382713813298096,-0.0666663646697998,-0.00013107061386108398,-0.147401162571839,-0.091785728931427,-0.01315540075302124,-0.1638145085047995,-0.04213517904281616,0.04167294502258301,-0.0755051161717688,-0.07084423303604126,0.030208230018615723,-0.11426022756808152,-0.09471845626831055,0.009713351726531982,-0.11901226002686371,-0.1126740574836731,-0.008319735527038574,-0.11947269845717301,-0.05894535779953003,0.04710584878921509,-0.07498929757588257,-0.08271688222885132,0.03565603494644165,-0.09836124736779084,-0.10182231664657593,0.016999542713165283,-0.09346287805550446,-0.11872154474258423,0.003296196460723877,-0.0886066045235907
0.0,0.0,0.0,0.022766292095184326,-0.06458801031112671,-0.03887358254732476,0.053227007389068604,-0.09339463710784912,-0.06478449276627885,0.08186686038970947,-0.10052073001861572,-0.08480258605422364,0.10642987489700317,-0.12204474210739136,-0.10690551570596085,0.027131617069244385,-0.01580667495727539,-0.08124500832499848,0.023002564907073975,0.003543674945831299,-0.1252423780316292,0.017324090003967285,-0.0016456842422485352,-0.16201294532956467,0.0065277814865112305,-0.01689445972442627,-0.18431852332295762,-0.0074880123138427734,0.02214813232421875,-0.07766297779025422,-0.03512018918991089,0.02444744110107422,-0.12106056085767136,-0.058864593505859375,0.004395246505737305,-0.14577857724370347,-0.08221042156219482,-0.015258967876434326,-0.16362101904095994,-0.033779144287109375,0.044848501682281494,-0.07418064347447739,-0.06627142429351807,0.031078815460205078,-0.11083843878449784,-0.09097528457641602,0.005087733268737793,-0.11595069191398011,-0.10737746953964233,-0.018158674240112305,-0.1174853178018509,-0.0520816445350647,0.04973345994949341,-0.07333720794858323,-0.08045685291290283,0.03213608264923096,-0.09489783964099274,-0.09995025396347046,0.009105443954467773,-0.08975120953263627,-0.11501121520996094,-0.007090747356414795,-0.08531473896445618
0.0,0.0,0.0,0.02533400058746338,-0.06421256065368652,-0.041265783422801405,0.058203935623168945,-0.09172689914703369,-0.0695701069768404,0.08838999271392822,-0.10006612539291382,-0.09172421466669789,0.11363428831100464,-0.12444669008255005,-0.11605690937599888,0.032659173011779785,-0.009427011013031006,-0.08839247148594609,0.029116153717041016,0.010852992534637451,-0.13652409386000386,0.02179849147796631,0.002499997615814209,-0.1764085270102953,0.007677555084228516,-0.017335236072540283,-0.2007784820731615,-0.0053910017013549805,0.023366272449493408,-0.08542132150492421,-0.03359043598175049,0.025022387504577637,-0.1339862174924349,-0.058611154556274414,0.00200045108795166,-0.16272344958147755,-0.08229267597198486,-0.01976102590560913,-0.18332211446127644,-0.034679949283599854,0.040810227394104004,-0.08238153677544346,-0.06971943378448486,0.024931907653808594,-0.1232771925266718,-0.09492570161819458,-0.002835869789123535,-0.1313473857577776,-0.11111295223236084,-0.02748161554336548,-0.13461792241892567,-0.05582129955291748,0.039842069149017334,-0.08200298022589436,-0.08627903461456299,0.020317375659942627,-0.1064188830193018,-0.10660386085510254,-0.0036753416061401367,-0.10299958806595555,-0.12143450975418091,-0.021295607089996338,-0.09990544390043965
0.0,0.0,0.0,0.022623836994171143,-0.06130516529083252,-0.03390695250692488,0.054280757904052734,-0.09016847610473633,-0.055176631576443924,0.08256441354751587,-0.10181820392608643,-0.07187146416964652,0.10486966371536255,-0.12687897682189941,-0.09082422874035956,0.025364577770233154,-0.01136106252670288,-0.07073301545443655,0.022528648376464844,0.0067310333251953125,-0.10988586864533545,0.013455986976623535,-0.00302278995513916,-0.14321002087655188,0.002886652946472168,-0.02324777841567993,-0.1643365891939652,-0.01137697696685791,0.019353926181793213,-0.06992488822999121,-0.03643685579299927,0.024645328521728516,-0.10824090710940482,-0.059920549392700195,0.00226670503616333,-0.1315248878962052,-0.07880944013595581,-0.019709348678588867,-0.14956137261452795,-0.04038643836975098,0.035858988761901855,-0.06919295809331061,-0.07543933391571045,0.02238994836807251,-0.10366810581746222,-0.10297644138336182,-0.004502654075622559,-0.10915488473239066,-0.11746460199356079,-0.03091675043106079,-0.11179069898190619,-0.06189244985580444,0.03675955533981323,-0.07068540624442221,-0.09501302242279053,0.017580807209014893,-0.09129911384644629,-0.1168469786643982,-0.005935966968536377,-0.08654723784985663,-0.13025426864624023,-0.023900508880615234,-0.08308834306063773
0.0,0.0,0.0,0.02119380235671997,-0.05870640277862549,-0.035390277255061164,0.054144442081451416,-0.08439970016479492,-0.05919489716339399,0.08477514982223511,-0.09400606155395508,-0.07813953687596609,0.11025995016098022,-0.11704665422439575,-0.09933874090361883,0.030791878700256348,-0.007300198078155518,-0.0782409914319544,0.02884542942047119,0.01562952995300293,-0.12096689720797826,0.018926680088043213,0.008279383182525635,-0.15611662049937536,0.005699038505554199,-0.010976314544677734,-0.17781470795321752,-0.007237732410430908,0.022134602069854736,-0.07740722675967504,-0.031186163425445557,0.029840588569641113,-0.11999441762614538,-0.05397123098373413,0.009856820106506348,-0.14523813207793523,-0.07362896203994751,-0.010259866714477539,-0.16416601916003515,-0.036674320697784424,0.03687387704849243,-0.07631307919669439,-0.07228642702102661,0.025055766105651855,-0.11298740734505941,-0.09974879026412964,-0.00024169683456420898,-0.11889835526395132,-0.11513537168502808,-0.025857269763946533,-0.12152081062245657,-0.058621108531951904,0.03376114368438721,-0.07748286505389501,-0.09335654973983765,0.015118181705474854,-0.09936571200537969,-0.1150699257850647,-0.006794989109039307,-0.09484204729247381,-0.12886470556259155,-0.024342238903045654,-0.09130053301501562
0.0,0.0,0.0,0.02289646863937378,-0.05640852451324463,-0.04367972777322393,0.0543062686920166,-0.08487218618392944,-0.07194632158712011,0.08297324180603027,-0.09439843893051147,-0.09342504159644704,0.10981953144073486,-0.11974644660949707,-0.11694924400285345,0.026836514472961426,-0.01221376657485962,-0.08838222042754751,0.02276366949081421,0.00992196798324585,-0.1350690336628304,0.015362739562988281,0.006499111652374268,-0.17350629584029775,0.003920257091522217,-0.00948190689086914,-0.1970805139942513,-0.008147060871124268,0.023929834365844727,-0.08360949025586706,-0.03278094530105591,0.02935802936553955,-0.13020326809123617,-0.05823391675949097,0.012345969676971436,-0.158013916174923,-0.08074378967285156,-0.004212915897369385,-0.17828448728755575,-0.03344970941543579,0.0444757342338562,-0.07906757162049871,-0.06375443935394287,0.0387386679649353,-0.1202731119199143,-0.09051257371902466,0.017274022102355957,-0.12898642436698537,-0.10910606384277344,-0.0023664236068725586,-0.13242960588172537,-0.04983729124069214,0.04964733123779297,-0.07721186296180349,-0.07593613862991333,0.03812319040298462,-0.10306376830772024,-0.0959596037864685,0.01988774538040161,-0.10095071659520727,-0.11151421070098877,0.0059847235679626465,-0.09855801479056936
0.0,0.0,0.0,0.019896507263183594,-0.05421042442321777,-0.0397107448254701,0.04855722188949585,-0.07840877771377563,-0.06575949451075758,0.07451438903808594,-0.08770555257797241,-0.08569405188904966,0.10037946701049805,-0.1112290620803833,-0.10814050546036924,0.0169256329536438,0.003992915153503418,-0.08573438188182081,0.012108147144317627,0.024550914764404297,-0.12969089260445799,0.004531741142272949,0.014683842658996582,-0.1661889325653192,-0.005720973014831543,-0.006099283695220947,-0.1889000307594415,-0.0215722918510437,0.031410932540893555,-0.0821660157118913,-0.04728215932846069,0.03915685415267944,-0.12700659742699827,-0.07198441028594971,0.016424834728240967,-0.15440238228188718,-0.09114289283752441,-0.006909549236297607,-0.1750452887092706,-0.04855591058731079,0.04376029968261719,-0.07793623915063108,-0.08455485105514526,0.03400295972824097,-0.11585118582593168,-0.11306440830230713,0.0052970051765441895,-0.12322955539571012,-0.12761783599853516,-0.021852552890777588,-0.12699890842782224,-0.06702351570129395,0.03884238004684448,-0.0762039568101045,-0.10375165939331055,0.019607126712799072,-0.09757331719742979,-0.1266101598739624,-0.005545437335968018,-0.09372288694726194,-0.13961976766586304,-0.026036441326141357,-0.09131296685086454
0.0,0.0,0.0,0.02451491355895996,-0.0489656925201416,-0.03349315250130758,0.05725562572479248,-0.07054316997528076,-0.05515571558686361,0.08384519815444946,-0.08109533786773682,-0.07214368009778127,0.10801112651824951,-0.09815829992294312,-0.09169600033970937,0.028725922107696533,0.013537168502807617,-0.07000852996321782,0.02638065814971924,0.03819805383682251,-0.10645618909808263,0.018878698348999023,0.028198838233947754,-0.13822303587409124,0.010315179824829102,0.006612837314605713,-0.15911207968207464,-0.012752532958984375,0.03855997323989868,-0.06965180361481771,-0.030900657176971436,0.05788475275039673,-0.10666074478837118,-0.05615133047103882,0.03592264652252197,-0.13074014955969915,-0.073924720287323,0.012022078037261963,-0.15027263635607824,-0.04381752014160156,0.04525941610336304,-0.06894519800158605,-0.07488876581192017,0.04305928945541382,-0.10433049375029668,-0.10201412439346313,0.019269168376922607,-0.11255232119771108,-0.11508607864379883,-0.00617140531539917,-0.1174852314016448,-0.06696337461471558,0.032502949237823486,-0.07004581266852483,-0.10352867841720581,0.011728465557098389,-0.09328885251494512,-0.12674063444137573,-0.011210381984710693,-0.09133920693608388,-0.13827407360076904,-0.02888709306716919,-0.09009566778155431
0.0,0.0,0.0,0.0223197340965271,-0.06726962327957153,-0.03973368467032401,0.05385059118270874,-0.10072368383407593,-0.0645302189999768,0.08257085084915161,-0.11264580488204956,-0.08412038819133727,0.10751676559448242,-0.1369454264640808,-0.10526614175378768,0.032103776931762695,-0.023102283477783203,-0.0737050874644467,0.029442787170410156,-0.010700404644012451,-0.11322883055746047,0.02100968360900879,-0.011482775211334229,-0.1464744983726689,0.005317866802215576,-0.01928412914276123,-0.16667975769578902,-0.0014017820358276367,0.017745673656463623,-0.06955158994733779,-0.03409099578857422,0.013829171657562256,-0.11148738400279967,-0.06172376871109009,-0.0013196468353271484,-0.13748349533616988,-0.08841675519943237,-0.01232999563217163,-0.15566821680604903,-0.028578639030456543,0.04316282272338867,-0.06582120345174758,-0.06335288286209106,0.0283929705619812,-0.10217143879472701,-0.08868825435638428,0.0061149001121521,-0.10997540787994353,-0.10874778032302856,-0.012109220027923584,-0.11261073784172027,-0.0475994348526001,0.0509258508682251,-0.06457383469879119,-0.07203710079193115,0.0375370979309082,-0.08657159195482222,-0.09011507034301758,0.01856297254562378,-0.0827131001764485,-0.1065140962600708,0.005276739597320557,-0.07858191714822738
0.0,0.0,0.0,0.025524258613586426,-0.06612622737884521,-0.033634314423295564,0.055647194385528564,-0.09591901302337646,-0.05653248179504544,0.08485591411590576,-0.10626250505447388,-0.07536415207931668,0.10753011703491211,-0.1331784427165985,-0.09619197446653516,0.030109286308288574,-0.017761409282684326,-0.06952876794883878,0.024690747261047363,-0.0002677440643310547,-0.1094931756312576,0.015627622604370117,-0.009006202220916748,-0.14322563458034665,0.003418445587158203,-0.026380717754364014,-0.16482582140514523,-0.004966855049133301,0.02057063579559326,-0.06922085035392911,-0.03074514865875244,0.015756189823150635,-0.10951443213770062,-0.05756288766860962,-0.0048972368240356445,-0.1326029990966049,-0.08163625001907349,-0.020510852336883545,-0.15003850508281857,-0.03130418062210083,0.043201982975006104,-0.06936782795736463,-0.05960702896118164,0.028867721557617188,-0.10658841032335431,-0.08798402547836304,0.0015760064125061035,-0.11162202257463605,-0.10861319303512573,-0.02075129747390747,-0.11284171242067487,-0.049904465675354004,0.05004674196243286,-0.07169722962925107,-0.07107734680175781,0.03723156452178955,-0.09745268720934064,-0.09095531702041626,0.01721280813217163,-0.09467333752462537,-0.10789167881011963,0.003098011016845703,-0.09122665423700482
0.0,0.0,0.0,0.02117818593978882,-0.06942099332809448,-0.03328079832425601,0.04889059066772461,-0.10113799571990967,-0.05447918278804309,0.07465451955795288,-0.11299693584442139,-0.07122963024011142,0.09670394659042358,-0.13882321119308472,-0.09028081698050983,0.021493196487426758,-0.014600098133087158,-0.06774298203816898,0.017436087131500244,-0.0015346407890319824,-0.10337403518786914,0.010520696640014648,-0.015148460865020752,-0.13518761945596225,-0.0012553930282592773,-0.03611624240875244,-0.1552501107536841,-0.014275968074798584,0.021356582641601562,-0.06531582874885089,-0.046529412269592285,0.012148261070251465,-0.10111428154340274,-0.07121586799621582,-0.01231992244720459,-0.12380995703568942,-0.09313797950744629,-0.031393587589263916,-0.141134762295394,-0.041485488414764404,0.04181849956512451,-0.0625885884248305,-0.07895505428314209,0.018572866916656494,-0.09256868166556842,-0.10453128814697266,-0.010363221168518066,-0.09706276012292392,-0.12005150318145752,-0.03414738178253174,-0.09923660112252719,-0.059617578983306885,0.04318004846572876,-0.0621613572322417,-0.09064406156539917,0.02264922857284546,-0.07879791510930545,-0.10969734191894531,-0.004087567329406738,-0.0723503391229201,-0.12413990497589111,-0.022590935230255127,-0.06759514761796481
0.0,0.0,0.0,0.02435779571533203,-0.0568617582321167,-0.03406099608804425,0.050595760345458984,-0.0832144021987915,-0.055387776407258116,0.07351535558700562,-0.09459316730499268,-0.0716149323311015,0.09554916620254517,-0.11917206645011902,-0.09042591235305508,0.016695261001586914,0.0036507248878479004,-0.07039106270934781,0.0059999823570251465,0.0223427414894104,-0.10775715491439541,-0.0025559067726135254,0.008837461471557617,-0.14082447818185528,-0.011882245540618896,-0.015614449977874756,-0.16177798441316327,-0.022041380405426025,0.031834423542022705,-0.06838366768027981,-0.053020596504211426,0.03058701753616333,-0.10597462585832318,-0.078219473361969,0.0018187165260314941,-0.13067231706048688,-0.09648865461349487,-0.025413453578948975,-0.14983960619832715,-0.05024278163909912,0.042434513568878174,-0.0657095425453349,-0.09241801500320435,0.020308732986450195,-0.09905910125638684,-0.12143313884735107,-0.012732863426208496,-0.10500724247361859,-0.13427770137786865,-0.04244732856750488,-0.1080037542309924,-0.06957590579986572,0.03607267141342163,-0.06514892360831936,-0.11244648694992065,0.009410560131072998,-0.08255605778361996,-0.1359165906906128,-0.017336785793304443,-0.07612555852796277,-0.14738398790359497,-0.037690579891204834,-0.07199675223495206
0.0,0.0,0.0,0.024513840675354004,-0.0749860405921936,-0.03443099945701533,0.05380713939666748,-0.10613822937011719,-0.0578051248184579,0.08161818981170654,-0.11457115411758423,-0.07703158274210864,0.10198646783828735,-0.13933271169662476,-0.0981387124947446,0.03122633695602417,-0.020493149757385254,-0.06870202734984332,0.02535247802734375,-0.00911027193069458,-0.10793856546200686,0.018185317516326904,-0.01898324489593506,-0.14146601423539096,0.004721224308013916,-0.03585690259933472,-0.16206339761532718,-0.0032652616500854492,0.020396292209625244,-0.06749775275505954,-0.035760462284088135,0.008785068988800049,-0.10922585442580157,-0.060534656047821045,-0.013949573040008545,-0.13349821433342868,-0.08598273992538452,-0.02978074550628662,-0.1500076578549283,-0.03093177080154419,0.04433882236480713,-0.06652331367052966,-0.0647130012512207,0.025122523307800293,-0.10347376033581668,-0.0887824296951294,-0.002329230308532715,-0.1096237154296773,-0.10737252235412598,-0.023381948471069336,-0.11045936509884768,-0.05057322978973389,0.050470948219299316,-0.06777259722269946,-0.07602566480636597,0.03386557102203369,-0.09193847343243533,-0.09320574998855591,0.009374439716339111,-0.08856073781765872,-0.10887366533279419,-0.007524311542510986,-0.08386024102486545
0.0,0.0,0.0,0.02082693576812744,-0.06032043695449829,-0.03560473316696289,0.048179447650909424,-0.08918344974517822,-0.057849365411072995,0.07466655969619751,-0.101154625415802,-0.07493793138650062,0.09678900241851807,-0.1266687512397766,-0.09409135499385002,0.016780972480773926,-0.010531306266784668,-0.07342967310336235,0.012863218784332275,0.006050705909729004,-0.11358906993058326,0.004085421562194824,-0.005542337894439697,-0.147494270590812,-0.007155954837799072,-0.025096476078033447,-0.1686550668754876,-0.01889127492904663,0.02070099115371704,-0.07115886279729011,-0.0438380241394043,0.021824121475219727,-0.11074636795905235,-0.06839942932128906,-0.0007216334342956543,-0.13404188969519737,-0.0902475118637085,-0.019696712493896484,-0.1518207035341561,-0.045130372047424316,0.038443148136138916,-0.06903566339400413,-0.07782208919525146,0.025700509548187256,-0.10476411053326729,-0.10695493221282959,-0.0013300180435180664,-0.11004778662112358,-0.1253669261932373,-0.024999260902404785,-0.11215328344491127,-0.06350302696228027,0.04153132438659668,-0.06927078881648185,-0.09561723470687866,0.024176418781280518,-0.09166761407044532,-0.11945629119873047,0.000951230525970459,-0.08758047887471321,-0.13627362251281738,-0.01585829257965088,-0.08419173875239494
0.0,0.0,0.0,0.023963212966918945,-0.046034932136535645,-0.03605323564929108,0.05323600769042969,-0.0672156810760498,-0.06057603192252259,0.0777747631072998,-0.07871568202972412,-0.07957421150726418,0.10100752115249634,-0.10222011804580688,-0.10113689955991845,0.018566608428955078,0.009522020816802979,-0.0805141618542109,0.016545236110687256,0.03120177984237671,-0.12170144823116402,0.00827401876449585,0.023044109344482422,-0.1568552991442118,-0.0032687783241271973,0.0074478983879089355,-0.1791314920477305,-0.021704435348510742,0.03095388412475586,-0.07779295650047402,-0.04259413480758667,0.046412110328674316,-0.11765680369657616,-0.0648530125617981,0.02882164716720581,-0.14277405944389443,-0.08269429206848145,0.011195898056030273,-0.16287952569049935,-0.049375951290130615,0.03903317451477051,-0.07425158378404717,-0.08130645751953125,0.03723543882369995,-0.1081492891601954,-0.10809361934661865,0.013300657272338867,-0.11435618159097771,-0.12261950969696045,-0.00968092679977417,-0.11838562694114785,-0.06847906112670898,0.030086278915405273,-0.0730521371654902,-0.10502642393112183,0.015250027179718018,-0.09307169076723198,-0.1273900270462036,-0.00509411096572876,-0.08909205999893288,-0.13995981216430664,-0.019361257553100586,-0.08688722458404641
0.0,0.0,0.0,0.023686885833740234,-0.06681180000305176,-0.0406114431564788,0.053827762603759766,-0.09547644853591919,-0.06728715174841682,0.08178895711898804,-0.10618740320205688,-0.0872786241118888,0.10394024848937988,-0.13204121589660645,-0.10962177538323203,0.02325880527496338,-0.013662159442901611,-0.08846490555453101,0.019929468631744385,0.0009007453918457031,-0.13291193270134727,0.018584609031677246,-0.008791863918304443,-0.16946425759243766,0.012534737586975098,-0.025620341300964355,-0.19250049912380973,-0.012012302875518799,0.020258545875549316,-0.0842377590482215,-0.03944939374923706,0.016720890998840332,-0.12977248155522147,-0.05989181995391846,-0.007326662540435791,-0.1558620306198577,-0.07977724075317383,-0.027542471885681152,-0.1756032528822402,-0.0385434627532959,0.03862708806991577,-0.07962145381617347,-0.07316488027572632,0.013319134712219238,-0.1195262717549781,-0.09910386800765991,-0.02037203311920166,-0.12647710465836326,-0.11576557159423828,-0.04726046323776245,-0.1296925070230941,-0.057579636573791504,0.03911280632019043,-0.07750916951346198,-0.09217828512191772,0.004884302616119385,-0.1029692786281089,-0.11451715230941772,-0.026807010173797607,-0.10082161896872321,-0.13007032871246338,-0.04831463098526001,-0.09891207986521522
0.0,0.0,0.0,0.02404993772506714,-0.05852806568145752,-0.03740486450942626,0.05492013692855835,-0.08606958389282227,-0.06314605795296302,0.0824880599975586,-0.09729278087615967,-0.08357239090355506,0.10818338394165039,-0.12209045886993408,-0.10620794766100516,0.027284622192382812,-0.01048344373703003,-0.07996075176151862,0.02572941780090332,0.011601865291595459,-0.1255647050634252,0.01769155263900757,0.005094587802886963,-0.16340744071158042,0.0026984810829162598,-0.010848760604858398,-0.18642174773367515,-0.008507788181304932,0.023088693618774414,-0.07759678684624305,-0.033278822898864746,0.0234982967376709,-0.12097338907869926,-0.06011837720870972,0.004941105842590332,-0.1453084009185659,-0.0839795470237732,-0.012136518955230713,-0.16302246921213737,-0.03594827651977539,0.04259788990020752,-0.07561873965414634,-0.0664021372795105,0.027813076972961426,-0.11165880732687583,-0.0915725827217102,0.006666064262390137,-0.11539012514504066,-0.10730189085006714,-0.012115120887756348,-0.11618066899927726,-0.054437458515167236,0.04678303003311157,-0.07622304134520164,-0.08283329010009766,0.027236342430114746,-0.09756429814251533,-0.10144215822219849,0.0068814754486083984,-0.09199917637261024,-0.11371517181396484,-0.007571816444396973,-0.08734330855759254
0.0,0.0,0.0,0.022658884525299072,-0.06549155712127686,-0.029788165552815826,0.04996764659881592,-0.09445160627365112,-0.04849697390039864,0.07589519023895264,-0.10753035545349121,-0.06330811717947427,0.09726852178573608,-0.1334705948829651,-0.08021023610075417,0.01769077777862549,-0.010205447673797607,-0.06196237468560639,0.013144195079803467,-0.0025586485862731934,-0.09679914006432,0.005887866020202637,-0.017699360847473145,-0.1268160540743679,-0.001878499984741211,-0.03662616014480591,-0.14592558631142083,-0.017697155475616455,0.025173842906951904,-0.06140724682649079,-0.0452001690864563,0.012173235416412354,-0.0959933150692791,-0.06950920820236206,-0.013028085231781006,-0.1164989519997448,-0.08661782741546631,-0.032117486000061035,-0.13261941560944024,-0.0440211296081543,0.045168519020080566,-0.060727031169733436,-0.07936233282089233,0.01688528060913086,-0.09187279382189217,-0.10578113794326782,-0.01371544599533081,-0.09490765371759835,-0.11818814277648926,-0.03840833902359009,-0.09603816011389199,-0.06210595369338989,0.04808342456817627,-0.06204562002261582,-0.09683454036712646,0.021008074283599854,-0.07959596553286019,-0.11801332235336304,-0.005240917205810547,-0.07299647220810357,-0.12992054224014282,-0.02217632532119751,-0.06828441211422387
0.0,0.0,0.0,0.021056652069091797,-0.06858348846435547,-0.03463613958081169,0.047774314880371094,-0.09920400381088257,-0.05677704484185142,0.07295763492584229,-0.1131095290184021,-0.07422165916284484,0.09352093935012817,-0.1377943754196167,-0.09380705998262329,0.01760268211364746,-0.011338472366333008,-0.06718367681821746,0.00959557294845581,-0.0007936358451843262,-0.10455711529573364,0.0033641457557678223,-0.013606429100036621,-0.13753684208711547,-0.00728762149810791,-0.03260320425033569,-0.1581201587708847,-0.01760578155517578,0.02483654022216797,-0.06457738921960754,-0.04800856113433838,0.012418210506439209,-0.10146178648790283,-0.07105451822280884,-0.013876795768737793,-0.12428380147537155,-0.09148997068405151,-0.03303563594818115,-0.14148553059419555,-0.04433166980743408,0.04425454139709473,-0.06212753028592033,-0.07938319444656372,0.01678597927093506,-0.09443731949647827,-0.10518860816955566,-0.014278948307037354,-0.09878641710599823,-0.12105154991149902,-0.037892043590545654,-0.10014866636117858,-0.06169408559799194,0.045014381408691406,-0.06205685035308761,-0.09308212995529175,0.019255220890045166,-0.08069941000064773,-0.11316603422164917,-0.007938146591186523,-0.0746422369869606,-0.12743383646011353,-0.025729000568389893,-0.06973924086412353
0.0,0.0,0.0,0.02230435609817505,-0.06475931406021118,-0.03253099451492858,0.05012774467468262,-0.09486544132232666,-0.05279270688723159,0.07599097490310669,-0.108711838722229,-0.06891605759690833,0.09603220224380493,-0.1337045431137085,-0.08761259670089316,0.02234262228012085,-0.006674230098724365,-0.06340726966689658,0.017784416675567627,0.0010528564453125,-0.09933847690652442,0.010922908782958984,-0.012819409370422363,-0.1321909105284078,0.001600027084350586,-0.032632410526275635,-0.153491733024822,-0.0130576491355896,0.02567422389984131,-0.06219916174839568,-0.040034592151641846,0.015664398670196533,-0.0964122390253408,-0.06291854381561279,-0.013018012046813965,-0.11897994334529471,-0.08358418941497803,-0.033803343772888184,-0.1372391706211431,-0.040830790996551514,0.04178076982498169,-0.06127331907580924,-0.07543176412582397,0.015269160270690918,-0.09232482815812659,-0.10378074645996094,-0.01772177219390869,-0.09709114337991309,-0.12156796455383301,-0.04252344369888306,-0.09976387525628638,-0.06072962284088135,0.04090756177902222,-0.06267854327987266,-0.09310615062713623,0.014549553394317627,-0.08161179478000236,-0.1150132417678833,-0.011266887187957764,-0.07628348971437049,-0.13043344020843506,-0.027323246002197266,-0.07253409678767753
0.0,0.0,0.0,0.026055634021759033,-0.05877280235290527,-0.034373273741039156,0.050461769104003906,-0.08924210071563721,-0.05588640798214328,0.07364761829376221,-0.10578000545501709,-0.07243346948507678,0.09396868944168091,-0.1330236792564392,-0.09117403406980884,0.009624481201171875,-0.008115172386169434,-0.06588226337316883,0.003441035747528076,0.0017700791358947754,-0.10371860642317188,-0.009538769721984863,-0.013286054134368896,-0.13728964854362857,-0.026067674160003662,-0.029308557510375977,-0.15791540373447788,-0.02663642168045044,0.0240476131439209,-0.06199357066634548,-0.05069154500961304,0.01371145248413086,-0.09758081812742603,-0.0776669979095459,-0.01241600513458252,-0.12091277320269,-0.09987026453018188,-0.02989828586578369,-0.13919337619427097,-0.050406455993652344,0.039581894874572754,-0.05816738833073032,-0.08065599203109741,0.014807939529418945,-0.08985888738516223,-0.10874432325363159,-0.01618051528930664,-0.09503539432171237,-0.12651461362838745,-0.03743106126785278,-0.09737724591377628,-0.0645378828048706,0.03965693712234497,-0.056558420549663424,-0.09527117013931274,0.014450252056121826,-0.07344891656521213,-0.11716938018798828,-0.008622705936431885,-0.06707459468725574,-0.13187092542648315,-0.020804226398468018,-0.06269162673834217
0.0,0.0,0.0,0.023922085762023926,-0.06988120079040527,-0.030555493846804893,0.05029672384262085,-0.10142219066619873,-0.050883682161838806,0.07513338327407837,-0.11265683174133301,-0.06738273212340573,0.09531509876251221,-0.1368924379348755,-0.08615211555388669,0.023775458335876465,-0.01585763692855835,-0.06268307724621991,0.015526354312896729,-0.003964424133300781,-0.09989885398772458,0.004488527774810791,-0.01720297336578369,-0.13288667210963467,-0.01103442907333374,-0.03580361604690552,-0.15343503066924313,-0.009856879711151123,0.021176517009735107,-0.0619683542254279,-0.03867727518081665,0.008608341217041016,-0.09755468526509503,-0.06582987308502197,-0.01590055227279663,-0.11941929319527844,-0.09060555696487427,-0.03186911344528198,-0.13600104460147122,-0.03637212514877319,0.04216444492340088,-0.06143412524488667,-0.06716984510421753,0.020076096057891846,-0.09410594561722974,-0.09534788131713867,-0.008945643901824951,-0.09845227161076764,-0.11601710319519043,-0.029208362102508545,-0.0994826869073222,-0.055085957050323486,0.04723620414733887,-0.06290691503909329,-0.0816543698310852,0.026855945587158203,-0.08442802140143613,-0.10245060920715332,0.005183994770050049,-0.07982036629346112,-0.11988896131515503,-0.007005512714385986,-0.0751974970999072
0.0,0.0,0.0,0.02143925428390503,-0.06022500991821289,-0.03638320350273716,0.04807358980178833,-0.0898485779762268,-0.05929052391275036,0.07253408432006836,-0.10249322652816772,-0.0764919177554475,0.09377104043960571,-0.1247442364692688,-0.09595261075719463,0.0174943208694458,-0.007159769535064697,-0.07452857055886852,0.009260475635528564,0.007079780101776123,-0.11464319684728252,-0.00041300058364868164,-0.0065953731536865234,-0.14933840491994488,-0.011185884475708008,-0.025760769844055176,-0.17114747622235882,-0.0179140567779541,0.02413409948348999,-0.07083347001298534,-0.045029401779174805,0.019921839237213135,-0.10803445735200512,-0.06902366876602173,-0.003942966461181641,-0.13046019830926525,-0.0880889892578125,-0.021927297115325928,-0.14826483586057293,-0.043315351009368896,0.04089701175689697,-0.06713958391173946,-0.07675796747207642,0.024695396423339844,-0.09961847522481548,-0.10344892740249634,-0.002573549747467041,-0.10384832629188168,-0.11871874332427979,-0.02371370792388916,-0.10597969153150189,-0.06022286415100098,0.0418015718460083,-0.06602084943278896,-0.09467750787734985,0.021467864513397217,-0.08508881488069164,-0.11616593599319458,-0.0009871721267700195,-0.07986132362111675,-0.1296175718307495,-0.014429628849029541,-0.07621269234641659
0.0,0.0,0.0,0.020788729190826416,-0.06619048118591309,-0.03983225341914931,0.044846415519714355,-0.09406977891921997,-0.06657715927838126,0.0679178237915039,-0.10518866777420044,-0.08754472475527564,0.09125518798828125,-0.1289079785346985,-0.11094366055010596,0.016163170337677002,-0.010101139545440674,-0.08046709042071143,0.001365363597869873,0.00994253158569336,-0.12396363209961692,-0.011298298835754395,0.0014014244079589844,-0.16178469400881568,-0.02848106622695923,-0.015023410320281982,-0.1849838350343589,-0.02144557237625122,0.027104854583740234,-0.07593050640105048,-0.05152541399002075,0.02612406015396118,-0.11668607633589545,-0.07807785272598267,0.003182351589202881,-0.14225091081141272,-0.1004742980003357,-0.016488373279571533,-0.16187816899298468,-0.047422826290130615,0.04640531539916992,-0.07130615454195777,-0.08059114217758179,0.03182250261306763,-0.10522371571539679,-0.10642868280410767,0.0012475848197937012,-0.11068114679335395,-0.12294554710388184,-0.023519158363342285,-0.11319471936701575,-0.06267881393432617,0.04558753967285156,-0.06942352693556586,-0.08972454071044922,0.028144121170043945,-0.08885578852175513,-0.10671389102935791,0.0030661821365356445,-0.08307401131867209,-0.1195334792137146,-0.013954520225524902,-0.07872211229084769
0.0,0.0,0.0,0.020901143550872803,-0.0629534125328064,-0.03792410296574644,0.04719430208206177,-0.09564453363418579,-0.06131098372117094,0.07230812311172485,-0.1105312705039978,-0.07873163697496466,0.09302175045013428,-0.13562995195388794,-0.09810069528595022,0.015488982200622559,-0.013534247875213623,-0.07637446698919348,0.013755559921264648,-0.004105329513549805,-0.11581997898593954,0.005532205104827881,-0.018953323364257812,-0.1487969565130811,-0.007399022579193115,-0.03730124235153198,-0.16917480108514837,-0.016874492168426514,0.022378146648406982,-0.07145253149047903,-0.044352054595947266,0.013424098491668701,-0.10954820689931921,-0.06822693347930908,-0.00981295108795166,-0.1321661430336576,-0.09013062715530396,-0.024784743785858154,-0.14944493350759558,-0.04049277305603027,0.04471665620803833,-0.0665463167168241,-0.07329827547073364,0.02494722604751587,-0.09961141971126608,-0.09992259740829468,-0.0015964508056640625,-0.10427945432439856,-0.11786538362503052,-0.02045232057571411,-0.10621337172761969,-0.056102097034454346,0.05013000965118408,-0.06419187364355139,-0.08638811111450195,0.03448617458343506,-0.08447709259763769,-0.10688793659210205,0.014841258525848389,-0.07992861745134405,-0.12221664190292358,0.004126429557800293,-0.07611529109254889
0.0,0.0,0.0,0.01945561170578003,-0.05632615089416504,-0.039579124899375984,0.04907506704330444,-0.08657121658325195,-0.0665769630687123,0.0759056806564331,-0.09986495971679688,-0.08733542800115401,0.1022065281867981,-0.1223917007446289,-0.11079939246343429,0.02460700273513794,0.0023044347763061523,-0.0864308232085591,0.01870560646057129,0.01808255910873413,-0.13173160493539626,0.006124258041381836,0.004765033721923828,-0.16992915213273818,-0.01015162467956543,-0.016244590282440186,-0.19365002751516158,-0.013059556484222412,0.030425965785980225,-0.0835340896265393,-0.03774070739746094,0.030437171459197998,-0.1274680101888066,-0.0639946460723877,0.004457533359527588,-0.1554562354104405,-0.08554267883300781,-0.017187118530273438,-0.1772005313651448,-0.04096120595932007,0.04191941022872925,-0.08009516984390075,-0.073245108127594,0.027281761169433594,-0.11783789634870345,-0.10207468271255493,-0.0018788576126098633,-0.12597680628465469,-0.11988663673400879,-0.025661945343017578,-0.13065037667917068,-0.06036943197250366,0.03685516119003296,-0.0790009999291783,-0.09384667873382568,0.016831696033477783,-0.10104290187524612,-0.11638325452804565,-0.004472196102142334,-0.0972912067191487,-0.13108354806900024,-0.01923084259033203,-0.09503119230436141
0.0,0.0,0.0,0.01981288194656372,-0.0586509108543396,-0.03749697851731071,0.04699516296386719,-0.08719849586486816,-0.06350820707871208,0.07050853967666626,-0.09976714849472046,-0.08379692035509834,0.09567290544509888,-0.11776268482208252,-0.10722019719673881,0.016806840896606445,0.00832521915435791,-0.08262121873690376,0.012032747268676758,0.023505806922912598,-0.12497070628000984,0.0013273954391479492,0.004885554313659668,-0.16144500124050865,-0.013275384902954102,-0.02040344476699829,-0.18418007540299186,-0.022097229957580566,0.03658902645111084,-0.07941039102865943,-0.051501333713531494,0.03201174736022949,-0.1217288990576435,-0.08039963245391846,-6.282329559326172e-05,-0.1498094593246151,-0.10200363397598267,-0.026356518268585205,-0.1717234795053173,-0.04988521337509155,0.045963943004608154,-0.07518585222555885,-0.0870208740234375,0.017909109592437744,-0.11116136806799659,-0.11785614490509033,-0.021348178386688232,-0.11989101963831672,-0.13494181632995605,-0.052629053592681885,-0.12541029798580894,-0.06913042068481445,0.034964680671691895,-0.0730139036734272,-0.10997188091278076,-0.004316389560699463,-0.0930801724155117,-0.1344638466835022,-0.04255443811416626,-0.08984799879385719,-0.14742279052734375,-0.07180911302566528,-0.08849694031073341
0.0,0.0,0.0,0.024312317371368408,-0.055614471435546875,-0.03326222854821026,0.04943740367889404,-0.08291274309158325,-0.05436353567210972,0.07064270973205566,-0.09515416622161865,-0.07026763442127049,0.09094369411468506,-0.11734354496002197,-0.08850738587943852,0.013899445533752441,0.002447068691253662,-0.06915068063108265,0.007309854030609131,0.01807558536529541,-0.10679383757678806,-0.00240933895111084,0.0017437934875488281,-0.1406650933918172,-0.015671074390411377,-0.019070327281951904,-0.16153461667863667,-0.023772478103637695,0.02932363748550415,-0.06568931969968617,-0.050058841705322266,0.028162717819213867,-0.10096733453838169,-0.0735323429107666,0.004413783550262451,-0.12417587819663822,-0.0926734209060669,-0.014383137226104736,-0.14247369202939808,-0.049781084060668945,0.04088360071182251,-0.06166060078112423,-0.08362376689910889,0.024625837802886963,-0.09182577761976063,-0.11047828197479248,-0.003660142421722412,-0.09640916618673145,-0.1258564591407776,-0.026673197746276855,-0.09881430301038563,-0.06674814224243164,0.03569364547729492,-0.05985517236558735,-0.10486847162246704,0.013002574443817139,-0.07555753919450581,-0.12732189893722534,-0.01104581356048584,-0.06882170024482548,-0.1412571668624878,-0.027221202850341797,-0.06434995862809956
0.0,0.0,0.0,0.01923757791519165,-0.06926602125167847,-0.03387997967143974,0.043944478034973145,-0.10146886110305786,-0.055442213238677596,0.06683522462844849,-0.11377406120300293,-0.07180656042834244,0.08767968416213989,-0.13722795248031616,-0.09058036950369797,0.010949432849884033,-0.0076215267181396484,-0.0712817936851593,-0.003917217254638672,-0.0011336803436279297,-0.10844836679240188,-0.014847636222839355,-0.022403419017791748,-0.14154357013245544,-0.026766836643218994,-0.048895835876464844,-0.16234708127518616,-0.023716509342193604,0.02937138080596924,-0.06841995862265549,-0.06101590394973755,0.011621475219726562,-0.10304885652800522,-0.08646243810653687,-0.020751237869262695,-0.12507175204297027,-0.10616284608840942,-0.045703351497650146,-0.14283399579068146,-0.048405587673187256,0.048081159591674805,-0.06493030783673248,-0.08892470598220825,0.01720792055130005,-0.09425756630440674,-0.11611765623092651,-0.018632233142852783,-0.09715156552334747,-0.13082468509674072,-0.04665952920913696,-0.09881169644137344,-0.06455028057098389,0.046160876750946045,-0.06384285834570846,-0.1014244556427002,0.0168493390083313,-0.07939508852501831,-0.12357717752456665,-0.013393878936767578,-0.07136004713316879,-0.13799798488616943,-0.03332430124282837,-0.06597055044909439
