0.0,0.0,0.0,0.08993715047836304,0.03422379493713379,-0.03702773796231895,0.15638738870620728,0.0611228346824646,-0.07162454621703773,0.18630313873291016,0.07180219888687134,-0.10313883321197181,0.14870721101760864,0.060627520084381104,-0.1293064494601026,0.17738795280456543,-0.1422564685344696,-0.06698156790645271,0.17029041051864624,-0.004085242748260498,-0.10764945940883308,0.131536066532135,0.03871029615402222,-0.1283316005936399,0.12095582485198975,0.016119837760925293,-0.1434392769804731,0.11839646100997925,-0.1695830523967743,-0.07282574372203499,0.1113545298576355,-0.002184748649597168,-0.11159352110536247,0.08213692903518677,0.030994176864624023,-0.11848664181144386,0.08435142040252686,-0.003931820392608643,-0.12595814363868385,0.059279799461364746,-0.1650530993938446,-0.0817709778419271,0.055222511291503906,-0.0048247575759887695,-0.11562135713012367,0.040473997592926025,0.016994059085845947,-0.1108627234569326,0.044494032859802246,-0.024909019470214844,-0.10848309742124229,0.006966531276702881,-0.1457461714744568,-0.09503211723477989,0.006375312805175781,-0.019765377044677734,-0.1169596900215879,0.005073130130767822,0.0022701025009155273,-0.11644611405046135,0.008474290370941162,-0.029205769300460815,-0.11653240667493492
0.0,0.0,0.0,0.09461957216262817,0.015069544315338135,-0.0346161984621034,0.17484688758850098,0.01766258478164673,-0.06254757202849248,0.20938509702682495,-0.0065672993659973145,-0.08744489408717016,0.16090571880340576,-0.031090855598449707,-0.10755348212704519,0.17569738626480103,-0.18954730033874512,-0.05820373825416425,0.19568020105361938,-0.10071757435798645,-0.09067638970599035,0.15963000059127808,-0.039565861225128174,-0.10580082244858602,0.13580924272537231,-0.03996455669403076,-0.11540877826199392,0.12004536390304565,-0.21678730845451355,-0.06131146855339864,0.13183677196502686,-0.0947125256061554,-0.09497238702759603,0.10353672504425049,-0.03708451986312866,-0.10376328237042287,0.09034264087677002,-0.05199992656707764,-0.11015525467381337,0.06463509798049927,-0.2139291763305664,-0.0665884316681371,0.07707744836807251,-0.09309622645378113,-0.09687265760884145,0.061424314975738525,-0.04418361186981201,-0.09722848243698934,0.05378466844558716,-0.06047642230987549,-0.09609542794213155,0.016271889209747314,-0.1967679262161255,-0.07496006048903325,0.03204143047332764,-0.10053950548171997,-0.09061098850951055,0.032386600971221924,-0.05977717041969299,-0.08868876106724599,0.029937267303466797,-0.06690454483032227,-0.0869431943415151
0.0,0.0,0.0,0.097900390625,0.016472280025482178,-0.03603069482656451,0.17864525318145752,0.017388463020324707,-0.06510848550411197,0.21662676334381104,-0.0008175969123840332,-0.09097029267164203,0.16990113258361816,-0.021760612726211548,-0.11088678239198657,0.1793062686920166,-0.19394028186798096,-0.05921347810240718,0.20082569122314453,-0.09435665607452393,-0.09408953784318896,0.16333025693893433,-0.02950263023376465,-0.10935778169246646,0.1399914026260376,-0.03489980101585388,-0.11921760438295337,0.12373858690261841,-0.21612060070037842,-0.062238849683723174,0.13780176639556885,-0.08541446924209595,-0.09941377489181491,0.10700356960296631,-0.024051815271377563,-0.10768546162458392,0.095661461353302,-0.04465728998184204,-0.11330549417348834,0.06842201948165894,-0.20857679843902588,-0.06785673646541568,0.08285695314407349,-0.08169254660606384,-0.10113664714904758,0.06730341911315918,-0.032775044441223145,-0.10091698913188907,0.061295926570892334,-0.05785083770751953,-0.09911561755748721,0.019869327545166016,-0.1866852045059204,-0.07669956980558368,0.03696262836456299,-0.08365747332572937,-0.09510178117366763,0.0373387336730957,-0.0479830801486969,-0.09461800007434817,0.03401893377304077,-0.06762665510177612,-0.09376636890979739
0.0,0.0,0.0,0.09938335418701172,0.015327513217926025,-0.0346271757795904,0.1798548698425293,0.01673877239227295,-0.06256318360711077,0.2144629955291748,-0.0008260011672973633,-0.08710760891581515,0.1645929217338562,-0.0206318199634552,-0.10607147485161761,0.1803242564201355,-0.18980225920677185,-0.05830462917829493,0.19431322813034058,-0.084978848695755,-0.09116140276337603,0.15712803602218628,-0.023249775171279907,-0.10635466396952609,0.13532519340515137,-0.03125375509262085,-0.11686232209349612,0.12421691417694092,-0.21192580461502075,-0.061364876927385126,0.13237690925598145,-0.07968121767044067,-0.09632221132660845,0.1040070652961731,-0.02041482925415039,-0.10548725247527102,0.09373658895492554,-0.040309131145477295,-0.11269304424668292,0.06830215454101562,-0.20394131541252136,-0.06654391706133822,0.07801777124404907,-0.07655942440032959,-0.09761845588828066,0.06445115804672241,-0.028494298458099365,-0.09873467952157,0.06005281209945679,-0.052801162004470825,-0.09866019606734255,0.01927286386489868,-0.18159252405166626,-0.07479552447939852,0.03264045715332031,-0.07802808284759521,-0.09161353379631976,0.03425800800323486,-0.0429341197013855,-0.09175377607489565,0.03285956382751465,-0.06190890073776245,-0.09201003879452685
0.0,0.0,0.0,0.09393471479415894,0.016583144664764404,-0.0401618759221094,0.17475289106369019,0.01738816499710083,-0.07063057078781299,0.208102285861969,-0.0016188621520996094,-0.09665860785904101,0.15887153148651123,-0.024897336959838867,-0.11690788521232776,0.17958694696426392,-0.19026005268096924,-0.06143345488968066,0.1914212703704834,-0.08612918853759766,-0.09839288695516757,0.15304416418075562,-0.023680686950683594,-0.11702617062988452,0.13216620683670044,-0.03240966796875,-0.12934553428354434,0.1244274377822876,-0.2155829668045044,-0.06256482555332354,0.1316131353378296,-0.08604511618614197,-0.10084841950597934,0.10108506679534912,-0.0248853862285614,-0.11192653878393344,0.0918627381324768,-0.04583930969238281,-0.11954976423444919,0.0688256025314331,-0.21057391166687012,-0.0664922650045412,0.07722550630569458,-0.08438888192176819,-0.10089928461971454,0.061834871768951416,-0.03445619344711304,-0.10196301891269854,0.057608187198638916,-0.060121893882751465,-0.10101407571497134,0.019835054874420166,-0.19105103611946106,-0.07397809429826907,0.03220939636230469,-0.08650362491607666,-0.09331168039503268,0.03190815448760986,-0.04818528890609741,-0.0931607390827196,0.029545187950134277,-0.0668444037437439,-0.09250332220258883
0.0,0.0,0.0,0.09525889158248901,0.011767208576202393,-0.038361905333971436,0.1726507544517517,0.01170802116394043,-0.06883084606883472,0.20549225807189941,-0.00565648078918457,-0.09565522354600375,0.1572030782699585,-0.025821924209594727,-0.11670858990905231,0.17797410488128662,-0.1943022608757019,-0.05952207949516719,0.19258719682693481,-0.09293273091316223,-0.09567250889298862,0.15554487705230713,-0.0312383770942688,-0.11258940976617282,0.13269251585006714,-0.036751896142959595,-0.12332525682208484,0.12180948257446289,-0.21683549880981445,-0.06151701715347713,0.13130879402160645,-0.08875769376754761,-0.10021733325478976,0.10051506757736206,-0.029052376747131348,-0.11075010728595203,0.0888475775718689,-0.04783466458320618,-0.11734582316634601,0.06646662950515747,-0.21045652031898499,-0.06623514574525302,0.0767052173614502,-0.08488062024116516,-0.10055289250371402,0.060815632343292236,-0.03675404191017151,-0.10167960655448383,0.05438029766082764,-0.06109541654586792,-0.10015785526988452,0.01758408546447754,-0.19022196531295776,-0.07440066915509647,0.03225749731063843,-0.08759120106697083,-0.0929945169067139,0.031453073024749756,-0.05101397633552551,-0.09258006345984882,0.027778029441833496,-0.0690910816192627,-0.09139414709565585
0.0,0.0,0.0,0.09313696622848511,0.013444602489471436,-0.03704373130126726,0.16961443424224854,0.011980712413787842,-0.06564244964643251,0.20169448852539062,-0.008274674415588379,-0.09072207996173631,0.15280216932296753,-0.027560025453567505,-0.1103131804756714,0.17223548889160156,-0.18874591588974,-0.056709263115365616,0.18785399198532104,-0.09219306707382202,-0.09243554213567506,0.15077871084213257,-0.03271377086639404,-0.10978141018672716,0.128343403339386,-0.038620948791503906,-0.1207160387329651,0.11791044473648071,-0.21494847536087036,-0.058387681483466736,0.1266413927078247,-0.0897141695022583,-0.09592774102016222,0.09658145904541016,-0.031850069761276245,-0.10636861213966142,0.0853949785232544,-0.05134338140487671,-0.1129711080483986,0.0641411542892456,-0.21130171418190002,-0.06288770177884828,0.07263851165771484,-0.08654960989952087,-0.0967130098633362,0.05680811405181885,-0.038902997970581055,-0.09813803026004564,0.0508236289024353,-0.06280845403671265,-0.09677228668256532,0.016511499881744385,-0.1939266324043274,-0.0706536654524399,0.03057950735092163,-0.09162452816963196,-0.08907244691177141,0.02897047996520996,-0.054780542850494385,-0.08875041791721117,0.02511495351791382,-0.07220420241355896,-0.08758235314412843
0.0,0.0,0.0,0.09434103965759277,0.012885034084320068,-0.03670779747400843,0.17167043685913086,0.016982436180114746,-0.06609302145872675,0.2049039602279663,-0.002990126609802246,-0.09212114048634135,0.15580743551254272,-0.027320146560668945,-0.11274454129372202,0.17915141582489014,-0.1897466480731964,-0.05794926119480692,0.19032281637191772,-0.08920183777809143,-0.09156683219109141,0.15245455503463745,-0.029067784547805786,-0.10704280567799174,0.13069802522659302,-0.03519845008850098,-0.11698973310623728,0.12276333570480347,-0.2139858603477478,-0.0600678598645743,0.12813794612884521,-0.08676058053970337,-0.09556377065811716,0.09829604625701904,-0.028973877429962158,-0.10518090558682047,0.08765029907226562,-0.04722145199775696,-0.11197516453896128,0.06698280572891235,-0.20904070138931274,-0.06459041071568095,0.07409036159515381,-0.08642959594726562,-0.09627561402950846,0.05859529972076416,-0.03818631172180176,-0.09759027642641627,0.05233711004257202,-0.06024301052093506,-0.09698699546490275,0.01835918426513672,-0.18990746140480042,-0.07238870990906321,0.030380845069885254,-0.09006491303443909,-0.08896458280716502,0.029585719108581543,-0.052537381649017334,-0.08834802491102778,0.026431381702423096,-0.06731349229812622,-0.08754115683470332
0.0,0.0,0.0,0.09768825769424438,0.013493716716766357,-0.035051265005350274,0.17574739456176758,0.011923611164093018,-0.06360054874825494,0.20718485116958618,-0.004696398973464966,-0.08918450141358392,0.1570691466331482,-0.028314709663391113,-0.10916699582743661,0.1806086301803589,-0.18400776386260986,-0.05602917933869378,0.19336384534835815,-0.08896005153656006,-0.0926383596103193,0.15755730867385864,-0.03164505958557129,-0.10893699640440957,0.1347869634628296,-0.03558093309402466,-0.1182237129848005,0.12718528509140015,-0.20940232276916504,-0.05901188144493119,0.1356930136680603,-0.08860659599304199,-0.09825839215922372,0.10478407144546509,-0.031140685081481934,-0.10738696271586434,0.0940130352973938,-0.04767864942550659,-0.1118394743840696,0.07335096597671509,-0.20572292804718018,-0.06490216517853753,0.08102202415466309,-0.08400270342826843,-0.10015563035416619,0.06427651643753052,-0.034142524003982544,-0.1004222642819883,0.059232115745544434,-0.054641157388687134,-0.0971341442506315,0.024664640426635742,-0.18695050477981567,-0.07384099924969689,0.037994325160980225,-0.08703026175498962,-0.09187838548827187,0.036786675453186035,-0.04998981952667236,-0.09061147386240975,0.03506988286972046,-0.06656646728515625,-0.08844591045784966
0.0,0.0,0.0,0.1004372239112854,0.013814449310302734,-0.0345727462612615,0.18051087856292725,0.0074977874755859375,-0.06139554421534399,0.20609819889068604,-0.014727175235748291,-0.08493026684155325,0.15099549293518066,-0.036889731884002686,-0.1027584556781278,0.18226808309555054,-0.188105046749115,-0.05589990283479551,0.19296497106552124,-0.09230461716651917,-0.0884447504126058,0.1572447419166565,-0.034388720989227295,-0.10179438035120825,0.13603651523590088,-0.038628607988357544,-0.10994603077998022,0.12834864854812622,-0.21158352494239807,-0.05784003402223448,0.13276994228363037,-0.0907946527004242,-0.09281564097037176,0.10477155447006226,-0.03469407558441162,-0.10102121870150427,0.09557902812957764,-0.05140107870101929,-0.10635093937744955,0.07411009073257446,-0.20652803778648376,-0.06222536007990698,0.07912760972976685,-0.08745056390762329,-0.09368759731879095,0.0645022988319397,-0.03758925199508667,-0.09520060162176947,0.060351788997650146,-0.05602508783340454,-0.09414096514811376,0.02554476261138916,-0.18625593185424805,-0.06964288990130285,0.034898459911346436,-0.08880177140235901,-0.08548637072672705,0.03569674491882324,-0.05164113640785217,-0.08581775019993643,0.035903751850128174,-0.06584757566452026,-0.08580664138426641
0.0,0.0,0.0,0.10295623540878296,0.027686119079589844,-0.025069424957692377,0.17574715614318848,0.05423194169998169,-0.055140942410289995,0.20387256145477295,0.09187248349189758,-0.08486340202456688,0.16585618257522583,0.10592812299728394,-0.10928482569819664,0.1838945746421814,-0.1101250946521759,-0.06235510863429283,0.19582760334014893,0.04372519254684448,-0.09588879354363655,0.15143674612045288,0.06091398000717163,-0.10660704977875923,0.1307978630065918,0.030921101570129395,-0.11453836418753838,0.12811416387557983,-0.1211426854133606,-0.0720752925432322,0.14144867658615112,0.05920475721359253,-0.10525243736869072,0.10754787921905518,0.054952532052993774,-0.10251226283675408,0.09971886873245239,0.013293594121932983,-0.1028251201665995,0.07381224632263184,-0.10512241721153259,-0.08388882882958626,0.09045994281768799,0.06920334696769714,-0.10907625414496636,0.06821620464324951,0.05771821737289429,-0.09753767408496117,0.06505179405212402,0.014629483222961426,-0.0910090059793589,0.026695847511291504,-0.07639563083648682,-0.09952031083470558,0.048426270484924316,0.06370335817337036,-0.11201051630145287,0.037053316831588745,0.05624532699584961,-0.1063264087594149,0.03146377205848694,0.015171229839324951,-0.1040889398015139
0.0,0.0,0.0,0.10478776693344116,0.023626744747161865,-0.024452382768245684,0.18133580684661865,0.044835835695266724,-0.05283724709853743,0.20592135190963745,0.08217430114746094,-0.08092599555358504,0.1637420654296875,0.1014336347579956,-0.1037060190688095,0.18589216470718384,-0.11749756336212158,-0.06205995574102019,0.19395196437835693,0.03585672378540039,-0.09501275613412474,0.1505281925201416,0.047087162733078,-0.10332282080754851,0.13324862718582153,0.01326066255569458,-0.10946881964311217,0.13030701875686646,-0.13052111864089966,-0.07173873677358245,0.14149874448776245,0.05193948745727539,-0.10544121458634947,0.10648101568222046,0.041224777698516846,-0.10142630531892394,0.10122895240783691,-0.00444379448890686,-0.10017123266563033,0.07632124423980713,-0.11571323871612549,-0.08353934630260085,0.09202015399932861,0.060211628675460815,-0.10948572501048659,0.06815385818481445,0.043860793113708496,-0.09808042838677977,0.06593918800354004,-0.0010788142681121826,-0.09108091338977431,0.02836155891418457,-0.08929100632667542,-0.09911897226676558,0.05019265413284302,0.050418317317962646,-0.11295788183316802,0.03801614046096802,0.039066314697265625,-0.10877038731679534,0.03340151906013489,-0.0035868585109710693,-0.10713041021928404
0.0,0.0,0.0,0.10392045974731445,0.02796795964241028,-0.027401007156370838,0.18081504106521606,0.048289328813552856,-0.056096985380648334,0.20478546619415283,0.08126804232597351,-0.08396312166333075,0.15863627195358276,0.09871801733970642,-0.10678130705237265,0.17994791269302368,-0.12269553542137146,-0.05822892058968421,0.1887575387954712,0.032794833183288574,-0.09257808644652243,0.147358238697052,0.04419350624084473,-0.1056348638641822,0.13154643774032593,0.006276875734329224,-0.11550670434117194,0.12361830472946167,-0.13519302010536194,-0.06679611225008841,0.13778084516525269,0.04480990767478943,-0.10074998010277625,0.10535657405853271,0.03719553351402283,-0.10060303975224372,0.10058271884918213,-0.00895574688911438,-0.10249698479056235,0.06951820850372314,-0.1196204423904419,-0.07816955764174338,0.08811485767364502,0.05371248722076416,-0.10452927965998526,0.06596726179122925,0.0396781861782074,-0.09659839738488074,0.06444823741912842,-0.007233411073684692,-0.09216174055218573,0.02292931079864502,-0.09164172410964966,-0.093637559007405,0.04670608043670654,0.04651370644569397,-0.10772077311158057,0.034030020236968994,0.03603425621986389,-0.10537937600493308,0.027811169624328613,-0.008167535066604614,-0.10544783193945761
0.0,0.0,0.0,0.10770028829574585,0.029028117656707764,-0.025485130869626005,0.18515664339065552,0.04956457018852234,-0.05433066459822555,0.2097393274307251,0.0818057656288147,-0.08304907652068039,0.1611080765724182,0.0978580117225647,-0.10680942507910629,0.18498945236206055,-0.11994108557701111,-0.05614143508005043,0.1955174207687378,0.03625836968421936,-0.09211556138920685,0.15184813737869263,0.04864358901977539,-0.10752813043522735,0.135522723197937,0.008828073740005493,-0.11882473053860565,0.12856179475784302,-0.13287317752838135,-0.06591119142699142,0.14267271757125854,0.04761973023414612,-0.09964695098328491,0.10965085029602051,0.04391288757324219,-0.09937733682322403,0.10461771488189697,-0.0023790597915649414,-0.10146582397150894,0.07389616966247559,-0.1179000735282898,-0.07868073406147857,0.09164190292358398,0.055511265993118286,-0.1046760928862085,0.06944161653518677,0.04484236240386963,-0.09650299223589798,0.06722676753997803,-0.0024399161338806152,-0.09209195794987579,0.026656746864318848,-0.09099447727203369,-0.0953946140639772,0.04904162883758545,0.04687011241912842,-0.10790874334502121,0.03657686710357666,0.039123207330703735,-0.10430306466746231,0.029885143041610718,-0.004951179027557373,-0.10382853718924423
0.0,0.0,0.0,0.11197131872177124,0.0218198299407959,-0.030462485874785727,0.1857846975326538,0.041921377182006836,-0.06419053221751625,0.20893371105194092,0.07412904500961304,-0.09681239272166664,0.16082149744033813,0.08987057209014893,-0.12360878581811363,0.18021994829177856,-0.1275104284286499,-0.06624276484061653,0.19278192520141602,0.01986616849899292,-0.10040066684295113,0.15279620885849,0.047746360301971436,-0.10882783229161674,0.13196444511413574,0.020492911338806152,-0.11441068644334251,0.12182706594467163,-0.1358017921447754,-0.07431792760898048,0.13961553573608398,0.036954015493392944,-0.10869562173892433,0.10785198211669922,0.04656189680099487,-0.10462060118724281,0.10191166400909424,0.004019677639007568,-0.10312348897267754,0.06708747148513794,-0.11933374404907227,-0.08524902458001549,0.08730489015579224,0.04662644863128662,-0.11351195270825798,0.0692070722579956,0.047612935304641724,-0.10305448914576942,0.06692129373550415,0.0021815896034240723,-0.09613931472112114,0.019920945167541504,-0.09216323494911194,-0.10025269086171562,0.04482823610305786,0.0421585738658905,-0.11468789274503166,0.03637447953224182,0.04562729597091675,-0.10976036186028892,0.02932363748550415,0.0054704248905181885,-0.10756754423190529
0.0,0.0,0.0,0.11000624299049377,0.02740532159805298,-0.030199763352271702,0.18666806817054749,0.04628512263298035,-0.05986702347755113,0.21107646822929382,0.07420346140861511,-0.0882084807252852,0.16369083523750305,0.08926180005073547,-0.11023981029748597,0.18051502108573914,-0.1296689212322235,-0.05851392353534379,0.1993788778781891,0.02090469002723694,-0.09317669923066774,0.155860036611557,0.049855321645736694,-0.10434176678418794,0.13267984986305237,0.02324482798576355,-0.11178748960256257,0.12332364916801453,-0.1406344175338745,-0.06514674330711046,0.14470139145851135,0.03612002730369568,-0.10027611161231675,0.11264166235923767,0.04566028714179993,-0.10053690428495088,0.10418662428855896,0.0051403045654296875,-0.10207843686103502,0.07016816735267639,-0.12397575378417969,-0.07495300377368608,0.09366890788078308,0.047796398401260376,-0.10297274495124498,0.07336810231208801,0.04638099670410156,-0.09658553356885591,0.07012775540351868,0.0014020204544067383,-0.09256337488650956,0.025436371564865112,-0.09381559491157532,-0.08875818456172624,0.04968807101249695,0.04407957196235657,-0.10229949558734575,0.038549214601516724,0.04361766576766968,-0.09989800954818406,0.03156211972236633,0.002552211284637451,-0.09978350902557054
0.0,0.0,0.0,0.11220353841781616,0.02623686194419861,-0.03117098629127213,0.1894056797027588,0.04810518026351929,-0.062447856810194935,0.21221435070037842,0.07489675283432007,-0.09222367748270699,0.1597927212715149,0.08640822768211365,-0.11573618992815682,0.18112123012542725,-0.1317763328552246,-0.060400731560093845,0.19318002462387085,0.02743622660636902,-0.09568649872790047,0.15189999341964722,0.04106861352920532,-0.10823580965052315,0.13872617483139038,0.0004069209098815918,-0.11798851534376809,0.12354999780654907,-0.14265674352645874,-0.06828637763510415,0.14118915796279907,0.039944350719451904,-0.10474471345196434,0.11001527309417725,0.035516321659088135,-0.10560873493204781,0.10636019706726074,-0.01525464653968811,-0.10817422315130898,0.06951618194580078,-0.12652453780174255,-0.07937390699635216,0.09043622016906738,0.048873305320739746,-0.10852982446203896,0.07050734758377075,0.039069920778274536,-0.10205752744923302,0.07069128751754761,-0.01133236289024353,-0.09832192554722496,0.02284824848175049,-0.0974237322807312,-0.09478327229271599,0.04670983552932739,0.04338940978050232,-0.10924263640890786,0.03554368019104004,0.03853815793991089,-0.10755622729311654,0.029674530029296875,-0.006041079759597778,-0.10844395652065941
0.0,0.0,0.0,0.11082178354263306,0.02766317129135132,-0.031081356936738302,0.1877385973930359,0.04529818892478943,-0.06087024406497221,0.21239131689071655,0.06966531276702881,-0.08907028929297667,0.16325229406356812,0.08933281898498535,-0.11111830816571455,0.18186628818511963,-0.13079673051834106,-0.05566782400910597,0.1956777572631836,0.021928906440734863,-0.08834272519652586,0.15308314561843872,0.03797534108161926,-0.10005360738341551,0.13656628131866455,0.002003908157348633,-0.1092277978450511,0.12636584043502808,-0.14205008745193481,-0.06201387838427763,0.14291918277740479,0.034415751695632935,-0.09486254201237898,0.1111295223236084,0.03394928574562073,-0.09532957420651655,0.10499995946884155,-0.011770367622375488,-0.09785962746445875,0.07316625118255615,-0.1261645257472992,-0.07166436956231337,0.09225183725357056,0.04503527283668518,-0.09754086182419996,0.07054036855697632,0.03994274139404297,-0.09086365149323683,0.06709426641464233,-0.0051688551902771,-0.08725278721158247,0.026465237140655518,-0.09795418381690979,-0.08566655115191679,0.04741084575653076,0.04147431254386902,-0.09707374767367583,0.034893959760665894,0.0416489839553833,-0.0941521142513011,0.027214348316192627,0.0036360323429107666,-0.09424819693867903
0.0,0.0,0.0,0.10896140336990356,0.03086721897125244,-0.03218413668750486,0.18666017055511475,0.05091315507888794,-0.06307200121759138,0.21184074878692627,0.07607191801071167,-0.09195252287267408,0.16015005111694336,0.08627510070800781,-0.11451104062675199,0.17958778142929077,-0.1285851001739502,-0.06347080099462232,0.19561463594436646,0.020637333393096924,-0.097558257757413,0.15490514039993286,0.03843247890472412,-0.1080337964284297,0.13688957691192627,0.004215121269226074,-0.11597065406917295,0.12289118766784668,-0.14113345742225647,-0.06995243358491621,0.14240306615829468,0.03505837917327881,-0.10549673217414579,0.11226195096969604,0.034593939781188965,-0.10529746639608106,0.10655385255813599,-0.0111541748046875,-0.10693554359554014,0.07025682926177979,-0.12570524215698242,-0.07946792024253568,0.09143292903900146,0.047040194272994995,-0.10761662351964674,0.07258504629135132,0.0382501482963562,-0.10097566026328764,0.0715753436088562,-0.009751468896865845,-0.09730717319129667,0.025431841611862183,-0.09630852937698364,-0.09337173926709852,0.04830890893936157,0.04381430149078369,-0.10824180173753462,0.03748038411140442,0.039512813091278076,-0.10737745243190489,0.03140801191329956,-0.0024755895137786865,-0.10869270342467985
0.0,0.0,0.0,0.10445970296859741,0.030585378408432007,-0.028855404275148544,0.1796010136604309,0.05555075407028198,-0.05803813824304882,0.20622438192367554,0.08517405390739441,-0.08623564282306972,0.1558995246887207,0.10156247019767761,-0.10866718778261486,0.17298638820648193,-0.11967012286186218,-0.055364717187970314,0.1846158504486084,0.03349366784095764,-0.08900508323559109,0.14505279064178467,0.04571661353111267,-0.10132957288870159,0.13194340467453003,0.009772628545761108,-0.11135584154972378,0.11768239736557007,-0.13283196091651917,-0.06388661304363552,0.13251721858978271,0.04464322328567505,-0.09929074386009518,0.10170477628707886,0.03801122307777405,-0.10126911142715755,0.09990018606185913,-0.008312523365020752,-0.1048424471343452,0.06617075204849243,-0.11752447485923767,-0.0752798769796783,0.0829458236694336,0.05459463596343994,-0.10232272783169094,0.06249624490737915,0.04004645347595215,-0.09614308962473217,0.06398749351501465,-0.008939683437347412,-0.09336662331470791,0.02191019058227539,-0.08889326453208923,-0.09104164728769604,0.039451539516448975,0.04931199550628662,-0.1045634526933128,0.027106404304504395,0.04018393158912659,-0.10343262592205349,0.022801995277404785,-0.0037864744663238525,-0.10503400901207272
0.0,0.0,0.0,0.10584360361099243,0.028916895389556885,-0.028705307881509157,0.17889827489852905,0.04914313554763794,-0.058198781351720186,0.20598793029785156,0.07369014620780945,-0.08687641997185835,0.16075420379638672,0.08599084615707397,-0.10965822417584548,0.17541909217834473,-0.13044074177742004,-0.055920572619115205,0.18899273872375488,0.02168765664100647,-0.09020021338311324,0.14935141801834106,0.043209463357925415,-0.10182518292513976,0.1327822208404541,0.013021677732467651,-0.11053324271289,0.12051045894622803,-0.14357125759124756,-0.06426578540650496,0.13862264156341553,0.034417182207107544,-0.09976386804429183,0.10764861106872559,0.034920334815979004,-0.10018855858889708,0.10272401571273804,-0.009395241737365723,-0.10193729181138167,0.06912052631378174,-0.12837189435958862,-0.0757511981233705,0.08898979425430298,0.04393124580383301,-0.10356678594199309,0.06919395923614502,0.03636491298675537,-0.09656628001776824,0.06857454776763916,-0.01030111312866211,-0.09249786813107619,0.02483612298965454,-0.09901154041290283,-0.09151310999241957,0.045474469661712646,0.03940102458000183,-0.10596389849034438,0.03398731350898743,0.03485900163650513,-0.10450413603631148,0.02885422110557556,-0.007172286510467529,-0.10515645671931395
0.0,0.0,0.0,0.10233241319656372,0.017106175422668457,-0.026418612190155955,0.18106907606124878,0.02610117197036743,-0.05223581645694253,0.2200571894645691,0.032470643520355225,-0.07741903964486596,0.17285197973251343,0.031783461570739746,-0.09745048437324044,0.18143880367279053,-0.16201743483543396,-0.04805844355431077,0.19643592834472656,-0.03524920344352722,-0.0796573803206968,0.1588650345802307,0.011142730712890625,-0.09162517342772958,0.14036643505096436,-0.0003387928009033203,-0.09994790408816812,0.1280255913734436,-0.17834991216659546,-0.055970624872117014,0.14297246932983398,-0.018504798412322998,-0.08869749013391015,0.1098259687423706,0.014357268810272217,-0.0913426995655584,0.10195451974868774,-0.015984058380126953,-0.09387078587022302,0.0761604905128479,-0.1664576232433319,-0.06641367528644082,0.09203970432281494,-0.009504586458206177,-0.09490535859075067,0.07026827335357666,0.010521411895751953,-0.09043340835776803,0.06472468376159668,-0.025873243808746338,-0.08685675714221475,0.030519187450408936,-0.1402769386768341,-0.08019800189939019,0.04750603437423706,-0.013856470584869385,-0.09579954002109048,0.037678658962249756,0.004324495792388916,-0.09368490878549096,0.03198939561843872,-0.024394750595092773,-0.09226705584731576
0.0,0.0,0.0,0.07290428876876831,0.00041288137435913086,-0.031344324369368515,0.14551126956939697,-0.026439011096954346,-0.049585502613720855,0.17640459537506104,-0.07058769464492798,-0.06431451814287659,0.15405166149139404,-0.11230030655860901,-0.07301791386717316,0.14267587661743164,-0.17420700192451477,-0.03020922655278202,0.16506224870681763,-0.14480885863304138,-0.05913383515590187,0.13738101720809937,-0.09085452556610107,-0.0699493475448465,0.11757558584213257,-0.0828857421875,-0.07399842517488953,0.10331976413726807,-0.1999228596687317,-0.029986292142806015,0.12496483325958252,-0.15768229961395264,-0.060998085905251465,0.09544980525970459,-0.08821964263916016,-0.06554161386602875,0.08532440662384033,-0.08688467741012573,-0.0638247616779184,0.061332106590270996,-0.20204710960388184,-0.03391674162858482,0.08217421174049377,-0.1549658179283142,-0.06807281451338287,0.06196609139442444,-0.08998781442642212,-0.06314453857058044,0.05216550827026367,-0.0932580828666687,-0.0534112341892099,0.020489543676376343,-0.19145932793617249,-0.04007135333531853,0.047609806060791016,-0.14866122603416443,-0.0613019615601873,0.03915664553642273,-0.10411706566810608,-0.05570438133591171,0.029078364372253418,-0.10895967483520508,-0.04754180090540405
0.0,0.0,0.0,0.049815356731414795,-0.004706203937530518,-0.015246339147012122,0.09785282611846924,-0.023002445697784424,-0.027872554031233676,0.12161105871200562,-0.04758882522583008,-0.03974943329117764,0.09756863117218018,-0.05713534355163574,-0.04878559429667462,0.08407586812973022,-0.13865122199058533,-0.023721397859077342,0.10595345497131348,-0.1010826826095581,-0.042824302804689296,0.09009402990341187,-0.06199699640274048,-0.052595232618074306,0.07501855492591858,-0.05665934085845947,-0.05842003692410458,0.05588015913963318,-0.15209412574768066,-0.027323477906207927,0.07948297262191772,-0.09522652626037598,-0.04625987727663983,0.06295999884605408,-0.054007887840270996,-0.05007084180138577,0.05127337574958801,-0.05778217315673828,-0.05173343513629902,0.027782559394836426,-0.14793097972869873,-0.03247730527542103,0.05158263444900513,-0.08871257305145264,-0.049963821661691554,0.04051488637924194,-0.05634808540344238,-0.048094377857665904,0.029982686042785645,-0.06469100713729858,-0.04537054989955891,0.002110421657562256,-0.13292306661605835,-0.03919315431735981,0.025660008192062378,-0.088919997215271,-0.04859051947019566,0.021244466304779053,-0.06553435325622559,-0.04576469306371678,0.011912226676940918,-0.07159101963043213,-0.04303759430072773
0.0,0.0,0.0,0.053100407123565674,-0.004755556583404541,-0.015948361121665755,0.09908902645111084,-0.022672295570373535,-0.029869491570245543,0.12391901016235352,-0.04409968852996826,-0.043109417297493735,0.1063888669013977,-0.05842554569244385,-0.053607561030041495,0.09196323156356812,-0.13938894867897034,-0.02247021939660243,0.11278915405273438,-0.09705686569213867,-0.042835459448944846,0.09801679849624634,-0.058270812034606934,-0.05306256223524741,0.08312228322029114,-0.05168282985687256,-0.058581028469454566,0.06413152813911438,-0.1521109938621521,-0.026202554219018737,0.08730000257492065,-0.09635299444198608,-0.04655731502975158,0.06975820660591125,-0.05183058977127075,-0.0501314479490631,0.058808833360672,-0.052686333656311035,-0.05075684595907859,0.035282403230667114,-0.14728426933288574,-0.03189237821901969,0.058588653802871704,-0.08781343698501587,-0.05163718421066932,0.04658710956573486,-0.05328726768493652,-0.04882701147402457,0.03644457459449768,-0.06098067760467529,-0.04438697207773856,0.00787043571472168,-0.13191813230514526,-0.03904746878946952,0.03249815106391907,-0.08631271123886108,-0.04965152625049285,0.026973426342010498,-0.06178015470504761,-0.04551686007584266,0.01755538582801819,-0.06868904829025269,-0.04122945699895553
0.0,0.0,0.0,0.05491408705711365,-0.004059970378875732,-0.01701196432480856,0.10443153977394104,-0.023358404636383057,-0.03001511805126711,0.12669429183006287,-0.04764997959136963,-0.041818260777688465,0.10286936163902283,-0.06093937158584595,-0.050679064918256245,0.09212055802345276,-0.14302387833595276,-0.023944913972115955,0.11586245894432068,-0.10053521394729614,-0.042802717167830906,0.09993872046470642,-0.0615273118019104,-0.0524177137799029,0.08510065078735352,-0.058137595653533936,-0.05810743905971094,0.06426572799682617,-0.15711349248886108,-0.02647759169707342,0.08898645639419556,-0.09975141286849976,-0.04613680355618044,0.07247710227966309,-0.056181252002716064,-0.05059134550759836,0.06085214018821716,-0.05826371908187866,-0.05219134651491686,0.03644067049026489,-0.1533365249633789,-0.03067354821035906,0.060273677110672,-0.09281778335571289,-0.04897803403804346,0.04886093735694885,-0.057254910469055176,-0.04734324626991793,0.03899344801902771,-0.06428170204162598,-0.04422007836768671,0.011444777250289917,-0.1386117935180664,-0.03649511151382967,0.03618022799491882,-0.09008806943893433,-0.04588659815857454,0.02991369366645813,-0.06470334529876709,-0.04273011871049448,0.01997828483581543,-0.07103568315505981,-0.03963336684176966
0.0,0.0,0.0,0.05442380905151367,-0.0049561262130737305,-0.017611845708728424,0.10429954528808594,-0.023693323135375977,-0.03085607414627134,0.12607139348983765,-0.04960358142852783,-0.04258330663228094,0.10039645433425903,-0.06316256523132324,-0.051171006015778175,0.09366428852081299,-0.14364609122276306,-0.025013906262159935,0.11492514610290527,-0.10056591033935547,-0.04270465051317274,0.09682631492614746,-0.06288939714431763,-0.051911303154469124,0.08294349908828735,-0.06322163343429565,-0.057973784706831566,0.06507867574691772,-0.15764153003692627,-0.027099422491431824,0.08793923258781433,-0.10041332244873047,-0.04472696905517637,0.07200098037719727,-0.05902743339538574,-0.04861017440939008,0.06210225820541382,-0.06399238109588623,-0.051112586013317696,0.037008970975875854,-0.15413033962249756,-0.030740357316375366,0.05922812223434448,-0.09568005800247192,-0.04707733293557226,0.048715949058532715,-0.06111222505569458,-0.04526155938887655,0.039471596479415894,-0.06946766376495361,-0.043282141289950005,0.012192726135253906,-0.14027145504951477,-0.03615830963039457,0.03547593951225281,-0.09386849403381348,-0.04437712331795751,0.029482364654541016,-0.06923431158065796,-0.041365442178488365,0.01971718668937683,-0.07631611824035645,-0.039193702242613426
0.0,0.0,0.0,0.05439281463623047,-0.006924152374267578,-0.01429047975757669,0.10240358114242554,-0.028968334197998047,-0.02608008384773086,0.12434887886047363,-0.05115485191345215,-0.03729582838782619,0.10013806819915771,-0.059613585472106934,-0.045808504150002705,0.08891600370407104,-0.14670458436012268,-0.021089386940687405,0.11133861541748047,-0.10459363460540771,-0.03942782320150684,0.09659439325332642,-0.06516551971435547,-0.04907904826173137,0.08080902695655823,-0.059054672718048096,-0.05487305559286426,0.06090673804283142,-0.1598239541053772,-0.024733423069804417,0.08510828018188477,-0.10267776250839233,-0.04298120252856563,0.06919139623641968,-0.05861353874206543,-0.0466521110392506,0.056820690631866455,-0.05890393257141113,-0.04813623316654514,0.033009886741638184,-0.15544933080673218,-0.029968383536427723,0.05667713284492493,-0.09551095962524414,-0.04672227315673183,0.04569077491760254,-0.061069607734680176,-0.044681316987364994,0.034893691539764404,-0.06777024269104004,-0.041837314889519917,0.007584720849990845,-0.14018335938453674,-0.03674328588017772,0.03173765540122986,-0.09364724159240723,-0.04530637972125362,0.025859326124191284,-0.0687595009803772,-0.041964112595408665,0.015743285417556763,-0.0747450590133667,-0.039013179764836536
0.0,0.0,0.0,0.054681599140167236,-0.0059934258460998535,-0.01597370512389773,0.10626882314682007,-0.025363445281982422,-0.02842461436593169,0.12982577085494995,-0.05114787817001343,-0.04013430445992583,0.10366559028625488,-0.06192809343338013,-0.048881449993487536,0.09576839208602905,-0.1466975212097168,-0.022183238785501658,0.11495500802993774,-0.10206565260887146,-0.040403426881667315,0.09863525629043579,-0.06477636098861694,-0.050405488606330096,0.08602577447891235,-0.06475365161895752,-0.05707998692595595,0.0660562515258789,-0.16036707162857056,-0.025627712975975214,0.087374746799469,-0.10019809007644653,-0.04367806508743399,0.07194706797599792,-0.05868518352508545,-0.04830342277490729,0.06272932887077332,-0.06473201513290405,-0.05134749531352156,0.037614405155181885,-0.15702500939369202,-0.030604842375751673,0.05944716930389404,-0.09720700979232788,-0.04774448394381636,0.048571258783340454,-0.062877357006073,-0.04645218446457022,0.039038896560668945,-0.07319152355194092,-0.04467553764187926,0.012401401996612549,-0.14394491910934448,-0.037306254055138766,0.03635808825492859,-0.09658205509185791,-0.04618455588423842,0.029871106147766113,-0.07091057300567627,-0.042932440783616244,0.019351184368133545,-0.07815581560134888,-0.04037790864312285
0.0,0.0,0.0,0.049548715353012085,-0.009320080280303955,-0.014968738982219065,0.09775766730308533,-0.030498206615447998,-0.027342867197234,0.12226501107215881,-0.05507296323776245,-0.03913549156649765,0.09873184561729431,-0.06447219848632812,-0.04825061009987053,0.08599826693534851,-0.14972880482673645,-0.02052664207084831,0.10911843180656433,-0.10837677121162415,-0.03834568159444984,0.0912984311580658,-0.06999766826629639,-0.0484982115195578,0.07546550035476685,-0.06597369909286499,-0.05502427192195114,0.0577092170715332,-0.16242238879203796,-0.024336725564438666,0.08224442601203918,-0.10748752951622009,-0.042087061421710814,0.06577470898628235,-0.06566286087036133,-0.0465509016977137,0.05381312966346741,-0.06694293022155762,-0.04892127038701233,0.02985435724258423,-0.1583786904811859,-0.02966544786258396,0.054483890533447266,-0.10381904244422913,-0.046079488562185134,0.04305586218833923,-0.06904447078704834,-0.04401636691554245,0.03172352910041809,-0.0741683840751648,-0.041376629935342635,0.00427517294883728,-0.14434343576431274,-0.03662497373088058,0.029763638973236084,-0.10362496972084045,-0.0450855662093943,0.023900777101516724,-0.07714396715164185,-0.04097438426478561,0.013228356838226318,-0.07987052202224731,-0.03742243172391113
0.0,0.0,0.0,0.05399641394615173,-0.006314337253570557,-0.01572648844145874,0.10303294658660889,-0.024665474891662598,-0.027809623986712495,0.12782979011535645,-0.05076998472213745,-0.03918242304050068,0.10260695219039917,-0.061734020709991455,-0.04775167851173023,0.09046000242233276,-0.14443644881248474,-0.023178121432891885,0.11214292049407959,-0.1026546061038971,-0.04024485348188023,0.09474289417266846,-0.06545543670654297,-0.0488656557949696,0.08005732297897339,-0.06378638744354248,-0.05445838196598629,0.06200486421585083,-0.15692588686943054,-0.0261258151235495,0.08532136678695679,-0.10001727938652039,-0.04369756801449398,0.0697590708732605,-0.059332847595214844,-0.04746433569513897,0.05854874849319458,-0.060544729232788086,-0.04967068357788662,0.034516841173172,-0.15387830138206482,-0.030491877705088655,0.05721473693847656,-0.09670454263687134,-0.0466480389090691,0.04658538103103638,-0.06344348192214966,-0.045278368875614206,0.03595161437988281,-0.06860250234603882,-0.043358715608945886,0.009915649890899658,-0.14163139462471008,-0.03655330313765148,0.033084481954574585,-0.09664744138717651,-0.04440090654813389,0.02774941921234131,-0.07153588533401489,-0.0414644092174683,0.018000036478042603,-0.07475793361663818,-0.03918476997338871
0.0,0.0,0.0,0.05676162242889404,-0.00668179988861084,-0.016421197734572957,0.10586744546890259,-0.030023396015167236,-0.02846163027713544,0.12821918725967407,-0.055529236793518066,-0.039413339279391835,0.10275483131408691,-0.0624544620513916,-0.04734793939421422,0.09322971105575562,-0.14967578649520874,-0.0255066108031059,0.11436933279037476,-0.10127684473991394,-0.041801701120832035,0.09640717506408691,-0.06139785051345825,-0.04837212600538976,0.08165311813354492,-0.058092474937438965,-0.05269804113338239,0.0632680356502533,-0.1619648039340973,-0.0279742971135164,0.08599996566772461,-0.09939751029014587,-0.046291830770471165,0.06909477710723877,-0.058931171894073486,-0.04918425419161565,0.0569767951965332,-0.06142204999923706,-0.05061606951782949,0.033802807331085205,-0.15787330269813538,-0.0317951690478111,0.0554639995098114,-0.09654867649078369,-0.04889724665115125,0.04475581645965576,-0.06349164247512817,-0.0475153539402271,0.03502047061920166,-0.07017922401428223,-0.045285160474278996,0.007544785737991333,-0.14436757564544678,-0.0372205216510082,0.03132438659667969,-0.09800615906715393,-0.04583454393575437,0.02658495306968689,-0.07372266054153442,-0.0433845918698097,0.01738685369491577,-0.079109787940979,-0.04140296839902646
0.0,0.0,0.0,0.05435764789581299,0.004486143589019775,-0.015535167225451119,0.09798577427864075,0.013451576232910156,-0.03240288867876018,0.11862275004386902,0.027408957481384277,-0.047815942012519486,0.09307065606117249,0.03349435329437256,-0.06051101981923068,0.09840896725654602,-0.09347033500671387,-0.039606184505672104,0.10205784440040588,-0.003376007080078125,-0.058279939734191544,0.08332648873329163,0.02031254768371582,-0.06580003052279437,0.07284504175186157,0.010225415229797363,-0.07164545803591693,0.06299391388893127,-0.10455569624900818,-0.04417089074179614,0.06796818971633911,0.0007500648498535156,-0.06068251355812038,0.05623006820678711,0.014344573020935059,-0.0597078397803017,0.05092594027519226,-0.004397571086883545,-0.061753925674409516,0.02852645516395569,-0.09674710035324097,-0.049472586058826096,0.035503774881362915,0.00499880313873291,-0.0627041354708382,0.02965220808982849,0.011595010757446289,-0.05671415179297412,0.02732279896736145,-0.01044529676437378,-0.05417194291278804,-0.0020051896572113037,-0.07973974943161011,-0.057030171894282944,0.009212344884872437,0.0011712908744812012,-0.06573425679728473,0.009573549032211304,0.009480774402618408,-0.06377038806006396,0.006446957588195801,-0.00748598575592041,-0.06310488729998553
0.0,0.0,0.0,0.05474585294723511,0.0031108856201171875,-0.016375646653557396,0.09847119450569153,0.012220442295074463,-0.03358127428867874,0.11864498257637024,0.02568286657333374,-0.04938356830456314,0.0914861261844635,0.03412175178527832,-0.062064415502334214,0.09586235880851746,-0.10039526224136353,-0.03720298289039192,0.10131868720054626,-0.00933760404586792,-0.05577944843747673,0.08402523398399353,0.01027601957321167,-0.06339640422442017,0.07484802603721619,-0.002579808235168457,-0.06936682267763672,0.06023213267326355,-0.1073213517665863,-0.04176980509140549,0.06578245759010315,0.0006794929504394531,-0.058300501394057846,0.05419239401817322,0.007409572601318359,-0.057391105878139115,0.05040884017944336,-0.015665262937545776,-0.05932569010832367,0.02628210186958313,-0.09613454341888428,-0.047435956734204865,0.034135639667510986,0.007715463638305664,-0.06080920128800926,0.027894973754882812,0.006073713302612305,-0.055237169104600525,0.02636587619781494,-0.020386159420013428,-0.052842075663591004,-0.0037321150302886963,-0.07709550857543945,-0.055649350124383545,0.008103251457214355,0.0033319592475891113,-0.06481900318243561,0.00765758752822876,0.005535423755645752,-0.06379854186155853,0.004442423582077026,-0.014509320259094238,-0.06369292988159714
0.0,0.0,0.0,0.05067381262779236,0.005491316318511963,-0.01495446486259766,0.09038946032524109,0.01517421007156372,-0.03265901503945656,0.11195263266563416,0.025227069854736328,-0.04973876697803803,0.08845195174217224,0.030020594596862793,-0.06466752139712639,0.09115085005760193,-0.10342738032341003,-0.03636361880089112,0.09557399153709412,-0.018597006797790527,-0.05570895446325608,0.07869371771812439,0.010252296924591064,-0.06587689218903847,0.0687234103679657,0.003019273281097412,-0.07368443755294152,0.05491647124290466,-0.11119061708450317,-0.04204023850942917,0.06021285057067871,-0.004509329795837402,-0.05779978854442902,0.04906967282295227,0.012487947940826416,-0.05954364908720322,0.043743789196014404,-0.005274832248687744,-0.06408639101172753,0.020626962184906006,-0.10069349408149719,-0.04847022740031548,0.029611647129058838,0.002085387706756592,-0.0613282494046814,0.024348318576812744,0.010202407836914062,-0.0576775207915432,0.021471798419952393,-0.012240350246429443,-0.05731262115622826,-0.00920337438583374,-0.0821492075920105,-0.05717041937495537,0.0021909773349761963,-0.002832174301147461,-0.06543629465485878,0.001901865005493164,0.00653529167175293,-0.06369934080029793,-0.0013374388217926025,-0.010609269142150879,-0.06347940711165734
0.0,0.0,0.0,0.05381745100021362,0.003705263137817383,-0.019680864533640374,0.09419500827789307,0.01203012466430664,-0.04072773957834386,0.11648541688919067,0.01955050230026245,-0.05993642414198064,0.09584659337997437,0.023358523845672607,-0.0759025340734496,0.09707373380661011,-0.107087641954422,-0.04517170543060445,0.09994882345199585,-0.022130966186523438,-0.06638848537788533,0.08315402269363403,0.008165836334228516,-0.0740673517642989,0.07410427927970886,0.00010770559310913086,-0.07946226502046727,0.059564948081970215,-0.11452031135559082,-0.04953977966890477,0.06532180309295654,-0.011037230491638184,-0.06911436969623708,0.052748918533325195,0.00917738676071167,-0.06850655878172063,0.04831454157829285,-0.009323418140411377,-0.07016082609281682,0.023864567279815674,-0.10385662317276001,-0.05503161007747792,0.03193143010139465,-0.003721773624420166,-0.07164325321302556,0.02725997567176819,0.008158504962921143,-0.06600503379688405,0.02571168541908264,-0.01329582929611206,-0.06321407610759877,-0.007399231195449829,-0.08450928330421448,-0.06299710775003575,0.003938049077987671,-0.00772017240524292,-0.07354127371893071,0.005651295185089111,0.003945648670196533,-0.07179531956300877,0.004110991954803467,-0.012372374534606934,-0.0710848769007697
0.0,0.0,0.0,0.05639424920082092,0.007803618907928467,-0.014869315748313738,0.10212737321853638,0.01204293966293335,-0.030990187277296855,0.12225133180618286,0.01590108871459961,-0.04648504239807494,0.09354650974273682,0.014216482639312744,-0.05939302427063353,0.10369861125946045,-0.10582643747329712,-0.03589543161282904,0.10459977388381958,-0.02828487753868103,-0.0558956882108248,0.08380842208862305,0.005509078502655029,-0.06533275378237136,0.07482391595840454,-0.001962006092071533,-0.07226276231298812,0.06825032830238342,-0.11744734644889832,-0.04178770092616446,0.06766662001609802,-0.017764270305633545,-0.05935454202185042,0.0531592071056366,0.0072460174560546875,-0.06157658082733519,0.04980459809303284,-0.011211514472961426,-0.06578083915005095,0.03339868783950806,-0.11015069484710693,-0.048458153580526186,0.03641188144683838,-0.012194275856018066,-0.06370445174465544,0.029012471437454224,0.0056056976318359375,-0.06106471848974593,0.028130412101745605,-0.016129612922668457,-0.06090873685965903,0.0023258626461029053,-0.09332886338233948,-0.05710927230606444,0.008752286434173584,-0.012992322444915771,-0.0659354834009207,0.006888031959533691,0.005102694034576416,-0.06413589251528151,0.004870176315307617,-0.008700549602508545,-0.06397432667503722
0.0,0.0,0.0,0.05218416452407837,0.010814249515533447,-0.01622225330183369,0.09238597750663757,0.019925713539123535,-0.03375777215669018,0.11648240685462952,0.022689759731292725,-0.050639431783650934,0.09786668419837952,0.015654146671295166,-0.0646562947423206,0.10177561640739441,-0.1024804413318634,-0.036866340646241724,0.10450723767280579,-0.026746690273284912,-0.05924421907374722,0.08155784010887146,0.008462786674499512,-0.07027526930878025,0.06820079684257507,0.005408346652984619,-0.07752393917152745,0.06662854552268982,-0.1148204505443573,-0.04244718686649662,0.06834495067596436,-0.018887758255004883,-0.06336723254034382,0.051428526639938354,0.010928034782409668,-0.06662776307175022,0.043524712324142456,0.001544654369354248,-0.07025329009601933,0.031853049993515015,-0.10855832695960999,-0.049145135888551295,0.03510895371437073,-0.014226794242858887,-0.06652251617023808,0.027197182178497314,0.007482945919036865,-0.06380869434187275,0.023606717586517334,-0.006541430950164795,-0.06269256756613117,0.0007601678371429443,-0.09249094128608704,-0.05794130251715046,0.0050553083419799805,-0.01495361328125,-0.06767161921570164,0.0043884217739105225,0.004792332649230957,-0.06607758984873158,0.0032629966735839844,-0.0050154924392700195,-0.06547361598322254
0.0,0.0,0.0,0.05053293704986572,0.007718324661254883,-0.014058839322686367,0.08861827850341797,0.014111638069152832,-0.031039739751875572,0.11076819896697998,0.017123103141784668,-0.04810857286459225,0.09822070598602295,0.01834970712661743,-0.06297864278560894,0.09606927633285522,-0.10449039936065674,-0.03305446987754124,0.09974217414855957,-0.026281803846359253,-0.05341845636969822,0.08170223236083984,0.004488825798034668,-0.06439516206985729,0.07243037223815918,-0.0013355016708374023,-0.07260798176533001,0.06089547276496887,-0.11599671840667725,-0.03965674226886051,0.06425049901008606,-0.015406191349029541,-0.057521025443136864,0.05123743414878845,0.004260599613189697,-0.060783038640082054,0.046332597732543945,-0.012723267078399658,-0.06576351335054653,0.02603280544281006,-0.10912224650382996,-0.04726964866524952,0.03255888819694519,-0.013466298580169678,-0.062808456623614,0.02632412314414978,-0.0003764629364013672,-0.06007876505857723,0.0242958664894104,-0.020344585180282593,-0.05986769383555668,-0.005372047424316406,-0.09373342990875244,-0.05690843870645779,0.0034913718700408936,-0.01905679702758789,-0.06713740786319988,0.0035120248794555664,-0.004325985908508301,-0.06575058659321087,0.00231093168258667,-0.01815056800842285,-0.0654467817187907
0.0,0.0,0.0,0.048361361026763916,0.007615029811859131,-0.01668953250205618,0.0884009301662445,0.017109692096710205,-0.03480794939255816,0.10786500573158264,0.022200822830200195,-0.0519831954226504,0.08389779925346375,0.02127903699874878,-0.06700561109042269,0.09103569388389587,-0.10090413689613342,-0.038744191704751074,0.08949717879295349,-0.02236926555633545,-0.06025427493310076,0.07108920812606812,0.013086318969726562,-0.07189533027863604,0.06268864870071411,0.006825804710388184,-0.08024909260726076,0.05585753917694092,-0.11290860176086426,-0.04409320193386179,0.05458983778953552,-0.01326829195022583,-0.062269127993346274,0.04250901937484741,0.015103280544281006,-0.06576860609507662,0.03896382451057434,0.00016373395919799805,-0.07102283748841387,0.02163788676261902,-0.10702699422836304,-0.05015911075329882,0.024265170097351074,-0.01083385944366455,-0.0658698892877112,0.019061505794525146,0.009955644607543945,-0.06335701706862551,0.017981261014938354,-0.008632481098175049,-0.06333222153639895,-0.009089618921279907,-0.0921105444431305,-0.05832779693460566,-0.0034381449222564697,-0.014327168464660645,-0.06781207683539492,-0.0014833509922027588,0.007273435592651367,-0.0657928726360808,-0.0014773309230804443,-0.002241075038909912,-0.06530686381316286
0.0,0.0,0.0,0.0541786253452301,0.007124125957489014,-0.016139599003906824,0.09800678491592407,0.009845376014709473,-0.03268159411203442,0.11714941263198853,0.008850514888763428,-0.048246922412033655,0.09239429235458374,0.006069362163543701,-0.06117348603260098,0.0996292233467102,-0.11050787568092346,-0.03666265539180813,0.09895503520965576,-0.03965473175048828,-0.05678486309301434,0.08006125688552856,-0.0008267760276794434,-0.06634797013651905,0.07059267163276672,-0.0026217103004455566,-0.07301551706444798,0.06477993726730347,-0.1227571964263916,-0.04170803956043301,0.06494379043579102,-0.0292852520942688,-0.05981667570125637,0.05174711346626282,0.0019655823707580566,-0.06311628080260334,0.046658873558044434,-0.009769141674041748,-0.06755719191681919,0.029978454113006592,-0.11644577980041504,-0.04749814651262341,0.03397276997566223,-0.024482786655426025,-0.06354127682101307,0.028554141521453857,-0.00045311450958251953,-0.062078116902227976,0.0269051194190979,-0.015179574489593506,-0.06224594868075428,-0.001656860113143921,-0.10048484802246094,-0.05520072809707699,0.004225939512252808,-0.02440398931503296,-0.06475268162142811,0.006236553192138672,-0.0017304420471191406,-0.06374642110716877,0.006863832473754883,-0.010146379470825195,-0.0638027996505457
0.0,0.0,0.0,0.053196340799331665,0.0056046247482299805,-0.017314380624540604,0.09651023149490356,0.01039588451385498,-0.03474296129608945,0.11788249015808105,0.013385176658630371,-0.051041192033537186,0.0930631160736084,0.014539122581481934,-0.06449096150065259,0.09714013338088989,-0.10948091745376587,-0.036444033154495514,0.09883159399032593,-0.03556632995605469,-0.05739619455600575,0.0810595452785492,0.0008147358894348145,-0.06770538783932523,0.07043910026550293,-0.0012195706367492676,-0.07472403592730359,0.061960846185684204,-0.12056446075439453,-0.04089831806088284,0.06351667642593384,-0.023052126169204712,-0.05945013708735303,0.05176430940628052,0.0020134449005126953,-0.06281847751999692,0.04635635018348694,-0.013353109359741211,-0.06726692117119626,0.026933759450912476,-0.1130283772945404,-0.04652051872874097,0.031705260276794434,-0.01817876100540161,-0.06253486371899442,0.027455180883407593,-0.0009918808937072754,-0.06087802223230199,0.026055335998535156,-0.019951343536376953,-0.06076669193173245,-0.004419565200805664,-0.09671828150749207,-0.05427788815761403,0.005206704139709473,-0.0225830078125,-0.06415927655363873,0.0055904388427734375,-0.007506608963012695,-0.06336495525503949,0.00319749116897583,-0.02176600694656372,-0.06328626967335538
0.0,0.0,0.0,0.04749894142150879,0.007109344005584717,-0.013874815995222889,0.08556264638900757,0.016511380672454834,-0.031133982571191154,0.10717904567718506,0.020472705364227295,-0.04825452085060533,0.0886344313621521,0.01817631721496582,-0.06339408572239336,0.08901697397232056,-0.10183945298194885,-0.03554646785778459,0.09189319610595703,-0.023967206478118896,-0.05738679062051233,0.07353731989860535,0.01356363296508789,-0.0696440127067035,0.06299251317977905,0.015220105648040771,-0.07813406850618776,0.0536673367023468,-0.11326807737350464,-0.042217795955366455,0.05659392476081848,-0.012952029705047607,-0.060994972693151794,0.044331878423690796,0.012057602405548096,-0.06510309989971574,0.03806072473526001,0.0007324814796447754,-0.07046157236618455,0.01920008659362793,-0.10626840591430664,-0.04956373314780649,0.026333630084991455,-0.010199189186096191,-0.06486176069302019,0.021051228046417236,0.005760252475738525,-0.062070840256637894,0.018668830394744873,-0.011997759342193604,-0.061814417349523865,-0.011399686336517334,-0.09056565165519714,-0.05886516462487634,-0.0022474825382232666,-0.014052510261535645,-0.06801235045713838,-0.0014083385467529297,0.002141892910003662,-0.06566580499929842,-0.0026089251041412354,-0.010399460792541504,-0.06480535234732088
0.0,0.0,0.0,0.050940513610839844,0.00974053144454956,-0.0167574942810802,0.09180182218551636,0.020584166049957275,-0.03504953205123229,0.11375492811203003,0.02830028533935547,-0.052368395472910834,0.09278750419616699,0.026623189449310303,-0.06696357622280402,0.09819012880325317,-0.09759119153022766,-0.03772825046911521,0.09888291358947754,-0.01738223433494568,-0.059252262557890845,0.08053255081176758,0.013151884078979492,-0.07004270746841712,0.072691410779953,0.0057076215744018555,-0.07764417722358985,0.06200379133224487,-0.10851585865020752,-0.042759132082608176,0.06304901838302612,-0.00550001859664917,-0.0612113070441751,0.050444722175598145,0.014511525630950928,-0.06315945133104606,0.046665966510772705,-0.003936350345611572,-0.06690660163297935,0.027481645345687866,-0.10138416290283203,-0.04893527969255729,0.03172239661216736,0.0012618303298950195,-0.06393549635544105,0.025469064712524414,0.0132293701171875,-0.059683695877936316,0.02400025725364685,-0.009332716464996338,-0.05829823061361594,-0.0027136504650115967,-0.0848669707775116,-0.05751648589506431,0.004218161106109619,-0.002245485782623291,-0.06652514680757804,0.0031057000160217285,0.011321961879730225,-0.06470283165111823,0.0010711848735809326,-0.004824578762054443,-0.064181670988944
0.0,0.0,0.0,0.05441641807556152,0.010568380355834961,-0.015450409548037669,0.0956926941871643,0.019335150718688965,-0.03255898126369061,0.11659061908721924,0.023242056369781494,-0.04924054809814038,0.09614700078964233,0.01901298761367798,-0.06334830441480221,0.1029704213142395,-0.10352301597595215,-0.0350563674510056,0.10257351398468018,-0.025801509618759155,-0.05609482147698941,0.08422857522964478,0.006580948829650879,-0.06697128334050717,0.07401829957962036,0.0015103816986083984,-0.07453095533853116,0.0670805275440216,-0.11416944861412048,-0.04076957323556485,0.06666907668113708,-0.013955116271972656,-0.059902653032594344,0.05339783430099487,0.01141268014907837,-0.06349765875344815,0.047959089279174805,-0.003025650978088379,-0.06818057217603268,0.031909286975860596,-0.1069188117980957,-0.04746390872603001,0.035376906394958496,-0.007759153842926025,-0.06439047672753873,0.028471678495407104,0.011325478553771973,-0.06220358976131024,0.02619871497154236,-0.006034791469573975,-0.061784740471892974,0.00045996904373168945,-0.08990055322647095,-0.0562219991624886,0.006435364484786987,-0.007210850715637207,-0.06708933033948483,0.005485057830810547,0.012718141078948975,-0.06617583700423779,0.004230886697769165,0.002292811870574951,-0.06601487466102185
0.0,0.0,0.0,0.05744665861129761,-0.012130558490753174,-0.007974014612926794,0.09800595045089722,-0.029102206230163574,-0.019883469673885656,0.1285572052001953,-0.04111313819885254,-0.03433704282630856,0.1463966965675354,-0.05828148126602173,-0.046477022576226545,0.10992050170898438,-0.14965716004371643,-0.017481588753952337,0.1394173502922058,-0.13174602389335632,-0.042635778891934706,0.12687534093856812,-0.08493354916572571,-0.059400129127396895,0.11213254928588867,-0.05706244707107544,-0.06742009054411824,0.07949936389923096,-0.16286700963974,-0.02513984869707997,0.10222113132476807,-0.1260257065296173,-0.05094469617594655,0.09537023305892944,-0.06837356090545654,-0.06056169699419911,0.08383780717849731,-0.03017371892929077,-0.06342447082985814,0.04728853702545166,-0.16019359230995178,-0.034563492047681166,0.06537580490112305,-0.11681592464447021,-0.05563923250426228,0.062363624572753906,-0.0675768256187439,-0.05607253219474728,0.053532570600509644,-0.035853028297424316,-0.05192951391924794,0.01688486337661743,-0.14666369557380676,-0.04530641342986996,0.0321347713470459,-0.10753095149993896,-0.056232231664552046,0.036491572856903076,-0.0712924599647522,-0.054443757045163466,0.03560143709182739,-0.04621320962905884,-0.049883945840491606
0.0,0.0,0.0,0.10653749108314514,0.03729557991027832,-0.0395775487248784,0.20045915246009827,0.0653996467590332,-0.07857710994528588,0.24629244208335876,0.09159797430038452,-0.11628330625342187,0.1830504834651947,0.10880792140960693,-0.15136163063095864,0.20375683903694153,-0.2019563913345337,-0.07975045718001184,0.2185172736644745,0.018632173538208008,-0.13049797840164956,0.17463961243629456,0.05141258239746094,-0.16573870308445748,0.15579178929328918,0.002837836742401123,-0.19504235811280068,0.12282964587211609,-0.21884667873382568,-0.09320780016230401,0.15436264872550964,0.03774237632751465,-0.13013543314980325,0.11852630972862244,0.04817509651184082,-0.13944207258271035,0.1059214174747467,-0.009940147399902344,-0.1562884015564805,0.046568721532821655,-0.1920396387577057,-0.11000691480683145,0.08325520157814026,0.05723297595977783,-0.13432286806153115,0.05484530329704285,0.05140852928161621,-0.12591596074150857,0.04103037714958191,-0.014921486377716064,-0.12875896818684396,-0.021051257848739624,-0.14687684178352356,-0.134354756546486,0.008503586053848267,0.046727538108825684,-0.1512839955811387,-0.0011331140995025635,0.045451462268829346,-0.15136061735199746,-0.013090044260025024,-0.008257150650024414,-0.15671287603424844
0.0,0.0,0.0,0.15449339151382446,0.023867785930633545,-0.03794505023201111,0.27618205547332764,0.03549832105636597,-0.07815695502598885,0.3271031975746155,0.0671851634979248,-0.11471127667267922,0.260517418384552,0.08125370740890503,-0.14249946870644692,0.27665233612060547,-0.2505664825439453,-0.10216818698485497,0.2996153235435486,-0.024703264236450195,-0.14872918226559761,0.23580288887023926,0.007910490036010742,-0.16110559501488808,0.2075456976890564,-0.061738014221191406,-0.17298615672429207,0.18906420469284058,-0.26471132040023804,-0.11683900602896813,0.21735113859176636,-0.0121917724609375,-0.16837543942769173,0.1704145073890686,0.004202127456665039,-0.16679816641648415,0.15602385997772217,-0.06861180067062378,-0.17116548814614418,0.10206073522567749,-0.2327302098274231,-0.13331537642319802,0.13453233242034912,0.007060647010803223,-0.1743431756718934,0.09639090299606323,0.01703619956970215,-0.1585493455155671,0.08100342750549316,-0.05464613437652588,-0.1520277629121125,0.02391338348388672,-0.17995595932006836,-0.15488981404145363,0.06415128707885742,0.013093352317810059,-0.1826543579324067,0.03751492500305176,0.018885433673858643,-0.18023095228512886,0.014101535081863403,-0.049564480781555176,-0.1817306051476777
0.0,0.0,0.0,0.12826412916183472,0.007202029228210449,-0.03749807806747185,0.2310541272163391,0.014630138874053955,-0.07558832572834717,0.28093165159225464,0.03736776113510132,-0.11002520727055298,0.22663849592208862,0.04516136646270752,-0.13658049212830292,0.23792636394500732,-0.2516949474811554,-0.0831718619360231,0.260994017124176,-0.04054439067840576,-0.126682425607612,0.20143425464630127,-0.0031009912490844727,-0.14204993354218232,0.1737445592880249,-0.05374222993850708,-0.15492847072022187,0.16160345077514648,-0.26544189453125,-0.09331639366286026,0.1876891851425171,-0.0216825008392334,-0.13984997080700623,0.14221471548080444,0.0006324052810668945,-0.14093821751015412,0.1277521252632141,-0.054175496101379395,-0.1455476235045694,0.08713710308074951,-0.23731282353401184,-0.10611424850361573,0.11752378940582275,-9.334087371826172e-05,-0.14368299650089966,0.08063682913780212,0.01466667652130127,-0.13261456297772156,0.06384158134460449,-0.04051017761230469,-0.12721038864987122,0.02104353904724121,-0.18748736381530762,-0.12396426009075867,0.056394219398498535,-0.00011962652206420898,-0.14879670249359833,0.03167244791984558,0.013163745403289795,-0.14829629169838654,0.009489297866821289,-0.03585970401763916,-0.14916936563389527
0.0,0.0,0.0,0.14919379353523254,0.019158244132995605,-0.052686573068100984,0.2575792074203491,0.017820358276367188,-0.10075489530940729,0.2917419672012329,0.023308396339416504,-0.1436567688979693,0.21790826320648193,0.01918339729309082,-0.1770902211465426,0.2531031370162964,-0.2574204206466675,-0.09898178378720957,0.27445828914642334,-0.07735514640808105,-0.14759323845287042,0.22244924306869507,-0.028665781021118164,-0.16421651194472986,0.19453221559524536,-0.07425045967102051,-0.17667818913837152,0.1723911166191101,-0.2693062424659729,-0.10424520919700342,0.19443023204803467,-0.05302697420120239,-0.15443884680648523,0.15848344564437866,-0.022648870944976807,-0.1554893488683291,0.1495973765850067,-0.0821608304977417,-0.15986416588206964,0.09583315253257751,-0.24124965071678162,-0.11397191981454569,0.1207655668258667,-0.031640052795410156,-0.15355209360500055,0.09872767329216003,-0.01610875129699707,-0.14409888635059076,0.09269016981124878,-0.07763433456420898,-0.14001786063094812,0.030346661806106567,-0.1944274604320526,-0.1301791305341311,0.05947139859199524,-0.028354763984680176,-0.15306671808143335,0.04935187101364136,-0.01954108476638794,-0.1534623290099688,0.039942026138305664,-0.07490187883377075,-0.15660231659789758
0.0,0.0,0.0,0.10049480199813843,0.009578585624694824,-0.05305249842996318,0.19313400983810425,0.01845550537109375,-0.10506345930690486,0.2434130311012268,0.021574854850769043,-0.15370928350085933,0.18281733989715576,0.03556704521179199,-0.1982391089498492,0.20623672008514404,-0.2865075170993805,-0.10425966832036693,0.20924890041351318,-0.07424849271774292,-0.160113951593587,0.16443580389022827,-0.012925863265991211,-0.1917880237400027,0.1473258137702942,-0.05058938264846802,-0.21704871061439235,0.11511501669883728,-0.31063148379325867,-0.11538482311362941,0.13416233658790588,-0.051659464836120605,-0.16236295405025203,0.09729811549186707,-0.0017091035842895508,-0.169304049044797,0.08451700210571289,-0.049954771995544434,-0.1806730836927386,0.02988925576210022,-0.2850305438041687,-0.12986289563770015,0.056351691484451294,-0.038596928119659424,-0.1684226751625033,0.032231688499450684,-0.0012722015380859375,-0.15911669138068874,0.01975536346435547,-0.05427825450897217,-0.15708062651748378,-0.04654073715209961,-0.23617631196975708,-0.15156579616660792,-0.014665156602859497,-0.05196470022201538,-0.1771362185775729,-0.0202028751373291,-0.01484823226928711,-0.17443350556487758,-0.030841052532196045,-0.04899317026138306,-0.1744654536544772
0.0,0.0,0.0,0.10603368282318115,0.0306093692779541,-0.05537283572689944,0.1975266933441162,0.06471514701843262,-0.1104225084497159,0.23075085878372192,0.10757184028625488,-0.16171112063662463,0.1580057442188263,0.13857698440551758,-0.20885571244494372,0.1997452974319458,-0.2017265260219574,-0.11573674681918078,0.18368607759475708,0.016901671886444092,-0.18029151263968402,0.14527204632759094,0.07367873191833496,-0.21629663708941393,0.13851198554039001,0.027151048183441162,-0.24310825172202044,0.0991884171962738,-0.2279672622680664,-0.12800198200480395,0.10187047719955444,0.03957158327102661,-0.18078678253428393,0.07743996381759644,0.07981383800506592,-0.18800359371439868,0.08101767301559448,0.012672781944274902,-0.19930441084639483,0.0078084468841552734,-0.20475080609321594,-0.14407650533453875,0.018925130367279053,0.05677354335784912,-0.18492517772452288,0.0072074830532073975,0.0820232629776001,-0.16978571716086321,0.007183760404586792,0.01331186294555664,-0.1630680054737752,-0.07116936147212982,-0.1611207127571106,-0.16825173202292376,-0.0565091073513031,0.0419655442237854,-0.19596146944300585,-0.04926784336566925,0.06817740201950073,-0.19048863056437426,-0.05013144016265869,0.02236628532409668,-0.18791935745016985
0.0,0.0,0.0,0.07735827565193176,0.0335536003112793,-0.05230841877472869,0.14165467023849487,0.08130079507827759,-0.10460737439406387,0.16476655006408691,0.12515348196029663,-0.15190209540141097,0.10882776975631714,0.14885848760604858,-0.1974303582550334,0.1383855640888214,-0.13223275542259216,-0.12167610319865219,0.12546131014823914,0.05233287811279297,-0.17427660616648666,0.10759639739990234,0.08123493194580078,-0.20102070363772384,0.10252425074577332,0.038510262966156006,-0.22111182006609909,0.05617630481719971,-0.14666706323623657,-0.12785810323966018,0.06320035457611084,0.07671815156936646,-0.16520127745879165,0.053809165954589844,0.08638089895248413,-0.16419495733988754,0.05231904983520508,0.025361180305480957,-0.17165091725600234,-0.01598912477493286,-0.12433978915214539,-0.13607023748171798,-0.001118779182434082,0.08762633800506592,-0.16287416311514846,-0.003640413284301758,0.088650643825531,-0.14240001233828536,-0.004587352275848389,0.030226409435272217,-0.13414423259509078,-0.07827252149581909,-0.08841463923454285,-0.1522202798963832,-0.06045636534690857,0.07558143138885498,-0.172703401172285,-0.05075150728225708,0.08263576030731201,-0.164769292795782,-0.050148963928222656,0.04287201166152954,-0.16145336719763748
0.0,0.0,0.0,0.08112996816635132,0.028099238872528076,-0.04522582446421097,0.14973777532577515,0.07183504104614258,-0.09321386669958542,0.17015895247459412,0.12264871597290039,-0.13784500514353226,0.11085206270217896,0.15365689992904663,-0.1813992962726445,0.14295807480812073,-0.13613486289978027,-0.11446655099476288,0.13522276282310486,0.047170937061309814,-0.1668286428340764,0.11348238587379456,0.08314555883407593,-0.19429237698400925,0.10362404584884644,0.036303699016571045,-0.21469087456549119,0.0598311722278595,-0.15297138690948486,-0.1235924840458722,0.0665903091430664,0.07087945938110352,-0.15982974623526047,0.056244105100631714,0.09114986658096313,-0.1594649509080739,0.054141461849212646,0.02857142686843872,-0.16802337323511551,-0.01322367787361145,-0.13146424293518066,-0.1342973515876622,0.00018829107284545898,0.07973635196685791,-0.16015021060789536,-0.004372060298919678,0.09048295021057129,-0.13969273423040818,-0.007440507411956787,0.03059089183807373,-0.13201494072760056,-0.07703354954719543,-0.0972985327243805,-0.1523647711166234,-0.05955591797828674,0.06297850608825684,-0.1710064068921895,-0.05235898494720459,0.07933157682418823,-0.1611564711221547,-0.055030256509780884,0.04350489377975464,-0.15703919087732743
0.0,0.0,0.0,0.07895845174789429,0.029917240142822266,-0.045008869284288266,0.14825385808944702,0.06949043273925781,-0.09105213116993127,0.17427408695220947,0.11355435848236084,-0.13405724000324426,0.11901861429214478,0.14201289415359497,-0.17564322184909997,0.14649057388305664,-0.14572757482528687,-0.10697870832075296,0.1389167308807373,0.03829997777938843,-0.157970087045328,0.11666244268417358,0.06858819723129272,-0.18595236670364557,0.10836678743362427,0.021239936351776123,-0.2074429554878634,0.06345993280410767,-0.16463559865951538,-0.11635536831010995,0.07006120681762695,0.06239211559295654,-0.15251939129223047,0.059346944093704224,0.07669812440872192,-0.15423172842849908,0.0567227303981781,0.015367388725280762,-0.16431546341766534,-0.010551005601882935,-0.14439746737480164,-0.1277235461412829,0.0035204291343688965,0.07102620601654053,-0.1539536131559771,-0.002456873655319214,0.07599449157714844,-0.13573862742771325,-0.005218029022216797,0.014602899551391602,-0.12946412097801385,-0.07568460702896118,-0.11046501994132996,-0.14654991161216913,-0.05650907754898071,0.05399268865585327,-0.1657137734829348,-0.04990065097808838,0.0678204894065857,-0.1576697392403048,-0.051677167415618896,0.029693663120269775,-0.15476590525497613
0.0,0.0,0.0,0.0800403356552124,0.025248467922210693,-0.046994808255618636,0.14889970421791077,0.06290602684020996,-0.09437958443064076,0.17220261693000793,0.10535413026809692,-0.1375558405508457,0.11287710070610046,0.13361448049545288,-0.1790679573406635,0.1383800506591797,-0.1528247594833374,-0.1139652311195789,0.1332097351551056,0.03450292348861694,-0.16280044907230717,0.11446380615234375,0.06055295467376709,-0.1888447135080753,0.10546675324440002,0.00929325819015503,-0.20977941447395665,0.05542641878128052,-0.16950803995132446,-0.12158876949447972,0.0659722089767456,0.055391669273376465,-0.15434561961788518,0.05968019366264343,0.06336408853530884,-0.15312344127792699,0.057661741971969604,-0.0029967427253723145,-0.1621950893988071,-0.016672641038894653,-0.14509117603302002,-0.13078904443878514,0.0019622743129730225,0.06733858585357666,-0.153319078623241,-3.212690353393555e-05,0.06619834899902344,-0.1328701406111179,-0.004038363695144653,0.0005414485931396484,-0.1262120186676441,-0.07946106791496277,-0.10618895292282104,-0.14776435786384923,-0.05904927849769592,0.05626934766769409,-0.16628893011707646,-0.048777371644973755,0.06351536512374878,-0.15870864981312138,-0.05001884698867798,0.01982945203781128,-0.1565614520897327
0.0,0.0,0.0,0.08071991801261902,-0.0057792067527771,-0.04278970377694691,0.15288791060447693,-0.01021122932434082,-0.08349685611378277,0.18807896971702576,-0.016457200050354004,-0.12104759605776394,0.14996331930160522,-0.022943735122680664,-0.15320170166145886,0.15944737195968628,-0.24372655153274536,-0.07381410392176235,0.16118693351745605,-0.11581772565841675,-0.11913687976252163,0.13415583968162537,-0.048474669456481934,-0.1432184750045451,0.12278395891189575,-0.06340247392654419,-0.16072987260471905,0.0886598527431488,-0.2637883424758911,-0.08153140040289486,0.09424290060997009,-0.10079270601272583,-0.12130147459160412,0.07261389493942261,-0.03420686721801758,-0.13092936815868939,0.07164987921714783,-0.06718951463699341,-0.14105504991661633,0.021322041749954224,-0.24812385439872742,-0.09216989072214687,0.032816529273986816,-0.08894330263137817,-0.1265927130187663,0.023602277040481567,-0.04125058650970459,-0.1194881448353442,0.022131502628326416,-0.08494335412979126,-0.11733046414505566,-0.039226263761520386,-0.21924138069152832,-0.10801515223633373,-0.028308779001235962,-0.09509831666946411,-0.1295742267573985,-0.022663027048110962,-0.04979228973388672,-0.12421024831186855,-0.01937764883041382,-0.07449275255203247,-0.12122380973946179
0.0,0.0,0.0,0.08363762497901917,-0.006604611873626709,-0.04671922802828021,0.16172239184379578,-0.009415686130523682,-0.0900629284968204,0.19263306260108948,-0.0166928768157959,-0.12896740168235965,0.13878712058067322,-0.026086091995239258,-0.16217612951896854,0.16435793042182922,-0.24638524651527405,-0.0835086750974483,0.1592576801776886,-0.11324876546859741,-0.1306702020754642,0.13296467065811157,-0.04734843969345093,-0.15568513899944492,0.12418913841247559,-0.068081796169281,-0.1737927320589847,0.08985531330108643,-0.2686656713485718,-0.0896814736714191,0.09059759974479675,-0.09944480657577515,-0.13071289390228458,0.07231065630912781,-0.03561311960220337,-0.14041293889187045,0.075644850730896,-0.07475721836090088,-0.15153099328182407,0.02149978280067444,-0.2521982192993164,-0.09876234561107822,0.028541237115859985,-0.08569228649139404,-0.13447166710994907,0.022949934005737305,-0.04053449630737305,-0.12904773384235568,0.026688188314437866,-0.08976984024047852,-0.12866072088382907,-0.0387825071811676,-0.22149056196212769,-0.1132408130159206,-0.030389219522476196,-0.090442955493927,-0.1363288137306995,-0.023580938577651978,-0.049514174461364746,-0.13370556861065097,-0.018604308366775513,-0.07957637310028076,-0.13345245748661227
0.0,0.0,0.0,0.08000713586807251,-0.004629909992218018,-0.046672737779658746,0.15561875700950623,-0.00663524866104126,-0.09050221610311837,0.18743637204170227,-0.011526286602020264,-0.13010348993782372,0.13728800415992737,-0.020517051219940186,-0.16401057559494348,0.16074076294898987,-0.2379080355167389,-0.08291181046013207,0.1569642722606659,-0.10821300745010376,-0.13194315749649377,0.1291884183883667,-0.04093450307846069,-0.1582785459185061,0.12002888321876526,-0.06084376573562622,-0.17702110725883813,0.08741670846939087,-0.2627216875553131,-0.08955693859104485,0.08903613686561584,-0.09724277257919312,-0.13196837026123376,0.06775790452957153,-0.029912054538726807,-0.14202106613163323,0.07109132409095764,-0.06913292407989502,-0.15268380064014764,0.019693851470947266,-0.24905836582183838,-0.0992715792680201,0.02663913369178772,-0.08383691310882568,-0.1351297708177981,0.019774973392486572,-0.036681413650512695,-0.12814641613010735,0.023434817790985107,-0.0862877368927002,-0.12646549064163537,-0.04043149948120117,-0.2217283546924591,-0.11453572529796929,-0.033205389976501465,-0.09236800670623779,-0.13694008308891625,-0.027421265840530396,-0.048570334911346436,-0.1324943216467318,-0.02339187264442444,-0.07794135808944702,-0.13074024635795922
0.0,0.0,0.0,0.07771822810173035,-0.0014428496360778809,-0.04351592726428066,0.152785986661911,-0.003458857536315918,-0.0843938990624622,0.18319115042686462,-0.006775915622711182,-0.12181286058742558,0.13018733263015747,-0.00931847095489502,-0.1544157146604732,0.15303578972816467,-0.23841536045074463,-0.07638444296438252,0.15351322293281555,-0.10361510515213013,-0.12396338872034107,0.12701746821403503,-0.04048365354537964,-0.15304273656923328,0.11955386400222778,-0.0635833740234375,-0.17479850641805683,0.08102202415466309,-0.2599966526031494,-0.08417991093713795,0.08731809258460999,-0.08892065286636353,-0.12319863877613102,0.06953758001327515,-0.02833878993988037,-0.13347056798059498,0.07100430130958557,-0.06604444980621338,-0.14560911349374805,0.013491064310073853,-0.24293279647827148,-0.09527249179203068,0.0259169340133667,-0.07576793432235718,-0.12723675660211597,0.018926113843917847,-0.034333109855651855,-0.1207354693802074,0.018580377101898193,-0.08317941427230835,-0.12032158962804829,-0.04631580412387848,-0.21148577332496643,-0.11205877653677021,-0.036001503467559814,-0.08192521333694458,-0.1323595374019817,-0.029722601175308228,-0.04531580209732056,-0.1290278165729717,-0.027374714612960815,-0.0780259370803833,-0.1286814241798595
0.0,0.0,0.0,0.07896602153778076,0.0013603568077087402,-0.041785441010887325,0.1460629403591156,-0.0007766485214233398,-0.08331719008057803,0.17772650718688965,-0.005224764347076416,-0.12248687413304538,0.13936492800712585,-0.01859992742538452,-0.15671245720952243,0.16268199682235718,-0.24171572923660278,-0.07445381548970431,0.1539577841758728,-0.10864579677581787,-0.12279233303635806,0.12844029068946838,-0.04759877920150757,-0.15043421056836337,0.12230300903320312,-0.06905347108840942,-0.170221179395611,0.08906203508377075,-0.2625780999660492,-0.0834449079331705,0.08740895986557007,-0.09112805128097534,-0.12374205109446734,0.06947851181030273,-0.02981102466583252,-0.13349971142380923,0.07260507345199585,-0.06489783525466919,-0.14476895299523562,0.01936209201812744,-0.24626874923706055,-0.0957301702794382,0.026879429817199707,-0.07814562320709229,-0.13094054129689425,0.020125627517700195,-0.0333787202835083,-0.1242832314667055,0.021405786275863647,-0.07821553945541382,-0.12287487801879138,-0.04267208278179169,-0.21502739191055298,-0.11330748316615313,-0.03427626192569733,-0.08421844244003296,-0.1359184083041498,-0.02862533926963806,-0.0432094931602478,-0.13202442195981234,-0.024341940879821777,-0.07190614938735962,-0.1304041590985605
0.0,0.0,0.0,0.09478491544723511,0.002947092056274414,-0.03664491319335639,0.17841428518295288,0.002317070960998535,-0.07410823920048415,0.22618216276168823,-0.007688760757446289,-0.1099430210260266,0.1840541958808899,-0.014757215976715088,-0.13999684521235167,0.19317549467086792,-0.2554633617401123,-0.06583674618281066,0.2052236795425415,-0.109150230884552,-0.11268367984570204,0.16315031051635742,-0.03727102279663086,-0.13998180994070708,0.14407974481582642,-0.0458335280418396,-0.1601960248617047,0.12503406405448914,-0.2830669581890106,-0.07639842101610839,0.14195168018341064,-0.09831446409225464,-0.12129674473084151,0.10601747035980225,-0.03068310022354126,-0.13325828680075347,0.09367617964744568,-0.04673641920089722,-0.14316097268141448,0.05694615840911865,-0.27161481976509094,-0.08979603269375502,0.07979422807693481,-0.09118521213531494,-0.1275853104261273,0.0591064989566803,-0.03953021764755249,-0.12426225462235152,0.04800528287887573,-0.06793910264968872,-0.12213813879765212,-0.004989206790924072,-0.2393469214439392,-0.10787832358158767,0.017711162567138672,-0.0990561842918396,-0.13091993698157012,0.017467200756072998,-0.05391436815261841,-0.12918320664442717,0.015790820121765137,-0.07441753149032593,-0.1275126523641461
0.0,0.0,0.0,0.09606456756591797,0.007911980152130127,-0.03790219340930889,0.18308934569358826,0.00863802433013916,-0.07394884739528607,0.22838684916496277,-0.00304567813873291,-0.10786175940643261,0.1773521602153778,-0.017414391040802002,-0.13641546879421185,0.1891624629497528,-0.24681797623634338,-0.06877876285921047,0.2045210897922516,-0.10177469253540039,-0.11449447487007092,0.16130253672599792,-0.02806234359741211,-0.14137241457115124,0.13857993483543396,-0.03436177968978882,-0.16134076033245037,0.11866545677185059,-0.2735177278518677,-0.0783864206493945,0.13485020399093628,-0.08862948417663574,-0.12396470670114468,0.1017097532749176,-0.023963093757629395,-0.13863843892227123,0.08872303366661072,-0.04191070795059204,-0.15092699442516277,0.04956522583961487,-0.2593272626399994,-0.09031655107150982,0.07165709137916565,-0.07961606979370117,-0.12727761481414746,0.054195672273635864,-0.032195329666137695,-0.12563833807121227,0.04529613256454468,-0.06457984447479248,-0.12557994042049359,-0.011992722749710083,-0.22574210166931152,-0.10688635174642513,0.009885996580123901,-0.08070063591003418,-0.12946659539352368,0.010382920503616333,-0.03928577899932861,-0.12818049107204388,0.008905202150344849,-0.06334519386291504,-0.12752765629898022
0.0,0.0,0.0,0.09024965763092041,0.006334424018859863,-0.04585532493547362,0.17200812697410583,0.007694423198699951,-0.08742992229417723,0.21465006470680237,-0.006003081798553467,-0.12517326719716948,0.1684204638004303,-0.021866559982299805,-0.15701092429117125,0.18293824791908264,-0.24988210201263428,-0.07567996181205672,0.19356825947761536,-0.10648095607757568,-0.12356307007030409,0.15617814660072327,-0.03558224439620972,-0.1518683249469177,0.1379271149635315,-0.04691427946090698,-0.17269882209257048,0.11207568645477295,-0.2755559980869293,-0.08196306623176497,0.12487000226974487,-0.09321081638336182,-0.12653138883069914,0.09605011343955994,-0.028541624546051025,-0.13995159811929625,0.08881157636642456,-0.054358720779418945,-0.15202475733713072,0.043608129024505615,-0.261305570602417,-0.09145548589185637,0.0614909827709198,-0.08461505174636841,-0.12861019022420805,0.04791495203971863,-0.03761172294616699,-0.12587944812730711,0.042223572731018066,-0.07593190670013428,-0.12556056327775877,-0.01707318425178528,-0.22897988557815552,-0.10627955592826765,0.002619713544845581,-0.08994054794311523,-0.12999359912828368,0.004589110612869263,-0.04982799291610718,-0.12873282678083342,0.0036360621452331543,-0.07812458276748657,-0.12805685050443572
0.0,0.0,0.0,0.08557531237602234,0.00033205747604370117,-0.041331086999946365,0.16660532355308533,-0.0032699108123779297,-0.0804220742948587,0.20686057209968567,-0.01566368341445923,-0.11685881832914902,0.15887263417243958,-0.024974524974822998,-0.1478392861254747,0.17950007319450378,-0.25005096197128296,-0.06793129513340546,0.18522986769676208,-0.10850667953491211,-0.11461326549130035,0.1482570469379425,-0.0434417724609375,-0.14316121558027817,0.13440507650375366,-0.06183803081512451,-0.16486554662066055,0.10951977968215942,-0.2738732695579529,-0.07703650811987472,0.11916565895080566,-0.09618759155273438,-0.11921469191389633,0.09043973684310913,-0.03805983066558838,-0.1319953284628923,0.08536025881767273,-0.069283127784729,-0.14435697416143967,0.040962427854537964,-0.25893425941467285,-0.08952976832466675,0.057122617959976196,-0.08991754055023193,-0.12447060713844849,0.04256293177604675,-0.04794001579284668,-0.1214769564040239,0.038460344076156616,-0.09076124429702759,-0.12186960945206238,-0.020781338214874268,-0.22677075862884521,-0.10733618656473709,-0.0027987658977508545,-0.09487879276275635,-0.12977296928244186,-0.001887887716293335,-0.05661189556121826,-0.12838173726873947,-0.001559436321258545,-0.08675950765609741,-0.12822602013426376
0.0,0.0,0.0,0.09059634804725647,0.010697007179260254,-0.02034856937632412,0.17411652207374573,-0.011722207069396973,-0.03909539989933819,0.23488286137580872,-0.019128382205963135,-0.06167774833545536,0.27252623438835144,-0.005864143371582031,-0.08518931828245968,0.17500653862953186,-0.14661288261413574,-0.04974835552081913,0.2323155701160431,-0.21632936596870422,-0.10199589095816464,0.23563823103904724,-0.1521228551864624,-0.1357539724539265,0.23272815346717834,-0.08273875713348389,-0.15469106845364422,0.12180677056312561,-0.1567848026752472,-0.06563432328209728,0.15169504284858704,-0.22630575299263,-0.12394496612057537,0.1588459610939026,-0.13233786821365356,-0.14858367852673382,0.15958979725837708,-0.055384039878845215,-0.16062959842190594,0.05923151969909668,-0.15261968970298767,-0.08508200757012219,0.07478579878807068,-0.2304796576499939,-0.1385499667356953,0.08863237500190735,-0.13984841108322144,-0.1487084757517323,0.09383347630500793,-0.06062650680541992,-0.14876958541378826,-0.002901822328567505,-0.14028888940811157,-0.1062921639512524,-0.005466252565383911,-0.2056402564048767,-0.143644226713036,0.01579776406288147,-0.15295270085334778,-0.15212406031594128,0.03326806426048279,-0.09272223711013794,-0.15437836758599133
0.0,0.0,0.0,0.045126259326934814,0.01764512062072754,-0.009609933998806497,0.07572561502456665,0.028649568557739258,-0.019706376884503385,0.08615517616271973,0.04161226749420166,-0.0297406903099251,0.07507675886154175,0.045258402824401855,-0.037973738331718465,0.07686978578567505,-0.04814869165420532,-0.021881618593258878,0.08179599046707153,0.014924466609954834,-0.034750039745492955,0.06453090906143188,0.02534383535385132,-0.04003729583732607,0.056011855602264404,0.01063460111618042,-0.043730343748254796,0.050310730934143066,-0.05128324031829834,-0.025985564161462804,0.05626237392425537,0.020726501941680908,-0.03766988502852442,0.04353588819503784,0.021886348724365234,-0.03790767775885584,0.041036248207092285,0.001291036605834961,-0.03957870142571451,0.024111688137054443,-0.04114353656768799,-0.031002069879694005,0.03258770704269409,0.024483919143676758,-0.041140007842702886,0.02234351634979248,0.021484792232513428,-0.03707558574192049,0.019969940185546875,0.0014008283615112305,-0.03515582071654322,0.000620424747467041,-0.02600806951522827,-0.037204938996953985,0.009581208229064941,0.024447858333587646,-0.042283791173620244,0.004149377346038818,0.019676268100738525,-0.03864174621216776,0.0012395977973937988,-0.0005467534065246582,-0.03702127100936892
0.0,0.0,0.0,0.03937000036239624,-0.0019963979721069336,-0.002886361973516216,0.07185959815979004,-0.019235610961914062,-0.007091911109320392,0.08643990755081177,-0.04091799259185791,-0.012430842565528621,0.08014035224914551,-0.06184124946594238,-0.018350694859556427,0.07378274202346802,-0.042150795459747314,-0.007010232722542753,0.08710074424743652,-0.08391821384429932,-0.018888287777237167,0.07903343439102173,-0.08863401412963867,-0.027480206051997413,0.06847655773162842,-0.07553952932357788,-0.03169575945489811,0.05543398857116699,-0.0524522066116333,-0.010760454060665836,0.062028348445892334,-0.0952603816986084,-0.017826546514562835,0.05743926763534546,-0.09788364171981812,-0.021106171021394005,0.051845669746398926,-0.08215528726577759,-0.023477159971527328,0.03341984748840332,-0.05906975269317627,-0.015376219125620594,0.03875690698623657,-0.09866958856582642,-0.021694014379910698,0.03790193796157837,-0.10134780406951904,-0.02141969331555771,0.036586880683898926,-0.08666247129440308,-0.020950140962533226,0.010874152183532715,-0.06339383125305176,-0.0203013406788628,0.016562283039093018,-0.09552013874053955,-0.024008652726344337,0.01936286687850952,-0.09465336799621582,-0.021569936135939827,0.019669532775878906,-0.08148372173309326,-0.01913295366816925
0.0,0.0,0.0,0.03374141454696655,0.0017216801643371582,-0.012202080899669454,0.06815052032470703,-0.010408878326416016,-0.020205990040494726,0.08533596992492676,-0.021605968475341797,-0.027270742321206853,0.08961749076843262,-0.030667364597320557,-0.03241359312255554,0.06868100166320801,-0.08747869729995728,-0.019315513411356733,0.07945150136947632,-0.07758009433746338,-0.03362624589522056,0.07252609729766846,-0.049157917499542236,-0.0399030843766468,0.06270605325698853,-0.03365892171859741,-0.042355238089157865,0.047369420528411865,-0.09465610980987549,-0.020469939896656797,0.055538952350616455,-0.07592558860778809,-0.03297988940198593,0.04832565784454346,-0.04467916488647461,-0.03414265308697395,0.04125797748565674,-0.03379136323928833,-0.03420379255135231,0.02188420295715332,-0.0892493724822998,-0.02321700062771015,0.029846012592315674,-0.07056617736816406,-0.03526439014990501,0.026453912258148193,-0.04189783334732056,-0.03198562059719734,0.02192699909210205,-0.033651888370513916,-0.02865062710066013,-0.0037145614624023438,-0.07700645923614502,-0.026928067767812536,0.005320906639099121,-0.06491637229919434,-0.03406216446478538,0.007773876190185547,-0.04650992155075073,-0.030750278943969533,0.006585955619812012,-0.04221302270889282,-0.027403904685570524
0.0,0.0,0.0,0.04303330183029175,0.0021361112594604492,-0.012929648181927433,0.08141869306564331,-0.010987460613250732,-0.021788523553443184,0.09408062696456909,-0.027707338333129883,-0.02953169031305336,0.07732367515563965,-0.04065185785293579,-0.035245127065611115,0.07414382696151733,-0.08703559637069702,-0.018983467503023377,0.08492517471313477,-0.06721210479736328,-0.032952847911548844,0.07443439960479736,-0.03666597604751587,-0.0394117748574736,0.06150943040847778,-0.024984538555145264,-0.04240761606259369,0.05000269412994385,-0.09675204753875732,-0.02027759982509636,0.05731850862503052,-0.06962847709655762,-0.032763953341675034,0.049632132053375244,-0.037120163440704346,-0.03476906476779007,0.041948020458221436,-0.028714299201965332,-0.03546782119436287,0.023651540279388428,-0.09370863437652588,-0.02319490818543457,0.032137393951416016,-0.06384819746017456,-0.035117483718824616,0.02952331304550171,-0.0363427996635437,-0.03396368680758499,0.02550870180130005,-0.03221935033798218,-0.032151832266283265,-0.001078784465789795,-0.08225208520889282,-0.027220283655953637,0.007474422454833984,-0.05605572462081909,-0.03385291530056023,0.010065674781799316,-0.038326382637023926,-0.03223518191142105,0.009869873523712158,-0.038440048694610596,-0.03054659163815998
0.0,0.0,0.0,0.03759169578552246,-0.0018444657325744629,-0.015397585858817564,0.07101011276245117,-0.016284525394439697,-0.02690186623972224,0.08762121200561523,-0.032375216484069824,-0.03705901366215514,0.08319854736328125,-0.03952819108963013,-0.04471129265170859,0.06772583723068237,-0.10867190361022949,-0.01903794233244227,0.0777665376663208,-0.07334423065185547,-0.03722009148937033,0.06579458713531494,-0.045313894748687744,-0.04823549550514983,0.056896090507507324,-0.04436534643173218,-0.05470032703619765,0.04251396656036377,-0.1179625391960144,-0.020039143902476297,0.052676618099212646,-0.06836044788360596,-0.03736897271614836,0.041860342025756836,-0.03824901580810547,-0.04234911215048598,0.035397112369537354,-0.041890740394592285,-0.04459692996483611,0.01751577854156494,-0.11180698871612549,-0.023097344604547487,0.028975725173950195,-0.0619579553604126,-0.04003600489836501,0.023163795471191406,-0.03599017858505249,-0.03941692125540541,0.01812732219696045,-0.04138559103012085,-0.03688797068339156,-0.0051239728927612305,-0.09768533706665039,-0.027526319888647066,0.009189367294311523,-0.05844318866729736,-0.037588477996404634,0.008221685886383057,-0.03934299945831299,-0.035999507573659884,0.004182159900665283,-0.04321253299713135,-0.033251834032352434
0.0,0.0,0.0,0.03626435995101929,-6.818771362304688e-05,-0.011679511768679873,0.0691298246383667,-0.011704862117767334,-0.02071422363625075,0.08606070280075073,-0.026610910892486572,-0.029141713185172335,0.07915031909942627,-0.03511577844619751,-0.03530278827057387,0.07009786367416382,-0.1044844388961792,-0.015187362460356013,0.08019715547561646,-0.07395344972610474,-0.0315161126385739,0.06759887933731079,-0.04756057262420654,-0.04101882527575995,0.05929446220397949,-0.04610550403594971,-0.046425950033526675,0.04574763774871826,-0.11381947994232178,-0.017296482128958957,0.05537182092666626,-0.06795281171798706,-0.03224623600945975,0.04571586847305298,-0.03950214385986328,-0.0355798008571675,0.04083007574081421,-0.040017902851104736,-0.037052914751630084,0.020396769046783447,-0.10847234725952148,-0.021362703544955508,0.030050814151763916,-0.06008857488632202,-0.03619420926080252,0.025198400020599365,-0.03612840175628662,-0.03570579017506148,0.02117788791656494,-0.03963422775268555,-0.03368420178995635,-0.003214597702026367,-0.09467720985412598,-0.02656267422245051,0.0087660551071167,-0.05585503578186035,-0.034767534835200564,0.0079878568649292,-0.03976106643676758,-0.03360031942830588,0.004606187343597412,-0.04447978734970093,-0.031635146839480655
0.0,0.0,0.0,0.0374068021774292,-0.0001277923583984375,-0.01597869106901939,0.0717078447341919,-0.011367738246917725,-0.027946901408565594,0.08565229177474976,-0.028716087341308594,-0.03842682288361843,0.06949889659881592,-0.04070782661437988,-0.046699779940379216,0.07013320922851562,-0.10780078172683716,-0.02035009199155624,0.07897943258285522,-0.07109957933425903,-0.03768158600999172,0.06643372774124146,-0.04215508699417114,-0.04848176137877758,0.05663067102432251,-0.04110175371170044,-0.05513686956239994,0.04348784685134888,-0.11729216575622559,-0.02143397824240978,0.05288726091384888,-0.06872689723968506,-0.0373309169836169,0.04326099157333374,-0.037252724170684814,-0.04184337974859531,0.037317633628845215,-0.03859370946884155,-0.044326457095873906,0.017246723175048828,-0.1115027666091919,-0.024451614258421017,0.028461873531341553,-0.06109672784805298,-0.03971785203887279,0.023758649826049805,-0.034945130348205566,-0.03911443696690853,0.01907205581665039,-0.03922677040100098,-0.03722099111748989,-0.005883395671844482,-0.09662866592407227,-0.028975785610807492,0.007693946361541748,-0.055278897285461426,-0.0374769707150584,0.007522642612457275,-0.03661161661148071,-0.03575553269459064,0.004506707191467285,-0.04041856527328491,-0.033525585097802235
0.0,0.0,0.0,0.04023396968841553,0.0010995864868164062,-0.013592128937350179,0.07331722974777222,-0.012950599193572998,-0.02402218181382265,0.08740013837814331,-0.026335060596466064,-0.03325743723403063,0.07868629693984985,-0.02856588363647461,-0.040309430395470525,0.07360148429870605,-0.09731990098953247,-0.019411617254124547,0.08537089824676514,-0.060022830963134766,-0.034431771670685674,0.07172191143035889,-0.03266102075576782,-0.042328314219818974,0.062111496925354004,-0.033450424671173096,-0.04712297517548647,0.050211310386657715,-0.10499107837677002,-0.020572553684221173,0.06107163429260254,-0.05575686693191528,-0.03368737298737612,0.05052858591079712,-0.025465786457061768,-0.035152466331826115,0.04521000385284424,-0.02712380886077881,-0.03613931435834017,0.02486211061477661,-0.09875696897506714,-0.023461235051260854,0.03686332702636719,-0.04984843730926514,-0.03680951270948496,0.030811309814453125,-0.02341306209564209,-0.034209934358702565,0.025995373725891113,-0.02640610933303833,-0.03139196086417284,0.0011832714080810547,-0.08446282148361206,-0.027580478524075414,0.015038371086120605,-0.04517078399658203,-0.03487939137707796,0.013974785804748535,-0.027559995651245117,-0.03216505545865145,0.009934484958648682,-0.03196173906326294,-0.029621814673052693
0.0,0.0,0.0,0.03620177507400513,0.0036340951919555664,-0.016350525500060886,0.06630158424377441,-0.0069689154624938965,-0.02868477541375336,0.08158224821090698,-0.018745899200439453,-0.03945604998040375,0.08025467395782471,-0.0233842134475708,-0.047995007665635914,0.07248789072036743,-0.09702527523040771,-0.02150386858153519,0.08055466413497925,-0.06269675493240356,-0.039527564378263325,0.06823927164077759,-0.03656250238418579,-0.05013703468609032,0.059319376945495605,-0.03448760509490967,-0.05632413837480721,0.04824882745742798,-0.10583919286727905,-0.022075911121250957,0.05784672498703003,-0.05818355083465576,-0.038804492981912464,0.047244906425476074,-0.028462707996368408,-0.04244963365960297,0.04106169939041138,-0.02733290195465088,-0.043988606961252064,0.022320568561553955,-0.09999674558639526,-0.024810782702447742,0.03287768363952637,-0.05082601308822632,-0.04165444064307389,0.02645742893218994,-0.02502518892288208,-0.03991299408841309,0.021004319190979004,-0.026552021503448486,-0.03665274295377907,-0.0017648935317993164,-0.0856437087059021,-0.02899477358329472,0.012009143829345703,-0.04582732915878296,-0.03922344285416779,0.010586857795715332,-0.02740776538848877,-0.03713426652717766,0.006717681884765625,-0.03021913766860962,-0.034182678045513004
0.0,0.0,0.0,0.03894573450088501,0.0006273984909057617,-0.014459866631825496,0.06920796632766724,-0.01284712553024292,-0.02650192526360326,0.08511704206466675,-0.024919748306274414,-0.03745564778526597,0.08486074209213257,-0.027333736419677734,-0.045907504458029796,0.07506352663040161,-0.09647315740585327,-0.02048679028828912,0.08628290891647339,-0.06575411558151245,-0.037549152571757366,0.07344144582748413,-0.03668689727783203,-0.04644805153091722,0.06297659873962402,-0.03389310836791992,-0.0512877922244864,0.052242159843444824,-0.10246098041534424,-0.02192203846951299,0.06313467025756836,-0.058460354804992676,-0.03817604442318254,0.05216622352600098,-0.025757789611816406,-0.04111845751484208,0.04530930519104004,-0.024796724319458008,-0.042038220513661434,0.027377665042877197,-0.09575265645980835,-0.025229977045257618,0.039283931255340576,-0.05032318830490112,-0.041359129894574215,0.03283131122589111,-0.022726058959960938,-0.038987356770833065,0.027140021324157715,-0.025027871131896973,-0.03531249945243173,0.003585517406463623,-0.08191132545471191,-0.029757555175622036,0.018153131008148193,-0.0439838171005249,-0.03918282275279336,0.016833245754241943,-0.02455008029937744,-0.0363656725474196,0.012275278568267822,-0.027573227882385254,-0.0329140308984118
0.0,0.0,0.0,0.03720122575759888,0.0033084750175476074,-0.010245303293702435,0.06623262166976929,-0.0008780360221862793,-0.019921705728409123,0.08481770753860474,-0.001661539077758789,-0.02912518255972607,0.09517359733581543,0.002676546573638916,-0.036626101141807865,0.07604169845581055,-0.0718650221824646,-0.019924170007941555,0.08267086744308472,-0.0238608717918396,-0.03729942128622277,0.06833970546722412,-0.005204558372497559,-0.04841288239323838,0.05934232473373413,-0.010131537914276123,-0.055276964461443256,0.05327063798904419,-0.07701319456100464,-0.022716088822123837,0.05994623899459839,-0.01907515525817871,-0.038752310579655,0.047531187534332275,-0.00029605627059936523,-0.042784453040001225,0.03984612226486206,-0.004273056983947754,-0.0453378228899215,0.029040277004241943,-0.07088655233383179,-0.026911346843478512,0.03615128993988037,-0.013949453830718994,-0.04128035963141663,0.02820301055908203,0.00019294023513793945,-0.039266329860327076,0.022861719131469727,-0.008079290390014648,-0.03680997402035935,0.005895495414733887,-0.0583343505859375,-0.032197010373709034,0.016420066356658936,-0.011271655559539795,-0.04066656217539055,0.013350903987884521,-0.0017766952514648438,-0.038628783678648304,0.009137928485870361,-0.011269569396972656,-0.03640404403769715
0.0,0.0,0.0,0.040822744369506836,-0.0007676482200622559,-0.009558443759374313,0.07583826780319214,-0.014146149158477783,-0.01748585406392067,0.10150766372680664,-0.025326788425445557,-0.02523440945594757,0.12268906831741333,-0.030692458152770996,-0.031103676964335136,0.07695519924163818,-0.08450376987457275,-0.017288761992745094,0.0854872465133667,-0.03579443693161011,-0.035237093304090195,0.07163524627685547,-0.021949172019958496,-0.046791964058570557,0.06489318609237671,-0.03324371576309204,-0.05403786975591629,0.05302584171295166,-0.08908998966217041,-0.020226799730949097,0.06074303388595581,-0.026835918426513672,-0.03706311884968727,0.048283398151397705,-0.014605224132537842,-0.04183366972654312,0.04249072074890137,-0.026665449142456055,-0.04515227008312195,0.029075205326080322,-0.08236342668533325,-0.024759095941476517,0.03727757930755615,-0.021710097789764404,-0.04050819281189888,0.028744935989379883,-0.011685013771057129,-0.039083422009639435,0.024161458015441895,-0.025125980377197266,-0.03703925836532562,0.006118953227996826,-0.07016158103942871,-0.030349782516054802,0.016821622848510742,-0.018324315547943115,-0.04065017107575386,0.01247340440750122,-0.01130610704421997,-0.03988725397437065,0.00725942850112915,-0.02460002899169922,-0.03825652677267044
0.0,0.0,0.0,0.031033217906951904,0.0002830028533935547,-0.011731932288469693,0.056750357151031494,-0.005157351493835449,-0.022446330054165742,0.07191699743270874,-0.0063582658767700195,-0.03260268026447477,0.07808113098144531,0.003728806972503662,-0.041359034715654275,0.06624388694763184,-0.07986468076705933,-0.02132946753359022,0.07170635461807251,-0.024388611316680908,-0.03781954327082815,0.05858641862869263,-0.012498199939727783,-0.0487851662323493,0.052239298820495605,-0.022946536540985107,-0.05645272636270704,0.041753530502319336,-0.08624321222305298,-0.023752055479647538,0.047494709491729736,-0.017274439334869385,-0.03814074152565183,0.03718286752700806,-0.009519636631011963,-0.041445208130838296,0.03211033344268799,-0.021420419216156006,-0.044639186351062676,0.01741105318069458,-0.07856428623199463,-0.02764320874071302,0.024376273155212402,-0.013611793518066406,-0.040403933613063714,0.018996477127075195,-0.007871866226196289,-0.03948279970741453,0.016421198844909668,-0.020843505859375,-0.03868324065065565,-0.005223333835601807,-0.06443744897842407,-0.033015215186836144,0.005050927400588989,-0.013256490230560303,-0.04156210401511373,0.003309190273284912,-0.008896946907043457,-0.041769349364997765,0.0009384751319885254,-0.021466553211212158,-0.041496777324439904
0.0,0.0,0.0,0.033244192600250244,0.006520450115203857,-0.013002856834479104,0.05844306945800781,0.0057749152183532715,-0.024940658560641538,0.07344788312911987,0.0060253143310546875,-0.03573602457965208,0.08019649982452393,0.008713364601135254,-0.044617381146796475,0.0708349347114563,-0.07349085807800293,-0.02536596377814604,0.07845258712768555,-0.018227756023406982,-0.04267136027539564,0.06354409456253052,-0.006586253643035889,-0.05280828495944334,0.056835830211639404,-0.019429028034210205,-0.0596172029289086,0.04730099439620972,-0.07855820655822754,-0.027504649213202725,0.0546724796295166,-0.010960638523101807,-0.04391681422913862,0.04261457920074463,-0.0032759904861450195,-0.04754053821290327,0.037962913513183594,-0.016808271408081055,-0.05066110958779646,0.02281343936920166,-0.07011240720748901,-0.030898986584194432,0.03049832582473755,-0.006062626838684082,-0.045297630331166516,0.022632062435150146,-0.0007802844047546387,-0.04325098936880423,0.01985257863998413,-0.014855802059173584,-0.04157435914004637,-8.285045623779297e-05,-0.05534595251083374,-0.035639208010085355,0.009502768516540527,-0.005026757717132568,-0.04487921317542387,0.0056739747524261475,-0.0020292997360229492,-0.044144869050629865,0.00282934308052063,-0.01715916395187378,-0.04330024143184019
0.0,0.0,0.0,0.03350794315338135,0.0075418949127197266,-0.012478643229187014,0.05941188335418701,0.006969451904296875,-0.023789342625022414,0.07757532596588135,0.006511270999908447,-0.03430498032081175,0.09123951196670532,0.002932906150817871,-0.04277800036776114,0.07498621940612793,-0.07206141948699951,-0.022765403745651724,0.08291321992874146,-0.01789754629135132,-0.0408135802875762,0.0664939284324646,-0.008249223232269287,-0.0521956758033042,0.06020331382751465,-0.02179861068725586,-0.05983691303241301,0.052451372146606445,-0.0789749026298523,-0.025065871087790015,0.05970197916030884,-0.011645078659057617,-0.04215256137955237,0.0465618371963501,-0.006136417388916016,-0.04669156683790732,0.04211843013763428,-0.020121097564697266,-0.05038848905074644,0.02851855754852295,-0.07229846715927124,-0.028868535665750983,0.03628385066986084,-0.006782591342926025,-0.043526496870399,0.02727144956588745,-0.002694547176361084,-0.04138452200400877,0.023998737335205078,-0.017835021018981934,-0.03968143103826094,0.006070852279663086,-0.05878579616546631,-0.03410806892621565,0.01627129316329956,-0.005188941955566406,-0.043335706127763274,0.011046826839447021,-0.0021302103996276855,-0.04246043427097845,0.0073112547397613525,-0.017580389976501465,-0.04150441302168417
0.0,0.0,0.0,0.031613945960998535,0.004667997360229492,-0.010184983180138829,0.05564802885055542,0.004746675491333008,-0.021038770132932427,0.07096952199935913,0.009202241897583008,-0.03142479566601253,0.07912790775299072,0.017534315586090088,-0.04011224714783168,0.06937772035598755,-0.06908446550369263,-0.02245058623817897,0.07614970207214355,-0.01399606466293335,-0.03896873948839641,0.06217831373214722,-0.0033317208290100098,-0.04909352345136142,0.05453234910964966,-0.01615816354751587,-0.056071528622183564,0.04594743251800537,-0.07464629411697388,-0.025807676294121507,0.05187457799911499,-0.008024215698242188,-0.04055358601478076,0.04078799486160278,-0.0008997917175292969,-0.04385216293600536,0.03585946559906006,-0.014696300029754639,-0.04713274297979808,0.02181851863861084,-0.06714880466461182,-0.030233580076370004,0.028330683708190918,-0.003525972366333008,-0.042771385439905885,0.021308422088623047,0.002305269241333008,-0.04025076461699939,0.018284142017364502,-0.012431085109710693,-0.03877045346168018,-0.0006881356239318848,-0.05282163619995117,-0.03596769777801967,0.0075945258140563965,-0.00132066011428833,-0.04424697665241695,0.004412531852722168,0.0026416778564453125,-0.04323266951111293,0.0013663768768310547,-0.012119174003601074,-0.04234533516434169
0.0,0.0,0.0,0.034418076276779175,0.004251658916473389,-0.009972509321375611,0.06150910258293152,0.002953648567199707,-0.02007910176049066,0.07665559649467468,0.0059983134269714355,-0.029628881577952626,0.07944855093955994,0.012809216976165771,-0.037187679995401624,0.07366791367530823,-0.07417488098144531,-0.020432385940654996,0.07958802580833435,-0.017436087131500244,-0.03582854135762048,0.06430116295814514,-0.007817566394805908,-0.04448184310327363,0.05769607424736023,-0.021048426628112793,-0.050670369852884534,0.050347596406936646,-0.0800580382347107,-0.023770771314008954,0.056024521589279175,-0.013350129127502441,-0.03882399140725923,0.043430060148239136,-0.006419658660888672,-0.0415108235074122,0.03933098912239075,-0.019516944885253906,-0.0442230024827559,0.02566024661064148,-0.07309478521347046,-0.02821782356928182,0.03204771876335144,-0.009822607040405273,-0.04144486724267793,0.023353904485702515,-0.0037358999252319336,-0.03875871314535928,0.020649880170822144,-0.0177268385887146,-0.03689005165229631,0.002497643232345581,-0.05929863452911377,-0.03388018472920251,0.012556642293930054,-0.008847594261169434,-0.04223017706404519,0.008075624704360962,-0.004457235336303711,-0.040995250780685666,0.00442090630531311,-0.019263267517089844,-0.03997489376793695
0.0,0.0,0.0,0.034640729427337646,0.012154638767242432,-0.011773860187399343,0.060552895069122314,0.0158233642578125,-0.022867803567218736,0.07719725370407104,0.020573139190673828,-0.03319963357703681,0.08773988485336304,0.02926689386367798,-0.04159969753878112,0.07697087526321411,-0.05606752634048462,-0.023068009981083826,0.08136123418807983,0.0019234418869018555,-0.040316931077408746,0.0647704005241394,0.01375657320022583,-0.05042093164579864,0.05733460187911987,0.003323793411254883,-0.05699841968076225,0.05372357368469238,-0.0619657039642334,-0.025755855360197977,0.05781072378158569,0.0058591365814208984,-0.04225604526059623,0.043722569942474365,0.01510685682296753,-0.04542712039606567,0.03819209337234497,0.0042351484298706055,-0.047796334245371774,0.02866220474243164,-0.05654418468475342,-0.029764969938564256,0.03381592035293579,0.007740020751953125,-0.04422905213491912,0.02390265464782715,0.014765918254852295,-0.041034872749018625,0.020314812660217285,0.0021649599075317383,-0.03821624732868667,0.004910528659820557,-0.04479622840881348,-0.035016997822689966,0.012787342071533203,0.007612407207489014,-0.043645410903859094,0.008588254451751709,0.011706531047821045,-0.041374850192236856,0.005880773067474365,-0.0015274286270141602,-0.039286433824467615
0.0,0.0,0.0,0.03448063135147095,0.004867911338806152,-0.009214688222227707,0.06101876497268677,0.0047650933265686035,-0.019083338919399395,0.07516300678253174,0.010345041751861572,-0.028544807005046025,0.08134686946868896,0.021204769611358643,-0.03626745486569227,0.07234179973602295,-0.06541252136230469,-0.02159550333332838,0.07900846004486084,-0.00789111852645874,-0.03733569675993742,0.0635143518447876,0.003850102424621582,-0.045970293823001995,0.05528724193572998,-0.007682502269744873,-0.051719754132745877,0.04921978712081909,-0.0709538459777832,-0.025110923814890995,0.05487006902694702,-0.0043801069259643555,-0.03955740028929533,0.0422174334526062,0.003809988498687744,-0.041707593146083966,0.037405192852020264,-0.008362889289855957,-0.04391745025229277,0.025029242038726807,-0.0646744966506958,-0.029648714828608647,0.03169083595275879,-0.001917123794555664,-0.042213871273515835,0.023275434970855713,0.003990828990936279,-0.03906609410357298,0.020198822021484375,-0.009922802448272705,-0.036908707711218014,0.002221822738647461,-0.05225926637649536,-0.03530207196187796,0.012424170970916748,-0.0017194747924804688,-0.04320902297210516,0.00805133581161499,0.0020329952239990234,-0.041218492332218304,0.004374504089355469,-0.012306451797485352,-0.03958054924320997
0.0,0.0,0.0,0.033760786056518555,0.004516303539276123,-0.009777290273795813,0.05963921546936035,0.003720104694366455,-0.020086504977534503,0.07440370321273804,0.0067064762115478516,-0.030051431145857066,0.08220839500427246,0.013894617557525635,-0.03847412997145483,0.07136809825897217,-0.05226200819015503,-0.023618005674670428,0.07844239473342896,0.006627440452575684,-0.039692933198402613,0.06320875883102417,0.01424497365951538,-0.047879269805143565,0.05676829814910889,0.0022911429405212402,-0.053082952734420985,0.048971474170684814,-0.05705803632736206,-0.026770966586063594,0.05347222089767456,0.01238107681274414,-0.041153850492428035,0.04102104902267456,0.01518923044204712,-0.042276507702062815,0.0375901460647583,0.001957714557647705,-0.0435001538063986,0.025457441806793213,-0.05121999979019165,-0.031028675373981685,0.03092128038406372,0.014362215995788574,-0.04371440270204374,0.022488415241241455,0.016414403915405273,-0.040074738201091975,0.02044159173965454,0.003435850143432617,-0.03731585898656675,0.003186047077178955,-0.04008406400680542,-0.03642884501476118,0.009806692600250244,0.012724637985229492,-0.04460089140791723,0.006342709064483643,0.014112710952758789,-0.042937094804237574,0.0046048760414123535,0.00035631656646728516,-0.041395353611896724
0.0,0.0,0.0,0.03635817766189575,0.00865095853805542,-0.01083556873167879,0.06860518455505371,0.006841897964477539,-0.01936653939451105,0.08644115924835205,0.0040847063064575195,-0.026963859176291294,0.09391218423843384,-0.0010388493537902832,-0.03262550694311983,0.0751296877861023,-0.06447964906692505,-0.021384778743637867,0.08095556497573853,-0.002935171127319336,-0.038813273733509845,0.06612586975097656,0.0023175477981567383,-0.0493189388271702,0.06186288595199585,-0.015899360179901123,-0.056367400413407154,0.051866888999938965,-0.0702962875366211,-0.02373784532214529,0.05612212419509888,0.00392305850982666,-0.039821154749049015,0.04350447654724121,0.0035663247108459473,-0.043249293541563816,0.040556907653808594,-0.014836311340332031,-0.0464524732288254,0.027801096439361572,-0.06384241580963135,-0.027553254118217296,0.03238159418106079,0.005779683589935303,-0.04143786368335611,0.023622751235961914,0.004154860973358154,-0.03964356643523104,0.022381365299224854,-0.01442176103591919,-0.03845326912964708,0.005226075649261475,-0.05146104097366333,-0.032659358656061954,0.012828826904296875,0.004335224628448486,-0.04199572963084108,0.008264422416687012,0.0020813941955566406,-0.042201551919831104,0.005753755569458008,-0.0178450345993042,-0.042300368970288105
0.0,0.0,0.0,0.034821391105651855,0.006185650825500488,-0.011882247373623755,0.06438833475112915,0.00719606876373291,-0.02244654015467873,0.08259576559066772,0.009589910507202148,-0.031863571115000155,0.08941519260406494,0.01260066032409668,-0.03946120754645577,0.07319754362106323,-0.05830031633377075,-0.02527685367332211,0.07545632123947144,0.0054215192794799805,-0.0430060075299572,0.06102406978607178,0.01024693250656128,-0.05309868321583977,0.05729055404663086,-0.006400465965270996,-0.05978019253180733,0.04942667484283447,-0.0626257061958313,-0.027509142615063098,0.05131250619888306,0.010721266269683838,-0.04359376148150673,0.039781153202056885,0.01150447130203247,-0.045594208844168094,0.03698831796646118,-0.003989994525909424,-0.047649179555637744,0.025076985359191895,-0.05626261234283447,-0.03116090313361397,0.028127074241638184,0.011488914489746094,-0.04512478128836861,0.020192503929138184,0.011494219303131104,-0.04193835795686951,0.018440544605255127,-0.0038704276084899902,-0.039530747540457156,0.00225907564163208,-0.044469475746154785,-0.03619972334073296,0.008222639560699463,0.008853793144226074,-0.04540298224256745,0.00531613826751709,0.008630573749542236,-0.04477448479102364,0.003746211528778076,-0.007612287998199463,-0.04408250839279404
0.0,0.0,0.0,0.03281569480895996,0.005702972412109375,-0.009336596299327482,0.06014639139175415,0.009295344352722168,-0.017648881245769132,0.07600373029708862,0.013129889965057373,-0.025554504190004934,0.08430486917495728,0.018427252769470215,-0.0317827145945202,0.06985217332839966,-0.05159437656402588,-0.01832036668471204,0.07492762804031372,0.010837256908416748,-0.03403866844288217,0.062157511711120605,0.013058245182037354,-0.04374795960298883,0.058418869972229004,-0.005443394184112549,-0.0502458456348549,0.047336578369140625,-0.055757880210876465,-0.021154468823588957,0.0510631799697876,0.01535862684249878,-0.03503204317799913,0.04049992561340332,0.011546194553375244,-0.037547888178742994,0.03785443305969238,-0.006333827972412109,-0.04014179663769113,0.024025022983551025,-0.04886770248413086,-0.025357607696570028,0.027565062046051025,0.016280651092529297,-0.03694173129311906,0.020444869995117188,0.012179195880889893,-0.03430468397251474,0.0197296142578125,-0.0047280192375183105,-0.03271258803120958,0.002157747745513916,-0.03684031963348389,-0.030839366782821287,0.007628321647644043,0.013954520225524902,-0.03801914857736932,0.0047501325607299805,0.009387314319610596,-0.036959601510680784,0.0035735368728637695,-0.008605420589447021,-0.0362964104305874
0.0,0.0,0.0,0.037422895431518555,0.0069016218185424805,-0.01696909367397126,0.06878578662872314,0.007663130760192871,-0.03136466033115681,0.08727556467056274,0.011127233505249023,-0.04445583335414227,0.08915811777114868,0.014677584171295166,-0.055705986538079344,0.07831937074661255,-0.0809868574142456,-0.02886193394019898,0.0832945704460144,-0.01507103443145752,-0.050360612192299925,0.0686914324760437,-0.0065482258796691895,-0.0644634324993163,0.06403964757919312,-0.022249042987823486,-0.0740839648927718,0.04871410131454468,-0.08690717816352844,-0.030934549489167296,0.0542069673538208,-0.003612995147705078,-0.04956505409732159,0.04205518960952759,-0.002432882785797119,-0.05413520670786198,0.039948880672454834,-0.02227121591567993,-0.05844255498900708,0.019837617874145508,-0.07790571451187134,-0.035083636262562834,0.02784562110900879,0.0014104247093200684,-0.0516930330480605,0.02100151777267456,-0.00030237436294555664,-0.05016450546040829,0.02062124013900757,-0.0208127498626709,-0.048960826912072264,-0.006278276443481445,-0.06325423717498779,-0.041278898337033354,0.004926919937133789,-0.0011562705039978027,-0.0528001334454089,0.0014919042587280273,-0.002003908157348633,-0.053133137145188414,-0.0009748935699462891,-0.020977020263671875,-0.05297205931797322
0.0,0.0,0.0,0.045113444328308105,0.007628440856933594,-0.011686200819262638,0.08174788951873779,0.009077727794647217,-0.023071186228939666,0.09816086292266846,0.017067670822143555,-0.03413721880252041,0.08926433324813843,0.024222910404205322,-0.04352134799892582,0.0842018723487854,-0.08312720060348511,-0.023478785141655578,0.09174013137817383,-0.016570448875427246,-0.0425969023102013,0.0753294825553894,-0.0076430439949035645,-0.05546298956806339,0.06820797920227051,-0.02546006441116333,-0.06463297790224232,0.05499619245529175,-0.0888153612613678,-0.027629397421428337,0.060949504375457764,-0.005056977272033691,-0.04477315357262768,0.04910486936569214,-0.0033051371574401855,-0.04923368579084553,0.04607498645782471,-0.023535072803497314,-0.0536682452851025,0.0259552001953125,-0.07914727926254272,-0.033346313595124855,0.03361576795578003,0.0010182857513427734,-0.04751681870157398,0.026140153408050537,-0.0007836818695068359,-0.04619383028084911,0.024625957012176514,-0.022301018238067627,-0.04562644621665157,-0.0004925727844238281,-0.06311345100402832,-0.04080918392474331,0.010232806205749512,-0.00039386749267578125,-0.05017305871779598,0.0060201287269592285,-0.003213047981262207,-0.05036523526842274,0.0025878548622131348,-0.024466991424560547,-0.050631545095988884
0.0,0.0,0.0,0.04958629608154297,0.009072303771972656,-0.015419945846780081,0.08804607391357422,0.007379055023193359,-0.02880429083435132,0.0965535044670105,0.015147984027862549,-0.04118349755136563,0.0737372636795044,0.022761821746826172,-0.05183472091285779,0.08329063653945923,-0.07946950197219849,-0.031206469777508516,0.08930635452270508,-0.010715782642364502,-0.05235573256342008,0.06969279050827026,0.009700298309326172,-0.06510094532696797,0.05794870853424072,0.00024706125259399414,-0.07338304797141149,0.05211055278778076,-0.08622032403945923,-0.033668320420666475,0.057123661041259766,-0.0008495450019836426,-0.0525850428077419,0.04398280382156372,0.010681331157684326,-0.05658451447217061,0.03857767581939697,-0.005711495876312256,-0.06015220636455609,0.022443413734436035,-0.07660388946533203,-0.03768526742188527,0.02917337417602539,0.006064057350158691,-0.05217663550703122,0.02160775661468506,0.01227790117263794,-0.050619069281502505,0.01925259828567505,-0.005939602851867676,-0.04943517202465131,-0.003235936164855957,-0.06060868501663208,-0.043692573699637194,0.005749821662902832,0.005361020565032959,-0.052063684705181856,0.004578530788421631,0.008691549301147461,-0.05193307230202748,0.0034009218215942383,-0.007861137390136719,-0.05194145793048932
0.0,0.0,0.0,0.04401111602783203,0.008671164512634277,-0.012226851728442512,0.07819688320159912,0.016766488552093506,-0.024442284439388118,0.08954548835754395,0.027903974056243896,-0.03627512704271396,0.07025384902954102,0.030554354190826416,-0.04688941787618717,0.07682251930236816,-0.07031291723251343,-0.02636464412945827,0.07954120635986328,0.005923330783843994,-0.044990015287581286,0.06389439105987549,0.011697769165039062,-0.057804566879454455,0.058176279067993164,-0.0072876811027526855,-0.06742629881638607,0.046052396297454834,-0.07714945077896118,-0.030930685882154307,0.05005723237991333,0.01163017749786377,-0.04678047548669895,0.04013711214065552,0.0076982975006103516,-0.0506347725881966,0.03783714771270752,-0.015338480472564697,-0.05555461074847301,0.01686638593673706,-0.06857311725616455,-0.03680599208611568,0.023494422435760498,0.01579606533050537,-0.04929116841096004,0.01743978261947632,0.010190010070800781,-0.0474037724329861,0.01705753803253174,-0.0127716064453125,-0.04710787262457927,-0.008417189121246338,-0.05299645662307739,-0.04472798954385837,0.00010538101196289062,0.014204561710357666,-0.05294160645145496,-0.0018610358238220215,0.01097041368484497,-0.05275471236247142,-0.003984808921813965,-0.009250164031982422,-0.05328602071541866
0.0,0.0,0.0,0.04788219928741455,0.007217586040496826,-0.013082147399337885,0.08495748043060303,0.011323988437652588,-0.02526184246912777,0.09566330909729004,0.02254509925842285,-0.03687382937446415,0.07698702812194824,0.029933154582977295,-0.04681391716972172,0.08185648918151855,-0.07247394323348999,-0.02748110593334019,0.08384144306182861,0.0034909844398498535,-0.04656289220825016,0.06684571504592896,0.013296663761138916,-0.05853224621191799,0.05981928110122681,-0.002041339874267578,-0.06686783284917652,0.05050551891326904,-0.07883578538894653,-0.03137185500040829,0.05134004354476929,0.011657118797302246,-0.04818890319243252,0.040802836418151855,0.011507749557495117,-0.05179149732962429,0.039075613021850586,-0.010061979293823242,-0.05564558581486523,0.02080988883972168,-0.06953966617584229,-0.03661849425211727,0.024596750736236572,0.01709604263305664,-0.04982737527266323,0.018604397773742676,0.013630509376525879,-0.04754282237067997,0.018792271614074707,-0.008722841739654541,-0.0461447507239896,-0.005221724510192871,-0.054043710231781006,-0.0439179360963422,0.0011510848999023438,0.013765931129455566,-0.05216718540564358,-0.0007026195526123047,0.012820005416870117,-0.05141398386135876,-0.0020609498023986816,-0.0052002668380737305,-0.05091070459261715
0.0,0.0,0.0,0.04680454730987549,0.009059250354766846,-0.016474408383935213,0.08335965871810913,0.016236424446105957,-0.0312689182418282,0.09075701236724854,0.0320475697517395,-0.04511997597989392,0.06693601608276367,0.042502522468566895,-0.05745745572027516,0.07861095666885376,-0.0688927173614502,-0.030702623825042963,0.0803866982460022,0.007771670818328857,-0.05184280994114232,0.06419897079467773,0.013456404209136963,-0.06599544483002973,0.05849236249923706,-0.005669593811035156,-0.0760338579374249,0.046320438385009766,-0.07350510358810425,-0.03406617912229848,0.04874777793884277,0.015284180641174316,-0.05281924950656247,0.03896385431289673,0.008329331874847412,-0.05747540789422345,0.0386432409286499,-0.016376852989196777,-0.062100627745955705,0.016243159770965576,-0.0632321834564209,-0.039249965276091814,0.021106481552124023,0.021329402923583984,-0.053327792610495806,0.016490161418914795,0.011177003383636475,-0.051587251301377535,0.018312036991119385,-0.013216137886047363,-0.050593880291550875,-0.009069740772247314,-0.04741126298904419,-0.04694716009077382,-0.0017433762550354004,0.016427695751190186,-0.055468284811347246,-0.0023821592330932617,0.009397387504577637,-0.055220903183787584,-0.002882838249206543,-0.011448025703430176,-0.05534647154387784
0.0,0.0,0.0,0.039850831031799316,-0.0024878382682800293,-0.013254003000440662,0.07243025302886963,-0.012207269668579102,-0.02558899424690253,0.08775067329406738,-0.013103246688842773,-0.03736526645440108,0.08060985803604126,-0.002514362335205078,-0.04720873139518744,0.07319873571395874,-0.10113561153411865,-0.024178631004872386,0.08597898483276367,-0.046461522579193115,-0.04277220867294318,0.07060468196868896,-0.023542821407318115,-0.05404438949841506,0.06036645174026489,-0.026879549026489258,-0.06158754728454596,0.044532179832458496,-0.10750484466552734,-0.0272171584488774,0.056048452854156494,-0.03501099348068237,-0.0445395161928559,0.04448169469833374,-0.015449821949005127,-0.048801501614036624,0.037974417209625244,-0.02297431230545044,-0.052169838321390216,0.01690983772277832,-0.09758961200714111,-0.03180566929000861,0.03026437759399414,-0.02646583318710327,-0.04638284198659903,0.02492731809616089,-0.012182176113128662,-0.0461676096143151,0.021298706531524658,-0.023756682872772217,-0.04566272847074515,-0.007509112358093262,-0.08015573024749756,-0.03796929992455489,0.007890462875366211,-0.023369967937469482,-0.046845586371603076,0.007155656814575195,-0.012964606285095215,-0.04698510966915137,0.004320859909057617,-0.024316370487213135,-0.0467484121741677
0.0,0.0,0.0,0.038350820541381836,0.0013370513916015625,-0.013410337899777858,0.06631714105606079,-0.0036441683769226074,-0.02716671365961787,0.08395618200302124,-0.003889620304107666,-0.040680679191801516,0.09145241975784302,0.005459427833557129,-0.05228676896259543,0.07634115219116211,-0.09325572848320007,-0.026396129910800425,0.08864647150039673,-0.039032697677612305,-0.04653029020592925,0.07330834865570068,-0.01811957359313965,-0.05906183894440886,0.06323897838592529,-0.022517740726470947,-0.06718883167669532,0.04711556434631348,-0.0979970395565033,-0.02988553482756373,0.05935245752334595,-0.025183141231536865,-0.04817752416894194,0.04772830009460449,-0.008620738983154297,-0.05320288117692229,0.04133850336074829,-0.017337024211883545,-0.05737346660063025,0.019318222999572754,-0.08663982152938843,-0.03490050013825652,0.03348386287689209,-0.015179276466369629,-0.04996090259120223,0.027544856071472168,-0.004438936710357666,-0.04894698660537955,0.023494601249694824,-0.018005430698394775,-0.04821491118237731,-0.0050315260887146,-0.06917810440063477,-0.041560052593204944,0.010728061199188232,-0.011109650135040283,-0.05039925750062224,0.009696602821350098,-0.0029257535934448242,-0.04967451344892737,0.0067743659019470215,-0.015779614448547363,-0.0490183221893048
0.0,0.0,0.0,0.04291868209838867,0.0007342100143432617,-0.014927758468076036,0.07444578409194946,-0.007120192050933838,-0.028910186705871865,0.08936196565628052,-0.011113941669464111,-0.04232216496555452,0.08527827262878418,-0.005564212799072266,-0.05355476830689554,0.07521027326583862,-0.10423979163169861,-0.02542744260816221,0.08558100461959839,-0.051059186458587646,-0.04609030727831964,0.07083696126937866,-0.022505581378936768,-0.05896706376759653,0.06087958812713623,-0.023054540157318115,-0.06701600421754961,0.045957863330841064,-0.11048576235771179,-0.028160350961371705,0.05613178014755249,-0.03723645210266113,-0.04756189380375986,0.04435253143310547,-0.012074828147888184,-0.05336887632100229,0.03740507364273071,-0.01802670955657959,-0.05719866473762636,0.01827406883239746,-0.10053616762161255,-0.03260160852758531,0.03061497211456299,-0.027699649333953857,-0.04916219283430223,0.024905502796173096,-0.009210526943206787,-0.04932597522227411,0.020686805248260498,-0.02000647783279419,-0.04839578886119966,-0.005713164806365967,-0.08345258235931396,-0.03868953381268625,0.008282482624053955,-0.024134278297424316,-0.04806316886632089,0.007650792598724365,-0.010571300983428955,-0.047655316633864686,0.004782438278198242,-0.020710647106170654,-0.04661037270514612
0.0,0.0,0.0,0.038047730922698975,0.0002155900001525879,-0.015334295974106738,0.06785643100738525,-0.0031647086143493652,-0.03020683576259131,0.08477151393890381,-0.00327146053314209,-0.04438165475520606,0.08115392923355103,0.005743920803070068,-0.05667587642464156,0.07359200716018677,-0.09715491533279419,-0.026996473715634295,0.08271414041519165,-0.03920251131057739,-0.04744053159746642,0.06795650720596313,-0.01798689365386963,-0.06080357258114333,0.05980110168457031,-0.022337496280670166,-0.06960629944595809,0.043432414531707764,-0.10223129391670227,-0.029832263411016413,0.05315667390823364,-0.02638024091720581,-0.04821462829503531,0.04284060001373291,-0.009121417999267578,-0.05351203952822203,0.03780311346054077,-0.01707291603088379,-0.057759306327433535,0.015399634838104248,-0.09177666902542114,-0.0343882580557775,0.027688801288604736,-0.018328845500946045,-0.049549276874394366,0.023228466510772705,-0.007579505443572998,-0.049326523140997836,0.02076965570449829,-0.02056056261062622,-0.04889899765047545,-0.008667826652526855,-0.07543253898620605,-0.040789621816010424,0.005149483680725098,-0.01704329252243042,-0.04948367078694815,0.005462944507598877,-0.008051097393035889,-0.04925065760406966,0.0042615532875061035,-0.019508540630340576,-0.04883740370068068
0.0,0.0,0.0,0.03747648000717163,0.0005233883857727051,-0.014584936668573079,0.06608748435974121,-0.005738019943237305,-0.029024869670568165,0.08310818672180176,-0.008592426776885986,-0.04255548725038594,0.08486396074295044,0.0004937648773193359,-0.05400749156385487,0.07577317953109741,-0.09785300493240356,-0.026819497813878712,0.08508437871932983,-0.04144042730331421,-0.046708623414335904,0.06916379928588867,-0.020659148693084717,-0.05940471450000828,0.05943268537521362,-0.026991724967956543,-0.0679672756245715,0.047188520431518555,-0.10408449172973633,-0.030045494904218373,0.05826842784881592,-0.03350955247879028,-0.04865575069695538,0.04504889249801636,-0.014117181301116943,-0.053259412293730435,0.03742021322250366,-0.021100997924804688,-0.0565372356227023,0.019304931163787842,-0.0941540002822876,-0.034823088442383465,0.031976163387298584,-0.02462780475616455,-0.05075858021288937,0.024735867977142334,-0.010272026062011719,-0.049104733859596905,0.02015209197998047,-0.021589994430541992,-0.04730091849475926,-0.00530475378036499,-0.07604753971099854,-0.041250432377157864,0.009697973728179932,-0.02035444974899292,-0.05099312821537083,0.007661938667297363,-0.010349810123443604,-0.049899278675614056,0.004288971424102783,-0.022205352783203125,-0.048499348109064755
0.0,0.0,0.0,-0.02815932035446167,0.00875711441040039,-0.0202718718655035,-0.05512821674346924,0.010612845420837402,-0.03668955403637142,-0.05531078577041626,0.007855355739593506,-0.04991627547215671,-0.03924739360809326,0.0011486411094665527,-0.05998163360428066,-0.06943017244338989,-0.07550913095474243,-0.027609332159869382,-0.06882160902023315,-0.02321469783782959,-0.04606548014353962,-0.056976318359375,-0.00666499137878418,-0.058562797189466664,-0.04993593692779541,-0.015226781368255615,-0.06748408141802997,-0.04506349563598633,-0.08869463205337524,-0.02636269170116634,-0.041946351528167725,-0.02710515260696411,-0.03955297979783268,-0.03410273790359497,-0.012257695198059082,-0.042950463176481435,-0.031039297580718994,-0.022347092628479004,-0.04614185977052898,-0.020114481449127197,-0.08942174911499023,-0.02725911203097553,-0.01594722270965576,-0.027584612369537354,-0.03953139546584339,-0.011369705200195312,-0.014855384826660156,-0.03598129439424724,-0.010466575622558594,-0.028377175331115723,-0.03374695468019695,0.004439294338226318,-0.08152574300765991,-0.030667072788588712,0.0044040679931640625,-0.03240853548049927,-0.03992544922303409,0.006709754467010498,-0.019908249378204346,-0.03860764640640468,0.008563816547393799,-0.031240522861480713,-0.03655754837464542
0.0,0.0,0.0,-0.02871525287628174,0.011972963809967041,-0.020291769032269258,-0.05459868907928467,0.023698866367340088,-0.03787242909231736,-0.05083853006362915,0.03488737344741821,-0.05209240977922036,-0.03208500146865845,0.03785175085067749,-0.06380496462145402,-0.061468303203582764,-0.05380624532699585,-0.03575092097082688,-0.059689342975616455,0.004911601543426514,-0.05339531888523652,-0.05723714828491211,0.0035861730575561523,-0.06581126441517426,-0.05593681335449219,-0.014582395553588867,-0.0756702898935373,-0.03566211462020874,-0.06362718343734741,-0.03438810547152116,-0.031482994556427,0.012737035751342773,-0.0470474614695604,-0.029934465885162354,0.00684434175491333,-0.04911869679847314,-0.02947390079498291,-0.015191137790679932,-0.05214739133873536,-0.009396016597747803,-0.06045711040496826,-0.034373770554452676,-0.00589299201965332,0.012599647045135498,-0.04560558413425042,-0.006133973598480225,0.007072508335113525,-0.038766249169498224,-0.00692516565322876,-0.014284610748291016,-0.03412369181671693,0.014904022216796875,-0.049657464027404785,-0.037193528463035364,0.014068961143493652,0.0050585269927978516,-0.047988901932626504,0.014287173748016357,0.0005083680152893066,-0.04635498960772111,0.016094744205474854,-0.021235644817352295,-0.04357325946250512
0.0,0.0,0.0,-0.03052157163619995,0.006818592548370361,-0.019630949477488002,-0.059845685958862305,0.007232010364532471,-0.03516495739930292,-0.060041189193725586,0.00010329484939575195,-0.04790365090482851,-0.037523090839385986,-0.0050154924392700195,-0.057339166755610904,-0.06731420755386353,-0.0838240385055542,-0.02554099587612768,-0.0678601861000061,-0.04117870330810547,-0.04159361636155268,-0.06141960620880127,-0.019835472106933594,-0.05177264800184389,-0.056899964809417725,-0.027747809886932373,-0.05971570452564379,-0.043069541454315186,-0.09586980938911438,-0.0250076162617745,-0.04118376970291138,-0.03404933214187622,-0.03739962121360918,-0.03519272804260254,-0.013808250427246094,-0.04026761418097635,-0.030807554721832275,-0.023091435432434082,-0.043052585328752,-0.01792454719543457,-0.09341472387313843,-0.026545967439943752,-0.014685630798339844,-0.028167903423309326,-0.03887108480446955,-0.011207044124603271,-0.010358035564422607,-0.03583198180311342,-0.007865071296691895,-0.020932793617248535,-0.03382356604450365,0.007251441478729248,-0.08337277173995972,-0.030566598753267726,0.00673753023147583,-0.03056269884109497,-0.03994998847954889,0.008668720722198486,-0.012526154518127441,-0.038964142556125125,0.012398123741149902,-0.019144117832183838,-0.03715395321958681
0.0,0.0,0.0,-0.0314866304397583,0.006810128688812256,-0.01940334074200223,-0.058371663093566895,0.00664287805557251,-0.034767959713946084,-0.05560123920440674,0.003946244716644287,-0.04742135524750779,-0.03730267286300659,-0.0023052096366882324,-0.05712335973979066,-0.06767618656158447,-0.08477580547332764,-0.02374170020223687,-0.06404328346252441,-0.03529512882232666,-0.04128079161048959,-0.057483017444610596,-0.014651119709014893,-0.05403697907925675,-0.0552942156791687,-0.024526596069335938,-0.0636905808746917,-0.04089003801345825,-0.09506899118423462,-0.023701237961660127,-0.037381529808044434,-0.029299914836883545,-0.03758324727417062,-0.034034788608551025,-0.010377943515777588,-0.04171820402146409,-0.03368574380874634,-0.022623717784881592,-0.04490215748549531,-0.014524221420288086,-0.09206855297088623,-0.02591438263655732,-0.011717438697814941,-0.024174153804779053,-0.037878979444514016,-0.009393632411956787,-0.008084297180175781,-0.03284503936768601,-0.00881284475326538,-0.021207213401794434,-0.029164692834029893,0.010019063949584961,-0.08101940155029297,-0.030870480909953812,0.00801926851272583,-0.027002990245819092,-0.03988146081567834,0.009966850280761719,-0.013223469257354736,-0.03706407591701577,0.012204587459564209,-0.02373892068862915,-0.03344641670585702
0.0,0.0,0.0,-0.029862642288208008,0.008491814136505127,-0.02189902916367714,-0.05553269386291504,0.008633971214294434,-0.03972279235537712,-0.05201900005340576,0.007136225700378418,-0.053821134863454745,-0.03377658128738403,0.0023949742317199707,-0.0648070904594249,-0.05968201160430908,-0.08129936456680298,-0.033225643930990145,-0.0586620569229126,-0.025035738945007324,-0.05084628194387619,-0.052117764949798584,-0.008349835872650146,-0.06219603448923294,-0.04732394218444824,-0.017848968505859375,-0.07090640395696823,-0.03371554613113403,-0.09086132049560547,-0.03124739184792702,-0.03144240379333496,-0.022786200046539307,-0.04382519379075234,-0.02776414155960083,-0.005671560764312744,-0.04645527481849854,-0.025139451026916504,-0.015817642211914062,-0.05024135812934105,-0.008142590522766113,-0.08744621276855469,-0.031050007341463015,-0.005679726600646973,-0.01880282163619995,-0.04382079794820015,-0.0060752034187316895,-0.005847811698913574,-0.04083716824467842,-0.006404459476470947,-0.021732866764068604,-0.039771303085643694,0.0160142183303833,-0.07576799392700195,-0.033303681312162325,0.015207111835479736,-0.02362459897994995,-0.0434462386351413,0.013100385665893555,-0.010208427906036377,-0.04322224438007538,0.013425946235656738,-0.02341693639755249,-0.04265699118192856
0.0,0.0,0.0,-0.029554545879364014,0.009567618370056152,-0.020408354211667756,-0.05341982841491699,0.01226651668548584,-0.03752923335514424,-0.050870299339294434,0.017245829105377197,-0.05115050028643964,-0.03583943843841553,0.018036961555480957,-0.06227393772087453,-0.05477386713027954,-0.06444621086120605,-0.03459196488938687,-0.051767587661743164,-0.002691328525543213,-0.0490942853280103,-0.046270549297332764,0.008305490016937256,-0.05833016287169812,-0.043582916259765625,-0.0022873282432556152,-0.06628024529300092,-0.02814573049545288,-0.07185059785842896,-0.03257085706673024,-0.025601983070373535,-0.0009766221046447754,-0.04282595168433545,-0.023112595081329346,0.004588901996612549,-0.044909398514846544,-0.022026240825653076,-0.009710371494293213,-0.049180738139966707,-0.002099931240081787,-0.06790286302566528,-0.03165846269212125,-0.0007768869400024414,0.0007104277610778809,-0.04239363919577954,-0.000616908073425293,0.002941429615020752,-0.039141091961482743,-0.0006033778190612793,-0.01721423864364624,-0.0384099851139581,0.021068453788757324,-0.056734681129455566,-0.03302762236080525,0.01972907781600952,-0.004882991313934326,-0.042489107210258226,0.019225001335144043,-0.0015360713005065918,-0.04241122629127858,0.020816385746002197,-0.02024298906326294,-0.042350302893737535
0.0,0.0,0.0,-0.02546226978302002,0.012110292911529541,-0.02255348306648841,-0.04465603828430176,0.01752603054046631,-0.04042431902639976,-0.03965473175048828,0.0258328914642334,-0.05427809995167365,-0.02735114097595215,0.02622753381729126,-0.06540565010659805,-0.048930585384368896,-0.06055718660354614,-0.03709002774708381,-0.0490800142288208,0.0026374459266662598,-0.053663434503008034,-0.04285109043121338,0.009999215602874756,-0.0636277329599153,-0.03846728801727295,-0.0032186508178710938,-0.07171606090419402,-0.024985551834106445,-0.06772619485855103,-0.03420524117105117,-0.023134350776672363,0.0070667266845703125,-0.04678138908498397,-0.019786417484283447,0.009250819683074951,-0.04882269543163886,-0.018462955951690674,-0.009418487548828125,-0.05238562640302291,-0.0008356571197509766,-0.06368178129196167,-0.032832959709097054,0.001287996768951416,0.00862973928451538,-0.04579347562544456,0.001787424087524414,0.007497906684875488,-0.04174475934856048,0.0012221336364746094,-0.016272425651550293,-0.03973994594566932,0.02058333158493042,-0.051894187927246094,-0.03399884518735519,0.021603167057037354,0.0022485852241516113,-0.04624235075466743,0.020597875118255615,0.0029726624488830566,-0.04709322941057792,0.02124112844467163,-0.01945781707763672,-0.04693315741174331
0.0,0.0,0.0,-0.02942490577697754,0.007959902286529541,-0.021243474883618774,-0.05410408973693848,0.013507962226867676,-0.03851677427965683,-0.055235326290130615,0.01935523748397827,-0.052016090107741775,-0.04604071378707886,0.02281498908996582,-0.06285659919458908,-0.055999040603637695,-0.0625649094581604,-0.034887078655543746,-0.05526226758956909,-0.0020995736122131348,-0.05109985495883507,-0.04998666048049927,0.006047964096069336,-0.0610988880224852,-0.04657459259033203,-0.0070650577545166016,-0.0687733436651854,-0.02889382839202881,-0.06792670488357544,-0.03274992058950943,-0.02787625789642334,0.0017462372779846191,-0.04495511527139229,-0.024996161460876465,0.003332793712615967,-0.04689035887795967,-0.023583173751831055,-0.013863205909729004,-0.049708064151587905,-0.002857208251953125,-0.06268984079360962,-0.03207649241167587,-0.0025871992111206055,0.005172669887542725,-0.043557583791795196,-0.002262890338897705,0.0052735209465026855,-0.0390920820363192,-0.0023009777069091797,-0.014902770519256592,-0.036318063242021026,0.020416975021362305,-0.05119764804840088,-0.03393022666651291,0.01750946044921875,4.5359134674072266e-05,-0.04316154445487541,0.017659366130828857,0.001319289207458496,-0.04218402455526871,0.019800543785095215,-0.017186462879180908,-0.040595031780782165
0.0,0.0,0.0,-0.030324995517730713,0.009720325469970703,-0.020523307274459057,-0.05485177040100098,0.015627920627593994,-0.03750444519090479,-0.05151909589767456,0.018376052379608154,-0.0511322202043516,-0.03864401578903198,0.017469048500061035,-0.06223017665314501,-0.05784374475479126,-0.06532198190689087,-0.03252820613550966,-0.05592995882034302,-0.008732974529266357,-0.04884295853543108,-0.054140448570251465,-0.002869844436645508,-0.060431926872013264,-0.053582191467285156,-0.017807424068450928,-0.06967529224920099,-0.031036198139190674,-0.07300865650177002,-0.03120585660207098,-0.027776360511779785,-0.0024573802947998047,-0.04316667037772959,-0.02741295099258423,-0.002719879150390625,-0.04651158245968645,-0.027976930141448975,-0.021256446838378906,-0.05052321719693964,-0.004638016223907471,-0.06876868009567261,-0.03133979755210703,-0.0028864145278930664,0.0007498264312744141,-0.042229376162765675,-0.003914535045623779,-0.0001914501190185547,-0.03791946488189524,-0.0052280426025390625,-0.02090531587600708,-0.0354314068214876,0.019133567810058594,-0.057366907596588135,-0.034126862313030415,0.016869962215423584,-0.004502534866333008,-0.043213035340784245,0.01622915267944336,-0.003771483898162842,-0.04198725837039774,0.017548024654388428,-0.02253425121307373,-0.04017256888317888
0.0,0.0,0.0,-0.02968621253967285,0.005614101886749268,-0.02060084508806881,-0.0575219988822937,0.0018952488899230957,-0.03463963510543522,-0.06830209493637085,-0.007286190986633301,-0.044690289516751136,-0.07261759042739868,-0.021685779094696045,-0.05148739459067997,-0.05760842561721802,-0.0653918981552124,-0.0310392109498423,-0.05491364002227783,-0.008474469184875488,-0.047618334163729514,-0.05136430263519287,-0.000628352165222168,-0.05706554370075878,-0.05023735761642456,-0.016078948974609375,-0.06394815163761791,-0.030317306518554688,-0.07034093141555786,-0.028517761249844398,-0.02559751272201538,0.0009527206420898438,-0.04233000891358074,-0.024541199207305908,0.0027941465377807617,-0.04429030509740528,-0.025684773921966553,-0.017706453800201416,-0.04617283584624943,-0.0033527612686157227,-0.06490987539291382,-0.027688321639601554,-0.00015431642532348633,0.0038406848907470703,-0.041206107456986274,-0.0002834796905517578,0.0053640007972717285,-0.03584952371269878,-0.0014098882675170898,-0.015392005443572998,-0.031680283118788566,0.020613431930541992,-0.05407261848449707,-0.029265156929199065,0.020120739936828613,-0.0024409890174865723,-0.040820323844258155,0.019896268844604492,-0.00047522783279418945,-0.04011923911124882,0.02118152379989624,-0.01902782917022705,-0.0378982843652409
0.0,0.0,0.0,-0.028200507164001465,0.01017683744430542,-0.023514718606648444,-0.049832284450531006,0.015517890453338623,-0.0414062466915226,-0.04517728090286255,0.022574186325073242,-0.05482108411150932,-0.034667789936065674,0.024834513664245605,-0.06546468180376053,-0.05362910032272339,-0.060291945934295654,-0.038301496624526976,-0.05271786451339722,0.00147932767868042,-0.055827571868476866,-0.04730945825576782,0.009536564350128174,-0.06684058797317505,-0.04433196783065796,-0.0037317872047424316,-0.07513801646190643,-0.027111530303955078,-0.06617909669876099,-0.03473567110258102,-0.026656389236450195,0.005741000175476074,-0.047745621621189116,-0.025162458419799805,0.0032725930213928223,-0.049956257313070296,-0.02533632516860962,-0.017133653163909912,-0.05279426169353485,-0.0017173290252685547,-0.061519086360931396,-0.032718743055639266,-0.0016981959342956543,0.007597386837005615,-0.04483321201759338,-0.0016661286354064941,0.0037536025047302246,-0.03949700933652878,-0.0017563104629516602,-0.019134461879730225,-0.03573749852138519,0.020558059215545654,-0.05013763904571533,-0.033500864028511046,0.0178644061088562,0.0019835829734802246,-0.04492819201904297,0.017581462860107422,0.0006434321403503418,-0.04443809282737732,0.019509971141815186,-0.020725548267364502,-0.04241974544483185
0.0,0.0,0.0,-0.02971339225769043,0.009277701377868652,-0.022948154265407084,-0.05290985107421875,0.012341499328613281,-0.040267580205920694,-0.0481908917427063,0.014794409275054932,-0.053566024655822275,-0.03494518995285034,0.011842429637908936,-0.06358844509196615,-0.054724812507629395,-0.06984966993331909,-0.03343359848332739,-0.055664002895355225,-0.011314213275909424,-0.05130925869417524,-0.0513077974319458,0.0014562606811523438,-0.06255898346972799,-0.04841303825378418,-0.01251310110092163,-0.07095910331082678,-0.02853316068649292,-0.07670789957046509,-0.03074036447179651,-0.028455138206481934,-0.0065991878509521484,-0.044406631047252176,-0.02721083164215088,-0.001369774341583252,-0.04729549681616163,-0.0277823805809021,-0.02235203981399536,-0.050497555191043375,-0.0028297901153564453,-0.07263725996017456,-0.03003266921115255,-0.0029445886611938477,-0.004071950912475586,-0.042938956076625345,-0.003019273281097412,-0.0015676021575927734,-0.038536944443706034,-0.0041141510009765625,-0.02401071786880493,-0.03563390767050123,0.020022213459014893,-0.06163895130157471,-0.03206530680728292,0.016959011554718018,-0.009593009948730469,-0.04314272945595121,0.017537593841552734,-0.005684256553649902,-0.04267803674412107,0.01969921588897705,-0.02462184429168701,-0.041040887141946314
0.0,0.0,0.0,-0.027050316333770752,0.0110853910446167,-0.020807681965948177,-0.049229443073272705,0.022991418838500977,-0.03725650383842094,-0.050815045833587646,0.03596091270446777,-0.049706818896652294,-0.04518240690231323,0.04066222906112671,-0.06025179325354202,-0.051087260246276855,-0.03294730186462402,-0.04142726807606323,-0.047781527042388916,0.03084266185760498,-0.05715613662016494,-0.04718613624572754,0.02632683515548706,-0.06620770170104606,-0.047407448291778564,0.009911000728607178,-0.07403698785913093,-0.025078415870666504,-0.03781569004058838,-0.03823141230952842,-0.02314746379852295,0.04084467887878418,-0.05102610065353019,-0.024017810821533203,0.031419575214385986,-0.05226090772760017,-0.024950087070465088,0.010370850563049316,-0.055199375736833645,0.000995337963104248,-0.03348773717880249,-0.03564045428049667,0.0025646090507507324,0.04085385799407959,-0.04841978325259788,0.0007711648941040039,0.030865907669067383,-0.042347090679527355,0.0005738735198974609,0.007056057453155518,-0.038574902701498104,0.02376699447631836,-0.023387253284454346,-0.03542956932199104,0.0229453444480896,0.03389561176300049,-0.04999940692198379,0.020679056644439697,0.028857886791229248,-0.051295886176944805,0.021593451499938965,0.00702899694442749,-0.05066926999700172
0.0,0.0,0.0,-0.03182607889175415,-0.0021837353706359863,-0.015849957463132114,-0.05961155891418457,-0.018530189990997314,-0.027104612660394878,-0.059034883975982666,-0.037417471408843994,-0.03684383652804968,-0.04356038570404053,-0.04810982942581177,-0.0432301910936701,-0.05346560478210449,-0.11074566841125488,-0.011229519021497936,-0.06374228000640869,-0.08758765459060669,-0.02801458745895502,-0.05511009693145752,-0.05173748731613159,-0.03898750640152571,-0.046495139598846436,-0.0412939190864563,-0.04573054261206266,-0.03043079376220703,-0.12123972177505493,-0.01179579201786396,-0.040720343589782715,-0.08464604616165161,-0.024221167188869686,-0.03408235311508179,-0.049481093883514404,-0.027086671662317485,-0.02643531560897827,-0.04633224010467529,-0.027909912389503688,-0.007983028888702393,-0.11787846684455872,-0.015266261284040183,-0.016647815704345703,-0.07789790630340576,-0.026095377501832218,-0.013134658336639404,-0.04836040735244751,-0.021796431612955303,-0.006236851215362549,-0.04925340414047241,-0.018016455915557117,0.015277206897735596,-0.10588109493255615,-0.021152116578804225,0.004846334457397461,-0.07455742359161377,-0.027215190452324123,0.005201578140258789,-0.05122673511505127,-0.023791812580810756,0.010428965091705322,-0.05155056715011597,-0.019870914739357204
0.0,0.0,0.0,-0.029704511165618896,-0.0007202029228210449,-0.018776165333520112,-0.05890136957168579,-0.014053165912628174,-0.032157605525981126,-0.06159257888793945,-0.03037261962890625,-0.04345438071800345,-0.04594159126281738,-0.04125833511352539,-0.05123505183769339,-0.057323575019836426,-0.10675793886184692,-0.016080576938520608,-0.06485992670059204,-0.0798865556716919,-0.03420868703437918,-0.05667984485626221,-0.045047640800476074,-0.04597259500337714,-0.049136459827423096,-0.03752249479293823,-0.05324680918170088,-0.03347080945968628,-0.11766418814659119,-0.015211530041824517,-0.04176861047744751,-0.07497221231460571,-0.028033541527520356,-0.03506672382354736,-0.04309737682342529,-0.031003611174355683,-0.028450191020965576,-0.043737590312957764,-0.032411979523431,-0.009848177433013916,-0.11396962404251099,-0.01738187858177298,-0.017127931118011475,-0.06865930557250977,-0.029824171227346596,-0.012666821479797363,-0.0428464412689209,-0.026354501035939393,-0.0063703060150146484,-0.04725205898284912,-0.02306585387600535,0.014373958110809326,-0.10209345817565918,-0.021941091877351937,0.004913389682769775,-0.06775301694869995,-0.029089143511782822,0.005361616611480713,-0.04628646373748779,-0.026007974532376466,0.009461402893066406,-0.0482790470123291,-0.022322762769590554
0.0,0.0,0.0,-0.02831655740737915,6.639957427978516e-05,-0.020928025947796414,-0.05667632818222046,-0.011395275592803955,-0.036126660885202,-0.05887866020202637,-0.026000142097473145,-0.048568083675490925,-0.04314994812011719,-0.0373803973197937,-0.05740702408729703,-0.05593317747116089,-0.10702887177467346,-0.020998774798499653,-0.06162792444229126,-0.07375657558441162,-0.03935636091409833,-0.05499309301376343,-0.0408092737197876,-0.051625340016471455,-0.04785209894180298,-0.033946096897125244,-0.059499940605746815,-0.030639469623565674,-0.11673900485038757,-0.01891831006287248,-0.03790396451950073,-0.07003366947174072,-0.03076036158381612,-0.03309911489486694,-0.040707409381866455,-0.03342290479122312,-0.02652674913406372,-0.040805041790008545,-0.03551626089392812,-0.006413519382476807,-0.1122821569442749,-0.01974252681611688,-0.013323307037353516,-0.06343889236450195,-0.031427549900399754,-0.01006394624710083,-0.039265453815460205,-0.0277963343578449,-0.004027664661407471,-0.04195857048034668,-0.02491215127884061,0.01768314838409424,-0.09980159997940063,-0.023117384644137928,0.00873953104019165,-0.06477981805801392,-0.030025993244635174,0.008133471012115479,-0.04416239261627197,-0.02696475270568044,0.011849582195281982,-0.04520225524902344,-0.0236103374081722
0.0,0.0,0.0,-0.028048217296600342,-0.0004699826240539551,-0.01972776023433198,-0.05586099624633789,-0.011631906032562256,-0.034267758259034053,-0.058342158794403076,-0.026523828506469727,-0.046501332202410595,-0.04371941089630127,-0.03806412220001221,-0.05502601084992875,-0.05664229393005371,-0.10467588901519775,-0.018470599555826084,-0.06170898675918579,-0.08173578977584839,-0.03766822559521188,-0.05584824085235596,-0.04822176694869995,-0.049660676398730175,-0.05046224594116211,-0.03868776559829712,-0.05672530574486245,-0.031878888607025146,-0.11625826358795166,-0.017040803336954014,-0.03757977485656738,-0.07505613565444946,-0.030481924542641536,-0.03300893306732178,-0.04221987724304199,-0.03333773208544244,-0.02768796682357788,-0.041978538036346436,-0.034639538505530254,-0.0077651143074035645,-0.11263972520828247,-0.01867275429651727,-0.01287609338760376,-0.06785303354263306,-0.031597734668707744,-0.010528087615966797,-0.04145407676696777,-0.028031296336507694,-0.006008267402648926,-0.04513716697692871,-0.024643599295472995,0.01649242639541626,-0.10077601671218872,-0.022671778926110164,0.008511900901794434,-0.06698322296142578,-0.030058942043638126,0.006795287132263184,-0.045863568782806396,-0.02710398403689851,0.00913923978805542,-0.04859614372253418,-0.023557433166956798
0.0,0.0,0.0,-0.028759360313415527,-0.0014002323150634766,-0.0185091844788019,-0.05608630180358887,-0.01412510871887207,-0.03197036823539179,-0.05833500623703003,-0.029503464698791504,-0.04345555743483942,-0.04266011714935303,-0.04083973169326782,-0.051325400828403644,-0.055641889572143555,-0.1063673198223114,-0.01597864134518545,-0.062630295753479,-0.08604693412780762,-0.035612524955553226,-0.05617767572402954,-0.05007284879684448,-0.04836225277094286,-0.05062657594680786,-0.039273738861083984,-0.055772007911485844,-0.031394779682159424,-0.11729410290718079,-0.015480571894926243,-0.03797274827957153,-0.07770997285842896,-0.02986263996271532,-0.03213876485824585,-0.04423964023590088,-0.03335939860252779,-0.02651524543762207,-0.043920040130615234,-0.034518936186117344,-0.007880866527557373,-0.11336639523506165,-0.018115911169928722,-0.013743460178375244,-0.06944900751113892,-0.030884356706422977,-0.010830521583557129,-0.041790664196014404,-0.0267295516124193,-0.006071209907531738,-0.04533201456069946,-0.022643049716037922,0.015596568584442139,-0.10165268182754517,-0.02322122035829466,0.006203114986419678,-0.06664466857910156,-0.030071438758653812,0.005689024925231934,-0.04515993595123291,-0.02652358403710764,0.008721530437469482,-0.048162102699279785,-0.022362958177012615
0.0,0.0,0.0,-0.02870345115661621,0.0003598332405090332,-0.018290197424875032,-0.05487990379333496,-0.011710941791534424,-0.030920278229103815,-0.05522996187210083,-0.026131510734558105,-0.0413553863245113,-0.0406457781791687,-0.03594547510147095,-0.048318322696076166,-0.054727017879486084,-0.10381117463111877,-0.01570320869265629,-0.06123757362365723,-0.07287484407424927,-0.033408038266287576,-0.05224597454071045,-0.03932255506515503,-0.044384345360384714,-0.04495859146118164,-0.035310566425323486,-0.05111408228455616,-0.030496180057525635,-0.11245015263557434,-0.015372421540604364,-0.037490010261535645,-0.07077527046203613,-0.027994297392950784,-0.03192770481109619,-0.038996875286102295,-0.03019968601344658,-0.026634931564331055,-0.042887747287750244,-0.030879702367172968,-0.0071860551834106445,-0.10812875628471375,-0.01798504772065712,-0.013912558555603027,-0.0642213225364685,-0.029705045692907106,-0.010758399963378906,-0.037522733211517334,-0.02473851474402977,-0.00584179162979126,-0.044094860553741455,-0.02052527660904957,0.0158231258392334,-0.09627652168273926,-0.023082561739073526,0.006548881530761719,-0.06102794408798218,-0.029560597561584245,0.007145047187805176,-0.03991973400115967,-0.0253737437951429,0.011212587356567383,-0.04442185163497925,-0.02088361414550377
0.0,0.0,0.0,-0.028715550899505615,0.0026839375495910645,-0.018680516239129474,-0.05569946765899658,-0.00808483362197876,-0.03202903790386813,-0.05650264024734497,-0.021547555923461914,-0.043020775150381496,-0.04027038812637329,-0.03156554698944092,-0.05036934612306254,-0.05498892068862915,-0.10216253995895386,-0.017595138009511402,-0.060996413230895996,-0.0720893144607544,-0.03567164165886538,-0.05228722095489502,-0.037669360637664795,-0.04660556239994662,-0.04536139965057373,-0.03272199630737305,-0.05339567882927554,-0.030409395694732666,-0.11076933145523071,-0.01729185653837817,-0.03628945350646973,-0.06660723686218262,-0.03090451432379382,-0.030608952045440674,-0.03477674722671509,-0.033524630199991634,-0.02557969093322754,-0.03905588388442993,-0.03455259798082011,-0.006739377975463867,-0.1069650650024414,-0.019836650770031383,-0.01258927583694458,-0.06158018112182617,-0.03152797518285411,-0.010196805000305176,-0.034516215324401855,-0.026030072551094463,-0.006149888038635254,-0.04089057445526123,-0.02165863251300948,0.016514182090759277,-0.09601446986198425,-0.02497453203412192,0.007529854774475098,-0.06067878007888794,-0.031659958492838314,0.008036196231842041,-0.03971177339553833,-0.027427261303984096,0.011739611625671387,-0.04384666681289673,-0.022921051438771656
0.0,0.0,0.0,-0.028376758098602295,-0.0005040168762207031,-0.019756125281872983,-0.055529654026031494,-0.01069331169128418,-0.03421782888037228,-0.05746793746948242,-0.024585068225860596,-0.04634880460363888,-0.04340171813964844,-0.03634297847747803,-0.0547783914909985,-0.05660378932952881,-0.1034156084060669,-0.019055191423120732,-0.06143456697463989,-0.07903587818145752,-0.03847461379629635,-0.053865253925323486,-0.044948458671569824,-0.050606681029620404,-0.04770326614379883,-0.03806424140930176,-0.05797782726151013,-0.03172844648361206,-0.11389967799186707,-0.017991041760268445,-0.03732430934906006,-0.0736038088798523,-0.03254070318800473,-0.03195297718048096,-0.04091036319732666,-0.03553710318666958,-0.026472151279449463,-0.04189431667327881,-0.03669411502343678,-0.007702469825744629,-0.11040058732032776,-0.019984610374393696,-0.012819528579711914,-0.06715935468673706,-0.033620303492369885,-0.010330498218536377,-0.0396578311920166,-0.02942143752736115,-0.005721569061279297,-0.04373282194137573,-0.025442492212476964,0.01665365695953369,-0.09929496049880981,-0.024431370194378133,0.00866156816482544,-0.0648224949836731,-0.03232872671944165,0.007941603660583496,-0.04307866096496582,-0.029267244036617512,0.011222541332244873,-0.046091437339782715,-0.025536736469092602
0.0,0.0,0.0,-0.030604898929595947,-0.0009658336639404297,-0.01739961364427245,-0.059512436389923096,-0.01482689380645752,-0.029776361669689777,-0.05963689088821411,-0.030672907829284668,-0.04011535355010665,-0.0415041446685791,-0.038766562938690186,-0.04668697052755988,-0.055782318115234375,-0.10783267021179199,-0.01493215550789273,-0.06134229898452759,-0.07946443557739258,-0.03231231578746474,-0.051994144916534424,-0.04414445161819458,-0.04354545557060874,-0.04523599147796631,-0.03818976879119873,-0.05079853990235961,-0.031157195568084717,-0.11815783381462097,-0.01498038963535464,-0.03740805387496948,-0.07477110624313354,-0.028202899630457523,-0.03113013505935669,-0.042437195777893066,-0.031222681413680675,-0.025603294372558594,-0.04517608880996704,-0.03262212210455573,-0.007290244102478027,-0.11479023098945618,-0.01787673019924796,-0.012891173362731934,-0.06954073905944824,-0.029345868985444667,-0.01044929027557373,-0.04268568754196167,-0.024884373779684665,-0.006253957748413086,-0.048555076122283936,-0.021246963079363468,0.01645362377166748,-0.10364070534706116,-0.02329035372594035,0.007506430149078369,-0.0678667426109314,-0.029661244611531856,0.006949245929718018,-0.04656696319580078,-0.02624878929117358,0.009981393814086914,-0.05070692300796509,-0.022556538592368724
0.0,0.0,0.0,-0.029176712036132812,0.00030028820037841797,-0.018278359421572077,-0.05494600534439087,-0.011044442653656006,-0.03116473461039959,-0.053997933864593506,-0.025071024894714355,-0.0418038451904863,-0.041074931621551514,-0.03590559959411621,-0.04899454208560883,-0.0562824010848999,-0.103056401014328,-0.016775933080396044,-0.060672879219055176,-0.073050856590271,-0.034198225461921083,-0.052953243255615234,-0.04078620672225952,-0.04492623078175484,-0.04670041799545288,-0.036175668239593506,-0.05145476850219666,-0.031223058700561523,-0.11289629340171814,-0.016040141680321085,-0.03681904077529907,-0.06935364007949829,-0.027966144480785715,-0.03222692012786865,-0.03778320550918579,-0.030132173546633112,-0.027611255645751953,-0.040517985820770264,-0.03111535029955803,-0.007001638412475586,-0.10955512523651123,-0.018086372860750544,-0.012452423572540283,-0.0642554759979248,-0.029891447150191652,-0.009825587272644043,-0.03785395622253418,-0.025666131624063837,-0.005525529384613037,-0.04315584897994995,-0.022038641371807444,0.01685386896133423,-0.09821051359176636,-0.022430527010044443,0.008641242980957031,-0.06282591819763184,-0.028963367440780985,0.007644295692443848,-0.040889084339141846,-0.02503208907791077,0.010421335697174072,-0.043684422969818115,-0.0207696026051849
0.0,0.0,0.0,-0.02960449457168579,-0.00020515918731689453,-0.019182101535790252,-0.05797863006591797,-0.01195615530014038,-0.03227056627272873,-0.0598677396774292,-0.026022911071777344,-0.04290894110798149,-0.042033374309539795,-0.03470766544342041,-0.0499843924224308,-0.05686295032501221,-0.10556820034980774,-0.017935882034890938,-0.0629340410232544,-0.07779228687286377,-0.03539459844230919,-0.05651378631591797,-0.04330962896347046,-0.046264410662644195,-0.05123978853225708,-0.0371326208114624,-0.053137478131048965,-0.03200423717498779,-0.11462467908859253,-0.016916655647747803,-0.037604570388793945,-0.06869691610336304,-0.029779740321629333,-0.032978594303131104,-0.03865557909011841,-0.03248479281663208,-0.028380513191223145,-0.04194396734237671,-0.033707369762652206,-0.00793600082397461,-0.10942593216896057,-0.01874633942841797,-0.01233363151550293,-0.06106674671173096,-0.030296160551898765,-0.010343432426452637,-0.03649747371673584,-0.02595039707719593,-0.006834983825683594,-0.042268991470336914,-0.022336500409238624,0.015550673007965088,-0.09677726030349731,-0.02311965142487793,0.007171332836151123,-0.057943105697631836,-0.029996360364549446,0.006946742534637451,-0.038224220275878906,-0.026882090318196106,0.009728670120239258,-0.04306185245513916,-0.02323493984638958
0.0,0.0,0.0,-0.029346108436584473,0.000633537769317627,-0.020523692739885746,-0.057357728481292725,-0.009959697723388672,-0.034657544715088306,-0.05951249599456787,-0.02239316701889038,-0.046188785953205524,-0.04142045974731445,-0.03158247470855713,-0.05404101989952892,-0.0573466420173645,-0.10449486970901489,-0.018596916718166767,-0.061925292015075684,-0.07096511125564575,-0.03690154783217281,-0.05435723066329956,-0.038237690925598145,-0.048226560724657475,-0.048678040504455566,-0.035253167152404785,-0.05535095490304798,-0.03248792886734009,-0.11390498280525208,-0.017589959574621616,-0.0373607873916626,-0.06545263528823853,-0.032101067973059116,-0.03248429298400879,-0.03666841983795166,-0.03531836278526157,-0.02789628505706787,-0.04093676805496216,-0.03640805862633556,-0.008443951606750488,-0.10956361889839172,-0.01966178349940151,-0.013060152530670166,-0.05912727117538452,-0.032664603812378346,-0.009935975074768066,-0.0349155068397522,-0.028345621449631153,-0.0056435465812683105,-0.042038679122924805,-0.024262420160454212,0.015042603015899658,-0.09776121377944946,-0.024420301688593327,0.006642758846282959,-0.05695563554763794,-0.03173359416214794,0.007053554058074951,-0.03697407245635986,-0.028414965865891872,0.010204911231994629,-0.042269229888916016,-0.024425442589205204
0.0,0.0,0.0,-0.030008435249328613,0.002106308937072754,-0.01912967083515582,-0.058803439140319824,-0.00995713472366333,-0.032620442709941244,-0.05827045440673828,-0.02418816089630127,-0.04361887430312095,-0.038966476917266846,-0.032521188259124756,-0.05132752811076102,-0.05556994676589966,-0.10496526956558228,-0.017595914802569723,-0.05857294797897339,-0.06673252582550049,-0.03518511881591735,-0.05192190408706665,-0.036214232444763184,-0.04736557011963782,-0.04613769054412842,-0.036798179149627686,-0.05589482714893279,-0.03040480613708496,-0.11453822255134583,-0.016941668144482946,-0.03377032279968262,-0.06638526916503906,-0.029848524979371405,-0.029799580574035645,-0.037744998931884766,-0.0329131275928205,-0.02484840154647827,-0.04239851236343384,-0.034898770651835775,-0.006391286849975586,-0.11044594645500183,-0.019209539196509695,-0.009607970714569092,-0.06127917766571045,-0.031410252354163504,-0.007649362087249756,-0.03727686405181885,-0.0276666541165298,-0.003754138946533203,-0.04428809881210327,-0.024708779207486486,0.01755058765411377,-0.09872183203697205,-0.023980071446914053,0.010119974613189697,-0.060644447803497314,-0.0314536147332376,0.008941590785980225,-0.040216147899627686,-0.028782758540529585,0.011205315589904785,-0.04517585039138794,-0.02581866984726844
0.0,0.0,0.0,-0.028706014156341553,0.0024878978729248047,-0.021640402875533482,-0.057660818099975586,-0.005891680717468262,-0.03777910364388504,-0.06109356880187988,-0.01887577772140503,-0.050979897059193036,-0.044027745723724365,-0.02945256233215332,-0.06051797760247268,-0.05765408277511597,-0.1018933653831482,-0.022907670266619107,-0.06236851215362549,-0.06451916694641113,-0.04206672278760948,-0.054127633571624756,-0.03297579288482666,-0.05451222477077522,-0.0471760630607605,-0.03074181079864502,-0.0627958696854023,-0.0325700044631958,-0.11204913258552551,-0.02108094622909107,-0.037514567375183105,-0.06254571676254272,-0.03481009943007507,-0.031953394412994385,-0.03377580642700195,-0.0377610359859375,-0.026109158992767334,-0.03765445947647095,-0.039738047547331234,-0.008410394191741943,-0.10854896903038025,-0.02217136663912811,-0.012460589408874512,-0.05778086185455322,-0.035469967551222226,-0.009210646152496338,-0.03357607126235962,-0.03150407937883415,-0.004502594470977783,-0.040268540382385254,-0.028205595589867016,0.015578746795654297,-0.09748232364654541,-0.025824494339218518,0.008553087711334229,-0.0583491325378418,-0.03441914138912239,0.009057462215423584,-0.03797334432601929,-0.03190901470898666,0.01270747184753418,-0.04316741228103638,-0.02875742097913303
0.0,0.0,0.0,-0.030179262161254883,0.000812828540802002,-0.019645534301304224,-0.059478163719177246,-0.009790897369384766,-0.03414334900131166,-0.06148838996887207,-0.02310621738433838,-0.04620832748165071,-0.043460965156555176,-0.032518982887268066,-0.05488145149698198,-0.0584946870803833,-0.10611140727996826,-0.018704626554750803,-0.06270378828048706,-0.06899100542068481,-0.03678539566149652,-0.05582702159881592,-0.03925257921218872,-0.049092693099879625,-0.04974943399429321,-0.04125571250915527,-0.05751954934945047,-0.03283566236495972,-0.11544182896614075,-0.018043462032579782,-0.03776341676712036,-0.06842386722564697,-0.031171850705646875,-0.03340113162994385,-0.04015970230102539,-0.03392132169952333,-0.028292417526245117,-0.044910430908203125,-0.03557790614118517,-0.008257508277893066,-0.11115583777427673,-0.020320864239835146,-0.013887107372283936,-0.06309467554092407,-0.032559675941371324,-0.011198282241821289,-0.03807628154754639,-0.027997070768975618,-0.00673985481262207,-0.04373359680175781,-0.02433405987372339,0.015828967094421387,-0.09936922788619995,-0.02517593636562765,0.006821095943450928,-0.06163620948791504,-0.03196217290511072,0.006676673889160156,-0.04118335247039795,-0.028428219104313257,0.009922802448272705,-0.0450209379196167,-0.024788683125876787
0.0,0.0,0.0,-0.029147982597351074,0.0009440779685974121,-0.020364339937032128,-0.05756866931915283,-0.009395182132720947,-0.03536299570328083,-0.060551464557647705,-0.023880064487457275,-0.04776713951355305,-0.04366022348403931,-0.03514683246612549,-0.056470561314881706,-0.05785632133483887,-0.10575336217880249,-0.019344932873309517,-0.06349676847457886,-0.07030725479125977,-0.03850068478709545,-0.05591106414794922,-0.03973793983459473,-0.050889987040818596,-0.049614548683166504,-0.04162055253982544,-0.05908518238788929,-0.03300750255584717,-0.11643674969673157,-0.018221450511873627,-0.03831744194030762,-0.06737357378005981,-0.03220261960154858,-0.03256070613861084,-0.037884652614593506,-0.035134754617274666,-0.026752591133117676,-0.04505044221878052,-0.03675542726045933,-0.008598148822784424,-0.11299213767051697,-0.020153309692204857,-0.01282191276550293,-0.06224620342254639,-0.03346702410703983,-0.00966733694076538,-0.036431074142456055,-0.029095908169210816,-0.005161762237548828,-0.04456043243408203,-0.025414784912527466,0.015788912773132324,-0.10145038366317749,-0.0246732006860384,0.008132994174957275,-0.061005353927612305,-0.03261668561822262,0.007853448390960693,-0.03918689489364624,-0.029734327931464577,0.011112391948699951,-0.044521450996398926,-0.02635290055400219
0.0,0.0,0.0,-0.028021633625030518,0.00044482946395874023,-0.019149114520999433,-0.05399322509765625,-0.007097780704498291,-0.03408311973676348,-0.054794132709503174,-0.014970541000366211,-0.046406633363815786,-0.0405580997467041,-0.023270785808563232,-0.05569927688107157,-0.0561671257019043,-0.10007429122924805,-0.02263834248647356,-0.059783220291137695,-0.05723029375076294,-0.04015306304559374,-0.05179595947265625,-0.02672743797302246,-0.050886231617781164,-0.04545396566390991,-0.02512890100479126,-0.05782257686719561,-0.030060946941375732,-0.10722514986991882,-0.021799436913582326,-0.03452199697494507,-0.05352425575256348,-0.03405605922803545,-0.029241323471069336,-0.025210797786712646,-0.03643374438748026,-0.024721264839172363,-0.02967303991317749,-0.038154485778662206,-0.005459189414978027,-0.1030074954032898,-0.023275454671832563,-0.010053396224975586,-0.048441171646118164,-0.03443409051165247,-0.007261216640472412,-0.025383591651916504,-0.030271559165569784,-0.004181265830993652,-0.03274136781692505,-0.027346520827862264,0.018122613430023193,-0.09121346473693848,-0.027150576146098615,0.01099485158920288,-0.04816591739654541,-0.03399286712870264,0.010960817337036133,-0.027965307235717773,-0.03066614191398287,0.013277173042297363,-0.032956719398498535,-0.027054592178913595
0.0,0.0,0.0,-0.027740836143493652,0.005575358867645264,-0.021785936246999427,-0.0524904727935791,0.004376351833343506,-0.03957293082345359,-0.05119866132736206,0.0021150708198547363,-0.05378835175503127,-0.036289215087890625,-0.003834545612335205,-0.06465550784338348,-0.052739500999450684,-0.08632433414459229,-0.033090594153293296,-0.055858731269836426,-0.03143119812011719,-0.05061411384809844,-0.049138426780700684,-0.010351777076721191,-0.06044026363957755,-0.044107675552368164,-0.016790270805358887,-0.06759085033405654,-0.026853561401367188,-0.09389051795005798,-0.031085711832531615,-0.029664933681488037,-0.027390718460083008,-0.044026887904294654,-0.026618778705596924,-0.006779015064239502,-0.0459823300348603,-0.024293720722198486,-0.015385568141937256,-0.048714629303105994,-0.0019634366035461426,-0.08911925554275513,-0.03093926508296363,-0.004192173480987549,-0.02146226167678833,-0.04461491380203597,-0.003598511219024658,-0.007440805435180664,-0.042143369953521415,-0.0025414228439331055,-0.02374333143234253,-0.04099756006468169,0.021496117115020752,-0.0762026309967041,-0.0330380340324723,0.01765620708465576,-0.024037182331085205,-0.043391900997050925,0.014474213123321533,-0.008834362030029297,-0.043182636539825126,0.014298319816589355,-0.020739078521728516,-0.04247519273627631
0.0,0.0,0.0,-0.03044790029525757,0.003420531749725342,-0.020969798052050237,-0.05931353569030762,0.0008180141448974609,-0.03821343109879649,-0.05870741605758667,-0.002547025680541992,-0.0523418329742924,-0.040181875228881836,-0.006253421306610107,-0.06326333359751857,-0.0573422908782959,-0.09128168225288391,-0.030203349151946668,-0.06083512306213379,-0.037232041358947754,-0.04784589932236827,-0.054184675216674805,-0.015308558940887451,-0.05882968679938472,-0.04815155267715454,-0.02197784185409546,-0.06706330106530345,-0.030363619327545166,-0.09871798753738403,-0.02897728719685233,-0.033303678035736084,-0.033818840980529785,-0.04202093482885516,-0.030408203601837158,-0.014831960201263428,-0.04453444034729159,-0.026912450790405273,-0.023183584213256836,-0.04756576121721423,-0.0047512054443359375,-0.0937354564666748,-0.029761933916546468,-0.007114708423614502,-0.02780550718307495,-0.04252375216159976,-0.007235348224639893,-0.01415330171585083,-0.039548731603957776,-0.00602954626083374,-0.028159797191619873,-0.038024983563758497,0.019602417945861816,-0.0806347131729126,-0.03306836933765567,0.014991998672485352,-0.030140578746795654,-0.04264600873861468,0.012198269367218018,-0.016178429126739502,-0.04211968854937709,0.012161076068878174,-0.026910364627838135,-0.04106958881888545
0.0,0.0,0.0,-0.02876192331314087,0.006203830242156982,-0.022655057103833087,-0.054592907428741455,0.007263064384460449,-0.04088833773275269,-0.0535130500793457,0.0065915584564208984,-0.05516387367387665,-0.03843575716018677,0.0009911656379699707,-0.06603567147394074,-0.05673718452453613,-0.08485391736030579,-0.03423956999321831,-0.05863100290298462,-0.02708745002746582,-0.05171706745167626,-0.05294150114059448,-0.007639110088348389,-0.06215255180140389,-0.049091875553131104,-0.01708132028579712,-0.06998539561172379,-0.030371129512786865,-0.09195029735565186,-0.03185525754233254,-0.03168439865112305,-0.024295449256896973,-0.04472039485116852,-0.028332948684692383,-0.00936436653137207,-0.04697135308524025,-0.02629023790359497,-0.0207177996635437,-0.04997561717172516,-0.005250394344329834,-0.08749169111251831,-0.03133640283485306,-0.006455361843109131,-0.019926071166992188,-0.044199889840086826,-0.005410552024841309,-0.012476563453674316,-0.0414238221361245,-0.005086123943328857,-0.03260010480880737,-0.04012944021960152,0.018217027187347412,-0.0752558708190918,-0.03324009695788277,0.014479458332061768,-0.0229339599609375,-0.043488903285464175,0.014210045337677002,-0.012674808502197266,-0.04328529381891144,0.01590585708618164,-0.027264118194580078,-0.04236896181245697
0.0,0.0,0.0,-0.02947103977203369,0.00936579704284668,-0.022309860649158963,-0.05539882183074951,0.015208542346954346,-0.04079887873177768,-0.05373305082321167,0.019509434700012207,-0.055496270271589765,-0.038075804710388184,0.01605767011642456,-0.06723314380889178,-0.05772966146469116,-0.07490766048431396,-0.03524556985740901,-0.05940014123916626,-0.016019999980926514,-0.05237933105473758,-0.05452519655227661,-0.006314516067504883,-0.06405498689656497,-0.05064284801483154,-0.01877373456954956,-0.07324477887397052,-0.03040248155593872,-0.08234018087387085,-0.03318393832688571,-0.03228086233139038,-0.010805606842041016,-0.04571126258616687,-0.02942061424255371,-0.005454719066619873,-0.048663771214535245,-0.026952803134918213,-0.020209550857543945,-0.052450446846535215,-0.00460970401763916,-0.07728588581085205,-0.03277473753934146,-0.005980849266052246,-0.006662487983703613,-0.044914490046551236,-0.0054302215576171875,-0.0058896541595458984,-0.04131464517359973,-0.004884600639343262,-0.027383029460906982,-0.03944405398016215,0.01875084638595581,-0.06385409832000732,-0.0349680357301736,0.014944255352020264,-0.009649395942687988,-0.045445593508532056,0.014534950256347656,-0.005990922451019287,-0.04501827290897609,0.016683578491210938,-0.02422654628753662,-0.04377503922825099
0.0,0.0,0.0,-0.05551189184188843,0.005705356597900391,-0.029370182312845827,-0.11276483535766602,0.00628507137298584,-0.0555535975171324,-0.1384759545326233,0.009950339794158936,-0.07811188057792151,-0.12604057788848877,0.016883790493011475,-0.09515400335919821,-0.12844908237457275,-0.1578986644744873,-0.038778466291546465,-0.1510007381439209,-0.06620573997497559,-0.06407643959653342,-0.13160431385040283,-0.03051924705505371,-0.07839507714641059,-0.11452680826187134,-0.038886308670043945,-0.08859623328578436,-0.0919068455696106,-0.17416638135910034,-0.03890556574594939,-0.11852657794952393,-0.05711650848388672,-0.05990737409126723,-0.0943041443824768,-0.028055667877197266,-0.06242814392578566,-0.07560884952545166,-0.04123270511627197,-0.0641736100686785,-0.052532732486724854,-0.16875743865966797,-0.042027087069868685,-0.07947391271591187,-0.04911834001541138,-0.05724966258537734,-0.05725771188735962,-0.027113020420074463,-0.0495348620487448,-0.04075467586517334,-0.04594779014587402,-0.04481209174525702,-0.014128506183624268,-0.149164080619812,-0.049552091516375185,-0.04067343473434448,-0.0615849494934082,-0.059088208831667544,-0.02737867832183838,-0.04509860277175903,-0.05471415177714789,-0.01375126838684082,-0.06408053636550903,-0.049668301947235705
0.0,0.0,0.0,-0.08216029405593872,0.028262674808502197,-0.02423739063033281,-0.14969778060913086,0.03425753116607666,-0.047321314014880045,-0.17809349298477173,0.029113829135894775,-0.06832887048312841,-0.15840399265289307,0.030128300189971924,-0.08469537461587606,-0.16557931900024414,-0.1425800919532776,-0.026195272826043947,-0.1977558135986328,-0.028812766075134277,-0.05028052071520506,-0.16993778944015503,-0.00026297569274902344,-0.06912480110713659,-0.15114659070968628,-0.022292792797088623,-0.08278637195417105,-0.13044428825378418,-0.15545552968978882,-0.03009882757851301,-0.16533929109573364,-0.01583033800125122,-0.04432838226148306,-0.13246315717697144,-0.0005552172660827637,-0.04743891770431219,-0.11425817012786865,-0.02552706003189087,-0.051266750343529566,-0.09271806478500366,-0.1446865200996399,-0.03743947485872923,-0.1265081763267517,-0.01157689094543457,-0.04675069267341314,-0.09887075424194336,-0.0015392899513244629,-0.03798858264872251,-0.08339953422546387,-0.02595919370651245,-0.03363535369226156,-0.05568414926528931,-0.11714893579483032,-0.049203472234694345,-0.08855986595153809,-0.02248436212539673,-0.05363584870883642,-0.07294821739196777,-0.014030992984771729,-0.04636155257412611,-0.06029868125915527,-0.033400654792785645,-0.03982030416318594
0.0,0.0,0.0,-0.05388343334197998,0.001539468765258789,-0.02972012196119067,-0.10688972473144531,-0.0034614205360412598,-0.05424000878269908,-0.10993313789367676,-0.013039231300354004,-0.07557523433501956,-0.0708383321762085,-0.016807258129119873,-0.0918804797940993,-0.10354894399642944,-0.14964967966079712,-0.03856540281708476,-0.10535120964050293,-0.09011518955230713,-0.06524442319209811,-0.09648311138153076,-0.04589790105819702,-0.08047817830379245,-0.09171080589294434,-0.050198376178741455,-0.09149203632409808,-0.0618014931678772,-0.16948801279067993,-0.03889848102267024,-0.06093817949295044,-0.06961071491241455,-0.060686418753221005,-0.0503544807434082,-0.028013885021209717,-0.06381585631902453,-0.043529391288757324,-0.039714515209198,-0.06597987745340106,-0.01980799436569214,-0.16505998373031616,-0.04285342801745173,-0.018737435340881348,-0.05917930603027344,-0.06322976384694812,-0.013714969158172607,-0.02427273988723755,-0.05652218867476222,-0.009870707988739014,-0.03684514760971069,-0.05101839263375041,0.020393013954162598,-0.14847791194915771,-0.050765445422484845,0.016039609909057617,-0.06455433368682861,-0.06376441751058337,0.016553878784179688,-0.03407853841781616,-0.059844912927701444,0.0184975266456604,-0.04391360282897949,-0.054814694415881604
0.0,0.0,0.0,-0.04964357614517212,0.009065687656402588,-0.038907195470812894,-0.10372954607009888,0.007430613040924072,-0.06762792452383337,-0.11154234409332275,-0.0029978156089782715,-0.0908357380251914,-0.07514244318008423,-0.013014733791351318,-0.107353019557479,-0.10496950149536133,-0.15437328815460205,-0.04966743200230894,-0.10411125421524048,-0.08479869365692139,-0.0755951209287673,-0.0976095199584961,-0.037696003913879395,-0.08741616740036307,-0.09362810850143433,-0.04495573043823242,-0.0969244940500289,-0.06117326021194458,-0.1743924617767334,-0.04573926239419279,-0.06069129705429077,-0.06254225969314575,-0.06938477142858801,-0.05759847164154053,-0.02184426784515381,-0.07251674964237509,-0.05427873134613037,-0.03819108009338379,-0.07526465787697134,-0.01790750026702881,-0.16897958517074585,-0.045447717450144864,-0.018746495246887207,-0.05635291337966919,-0.066533568344596,-0.020381689071655273,-0.02402520179748535,-0.059390834562066175,-0.020817875862121582,-0.0423046350479126,-0.05462246670532522,0.02264648675918579,-0.15110927820205688,-0.049862689368012525,0.01670151948928833,-0.06410419940948486,-0.06558300092029867,0.013729631900787354,-0.036171674728393555,-0.0637620566706687,0.013442695140838623,-0.051236867904663086,-0.06040856524515448
0.0,0.0,0.0,-0.04976457357406616,0.01152348518371582,-0.03738091342870575,-0.10045415163040161,0.010373413562774658,-0.06629549913827759,-0.10396426916122437,0.0031028389930725098,-0.09022115372840744,-0.07104665040969849,-0.00549083948135376,-0.10817618869964463,-0.10462754964828491,-0.14862573146820068,-0.05106996201698166,-0.10013777017593384,-0.07652539014816284,-0.07809134774629456,-0.0960777997970581,-0.03036057949066162,-0.09123988651458603,-0.09284400939941406,-0.03727376461029053,-0.10174773090307099,-0.060613155364990234,-0.1671142578125,-0.04789928548757416,-0.05831533670425415,-0.05888491868972778,-0.07131434433881623,-0.05758160352706909,-0.013715028762817383,-0.07491144739810807,-0.05403614044189453,-0.026659905910491943,-0.0789597948712526,-0.017348170280456543,-0.16252154111862183,-0.048016673110168995,-0.015847742557525635,-0.05144643783569336,-0.07089519702617508,-0.01985347270965576,-0.013315916061401367,-0.06554990463678223,-0.02105921506881714,-0.029973983764648438,-0.062189305357378544,0.024056673049926758,-0.14557063579559326,-0.052315192453306736,0.020474016666412354,-0.05977046489715576,-0.06812852822963578,0.015116631984710693,-0.026839375495910645,-0.06657650523607117,0.013608813285827637,-0.041152000427246094,-0.0641965513748346
0.0,0.0,0.0,-0.049244046211242676,0.01019430160522461,-0.04053144369169104,-0.10332942008972168,0.009872615337371826,-0.07014361981197226,-0.11091125011444092,-0.00021833181381225586,-0.0942856020097338,-0.07596457004547119,-0.012328505516052246,-0.11167243335290777,-0.10677742958068848,-0.15419358015060425,-0.051144620663365004,-0.10519260168075562,-0.08547705411911011,-0.07981784853978979,-0.09837764501571655,-0.03564542531967163,-0.09304290477081167,-0.09386497735977173,-0.04231905937194824,-0.10282634410901892,-0.06207913160324097,-0.17434662580490112,-0.046685656792362806,-0.06187880039215088,-0.06423121690750122,-0.07203775856538641,-0.05915266275405884,-0.018448472023010254,-0.07558814648433554,-0.056008875370025635,-0.03487896919250488,-0.07839337948604452,-0.018186509609222412,-0.16952282190322876,-0.04614897284551489,-0.019472122192382812,-0.057461678981781006,-0.0699623397354685,-0.021838366985321045,-0.019908010959625244,-0.06365718904777395,-0.023063480854034424,-0.03870517015457153,-0.058798110372265455,0.022970199584960938,-0.15218424797058105,-0.05020229358120787,0.016667962074279785,-0.06692314147949219,-0.06667231235547888,0.01254415512084961,-0.034285902976989746,-0.06449793491407263,0.011433541774749756,-0.048330724239349365,-0.06071677643700468
0.0,0.0,0.0,-0.051068127155303955,0.008973896503448486,-0.036973792514856996,-0.10412740707397461,0.007054448127746582,-0.06465453227525586,-0.10743767023086548,-0.0011511445045471191,-0.08770156224733228,-0.06966888904571533,-0.00902324914932251,-0.10464563538795346,-0.10641491413116455,-0.15157878398895264,-0.04607381244665021,-0.10525870323181152,-0.08728814125061035,-0.0735328676319682,-0.0984460711479187,-0.040232181549072266,-0.08785439600711697,-0.09485185146331787,-0.045858561992645264,-0.09853371550804013,-0.06276440620422363,-0.17163550853729248,-0.04312246238356465,-0.0620388388633728,-0.06729763746261597,-0.06653921624189252,-0.05712401866912842,-0.02346193790435791,-0.07015177180534238,-0.0527920126914978,-0.037441790103912354,-0.0730341853714549,-0.019675731658935547,-0.16636943817138672,-0.04406601136093968,-0.0196649432182312,-0.054962098598480225,-0.06649691929584378,-0.019626915454864502,-0.019308149814605713,-0.06081000288492078,-0.018642067909240723,-0.03728514909744263,-0.05619456937080258,0.02132314443588257,-0.14823901653289795,-0.04936806430583829,0.01510530710220337,-0.06323647499084473,-0.06417845507627362,0.011409521102905273,-0.03252524137496948,-0.06164932941561574,0.010663211345672607,-0.04709905385971069,-0.057868282697256745
0.0,0.0,0.0,-0.05118227005004883,0.011316537857055664,-0.03563823534960875,-0.10202842950820923,0.011135995388031006,-0.06331376342888007,-0.10182547569274902,0.0068381428718566895,-0.08604728042001852,-0.06422650814056396,0.0017174482345581055,-0.10302973150129446,-0.10483342409133911,-0.14272540807724,-0.04850372283573279,-0.09968733787536621,-0.07270222902297974,-0.0739439612519277,-0.09433519840240479,-0.03264760971069336,-0.08735558747167715,-0.09170258045196533,-0.04331564903259277,-0.0983926838528646,-0.0604628324508667,-0.16227185726165771,-0.0459268873822225,-0.056620240211486816,-0.057218849658966064,-0.06672875939722189,-0.053759753704071045,-0.019219696521759033,-0.069711457778169,-0.050723135471343994,-0.03558230400085449,-0.07398362814302573,-0.016828835010528564,-0.15785759687423706,-0.046627186078978866,-0.013684689998626709,-0.04893451929092407,-0.06658958255167136,-0.017083942890167236,-0.017214536666870117,-0.06081715582723746,-0.019070327281951904,-0.03647059202194214,-0.05796101673359999,0.024954378604888916,-0.1407070755958557,-0.051586936999513,0.021860361099243164,-0.056928157806396484,-0.06585454552288184,0.015488803386688232,-0.0279119610786438,-0.06413787214870581,0.012483060359954834,-0.04300963878631592,-0.062171656478597015
0.0,0.0,0.0,-0.0525326132774353,0.010145783424377441,-0.03869358811277834,-0.10620701313018799,0.009573817253112793,-0.066845431809611,-0.10960859060287476,-0.0001698136329650879,-0.08976355928678004,-0.07156252861022949,-0.008612334728240967,-0.10623962420720545,-0.1064382791519165,-0.14775162935256958,-0.04920232284564463,-0.10368043184280396,-0.07938748598098755,-0.07780280697841135,-0.09610474109649658,-0.02946573495864868,-0.09177689242858378,-0.09170615673065186,-0.03581303358078003,-0.1020598261405894,-0.06110423803329468,-0.16832894086837769,-0.04572355735797373,-0.0592767596244812,-0.06144744157791138,-0.07026759523648707,-0.05460512638092041,-0.01735854148864746,-0.07305656362075297,-0.05022352933883667,-0.032576560974121094,-0.07509088504809824,-0.01713472604751587,-0.16306036710739136,-0.04631469014782397,-0.016122043132781982,-0.05085265636444092,-0.07006724167365519,-0.01622241735458374,-0.01567476987838745,-0.06368862081069437,-0.015343904495239258,-0.033340632915496826,-0.05825786653656451,0.023958861827850342,-0.14481031894683838,-0.05143279943365542,0.01865100860595703,-0.05741328001022339,-0.06838817883033244,0.015355050563812256,-0.026409626007080078,-0.06658010918397395,0.014236092567443848,-0.039645373821258545,-0.06279765803117243
0.0,0.0,0.0,-0.05268007516860962,0.00860130786895752,-0.03757208615820673,-0.10522973537445068,0.00647127628326416,-0.06550036400835779,-0.10745960474014282,-0.0013768672943115234,-0.0885340797929075,-0.06855982542037964,-0.007628023624420166,-0.10544655502121714,-0.10504722595214844,-0.14945757389068604,-0.047590192708184986,-0.10297602415084839,-0.08205735683441162,-0.07563608169834879,-0.09646183252334595,-0.03408002853393555,-0.08997377783339289,-0.0935630202293396,-0.04117476940155029,-0.1006287339357641,-0.06014972925186157,-0.16975843906402588,-0.04473276466410425,-0.05785757303237915,-0.0641704797744751,-0.06857351243775156,-0.053490400314331055,-0.01947396993637085,-0.07140416682045725,-0.04975295066833496,-0.03448688983917236,-0.07353746921103266,-0.016532421112060547,-0.1642424464225769,-0.04592048779409197,-0.01495659351348877,-0.05194592475891113,-0.06933033496420649,-0.015838146209716797,-0.014395713806152344,-0.0628135728863981,-0.01535332202911377,-0.030882298946380615,-0.057331089231183796,0.02420055866241455,-0.1451956033706665,-0.05152036279719141,0.019563496112823486,-0.05756431818008423,-0.06718368113320139,0.015872716903686523,-0.023576676845550537,-0.06434123248141077,0.015256643295288086,-0.034975290298461914,-0.0601752738682535
0.0,0.0,0.0,-0.051589906215667725,0.004941880702972412,-0.0354401221951548,-0.10407179594039917,-0.0026688575744628906,-0.06195875392165817,-0.10757368803024292,-0.01414412260055542,-0.08372362837997116,-0.06922441720962524,-0.02501547336578369,-0.0996062322041098,-0.10833567380905151,-0.1547994613647461,-0.04475844041314758,-0.10110980272293091,-0.09357106685638428,-0.07242623851504959,-0.0898514986038208,-0.04743319749832153,-0.08778263763394989,-0.08525079488754272,-0.047168612480163574,-0.09901520744767822,-0.06594043970108032,-0.17833057045936584,-0.042138231404692306,-0.057532429695129395,-0.0835919976234436,-0.06493190810886063,-0.052387535572052,-0.040985822677612305,-0.06844311342445053,-0.050046682357788086,-0.05005800724029541,-0.07135913655963577,-0.022960901260375977,-0.17604446411132812,-0.043426753439575805,-0.015749990940093994,-0.075264573097229,-0.06413692370858826,-0.016826927661895752,-0.04122352600097656,-0.05827102572527565,-0.018485188484191895,-0.05739939212799072,-0.05424399063792862,0.018501222133636475,-0.16017955541610718,-0.04907026276794113,0.0173913836479187,-0.08257877826690674,-0.06254547969308533,0.01458120346069336,-0.05222254991531372,-0.059617390342623366,0.012693822383880615,-0.06537342071533203,-0.05613953382578529
0.0,0.0,0.0,-0.05246257781982422,0.005797863006591797,-0.03739954127297551,-0.10747408866882324,-0.005064129829406738,-0.06510378016457707,-0.10946482419967651,-0.02602863311767578,-0.08796945555434377,-0.0699884295463562,-0.042601943016052246,-0.10442327304110677,-0.10786908864974976,-0.15901851654052734,-0.043017454131700106,-0.1024659276008606,-0.10492461919784546,-0.07340064985976369,-0.09118258953094482,-0.058067381381988525,-0.0896982212208286,-0.08425843715667725,-0.062183499336242676,-0.10108109159693868,-0.06531035900115967,-0.18439915776252747,-0.03977917103395612,-0.059749603271484375,-0.09959852695465088,-0.06507785214409978,-0.05221956968307495,-0.052461326122283936,-0.0681380216620937,-0.046086907386779785,-0.06257718801498413,-0.06995208902583272,-0.023399770259857178,-0.18470299243927002,-0.04131237758622319,-0.01869988441467285,-0.0950508713722229,-0.06537440760359914,-0.01737111806869507,-0.05485796928405762,-0.05907589165792615,-0.015472352504730225,-0.06905961036682129,-0.053800601198531695,0.018459796905517578,-0.17133435606956482,-0.04727658598051221,0.015051603317260742,-0.10115599632263184,-0.0624721829436794,0.012053906917572021,-0.06553500890731812,-0.059990483953811236,0.011868178844451904,-0.07527363300323486,-0.05651728777513654
0.0,0.0,0.0,-0.05068624019622803,0.007150828838348389,-0.038462970105911154,-0.10319191217422485,-0.002212047576904297,-0.06653962626864995,-0.10423356294631958,-0.022705376148223877,-0.08935803517510976,-0.06677371263504028,-0.039871156215667725,-0.10538924082925405,-0.10724955797195435,-0.15938186645507812,-0.04320262715032186,-0.09641659259796143,-0.10004699230194092,-0.07438329204728689,-0.08609938621520996,-0.05063045024871826,-0.0905706618707427,-0.08196109533309937,-0.05864471197128296,-0.10196618333270635,-0.06426936388015747,-0.18412372469902039,-0.03999723464062299,-0.0552518367767334,-0.10064399242401123,-0.0668655072133788,-0.04964041709899902,-0.050398826599121094,-0.06969188496282186,-0.04683840274810791,-0.06371629238128662,-0.07094122066905584,-0.021514832973480225,-0.18401110172271729,-0.04177844494392957,-0.014529168605804443,-0.09285175800323486,-0.06663525447061147,-0.016190052032470703,-0.05058246850967407,-0.05991898447086896,-0.018778741359710693,-0.0678059458732605,-0.054444856641794104,0.021057426929473877,-0.17035502195358276,-0.0481035035829791,0.01940971612930298,-0.09722131490707397,-0.06406376108338918,0.014533817768096924,-0.060430705547332764,-0.06194356053879346,0.01114046573638916,-0.07212084531784058,-0.05876177519371595
0.0,0.0,0.0,-0.05184727907180786,0.006549179553985596,-0.03675150473634403,-0.10648119449615479,-0.002903282642364502,-0.06429088835636776,-0.10688173770904541,-0.020751655101776123,-0.08697338377157848,-0.06755036115646362,-0.03293126821517944,-0.1033157405726115,-0.10716396570205688,-0.1566951870918274,-0.0432612669936816,-0.09830385446548462,-0.096554696559906,-0.07289317970196407,-0.08823591470718384,-0.04968822002410889,-0.0882722807399432,-0.08373665809631348,-0.056588947772979736,-0.09932018791357677,-0.06435638666152954,-0.18092572689056396,-0.040518648671309165,-0.057029545307159424,-0.09556424617767334,-0.06558830265919369,-0.05130124092102051,-0.04808241128921509,-0.06799342458168667,-0.0477602481842041,-0.06081187725067139,-0.0694601309768359,-0.021914362907409668,-0.18046367168426514,-0.04234506537238758,-0.01565796136856079,-0.0906018614768982,-0.06590102587858837,-0.01638162136077881,-0.04956287145614624,-0.05935376857439678,-0.01741248369216919,-0.06559979915618896,-0.054262384521166496,0.020199239253997803,-0.1663033366203308,-0.04856626664320629,0.018465280532836914,-0.0955016016960144,-0.0636067983977,0.014041900634765625,-0.05951285362243652,-0.06126725276033085,0.011796712875366211,-0.0703548789024353,-0.058188009756008796
0.0,0.0,0.0,-0.05167108774185181,0.0071405768394470215,-0.03557816141966441,-0.10535991191864014,-0.0013623833656311035,-0.06177871668461421,-0.10653579235076904,-0.020973622798919678,-0.08347038918856242,-0.06861847639083862,-0.03716695308685303,-0.09875719988468745,-0.10732561349868774,-0.15702199935913086,-0.040651943476234464,-0.10044342279434204,-0.10509490966796875,-0.06990313524130443,-0.089080810546875,-0.056766510009765625,-0.08486926549795726,-0.08338397741317749,-0.058626532554626465,-0.09519462281588176,-0.06436389684677124,-0.18155312538146973,-0.03805045777681926,-0.05778062343597412,-0.09722697734832764,-0.0628553181302891,-0.05073755979537964,-0.05069851875305176,-0.06580177688721278,-0.046532273292541504,-0.06124413013458252,-0.0672576054346905,-0.021649837493896484,-0.18121403455734253,-0.04005406791094401,-0.01682138442993164,-0.09130489826202393,-0.06303229177120784,-0.015565276145935059,-0.05171024799346924,-0.05663052195433238,-0.01498955488204956,-0.06644284725189209,-0.05141812184575656,0.020722568035125732,-0.16767984628677368,-0.04638816782954791,0.017199456691741943,-0.09655815362930298,-0.06092395255092242,0.014558792114257812,-0.062143921852111816,-0.05832761892798999,0.013770520687103271,-0.07265937328338623,-0.05473310122016528
0.0,0.0,0.0,-0.05008131265640259,0.008853912353515625,-0.03676113075869125,-0.10059332847595215,0.007740020751953125,-0.06522659174459022,-0.10266166925430298,-0.0046302080154418945,-0.08875548056619209,-0.06748634576797485,-0.019413769245147705,-0.10671459845559639,-0.10448157787322998,-0.15160828828811646,-0.04837524853007835,-0.09944909811019897,-0.08480924367904663,-0.07712069860951942,-0.08990097045898438,-0.04347836971282959,-0.09395550898568672,-0.08488154411315918,-0.0482027530670166,-0.10639562419908088,-0.06003308296203613,-0.17342057824134827,-0.04572259969370407,-0.05521291494369507,-0.07440376281738281,-0.06892330906646293,-0.0517306923866272,-0.033884286880493164,-0.07345754615323585,-0.04879581928253174,-0.04378557205200195,-0.07764338664071602,-0.016483426094055176,-0.16967567801475525,-0.04682955480473083,-0.0119246244430542,-0.06593441963195801,-0.06863772831218284,-0.01514279842376709,-0.031535446643829346,-0.06296197287099403,-0.016852140426635742,-0.04566985368728638,-0.0591887678887133,0.0249100923538208,-0.1522451937198639,-0.05239802933590454,0.022967934608459473,-0.07152044773101807,-0.06786099783437294,0.017244935035705566,-0.04027235507965088,-0.06585627756373924,0.014211177825927734,-0.05113166570663452,-0.06281607560174507
0.0,0.0,0.0,-0.048709094524383545,0.02474963665008545,-0.041305410206433635,-0.09438776969909668,0.04998660087585449,-0.07234725588571678,-0.08605951070785522,0.07654112577438354,-0.09599834167968879,-0.04709666967391968,0.0869988203048706,-0.11513966554414878,-0.08766502141952515,-0.07923388481140137,-0.06982723110925804,-0.07796931266784668,0.02260589599609375,-0.0965270572305883,-0.07525604963302612,0.02955806255340576,-0.11109844827663551,-0.07559239864349365,0.003121674060821533,-0.12251245462906013,-0.039120614528656006,-0.09566813707351685,-0.06367580080043922,-0.029718875885009766,0.035275936126708984,-0.08315761619817863,-0.03227853775024414,0.02768319845199585,-0.08241817587625633,-0.0358046293258667,-0.0066359639167785645,-0.08366988831770072,0.007359445095062256,-0.08977216482162476,-0.05970195540797363,0.010973095893859863,0.036743998527526855,-0.07847645366203437,0.004337430000305176,0.0260390043258667,-0.06379051738989006,0.00010889768600463867,-0.010129272937774658,-0.052392660170909267,0.04702800512313843,-0.0717858076095581,-0.06101541081082473,0.04284262657165527,0.02344214916229248,-0.08084626728307853,0.03826099634170532,0.015384078025817871,-0.07672436022770057,0.0378451943397522,-0.020139455795288086,-0.06940784537803779
0.0,0.0,0.0,-0.04790467023849487,0.029127120971679688,-0.04485303837203958,-0.09090226888656616,0.06741976737976074,-0.08206556293511369,-0.07793396711349487,0.10616731643676758,-0.11113453957581498,-0.03573942184448242,0.12124961614608765,-0.1367218226506708,-0.07659226655960083,-0.06033438444137573,-0.08664808723473527,-0.06777572631835938,0.052121639251708984,-0.11481697413468339,-0.0720178484916687,0.047852277755737305,-0.13059148493552186,-0.07564550638198853,0.020067811012268066,-0.1437100649192331,-0.027265489101409912,-0.07209327816963196,-0.08038159760975816,-0.020483195781707764,0.06952881813049316,-0.10168288949274995,-0.028393208980560303,0.049801409244537354,-0.10156904462122895,-0.03190511465072632,0.01332712173461914,-0.10484466257834413,0.018796145915985107,-0.06331968307495117,-0.07521230283522584,0.01891481876373291,0.06887662410736084,-0.09503228518509843,0.008079588413238525,0.04817640781402588,-0.07850600335144975,0.00413060188293457,0.010866284370422363,-0.06675277951502778,0.057354629039764404,-0.04421573877334595,-0.07585267278695085,0.05115991830825806,0.055709123611450195,-0.09879143837237336,0.043256938457489014,0.03952115774154663,-0.09438922557377794,0.04205012321472168,0.0012413561344146729,-0.0871050387933252
0.0,0.0,0.0,-0.05098146200180054,0.03301304578781128,-0.04890111532685637,-0.09862661361694336,0.07671540975570679,-0.09057073366520285,-0.08722251653671265,0.12012428045272827,-0.12316107821342825,-0.0421215295791626,0.135331392288208,-0.15167664807913184,-0.07749021053314209,-0.05500727891921997,-0.09790292453644156,-0.06824034452438354,0.07353740930557251,-0.12742186409113287,-0.06841760873794556,0.0724954605102539,-0.14292115789530158,-0.07090908288955688,0.04277241230010986,-0.15736057680723547,-0.027955949306488037,-0.0673254132270813,-0.09048590880510687,-0.024510204792022705,0.0818060040473938,-0.11340392452356696,-0.03037083148956299,0.06406855583190918,-0.11368096691248297,-0.03279280662536621,0.025072753429412842,-0.12006279897568106,0.018044590950012207,-0.0601440966129303,-0.08397732746479392,0.016337037086486816,0.07889366149902344,-0.10457219999906897,0.006998836994171143,0.061308443546295166,-0.09040694010136008,0.004424333572387695,0.020708680152893066,-0.08362505656359076,0.057679712772369385,-0.042112499475479126,-0.08355006646988272,0.050608038902282715,0.0619625449180603,-0.10737338733551383,0.043386757373809814,0.051248013973236084,-0.10621458363411307,0.04320579767227173,0.014407694339752197,-0.10424314510700583
0.0,0.0,0.0,-0.050013720989227295,0.031653642654418945,-0.0471543344231975,-0.09471350908279419,0.06875669956207275,-0.08633546256746172,-0.0792589783668518,0.1067427396774292,-0.11696074628557085,-0.0349506139755249,0.11961519718170166,-0.14326017075504183,-0.07526266574859619,-0.06986987590789795,-0.08912507170165895,-0.06542855501174927,0.051962316036224365,-0.11728183650697588,-0.06797367334365845,0.05397295951843262,-0.1327641504379642,-0.07115375995635986,0.024484217166900635,-0.14716195040668367,-0.026571571826934814,-0.0821269154548645,-0.0824505659314525,-0.02227604389190674,0.06116962432861328,-0.1042304384085071,-0.030384719371795654,0.04858219623565674,-0.10522861504281877,-0.03427910804748535,0.010348916053771973,-0.1114405664178264,0.0182265043258667,-0.07479381561279297,-0.07708015763486742,0.019014835357666016,0.05941450595855713,-0.09734812849487184,0.007824897766113281,0.04523515701293945,-0.08477712148155092,0.003519773483276367,0.004735350608825684,-0.07844322645391344,0.05706876516342163,-0.05598461627960205,-0.07757063680614351,0.05343586206436157,0.04242396354675293,-0.10048410767043947,0.04478973150253296,0.033851027488708496,-0.09948701137031435,0.04252070188522339,-0.0026642680168151855,-0.09725894504512667
0.0,0.0,0.0,-0.04967910051345825,0.030704140663146973,-0.047692937193062335,-0.09518635272979736,0.06017422676086426,-0.08508352318182233,-0.07999777793884277,0.08941757678985596,-0.11394591012373212,-0.03314208984375,0.09814077615737915,-0.13791521766557935,-0.0732414722442627,-0.0826711654663086,-0.08365729579105619,-0.055798351764678955,0.033071696758270264,-0.1103746605791116,-0.06365358829498291,0.03495067358016968,-0.12432350346222165,-0.06905514001846313,0.006023228168487549,-0.13760370889082196,-0.024686217308044434,-0.09949257969856262,-0.07622069248333219,-0.012154161930084229,0.041657984256744385,-0.09684057661667111,-0.025280654430389404,0.03190690279006958,-0.09589884558096173,-0.031455397605895996,-0.0056778788566589355,-0.10001935192718747,0.01987820863723755,-0.09312978386878967,-0.07075018563642743,0.026604175567626953,0.04098773002624512,-0.09090351441278699,0.009873628616333008,0.029620110988616943,-0.07761620113029721,0.0021345019340515137,-0.008858144283294678,-0.0701365111149812,0.05844992399215698,-0.07355800271034241,-0.0713443768896127,0.05965876579284668,0.02315288782119751,-0.0946990562356973,0.04641997814178467,0.01578652858734131,-0.09428719559087995,0.03939974308013916,-0.018558084964752197,-0.09194808581247571
0.0,0.0,0.0,-0.051157355308532715,0.028470396995544434,-0.046286106706389774,-0.09771621227264404,0.055207014083862305,-0.08214817255807816,-0.08315259218215942,0.0880051851272583,-0.10977023899627625,-0.03705751895904541,0.10128998756408691,-0.13238965034557282,-0.07528847455978394,-0.08306914567947388,-0.08125567495895325,-0.05864906311035156,0.032871127128601074,-0.1077208450443834,-0.06555122137069702,0.039920032024383545,-0.12005103439165055,-0.07136112451553345,0.0125998854637146,-0.13177101373744904,-0.026540040969848633,-0.09886789321899414,-0.07439339220596253,-0.015056908130645752,0.040662527084350586,-0.09479344695878922,-0.02741706371307373,0.03617119789123535,-0.09210395872665345,-0.03424727916717529,-0.0012194514274597168,-0.09452891409469544,0.018285632133483887,-0.0918901264667511,-0.0696654251225084,0.024340033531188965,0.04183149337768555,-0.08949244082046448,0.007893681526184082,0.03364759683609009,-0.07503610163999497,-0.0009638071060180664,-0.005177438259124756,-0.0667059427507013,0.056743741035461426,-0.07188892364501953,-0.07085229516101776,0.05691361427307129,0.025005340576171875,-0.09365045338941513,0.04450643062591553,0.020782828330993652,-0.09257402330709397,0.03766679763793945,-0.012556970119476318,-0.08978007793498932
0.0,0.0,0.0,-0.051175713539123535,0.029771268367767334,-0.04742577646484847,-0.09759175777435303,0.05808299779891968,-0.0848751400839376,-0.08213627338409424,0.09027791023254395,-0.11382316399922843,-0.03799515962600708,0.09974092245101929,-0.13753678996673102,-0.07734757661819458,-0.08257299661636353,-0.08360027868857856,-0.06157463788986206,0.03208273649215698,-0.1136616875659513,-0.06615447998046875,0.04067355394363403,-0.12841829259505744,-0.07033002376556396,0.012437283992767334,-0.1412979920636701,-0.02865290641784668,-0.09748157858848572,-0.07676223267426963,-0.01608365774154663,0.038997769355773926,-0.10041337062230582,-0.027390360832214355,0.03673136234283447,-0.09837373693099494,-0.033333778381347656,-0.0017541050910949707,-0.1006049921046781,0.015857458114624023,-0.08974292874336243,-0.07248550255408759,0.023667097091674805,0.04096752405166626,-0.09486246456017966,0.00859677791595459,0.03469330072402954,-0.08032113660684104,0.001074373722076416,-0.005872547626495361,-0.07146165866961951,0.05412471294403076,-0.06910756230354309,-0.0740924810301351,0.05476987361907959,0.027539372444152832,-0.09815857161393637,0.04429006576538086,0.023465454578399658,-0.09747413147798056,0.03946918249130249,-0.0134047269821167,-0.0948199664484548
0.0,0.0,0.0,-0.05035978555679321,0.030497074127197266,-0.047962336634981284,-0.09615159034729004,0.06187337636947632,-0.0856759648972627,-0.08019858598709106,0.09558713436126709,-0.11439286435185636,-0.033404767513275146,0.10595548152923584,-0.1382688831740495,-0.07189720869064331,-0.07594868540763855,-0.0875273596697923,-0.05605208873748779,0.040009498596191406,-0.11376459414302076,-0.06285983324050903,0.04041755199432373,-0.12691641861735548,-0.06727880239486694,0.01084369421005249,-0.1400699269229051,-0.023053884506225586,-0.09133407473564148,-0.0796301093155023,-0.012939512729644775,0.049234986305236816,-0.10042115563689435,-0.025380313396453857,0.03929495811462402,-0.09978825861750806,-0.030838370323181152,0.0014516115188598633,-0.10492147768079008,0.021299779415130615,-0.08450725674629211,-0.07330557966767515,0.026158809661865234,0.049968421459198,-0.09286611044942106,0.009742677211761475,0.037959516048431396,-0.08039553726254667,0.0024684667587280273,-0.001160264015197754,-0.07450229192315305,0.059427618980407715,-0.06507641077041626,-0.07298264915286268,0.059750378131866455,0.03175640106201172,-0.09647660965262617,0.04703563451766968,0.0241774320602417,-0.09714994842349256,0.04031258821487427,-0.00982046127319336,-0.09632619733153547
0.0,0.0,0.0,-0.05013167858123779,0.030303001403808594,-0.04758314907795125,-0.0966799259185791,0.06018263101577759,-0.08490125209337407,-0.08197498321533203,0.09278148412704468,-0.11346572757011586,-0.03527778387069702,0.10454237461090088,-0.1372116816068285,-0.07366985082626343,-0.07816639542579651,-0.0855209690356844,-0.05830127000808716,0.037199199199676514,-0.11181414991861516,-0.06476026773452759,0.03926891088485718,-0.1255004417920702,-0.06877082586288452,0.010139882564544678,-0.13897328198200398,-0.02495098114013672,-0.09410566091537476,-0.07798399895673924,-0.014743268489837646,0.04706627130508423,-0.09868802994733983,-0.026912987232208252,0.03738892078399658,-0.09832532078272038,-0.03197091817855835,7.706880569458008e-05,-0.10327448815351659,0.01948624849319458,-0.08758321404457092,-0.07213311761861974,0.024597346782684326,0.048273563385009766,-0.0917296049023264,0.008846282958984375,0.03622359037399292,-0.07914431512600117,0.002515852451324463,-0.003495633602142334,-0.07279011726623708,0.05800187587738037,-0.06806918978691101,-0.07230956971889668,0.05746656656265259,0.030188024044036865,-0.09529256195074254,0.045587241649627686,0.023205339908599854,-0.0953544315720194,0.04067021608352661,-0.011424481868743896,-0.09386238575226002
0.0,0.0,0.0,-0.05229133367538452,0.030334293842315674,-0.04975147539735758,-0.09916990995407104,0.05791586637496948,-0.08858593920231783,-0.08328860998153687,0.0879015326499939,-0.1183343566393944,-0.03620409965515137,0.09773582220077515,-0.14282068977118456,-0.07508432865142822,-0.08678394556045532,-0.0866127795910927,-0.05816638469696045,0.038180530071258545,-0.11387626448632204,-0.06315690279006958,0.05048757791519165,-0.12858963379622423,-0.06688636541366577,0.022540509700775146,-0.1431473083233925,-0.02582341432571411,-0.10253500938415527,-0.07847530016661608,-0.01578289270401001,0.03973764181137085,-0.1000264770722481,-0.027036428451538086,0.0348588228225708,-0.10089301684857332,-0.032019615173339844,-0.0034175515174865723,-0.10765520850182497,0.018975436687469482,-0.09665173292160034,-0.07227213302613222,0.02302229404449463,0.037988126277923584,-0.0920129380560013,0.007367551326751709,0.031358540058135986,-0.08089454838992083,1.6689300537109375e-05,-0.007449805736541748,-0.07671317080021822,0.05734407901763916,-0.07777753472328186,-0.07221761712790453,0.05582231283187866,0.019113242626190186,-0.09456425527096712,0.04344362020492554,0.017172515392303467,-0.09539305785656893,0.03699696063995361,-0.015063881874084473,-0.09559134760857546
0.0,0.0,0.0,-0.05105084180831909,0.03256428241729736,-0.05014687784387206,-0.09696018695831299,0.06798964738845825,-0.09024025880171394,-0.08097052574157715,0.10458105802536011,-0.12090111904217338,-0.03528332710266113,0.11590975522994995,-0.14681236826254462,-0.07292520999908447,-0.069225013256073,-0.09381963692976569,-0.057322800159454346,0.050065457820892334,-0.12181857608629798,-0.06213611364364624,0.04122203588485718,-0.13622339450193977,-0.06574755907058716,0.009083032608032227,-0.15043016158415412,-0.023558378219604492,-0.08427426218986511,-0.08506875865532493,-0.013860106468200684,0.058216214179992676,-0.10696969561649894,-0.023989558219909668,0.03999173641204834,-0.1067844890840206,-0.02755051851272583,0.00027865171432495117,-0.11274375401808356,0.02141392230987549,-0.07815378904342651,-0.07769682638718223,0.026071906089782715,0.05763876438140869,-0.09782258056475257,0.011653423309326172,0.04004776477813721,-0.08450784169508552,0.0062171220779418945,-0.0003943443298339844,-0.07837541781736945,0.060174405574798584,-0.05943477153778076,-0.0765926726944599,0.05953109264373779,0.04083895683288574,-0.10114777468515967,0.048744380474090576,0.029552936553955078,-0.10225128762795066,0.044230520725250244,-0.0069846510887146,-0.10184965663029288
0.0,0.0,0.0,-0.05102890729904175,0.03231090307235718,-0.04705700312456429,-0.10262471437454224,0.060439229011535645,-0.08317783509096444,-0.09568959474563599,0.086181640625,-0.11114512418112099,-0.05125850439071655,0.0914490818977356,-0.13337428901991188,-0.08656638860702515,-0.08396729826927185,-0.07983595167002022,-0.07094532251358032,0.02477729320526123,-0.10768976841768563,-0.0762062668800354,0.036837100982666016,-0.11883950267633736,-0.08310765027999878,0.010054051876068115,-0.128757149322837,-0.03850960731506348,-0.1038331389427185,-0.07274133001169503,-0.02464383840560913,0.03256481885910034,-0.09534381364187539,-0.03363823890686035,0.033136069774627686,-0.09210336242517769,-0.04087555408477783,-0.005816102027893066,-0.09278450940450966,0.007763087749481201,-0.10141861438751221,-0.06825936619839013,0.016423046588897705,0.03144794702529907,-0.09066976641020119,0.0026253461837768555,0.026953041553497314,-0.07570152763923943,-0.007168233394622803,-0.01256704330444336,-0.06575582955679238,0.049403488636016846,-0.08639535307884216,-0.06962623481354058,0.051577627658843994,0.009239733219146729,-0.09345874224504769,0.04084891080856323,0.005327761173248291,-0.09226469729742348,0.03288877010345459,-0.030527353286743164,-0.08847154711088479
0.0,0.0,0.0,-0.07215791940689087,0.013001799583435059,-0.020652688699698274,-0.12717527151107788,0.01886051893234253,-0.045959073710179155,-0.15552997589111328,0.02516072988510132,-0.06925320591304285,-0.15248286724090576,0.03314787149429321,-0.08736129071090204,-0.1566089391708374,-0.14447617530822754,-0.03293278034303171,-0.18428117036819458,-0.030809640884399414,-0.05816509168121797,-0.15628093481063843,-0.01138007640838623,-0.07563167776439172,-0.138960599899292,-0.03440922498703003,-0.08825845982406122,-0.12257957458496094,-0.14877453446388245,-0.038833196866249864,-0.15578967332839966,-0.016361236572265625,-0.055370576339697664,-0.12648087739944458,-0.008084595203399658,-0.05931062962386591,-0.11058002710342407,-0.03482520580291748,-0.06432554836842996,-0.08545804023742676,-0.13078910112380981,-0.04702225293490869,-0.11805152893066406,-0.006207585334777832,-0.057768940585589235,-0.09289693832397461,-0.0006566047668457031,-0.049306291746830766,-0.08022260665893555,-0.03053295612335205,-0.046052075582480256,-0.05042994022369385,-0.09596344828605652,-0.058848391878342454,-0.07963049411773682,-0.005606293678283691,-0.0649520453390835,-0.06412762403488159,-0.0018641948699951172,-0.05905533547971231,-0.05225318670272827,-0.030197083950042725,-0.054325271057820146
0.0,0.0,0.0,-0.05899721384048462,0.017544925212860107,-0.027671422081311903,-0.1071012020111084,0.03363293409347534,-0.054234857874234876,-0.12000530958175659,0.04359620809555054,-0.07654013411911365,-0.09816056489944458,0.0553242564201355,-0.09415575044067737,-0.12773245573043823,-0.10391870141029358,-0.044987357424815855,-0.13323897123336792,-0.0002741813659667969,-0.06930980758579608,-0.11320257186889648,0.010248005390167236,-0.08627688811930057,-0.10227835178375244,-0.017528772354125977,-0.09926389084967013,-0.08860641717910767,-0.11486470699310303,-0.04578855933459636,-0.09685498476028442,0.010972976684570312,-0.06178606601270076,-0.08029842376708984,0.008049607276916504,-0.06451614873321887,-0.07268291711807251,-0.025082796812057495,-0.06903143154295321,-0.046398818492889404,-0.10529816150665283,-0.04873907120736476,-0.05599290132522583,0.01784127950668335,-0.06068101079972621,-0.04370182752609253,0.015340983867645264,-0.051196373271068296,-0.03708171844482422,-0.016615986824035645,-0.04630526454957362,-0.007247328758239746,-0.08169114589691162,-0.05592671336444255,-0.02136164903640747,0.01228564977645874,-0.0666683010927045,-0.01433795690536499,0.007518470287322998,-0.06286016778858539,-0.007941007614135742,-0.025764405727386475,-0.05853377582343455
0.0,0.0,0.0,-0.05310654640197754,0.021777093410491943,-0.030189380055716697,-0.09691625833511353,0.04460650682449341,-0.05830274709170169,-0.10376560688018799,0.060379981994628906,-0.08180849068467921,-0.08012038469314575,0.07110321521759033,-0.10073002987211055,-0.11454892158508301,-0.09074735641479492,-0.05106555857365436,-0.12032556533813477,0.012323319911956787,-0.07738921605651683,-0.1037871241569519,0.016683995723724365,-0.0961009170920164,-0.09422719478607178,-0.013316333293914795,-0.1100886371046812,-0.07368093729019165,-0.10226777195930481,-0.051184317103079024,-0.08149290084838867,0.029936015605926514,-0.06855531596248454,-0.06670147180557251,0.01777881383895874,-0.07110860013072795,-0.05921578407287598,-0.020810097455978394,-0.07526781224315471,-0.030475854873657227,-0.09191185235977173,-0.053475407889536086,-0.040159642696380615,0.0372883677482605,-0.06492275559013194,-0.030474364757537842,0.025973796844482422,-0.05218727328484363,-0.024322807788848877,-0.010873019695281982,-0.044700833043506805,0.008465290069580078,-0.06737393140792847,-0.06068009324972934,-0.006645917892456055,0.029425323009490967,-0.07270251028840846,-0.0011988282203674316,0.01780492067337036,-0.067983089020899,0.005509018898010254,-0.01981252431869507,-0.062070349237373534
0.0,0.0,0.0,-0.0507999062538147,0.019749760627746582,-0.029401629674978835,-0.09461402893066406,0.04341834783554077,-0.056688101473994834,-0.09880435466766357,0.05947613716125488,-0.07939773190373955,-0.07502001523971558,0.06923013925552368,-0.09786014396304665,-0.11294794082641602,-0.08918988704681396,-0.05153269830698548,-0.11808764934539795,0.012062311172485352,-0.07766183603162347,-0.1040506362915039,0.010716378688812256,-0.09637273985499917,-0.09556478261947632,-0.02145436406135559,-0.11052783716077386,-0.07203775644302368,-0.10214471817016602,-0.05152497950548707,-0.07831352949142456,0.02824389934539795,-0.06770974535102425,-0.06585162878036499,0.014696955680847168,-0.06934445488805352,-0.059205472469329834,-0.024903148412704468,-0.07305390525216637,-0.028978049755096436,-0.09328603744506836,-0.053513353202291114,-0.03764528036117554,0.03171968460083008,-0.06480290878171502,-0.028616607189178467,0.01872652769088745,-0.05169011044854699,-0.022413313388824463,-0.01818224787712097,-0.04370917144770203,0.010663986206054688,-0.06991428136825562,-0.06034312162155686,-0.002584517002105713,0.023691415786743164,-0.07371483880633889,0.0020567774772644043,0.011636555194854736,-0.06926595557088433,0.00862818956375122,-0.02502802014350891,-0.06302654880637704
0.0,0.0,0.0,-0.05295509099960327,0.024129271507263184,-0.03175138888298079,-0.0974765419960022,0.05026257038116455,-0.06051258576451346,-0.104042649269104,0.06596946716308594,-0.08450640571652457,-0.0778236985206604,0.07398515939712524,-0.10384109449921652,-0.11597460508346558,-0.08348739147186279,-0.05348615554510161,-0.12128692865371704,0.017731308937072754,-0.07960945201455161,-0.10523134469985962,0.0219457745552063,-0.09740084243355795,-0.09554183483123779,-0.0072553157806396484,-0.11065852475701377,-0.0748741626739502,-0.09687897562980652,-0.05290261862216994,-0.08086144924163818,0.034076035022735596,-0.0705411492043595,-0.06649434566497803,0.024763822555541992,-0.07292307001887366,-0.05859410762786865,-0.009997636079788208,-0.07674067301093146,-0.03146618604660034,-0.08871665596961975,-0.054411651765690294,-0.03882473707199097,0.0400545597076416,-0.06736361069022223,-0.02913379669189453,0.030267059803009033,-0.05518185926018759,-0.023240387439727783,-0.005146145820617676,-0.04749056158004805,0.00821232795715332,-0.06603133678436279,-0.060806224321709124,-0.004548311233520508,0.030922532081604004,-0.07353970242081687,0.0017584562301635742,0.02130722999572754,-0.06851506811915442,0.009002923965454102,-0.014349877834320068,-0.06212589723406836
0.0,0.0,0.0,-0.05174076557159424,0.02477407455444336,-0.03213863935590666,-0.09470856189727783,0.05186891555786133,-0.0610997278642742,-0.10026830434799194,0.06781864166259766,-0.08510099467159193,-0.07579612731933594,0.07471728324890137,-0.1046199735653488,-0.11445307731628418,-0.08232113718986511,-0.05449337255478781,-0.1166955828666687,0.022313475608825684,-0.08151035126567763,-0.10192102193832397,0.022632956504821777,-0.10098059591175002,-0.09373831748962402,-0.00879967212677002,-0.11552119370819014,-0.07202422618865967,-0.09633764624595642,-0.05367494490266722,-0.07592922449111938,0.035751402378082275,-0.0709004637253372,-0.06304901838302612,0.02180236577987671,-0.07315113511205595,-0.056493520736694336,-0.016846060752868652,-0.07729592290044707,-0.02790755033493042,-0.08808335661888123,-0.05502266925097388,-0.034960925579071045,0.041008710861206055,-0.06750804301620406,-0.026539087295532227,0.028312265872955322,-0.05428110923887175,-0.021304309368133545,-0.008488237857818604,-0.04609069343925398,0.011843264102935791,-0.06532511115074158,-0.06142275523663443,-6.854534149169922e-06,0.03106933832168579,-0.07462195422769469,0.005340933799743652,0.018141865730285645,-0.0695230599892227,0.011828124523162842,-0.01998111605644226,-0.0630184721601097
0.0,0.0,0.0,-0.052590787410736084,0.021825790405273438,-0.03113471135601742,-0.09757709503173828,0.04505568742752075,-0.05964800134405834,-0.10448861122131348,0.05883026123046875,-0.08294991195306523,-0.07758045196533203,0.06533336639404297,-0.10137233674630863,-0.11695647239685059,-0.08937346935272217,-0.05337192654714329,-0.11998254060745239,0.015081524848937988,-0.07992771059379322,-0.10256564617156982,0.01742565631866455,-0.09920777917012913,-0.0924307107925415,-0.01428171992301941,-0.11371607124910099,-0.07578098773956299,-0.10307613015174866,-0.05261825561628086,-0.07946175336837769,0.026570022106170654,-0.06935095578536732,-0.06662529706954956,0.013100028038024902,-0.07173238486156208,-0.06095564365386963,-0.026259541511535645,-0.07616512268886311,-0.0316464900970459,-0.09485536813735962,-0.05395846605405552,-0.0364723801612854,0.031867027282714844,-0.06550007104978306,-0.02834296226501465,0.018736422061920166,-0.053213706017587015,-0.023985326290130615,-0.018797338008880615,-0.04620321631536228,0.009276032447814941,-0.07192453742027283,-0.060199906827065774,-0.001616358757019043,0.024728357791900635,-0.07258844167098744,0.0035469532012939453,0.01176750659942627,-0.06820528745755894,0.009136617183685303,-0.026754438877105713,-0.06275094091996891
0.0,0.0,0.0,-0.0547405481338501,0.02284526824951172,-0.03155817184031662,-0.10073733329772949,0.04633671045303345,-0.05953631270111259,-0.11133384704589844,0.05998128652572632,-0.0824576476532286,-0.08301001787185669,0.06424438953399658,-0.1007716143447226,-0.1175069808959961,-0.09032467007637024,-0.05135838779986557,-0.12037026882171631,0.010422885417938232,-0.0764454463440245,-0.10406374931335449,0.0178031325340271,-0.09363088104308304,-0.09558063745498657,-0.01051783561706543,-0.10645978245318588,-0.07578414678573608,-0.10338765382766724,-0.050502427847987974,-0.08023369312286377,0.024663984775543213,-0.06742949131310638,-0.068092942237854,0.015593469142913818,-0.06992506328404602,-0.06315076351165771,-0.01957803964614868,-0.07378908339322265,-0.03162813186645508,-0.09480693936347961,-0.051862952293760145,-0.03778749704360962,0.03079068660736084,-0.06489417049468216,-0.031034529209136963,0.02025926113128662,-0.05375958326638397,-0.027618885040283203,-0.015202105045318604,-0.046732508571750486,0.008006691932678223,-0.07174840569496155,-0.05787592473805603,-0.0037637948989868164,0.02393925189971924,-0.07072890642464813,0.000715792179107666,0.01266390085220337,-0.0662857526856726,0.005476415157318115,-0.024236470460891724,-0.060391576023704374
0.0,0.0,0.0,-0.0516546368598938,0.023219048976898193,-0.03038216252780046,-0.09526896476745605,0.04856431484222412,-0.05841984842872705,-0.09755051136016846,0.06597381830215454,-0.08192586769318666,-0.07049375772476196,0.07548314332962036,-0.101168072418929,-0.10992288589477539,-0.08148369193077087,-0.05279033129072275,-0.11486560106277466,0.02090632915496826,-0.07941003014302339,-0.10053038597106934,0.021734297275543213,-0.09800454844689455,-0.091982901096344,-0.009188145399093628,-0.11193986852622118,-0.06857597827911377,-0.09527340531349182,-0.0527567813262948,-0.07425397634506226,0.03447282314300537,-0.0702653961346158,-0.06177055835723877,0.022682607173919678,-0.07261643429255571,-0.05506104230880737,-0.01542288064956665,-0.0766079561874875,-0.025694966316223145,-0.08780914545059204,-0.054725202368260284,-0.03350532054901123,0.038700222969055176,-0.0672734739348897,-0.02493298053741455,0.028223633766174316,-0.054111483143330474,-0.019427180290222168,-0.008435428142547607,-0.045838742153407,0.013759911060333252,-0.06613048911094666,-0.061606525079966445,0.0012078285217285156,0.02957397699356079,-0.07428593059039201,0.006223559379577637,0.019321978092193604,-0.06894256045079317,0.012759268283843994,-0.01770147681236267,-0.0624085614547738
0.0,0.0,0.0,-0.05384516716003418,0.026104092597961426,-0.03216973262252054,-0.09914392232894897,0.05419504642486572,-0.06100145297469339,-0.10534417629241943,0.06915271282196045,-0.08496385010303698,-0.07727307081222534,0.07284694910049438,-0.10444270016969881,-0.11427372694015503,-0.08513623476028442,-0.05413825380028925,-0.11759263277053833,0.019719243049621582,-0.0810495385748311,-0.10344040393829346,0.019361495971679688,-0.10031083913864336,-0.0951738953590393,-0.013417184352874756,-0.11468543799938402,-0.07054632902145386,-0.09866765141487122,-0.053628961913005924,-0.07505965232849121,0.037857770919799805,-0.07158563973726473,-0.062333881855010986,0.02221858501434326,-0.07409185858787737,-0.05506336688995361,-0.01882237195968628,-0.0779740581137105,-0.025079190731048584,-0.08998498320579529,-0.05527692230762682,-0.03226470947265625,0.04353761672973633,-0.06826937141241274,-0.024432837963104248,0.02868962287902832,-0.05457184406341753,-0.019064486026763916,-0.011171281337738037,-0.04560299905361376,0.015957236289978027,-0.06616517901420593,-0.06211068423809252,0.0035245418548583984,0.034184396266937256,-0.07611826749862871,0.008401274681091309,0.01973438262939453,-0.07100690098823748,0.014805793762207031,-0.021161794662475586,-0.06396319659771166
0.0,0.0,0.0,-0.05281490087509155,0.017293810844421387,-0.030626377443269348,-0.09975874423980713,0.036616504192352295,-0.05864565482218609,-0.10676741600036621,0.05005544424057007,-0.08187636395771847,-0.07926589250564575,0.05575186014175415,-0.10059535911162243,-0.10695576667785645,-0.10055133700370789,-0.054931383932427025,-0.11883068084716797,-0.005461156368255615,-0.08075695892651424,-0.105846107006073,-0.006761431694030762,-0.09764594247420177,-0.09744268655776978,-0.037720948457717896,-0.11039894481976376,-0.06349343061447144,-0.11265552043914795,-0.0547713529117857,-0.07643401622772217,0.018594443798065186,-0.07294962217886791,-0.061284661293029785,0.005817234516143799,-0.07492755016167507,-0.05129903554916382,-0.03269818425178528,-0.0779576789387022,-0.019039571285247803,-0.10157203674316406,-0.056347184235647774,-0.03361707925796509,0.02805083990097046,-0.06836884876568661,-0.023272275924682617,0.015895366668701172,-0.054348979497746086,-0.01548987627029419,-0.02262398600578308,-0.045283373797730064,0.021325349807739258,-0.07522261142730713,-0.06292298098881588,0.003331422805786133,0.02183300256729126,-0.07609977235873089,0.009098470211029053,0.010284721851348877,-0.07081357052405224,0.017231345176696777,-0.028145700693130493,-0.0636228959806715
0.0,0.0,0.0,-0.08232313394546509,0.0416107177734375,-0.05969325404277015,-0.14536327123641968,0.07305073738098145,-0.10878296147694755,-0.13016703724861145,0.10516983270645142,-0.14818333040585685,-0.06601071357727051,0.11603802442550659,-0.18166527103295493,-0.14327296614646912,-0.15518617630004883,-0.09954354863276649,-0.15126940608024597,1.7940998077392578e-05,-0.1444687838446157,-0.1304958462715149,0.028924286365509033,-0.17488868485799003,-0.12410348653793335,-0.017077207565307617,-0.19833259235730338,-0.07101207971572876,-0.17781630158424377,-0.09542065810074973,-0.08013784885406494,0.02998584508895874,-0.12724858473649192,-0.05941063165664673,0.0314900279045105,-0.1333318347822683,-0.052015066146850586,-0.029047787189483643,-0.14108599673619437,0.0015416741371154785,-0.16181644797325134,-0.09500492315402198,-0.012096941471099854,0.04781442880630493,-0.11888541232457328,0.0021358132362365723,0.044180870056152344,-0.1019827569614904,0.011374294757843018,-0.009621024131774902,-0.09147904019465614,0.06265652179718018,-0.12293976545333862,-0.10267430495133567,0.04547697305679321,0.03785276412963867,-0.12715916286816764,0.05684787034988403,0.03153771162033081,-0.12144415776839423,0.06896591186523438,-0.02039015293121338,-0.11291428606620002
0.0,0.0,0.0,-0.1190791130065918,0.053824663162231445,-0.062077231153580215,-0.23083093762397766,0.08714437484741211,-0.11336377580437329,-0.2693895101547241,0.0806283950805664,-0.156081828668448,-0.21533003449440002,0.044714272022247314,-0.18697558660778668,-0.30542057752609253,-0.2293761670589447,-0.07318596114191678,-0.30716991424560547,-0.05608183145523071,-0.12789076884064343,-0.2613174021244049,-0.0037854909896850586,-0.16128781755242017,-0.2455420196056366,-0.04849046468734741,-0.18485170920166638,-0.23465579748153687,-0.28492271900177,-0.0722900139239755,-0.22534215450286865,-0.05108398199081421,-0.11552635152611401,-0.18385609984397888,-0.013930439949035645,-0.12253226657185223,-0.17342212796211243,-0.07084429264068604,-0.12679817099842694,-0.1503198742866516,-0.2939457297325134,-0.07921016533646252,-0.14202648401260376,-0.058173298835754395,-0.11266750414642956,-0.11162686347961426,-0.02717113494873047,-0.09353223760399487,-0.10104811191558838,-0.07654428482055664,-0.07959658969912198,-0.06704384088516235,-0.2725145220756531,-0.09553286750588086,-0.07543927431106567,-0.0909377932548523,-0.12052078862461713,-0.05523151159286499,-0.07284164428710938,-0.11245955844196942,-0.04565161466598511,-0.12187159061431885,-0.10100449193987515
0.0,0.0,0.0,0.04378628730773926,-0.08565860986709595,-0.014003052188598986,0.06583750247955322,-0.1840500831604004,-0.022087910024964685,0.0522063672542572,-0.25846442580223083,-0.03412158861621606,0.016897737979888916,-0.30422964692115784,-0.04559146687253701,-0.0040895938873291016,-0.290495902299881,-0.0018085951903401565,-0.021792978048324585,-0.3887985497713089,-0.030962950362408037,-0.00024253129959106445,-0.40341249108314514,-0.05555776208504426,0.02265375852584839,-0.3823990523815155,-0.06748090013726937,-0.04065468907356262,-0.27581292390823364,-0.010240249148154135,-0.06859742105007172,-0.37991270422935486,-0.03314822241529214,-0.03673839569091797,-0.39339134097099304,-0.05032047703727471,-0.008252859115600586,-0.3681958466768265,-0.06024948209389436,-0.07560600340366364,-0.2455480992794037,-0.02320687360926854,-0.10240854322910309,-0.33091968297958374,-0.04686461090906846,-0.06130951642990112,-0.32344359159469604,-0.057903435824954386,-0.027642428874969482,-0.28245723247528076,-0.06149124428495156,-0.11204452812671661,-0.2018030285835266,-0.03823625743254411,-0.13728803396224976,-0.2820747196674347,-0.05765775292977082,-0.10637950897216797,-0.2805444598197937,-0.06315753683313119,-0.07391197979450226,-0.2477380633354187,-0.06360625550016152
0.0,0.0,0.0,-0.10081005096435547,0.04407691955566406,-0.0940474670781839,-0.18063431978225708,0.09961342811584473,-0.1682749119057405,-0.17060482501983643,0.18391215801239014,-0.22481534149787308,-0.1319614052772522,0.23156380653381348,-0.27279286351344467,-0.17074865102767944,-0.1341089904308319,-0.18747347858092667,-0.16883206367492676,0.13051438331604004,-0.2597963687433946,-0.14472150802612305,0.12196779251098633,-0.2964635070814836,-0.12923872470855713,0.06370443105697632,-0.323586898709749,-0.07421493530273438,-0.15079912543296814,-0.17006153133056046,-0.07761436700820923,0.1469811201095581,-0.223786654736017,-0.069125235080719,0.10067117214202881,-0.22038190331599594,-0.063853919506073,0.01703190803527832,-0.2239128228678453,0.019633829593658447,-0.12978464365005493,-0.15642428662917496,0.014054179191589355,0.15339070558547974,-0.20710093047759415,0.010378897190093994,0.10553312301635742,-0.17193864550731064,0.015052855014801025,0.009855210781097412,-0.14632076289794327,0.09868353605270386,-0.08601334691047668,-0.15419234600207687,0.0859265923500061,0.130811870098114,-0.2075658467068422,0.08392107486724854,0.10331428050994873,-0.20483410623214127,0.0972515344619751,0.013234972953796387,-0.19488109913012863
0.0,0.0,0.0,-0.026166558265686035,0.027315258979797363,-0.06673418958365573,-0.056435585021972656,0.037285685539245605,-0.11457417388140811,-0.071536123752594,0.04511749744415283,-0.1491772406238283,-0.07099491357803345,0.022089600563049316,-0.17589383055150165,-0.09358018636703491,-0.13881850242614746,-0.12409826595961704,-0.08839696645736694,0.05646347999572754,-0.18653847505032672,-0.07779967784881592,0.03741937875747681,-0.22323045362412586,-0.06654804944992065,-0.01514899730682373,-0.24818004895627155,-0.05065995454788208,-0.15885430574417114,-0.11421782006203784,-0.03713303804397583,0.1014413833618164,-0.16619675089299335,-0.03196513652801514,0.06427925825119019,-0.1731076710361208,-0.02647000551223755,-0.008375227451324463,-0.17758395005643024,-0.004853367805480957,-0.1414869725704193,-0.1080359317797388,0.004536747932434082,0.10857158899307251,-0.15646447469174518,0.0074607133865356445,0.07569348812103271,-0.13415867318093433,0.00881880521774292,0.0036448240280151367,-0.11459077377497806,0.03590422868728638,-0.10180670022964478,-0.10993484635531559,0.03903764486312866,0.09681165218353271,-0.15775816370427265,0.03617513179779053,0.07578551769256592,-0.15797710646569385,0.03540968894958496,-0.0022646188735961914,-0.14902022708832874
0.0,0.0,0.0,-0.05880618095397949,0.03669905662536621,-0.07020356282617968,-0.1127355694770813,0.062182724475860596,-0.1261785529556505,-0.11997300386428833,0.09255993366241455,-0.1693374119701616,-0.10073894262313843,0.09806841611862183,-0.20450051650431078,-0.12715262174606323,-0.1213269829750061,-0.13488950356867235,-0.13207966089248657,0.05553025007247925,-0.1994609288873903,-0.12304383516311646,0.050733983516693115,-0.2355228118601076,-0.11205756664276123,-0.0003476738929748535,-0.25931595787432116,-0.058151185512542725,-0.1410938799381256,-0.1269953005018465,-0.04815673828125,0.10932266712188721,-0.18291232511427324,-0.04739701747894287,0.08260935544967651,-0.19221848771002215,-0.0435299277305603,0.012807667255401611,-0.19684471711542528,0.012521982192993164,-0.12305864691734314,-0.1223904989662401,0.02528005838394165,0.11255848407745361,-0.1735420726242296,0.020889461040496826,0.0843043327331543,-0.15433955714132708,0.017370164394378662,0.015017390251159668,-0.13569927737142962,0.0743565559387207,-0.08253192901611328,-0.12582113370325487,0.08724230527877808,0.10491418838500977,-0.17452718839075487,0.08218646049499512,0.0918811559677124,-0.17423874661352556,0.0811920166015625,0.02514559030532837,-0.1639166675510637
0.0,0.0,0.0,-0.02525484561920166,0.036335110664367676,-0.07612810078947518,-0.05578738451004028,0.056905269622802734,-0.13318192753879998,-0.05695188045501709,0.08982813358306885,-0.17605849895565484,-0.037043631076812744,0.1021350622177124,-0.21160390768139337,-0.0868716835975647,-0.10927996039390564,-0.1412809321650741,-0.08817219734191895,0.0585559606552124,-0.21082481536953424,-0.07990944385528564,0.060478150844573975,-0.25043466482250665,-0.07059711217880249,0.02292722463607788,-0.27561452779858087,-0.04091322422027588,-0.13683584332466125,-0.1309271881350753,-0.026962459087371826,0.11312395334243774,-0.19519226048080895,-0.028729915618896484,0.09191417694091797,-0.2095850387582061,-0.02920609712600708,0.030785083770751953,-0.215503288246083,0.006432294845581055,-0.1259545385837555,-0.12439026478617166,0.02435779571533203,0.11380606889724731,-0.18500520083992456,0.01717829704284668,0.0869709849357605,-0.17223246190636132,0.011751115322113037,0.01655733585357666,-0.15592855010120843,0.045211195945739746,-0.09171003103256226,-0.12556211445419763,0.06852227449417114,0.10196077823638916,-0.1821483055123565,0.061125338077545166,0.10503965616226196,-0.18483441863148187,0.05867719650268555,0.05125218629837036,-0.17501255664913629
0.0,0.0,0.0,-0.06155616044998169,0.026093900203704834,-0.07213455892947707,-0.11928552389144897,0.04016411304473877,-0.12668832845834288,-0.12447065114974976,0.07886570692062378,-0.16733154363778624,-0.10486584901809692,0.09919798374176025,-0.200432103945289,-0.14918005466461182,-0.15181514620780945,-0.13450312323716673,-0.1486455798149109,0.04570174217224121,-0.19949240691808257,-0.14496970176696777,0.030004918575286865,-0.2372503400578836,-0.13710641860961914,-0.02596461772918701,-0.2637063682809213,-0.07390689849853516,-0.1732897162437439,-0.12463548488763365,-0.06317150592803955,0.08657938241958618,-0.17911831743863615,-0.06721913814544678,0.04843169450759888,-0.18685698218492064,-0.07127463817596436,-0.027985751628875732,-0.19129171676782164,0.00403672456741333,-0.15345177054405212,-0.11850194342282805,0.015606880187988281,0.0870162844657898,-0.16894018359330687,0.009330332279205322,0.05034130811691284,-0.1461209327712396,0.003998160362243652,-0.031284451484680176,-0.12506362505105528,0.07038599252700806,-0.11003923416137695,-0.12080145336535963,0.07655161619186401,0.0816301703453064,-0.17435265786794218,0.07383579015731812,0.061448514461517334,-0.17622197873738799,0.07568258047103882,-0.01834315061569214,-0.1662628174558023
0.0,0.0,0.0,-0.06671148538589478,0.0392380952835083,-0.07124678317785538,-0.12454098463058472,0.08753359317779541,-0.13070190225124634,-0.11941897869110107,0.15775549411773682,-0.17713432286262787,-0.09368282556533813,0.20486575365066528,-0.21713170681476868,-0.16441112756729126,-0.11911362409591675,-0.13999440048218048,-0.1542031168937683,0.10269498825073242,-0.2087417719173459,-0.13634222745895386,0.08987987041473389,-0.2524000284481076,-0.12252432107925415,0.03367334604263306,-0.28245513413429535,-0.08719134330749512,-0.1432691514492035,-0.1322097209501294,-0.06992840766906738,0.11790382862091064,-0.1838447031784085,-0.065562903881073,0.07480013370513916,-0.18926383827209747,-0.06486719846725464,-0.0042580366134643555,-0.1943526891279248,-0.006004750728607178,-0.1286889910697937,-0.12824133310795105,0.007240712642669678,0.11553776264190674,-0.17334820602417267,0.005429089069366455,0.07820719480514526,-0.14640769634723938,0.003435671329498291,-0.002179384231567383,-0.12407060239792145,0.06841790676116943,-0.08993306756019592,-0.13358310137272156,0.06603604555130005,0.10111373662948608,-0.17944844339371002,0.06408727169036865,0.07479959726333618,-0.17659804497242249,0.0681307315826416,-0.00653994083404541,-0.1654765186119107
0.0,0.0,0.0,-0.06513583660125732,0.035242438316345215,-0.07101851788381452,-0.12221956253051758,0.07055938243865967,-0.12788529035667295,-0.12391132116317749,0.128756582736969,-0.171149917813338,-0.10626339912414551,0.1683937907218933,-0.2074486398420703,-0.16137665510177612,-0.12829577922821045,-0.1360573255739581,-0.15078604221343994,0.08731096982955933,-0.20357357797244902,-0.13309448957443237,0.0760185718536377,-0.24533095297435636,-0.11927485466003418,0.01990950107574463,-0.2743235313616168,-0.08710712194442749,-0.15133845806121826,-0.12686850962261076,-0.06795543432235718,0.10535669326782227,-0.17936537501434202,-0.05963784456253052,0.0663306713104248,-0.18504343268493528,-0.05605822801589966,-0.011598289012908936,-0.1899022543154132,-0.00828397274017334,-0.13746294379234314,-0.12174923059562559,0.007944822311401367,0.10313481092453003,-0.16904621657947416,0.008392632007598877,0.06845861673355103,-0.14431045291046019,0.00715184211730957,-0.01234447956085205,-0.1232830741725337,0.06362628936767578,-0.10036724805831909,-0.1254333787880313,0.06468653678894043,0.08939045667648315,-0.17279312846282835,0.06301718950271606,0.06786125898361206,-0.1724386596403491,0.06551212072372437,-0.01357954740524292,-0.16335939702609892
0.0,0.0,0.0,-0.09209251403808594,0.02657759189605713,-0.07655714038051542,-0.18615782260894775,0.03286111354827881,-0.13411055091060575,-0.19650006294250488,0.02440255880355835,-0.17939216974414762,-0.14117860794067383,0.001662909984588623,-0.2129947501722711,-0.2037872076034546,-0.23766478896141052,-0.10167168411649641,-0.223852276802063,-0.09554886817932129,-0.157899599105491,-0.19163036346435547,-0.04947042465209961,-0.18987129214443144,-0.17023104429244995,-0.08555078506469727,-0.21252435031570371,-0.12754487991333008,-0.271910160779953,-0.09101147535480436,-0.14780622720718384,-0.08283013105392456,-0.13475149455703672,-0.1221356987953186,-0.05142199993133545,-0.14311511400379118,-0.10653191804885864,-0.09815847873687744,-0.14994020345844206,-0.050078511238098145,-0.26649489998817444,-0.08780658575929579,-0.06674015522003174,-0.06875646114349365,-0.12694674316085752,-0.04717552661895752,-0.04715263843536377,-0.11432096692956861,-0.034874141216278076,-0.10643845796585083,-0.10481490525640424,0.0254746675491333,-0.23777440190315247,-0.09358048769868788,-0.00037032365798950195,-0.08047324419021606,-0.12452482017911848,0.011561393737792969,-0.06021749973297119,-0.12271835240758833,0.024835050106048584,-0.11304473876953125,-0.1166907060448068
0.0,0.0,0.0,-0.0981101393699646,0.019236445426940918,-0.049349734678457935,-0.19363954663276672,0.009960532188415527,-0.08699167345423575,-0.2263011932373047,-0.019745349884033203,-0.11883763794560309,-0.17798134684562683,-0.02749699354171753,-0.14056480501551505,-0.21062225103378296,-0.23558500409126282,-0.04445259098667975,-0.2452387511730194,-0.10842731595039368,-0.08353454445261832,-0.21410182118415833,-0.057507336139678955,-0.10621984128613349,-0.18980449438095093,-0.08247840404510498,-0.12239695911068793,-0.15411987900733948,-0.27190443873405457,-0.043664043888043125,-0.18813982605934143,-0.09920227527618408,-0.07397363905568,-0.15263736248016357,-0.056682467460632324,-0.07839254115481253,-0.13062649965286255,-0.08555781841278076,-0.08029749070067282,-0.0942583680152893,-0.27229177951812744,-0.049906244620274265,-0.1257612705230713,-0.09312885999679565,-0.07711686764616843,-0.09406203031539917,-0.05725377798080444,-0.0663314071740615,-0.07264578342437744,-0.0917586088180542,-0.05753659282584067,-0.03373485803604126,-0.25061848759651184,-0.06329944555420752,-0.06857931613922119,-0.10812091827392578,-0.08029711072106238,-0.050531208515167236,-0.07484006881713867,-0.07499362353939887,-0.03477734327316284,-0.10055437684059143,-0.06740112428326483
0.0,0.0,0.0,-0.09293478727340698,0.0032693147659301758,-0.04755619479414008,-0.18548080325126648,-0.023099958896636963,-0.08297946987744353,-0.21637511253356934,-0.0702163577079773,-0.1137126901566603,-0.17274826765060425,-0.09013599157333374,-0.13503225086327575,-0.18208017945289612,-0.2377142608165741,-0.0432434820949652,-0.21342042088508606,-0.13704758882522583,-0.08260635970231078,-0.18833082914352417,-0.07386022806167603,-0.1027329185425856,-0.1660100817680359,-0.08596670627593994,-0.11512505946751617,-0.13575339317321777,-0.2669372856616974,-0.04192192418571494,-0.16337060928344727,-0.13519659638404846,-0.07211381135579131,-0.13375693559646606,-0.08021390438079834,-0.07284516779776595,-0.11256414651870728,-0.09831124544143677,-0.07210869280692123,-0.08726006746292114,-0.26783159375190735,-0.048002108317575676,-0.1126706600189209,-0.13827404379844666,-0.07599203972216628,-0.08963435888290405,-0.08864852786064148,-0.06396795002814315,-0.0713270902633667,-0.1068640947341919,-0.05391378266807578,-0.03772890567779541,-0.25398778915405273,-0.06073194680806182,-0.06544995307922363,-0.15735921263694763,-0.07300860373374007,-0.05441570281982422,-0.1155388355255127,-0.0640119159042456,-0.040847063064575195,-0.12538045644760132,-0.05524915395375274
0.0,0.0,0.0,-0.10552555322647095,0.014054477214813232,-0.04854734993449483,-0.20264065265655518,-0.0018565654754638672,-0.08333558968178068,-0.22746005654335022,-0.041880130767822266,-0.11323854706159864,-0.17753568291664124,-0.06249731779098511,-0.13314888260237012,-0.21106916666030884,-0.24411946535110474,-0.041853457753575185,-0.24188292026519775,-0.14221251010894775,-0.0829840787397984,-0.2097950577735901,-0.07383644580841064,-0.10542999586931501,-0.18464437127113342,-0.081637442111969,-0.12000076851717267,-0.15682804584503174,-0.27671369910240173,-0.041176237230217794,-0.1800989806652069,-0.13395249843597412,-0.07453288516870771,-0.14956754446029663,-0.07739198207855225,-0.07883795729748044,-0.1295110583305359,-0.09540694952011108,-0.07996399334541593,-0.09877324104309082,-0.2759571075439453,-0.04811356595627103,-0.11823922395706177,-0.11897444725036621,-0.07860523841253553,-0.09342509508132935,-0.06882792711257935,-0.06850196055046354,-0.07548868656158447,-0.09449160099029541,-0.05945652357212339,-0.04085034132003784,-0.2549661695957184,-0.06209680071941648,-0.06607258319854736,-0.12911778688430786,-0.07885776839128766,-0.04990494251251221,-0.08793330192565918,-0.07278383157125745,-0.034587860107421875,-0.10907599329948425,-0.06516339263788495
0.0,0.0,0.0,-0.100009024143219,0.013325691223144531,-0.057087120380685974,-0.1921619176864624,-0.0073316097259521484,-0.09681841802267854,-0.20105889439582825,-0.04105639457702637,-0.12898462336926286,-0.14502915740013123,-0.05697906017303467,-0.15114354413418596,-0.1832241714000702,-0.24617591500282288,-0.062147394534633804,-0.2037203311920166,-0.12905502319335938,-0.10308446806340044,-0.18146288394927979,-0.06655144691467285,-0.12209279906420534,-0.16380518674850464,-0.07971745729446411,-0.13507726114659135,-0.12763839960098267,-0.28200671076774597,-0.05746012624769037,-0.1402186155319214,-0.12830644845962524,-0.08970497619776552,-0.11570572853088379,-0.07274049520492554,-0.09104573797850435,-0.10002893209457397,-0.0919538140296936,-0.09228603613047426,-0.07100021839141846,-0.28357458114624023,-0.0599971346226198,-0.08468258380889893,-0.11964166164398193,-0.0916598446336252,-0.06399714946746826,-0.07010102272033691,-0.0805184997287256,-0.05010354518890381,-0.09276759624481201,-0.07188265096812074,-0.014462172985076904,-0.2646630108356476,-0.06997947466044252,-0.03319889307022095,-0.13123074173927307,-0.09033349227576082,-0.021950066089630127,-0.08455061912536621,-0.08547651093869035,-0.01119917631149292,-0.10024532675743103,-0.07884321432976549
0.0,0.0,0.0,-0.09898728132247925,0.015932738780975342,-0.0575511636187116,-0.1929427981376648,0.0036224722862243652,-0.09990743119016088,-0.20663881301879883,-0.02912813425064087,-0.13448857832446492,-0.15200352668762207,-0.047649919986724854,-0.15839637387290395,-0.19560393691062927,-0.24004802107810974,-0.06483583468690313,-0.21915215253829956,-0.11411511898040771,-0.10395141262307561,-0.1935943067073822,-0.054990410804748535,-0.12136718202128804,-0.17286935448646545,-0.0693671703338623,-0.1338273989011327,-0.13773852586746216,-0.2794404625892639,-0.059833499972967275,-0.1556333601474762,-0.11560922861099243,-0.0910097988297025,-0.12522661685943604,-0.06530112028121948,-0.09215221870437063,-0.10556954145431519,-0.08559167385101318,-0.09383760709062017,-0.07841360569000244,-0.28473418951034546,-0.06156719792380727,-0.09734755754470825,-0.11341345310211182,-0.09212909210219777,-0.06982982158660889,-0.06859630346298218,-0.08115277010693944,-0.05123227834701538,-0.09225738048553467,-0.07317512053742803,-0.019987881183624268,-0.2687649428844452,-0.07075136471286214,-0.04179590940475464,-0.128820538520813,-0.09152235407128728,-0.026264309883117676,-0.08795112371444702,-0.08786618280902303,-0.012574613094329834,-0.1063423752784729,-0.08208944964900411
0.0,0.0,0.0,-0.08969545364379883,0.021184802055358887,-0.05632677500926775,-0.1843155026435852,0.009387373924255371,-0.09701616516196054,-0.20013144612312317,-0.022283554077148438,-0.130494328344696,-0.14582020044326782,-0.04010510444641113,-0.15397159954392237,-0.18570974469184875,-0.22392839193344116,-0.06295048644625467,-0.20587825775146484,-0.12392565608024597,-0.10000192573153299,-0.181926429271698,-0.059643447399139404,-0.11764788081728739,-0.1624273657798767,-0.05794239044189453,-0.13060417970501703,-0.1292496919631958,-0.26818370819091797,-0.05703608518325609,-0.14708846807479858,-0.11826896667480469,-0.08374320914828104,-0.11868917942047119,-0.06272614002227783,-0.08460562130295557,-0.0986141562461853,-0.0736156702041626,-0.08695198794686121,-0.0708121657371521,-0.27472615242004395,-0.05764684280239862,-0.08911687135696411,-0.11208868026733398,-0.08405328741156382,-0.06582927703857422,-0.06586241722106934,-0.0741702412613563,-0.04808199405670166,-0.08476471900939941,-0.06807831128918451,-0.01210111379623413,-0.2600778341293335,-0.06553086837612909,-0.033855557441711426,-0.1270146667957306,-0.08487689694248957,-0.02162569761276245,-0.0847092866897583,-0.0818059389837913,-0.009029209613800049,-0.09996691346168518,-0.0770020579346351
0.0,0.0,0.0,-0.10861700773239136,0.014304816722869873,-0.05250541070063264,-0.20751693844795227,-0.004721999168395996,-0.0896434443588987,-0.21760964393615723,-0.04760211706161499,-0.121850389480187,-0.1589510440826416,-0.07036030292510986,-0.14392493987043053,-0.21079763770103455,-0.2489607334136963,-0.045549611985279626,-0.23263198137283325,-0.15943676233291626,-0.09070862406451852,-0.2079395055770874,-0.08739018440246582,-0.11595917069871575,-0.18925392627716064,-0.08928805589675903,-0.13254331374128014,-0.15362566709518433,-0.28908100724220276,-0.044538199394537514,-0.1654043197631836,-0.14932140707969666,-0.08066650056798608,-0.13869309425354004,-0.09003716707229614,-0.08668268048722894,-0.12156140804290771,-0.10806095600128174,-0.08937839740474374,-0.0923507809638977,-0.2934475541114807,-0.051913156598402566,-0.10278278589248657,-0.1361512541770935,-0.08455554717738778,-0.07875412702560425,-0.08277422189712524,-0.07455282235105187,-0.0615612268447876,-0.1085379421710968,-0.06581561589200646,-0.030340731143951416,-0.2768254578113556,-0.06695106202323586,-0.05123424530029297,-0.14964339137077332,-0.08547251993377358,-0.03669387102127075,-0.10491201281547546,-0.0796697693463102,-0.02223825454711914,-0.12557333707809448,-0.07239282453019769
0.0,0.0,0.0,-0.10688996315002441,0.015287399291992188,-0.0512785266391802,-0.20523357391357422,-0.006502866744995117,-0.08723100156112196,-0.21133753657341003,-0.04861944913864136,-0.11898632228894712,-0.14964944124221802,-0.07498478889465332,-0.14092152447028639,-0.20651501417160034,-0.24552559852600098,-0.0462334442190695,-0.2269892692565918,-0.16124692559242249,-0.09283924729152204,-0.19946709275245667,-0.08300983905792236,-0.11768413961453916,-0.18036198616027832,-0.08255821466445923,-0.1334502312593031,-0.14832353591918945,-0.2872941792011261,-0.0459573294274378,-0.15979540348052979,-0.15009677410125732,-0.08456370860858442,-0.1335991621017456,-0.08666884899139404,-0.09057580560966016,-0.12001997232437134,-0.106181800365448,-0.0922842311911154,-0.08576685190200806,-0.2922263741493225,-0.05403322980328085,-0.09756821393966675,-0.13509434461593628,-0.08864477903171064,-0.072182297706604,-0.07793891429901123,-0.0783575463347006,-0.056620776653289795,-0.10337263345718384,-0.06855258226914884,-0.02311992645263672,-0.27554118633270264,-0.0695769476942587,-0.04337197542190552,-0.14625495672225952,-0.08892160535378935,-0.027910590171813965,-0.10207879543304443,-0.08288791657014372,-0.014444828033447266,-0.12396711111068726,-0.07508557916207792
0.0,0.0,0.0,-0.10669976472854614,0.01547706127166748,-0.05385271769426936,-0.20681968331336975,-0.0022917985916137695,-0.09124425363205546,-0.21778303384780884,-0.04467201232910156,-0.12292437564991587,-0.1562117338180542,-0.0735616683959961,-0.14347435098551387,-0.2141578197479248,-0.24999326467514038,-0.051268517341839015,-0.23553159832954407,-0.15467670559883118,-0.09352097969912165,-0.2063848376274109,-0.07784241437911987,-0.11305784743689173,-0.18699169158935547,-0.08757203817367554,-0.1267564551200735,-0.15494853258132935,-0.2909523844718933,-0.05021661084555262,-0.1674782633781433,-0.14319896697998047,-0.0880184949602949,-0.13966739177703857,-0.08137750625610352,-0.09254870873354548,-0.1257830262184143,-0.1071048378944397,-0.09360774916075343,-0.09127908945083618,-0.295061320066452,-0.05692101952098483,-0.1033552885055542,-0.12962353229522705,-0.09015693825148219,-0.07774096727371216,-0.07679349184036255,-0.07917636942528361,-0.0629681944847107,-0.10874027013778687,-0.06987877499722117,-0.028103530406951904,-0.2769683003425598,-0.0712997199263441,-0.04830724000930786,-0.14088568091392517,-0.09170607787035578,-0.03289705514907837,-0.0991773009300232,-0.08707792621515864,-0.020531177520751953,-0.12495243549346924,-0.0803983018960821
0.0,0.0,0.0,-0.10215753316879272,0.022711217403411865,-0.0599448769760329,-0.19200772047042847,0.01618635654449463,-0.1035656347346503,-0.19641301035881042,-0.003751397132873535,-0.1390442713570792,-0.13620805740356445,-0.022236227989196777,-0.1637249603343207,-0.21105360984802246,-0.2432459592819214,-0.06690177465202396,-0.23083192110061646,-0.11180335283279419,-0.10879325265409534,-0.20372650027275085,-0.05313825607299805,-0.12902219737293308,-0.18668225407600403,-0.07758128643035889,-0.1435450925898749,-0.1504915952682495,-0.27740129828453064,-0.0614380590093333,-0.1654307246208191,-0.10231101512908936,-0.09809056068183963,-0.14114391803741455,-0.058923542499542236,-0.10302995289089267,-0.12885737419128418,-0.0930027961730957,-0.10591723168613498,-0.08576881885528564,-0.28057509660720825,-0.0626701428961951,-0.10036695003509521,-0.10424548387527466,-0.09354704017164295,-0.07723098993301392,-0.0650864839553833,-0.08142181629659717,-0.06595224142074585,-0.1019623875617981,-0.07233511055233066,-0.0227433443069458,-0.26308536529541016,-0.0720417141390044,-0.04040795564651489,-0.12109178304672241,-0.09193172449590747,-0.025636732578277588,-0.09048032760620117,-0.08709591025831287,-0.016118884086608887,-0.12453925609588623,-0.08007600302221363
0.0,0.0,0.0,-0.09818065166473389,0.029031813144683838,-0.06344369799921878,-0.19195899367332458,0.029544055461883545,-0.10872048885653385,-0.20387396216392517,0.009804487228393555,-0.14533653111288913,-0.14233547449111938,-0.011850476264953613,-0.17084557564089664,-0.2093016803264618,-0.2285526692867279,-0.06965022535155185,-0.23313188552856445,-0.10333633422851562,-0.1139575168592728,-0.20510727167129517,-0.0444568395614624,-0.1357470676405228,-0.1864120364189148,-0.06675893068313599,-0.15064636618922123,-0.14824146032333374,-0.2648797929286957,-0.06235435233543285,-0.16750800609588623,-0.09263718128204346,-0.09926643223593601,-0.14109694957733154,-0.050221383571624756,-0.10348164291212925,-0.12553369998931885,-0.08476060628890991,-0.10556960851977237,-0.08366721868515015,-0.2664825916290283,-0.06240428612659343,-0.10198944807052612,-0.08969235420227051,-0.09373806418011554,-0.08048391342163086,-0.05223512649536133,-0.0807529538972176,-0.06905972957611084,-0.08953636884689331,-0.07059321553538211,-0.022320032119750977,-0.2470291554927826,-0.07082509250471958,-0.044542908668518066,-0.10517984628677368,-0.09154482186863788,-0.029845118522644043,-0.0786672830581665,-0.08695143462250599,-0.018764376640319824,-0.11566615104675293,-0.07976315916607746
0.0,0.0,0.0,-0.07058435678482056,0.04310506582260132,-0.07007383304764403,-0.12429636716842651,0.0812113881111145,-0.12090216326643599,-0.10402685403823853,0.12449198961257935,-0.15791032957960738,-0.06001526117324829,0.13838177919387817,-0.18771783757139815,-0.13522809743881226,-0.11900702118873596,-0.12300900119473113,-0.10941004753112793,0.05902606248855591,-0.1719040547602333,-0.11367034912109375,0.06575942039489746,-0.19935141253401412,-0.11809080839157104,0.024289429187774658,-0.22139173495699538,-0.06069350242614746,-0.14289039373397827,-0.11105797934462203,-0.03568452596664429,0.0726848840713501,-0.15178489434649123,-0.05052828788757324,0.0579800009727478,-0.15447379398275984,-0.06313228607177734,-0.0025869011878967285,-0.15882113325525893,0.011732637882232666,-0.13379812240600586,-0.10269439715077056,0.03288966417312622,0.06209689378738403,-0.13992801058222426,0.015022635459899902,0.040122807025909424,-0.11803550022770537,0.0031648874282836914,-0.026259273290634155,-0.10156913596321715,0.0727396011352539,-0.10394555330276489,-0.10253677266766204,0.08345425128936768,0.043127477169036865,-0.1443345819704689,0.07091069221496582,0.0303725004196167,-0.14413560676504744,0.06753462553024292,-0.029992789030075073,-0.13673171150614394
0.0,0.0,0.0,-0.07800745964050293,-0.014704585075378418,-0.06431986128581002,-0.1554344892501831,-0.04606121778488159,-0.11020833735955193,-0.21083319187164307,-0.07715672254562378,-0.15251542364848092,-0.21585935354232788,-0.12650364637374878,-0.18706613516104653,-0.16533112525939941,-0.27582165598869324,-0.05016426106584504,-0.18180829286575317,-0.29075077176094055,-0.12378297483218148,-0.15918469429016113,-0.19378376007080078,-0.1738310131956382,-0.14353936910629272,-0.1278974413871765,-0.19914813076746896,-0.09542536735534668,-0.30223995447158813,-0.047126510344867256,-0.1070597767829895,-0.3125307559967041,-0.12464826291096642,-0.09555792808532715,-0.1820848286151886,-0.1536169770885749,-0.09362578392028809,-0.10705280303955078,-0.1574581388164802,-0.026039063930511475,-0.2960158586502075,-0.055124246679667976,-0.029434144496917725,-0.29750514030456543,-0.12990709876311257,-0.032263219356536865,-0.17527836561203003,-0.13002095853579476,-0.04068624973297119,-0.09717336297035217,-0.11078650986445382,0.037050724029541016,-0.2659572660923004,-0.0681350800920768,0.04107111692428589,-0.27710628509521484,-0.1181945774484916,0.02637547254562378,-0.19288834929466248,-0.11469824349177316,0.0061563849449157715,-0.13166725635528564,-0.09849177037966683
0.0,0.0,0.0,-0.10037916898727417,0.027968227863311768,-0.07420767002514594,-0.19586053490638733,0.039019882678985596,-0.1298565482418894,-0.200016051530838,0.033922553062438965,-0.17429167681149238,-0.1367930769920349,0.025190770626068115,-0.2077033137600779,-0.1836252510547638,-0.2380533218383789,-0.0967631851952433,-0.2067941129207611,-0.10118973255157471,-0.14153735988548988,-0.18935251235961914,-0.03516048192977905,-0.16373845093659156,-0.17205050587654114,-0.05095672607421875,-0.1813699816983103,-0.10861575603485107,-0.26470181345939636,-0.08731735401562446,-0.13706833124160767,-0.07768744230270386,-0.12185025118998283,-0.12142419815063477,-0.02712172269821167,-0.1260063117068171,-0.10527688264846802,-0.05761805176734924,-0.13236576967648261,-0.03603684902191162,-0.2509671747684479,-0.08419213347843879,-0.06936198472976685,-0.05751127004623413,-0.11450102084091895,-0.061331868171691895,-0.016059815883636475,-0.10091677956989997,-0.05035656690597534,-0.05304369330406189,-0.09385002308300727,0.032338738441467285,-0.2159857153892517,-0.09019476079157585,-0.003825962543487549,-0.060221731662750244,-0.11370563410929435,-0.002213120460510254,-0.028134047985076904,-0.11009070926121467,0.0052337646484375,-0.06481757760047913,-0.10528450363091224
0.0,0.0,0.0,-0.08550411462783813,0.026827216148376465,-0.06183978315056038,-0.17287981510162354,0.04209780693054199,-0.11121680732429695,-0.18557852506637573,0.0469323992729187,-0.15175531949461174,-0.13447189331054688,0.045629143714904785,-0.1820637598222561,-0.183205246925354,-0.20107677578926086,-0.08517248328388405,-0.21249863505363464,-0.06237038969993591,-0.12995654489458275,-0.1911410093307495,-0.0319751501083374,-0.1552252187913723,-0.17108768224716187,-0.06592118740081787,-0.17391775693357658,-0.11495494842529297,-0.22704201936721802,-0.07955192919433784,-0.14730972051620483,-0.03262126445770264,-0.11446479852855873,-0.12224018573760986,-0.012925863265991211,-0.1185811101979084,-0.09964603185653687,-0.05264374613761902,-0.1225241735166378,-0.046721577644348145,-0.21605095267295837,-0.07941296096504402,-0.07855069637298584,-0.022374212741851807,-0.10993412281931114,-0.05924105644226074,-0.00989946722984314,-0.09474072005212975,-0.04209029674530029,-0.05842709541320801,-0.08317341055334282,0.018426477909088135,-0.18302509188652039,-0.08739157911003304,-0.015954017639160156,-0.029314637184143066,-0.11150931711853218,-0.004067659378051758,-0.02277541160583496,-0.10690149809778404,0.011774837970733643,-0.0731891393661499,-0.09871518011749458
0.0,0.0,0.0,-0.08684855699539185,0.022198796272277832,-0.05878010631391817,-0.171444833278656,0.03299510478973389,-0.1058078692931872,-0.18154096603393555,0.03516191244125366,-0.14496973023602777,-0.13320231437683105,0.030723869800567627,-0.17431686685273462,-0.18524706363677979,-0.21378222107887268,-0.07545100019166284,-0.20948296785354614,-0.07963719964027405,-0.12015121296832376,-0.1885879635810852,-0.0436168909072876,-0.14732576773354822,-0.1705748438835144,-0.0767480731010437,-0.1674018041867953,-0.11823976039886475,-0.23908373713493347,-0.0714487047571879,-0.1474737524986267,-0.050001680850982666,-0.106354749359582,-0.12276023626327515,-0.024388372898101807,-0.11266506329963022,-0.10178524255752563,-0.06411623954772949,-0.11782047764251047,-0.05066007375717163,-0.22792258858680725,-0.07338436559626871,-0.0799112319946289,-0.04037964344024658,-0.10334361211249643,-0.059277355670928955,-0.020382046699523926,-0.09016422794053369,-0.042420923709869385,-0.06700697541236877,-0.08013015107104593,0.01381605863571167,-0.19577264785766602,-0.08318894968221002,-0.018040180206298828,-0.044384896755218506,-0.10624511406609827,-0.004444539546966553,-0.03042668104171753,-0.10212283448169046,0.011887550354003906,-0.07668676972389221,-0.0944909067530375
